payload_id,site,endpoint,side,best_fit_version,valid,n_issues,n_errors,n_warnings
p000001,weather.com,a.bids.ws,request,2.6-202606,True,0,0,0
p000002,weather.com,a.bids.ws,request,2.6-202606,True,0,0,0
p000003,wunderground.com,a.bids.ws,request,2.6-202606,True,0,0,0
p000004,weather.com,a.bids.ws,request,2.6-202606,True,0,0,0
p000005,weather.com,a.bids.ws,request,2.6-202606,True,0,0,0
p000006,wunderground.com,a.bids.ws,request,2.6-202606,True,0,0,0
p000007,healthline.com,a.bids.ws,request,2.6-202606,False,2,2,0
p000008,ladbible.com,a.bids.ws,request,2.6-202606,False,1,1,0
p000009,unilad.com,a.bids.ws,request,2.6-202606,False,1,1,0
p000010,unilad.com,a.bids.ws,request,2.6-202606,False,1,1,0
p000011,weather.com,a.bids.ws,response,2.6-202606,True,1,0,1
p000012,weather.com,a.bids.ws,response,2.6-202606,True,1,0,1
p000013,wunderground.com,a.bids.ws,response,2.6-202606,True,1,0,1
p000014,weather.com,a.bids.ws,response,2.6-202606,True,2,0,2
p000015,weather.com,a.bids.ws,response,2.6-202606,True,1,0,1
p000016,wunderground.com,a.bids.ws,response,2.6-202606,True,2,0,2
p000017,healthline.com,a.bids.ws,response,2.6-202606,True,0,0,0
p000018,ladbible.com,a.bids.ws,response,2.6-202606,True,0,0,0
p000019,unilad.com,a.bids.ws,response,2.6-202606,True,0,0,0
p000020,unilad.com,a.bids.ws,response,2.6-202606,True,0,0,0
p000021,huffpost.com,ads.trustx.org,request,2.6-202606,True,1,0,1
p000022,huffpost.com,ads.trustx.org,request,2.6-202606,True,1,0,1
p000023,huffpost.com,ads.trustx.org,request,2.6-202606,True,1,0,1
p000024,huffpost.com,ads.trustx.org,request,2.6-202606,True,1,0,1
p000025,huffpost.com,ads.trustx.org,request,2.6-202606,True,0,0,0
p000026,huffpost.com,ads.trustx.org,request,2.6-202606,True,1,0,1
p000027,huffpost.com,ads.trustx.org,request,2.6-202606,True,0,0,0
p000028,huffpost.com,ads.trustx.org,request,2.6-202606,True,1,0,1
p000029,huffpost.com,ads.trustx.org,request,2.6-202606,True,0,0,0
p000030,cbsnews.com,ads.trustx.org,request,2.6-202606,True,0,0,0
p000031,nbcnews.com,ads.trustx.org,request,2.6-202606,True,0,0,0
p000032,abcnews.go.com,ads.trustx.org,request,2.6-202606,True,0,0,0
p000033,nbcnews.com,ads.trustx.org,request,2.6-202606,True,0,0,0
p000034,cbsnews.com,ads.trustx.org,request,2.6-202606,True,0,0,0
p000035,nbcnews.com,ads.trustx.org,request,2.6-202606,True,0,0,0
p000036,vox.com,ads.trustx.org,request,2.6-202606,False,2,1,1
p000037,theverge.com,ads.trustx.org,request,2.6-202606,False,2,1,1
p000038,vox.com,ads.trustx.org,request,2.6-202606,False,2,1,1
p000039,cbssports.com,ads.trustx.org,request,2.6-202606,True,0,0,0
p000040,cbssports.com,ads.trustx.org,request,2.6-202606,True,0,0,0
p000041,eonline.com,ads.trustx.org,request,2.6-202606,True,0,0,0
p000042,eonline.com,ads.trustx.org,request,2.6-202606,True,0,0,0
p000043,eonline.com,ads.trustx.org,request,2.6-202606,True,0,0,0
p000044,eonline.com,ads.trustx.org,request,2.6-202606,True,0,0,0
p000045,eonline.com,ads.trustx.org,request,2.6-202606,True,0,0,0
p000046,eonline.com,ads.trustx.org,request,2.6-202606,True,0,0,0
p000047,eonline.com,ads.trustx.org,request,2.6-202606,True,0,0,0
p000048,eonline.com,ads.trustx.org,request,2.6-202606,True,0,0,0
p000049,boredpanda.com,ads.trustx.org,request,2.6-202606,True,1,0,1
p000050,boredpanda.com,ads.trustx.org,request,2.6-202606,True,1,0,1
p000051,boredpanda.com,ads.trustx.org,request,2.6-202606,True,1,0,1
p000052,buzzfeed.com,ads.trustx.org,request,2.6-202606,False,2,1,1
p000053,huffpost.com,ads.trustx.org,response,2.6-202606,False,2,2,0
p000054,vox.com,ads.yieldmo.com,request,2.6-202606,False,3,2,1
p000055,vox.com,ads.yieldmo.com,request,2.6-202606,False,3,2,1
p000056,goal.com,ads.yieldmo.com,request,2.6-202606,False,7,2,5
p000057,goal.com,ads.yieldmo.com,request,2.6-202606,False,7,2,5
p000058,goal.com,ads.yieldmo.com,request,2.6-202606,False,7,2,5
p000059,ladbible.com,adx.adform.net,request,2.6-202606,False,5,4,1
p000060,ladbible.com,adx.adform.net,request,2.6-202606,False,5,4,1
p000061,unilad.com,adx.adform.net,request,2.6-202606,False,5,4,1
p000062,unilad.com,adx.adform.net,request,2.6-202606,False,5,4,1
p000063,sportingnews.com,amspbs.com,request,2.6-202606,True,0,0,0
p000064,thehill.com,amspbs.com,request,2.6-202606,True,0,0,0
p000065,sportingnews.com,amspbs.com,response,2.6-202606,True,1,0,1
p000066,thehill.com,amspbs.com,response,2.6-202606,True,5,0,5
p000067,usatoday.com,ap.lijit.com,request,2.6-202606,False,3,2,1
p000068,thedailybeast.com,ap.lijit.com,request,2.6-202606,False,6,6,0
p000069,thedailybeast.com,ap.lijit.com,request,2.6-202606,False,3,3,0
p000070,sportingnews.com,ap.lijit.com,request,2.6-202606,False,1,1,0
p000071,ladbible.com,ap.lijit.com,request,2.6-202606,False,11,11,0
p000072,ladbible.com,ap.lijit.com,request,2.6-202606,False,11,11,0
p000073,ladbible.com,ap.lijit.com,request,2.6-202606,False,1,1,0
p000074,ladbible.com,ap.lijit.com,request,2.6-202606,False,1,1,0
p000075,ladbible.com,ap.lijit.com,request,2.6-202606,False,1,1,0
p000076,ladbible.com,ap.lijit.com,request,2.6-202606,False,1,1,0
p000077,ladbible.com,ap.lijit.com,request,2.6-202606,False,1,1,0
p000078,ladbible.com,ap.lijit.com,request,2.6-202606,False,1,1,0
p000079,ladbible.com,ap.lijit.com,request,2.6-202606,False,1,1,0
p000080,ladbible.com,ap.lijit.com,request,2.6-202606,False,1,1,0
p000081,ladbible.com,ap.lijit.com,request,2.6-202606,False,1,1,0
p000082,ladbible.com,ap.lijit.com,request,2.6-202606,False,1,1,0
p000083,unilad.com,ap.lijit.com,request,2.6-202606,False,2,1,1
p000084,unilad.com,ap.lijit.com,request,2.6-202606,False,2,1,1
p000085,thedailybeast.com,ap.lijit.com,response,2.6-202606,True,0,0,0
p000086,sportingnews.com,ap.lijit.com,response,2.6-202606,True,0,0,0
p000087,ladbible.com,ap.lijit.com,response,2.6-202606,True,0,0,0
p000088,unilad.com,ap.lijit.com,response,2.6-202606,True,0,0,0
p000089,thedailybeast.com,api.w.inmobi.com,request,2.6-202606,True,0,0,0
p000090,thedailybeast.com,api.w.inmobi.com,request,2.6-202606,True,0,0,0
p000091,thedailybeast.com,api.w.inmobi.com,request,2.6-202606,True,0,0,0
p000092,techcrunch.com,api.w.inmobi.com,request,2.6-202606,True,0,0,0
p000093,techcrunch.com,api.w.inmobi.com,request,2.6-202606,True,0,0,0
p000094,techcrunch.com,api.w.inmobi.com,request,2.6-202606,True,0,0,0
p000095,techcrunch.com,api.w.inmobi.com,request,2.6-202606,True,0,0,0
p000096,techcrunch.com,api.w.inmobi.com,request,2.6-202606,True,0,0,0
p000097,techcrunch.com,api.w.inmobi.com,request,2.6-202606,True,0,0,0
p000098,techcrunch.com,api.w.inmobi.com,request,2.6-202606,True,0,0,0
p000099,techcrunch.com,api.w.inmobi.com,request,2.6-202606,True,0,0,0
p000100,ladbible.com,api.w.inmobi.com,request,2.6-202606,True,0,0,0
p000101,ladbible.com,api.w.inmobi.com,request,2.6-202606,True,0,0,0
p000102,ladbible.com,api.w.inmobi.com,request,2.6-202606,True,0,0,0
p000103,ladbible.com,api.w.inmobi.com,request,2.6-202606,True,0,0,0
p000104,ladbible.com,api.w.inmobi.com,request,2.6-202606,True,0,0,0
p000105,ladbible.com,api.w.inmobi.com,request,2.6-202606,True,0,0,0
p000106,ladbible.com,api.w.inmobi.com,request,2.6-202606,True,0,0,0
p000107,ladbible.com,api.w.inmobi.com,request,2.6-202606,True,0,0,0
p000108,ladbible.com,api.w.inmobi.com,request,2.6-202606,True,0,0,0
p000109,ladbible.com,api.w.inmobi.com,request,2.6-202606,True,0,0,0
p000110,ladbible.com,api.w.inmobi.com,response,2.6-202606,True,0,0,0
p000111,ladbible.com,api.w.inmobi.com,response,2.6-202606,True,0,0,0
p000112,ladbible.com,api.w.inmobi.com,response,2.6-202606,True,0,0,0
p000113,ladbible.com,api.w.inmobi.com,response,2.6-202606,True,0,0,0
p000114,ladbible.com,api.w.inmobi.com,response,2.6-202606,True,0,0,0
p000115,ladbible.com,api.w.inmobi.com,response,2.6-202606,True,0,0,0
p000116,ladbible.com,api.w.inmobi.com,response,2.6-202606,True,0,0,0
p000117,ladbible.com,api.w.inmobi.com,response,2.6-202606,True,0,0,0
p000118,ladbible.com,api.w.inmobi.com,response,2.6-202606,True,0,0,0
p000119,thesun.co.uk,b1h.outbrain.com,request,2.6-202606,True,0,0,0
p000120,thesun.co.uk,b1h.outbrain.com,request,2.6-202606,True,0,0,0
p000121,thesun.co.uk,b1h.outbrain.com,request,2.6-202606,True,0,0,0
p000122,thesun.co.uk,b1h.outbrain.com,request,2.6-202606,True,0,0,0
p000123,thesun.co.uk,b1h.outbrain.com,request,2.6-202606,True,0,0,0
p000124,thesun.co.uk,b1h.outbrain.com,request,2.6-202606,True,0,0,0
p000125,thesun.co.uk,b1h.outbrain.com,request,2.6-202606,True,0,0,0
p000126,thesun.co.uk,b1h.outbrain.com,request,2.6-202606,True,0,0,0
p000127,usatoday.com,bid.contextweb.com,request,2.6-202606,False,2,1,1
p000128,usatoday.com,bid.contextweb.com,request,2.6-202606,False,2,1,1
p000129,nbcnews.com,bid.contextweb.com,request,2.6-202606,False,2,1,1
p000130,nbcnews.com,bid.contextweb.com,request,2.6-202606,False,2,1,1
p000131,nbcnews.com,bid.contextweb.com,request,2.6-202606,False,2,1,1
p000132,nbcnews.com,bid.contextweb.com,request,2.6-202606,False,2,1,1
p000133,slate.com,bid.contextweb.com,request,2.6-202606,False,2,1,1
p000134,slate.com,bid.contextweb.com,request,2.6-202606,False,2,1,1
p000135,slate.com,bid.contextweb.com,request,2.6-202606,False,2,1,1
p000136,slate.com,bid.contextweb.com,request,2.6-202606,False,2,1,1
p000137,cbssports.com,bid.contextweb.com,request,2.6-202606,False,2,1,1
p000138,cbssports.com,bid.contextweb.com,request,2.6-202606,False,2,1,1
p000139,wunderground.com,bid.contextweb.com,request,2.6-202606,False,2,1,1
p000140,wunderground.com,bid.contextweb.com,request,2.6-202606,False,2,1,1
p000141,wunderground.com,bid.contextweb.com,request,2.6-202606,False,2,1,1
p000142,weather.com,bid.contextweb.com,request,2.6-202606,False,2,1,1
p000143,weather.com,bid.contextweb.com,request,2.6-202606,False,2,1,1
p000144,weather.com,bid.contextweb.com,request,2.6-202606,False,2,1,1
p000145,wunderground.com,bid.contextweb.com,request,2.6-202606,False,2,1,1
p000146,wunderground.com,bid.contextweb.com,request,2.6-202606,False,2,1,1
p000147,wunderground.com,bid.contextweb.com,request,2.6-202606,False,2,1,1
p000148,ladbible.com,bid.sparteo.com,request,2.6-202606,True,0,0,0
p000149,ladbible.com,bid.sparteo.com,request,2.6-202606,True,0,0,0
p000150,ladbible.com,bid.sparteo.com,request,2.6-202606,True,0,0,0
p000151,ladbible.com,bid.sparteo.com,request,2.6-202606,True,0,0,0
p000152,ladbible.com,bid.sparteo.com,request,2.6-202606,True,0,0,0
p000153,ladbible.com,bid.sparteo.com,request,2.6-202606,True,0,0,0
p000154,ladbible.com,bid.sparteo.com,request,2.6-202606,True,0,0,0
p000155,ladbible.com,bid.sparteo.com,request,2.6-202606,True,0,0,0
p000156,ladbible.com,bid.sparteo.com,request,2.6-202606,True,0,0,0
p000157,ladbible.com,bid.sparteo.com,request,2.6-202606,True,0,0,0
p000158,ladbible.com,bid.sparteo.com,response,2.6-202606,False,1,1,0
p000159,ladbible.com,bid.sparteo.com,response,2.6-202606,True,1,0,1
p000160,ladbible.com,bid.sparteo.com,response,2.6-202606,True,1,0,1
p000161,ladbible.com,bid.sparteo.com,response,2.6-202606,False,1,1,0
p000162,ladbible.com,bid.sparteo.com,response,2.6-202606,False,1,1,0
p000163,ladbible.com,bid.sparteo.com,response,2.6-202606,False,1,1,0
p000164,ladbible.com,bid.sparteo.com,response,2.6-202606,False,1,1,0
p000165,ladbible.com,bid.sparteo.com,response,2.6-202606,False,1,1,0
p000166,ladbible.com,bid.sparteo.com,response,2.6-202606,False,1,1,0
p000167,ladbible.com,bid.sparteo.com,response,2.6-202606,False,1,1,0
p000168,salon.com,btlr.sharethrough.com,request,2.6-202606,False,1,1,0
p000169,salon.com,btlr.sharethrough.com,request,2.6-202606,False,1,1,0
p000170,vox.com,btlr.sharethrough.com,request,2.6-202606,False,1,1,0
p000171,vox.com,btlr.sharethrough.com,request,2.6-202606,False,1,1,0
p000172,vox.com,btlr.sharethrough.com,request,2.6-202606,False,1,1,0
p000173,salon.com,btlr.sharethrough.com,request,2.6-202606,False,1,1,0
p000174,salon.com,btlr.sharethrough.com,request,2.6-202606,False,1,1,0
p000175,salon.com,btlr.sharethrough.com,request,2.6-202606,False,1,1,0
p000176,salon.com,btlr.sharethrough.com,request,2.6-202606,False,3,2,1
p000177,salon.com,btlr.sharethrough.com,request,2.6-202606,False,1,1,0
p000178,salon.com,btlr.sharethrough.com,request,2.6-202606,False,1,1,0
p000179,salon.com,btlr.sharethrough.com,request,2.6-202606,False,3,2,1
p000180,salon.com,btlr.sharethrough.com,request,2.6-202606,False,1,1,0
p000181,salon.com,btlr.sharethrough.com,request,2.6-202606,False,1,1,0
p000182,theverge.com,btlr.sharethrough.com,request,2.6-202606,False,1,1,0
p000183,theverge.com,btlr.sharethrough.com,request,2.6-202606,False,1,1,0
p000184,theverge.com,btlr.sharethrough.com,request,2.6-202606,False,1,1,0
p000185,theverge.com,btlr.sharethrough.com,request,2.6-202606,False,1,1,0
p000186,salon.com,btlr.sharethrough.com,request,2.6-202606,False,1,1,0
p000187,salon.com,btlr.sharethrough.com,request,2.6-202606,False,1,1,0
p000188,salon.com,btlr.sharethrough.com,request,2.6-202606,False,1,1,0
p000189,vox.com,btlr.sharethrough.com,request,2.6-202606,False,1,1,0
p000190,salon.com,btlr.sharethrough.com,request,2.6-202606,False,3,2,1
p000191,salon.com,btlr.sharethrough.com,request,2.6-202606,False,3,2,1
p000192,salon.com,btlr.sharethrough.com,request,2.6-202606,False,1,1,0
p000193,salon.com,btlr.sharethrough.com,request,2.6-202606,False,3,2,1
p000194,salon.com,btlr.sharethrough.com,request,2.6-202606,False,3,2,1
p000195,theverge.com,btlr.sharethrough.com,request,2.6-202606,False,1,1,0
p000196,theverge.com,btlr.sharethrough.com,request,2.6-202606,False,1,1,0
p000197,vox.com,btlr.sharethrough.com,request,2.6-202606,False,1,1,0
p000198,vox.com,btlr.sharethrough.com,request,2.6-202606,False,1,1,0
p000199,vox.com,btlr.sharethrough.com,request,2.6-202606,False,1,1,0
p000200,vox.com,btlr.sharethrough.com,request,2.6-202606,False,1,1,0
p000201,vox.com,btlr.sharethrough.com,request,2.6-202606,False,3,2,1
p000202,engadget.com,btlr.sharethrough.com,request,2.6-202606,False,1,1,0
p000203,engadget.com,btlr.sharethrough.com,request,2.6-202606,False,3,2,1
p000204,vox.com,btlr.sharethrough.com,request,2.6-202606,False,1,1,0
p000205,engadget.com,btlr.sharethrough.com,request,2.6-202606,False,3,2,1
p000206,theverge.com,btlr.sharethrough.com,request,2.6-202606,False,1,1,0
p000207,theverge.com,btlr.sharethrough.com,request,2.6-202606,False,1,1,0
p000208,theverge.com,btlr.sharethrough.com,request,2.6-202606,False,1,1,0
p000209,theverge.com,btlr.sharethrough.com,request,2.6-202606,False,1,1,0
p000210,theverge.com,btlr.sharethrough.com,request,2.6-202606,False,3,2,1
p000211,theverge.com,btlr.sharethrough.com,request,2.6-202606,False,1,1,0
p000212,vox.com,btlr.sharethrough.com,request,2.6-202606,False,3,2,1
p000213,engadget.com,btlr.sharethrough.com,request,2.6-202606,False,1,1,0
p000214,engadget.com,btlr.sharethrough.com,request,2.6-202606,False,3,2,1
p000215,cnet.com,btlr.sharethrough.com,request,2.6-202606,True,0,0,0
p000216,cnet.com,btlr.sharethrough.com,request,2.6-202606,True,0,0,0
p000217,cnet.com,btlr.sharethrough.com,request,2.6-202606,True,0,0,0
p000218,cnet.com,btlr.sharethrough.com,request,2.6-202606,True,0,0,0
p000219,cnet.com,btlr.sharethrough.com,request,2.6-202606,True,0,0,0
p000220,cnet.com,btlr.sharethrough.com,request,2.6-202606,True,0,0,0
p000221,zdnet.com,btlr.sharethrough.com,request,2.6-202606,True,0,0,0
p000222,zdnet.com,btlr.sharethrough.com,request,2.6-202606,True,0,0,0
p000223,zdnet.com,btlr.sharethrough.com,request,2.6-202606,True,0,0,0
p000224,zdnet.com,btlr.sharethrough.com,request,2.6-202606,True,0,0,0
p000225,cnet.com,btlr.sharethrough.com,request,2.6-202606,True,0,0,0
p000226,cnet.com,btlr.sharethrough.com,request,2.6-202606,True,0,0,0
p000227,cnet.com,btlr.sharethrough.com,request,2.6-202606,True,0,0,0
p000228,cnet.com,btlr.sharethrough.com,request,2.6-202606,True,0,0,0
p000229,cnet.com,btlr.sharethrough.com,request,2.6-202606,True,0,0,0
p000230,cnet.com,btlr.sharethrough.com,request,2.6-202606,True,0,0,0
p000231,cnet.com,btlr.sharethrough.com,request,2.6-202606,True,0,0,0
p000232,cnet.com,btlr.sharethrough.com,request,2.6-202606,True,0,0,0
p000233,cnet.com,btlr.sharethrough.com,request,2.6-202606,True,0,0,0
p000234,cnet.com,btlr.sharethrough.com,request,2.6-202606,True,0,0,0
p000235,cnet.com,btlr.sharethrough.com,request,2.6-202606,True,0,0,0
p000236,cnet.com,btlr.sharethrough.com,request,2.6-202606,True,0,0,0
p000237,zdnet.com,btlr.sharethrough.com,request,2.6-202606,True,0,0,0
p000238,zdnet.com,btlr.sharethrough.com,request,2.6-202606,True,0,0,0
p000239,zdnet.com,btlr.sharethrough.com,request,2.6-202606,True,0,0,0
p000240,zdnet.com,btlr.sharethrough.com,request,2.6-202606,True,0,0,0
p000241,zdnet.com,btlr.sharethrough.com,request,2.6-202606,True,0,0,0
p000242,zdnet.com,btlr.sharethrough.com,request,2.6-202606,True,0,0,0
p000243,zdnet.com,btlr.sharethrough.com,request,2.6-202606,True,0,0,0
p000244,zdnet.com,btlr.sharethrough.com,request,2.6-202606,False,2,1,1
p000245,pcmag.com,btlr.sharethrough.com,request,2.6-202606,True,0,0,0
p000246,pcmag.com,btlr.sharethrough.com,request,2.6-202606,True,0,0,0
p000247,pcmag.com,btlr.sharethrough.com,request,2.6-202606,True,0,0,0
p000248,pcmag.com,btlr.sharethrough.com,request,2.6-202606,True,0,0,0
p000249,pcmag.com,btlr.sharethrough.com,request,2.6-202606,True,0,0,0
p000250,pcmag.com,btlr.sharethrough.com,request,2.6-202606,True,0,0,0
p000251,pcmag.com,btlr.sharethrough.com,request,2.6-202606,True,0,0,0
p000252,pcmag.com,btlr.sharethrough.com,request,2.6-202606,True,0,0,0
p000253,pcmag.com,btlr.sharethrough.com,request,2.6-202606,True,0,0,0
p000254,pcmag.com,btlr.sharethrough.com,request,2.6-202606,True,0,0,0
p000255,pcmag.com,btlr.sharethrough.com,request,2.6-202606,True,0,0,0
p000256,pcmag.com,btlr.sharethrough.com,request,2.6-202606,True,0,0,0
p000257,pcmag.com,btlr.sharethrough.com,request,2.6-202606,True,0,0,0
p000258,pcmag.com,btlr.sharethrough.com,request,2.6-202606,True,0,0,0
p000259,pcmag.com,btlr.sharethrough.com,request,2.6-202606,True,0,0,0
p000260,pcmag.com,btlr.sharethrough.com,request,2.6-202606,True,0,0,0
p000261,pcmag.com,btlr.sharethrough.com,request,2.6-202606,True,0,0,0
p000262,pcmag.com,btlr.sharethrough.com,request,2.6-202606,True,0,0,0
p000263,pcmag.com,btlr.sharethrough.com,request,2.6-202606,True,0,0,0
p000264,pcmag.com,btlr.sharethrough.com,request,2.6-202606,True,0,0,0
p000265,pcmag.com,btlr.sharethrough.com,request,2.6-202606,True,0,0,0
p000266,pcmag.com,btlr.sharethrough.com,request,2.6-202606,True,0,0,0
p000267,pcmag.com,btlr.sharethrough.com,request,2.6-202606,True,0,0,0
p000268,pcmag.com,btlr.sharethrough.com,request,2.6-202606,True,0,0,0
p000269,pcmag.com,btlr.sharethrough.com,request,2.6-202606,True,0,0,0
p000270,pcmag.com,btlr.sharethrough.com,request,2.6-202606,True,0,0,0
p000271,pcmag.com,btlr.sharethrough.com,request,2.6-202606,True,0,0,0
p000272,pcmag.com,btlr.sharethrough.com,request,2.6-202606,True,0,0,0
p000273,pcmag.com,btlr.sharethrough.com,request,2.6-202606,True,0,0,0
p000274,pcmag.com,btlr.sharethrough.com,request,2.6-202606,True,0,0,0
p000275,pcmag.com,btlr.sharethrough.com,request,2.6-202606,True,0,0,0
p000276,androidauthority.com,btlr.sharethrough.com,request,2.6-202606,False,1,1,0
p000277,androidauthority.com,btlr.sharethrough.com,request,2.6-202606,False,1,1,0
p000278,androidauthority.com,btlr.sharethrough.com,request,2.6-202606,False,1,1,0
p000279,androidauthority.com,btlr.sharethrough.com,request,2.6-202606,False,1,1,0
p000280,androidauthority.com,btlr.sharethrough.com,request,2.6-202606,False,1,1,0
p000281,androidauthority.com,btlr.sharethrough.com,request,2.6-202606,False,1,1,0
p000282,androidauthority.com,btlr.sharethrough.com,request,2.6-202606,False,1,1,0
p000283,androidauthority.com,btlr.sharethrough.com,request,2.6-202606,False,3,2,1
p000284,androidauthority.com,btlr.sharethrough.com,request,2.6-202606,False,1,1,0
p000285,androidauthority.com,btlr.sharethrough.com,request,2.6-202606,False,1,1,0
p000286,androidauthority.com,btlr.sharethrough.com,request,2.6-202606,False,1,1,0
p000287,androidauthority.com,btlr.sharethrough.com,request,2.6-202606,False,1,1,0
p000288,androidauthority.com,btlr.sharethrough.com,request,2.6-202606,False,1,1,0
p000289,androidauthority.com,btlr.sharethrough.com,request,2.6-202606,False,1,1,0
p000290,androidauthority.com,btlr.sharethrough.com,request,2.6-202606,False,1,1,0
p000291,androidauthority.com,btlr.sharethrough.com,request,2.6-202606,False,1,1,0
p000292,androidauthority.com,btlr.sharethrough.com,request,2.6-202606,False,1,1,0
p000293,androidauthority.com,btlr.sharethrough.com,request,2.6-202606,False,1,1,0
p000294,androidauthority.com,btlr.sharethrough.com,request,2.6-202606,False,1,1,0
p000295,androidauthority.com,btlr.sharethrough.com,request,2.6-202606,False,1,1,0
p000296,androidauthority.com,btlr.sharethrough.com,request,2.6-202606,False,3,2,1
p000297,androidauthority.com,btlr.sharethrough.com,request,2.6-202606,False,1,1,0
p000298,androidauthority.com,btlr.sharethrough.com,request,2.6-202606,False,1,1,0
p000299,androidauthority.com,btlr.sharethrough.com,request,2.6-202606,False,1,1,0
p000300,androidauthority.com,btlr.sharethrough.com,request,2.6-202606,False,1,1,0
p000301,androidauthority.com,btlr.sharethrough.com,request,2.6-202606,False,1,1,0
p000302,androidauthority.com,btlr.sharethrough.com,request,2.6-202606,False,1,1,0
p000303,androidauthority.com,btlr.sharethrough.com,request,2.6-202606,False,1,1,0
p000304,androidauthority.com,btlr.sharethrough.com,request,2.6-202606,False,1,1,0
p000305,androidauthority.com,btlr.sharethrough.com,request,2.6-202606,False,1,1,0
p000306,androidauthority.com,btlr.sharethrough.com,request,2.6-202606,False,3,2,1
p000307,androidauthority.com,btlr.sharethrough.com,request,2.6-202606,False,1,1,0
p000308,androidauthority.com,btlr.sharethrough.com,request,2.6-202606,False,1,1,0
p000309,macrumors.com,btlr.sharethrough.com,request,2.6-202606,False,1,1,0
p000310,macrumors.com,btlr.sharethrough.com,request,2.6-202606,False,1,1,0
p000311,macrumors.com,btlr.sharethrough.com,request,2.6-202606,False,1,1,0
p000312,macrumors.com,btlr.sharethrough.com,request,2.6-202606,False,3,2,1
p000313,macrumors.com,btlr.sharethrough.com,request,2.6-202606,False,1,1,0
p000314,macrumors.com,btlr.sharethrough.com,request,2.6-202606,False,1,1,0
p000315,macrumors.com,btlr.sharethrough.com,request,2.6-202606,False,1,1,0
p000316,macrumors.com,btlr.sharethrough.com,request,2.6-202606,False,1,1,0
p000317,macrumors.com,btlr.sharethrough.com,request,2.6-202606,False,1,1,0
p000318,macrumors.com,btlr.sharethrough.com,request,2.6-202606,False,1,1,0
p000319,macrumors.com,btlr.sharethrough.com,request,2.6-202606,False,1,1,0
p000320,macrumors.com,btlr.sharethrough.com,request,2.6-202606,False,1,1,0
p000321,macrumors.com,btlr.sharethrough.com,request,2.6-202606,False,1,1,0
p000322,macrumors.com,btlr.sharethrough.com,request,2.6-202606,False,1,1,0
p000323,macrumors.com,btlr.sharethrough.com,request,2.6-202606,False,1,1,0
p000324,macrumors.com,btlr.sharethrough.com,request,2.6-202606,False,1,1,0
p000325,macrumors.com,btlr.sharethrough.com,request,2.6-202606,False,3,2,1
p000326,macrumors.com,btlr.sharethrough.com,request,2.6-202606,False,1,1,0
p000327,macrumors.com,btlr.sharethrough.com,request,2.6-202606,False,1,1,0
p000328,macrumors.com,btlr.sharethrough.com,request,2.6-202606,False,1,1,0
p000329,macrumors.com,btlr.sharethrough.com,request,2.6-202606,False,1,1,0
p000330,macrumors.com,btlr.sharethrough.com,request,2.6-202606,False,1,1,0
p000331,macrumors.com,btlr.sharethrough.com,request,2.6-202606,False,1,1,0
p000332,macrumors.com,btlr.sharethrough.com,request,2.6-202606,False,1,1,0
p000333,macrumors.com,btlr.sharethrough.com,request,2.6-202606,False,1,1,0
p000334,rockpapershotgun.com,btlr.sharethrough.com,request,2.6-202606,False,2,1,1
p000335,dexerto.com,btlr.sharethrough.com,request,2.6-202606,False,1,1,0
p000336,dexerto.com,btlr.sharethrough.com,request,2.6-202606,False,1,1,0
p000337,dexerto.com,btlr.sharethrough.com,request,2.6-202606,False,1,1,0
p000338,dexerto.com,btlr.sharethrough.com,request,2.6-202606,False,1,1,0
p000339,dexerto.com,btlr.sharethrough.com,request,2.6-202606,False,1,1,0
p000340,dexerto.com,btlr.sharethrough.com,request,2.6-202606,False,1,1,0
p000341,sportingnews.com,btlr.sharethrough.com,request,2.6-202606,False,1,1,0
p000342,benzinga.com,btlr.sharethrough.com,request,2.6-202606,False,1,1,0
p000343,benzinga.com,btlr.sharethrough.com,request,2.6-202606,False,1,1,0
p000344,stereogum.com,btlr.sharethrough.com,request,2.6-202606,False,1,1,0
p000345,stereogum.com,btlr.sharethrough.com,request,2.6-202606,False,1,1,0
p000346,stereogum.com,btlr.sharethrough.com,request,2.6-202606,False,3,2,1
p000347,thrillist.com,btlr.sharethrough.com,request,2.6-202606,False,1,1,0
p000348,thrillist.com,btlr.sharethrough.com,request,2.6-202606,False,1,1,0
p000349,thrillist.com,btlr.sharethrough.com,request,2.6-202606,False,1,1,0
p000350,stereogum.com,btlr.sharethrough.com,request,2.6-202606,False,1,1,0
p000351,stereogum.com,btlr.sharethrough.com,request,2.6-202606,False,3,2,1
p000352,thrillist.com,btlr.sharethrough.com,request,2.6-202606,False,1,1,0
p000353,thrillist.com,btlr.sharethrough.com,request,2.6-202606,False,1,1,0
p000354,thrillist.com,btlr.sharethrough.com,request,2.6-202606,False,1,1,0
p000355,thrillist.com,btlr.sharethrough.com,request,2.6-202606,False,1,1,0
p000356,thrillist.com,btlr.sharethrough.com,request,2.6-202606,False,3,2,1
p000357,thrillist.com,btlr.sharethrough.com,request,2.6-202606,False,1,1,0
p000358,boredpanda.com,btlr.sharethrough.com,request,2.6-202606,False,1,1,0
p000359,boredpanda.com,btlr.sharethrough.com,request,2.6-202606,False,1,1,0
p000360,boredpanda.com,btlr.sharethrough.com,request,2.6-202606,False,1,1,0
p000361,boredpanda.com,btlr.sharethrough.com,request,2.6-202606,False,1,1,0
p000362,boredpanda.com,btlr.sharethrough.com,request,2.6-202606,False,1,1,0
p000363,boredpanda.com,btlr.sharethrough.com,request,2.6-202606,False,1,1,0
p000364,boredpanda.com,btlr.sharethrough.com,request,2.6-202606,False,1,1,0
p000365,distractify.com,btlr.sharethrough.com,request,2.6-202606,False,3,2,1
p000366,distractify.com,btlr.sharethrough.com,request,2.6-202606,False,1,1,0
p000367,distractify.com,btlr.sharethrough.com,request,2.6-202606,False,3,2,1
p000368,distractify.com,btlr.sharethrough.com,request,2.6-202606,False,1,1,0
p000369,distractify.com,btlr.sharethrough.com,request,2.6-202606,False,1,1,0
p000370,distractify.com,btlr.sharethrough.com,request,2.6-202606,False,3,2,1
p000371,ranker.com,btlr.sharethrough.com,request,2.6-202606,False,1,1,0
p000372,ranker.com,btlr.sharethrough.com,request,2.6-202606,False,1,1,0
p000373,ranker.com,btlr.sharethrough.com,request,2.6-202606,False,1,1,0
p000374,ranker.com,btlr.sharethrough.com,request,2.6-202606,False,1,1,0
p000375,ranker.com,btlr.sharethrough.com,request,2.6-202606,False,3,2,1
p000376,ranker.com,btlr.sharethrough.com,request,2.6-202606,False,1,1,0
p000377,ranker.com,btlr.sharethrough.com,request,2.6-202606,False,1,1,0
p000378,ranker.com,btlr.sharethrough.com,request,2.6-202606,False,3,2,1
p000379,ranker.com,btlr.sharethrough.com,request,2.6-202606,False,3,2,1
p000380,grunge.com,btlr.sharethrough.com,request,2.6-202606,False,1,1,0
p000381,grunge.com,btlr.sharethrough.com,request,2.6-202606,False,3,2,1
p000382,grunge.com,btlr.sharethrough.com,request,2.6-202606,False,1,1,0
p000383,grunge.com,btlr.sharethrough.com,request,2.6-202606,False,3,2,1
p000384,grunge.com,btlr.sharethrough.com,request,2.6-202606,False,1,1,0
p000385,grunge.com,btlr.sharethrough.com,request,2.6-202606,False,1,1,0
p000386,grunge.com,btlr.sharethrough.com,request,2.6-202606,False,1,1,0
p000387,grunge.com,btlr.sharethrough.com,request,2.6-202606,False,1,1,0
p000388,grunge.com,btlr.sharethrough.com,request,2.6-202606,False,1,1,0
p000389,ranker.com,btlr.sharethrough.com,request,2.6-202606,False,3,2,1
p000390,grunge.com,btlr.sharethrough.com,request,2.6-202606,False,1,1,0
p000391,grunge.com,btlr.sharethrough.com,request,2.6-202606,False,1,1,0
p000392,grunge.com,btlr.sharethrough.com,request,2.6-202606,False,1,1,0
p000393,ranker.com,btlr.sharethrough.com,request,2.6-202606,False,3,2,1
p000394,ranker.com,btlr.sharethrough.com,request,2.6-202606,False,3,2,1
p000395,ranker.com,btlr.sharethrough.com,request,2.6-202606,False,3,2,1
p000396,grunge.com,btlr.sharethrough.com,request,2.6-202606,False,3,2,1
p000397,grunge.com,btlr.sharethrough.com,request,2.6-202606,False,3,2,1
p000398,slashfilm.com,btlr.sharethrough.com,request,2.6-202606,False,1,1,0
p000399,slashfilm.com,btlr.sharethrough.com,request,2.6-202606,False,1,1,0
p000400,slashfilm.com,btlr.sharethrough.com,request,2.6-202606,False,3,2,1
p000401,mashed.com,btlr.sharethrough.com,request,2.6-202606,False,1,1,0
p000402,mashed.com,btlr.sharethrough.com,request,2.6-202606,False,3,2,1
p000403,slashfilm.com,btlr.sharethrough.com,request,2.6-202606,False,3,2,1
p000404,slashfilm.com,btlr.sharethrough.com,request,2.6-202606,False,3,2,1
p000405,tastingtable.com,btlr.sharethrough.com,request,2.6-202606,False,1,1,0
p000406,engadget.com,btlr.sharethrough.com,response,2.6-202606,True,1,0,1
p000407,zdnet.com,btlr.sharethrough.com,response,2.6-202606,True,1,0,1
p000408,macrumors.com,btlr.sharethrough.com,response,2.6-202606,True,1,0,1
p000409,macrumors.com,btlr.sharethrough.com,response,2.6-202606,True,1,0,1
p000410,foxnews.com,c2shb.pubgw.yahoo.com,request,2.5,True,0,0,0
p000411,foxnews.com,c2shb.pubgw.yahoo.com,request,2.5,True,0,0,0
p000412,foxnews.com,c2shb.pubgw.yahoo.com,request,2.5,True,0,0,0
p000413,foxnews.com,c2shb.pubgw.yahoo.com,request,2.5,True,0,0,0
p000414,foxnews.com,c2shb.pubgw.yahoo.com,request,2.5,True,0,0,0
p000415,chicagotribune.com,c2shb.pubgw.yahoo.com,request,2.5,False,1,1,0
p000416,chicagotribune.com,c2shb.pubgw.yahoo.com,request,2.5,False,1,1,0
p000417,chicagotribune.com,c2shb.pubgw.yahoo.com,request,2.5,False,1,1,0
p000418,chicagotribune.com,c2shb.pubgw.yahoo.com,request,2.5,False,1,1,0
p000419,chicagotribune.com,c2shb.pubgw.yahoo.com,request,2.5,False,1,1,0
p000420,abcnews.go.com,c2shb.pubgw.yahoo.com,request,2.5,True,0,0,0
p000421,abcnews.go.com,c2shb.pubgw.yahoo.com,request,2.5,True,0,0,0
p000422,abcnews.go.com,c2shb.pubgw.yahoo.com,request,2.5,True,0,0,0
p000423,abcnews.go.com,c2shb.pubgw.yahoo.com,request,2.5,True,0,0,0
p000424,salon.com,c2shb.pubgw.yahoo.com,request,2.5,True,0,0,0
p000425,salon.com,c2shb.pubgw.yahoo.com,request,2.5,True,0,0,0
p000426,vox.com,c2shb.pubgw.yahoo.com,request,2.5,True,0,0,0
p000427,vox.com,c2shb.pubgw.yahoo.com,request,2.5,True,0,0,0
p000428,vox.com,c2shb.pubgw.yahoo.com,request,2.5,True,0,0,0
p000429,salon.com,c2shb.pubgw.yahoo.com,request,2.5,True,0,0,0
p000430,salon.com,c2shb.pubgw.yahoo.com,request,2.5,True,0,0,0
p000431,salon.com,c2shb.pubgw.yahoo.com,request,2.5,True,0,0,0
p000432,salon.com,c2shb.pubgw.yahoo.com,request,2.5,False,1,1,0
p000433,salon.com,c2shb.pubgw.yahoo.com,request,2.5,True,0,0,0
p000434,salon.com,c2shb.pubgw.yahoo.com,request,2.5,True,0,0,0
p000435,salon.com,c2shb.pubgw.yahoo.com,request,2.5,False,1,1,0
p000436,salon.com,c2shb.pubgw.yahoo.com,request,2.5,True,0,0,0
p000437,salon.com,c2shb.pubgw.yahoo.com,request,2.5,True,0,0,0
p000438,theverge.com,c2shb.pubgw.yahoo.com,request,2.5,True,0,0,0
p000439,theverge.com,c2shb.pubgw.yahoo.com,request,2.5,True,0,0,0
p000440,theverge.com,c2shb.pubgw.yahoo.com,request,2.5,True,0,0,0
p000441,theverge.com,c2shb.pubgw.yahoo.com,request,2.5,True,0,0,0
p000442,salon.com,c2shb.pubgw.yahoo.com,request,2.5,True,0,0,0
p000443,salon.com,c2shb.pubgw.yahoo.com,request,2.5,True,0,0,0
p000444,salon.com,c2shb.pubgw.yahoo.com,request,2.5,True,0,0,0
p000445,vox.com,c2shb.pubgw.yahoo.com,request,2.5,True,0,0,0
p000446,salon.com,c2shb.pubgw.yahoo.com,request,2.5,False,1,1,0
p000447,salon.com,c2shb.pubgw.yahoo.com,request,2.5,False,1,1,0
p000448,salon.com,c2shb.pubgw.yahoo.com,request,2.5,True,0,0,0
p000449,salon.com,c2shb.pubgw.yahoo.com,request,2.5,False,1,1,0
p000450,salon.com,c2shb.pubgw.yahoo.com,request,2.5,False,1,1,0
p000451,salon.com,c2shb.pubgw.yahoo.com,request,2.5,False,1,1,0
p000452,theverge.com,c2shb.pubgw.yahoo.com,request,2.5,True,0,0,0
p000453,theverge.com,c2shb.pubgw.yahoo.com,request,2.5,True,0,0,0
p000454,vox.com,c2shb.pubgw.yahoo.com,request,2.5,True,0,0,0
p000455,vox.com,c2shb.pubgw.yahoo.com,request,2.5,True,0,0,0
p000456,vox.com,c2shb.pubgw.yahoo.com,request,2.5,True,0,0,0
p000457,vox.com,c2shb.pubgw.yahoo.com,request,2.5,True,0,0,0
p000458,engadget.com,c2shb.pubgw.yahoo.com,request,2.5,True,0,0,0
p000459,engadget.com,c2shb.pubgw.yahoo.com,request,2.5,False,1,1,0
p000460,vox.com,c2shb.pubgw.yahoo.com,request,2.5,True,0,0,0
p000461,engadget.com,c2shb.pubgw.yahoo.com,request,2.5,False,1,1,0
p000462,theverge.com,c2shb.pubgw.yahoo.com,request,2.5,True,0,0,0
p000463,theverge.com,c2shb.pubgw.yahoo.com,request,2.5,True,0,0,0
p000464,theverge.com,c2shb.pubgw.yahoo.com,request,2.5,True,0,0,0
p000465,theverge.com,c2shb.pubgw.yahoo.com,request,2.5,True,0,0,0
p000466,theverge.com,c2shb.pubgw.yahoo.com,request,2.5,True,0,0,0
p000467,engadget.com,c2shb.pubgw.yahoo.com,request,2.5,True,0,0,0
p000468,engadget.com,c2shb.pubgw.yahoo.com,request,2.5,False,1,1,0
p000469,androidauthority.com,c2shb.pubgw.yahoo.com,request,2.5,True,0,0,0
p000470,androidauthority.com,c2shb.pubgw.yahoo.com,request,2.5,True,0,0,0
p000471,androidauthority.com,c2shb.pubgw.yahoo.com,request,2.5,True,0,0,0
p000472,androidauthority.com,c2shb.pubgw.yahoo.com,request,2.5,True,0,0,0
p000473,androidauthority.com,c2shb.pubgw.yahoo.com,request,2.5,True,0,0,0
p000474,androidauthority.com,c2shb.pubgw.yahoo.com,request,2.5,True,0,0,0
p000475,androidauthority.com,c2shb.pubgw.yahoo.com,request,2.5,True,0,0,0
p000476,androidauthority.com,c2shb.pubgw.yahoo.com,request,2.5,True,0,0,0
p000477,androidauthority.com,c2shb.pubgw.yahoo.com,request,2.5,True,0,0,0
p000478,androidauthority.com,c2shb.pubgw.yahoo.com,request,2.5,True,0,0,0
p000479,androidauthority.com,c2shb.pubgw.yahoo.com,request,2.5,True,0,0,0
p000480,androidauthority.com,c2shb.pubgw.yahoo.com,request,2.5,True,0,0,0
p000481,androidauthority.com,c2shb.pubgw.yahoo.com,request,2.5,True,0,0,0
p000482,androidauthority.com,c2shb.pubgw.yahoo.com,request,2.5,True,0,0,0
p000483,androidauthority.com,c2shb.pubgw.yahoo.com,request,2.5,True,0,0,0
p000484,androidauthority.com,c2shb.pubgw.yahoo.com,request,2.5,True,0,0,0
p000485,androidauthority.com,c2shb.pubgw.yahoo.com,request,2.5,True,0,0,0
p000486,androidauthority.com,c2shb.pubgw.yahoo.com,request,2.5,True,0,0,0
p000487,androidauthority.com,c2shb.pubgw.yahoo.com,request,2.5,True,0,0,0
p000488,androidauthority.com,c2shb.pubgw.yahoo.com,request,2.5,True,0,0,0
p000489,androidauthority.com,c2shb.pubgw.yahoo.com,request,2.5,True,0,0,0
p000490,androidauthority.com,c2shb.pubgw.yahoo.com,request,2.5,True,0,0,0
p000491,androidauthority.com,c2shb.pubgw.yahoo.com,request,2.5,True,0,0,0
p000492,androidauthority.com,c2shb.pubgw.yahoo.com,request,2.5,True,0,0,0
p000493,androidauthority.com,c2shb.pubgw.yahoo.com,request,2.5,True,0,0,0
p000494,androidauthority.com,c2shb.pubgw.yahoo.com,request,2.5,True,0,0,0
p000495,androidauthority.com,c2shb.pubgw.yahoo.com,request,2.5,True,0,0,0
p000496,androidauthority.com,c2shb.pubgw.yahoo.com,request,2.5,True,0,0,0
p000497,androidauthority.com,c2shb.pubgw.yahoo.com,request,2.5,True,0,0,0
p000498,androidauthority.com,c2shb.pubgw.yahoo.com,request,2.5,True,0,0,0
p000499,macrumors.com,c2shb.pubgw.yahoo.com,request,2.5,True,0,0,0
p000500,macrumors.com,c2shb.pubgw.yahoo.com,request,2.5,True,0,0,0
p000501,macrumors.com,c2shb.pubgw.yahoo.com,request,2.5,True,0,0,0
p000502,macrumors.com,c2shb.pubgw.yahoo.com,request,2.5,False,1,1,0
p000503,macrumors.com,c2shb.pubgw.yahoo.com,request,2.5,True,0,0,0
p000504,macrumors.com,c2shb.pubgw.yahoo.com,request,2.5,True,0,0,0
p000505,macrumors.com,c2shb.pubgw.yahoo.com,request,2.5,True,0,0,0
p000506,macrumors.com,c2shb.pubgw.yahoo.com,request,2.5,True,0,0,0
p000507,macrumors.com,c2shb.pubgw.yahoo.com,request,2.5,True,0,0,0
p000508,macrumors.com,c2shb.pubgw.yahoo.com,request,2.5,True,0,0,0
p000509,macrumors.com,c2shb.pubgw.yahoo.com,request,2.5,True,0,0,0
p000510,macrumors.com,c2shb.pubgw.yahoo.com,request,2.5,True,0,0,0
p000511,macrumors.com,c2shb.pubgw.yahoo.com,request,2.5,True,0,0,0
p000512,macrumors.com,c2shb.pubgw.yahoo.com,request,2.5,True,0,0,0
p000513,macrumors.com,c2shb.pubgw.yahoo.com,request,2.5,True,0,0,0
p000514,macrumors.com,c2shb.pubgw.yahoo.com,request,2.5,True,0,0,0
p000515,macrumors.com,c2shb.pubgw.yahoo.com,request,2.5,False,1,1,0
p000516,macrumors.com,c2shb.pubgw.yahoo.com,request,2.5,True,0,0,0
p000517,macrumors.com,c2shb.pubgw.yahoo.com,request,2.5,True,0,0,0
p000518,macrumors.com,c2shb.pubgw.yahoo.com,request,2.5,True,0,0,0
p000519,macrumors.com,c2shb.pubgw.yahoo.com,request,2.5,True,0,0,0
p000520,macrumors.com,c2shb.pubgw.yahoo.com,request,2.5,True,0,0,0
p000521,macrumors.com,c2shb.pubgw.yahoo.com,request,2.5,True,0,0,0
p000522,macrumors.com,c2shb.pubgw.yahoo.com,request,2.5,True,0,0,0
p000523,macrumors.com,c2shb.pubgw.yahoo.com,request,2.5,True,0,0,0
p000524,si.com,c2shb.pubgw.yahoo.com,request,2.5,True,0,0,0
p000525,si.com,c2shb.pubgw.yahoo.com,request,2.5,True,0,0,0
p000526,si.com,c2shb.pubgw.yahoo.com,request,2.5,True,0,0,0
p000527,si.com,c2shb.pubgw.yahoo.com,request,2.5,True,0,0,0
p000528,si.com,c2shb.pubgw.yahoo.com,request,2.5,True,0,0,0
p000529,si.com,c2shb.pubgw.yahoo.com,request,2.5,True,0,0,0
p000530,si.com,c2shb.pubgw.yahoo.com,request,2.5,True,0,0,0
p000531,tmz.com,c2shb.pubgw.yahoo.com,request,2.5,True,0,0,0
p000532,tmz.com,c2shb.pubgw.yahoo.com,request,2.5,True,0,0,0
p000533,tmz.com,c2shb.pubgw.yahoo.com,request,2.5,True,0,0,0
p000534,tmz.com,c2shb.pubgw.yahoo.com,request,2.5,True,0,0,0
p000535,tmz.com,c2shb.pubgw.yahoo.com,request,2.5,True,0,0,0
p000536,thrillist.com,c2shb.pubgw.yahoo.com,request,2.5,True,0,0,0
p000537,thrillist.com,c2shb.pubgw.yahoo.com,request,2.5,True,0,0,0
p000538,thrillist.com,c2shb.pubgw.yahoo.com,request,2.5,True,0,0,0
p000539,thrillist.com,c2shb.pubgw.yahoo.com,request,2.5,True,0,0,0
p000540,thrillist.com,c2shb.pubgw.yahoo.com,request,2.5,True,0,0,0
p000541,thrillist.com,c2shb.pubgw.yahoo.com,request,2.5,True,0,0,0
p000542,thrillist.com,c2shb.pubgw.yahoo.com,request,2.5,True,0,0,0
p000543,thrillist.com,c2shb.pubgw.yahoo.com,request,2.5,True,0,0,0
p000544,ladbible.com,c2shb.pubgw.yahoo.com,request,2.5,False,1,1,0
p000545,ladbible.com,c2shb.pubgw.yahoo.com,request,2.5,False,1,1,0
p000546,unilad.com,c2shb.pubgw.yahoo.com,request,2.5,False,1,1,0
p000547,unilad.com,c2shb.pubgw.yahoo.com,request,2.5,False,1,1,0
p000548,ranker.com,c2shb.pubgw.yahoo.com,request,2.5,True,0,0,0
p000549,ranker.com,c2shb.pubgw.yahoo.com,request,2.5,True,0,0,0
p000550,ranker.com,c2shb.pubgw.yahoo.com,request,2.5,True,0,0,0
p000551,ranker.com,c2shb.pubgw.yahoo.com,request,2.5,True,0,0,0
p000552,ranker.com,c2shb.pubgw.yahoo.com,request,2.5,False,1,1,0
p000553,ranker.com,c2shb.pubgw.yahoo.com,request,2.5,True,0,0,0
p000554,ranker.com,c2shb.pubgw.yahoo.com,request,2.5,True,0,0,0
p000555,ranker.com,c2shb.pubgw.yahoo.com,request,2.5,False,1,1,0
p000556,ranker.com,c2shb.pubgw.yahoo.com,request,2.5,False,1,1,0
p000557,ranker.com,c2shb.pubgw.yahoo.com,request,2.5,False,1,1,0
p000558,ranker.com,c2shb.pubgw.yahoo.com,request,2.5,False,1,1,0
p000559,ranker.com,c2shb.pubgw.yahoo.com,request,2.5,False,1,1,0
p000560,ranker.com,c2shb.pubgw.yahoo.com,request,2.5,False,1,1,0
p000561,tastingtable.com,c2shb.pubgw.yahoo.com,request,2.5,True,0,0,0
p000562,foxnews.com,c2shb.pubgw.yahoo.com,response,2.6-202606,True,0,0,0
p000563,foxnews.com,c2shb.pubgw.yahoo.com,response,2.6-202606,True,1,0,1
p000564,foxnews.com,c2shb.pubgw.yahoo.com,response,2.6-202606,True,1,0,1
p000565,foxnews.com,c2shb.pubgw.yahoo.com,response,2.6-202606,True,1,0,1
p000566,foxnews.com,c2shb.pubgw.yahoo.com,response,2.6-202606,True,1,0,1
p000567,chicagotribune.com,c2shb.pubgw.yahoo.com,response,2.6-202606,True,0,0,0
p000568,chicagotribune.com,c2shb.pubgw.yahoo.com,response,2.6-202606,True,0,0,0
p000569,chicagotribune.com,c2shb.pubgw.yahoo.com,response,2.6-202606,True,0,0,0
p000570,chicagotribune.com,c2shb.pubgw.yahoo.com,response,2.6-202606,True,0,0,0
p000571,chicagotribune.com,c2shb.pubgw.yahoo.com,response,2.6-202606,True,0,0,0
p000572,abcnews.go.com,c2shb.pubgw.yahoo.com,response,2.6-202606,True,0,0,0
p000573,abcnews.go.com,c2shb.pubgw.yahoo.com,response,2.6-202606,True,0,0,0
p000574,abcnews.go.com,c2shb.pubgw.yahoo.com,response,2.6-202606,True,0,0,0
p000575,abcnews.go.com,c2shb.pubgw.yahoo.com,response,2.6-202606,True,0,0,0
p000576,salon.com,c2shb.pubgw.yahoo.com,response,2.6-202606,True,0,0,0
p000577,salon.com,c2shb.pubgw.yahoo.com,response,2.6-202606,True,0,0,0
p000578,vox.com,c2shb.pubgw.yahoo.com,response,2.6-202606,True,1,0,1
p000579,vox.com,c2shb.pubgw.yahoo.com,response,2.6-202606,True,1,0,1
p000580,vox.com,c2shb.pubgw.yahoo.com,response,2.6-202606,True,0,0,0
p000581,salon.com,c2shb.pubgw.yahoo.com,response,2.6-202606,True,0,0,0
p000582,salon.com,c2shb.pubgw.yahoo.com,response,2.6-202606,True,0,0,0
p000583,salon.com,c2shb.pubgw.yahoo.com,response,2.6-202606,True,0,0,0
p000584,salon.com,c2shb.pubgw.yahoo.com,response,2.6-202606,True,0,0,0
p000585,salon.com,c2shb.pubgw.yahoo.com,response,2.6-202606,True,0,0,0
p000586,salon.com,c2shb.pubgw.yahoo.com,response,2.6-202606,True,0,0,0
p000587,salon.com,c2shb.pubgw.yahoo.com,response,2.6-202606,True,0,0,0
p000588,salon.com,c2shb.pubgw.yahoo.com,response,2.6-202606,True,0,0,0
p000589,salon.com,c2shb.pubgw.yahoo.com,response,2.6-202606,True,0,0,0
p000590,salon.com,c2shb.pubgw.yahoo.com,response,2.6-202606,True,0,0,0
p000591,salon.com,c2shb.pubgw.yahoo.com,response,2.6-202606,True,0,0,0
p000592,salon.com,c2shb.pubgw.yahoo.com,response,2.6-202606,True,0,0,0
p000593,vox.com,c2shb.pubgw.yahoo.com,response,2.6-202606,True,0,0,0
p000594,theverge.com,c2shb.pubgw.yahoo.com,response,2.6-202606,True,0,0,0
p000595,theverge.com,c2shb.pubgw.yahoo.com,response,2.6-202606,True,0,0,0
p000596,theverge.com,c2shb.pubgw.yahoo.com,response,2.6-202606,True,0,0,0
p000597,theverge.com,c2shb.pubgw.yahoo.com,response,2.6-202606,True,0,0,0
p000598,salon.com,c2shb.pubgw.yahoo.com,response,2.6-202606,True,0,0,0
p000599,salon.com,c2shb.pubgw.yahoo.com,response,2.6-202606,True,0,0,0
p000600,salon.com,c2shb.pubgw.yahoo.com,response,2.6-202606,True,0,0,0
p000601,salon.com,c2shb.pubgw.yahoo.com,response,2.6-202606,True,0,0,0
p000602,salon.com,c2shb.pubgw.yahoo.com,response,2.6-202606,True,0,0,0
p000603,salon.com,c2shb.pubgw.yahoo.com,response,2.6-202606,True,0,0,0
p000604,theverge.com,c2shb.pubgw.yahoo.com,response,2.6-202606,True,0,0,0
p000605,theverge.com,c2shb.pubgw.yahoo.com,response,2.6-202606,True,0,0,0
p000606,vox.com,c2shb.pubgw.yahoo.com,response,2.6-202606,True,0,0,0
p000607,vox.com,c2shb.pubgw.yahoo.com,response,2.6-202606,True,0,0,0
p000608,vox.com,c2shb.pubgw.yahoo.com,response,2.6-202606,True,0,0,0
p000609,vox.com,c2shb.pubgw.yahoo.com,response,2.6-202606,True,0,0,0
p000610,engadget.com,c2shb.pubgw.yahoo.com,response,2.6-202606,True,0,0,0
p000611,engadget.com,c2shb.pubgw.yahoo.com,response,2.6-202606,True,0,0,0
p000612,vox.com,c2shb.pubgw.yahoo.com,response,2.6-202606,True,0,0,0
p000613,engadget.com,c2shb.pubgw.yahoo.com,response,2.6-202606,True,0,0,0
p000614,theverge.com,c2shb.pubgw.yahoo.com,response,2.6-202606,True,0,0,0
p000615,theverge.com,c2shb.pubgw.yahoo.com,response,2.6-202606,True,1,0,1
p000616,theverge.com,c2shb.pubgw.yahoo.com,response,2.6-202606,True,1,0,1
p000617,theverge.com,c2shb.pubgw.yahoo.com,response,2.6-202606,True,0,0,0
p000618,theverge.com,c2shb.pubgw.yahoo.com,response,2.6-202606,True,0,0,0
p000619,engadget.com,c2shb.pubgw.yahoo.com,response,2.6-202606,True,0,0,0
p000620,engadget.com,c2shb.pubgw.yahoo.com,response,2.6-202606,True,0,0,0
p000621,androidauthority.com,c2shb.pubgw.yahoo.com,response,2.6-202606,True,0,0,0
p000622,androidauthority.com,c2shb.pubgw.yahoo.com,response,2.6-202606,True,0,0,0
p000623,androidauthority.com,c2shb.pubgw.yahoo.com,response,2.6-202606,True,0,0,0
p000624,androidauthority.com,c2shb.pubgw.yahoo.com,response,2.6-202606,True,0,0,0
p000625,androidauthority.com,c2shb.pubgw.yahoo.com,response,2.6-202606,True,0,0,0
p000626,androidauthority.com,c2shb.pubgw.yahoo.com,response,2.6-202606,True,0,0,0
p000627,androidauthority.com,c2shb.pubgw.yahoo.com,response,2.6-202606,True,0,0,0
p000628,androidauthority.com,c2shb.pubgw.yahoo.com,response,2.6-202606,True,0,0,0
p000629,androidauthority.com,c2shb.pubgw.yahoo.com,response,2.6-202606,True,0,0,0
p000630,androidauthority.com,c2shb.pubgw.yahoo.com,response,2.6-202606,True,0,0,0
p000631,androidauthority.com,c2shb.pubgw.yahoo.com,response,2.6-202606,True,0,0,0
p000632,androidauthority.com,c2shb.pubgw.yahoo.com,response,2.6-202606,True,0,0,0
p000633,androidauthority.com,c2shb.pubgw.yahoo.com,response,2.6-202606,True,0,0,0
p000634,androidauthority.com,c2shb.pubgw.yahoo.com,response,2.6-202606,True,1,0,1
p000635,androidauthority.com,c2shb.pubgw.yahoo.com,response,2.6-202606,True,0,0,0
p000636,androidauthority.com,c2shb.pubgw.yahoo.com,response,2.6-202606,True,0,0,0
p000637,androidauthority.com,c2shb.pubgw.yahoo.com,response,2.6-202606,True,0,0,0
p000638,androidauthority.com,c2shb.pubgw.yahoo.com,response,2.6-202606,True,0,0,0
p000639,androidauthority.com,c2shb.pubgw.yahoo.com,response,2.6-202606,True,0,0,0
p000640,androidauthority.com,c2shb.pubgw.yahoo.com,response,2.6-202606,True,0,0,0
p000641,androidauthority.com,c2shb.pubgw.yahoo.com,response,2.6-202606,True,0,0,0
p000642,androidauthority.com,c2shb.pubgw.yahoo.com,response,2.6-202606,True,0,0,0
p000643,androidauthority.com,c2shb.pubgw.yahoo.com,response,2.6-202606,True,0,0,0
p000644,androidauthority.com,c2shb.pubgw.yahoo.com,response,2.6-202606,True,0,0,0
p000645,androidauthority.com,c2shb.pubgw.yahoo.com,response,2.6-202606,True,0,0,0
p000646,androidauthority.com,c2shb.pubgw.yahoo.com,response,2.6-202606,True,0,0,0
p000647,androidauthority.com,c2shb.pubgw.yahoo.com,response,2.6-202606,True,0,0,0
p000648,androidauthority.com,c2shb.pubgw.yahoo.com,response,2.6-202606,True,0,0,0
p000649,androidauthority.com,c2shb.pubgw.yahoo.com,response,2.6-202606,True,0,0,0
p000650,androidauthority.com,c2shb.pubgw.yahoo.com,response,2.6-202606,True,0,0,0
p000651,macrumors.com,c2shb.pubgw.yahoo.com,response,2.6-202606,True,0,0,0
p000652,macrumors.com,c2shb.pubgw.yahoo.com,response,2.6-202606,True,0,0,0
p000653,macrumors.com,c2shb.pubgw.yahoo.com,response,2.6-202606,True,0,0,0
p000654,macrumors.com,c2shb.pubgw.yahoo.com,response,2.6-202606,True,0,0,0
p000655,macrumors.com,c2shb.pubgw.yahoo.com,response,2.6-202606,True,0,0,0
p000656,macrumors.com,c2shb.pubgw.yahoo.com,response,2.6-202606,True,0,0,0
p000657,macrumors.com,c2shb.pubgw.yahoo.com,response,2.6-202606,True,0,0,0
p000658,macrumors.com,c2shb.pubgw.yahoo.com,response,2.6-202606,True,0,0,0
p000659,macrumors.com,c2shb.pubgw.yahoo.com,response,2.6-202606,True,0,0,0
p000660,macrumors.com,c2shb.pubgw.yahoo.com,response,2.6-202606,True,0,0,0
p000661,macrumors.com,c2shb.pubgw.yahoo.com,response,2.6-202606,True,0,0,0
p000662,macrumors.com,c2shb.pubgw.yahoo.com,response,2.6-202606,True,0,0,0
p000663,macrumors.com,c2shb.pubgw.yahoo.com,response,2.6-202606,True,0,0,0
p000664,macrumors.com,c2shb.pubgw.yahoo.com,response,2.6-202606,True,0,0,0
p000665,macrumors.com,c2shb.pubgw.yahoo.com,response,2.6-202606,True,0,0,0
p000666,macrumors.com,c2shb.pubgw.yahoo.com,response,2.6-202606,True,0,0,0
p000667,macrumors.com,c2shb.pubgw.yahoo.com,response,2.6-202606,True,0,0,0
p000668,macrumors.com,c2shb.pubgw.yahoo.com,response,2.6-202606,True,0,0,0
p000669,macrumors.com,c2shb.pubgw.yahoo.com,response,2.6-202606,True,0,0,0
p000670,macrumors.com,c2shb.pubgw.yahoo.com,response,2.6-202606,True,0,0,0
p000671,macrumors.com,c2shb.pubgw.yahoo.com,response,2.6-202606,True,0,0,0
p000672,macrumors.com,c2shb.pubgw.yahoo.com,response,2.6-202606,True,0,0,0
p000673,macrumors.com,c2shb.pubgw.yahoo.com,response,2.6-202606,True,0,0,0
p000674,macrumors.com,c2shb.pubgw.yahoo.com,response,2.6-202606,True,0,0,0
p000675,macrumors.com,c2shb.pubgw.yahoo.com,response,2.6-202606,True,0,0,0
p000676,si.com,c2shb.pubgw.yahoo.com,response,2.6-202606,True,0,0,0
p000677,si.com,c2shb.pubgw.yahoo.com,response,2.6-202606,True,1,0,1
p000678,si.com,c2shb.pubgw.yahoo.com,response,2.6-202606,True,1,0,1
p000679,si.com,c2shb.pubgw.yahoo.com,response,2.6-202606,True,0,0,0
p000680,si.com,c2shb.pubgw.yahoo.com,response,2.6-202606,True,1,0,1
p000681,si.com,c2shb.pubgw.yahoo.com,response,2.6-202606,True,0,0,0
p000682,si.com,c2shb.pubgw.yahoo.com,response,2.6-202606,True,1,0,1
p000683,tmz.com,c2shb.pubgw.yahoo.com,response,2.6-202606,True,0,0,0
p000684,tmz.com,c2shb.pubgw.yahoo.com,response,2.6-202606,True,0,0,0
p000685,tmz.com,c2shb.pubgw.yahoo.com,response,2.6-202606,True,0,0,0
p000686,tmz.com,c2shb.pubgw.yahoo.com,response,2.6-202606,True,1,0,1
p000687,tmz.com,c2shb.pubgw.yahoo.com,response,2.6-202606,True,1,0,1
p000688,thrillist.com,c2shb.pubgw.yahoo.com,response,2.6-202606,True,1,0,1
p000689,thrillist.com,c2shb.pubgw.yahoo.com,response,2.6-202606,True,0,0,0
p000690,thrillist.com,c2shb.pubgw.yahoo.com,response,2.6-202606,True,1,0,1
p000691,thrillist.com,c2shb.pubgw.yahoo.com,response,2.6-202606,True,0,0,0
p000692,thrillist.com,c2shb.pubgw.yahoo.com,response,2.6-202606,True,0,0,0
p000693,thrillist.com,c2shb.pubgw.yahoo.com,response,2.6-202606,True,1,0,1
p000694,thrillist.com,c2shb.pubgw.yahoo.com,response,2.6-202606,True,1,0,1
p000695,thrillist.com,c2shb.pubgw.yahoo.com,response,2.6-202606,True,1,0,1
p000696,ladbible.com,c2shb.pubgw.yahoo.com,response,2.6-202606,True,0,0,0
p000697,ladbible.com,c2shb.pubgw.yahoo.com,response,2.6-202606,True,0,0,0
p000698,unilad.com,c2shb.pubgw.yahoo.com,response,2.6-202606,True,0,0,0
p000699,unilad.com,c2shb.pubgw.yahoo.com,response,2.6-202606,True,0,0,0
p000700,ranker.com,c2shb.pubgw.yahoo.com,response,2.6-202606,True,0,0,0
p000701,ranker.com,c2shb.pubgw.yahoo.com,response,2.6-202606,True,0,0,0
p000702,ranker.com,c2shb.pubgw.yahoo.com,response,2.6-202606,True,0,0,0
p000703,ranker.com,c2shb.pubgw.yahoo.com,response,2.6-202606,True,0,0,0
p000704,ranker.com,c2shb.pubgw.yahoo.com,response,2.6-202606,True,0,0,0
p000705,ranker.com,c2shb.pubgw.yahoo.com,response,2.6-202606,True,0,0,0
p000706,ranker.com,c2shb.pubgw.yahoo.com,response,2.6-202606,True,0,0,0
p000707,ranker.com,c2shb.pubgw.yahoo.com,response,2.6-202606,True,0,0,0
p000708,ranker.com,c2shb.pubgw.yahoo.com,response,2.6-202606,True,0,0,0
p000709,ranker.com,c2shb.pubgw.yahoo.com,response,2.6-202606,True,0,0,0
p000710,ranker.com,c2shb.pubgw.yahoo.com,response,2.6-202606,True,0,0,0
p000711,ranker.com,c2shb.pubgw.yahoo.com,response,2.6-202606,True,0,0,0
p000712,ranker.com,c2shb.pubgw.yahoo.com,response,2.6-202606,True,0,0,0
p000713,tastingtable.com,c2shb.pubgw.yahoo.com,response,2.6-202606,True,0,0,0
p000714,foxnews.com,direct.adsrvr.org,request,2.6-202606,False,2,2,0
p000715,pagesix.com,direct.adsrvr.org,request,2.6-202606,False,1,1,0
p000716,nypost.com,direct.adsrvr.org,request,2.6-202606,False,1,1,0
p000717,pagesix.com,direct.adsrvr.org,request,2.6-202606,False,1,1,0
p000718,nypost.com,direct.adsrvr.org,request,2.6-202606,False,1,1,0
p000719,nypost.com,direct.adsrvr.org,request,2.6-202606,False,1,1,0
p000720,pagesix.com,direct.adsrvr.org,request,2.6-202606,False,1,1,0
p000721,foxnews.com,direct.adsrvr.org,request,2.6-202606,False,2,2,0
p000722,foxnews.com,direct.adsrvr.org,request,2.6-202606,False,2,2,0
p000723,pagesix.com,direct.adsrvr.org,request,2.6-202606,False,1,1,0
p000724,foxnews.com,direct.adsrvr.org,request,2.6-202606,False,2,2,0
p000725,pagesix.com,direct.adsrvr.org,request,2.6-202606,False,1,1,0
p000726,nypost.com,direct.adsrvr.org,request,2.6-202606,False,1,1,0
p000727,nypost.com,direct.adsrvr.org,request,2.6-202606,False,3,2,1
p000728,pagesix.com,direct.adsrvr.org,request,2.6-202606,False,2,2,0
p000729,pagesix.com,direct.adsrvr.org,request,2.6-202606,False,3,2,1
p000730,nypost.com,direct.adsrvr.org,request,2.6-202606,False,1,1,0
p000731,pagesix.com,direct.adsrvr.org,request,2.6-202606,False,1,1,0
p000732,nypost.com,direct.adsrvr.org,request,2.6-202606,False,3,2,1
p000733,foxnews.com,direct.adsrvr.org,request,2.6-202606,False,2,2,0
p000734,pagesix.com,direct.adsrvr.org,request,2.6-202606,False,2,2,0
p000735,pagesix.com,direct.adsrvr.org,request,2.6-202606,False,3,2,1
p000736,pagesix.com,direct.adsrvr.org,request,2.6-202606,False,2,2,0
p000737,pagesix.com,direct.adsrvr.org,request,2.6-202606,False,3,2,1
p000738,pagesix.com,direct.adsrvr.org,request,2.6-202606,False,2,2,0
p000739,pagesix.com,direct.adsrvr.org,request,2.6-202606,False,2,2,0
p000740,pagesix.com,direct.adsrvr.org,request,2.6-202606,False,3,2,1
p000741,foxnews.com,direct.adsrvr.org,request,2.6-202606,False,2,2,0
p000742,foxnews.com,direct.adsrvr.org,request,2.6-202606,False,2,2,0
p000743,pagesix.com,direct.adsrvr.org,request,2.6-202606,False,1,1,0
p000744,chicagotribune.com,direct.adsrvr.org,request,2.6-202606,False,1,1,0
p000745,chicagotribune.com,direct.adsrvr.org,request,2.6-202606,False,1,1,0
p000746,chicagotribune.com,direct.adsrvr.org,request,2.6-202606,False,1,1,0
p000747,usatoday.com,direct.adsrvr.org,request,2.6-202606,False,3,2,1
p000748,chicagotribune.com,direct.adsrvr.org,request,2.6-202606,False,1,1,0
p000749,chicagotribune.com,direct.adsrvr.org,request,2.6-202606,False,1,1,0
p000750,chicagotribune.com,direct.adsrvr.org,request,2.6-202606,False,1,1,0
p000751,chicagotribune.com,direct.adsrvr.org,request,2.6-202606,False,4,3,1
p000752,chicagotribune.com,direct.adsrvr.org,request,2.6-202606,False,3,3,0
p000753,chicagotribune.com,direct.adsrvr.org,request,2.6-202606,False,3,3,0
p000754,chicagotribune.com,direct.adsrvr.org,request,2.6-202606,False,4,3,1
p000755,thedailybeast.com,direct.adsrvr.org,request,2.6-202606,False,1,1,0
p000756,nydailynews.com,direct.adsrvr.org,request,2.6-202606,False,1,1,0
p000757,nydailynews.com,direct.adsrvr.org,request,2.6-202606,False,1,1,0
p000758,thedailybeast.com,direct.adsrvr.org,request,2.6-202606,False,1,1,0
p000759,nydailynews.com,direct.adsrvr.org,request,2.6-202606,False,1,1,0
p000760,businessinsider.com,direct.adsrvr.org,request,2.6-202606,False,1,1,0
p000761,nydailynews.com,direct.adsrvr.org,request,2.6-202606,False,1,1,0
p000762,businessinsider.com,direct.adsrvr.org,request,2.6-202606,False,1,1,0
p000763,businessinsider.com,direct.adsrvr.org,request,2.6-202606,False,1,1,0
p000764,businessinsider.com,direct.adsrvr.org,request,2.6-202606,False,1,1,0
p000765,thedailybeast.com,direct.adsrvr.org,request,2.6-202606,False,1,1,0
p000766,nydailynews.com,direct.adsrvr.org,request,2.6-202606,False,1,1,0
p000767,nydailynews.com,direct.adsrvr.org,request,2.6-202606,False,1,1,0
p000768,nydailynews.com,direct.adsrvr.org,request,2.6-202606,False,1,1,0
p000769,nydailynews.com,direct.adsrvr.org,request,2.6-202606,False,4,3,1
p000770,nydailynews.com,direct.adsrvr.org,request,2.6-202606,False,3,3,0
p000771,nydailynews.com,direct.adsrvr.org,request,2.6-202606,False,3,3,0
p000772,nydailynews.com,direct.adsrvr.org,request,2.6-202606,False,4,3,1
p000773,nydailynews.com,direct.adsrvr.org,request,2.6-202606,False,3,3,0
p000774,huffpost.com,direct.adsrvr.org,request,2.6-202606,False,2,1,1
p000775,huffpost.com,direct.adsrvr.org,request,2.6-202606,False,2,1,1
p000776,huffpost.com,direct.adsrvr.org,request,2.6-202606,False,2,1,1
p000777,huffpost.com,direct.adsrvr.org,request,2.6-202606,False,2,1,1
p000778,huffpost.com,direct.adsrvr.org,request,2.6-202606,False,1,1,0
p000779,huffpost.com,direct.adsrvr.org,request,2.6-202606,False,2,1,1
p000780,huffpost.com,direct.adsrvr.org,request,2.6-202606,False,1,1,0
p000781,huffpost.com,direct.adsrvr.org,request,2.6-202606,False,2,1,1
p000782,huffpost.com,direct.adsrvr.org,request,2.6-202606,False,1,1,0
p000783,thesun.co.uk,direct.adsrvr.org,request,2.6-202606,False,2,2,0
p000784,thesun.co.uk,direct.adsrvr.org,request,2.6-202606,False,2,2,0
p000785,thesun.co.uk,direct.adsrvr.org,request,2.6-202606,False,2,2,0
p000786,thesun.co.uk,direct.adsrvr.org,request,2.6-202606,False,2,2,0
p000787,thesun.co.uk,direct.adsrvr.org,request,2.6-202606,False,3,2,1
p000788,thesun.co.uk,direct.adsrvr.org,request,2.6-202606,False,2,2,0
p000789,thesun.co.uk,direct.adsrvr.org,request,2.6-202606,False,2,2,0
p000790,thesun.co.uk,direct.adsrvr.org,request,2.6-202606,False,2,2,0
p000791,standard.co.uk,direct.adsrvr.org,request,2.6-202606,False,4,3,1
p000792,thesun.co.uk,direct.adsrvr.org,request,2.6-202606,False,3,2,1
p000793,thesun.co.uk,direct.adsrvr.org,request,2.6-202606,False,2,2,0
p000794,cbsnews.com,direct.adsrvr.org,request,2.6-202606,False,2,2,0
p000795,standard.co.uk,direct.adsrvr.org,request,2.6-202606,False,6,4,2
p000796,standard.co.uk,direct.adsrvr.org,request,2.6-202606,False,2,1,1
p000797,cbsnews.com,direct.adsrvr.org,request,2.6-202606,False,2,2,0
p000798,time.com,direct.adsrvr.org,request,2.6-202606,False,2,2,0
p000799,time.com,direct.adsrvr.org,request,2.6-202606,False,2,2,0
p000800,time.com,direct.adsrvr.org,request,2.6-202606,False,2,2,0
p000801,time.com,direct.adsrvr.org,request,2.6-202606,False,2,2,0
p000802,time.com,direct.adsrvr.org,request,2.6-202606,False,2,2,0
p000803,time.com,direct.adsrvr.org,request,2.6-202606,False,2,2,0
p000804,time.com,direct.adsrvr.org,request,2.6-202606,False,2,2,0
p000805,time.com,direct.adsrvr.org,request,2.6-202606,False,2,2,0
p000806,time.com,direct.adsrvr.org,request,2.6-202606,False,2,2,0
p000807,time.com,direct.adsrvr.org,request,2.6-202606,False,2,2,0
p000808,slate.com,direct.adsrvr.org,request,2.6-202606,False,1,1,0
p000809,slate.com,direct.adsrvr.org,request,2.6-202606,False,1,1,0
p000810,newsweek.com,direct.adsrvr.org,request,2.6-202606,False,3,3,0
p000811,newsweek.com,direct.adsrvr.org,request,2.6-202606,False,3,3,0
p000812,newsweek.com,direct.adsrvr.org,request,2.6-202606,False,3,3,0
p000813,salon.com,direct.adsrvr.org,request,2.6-202606,False,1,1,0
p000814,salon.com,direct.adsrvr.org,request,2.6-202606,False,1,1,0
p000815,slate.com,direct.adsrvr.org,request,2.6-202606,False,1,1,0
p000816,salon.com,direct.adsrvr.org,request,2.6-202606,False,1,1,0
p000817,salon.com,direct.adsrvr.org,request,2.6-202606,False,1,1,0
p000818,salon.com,direct.adsrvr.org,request,2.6-202606,False,1,1,0
p000819,salon.com,direct.adsrvr.org,request,2.6-202606,False,3,2,1
p000820,salon.com,direct.adsrvr.org,request,2.6-202606,False,1,1,0
p000821,salon.com,direct.adsrvr.org,request,2.6-202606,False,3,2,1
p000822,salon.com,direct.adsrvr.org,request,2.6-202606,False,1,1,0
p000823,salon.com,direct.adsrvr.org,request,2.6-202606,False,1,1,0
p000824,salon.com,direct.adsrvr.org,request,2.6-202606,False,1,1,0
p000825,salon.com,direct.adsrvr.org,request,2.6-202606,False,1,1,0
p000826,salon.com,direct.adsrvr.org,request,2.6-202606,False,1,1,0
p000827,salon.com,direct.adsrvr.org,request,2.6-202606,False,3,2,1
p000828,salon.com,direct.adsrvr.org,request,2.6-202606,False,3,2,1
p000829,salon.com,direct.adsrvr.org,request,2.6-202606,False,1,1,0
p000830,salon.com,direct.adsrvr.org,request,2.6-202606,False,3,2,1
p000831,salon.com,direct.adsrvr.org,request,2.6-202606,False,3,2,1
p000832,salon.com,direct.adsrvr.org,request,2.6-202606,False,3,2,1
p000833,engadget.com,direct.adsrvr.org,request,2.6-202606,False,1,1,0
p000834,engadget.com,direct.adsrvr.org,request,2.6-202606,False,3,2,1
p000835,engadget.com,direct.adsrvr.org,request,2.6-202606,False,3,2,1
p000836,techcrunch.com,direct.adsrvr.org,request,2.6-202606,False,1,1,0
p000837,techcrunch.com,direct.adsrvr.org,request,2.6-202606,False,1,1,0
p000838,techcrunch.com,direct.adsrvr.org,request,2.6-202606,False,1,1,0
p000839,techcrunch.com,direct.adsrvr.org,request,2.6-202606,False,1,1,0
p000840,engadget.com,direct.adsrvr.org,request,2.6-202606,False,1,1,0
p000841,engadget.com,direct.adsrvr.org,request,2.6-202606,False,3,2,1
p000842,cnet.com,direct.adsrvr.org,request,2.6-202606,False,1,1,0
p000843,techcrunch.com,direct.adsrvr.org,request,2.6-202606,False,1,1,0
p000844,techcrunch.com,direct.adsrvr.org,request,2.6-202606,False,1,1,0
p000845,techcrunch.com,direct.adsrvr.org,request,2.6-202606,False,1,1,0
p000846,zdnet.com,direct.adsrvr.org,request,2.6-202606,False,1,1,0
p000847,cnet.com,direct.adsrvr.org,request,2.6-202606,False,1,1,0
p000848,cnet.com,direct.adsrvr.org,request,2.6-202606,False,1,1,0
p000849,tomshardware.com,direct.adsrvr.org,request,2.6-202606,False,2,2,0
p000850,zdnet.com,direct.adsrvr.org,request,2.6-202606,False,1,1,0
p000851,zdnet.com,direct.adsrvr.org,request,2.6-202606,False,1,1,0
p000852,zdnet.com,direct.adsrvr.org,request,2.6-202606,False,2,1,1
p000853,tomsguide.com,direct.adsrvr.org,request,2.6-202606,False,2,2,0
p000854,tomshardware.com,direct.adsrvr.org,request,2.6-202606,False,2,2,0
p000855,pcmag.com,direct.adsrvr.org,request,2.6-202606,False,1,1,0
p000856,pcmag.com,direct.adsrvr.org,request,2.6-202606,False,1,1,0
p000857,pcmag.com,direct.adsrvr.org,request,2.6-202606,False,1,1,0
p000858,pcmag.com,direct.adsrvr.org,request,2.6-202606,False,1,1,0
p000859,pcmag.com,direct.adsrvr.org,request,2.6-202606,False,1,1,0
p000860,pcmag.com,direct.adsrvr.org,request,2.6-202606,False,1,1,0
p000861,pcmag.com,direct.adsrvr.org,request,2.6-202606,False,1,1,0
p000862,androidauthority.com,direct.adsrvr.org,request,2.6-202606,False,4,3,1
p000863,androidauthority.com,direct.adsrvr.org,request,2.6-202606,False,3,3,0
p000864,androidauthority.com,direct.adsrvr.org,request,2.6-202606,False,4,3,1
p000865,androidauthority.com,direct.adsrvr.org,request,2.6-202606,False,3,3,0
p000866,macrumors.com,direct.adsrvr.org,request,2.6-202606,False,1,1,0
p000867,macrumors.com,direct.adsrvr.org,request,2.6-202606,False,1,1,0
p000868,macrumors.com,direct.adsrvr.org,request,2.6-202606,False,3,2,1
p000869,macrumors.com,direct.adsrvr.org,request,2.6-202606,False,1,1,0
p000870,macrumors.com,direct.adsrvr.org,request,2.6-202606,False,1,1,0
p000871,macrumors.com,direct.adsrvr.org,request,2.6-202606,False,1,1,0
p000872,macrumors.com,direct.adsrvr.org,request,2.6-202606,False,1,1,0
p000873,macrumors.com,direct.adsrvr.org,request,2.6-202606,False,1,1,0
p000874,macrumors.com,direct.adsrvr.org,request,2.6-202606,False,1,1,0
p000875,macrumors.com,direct.adsrvr.org,request,2.6-202606,False,1,1,0
p000876,macrumors.com,direct.adsrvr.org,request,2.6-202606,False,1,1,0
p000877,macrumors.com,direct.adsrvr.org,request,2.6-202606,False,1,1,0
p000878,macrumors.com,direct.adsrvr.org,request,2.6-202606,False,1,1,0
p000879,macrumors.com,direct.adsrvr.org,request,2.6-202606,False,1,1,0
p000880,macrumors.com,direct.adsrvr.org,request,2.6-202606,False,3,2,1
p000881,macrumors.com,direct.adsrvr.org,request,2.6-202606,False,1,1,0
p000882,macrumors.com,direct.adsrvr.org,request,2.6-202606,False,1,1,0
p000883,macrumors.com,direct.adsrvr.org,request,2.6-202606,False,1,1,0
p000884,macrumors.com,direct.adsrvr.org,request,2.6-202606,False,1,1,0
p000885,macrumors.com,direct.adsrvr.org,request,2.6-202606,False,1,1,0
p000886,macrumors.com,direct.adsrvr.org,request,2.6-202606,False,1,1,0
p000887,macrumors.com,direct.adsrvr.org,request,2.6-202606,False,1,1,0
p000888,macrumors.com,direct.adsrvr.org,request,2.6-202606,False,1,1,0
p000889,ign.com,direct.adsrvr.org,request,2.6-202606,False,1,1,0
p000890,pcgamer.com,direct.adsrvr.org,request,2.6-202606,False,4,3,1
p000891,pcgamer.com,direct.adsrvr.org,request,2.6-202606,False,2,2,0
p000892,pcgamer.com,direct.adsrvr.org,request,2.6-202606,False,2,2,0
p000893,rockpapershotgun.com,direct.adsrvr.org,request,2.6-202606,True,0,0,0
p000894,rockpapershotgun.com,direct.adsrvr.org,request,2.6-202606,True,0,0,0
p000895,rockpapershotgun.com,direct.adsrvr.org,request,2.6-202606,True,0,0,0
p000896,rockpapershotgun.com,direct.adsrvr.org,request,2.6-202606,True,0,0,0
p000897,eurogamer.net,direct.adsrvr.org,request,2.6-202606,True,0,0,0
p000898,eurogamer.net,direct.adsrvr.org,request,2.6-202606,True,0,0,0
p000899,eurogamer.net,direct.adsrvr.org,request,2.6-202606,True,0,0,0
p000900,eurogamer.net,direct.adsrvr.org,request,2.6-202606,True,0,0,0
p000901,rockpapershotgun.com,direct.adsrvr.org,request,2.6-202606,True,0,0,0
p000902,rockpapershotgun.com,direct.adsrvr.org,request,2.6-202606,True,0,0,0
p000903,rockpapershotgun.com,direct.adsrvr.org,request,2.6-202606,True,0,0,0
p000904,rockpapershotgun.com,direct.adsrvr.org,request,2.6-202606,True,0,0,0
p000905,rockpapershotgun.com,direct.adsrvr.org,request,2.6-202606,False,2,1,1
p000906,rockpapershotgun.com,direct.adsrvr.org,request,2.6-202606,True,0,0,0
p000907,vg247.com,direct.adsrvr.org,request,2.6-202606,True,0,0,0
p000908,vg247.com,direct.adsrvr.org,request,2.6-202606,True,0,0,0
p000909,vg247.com,direct.adsrvr.org,request,2.6-202606,True,0,0,0
p000910,vg247.com,direct.adsrvr.org,request,2.6-202606,True,0,0,0
p000911,eurogamer.net,direct.adsrvr.org,request,2.6-202606,True,0,0,0
p000912,eurogamer.net,direct.adsrvr.org,request,2.6-202606,True,0,0,0
p000913,eurogamer.net,direct.adsrvr.org,request,2.6-202606,True,0,0,0
p000914,eurogamer.net,direct.adsrvr.org,request,2.6-202606,False,2,1,1
p000915,eurogamer.net,direct.adsrvr.org,request,2.6-202606,True,0,0,0
p000916,vg247.com,direct.adsrvr.org,request,2.6-202606,True,0,0,0
p000917,vg247.com,direct.adsrvr.org,request,2.6-202606,True,0,0,0
p000918,vg247.com,direct.adsrvr.org,request,2.6-202606,True,0,0,0
p000919,eurogamer.net,direct.adsrvr.org,request,2.6-202606,False,2,1,1
p000920,vg247.com,direct.adsrvr.org,request,2.6-202606,True,0,0,0
p000921,vg247.com,direct.adsrvr.org,request,2.6-202606,True,0,0,0
p000922,vg247.com,direct.adsrvr.org,request,2.6-202606,True,0,0,0
p000923,vg247.com,direct.adsrvr.org,request,2.6-202606,False,2,1,1
p000924,cbssports.com,direct.adsrvr.org,request,2.6-202606,False,2,2,0
p000925,sportingnews.com,direct.adsrvr.org,request,2.6-202606,False,1,1,0
p000926,cbssports.com,direct.adsrvr.org,request,2.6-202606,False,3,3,0
p000927,cbssports.com,direct.adsrvr.org,request,2.6-202606,False,4,3,1
p000928,si.com,direct.adsrvr.org,request,2.6-202606,False,2,1,1
p000929,si.com,direct.adsrvr.org,request,2.6-202606,False,2,1,1
p000930,si.com,direct.adsrvr.org,request,2.6-202606,False,1,1,0
p000931,cbssports.com,direct.adsrvr.org,request,2.6-202606,False,2,2,0
p000932,cbssports.com,direct.adsrvr.org,request,2.6-202606,False,3,3,0
p000933,cbssports.com,direct.adsrvr.org,request,2.6-202606,False,4,3,1
p000934,bleacherreport.com,direct.adsrvr.org,request,2.6-202606,True,0,0,0
p000935,bleacherreport.com,direct.adsrvr.org,request,2.6-202606,True,0,0,0
p000936,bleacherreport.com,direct.adsrvr.org,request,2.6-202606,True,0,0,0
p000937,bleacherreport.com,direct.adsrvr.org,request,2.6-202606,True,0,0,0
p000938,bleacherreport.com,direct.adsrvr.org,request,2.6-202606,True,0,0,0
p000939,bleacherreport.com,direct.adsrvr.org,request,2.6-202606,True,0,0,0
p000940,bleacherreport.com,direct.adsrvr.org,request,2.6-202606,True,0,0,0
p000941,bleacherreport.com,direct.adsrvr.org,request,2.6-202606,True,0,0,0
p000942,talksport.com,direct.adsrvr.org,request,2.6-202606,False,2,2,0
p000943,talksport.com,direct.adsrvr.org,request,2.6-202606,False,2,2,0
p000944,talksport.com,direct.adsrvr.org,request,2.6-202606,False,2,2,0
p000945,talksport.com,direct.adsrvr.org,request,2.6-202606,False,2,2,0
p000946,talksport.com,direct.adsrvr.org,request,2.6-202606,False,2,2,0
p000947,talksport.com,direct.adsrvr.org,request,2.6-202606,False,2,2,0
p000948,bleacherreport.com,direct.adsrvr.org,request,2.6-202606,False,1,1,0
p000949,bleacherreport.com,direct.adsrvr.org,request,2.6-202606,False,1,1,0
p000950,bleacherreport.com,direct.adsrvr.org,request,2.6-202606,False,1,1,0
p000951,bleacherreport.com,direct.adsrvr.org,request,2.6-202606,False,1,1,0
p000952,bleacherreport.com,direct.adsrvr.org,request,2.6-202606,False,1,1,0
p000953,bleacherreport.com,direct.adsrvr.org,request,2.6-202606,False,1,1,0
p000954,bleacherreport.com,direct.adsrvr.org,request,2.6-202606,False,1,1,0
p000955,bleacherreport.com,direct.adsrvr.org,request,2.6-202606,False,1,1,0
p000956,bleacherreport.com,direct.adsrvr.org,request,2.6-202606,False,1,1,0
p000957,bleacherreport.com,direct.adsrvr.org,request,2.6-202606,False,1,1,0
p000958,bleacherreport.com,direct.adsrvr.org,request,2.6-202606,False,1,1,0
p000959,goal.com,direct.adsrvr.org,request,2.6-202606,False,5,5,0
p000960,talksport.com,direct.adsrvr.org,request,2.6-202606,False,2,2,0
p000961,talksport.com,direct.adsrvr.org,request,2.6-202606,False,2,2,0
p000962,talksport.com,direct.adsrvr.org,request,2.6-202606,False,2,2,0
p000963,talksport.com,direct.adsrvr.org,request,2.6-202606,False,2,2,0
p000964,talksport.com,direct.adsrvr.org,request,2.6-202606,False,2,2,0
p000965,weather.com,direct.adsrvr.org,request,2.6-202606,False,1,1,0
p000966,talksport.com,direct.adsrvr.org,request,2.6-202606,False,2,2,0
p000967,talksport.com,direct.adsrvr.org,request,2.6-202606,False,2,2,0
p000968,talksport.com,direct.adsrvr.org,request,2.6-202606,False,2,2,0
p000969,weather.com,direct.adsrvr.org,request,2.6-202606,False,1,1,0
p000970,goal.com,direct.adsrvr.org,request,2.6-202606,False,5,5,0
p000971,wunderground.com,direct.adsrvr.org,request,2.6-202606,False,1,1,0
p000972,weather.com,direct.adsrvr.org,request,2.6-202606,False,1,1,0
p000973,weather.com,direct.adsrvr.org,request,2.6-202606,False,1,1,0
p000974,weather.com,direct.adsrvr.org,request,2.6-202606,False,3,2,1
p000975,weather.com,direct.adsrvr.org,request,2.6-202606,False,2,2,0
p000976,wunderground.com,direct.adsrvr.org,request,2.6-202606,False,1,1,0
p000977,wunderground.com,direct.adsrvr.org,request,2.6-202606,False,3,2,1
p000978,wunderground.com,direct.adsrvr.org,request,2.6-202606,False,2,2,0
p000979,benzinga.com,direct.adsrvr.org,request,2.6-202606,False,1,1,0
p000980,benzinga.com,direct.adsrvr.org,request,2.6-202606,False,1,1,0
p000981,kiplinger.com,direct.adsrvr.org,request,2.6-202606,False,2,2,0
p000982,kiplinger.com,direct.adsrvr.org,request,2.6-202606,False,2,2,0
p000983,allrecipes.com,direct.adsrvr.org,request,2.6-202606,False,1,1,0
p000984,allrecipes.com,direct.adsrvr.org,request,2.6-202606,False,1,1,0
p000985,allrecipes.com,direct.adsrvr.org,request,2.6-202606,False,1,1,0
p000986,allrecipes.com,direct.adsrvr.org,request,2.6-202606,False,1,1,0
p000987,delish.com,direct.adsrvr.org,request,2.6-202606,False,1,1,0
p000988,delish.com,direct.adsrvr.org,request,2.6-202606,False,1,1,0
p000989,delish.com,direct.adsrvr.org,request,2.6-202606,False,1,1,0
p000990,foodnetwork.com,direct.adsrvr.org,request,2.6-202606,False,1,1,0
p000991,foodnetwork.com,direct.adsrvr.org,request,2.6-202606,False,1,1,0
p000992,delish.com,direct.adsrvr.org,request,2.6-202606,False,1,1,0
p000993,tasteofhome.com,direct.adsrvr.org,request,2.6-202606,False,1,1,0
p000994,tasteofhome.com,direct.adsrvr.org,request,2.6-202606,False,1,1,0
p000995,tasteofhome.com,direct.adsrvr.org,request,2.6-202606,False,1,1,0
p000996,seriouseats.com,direct.adsrvr.org,request,2.6-202606,False,1,1,0
p000997,seriouseats.com,direct.adsrvr.org,request,2.6-202606,False,1,1,0
p000998,tasteofhome.com,direct.adsrvr.org,request,2.6-202606,False,1,1,0
p000999,tasteofhome.com,direct.adsrvr.org,request,2.6-202606,False,4,3,1
p001000,tasteofhome.com,direct.adsrvr.org,request,2.6-202606,False,3,3,0
p001001,tasteofhome.com,direct.adsrvr.org,request,2.6-202606,False,1,1,0
p001002,tasteofhome.com,direct.adsrvr.org,request,2.6-202606,False,1,1,0
p001003,thespruceeats.com,direct.adsrvr.org,request,2.6-202606,False,1,1,0
p001004,thespruceeats.com,direct.adsrvr.org,request,2.6-202606,False,1,1,0
p001005,verywellhealth.com,direct.adsrvr.org,request,2.6-202606,False,1,1,0
p001006,verywellhealth.com,direct.adsrvr.org,request,2.6-202606,False,1,1,0
p001007,verywellhealth.com,direct.adsrvr.org,request,2.6-202606,False,1,1,0
p001008,verywellhealth.com,direct.adsrvr.org,request,2.6-202606,False,1,1,0
p001009,people.com,direct.adsrvr.org,request,2.6-202606,False,1,1,0
p001010,people.com,direct.adsrvr.org,request,2.6-202606,False,1,1,0
p001011,people.com,direct.adsrvr.org,request,2.6-202606,False,1,1,0
p001012,people.com,direct.adsrvr.org,request,2.6-202606,False,1,1,0
p001013,people.com,direct.adsrvr.org,request,2.6-202606,False,1,1,0
p001014,usmagazine.com,direct.adsrvr.org,request,2.6-202606,False,1,1,0
p001015,usmagazine.com,direct.adsrvr.org,request,2.6-202606,False,1,1,0
p001016,usmagazine.com,direct.adsrvr.org,request,2.6-202606,False,1,1,0
p001017,usmagazine.com,direct.adsrvr.org,request,2.6-202606,False,1,1,0
p001018,usmagazine.com,direct.adsrvr.org,request,2.6-202606,False,1,1,0
p001019,tmz.com,direct.adsrvr.org,request,2.6-202606,False,2,2,0
p001020,tmz.com,direct.adsrvr.org,request,2.6-202606,False,2,2,0
p001021,variety.com,direct.adsrvr.org,request,2.6-202606,False,1,1,0
p001022,variety.com,direct.adsrvr.org,request,2.6-202606,False,1,1,0
p001023,variety.com,direct.adsrvr.org,request,2.6-202606,False,1,1,0
p001024,deadline.com,direct.adsrvr.org,request,2.6-202606,False,3,1,2
p001025,hollywoodreporter.com,direct.adsrvr.org,request,2.6-202606,False,2,1,1
p001026,hollywoodreporter.com,direct.adsrvr.org,request,2.6-202606,False,2,1,1
p001027,rollingstone.com,direct.adsrvr.org,request,2.6-202606,False,1,1,0
p001028,hollywoodreporter.com,direct.adsrvr.org,request,2.6-202606,False,3,1,2
p001029,hollywoodreporter.com,direct.adsrvr.org,request,2.6-202606,False,2,1,1
p001030,hollywoodreporter.com,direct.adsrvr.org,request,2.6-202606,False,1,1,0
p001031,hollywoodreporter.com,direct.adsrvr.org,request,2.6-202606,False,1,1,0
p001032,rollingstone.com,direct.adsrvr.org,request,2.6-202606,False,3,1,2
p001033,rollingstone.com,direct.adsrvr.org,request,2.6-202606,False,2,1,1
p001034,rollingstone.com,direct.adsrvr.org,request,2.6-202606,False,2,1,1
p001035,billboard.com,direct.adsrvr.org,request,2.6-202606,False,1,1,0
p001036,billboard.com,direct.adsrvr.org,request,2.6-202606,False,2,1,1
p001037,stereogum.com,direct.adsrvr.org,request,2.6-202606,False,1,1,0
p001038,stereogum.com,direct.adsrvr.org,request,2.6-202606,False,3,2,1
p001039,billboard.com,direct.adsrvr.org,request,2.6-202606,False,2,1,1
p001040,billboard.com,direct.adsrvr.org,request,2.6-202606,False,2,1,1
p001041,stereogum.com,direct.adsrvr.org,request,2.6-202606,False,1,1,0
p001042,stereogum.com,direct.adsrvr.org,request,2.6-202606,False,3,2,1
p001043,billboard.com,direct.adsrvr.org,request,2.6-202606,False,3,1,2
p001044,billboard.com,direct.adsrvr.org,request,2.6-202606,False,2,1,1
p001045,billboard.com,direct.adsrvr.org,request,2.6-202606,False,1,1,0
p001046,boredpanda.com,direct.adsrvr.org,request,2.6-202606,False,1,1,0
p001047,boredpanda.com,direct.adsrvr.org,request,2.6-202606,False,4,3,1
p001048,boredpanda.com,direct.adsrvr.org,request,2.6-202606,False,3,3,0
p001049,boredpanda.com,direct.adsrvr.org,request,2.6-202606,False,1,1,0
p001050,boredpanda.com,direct.adsrvr.org,request,2.6-202606,False,4,3,1
p001051,boredpanda.com,direct.adsrvr.org,request,2.6-202606,False,3,3,0
p001052,ladbible.com,direct.adsrvr.org,request,2.6-202606,False,2,2,0
p001053,ladbible.com,direct.adsrvr.org,request,2.6-202606,False,2,2,0
p001054,ladbible.com,direct.adsrvr.org,request,2.6-202606,False,2,2,0
p001055,distractify.com,direct.adsrvr.org,request,2.6-202606,False,4,3,1
p001056,buzzfeed.com,direct.adsrvr.org,request,2.6-202606,False,1,1,0
p001057,buzzfeed.com,direct.adsrvr.org,request,2.6-202606,False,1,1,0
p001058,buzzfeed.com,direct.adsrvr.org,request,2.6-202606,False,1,1,0
p001059,buzzfeed.com,direct.adsrvr.org,request,2.6-202606,False,1,1,0
p001060,buzzfeed.com,direct.adsrvr.org,request,2.6-202606,False,1,1,0
p001061,buzzfeed.com,direct.adsrvr.org,request,2.6-202606,False,1,1,0
p001062,buzzfeed.com,direct.adsrvr.org,request,2.6-202606,False,1,1,0
p001063,unilad.com,direct.adsrvr.org,request,2.6-202606,False,2,2,0
p001064,unilad.com,direct.adsrvr.org,request,2.6-202606,False,2,2,0
p001065,buzzfeed.com,direct.adsrvr.org,request,2.6-202606,False,1,1,0
p001066,distractify.com,direct.adsrvr.org,request,2.6-202606,False,2,2,0
p001067,distractify.com,direct.adsrvr.org,request,2.6-202606,False,4,3,1
p001068,distractify.com,direct.adsrvr.org,request,2.6-202606,False,3,3,0
p001069,distractify.com,direct.adsrvr.org,request,2.6-202606,False,4,3,1
p001070,buzzfeed.com,direct.adsrvr.org,request,2.6-202606,False,2,1,1
p001071,buzzfeed.com,direct.adsrvr.org,request,2.6-202606,False,1,1,0
p001072,buzzfeed.com,direct.adsrvr.org,request,2.6-202606,False,1,1,0
p001073,buzzfeed.com,direct.adsrvr.org,request,2.6-202606,False,2,1,1
p001074,buzzfeed.com,direct.adsrvr.org,request,2.6-202606,False,2,1,1
p001075,ranker.com,direct.adsrvr.org,request,2.6-202606,False,1,1,0
p001076,grunge.com,direct.adsrvr.org,request,2.6-202606,False,1,1,0
p001077,ranker.com,direct.adsrvr.org,request,2.6-202606,False,1,1,0
p001078,ranker.com,direct.adsrvr.org,request,2.6-202606,False,1,1,0
p001079,ranker.com,direct.adsrvr.org,request,2.6-202606,False,3,2,1
p001080,ranker.com,direct.adsrvr.org,request,2.6-202606,False,1,1,0
p001081,ranker.com,direct.adsrvr.org,request,2.6-202606,False,1,1,0
p001082,ranker.com,direct.adsrvr.org,request,2.6-202606,False,3,2,1
p001083,ranker.com,direct.adsrvr.org,request,2.6-202606,False,3,2,1
p001084,grunge.com,direct.adsrvr.org,request,2.6-202606,False,1,1,0
p001085,grunge.com,direct.adsrvr.org,request,2.6-202606,False,3,2,1
p001086,grunge.com,direct.adsrvr.org,request,2.6-202606,False,3,2,1
p001087,grunge.com,direct.adsrvr.org,request,2.6-202606,False,1,1,0
p001088,grunge.com,direct.adsrvr.org,request,2.6-202606,False,1,1,0
p001089,grunge.com,direct.adsrvr.org,request,2.6-202606,False,1,1,0
p001090,grunge.com,direct.adsrvr.org,request,2.6-202606,False,1,1,0
p001091,grunge.com,direct.adsrvr.org,request,2.6-202606,False,1,1,0
p001092,ranker.com,direct.adsrvr.org,request,2.6-202606,False,3,2,1
p001093,grunge.com,direct.adsrvr.org,request,2.6-202606,False,1,1,0
p001094,grunge.com,direct.adsrvr.org,request,2.6-202606,False,1,1,0
p001095,grunge.com,direct.adsrvr.org,request,2.6-202606,False,1,1,0
p001096,ranker.com,direct.adsrvr.org,request,2.6-202606,False,3,2,1
p001097,ranker.com,direct.adsrvr.org,request,2.6-202606,False,3,2,1
p001098,ranker.com,direct.adsrvr.org,request,2.6-202606,False,3,2,1
p001099,grunge.com,direct.adsrvr.org,request,2.6-202606,False,3,2,1
p001100,slashfilm.com,direct.adsrvr.org,request,2.6-202606,False,1,1,0
p001101,slashfilm.com,direct.adsrvr.org,request,2.6-202606,False,1,1,0
p001102,slashfilm.com,direct.adsrvr.org,request,2.6-202606,False,3,2,1
p001103,mashed.com,direct.adsrvr.org,request,2.6-202606,False,1,1,0
p001104,mashed.com,direct.adsrvr.org,request,2.6-202606,False,3,2,1
p001105,slashfilm.com,direct.adsrvr.org,request,2.6-202606,False,3,2,1
p001106,slashfilm.com,direct.adsrvr.org,request,2.6-202606,False,3,2,1
p001107,tastingtable.com,direct.adsrvr.org,request,2.6-202606,False,1,1,0
p001108,sfgate.com,direct.adsrvr.org,request,2.6-202606,False,1,1,0
p001109,sfgate.com,direct.adsrvr.org,request,2.6-202606,False,2,1,1
p001110,sfgate.com,direct.adsrvr.org,request,2.6-202606,False,2,1,1
p001111,thehill.com,direct.adsrvr.org,request,2.6-202606,False,1,1,0
p001112,foxnews.com,direct.adsrvr.org,response,2.6-202606,True,0,0,0
p001113,nypost.com,direct.adsrvr.org,response,2.6-202606,True,0,0,0
p001114,pagesix.com,direct.adsrvr.org,response,2.6-202606,True,0,0,0
p001115,pagesix.com,direct.adsrvr.org,response,2.6-202606,True,0,0,0
p001116,foxnews.com,direct.adsrvr.org,response,2.6-202606,True,0,0,0
p001117,foxnews.com,direct.adsrvr.org,response,2.6-202606,True,0,0,0
p001118,foxnews.com,direct.adsrvr.org,response,2.6-202606,True,0,0,0
p001119,pagesix.com,direct.adsrvr.org,response,2.6-202606,True,0,0,0
p001120,nypost.com,direct.adsrvr.org,response,2.6-202606,True,0,0,0
p001121,pagesix.com,direct.adsrvr.org,response,2.6-202606,True,0,0,0
p001122,nypost.com,direct.adsrvr.org,response,2.6-202606,True,0,0,0
p001123,pagesix.com,direct.adsrvr.org,response,2.6-202606,True,0,0,0
p001124,pagesix.com,direct.adsrvr.org,response,2.6-202606,True,0,0,0
p001125,chicagotribune.com,direct.adsrvr.org,response,2.6-202606,True,0,0,0
p001126,chicagotribune.com,direct.adsrvr.org,response,2.6-202606,True,0,0,0
p001127,chicagotribune.com,direct.adsrvr.org,response,2.6-202606,True,0,0,0
p001128,chicagotribune.com,direct.adsrvr.org,response,2.6-202606,True,0,0,0
p001129,chicagotribune.com,direct.adsrvr.org,response,2.6-202606,True,0,0,0
p001130,chicagotribune.com,direct.adsrvr.org,response,2.6-202606,True,0,0,0
p001131,thedailybeast.com,direct.adsrvr.org,response,2.6-202606,True,0,0,0
p001132,nydailynews.com,direct.adsrvr.org,response,2.6-202606,True,0,0,0
p001133,nydailynews.com,direct.adsrvr.org,response,2.6-202606,True,0,0,0
p001134,nydailynews.com,direct.adsrvr.org,response,2.6-202606,True,0,0,0
p001135,businessinsider.com,direct.adsrvr.org,response,2.6-202606,True,0,0,0
p001136,nydailynews.com,direct.adsrvr.org,response,2.6-202606,True,0,0,0
p001137,businessinsider.com,direct.adsrvr.org,response,2.6-202606,True,0,0,0
p001138,businessinsider.com,direct.adsrvr.org,response,2.6-202606,True,0,0,0
p001139,businessinsider.com,direct.adsrvr.org,response,2.6-202606,True,0,0,0
p001140,nydailynews.com,direct.adsrvr.org,response,2.6-202606,True,0,0,0
p001141,nydailynews.com,direct.adsrvr.org,response,2.6-202606,True,0,0,0
p001142,nydailynews.com,direct.adsrvr.org,response,2.6-202606,True,0,0,0
p001143,huffpost.com,direct.adsrvr.org,response,2.6-202606,True,0,0,0
p001144,huffpost.com,direct.adsrvr.org,response,2.6-202606,True,0,0,0
p001145,huffpost.com,direct.adsrvr.org,response,2.6-202606,True,0,0,0
p001146,huffpost.com,direct.adsrvr.org,response,2.6-202606,True,0,0,0
p001147,huffpost.com,direct.adsrvr.org,response,2.6-202606,True,0,0,0
p001148,thesun.co.uk,direct.adsrvr.org,response,2.6-202606,True,0,0,0
p001149,thesun.co.uk,direct.adsrvr.org,response,2.6-202606,True,0,0,0
p001150,thesun.co.uk,direct.adsrvr.org,response,2.6-202606,True,0,0,0
p001151,thesun.co.uk,direct.adsrvr.org,response,2.6-202606,True,0,0,0
p001152,thesun.co.uk,direct.adsrvr.org,response,2.6-202606,True,0,0,0
p001153,standard.co.uk,direct.adsrvr.org,response,2.6-202606,True,0,0,0
p001154,thesun.co.uk,direct.adsrvr.org,response,2.6-202606,True,0,0,0
p001155,time.com,direct.adsrvr.org,response,2.6-202606,True,0,0,0
p001156,time.com,direct.adsrvr.org,response,2.6-202606,True,0,0,0
p001157,time.com,direct.adsrvr.org,response,2.6-202606,True,0,0,0
p001158,time.com,direct.adsrvr.org,response,2.6-202606,True,0,0,0
p001159,time.com,direct.adsrvr.org,response,2.6-202606,True,0,0,0
p001160,time.com,direct.adsrvr.org,response,2.6-202606,True,0,0,0
p001161,time.com,direct.adsrvr.org,response,2.6-202606,True,0,0,0
p001162,time.com,direct.adsrvr.org,response,2.6-202606,True,0,0,0
p001163,time.com,direct.adsrvr.org,response,2.6-202606,True,0,0,0
p001164,time.com,direct.adsrvr.org,response,2.6-202606,True,0,0,0
p001165,slate.com,direct.adsrvr.org,response,2.6-202606,True,0,0,0
p001166,slate.com,direct.adsrvr.org,response,2.6-202606,True,0,0,0
p001167,newsweek.com,direct.adsrvr.org,response,2.6-202606,True,0,0,0
p001168,salon.com,direct.adsrvr.org,response,2.6-202606,True,0,0,0
p001169,slate.com,direct.adsrvr.org,response,2.6-202606,True,0,0,0
p001170,techcrunch.com,direct.adsrvr.org,response,2.6-202606,True,0,0,0
p001171,techcrunch.com,direct.adsrvr.org,response,2.6-202606,True,0,0,0
p001172,cnet.com,direct.adsrvr.org,response,2.6-202606,True,0,0,0
p001173,techcrunch.com,direct.adsrvr.org,response,2.6-202606,True,0,0,0
p001174,zdnet.com,direct.adsrvr.org,response,2.6-202606,True,0,0,0
p001175,cnet.com,direct.adsrvr.org,response,2.6-202606,True,0,0,0
p001176,cnet.com,direct.adsrvr.org,response,2.6-202606,True,0,0,0
p001177,tomshardware.com,direct.adsrvr.org,response,2.6-202606,True,0,0,0
p001178,zdnet.com,direct.adsrvr.org,response,2.6-202606,True,0,0,0
p001179,zdnet.com,direct.adsrvr.org,response,2.6-202606,True,0,0,0
p001180,zdnet.com,direct.adsrvr.org,response,2.6-202606,True,0,0,0
p001181,tomsguide.com,direct.adsrvr.org,response,2.6-202606,True,0,0,0
p001182,tomshardware.com,direct.adsrvr.org,response,2.6-202606,True,0,0,0
p001183,pcmag.com,direct.adsrvr.org,response,2.6-202606,True,0,0,0
p001184,pcmag.com,direct.adsrvr.org,response,2.6-202606,True,0,0,0
p001185,pcmag.com,direct.adsrvr.org,response,2.6-202606,True,0,0,0
p001186,pcmag.com,direct.adsrvr.org,response,2.6-202606,True,0,0,0
p001187,pcmag.com,direct.adsrvr.org,response,2.6-202606,True,0,0,0
p001188,pcmag.com,direct.adsrvr.org,response,2.6-202606,True,0,0,0
p001189,pcmag.com,direct.adsrvr.org,response,2.6-202606,True,0,0,0
p001190,ign.com,direct.adsrvr.org,response,2.6-202606,True,0,0,0
p001191,pcgamer.com,direct.adsrvr.org,response,2.6-202606,True,0,0,0
p001192,pcgamer.com,direct.adsrvr.org,response,2.6-202606,True,0,0,0
p001193,pcgamer.com,direct.adsrvr.org,response,2.6-202606,True,0,0,0
p001194,rockpapershotgun.com,direct.adsrvr.org,response,2.6-202606,True,0,0,0
p001195,rockpapershotgun.com,direct.adsrvr.org,response,2.6-202606,True,0,0,0
p001196,rockpapershotgun.com,direct.adsrvr.org,response,2.6-202606,True,0,0,0
p001197,rockpapershotgun.com,direct.adsrvr.org,response,2.6-202606,True,0,0,0
p001198,eurogamer.net,direct.adsrvr.org,response,2.6-202606,True,0,0,0
p001199,eurogamer.net,direct.adsrvr.org,response,2.6-202606,True,0,0,0
p001200,eurogamer.net,direct.adsrvr.org,response,2.6-202606,True,0,0,0
p001201,eurogamer.net,direct.adsrvr.org,response,2.6-202606,True,0,0,0
p001202,rockpapershotgun.com,direct.adsrvr.org,response,2.6-202606,True,0,0,0
p001203,rockpapershotgun.com,direct.adsrvr.org,response,2.6-202606,True,0,0,0
p001204,rockpapershotgun.com,direct.adsrvr.org,response,2.6-202606,True,0,0,0
p001205,rockpapershotgun.com,direct.adsrvr.org,response,2.6-202606,True,0,0,0
p001206,rockpapershotgun.com,direct.adsrvr.org,response,2.6-202606,True,0,0,0
p001207,vg247.com,direct.adsrvr.org,response,2.6-202606,True,0,0,0
p001208,vg247.com,direct.adsrvr.org,response,2.6-202606,True,0,0,0
p001209,vg247.com,direct.adsrvr.org,response,2.6-202606,True,0,0,0
p001210,eurogamer.net,direct.adsrvr.org,response,2.6-202606,True,0,0,0
p001211,eurogamer.net,direct.adsrvr.org,response,2.6-202606,True,0,0,0
p001212,eurogamer.net,direct.adsrvr.org,response,2.6-202606,True,0,0,0
p001213,eurogamer.net,direct.adsrvr.org,response,2.6-202606,True,0,0,0
p001214,vg247.com,direct.adsrvr.org,response,2.6-202606,True,0,0,0
p001215,vg247.com,direct.adsrvr.org,response,2.6-202606,True,0,0,0
p001216,vg247.com,direct.adsrvr.org,response,2.6-202606,True,0,0,0
p001217,vg247.com,direct.adsrvr.org,response,2.6-202606,True,0,0,0
p001218,vg247.com,direct.adsrvr.org,response,2.6-202606,True,0,0,0
p001219,vg247.com,direct.adsrvr.org,response,2.6-202606,True,0,0,0
p001220,cbssports.com,direct.adsrvr.org,response,2.6-202606,True,0,0,0
p001221,si.com,direct.adsrvr.org,response,2.6-202606,True,0,0,0
p001222,si.com,direct.adsrvr.org,response,2.6-202606,True,0,0,0
p001223,cbssports.com,direct.adsrvr.org,response,2.6-202606,True,0,0,0
p001224,bleacherreport.com,direct.adsrvr.org,response,2.6-202606,True,0,0,0
p001225,bleacherreport.com,direct.adsrvr.org,response,2.6-202606,True,0,0,0
p001226,bleacherreport.com,direct.adsrvr.org,response,2.6-202606,True,0,0,0
p001227,bleacherreport.com,direct.adsrvr.org,response,2.6-202606,True,0,0,0
p001228,bleacherreport.com,direct.adsrvr.org,response,2.6-202606,True,0,0,0
p001229,bleacherreport.com,direct.adsrvr.org,response,2.6-202606,True,0,0,0
p001230,bleacherreport.com,direct.adsrvr.org,response,2.6-202606,True,0,0,0
p001231,bleacherreport.com,direct.adsrvr.org,response,2.6-202606,True,0,0,0
p001232,talksport.com,direct.adsrvr.org,response,2.6-202606,True,0,0,0
p001233,talksport.com,direct.adsrvr.org,response,2.6-202606,True,0,0,0
p001234,bleacherreport.com,direct.adsrvr.org,response,2.6-202606,True,0,0,0
p001235,bleacherreport.com,direct.adsrvr.org,response,2.6-202606,True,0,0,0
p001236,bleacherreport.com,direct.adsrvr.org,response,2.6-202606,True,0,0,0
p001237,bleacherreport.com,direct.adsrvr.org,response,2.6-202606,True,0,0,0
p001238,bleacherreport.com,direct.adsrvr.org,response,2.6-202606,True,0,0,0
p001239,bleacherreport.com,direct.adsrvr.org,response,2.6-202606,True,0,0,0
p001240,bleacherreport.com,direct.adsrvr.org,response,2.6-202606,True,0,0,0
p001241,bleacherreport.com,direct.adsrvr.org,response,2.6-202606,True,0,0,0
p001242,bleacherreport.com,direct.adsrvr.org,response,2.6-202606,True,0,0,0
p001243,bleacherreport.com,direct.adsrvr.org,response,2.6-202606,True,0,0,0
p001244,bleacherreport.com,direct.adsrvr.org,response,2.6-202606,True,0,0,0
p001245,goal.com,direct.adsrvr.org,response,2.6-202606,True,0,0,0
p001246,talksport.com,direct.adsrvr.org,response,2.6-202606,True,0,0,0
p001247,weather.com,direct.adsrvr.org,response,2.6-202606,True,0,0,0
p001248,goal.com,direct.adsrvr.org,response,2.6-202606,True,0,0,0
p001249,wunderground.com,direct.adsrvr.org,response,2.6-202606,True,0,0,0
p001250,weather.com,direct.adsrvr.org,response,2.6-202606,True,0,0,0
p001251,wunderground.com,direct.adsrvr.org,response,2.6-202606,True,0,0,0
p001252,kiplinger.com,direct.adsrvr.org,response,2.6-202606,True,0,0,0
p001253,kiplinger.com,direct.adsrvr.org,response,2.6-202606,True,0,0,0
p001254,allrecipes.com,direct.adsrvr.org,response,2.6-202606,True,0,0,0
p001255,allrecipes.com,direct.adsrvr.org,response,2.6-202606,True,0,0,0
p001256,allrecipes.com,direct.adsrvr.org,response,2.6-202606,True,0,0,0
p001257,allrecipes.com,direct.adsrvr.org,response,2.6-202606,True,0,0,0
p001258,delish.com,direct.adsrvr.org,response,2.6-202606,True,0,0,0
p001259,delish.com,direct.adsrvr.org,response,2.6-202606,True,0,0,0
p001260,foodnetwork.com,direct.adsrvr.org,response,2.6-202606,True,0,0,0
p001261,foodnetwork.com,direct.adsrvr.org,response,2.6-202606,True,0,0,0
p001262,delish.com,direct.adsrvr.org,response,2.6-202606,True,0,0,0
p001263,tasteofhome.com,direct.adsrvr.org,response,2.6-202606,True,0,0,0
p001264,tasteofhome.com,direct.adsrvr.org,response,2.6-202606,True,0,0,0
p001265,tasteofhome.com,direct.adsrvr.org,response,2.6-202606,True,0,0,0
p001266,seriouseats.com,direct.adsrvr.org,response,2.6-202606,True,0,0,0
p001267,seriouseats.com,direct.adsrvr.org,response,2.6-202606,True,0,0,0
p001268,tasteofhome.com,direct.adsrvr.org,response,2.6-202606,True,0,0,0
p001269,tasteofhome.com,direct.adsrvr.org,response,2.6-202606,True,0,0,0
p001270,thespruceeats.com,direct.adsrvr.org,response,2.6-202606,True,0,0,0
p001271,verywellhealth.com,direct.adsrvr.org,response,2.6-202606,True,0,0,0
p001272,verywellhealth.com,direct.adsrvr.org,response,2.6-202606,True,0,0,0
p001273,verywellhealth.com,direct.adsrvr.org,response,2.6-202606,True,0,0,0
p001274,people.com,direct.adsrvr.org,response,2.6-202606,True,0,0,0
p001275,usmagazine.com,direct.adsrvr.org,response,2.6-202606,True,0,0,0
p001276,usmagazine.com,direct.adsrvr.org,response,2.6-202606,True,0,0,0
p001277,usmagazine.com,direct.adsrvr.org,response,2.6-202606,True,0,0,0
p001278,usmagazine.com,direct.adsrvr.org,response,2.6-202606,True,0,0,0
p001279,usmagazine.com,direct.adsrvr.org,response,2.6-202606,True,0,0,0
p001280,tmz.com,direct.adsrvr.org,response,2.6-202606,True,0,0,0
p001281,tmz.com,direct.adsrvr.org,response,2.6-202606,True,0,0,0
p001282,variety.com,direct.adsrvr.org,response,2.6-202606,True,0,0,0
p001283,variety.com,direct.adsrvr.org,response,2.6-202606,True,0,0,0
p001284,variety.com,direct.adsrvr.org,response,2.6-202606,True,0,0,0
p001285,deadline.com,direct.adsrvr.org,response,2.6-202606,True,0,0,0
p001286,hollywoodreporter.com,direct.adsrvr.org,response,2.6-202606,True,0,0,0
p001287,rollingstone.com,direct.adsrvr.org,response,2.6-202606,True,0,0,0
p001288,hollywoodreporter.com,direct.adsrvr.org,response,2.6-202606,True,0,0,0
p001289,hollywoodreporter.com,direct.adsrvr.org,response,2.6-202606,True,0,0,0
p001290,hollywoodreporter.com,direct.adsrvr.org,response,2.6-202606,True,0,0,0
p001291,rollingstone.com,direct.adsrvr.org,response,2.6-202606,True,0,0,0
p001292,billboard.com,direct.adsrvr.org,response,2.6-202606,True,0,0,0
p001293,billboard.com,direct.adsrvr.org,response,2.6-202606,True,0,0,0
p001294,rollingstone.com,direct.adsrvr.org,response,2.6-202606,True,0,0,0
p001295,billboard.com,direct.adsrvr.org,response,2.6-202606,True,0,0,0
p001296,stereogum.com,direct.adsrvr.org,response,2.6-202606,True,0,0,0
p001297,billboard.com,direct.adsrvr.org,response,2.6-202606,True,0,0,0
p001298,billboard.com,direct.adsrvr.org,response,2.6-202606,True,0,0,0
p001299,billboard.com,direct.adsrvr.org,response,2.6-202606,True,0,0,0
p001300,buzzfeed.com,direct.adsrvr.org,response,2.6-202606,True,0,0,0
p001301,buzzfeed.com,direct.adsrvr.org,response,2.6-202606,True,0,0,0
p001302,buzzfeed.com,direct.adsrvr.org,response,2.6-202606,True,0,0,0
p001303,buzzfeed.com,direct.adsrvr.org,response,2.6-202606,True,0,0,0
p001304,unilad.com,direct.adsrvr.org,response,2.6-202606,True,0,0,0
p001305,unilad.com,direct.adsrvr.org,response,2.6-202606,True,0,0,0
p001306,distractify.com,direct.adsrvr.org,response,2.6-202606,True,0,0,0
p001307,distractify.com,direct.adsrvr.org,response,2.6-202606,True,0,0,0
p001308,distractify.com,direct.adsrvr.org,response,2.6-202606,True,0,0,0
p001309,distractify.com,direct.adsrvr.org,response,2.6-202606,True,0,0,0
p001310,buzzfeed.com,direct.adsrvr.org,response,2.6-202606,True,0,0,0
p001311,buzzfeed.com,direct.adsrvr.org,response,2.6-202606,True,0,0,0
p001312,buzzfeed.com,direct.adsrvr.org,response,2.6-202606,True,0,0,0
p001313,slashfilm.com,direct.adsrvr.org,response,2.6-202606,True,0,0,0
p001314,slashfilm.com,direct.adsrvr.org,response,2.6-202606,True,0,0,0
p001315,tastingtable.com,direct.adsrvr.org,response,2.6-202606,True,0,0,0
p001316,sfgate.com,direct.adsrvr.org,response,2.6-202606,True,0,0,0
p001317,thehill.com,direct.adsrvr.org,response,2.6-202606,True,0,0,0
p001318,usatoday.com,display.bidder.taboola.com,request,2.6-202606,True,0,0,0
p001319,usatoday.com,display.bidder.taboola.com,request,2.6-202606,True,0,0,0
p001320,usatoday.com,display.bidder.taboola.com,request,2.6-202606,True,0,0,0
p001321,usatoday.com,display.bidder.taboola.com,request,2.6-202606,True,0,0,0
p001322,usatoday.com,display.bidder.taboola.com,request,2.6-202606,True,0,0,0
p001323,independent.co.uk,display.bidder.taboola.com,request,2.6-202606,False,5,4,1
p001324,independent.co.uk,display.bidder.taboola.com,request,2.6-202606,False,6,5,1
p001325,cbsnews.com,display.bidder.taboola.com,request,2.6-202606,True,0,0,0
p001326,cbsnews.com,display.bidder.taboola.com,request,2.6-202606,True,0,0,0
p001327,time.com,display.bidder.taboola.com,request,2.6-202606,False,1,1,0
p001328,time.com,display.bidder.taboola.com,request,2.6-202606,False,1,1,0
p001329,time.com,display.bidder.taboola.com,request,2.6-202606,False,1,1,0
p001330,time.com,display.bidder.taboola.com,request,2.6-202606,False,1,1,0
p001331,time.com,display.bidder.taboola.com,request,2.6-202606,False,1,1,0
p001332,time.com,display.bidder.taboola.com,request,2.6-202606,False,1,1,0
p001333,time.com,display.bidder.taboola.com,request,2.6-202606,False,1,1,0
p001334,time.com,display.bidder.taboola.com,request,2.6-202606,False,1,1,0
p001335,time.com,display.bidder.taboola.com,request,2.6-202606,False,1,1,0
p001336,time.com,display.bidder.taboola.com,request,2.6-202606,False,1,1,0
p001337,slate.com,display.bidder.taboola.com,request,2.6-202606,False,2,2,0
p001338,slate.com,display.bidder.taboola.com,request,2.6-202606,False,1,1,0
p001339,slate.com,display.bidder.taboola.com,request,2.6-202606,False,1,1,0
p001340,cbssports.com,display.bidder.taboola.com,request,2.6-202606,True,0,0,0
p001341,cbssports.com,display.bidder.taboola.com,request,2.6-202606,True,0,0,0
p001342,goal.com,display.bidder.taboola.com,request,2.6-202606,False,4,4,0
p001343,weather.com,display.bidder.taboola.com,request,2.6-202606,True,0,0,0
p001344,weather.com,display.bidder.taboola.com,request,2.6-202606,True,0,0,0
p001345,goal.com,display.bidder.taboola.com,request,2.6-202606,False,4,4,0
p001346,wunderground.com,display.bidder.taboola.com,request,2.6-202606,True,0,0,0
p001347,weather.com,display.bidder.taboola.com,request,2.6-202606,True,0,0,0
p001348,weather.com,display.bidder.taboola.com,request,2.6-202606,True,0,0,0
p001349,wunderground.com,display.bidder.taboola.com,request,2.6-202606,True,0,0,0
p001350,thehill.com,display.bidder.taboola.com,request,2.6-202606,False,6,6,0
p001351,usatoday.com,display.bidder.taboola.com,response,2.6-202606,True,5,0,5
p001352,usatoday.com,display.bidder.taboola.com,response,2.6-202606,True,1,0,1
p001353,usatoday.com,display.bidder.taboola.com,response,2.6-202606,True,1,0,1
p001354,cbsnews.com,display.bidder.taboola.com,response,2.6-202606,True,2,0,2
p001355,slate.com,display.bidder.taboola.com,response,2.6-202606,True,1,0,1
p001356,slate.com,display.bidder.taboola.com,response,2.6-202606,True,1,0,1
p001357,cbssports.com,display.bidder.taboola.com,response,2.6-202606,True,1,0,1
p001358,wunderground.com,display.bidder.taboola.com,response,2.6-202606,True,2,0,2
p001359,thehill.com,display.bidder.taboola.com,response,2.6-202606,True,4,0,4
p001360,pagesix.com,elb.the-ozone-project.com,request,2.5,False,9,9,0
p001361,nypost.com,elb.the-ozone-project.com,request,2.5,False,5,5,0
p001362,pagesix.com,elb.the-ozone-project.com,request,2.5,False,2,2,0
p001363,nypost.com,elb.the-ozone-project.com,request,2.5,False,2,2,0
p001364,nypost.com,elb.the-ozone-project.com,request,2.5,False,2,2,0
p001365,pagesix.com,elb.the-ozone-project.com,request,2.5,False,2,2,0
p001366,pagesix.com,elb.the-ozone-project.com,request,2.5,False,2,2,0
p001367,pagesix.com,elb.the-ozone-project.com,request,2.5,False,2,2,0
p001368,nypost.com,elb.the-ozone-project.com,request,2.5,False,2,2,0
p001369,nypost.com,elb.the-ozone-project.com,request,2.5,False,4,4,0
p001370,pagesix.com,elb.the-ozone-project.com,request,2.5,False,5,5,0
p001371,pagesix.com,elb.the-ozone-project.com,request,2.5,False,3,3,0
p001372,pagesix.com,elb.the-ozone-project.com,request,2.5,False,2,2,0
p001373,businessinsider.com,elb.the-ozone-project.com,request,2.5,False,2,2,0
p001374,businessinsider.com,elb.the-ozone-project.com,request,2.5,False,2,2,0
p001375,businessinsider.com,elb.the-ozone-project.com,request,2.5,False,2,2,0
p001376,businessinsider.com,elb.the-ozone-project.com,request,2.5,False,2,2,0
p001377,huffpost.com,elb.the-ozone-project.com,request,2.5,False,3,3,0
p001378,huffpost.com,elb.the-ozone-project.com,request,2.5,False,5,5,0
p001379,huffpost.com,elb.the-ozone-project.com,request,2.5,False,5,5,0
p001380,independent.co.uk,elb.the-ozone-project.com,request,2.5,False,4,4,0
p001381,huffpost.com,elb.the-ozone-project.com,request,2.5,False,3,3,0
p001382,huffpost.com,elb.the-ozone-project.com,request,2.5,False,3,3,0
p001383,huffpost.com,elb.the-ozone-project.com,request,2.5,False,2,2,0
p001384,huffpost.com,elb.the-ozone-project.com,request,2.5,False,3,3,0
p001385,huffpost.com,elb.the-ozone-project.com,request,2.5,False,2,2,0
p001386,huffpost.com,elb.the-ozone-project.com,request,2.5,False,2,2,0
p001387,independent.co.uk,elb.the-ozone-project.com,request,2.5,False,5,5,0
p001388,huffpost.com,elb.the-ozone-project.com,request,2.5,False,2,2,0
p001389,thesun.co.uk,elb.the-ozone-project.com,request,2.5,False,16,16,0
p001390,thesun.co.uk,elb.the-ozone-project.com,request,2.5,False,4,4,0
p001391,thesun.co.uk,elb.the-ozone-project.com,request,2.5,False,4,4,0
p001392,metro.co.uk,elb.the-ozone-project.com,request,2.5,False,3,3,0
p001393,metro.co.uk,elb.the-ozone-project.com,request,2.5,False,3,3,0
p001394,thesun.co.uk,elb.the-ozone-project.com,request,2.5,False,16,16,0
p001395,thesun.co.uk,elb.the-ozone-project.com,request,2.5,False,3,3,0
p001396,thesun.co.uk,elb.the-ozone-project.com,request,2.5,False,4,4,0
p001397,thesun.co.uk,elb.the-ozone-project.com,request,2.5,False,2,2,0
p001398,thesun.co.uk,elb.the-ozone-project.com,request,2.5,False,4,4,0
p001399,standard.co.uk,elb.the-ozone-project.com,request,2.5,False,4,4,0
p001400,thesun.co.uk,elb.the-ozone-project.com,request,2.5,False,3,3,0
p001401,thesun.co.uk,elb.the-ozone-project.com,request,2.5,False,4,4,0
p001402,metro.co.uk,elb.the-ozone-project.com,request,2.5,False,3,3,0
p001403,metro.co.uk,elb.the-ozone-project.com,request,2.5,False,3,3,0
p001404,standard.co.uk,elb.the-ozone-project.com,request,2.5,False,8,8,0
p001405,standard.co.uk,elb.the-ozone-project.com,request,2.5,False,4,4,0
p001406,standard.co.uk,elb.the-ozone-project.com,request,2.5,False,4,4,0
p001407,newsweek.com,elb.the-ozone-project.com,request,2.5,False,2,2,0
p001408,newsweek.com,elb.the-ozone-project.com,request,2.5,False,2,2,0
p001409,newsweek.com,elb.the-ozone-project.com,request,2.5,False,2,2,0
p001410,cnet.com,elb.the-ozone-project.com,request,2.5,False,6,6,0
p001411,zdnet.com,elb.the-ozone-project.com,request,2.5,False,4,4,0
p001412,cnet.com,elb.the-ozone-project.com,request,2.5,False,6,6,0
p001413,cnet.com,elb.the-ozone-project.com,request,2.5,False,6,6,0
p001414,zdnet.com,elb.the-ozone-project.com,request,2.5,False,6,6,0
p001415,zdnet.com,elb.the-ozone-project.com,request,2.5,False,1,1,0
p001416,zdnet.com,elb.the-ozone-project.com,request,2.5,False,3,3,0
p001417,pcmag.com,elb.the-ozone-project.com,request,2.5,False,3,3,0
p001418,pcmag.com,elb.the-ozone-project.com,request,2.5,False,5,5,0
p001419,pcmag.com,elb.the-ozone-project.com,request,2.5,False,1,1,0
p001420,pcmag.com,elb.the-ozone-project.com,request,2.5,False,6,6,0
p001421,pcmag.com,elb.the-ozone-project.com,request,2.5,False,6,6,0
p001422,pcmag.com,elb.the-ozone-project.com,request,2.5,False,6,6,0
p001423,pcmag.com,elb.the-ozone-project.com,request,2.5,False,4,4,0
p001424,makeuseof.com,elb.the-ozone-project.com,request,2.5,False,3,3,0
p001425,makeuseof.com,elb.the-ozone-project.com,request,2.5,False,1,1,0
p001426,cbr.com,elb.the-ozone-project.com,request,2.5,False,3,3,0
p001427,cbr.com,elb.the-ozone-project.com,request,2.5,False,1,1,0
p001428,ign.com,elb.the-ozone-project.com,request,2.5,False,4,4,0
p001429,gamespot.com,elb.the-ozone-project.com,request,2.5,False,6,6,0
p001430,gamespot.com,elb.the-ozone-project.com,request,2.5,False,2,2,0
p001431,gamespot.com,elb.the-ozone-project.com,request,2.5,False,2,2,0
p001432,gamespot.com,elb.the-ozone-project.com,request,2.5,False,2,2,0
p001433,gamespot.com,elb.the-ozone-project.com,request,2.5,False,4,4,0
p001434,rockpapershotgun.com,elb.the-ozone-project.com,request,2.5,False,3,3,0
p001435,rockpapershotgun.com,elb.the-ozone-project.com,request,2.5,False,1,1,0
p001436,rockpapershotgun.com,elb.the-ozone-project.com,request,2.5,False,1,1,0
p001437,rockpapershotgun.com,elb.the-ozone-project.com,request,2.5,False,1,1,0
p001438,eurogamer.net,elb.the-ozone-project.com,request,2.5,False,3,3,0
p001439,eurogamer.net,elb.the-ozone-project.com,request,2.5,False,1,1,0
p001440,eurogamer.net,elb.the-ozone-project.com,request,2.5,False,1,1,0
p001441,eurogamer.net,elb.the-ozone-project.com,request,2.5,False,1,1,0
p001442,eurogamer.net,elb.the-ozone-project.com,request,2.5,False,3,3,0
p001443,rockpapershotgun.com,elb.the-ozone-project.com,request,2.5,False,3,3,0
p001444,rockpapershotgun.com,elb.the-ozone-project.com,request,2.5,False,1,1,0
p001445,rockpapershotgun.com,elb.the-ozone-project.com,request,2.5,False,1,1,0
p001446,rockpapershotgun.com,elb.the-ozone-project.com,request,2.5,False,1,1,0
p001447,rockpapershotgun.com,elb.the-ozone-project.com,request,2.5,False,3,3,0
p001448,rockpapershotgun.com,elb.the-ozone-project.com,request,2.5,False,1,1,0
p001449,vg247.com,elb.the-ozone-project.com,request,2.5,False,3,3,0
p001450,vg247.com,elb.the-ozone-project.com,request,2.5,False,1,1,0
p001451,vg247.com,elb.the-ozone-project.com,request,2.5,False,1,1,0
p001452,vg247.com,elb.the-ozone-project.com,request,2.5,False,1,1,0
p001453,eurogamer.net,elb.the-ozone-project.com,request,2.5,False,3,3,0
p001454,eurogamer.net,elb.the-ozone-project.com,request,2.5,False,1,1,0
p001455,eurogamer.net,elb.the-ozone-project.com,request,2.5,False,1,1,0
p001456,eurogamer.net,elb.the-ozone-project.com,request,2.5,False,3,3,0
p001457,eurogamer.net,elb.the-ozone-project.com,request,2.5,False,1,1,0
p001458,vg247.com,elb.the-ozone-project.com,request,2.5,False,3,3,0
p001459,vg247.com,elb.the-ozone-project.com,request,2.5,False,1,1,0
p001460,vg247.com,elb.the-ozone-project.com,request,2.5,False,1,1,0
p001461,eurogamer.net,elb.the-ozone-project.com,request,2.5,False,3,3,0
p001462,vg247.com,elb.the-ozone-project.com,request,2.5,False,1,1,0
p001463,vg247.com,elb.the-ozone-project.com,request,2.5,False,1,1,0
p001464,vg247.com,elb.the-ozone-project.com,request,2.5,False,1,1,0
p001465,sportingnews.com,elb.the-ozone-project.com,request,2.5,False,2,2,0
p001466,talksport.com,elb.the-ozone-project.com,request,2.5,False,2,2,0
p001467,talksport.com,elb.the-ozone-project.com,request,2.5,False,18,18,0
p001468,talksport.com,elb.the-ozone-project.com,request,2.5,False,4,4,0
p001469,talksport.com,elb.the-ozone-project.com,request,2.5,False,4,4,0
p001470,talksport.com,elb.the-ozone-project.com,request,2.5,False,4,4,0
p001471,talksport.com,elb.the-ozone-project.com,request,2.5,False,4,4,0
p001472,goal.com,elb.the-ozone-project.com,request,2.5,False,6,6,0
p001473,talksport.com,elb.the-ozone-project.com,request,2.5,False,2,2,0
p001474,talksport.com,elb.the-ozone-project.com,request,2.5,False,24,24,0
p001475,talksport.com,elb.the-ozone-project.com,request,2.5,False,2,2,0
p001476,talksport.com,elb.the-ozone-project.com,request,2.5,False,2,2,0
p001477,talksport.com,elb.the-ozone-project.com,request,2.5,False,8,8,0
p001478,talksport.com,elb.the-ozone-project.com,request,2.5,False,4,4,0
p001479,talksport.com,elb.the-ozone-project.com,request,2.5,False,4,4,0
p001480,talksport.com,elb.the-ozone-project.com,request,2.5,False,4,4,0
p001481,goal.com,elb.the-ozone-project.com,request,2.5,False,6,6,0
p001482,timeout.com,elb.the-ozone-project.com,request,2.5,False,4,4,0
p001483,boredpanda.com,elb.the-ozone-project.com,request,2.5,False,3,3,0
p001484,boredpanda.com,elb.the-ozone-project.com,request,2.5,False,3,3,0
p001485,boredpanda.com,elb.the-ozone-project.com,request,2.5,False,3,3,0
p001486,timeout.com,elb.the-ozone-project.com,request,2.5,False,3,3,0
p001487,timeout.com,elb.the-ozone-project.com,request,2.5,False,4,4,0
p001488,timeout.com,elb.the-ozone-project.com,request,2.5,False,2,2,0
p001489,timeout.com,elb.the-ozone-project.com,request,2.5,False,2,2,0
p001490,timeout.com,elb.the-ozone-project.com,request,2.5,False,2,2,0
p001491,buzzfeed.com,elb.the-ozone-project.com,request,2.5,False,2,2,0
p001492,buzzfeed.com,elb.the-ozone-project.com,request,2.5,False,1,1,0
p001493,buzzfeed.com,elb.the-ozone-project.com,request,2.5,False,1,1,0
p001494,buzzfeed.com,elb.the-ozone-project.com,request,2.5,False,2,2,0
p001495,buzzfeed.com,elb.the-ozone-project.com,request,2.5,False,1,1,0
p001496,buzzfeed.com,elb.the-ozone-project.com,request,2.5,False,2,2,0
p001497,buzzfeed.com,elb.the-ozone-project.com,request,2.5,False,2,2,0
p001498,buzzfeed.com,elb.the-ozone-project.com,request,2.5,False,2,2,0
p001499,buzzfeed.com,elb.the-ozone-project.com,request,2.5,False,3,3,0
p001500,buzzfeed.com,elb.the-ozone-project.com,request,2.5,False,2,2,0
p001501,buzzfeed.com,elb.the-ozone-project.com,request,2.5,False,1,1,0
p001502,buzzfeed.com,elb.the-ozone-project.com,request,2.5,False,3,3,0
p001503,buzzfeed.com,elb.the-ozone-project.com,request,2.5,False,3,3,0
p001504,buzzfeed.com,elb.the-ozone-project.com,request,2.5,False,2,2,0
p001505,looper.com,elb.the-ozone-project.com,request,2.5,False,5,5,0
p001506,pagesix.com,elb.the-ozone-project.com,response,2.6-202606,True,23,0,23
p001507,nypost.com,elb.the-ozone-project.com,response,2.6-202606,True,6,0,6
p001508,nypost.com,elb.the-ozone-project.com,response,2.6-202606,True,2,0,2
p001509,pagesix.com,elb.the-ozone-project.com,response,2.6-202606,True,7,0,7
p001510,pagesix.com,elb.the-ozone-project.com,response,2.6-202606,True,7,0,7
p001511,pagesix.com,elb.the-ozone-project.com,response,2.6-202606,True,6,0,6
p001512,nypost.com,elb.the-ozone-project.com,response,2.6-202606,True,2,0,2
p001513,pagesix.com,elb.the-ozone-project.com,response,2.6-202606,True,7,0,7
p001514,nypost.com,elb.the-ozone-project.com,response,2.6-202606,True,7,0,7
p001515,pagesix.com,elb.the-ozone-project.com,response,2.6-202606,True,10,0,10
p001516,pagesix.com,elb.the-ozone-project.com,response,2.6-202606,True,6,0,6
p001517,businessinsider.com,elb.the-ozone-project.com,response,2.6-202606,True,1,0,1
p001518,businessinsider.com,elb.the-ozone-project.com,response,2.6-202606,True,1,0,1
p001519,businessinsider.com,elb.the-ozone-project.com,response,2.6-202606,True,1,0,1
p001520,businessinsider.com,elb.the-ozone-project.com,response,2.6-202606,True,1,0,1
p001521,huffpost.com,elb.the-ozone-project.com,response,2.6-202606,True,0,0,0
p001522,huffpost.com,elb.the-ozone-project.com,response,2.6-202606,True,0,0,0
p001523,huffpost.com,elb.the-ozone-project.com,response,2.6-202606,True,0,0,0
p001524,independent.co.uk,elb.the-ozone-project.com,response,2.6-202606,True,2,0,2
p001525,huffpost.com,elb.the-ozone-project.com,response,2.6-202606,True,0,0,0
p001526,huffpost.com,elb.the-ozone-project.com,response,2.6-202606,True,1,0,1
p001527,huffpost.com,elb.the-ozone-project.com,response,2.6-202606,True,1,0,1
p001528,huffpost.com,elb.the-ozone-project.com,response,2.6-202606,True,1,0,1
p001529,huffpost.com,elb.the-ozone-project.com,response,2.6-202606,True,1,0,1
p001530,independent.co.uk,elb.the-ozone-project.com,response,2.6-202606,True,0,0,0
p001531,huffpost.com,elb.the-ozone-project.com,response,2.6-202606,True,1,0,1
p001532,thesun.co.uk,elb.the-ozone-project.com,response,2.6-202606,True,1,0,1
p001533,metro.co.uk,elb.the-ozone-project.com,response,2.6-202606,True,3,0,3
p001534,metro.co.uk,elb.the-ozone-project.com,response,2.6-202606,True,3,0,3
p001535,thesun.co.uk,elb.the-ozone-project.com,response,2.6-202606,True,1,0,1
p001536,thesun.co.uk,elb.the-ozone-project.com,response,2.6-202606,True,1,0,1
p001537,standard.co.uk,elb.the-ozone-project.com,response,2.6-202606,True,1,0,1
p001538,thesun.co.uk,elb.the-ozone-project.com,response,2.6-202606,True,2,0,2
p001539,metro.co.uk,elb.the-ozone-project.com,response,2.6-202606,True,3,0,3
p001540,metro.co.uk,elb.the-ozone-project.com,response,2.6-202606,True,3,0,3
p001541,standard.co.uk,elb.the-ozone-project.com,response,2.6-202606,True,0,0,0
p001542,standard.co.uk,elb.the-ozone-project.com,response,2.6-202606,True,1,0,1
p001543,standard.co.uk,elb.the-ozone-project.com,response,2.6-202606,True,0,0,0
p001544,newsweek.com,elb.the-ozone-project.com,response,2.6-202606,True,0,0,0
p001545,newsweek.com,elb.the-ozone-project.com,response,2.6-202606,True,1,0,1
p001546,newsweek.com,elb.the-ozone-project.com,response,2.6-202606,True,0,0,0
p001547,cnet.com,elb.the-ozone-project.com,response,2.6-202606,True,0,0,0
p001548,zdnet.com,elb.the-ozone-project.com,response,2.6-202606,True,4,0,4
p001549,cnet.com,elb.the-ozone-project.com,response,2.6-202606,True,4,0,4
p001550,cnet.com,elb.the-ozone-project.com,response,2.6-202606,True,3,0,3
p001551,zdnet.com,elb.the-ozone-project.com,response,2.6-202606,True,6,0,6
p001552,zdnet.com,elb.the-ozone-project.com,response,2.6-202606,True,1,0,1
p001553,zdnet.com,elb.the-ozone-project.com,response,2.6-202606,True,0,0,0
p001554,pcmag.com,elb.the-ozone-project.com,response,2.6-202606,True,1,0,1
p001555,pcmag.com,elb.the-ozone-project.com,response,2.6-202606,True,0,0,0
p001556,pcmag.com,elb.the-ozone-project.com,response,2.6-202606,True,1,0,1
p001557,pcmag.com,elb.the-ozone-project.com,response,2.6-202606,True,6,0,6
p001558,pcmag.com,elb.the-ozone-project.com,response,2.6-202606,True,6,0,6
p001559,pcmag.com,elb.the-ozone-project.com,response,2.6-202606,True,5,0,5
p001560,pcmag.com,elb.the-ozone-project.com,response,2.6-202606,True,2,0,2
p001561,makeuseof.com,elb.the-ozone-project.com,response,2.6-202606,True,0,0,0
p001562,makeuseof.com,elb.the-ozone-project.com,response,2.6-202606,True,0,0,0
p001563,cbr.com,elb.the-ozone-project.com,response,2.6-202606,True,0,0,0
p001564,cbr.com,elb.the-ozone-project.com,response,2.6-202606,True,0,0,0
p001565,ign.com,elb.the-ozone-project.com,response,2.6-202606,True,4,0,4
p001566,gamespot.com,elb.the-ozone-project.com,response,2.6-202606,True,2,0,2
p001567,gamespot.com,elb.the-ozone-project.com,response,2.6-202606,True,1,0,1
p001568,rockpapershotgun.com,elb.the-ozone-project.com,response,2.6-202606,True,1,0,1
p001569,rockpapershotgun.com,elb.the-ozone-project.com,response,2.6-202606,True,3,0,3
p001570,rockpapershotgun.com,elb.the-ozone-project.com,response,2.6-202606,True,1,0,1
p001571,rockpapershotgun.com,elb.the-ozone-project.com,response,2.6-202606,True,0,0,0
p001572,eurogamer.net,elb.the-ozone-project.com,response,2.6-202606,True,1,0,1
p001573,eurogamer.net,elb.the-ozone-project.com,response,2.6-202606,True,3,0,3
p001574,eurogamer.net,elb.the-ozone-project.com,response,2.6-202606,True,1,0,1
p001575,eurogamer.net,elb.the-ozone-project.com,response,2.6-202606,True,1,0,1
p001576,eurogamer.net,elb.the-ozone-project.com,response,2.6-202606,True,0,0,0
p001577,rockpapershotgun.com,elb.the-ozone-project.com,response,2.6-202606,True,1,0,1
p001578,rockpapershotgun.com,elb.the-ozone-project.com,response,2.6-202606,True,3,0,3
p001579,rockpapershotgun.com,elb.the-ozone-project.com,response,2.6-202606,True,1,0,1
p001580,rockpapershotgun.com,elb.the-ozone-project.com,response,2.6-202606,True,1,0,1
p001581,rockpapershotgun.com,elb.the-ozone-project.com,response,2.6-202606,True,1,0,1
p001582,rockpapershotgun.com,elb.the-ozone-project.com,response,2.6-202606,True,1,0,1
p001583,vg247.com,elb.the-ozone-project.com,response,2.6-202606,True,1,0,1
p001584,vg247.com,elb.the-ozone-project.com,response,2.6-202606,True,3,0,3
p001585,vg247.com,elb.the-ozone-project.com,response,2.6-202606,True,0,0,0
p001586,vg247.com,elb.the-ozone-project.com,response,2.6-202606,True,1,0,1
p001587,eurogamer.net,elb.the-ozone-project.com,response,2.6-202606,True,1,0,1
p001588,eurogamer.net,elb.the-ozone-project.com,response,2.6-202606,True,3,0,3
p001589,eurogamer.net,elb.the-ozone-project.com,response,2.6-202606,True,1,0,1
p001590,eurogamer.net,elb.the-ozone-project.com,response,2.6-202606,True,0,0,0
p001591,eurogamer.net,elb.the-ozone-project.com,response,2.6-202606,True,1,0,1
p001592,vg247.com,elb.the-ozone-project.com,response,2.6-202606,True,1,0,1
p001593,vg247.com,elb.the-ozone-project.com,response,2.6-202606,True,3,0,3
p001594,vg247.com,elb.the-ozone-project.com,response,2.6-202606,True,1,0,1
p001595,eurogamer.net,elb.the-ozone-project.com,response,2.6-202606,True,0,0,0
p001596,vg247.com,elb.the-ozone-project.com,response,2.6-202606,True,1,0,1
p001597,vg247.com,elb.the-ozone-project.com,response,2.6-202606,True,1,0,1
p001598,vg247.com,elb.the-ozone-project.com,response,2.6-202606,True,1,0,1
p001599,sportingnews.com,elb.the-ozone-project.com,response,2.6-202606,True,1,0,1
p001600,talksport.com,elb.the-ozone-project.com,response,2.6-202606,True,1,0,1
p001601,talksport.com,elb.the-ozone-project.com,response,2.6-202606,True,1,0,1
p001602,talksport.com,elb.the-ozone-project.com,response,2.6-202606,True,1,0,1
p001603,goal.com,elb.the-ozone-project.com,response,2.6-202606,True,1,0,1
p001604,talksport.com,elb.the-ozone-project.com,response,2.6-202606,True,2,0,2
p001605,talksport.com,elb.the-ozone-project.com,response,2.6-202606,True,12,0,12
p001606,talksport.com,elb.the-ozone-project.com,response,2.6-202606,True,2,0,2
p001607,talksport.com,elb.the-ozone-project.com,response,2.6-202606,True,1,0,1
p001608,goal.com,elb.the-ozone-project.com,response,2.6-202606,True,1,0,1
p001609,timeout.com,elb.the-ozone-project.com,response,2.6-202606,True,0,0,0
p001610,boredpanda.com,elb.the-ozone-project.com,response,2.6-202606,True,0,0,0
p001611,boredpanda.com,elb.the-ozone-project.com,response,2.6-202606,True,0,0,0
p001612,boredpanda.com,elb.the-ozone-project.com,response,2.6-202606,True,0,0,0
p001613,timeout.com,elb.the-ozone-project.com,response,2.6-202606,True,0,0,0
p001614,timeout.com,elb.the-ozone-project.com,response,2.6-202606,True,1,0,1
p001615,timeout.com,elb.the-ozone-project.com,response,2.6-202606,True,1,0,1
p001616,timeout.com,elb.the-ozone-project.com,response,2.6-202606,True,0,0,0
p001617,timeout.com,elb.the-ozone-project.com,response,2.6-202606,True,0,0,0
p001618,buzzfeed.com,elb.the-ozone-project.com,response,2.6-202606,True,1,0,1
p001619,buzzfeed.com,elb.the-ozone-project.com,response,2.6-202606,True,1,0,1
p001620,buzzfeed.com,elb.the-ozone-project.com,response,2.6-202606,True,1,0,1
p001621,buzzfeed.com,elb.the-ozone-project.com,response,2.6-202606,True,1,0,1
p001622,buzzfeed.com,elb.the-ozone-project.com,response,2.6-202606,True,1,0,1
p001623,buzzfeed.com,elb.the-ozone-project.com,response,2.6-202606,True,1,0,1
p001624,buzzfeed.com,elb.the-ozone-project.com,response,2.6-202606,True,1,0,1
p001625,buzzfeed.com,elb.the-ozone-project.com,response,2.6-202606,True,1,0,1
p001626,buzzfeed.com,elb.the-ozone-project.com,response,2.6-202606,True,1,0,1
p001627,buzzfeed.com,elb.the-ozone-project.com,response,2.6-202606,True,1,0,1
p001628,buzzfeed.com,elb.the-ozone-project.com,response,2.6-202606,True,1,0,1
p001629,buzzfeed.com,elb.the-ozone-project.com,response,2.6-202606,True,0,0,0
p001630,buzzfeed.com,elb.the-ozone-project.com,response,2.6-202606,True,0,0,0
p001631,buzzfeed.com,elb.the-ozone-project.com,response,2.6-202606,True,1,0,1
p001632,looper.com,elb.the-ozone-project.com,response,2.6-202606,True,0,0,0
p001633,dexerto.com,ex.ingage.tech,request,2.6-202606,False,1,1,0
p001634,dexerto.com,ex.ingage.tech,request,2.6-202606,False,1,1,0
p001635,dexerto.com,ex.ingage.tech,request,2.6-202606,False,1,1,0
p001636,dexerto.com,ex.ingage.tech,response,2.6-202606,True,0,0,0
p001637,time.com,exchange.postrelease.com,request,2.6-202606,False,1,1,0
p001638,time.com,exchange.postrelease.com,request,2.6-202606,False,1,1,0
p001639,time.com,exchange.postrelease.com,request,2.6-202606,False,1,1,0
p001640,time.com,exchange.postrelease.com,request,2.6-202606,False,1,1,0
p001641,time.com,exchange.postrelease.com,request,2.6-202606,False,1,1,0
p001642,time.com,exchange.postrelease.com,request,2.6-202606,False,1,1,0
p001643,time.com,exchange.postrelease.com,request,2.6-202606,False,1,1,0
p001644,time.com,exchange.postrelease.com,request,2.6-202606,False,1,1,0
p001645,time.com,exchange.postrelease.com,request,2.6-202606,False,1,1,0
p001646,time.com,exchange.postrelease.com,request,2.6-202606,False,1,1,0
p001647,salon.com,exchange.postrelease.com,request,2.6-202606,True,0,0,0
p001648,salon.com,exchange.postrelease.com,request,2.6-202606,True,0,0,0
p001649,salon.com,exchange.postrelease.com,request,2.6-202606,True,0,0,0
p001650,salon.com,exchange.postrelease.com,request,2.6-202606,True,0,0,0
p001651,salon.com,exchange.postrelease.com,request,2.6-202606,True,0,0,0
p001652,salon.com,exchange.postrelease.com,request,2.6-202606,True,0,0,0
p001653,salon.com,exchange.postrelease.com,request,2.6-202606,True,0,0,0
p001654,salon.com,exchange.postrelease.com,request,2.6-202606,True,0,0,0
p001655,salon.com,exchange.postrelease.com,request,2.6-202606,True,0,0,0
p001656,salon.com,exchange.postrelease.com,request,2.6-202606,True,0,0,0
p001657,salon.com,exchange.postrelease.com,request,2.6-202606,True,0,0,0
p001658,salon.com,exchange.postrelease.com,request,2.6-202606,True,0,0,0
p001659,engadget.com,exchange.postrelease.com,request,2.6-202606,True,0,0,0
p001660,engadget.com,exchange.postrelease.com,request,2.6-202606,True,0,0,0
p001661,macrumors.com,exchange.postrelease.com,request,2.6-202606,True,0,0,0
p001662,macrumors.com,exchange.postrelease.com,request,2.6-202606,True,0,0,0
p001663,macrumors.com,exchange.postrelease.com,request,2.6-202606,True,0,0,0
p001664,macrumors.com,exchange.postrelease.com,request,2.6-202606,True,0,0,0
p001665,macrumors.com,exchange.postrelease.com,request,2.6-202606,True,0,0,0
p001666,macrumors.com,exchange.postrelease.com,request,2.6-202606,True,0,0,0
p001667,macrumors.com,exchange.postrelease.com,request,2.6-202606,True,0,0,0
p001668,macrumors.com,exchange.postrelease.com,request,2.6-202606,True,0,0,0
p001669,macrumors.com,exchange.postrelease.com,request,2.6-202606,True,0,0,0
p001670,macrumors.com,exchange.postrelease.com,request,2.6-202606,True,0,0,0
p001671,macrumors.com,exchange.postrelease.com,request,2.6-202606,True,0,0,0
p001672,macrumors.com,exchange.postrelease.com,request,2.6-202606,True,0,0,0
p001673,macrumors.com,exchange.postrelease.com,request,2.6-202606,True,0,0,0
p001674,macrumors.com,exchange.postrelease.com,request,2.6-202606,True,0,0,0
p001675,macrumors.com,exchange.postrelease.com,request,2.6-202606,True,0,0,0
p001676,macrumors.com,exchange.postrelease.com,request,2.6-202606,True,0,0,0
p001677,macrumors.com,exchange.postrelease.com,request,2.6-202606,True,0,0,0
p001678,macrumors.com,exchange.postrelease.com,request,2.6-202606,True,0,0,0
p001679,macrumors.com,exchange.postrelease.com,request,2.6-202606,True,0,0,0
p001680,macrumors.com,exchange.postrelease.com,request,2.6-202606,True,0,0,0
p001681,macrumors.com,exchange.postrelease.com,request,2.6-202606,True,0,0,0
p001682,si.com,exchange.postrelease.com,request,2.6-202606,True,0,0,0
p001683,benzinga.com,exchange.postrelease.com,request,2.6-202606,True,0,0,0
p001684,benzinga.com,exchange.postrelease.com,request,2.6-202606,True,0,0,0
p001685,stereogum.com,exchange.postrelease.com,request,2.6-202606,True,0,0,0
p001686,stereogum.com,exchange.postrelease.com,request,2.6-202606,True,0,0,0
p001687,stereogum.com,exchange.postrelease.com,request,2.6-202606,True,0,0,0
p001688,ranker.com,exchange.postrelease.com,request,2.6-202606,True,0,0,0
p001689,grunge.com,exchange.postrelease.com,request,2.6-202606,True,0,0,0
p001690,ranker.com,exchange.postrelease.com,request,2.6-202606,True,0,0,0
p001691,ranker.com,exchange.postrelease.com,request,2.6-202606,True,0,0,0
p001692,ranker.com,exchange.postrelease.com,request,2.6-202606,True,0,0,0
p001693,ranker.com,exchange.postrelease.com,request,2.6-202606,True,0,0,0
p001694,ranker.com,exchange.postrelease.com,request,2.6-202606,True,0,0,0
p001695,grunge.com,exchange.postrelease.com,request,2.6-202606,True,0,0,0
p001696,grunge.com,exchange.postrelease.com,request,2.6-202606,True,0,0,0
p001697,grunge.com,exchange.postrelease.com,request,2.6-202606,True,0,0,0
p001698,grunge.com,exchange.postrelease.com,request,2.6-202606,True,0,0,0
p001699,grunge.com,exchange.postrelease.com,request,2.6-202606,True,0,0,0
p001700,grunge.com,exchange.postrelease.com,request,2.6-202606,True,0,0,0
p001701,grunge.com,exchange.postrelease.com,request,2.6-202606,True,0,0,0
p001702,grunge.com,exchange.postrelease.com,request,2.6-202606,True,0,0,0
p001703,grunge.com,exchange.postrelease.com,request,2.6-202606,True,0,0,0
p001704,slashfilm.com,exchange.postrelease.com,request,2.6-202606,True,0,0,0
p001705,slashfilm.com,exchange.postrelease.com,request,2.6-202606,True,0,0,0
p001706,mashed.com,exchange.postrelease.com,request,2.6-202606,True,0,0,0
p001707,tastingtable.com,exchange.postrelease.com,request,2.6-202606,True,0,0,0
p001708,thehill.com,exchange.postrelease.com,request,2.6-202606,True,0,0,0
p001709,time.com,exchange.postrelease.com,response,2.6-202606,False,1,1,0
p001710,time.com,exchange.postrelease.com,response,2.6-202606,False,1,1,0
p001711,time.com,exchange.postrelease.com,response,2.6-202606,False,1,1,0
p001712,macrumors.com,exchange.postrelease.com,response,2.6-202606,False,1,1,0
p001713,si.com,exchange.postrelease.com,response,2.6-202606,False,1,1,0
p001714,independent.co.uk,fast.nexx360.io,request,2.6-202606,False,2,1,1
p001715,independent.co.uk,fast.nexx360.io,request,2.6-202606,False,2,1,1
p001716,sportingnews.com,fast.nexx360.io,request,2.6-202606,True,0,0,0
p001717,usmagazine.com,fast.nexx360.io,request,2.6-202606,True,0,0,0
p001718,usmagazine.com,fast.nexx360.io,request,2.6-202606,True,0,0,0
p001719,usmagazine.com,fast.nexx360.io,request,2.6-202606,True,0,0,0
p001720,usmagazine.com,fast.nexx360.io,request,2.6-202606,True,0,0,0
p001721,usmagazine.com,fast.nexx360.io,request,2.6-202606,True,0,0,0
p001722,ladbible.com,fast.nexx360.io,request,2.6-202606,False,1,1,0
p001723,ladbible.com,fast.nexx360.io,request,2.6-202606,False,1,1,0
p001724,unilad.com,fast.nexx360.io,request,2.6-202606,False,1,1,0
p001725,unilad.com,fast.nexx360.io,request,2.6-202606,False,1,1,0
p001726,unilad.com,fast.nexx360.io,request,2.6-202606,False,1,1,0
p001727,unilad.com,fast.nexx360.io,request,2.6-202606,False,1,1,0
p001728,unilad.com,fast.nexx360.io,request,2.6-202606,True,1,0,1
p001729,unilad.com,fast.nexx360.io,request,2.6-202606,True,1,0,1
p001730,independent.co.uk,fast.nexx360.io,response,2.6-202606,True,4,0,4
p001731,independent.co.uk,fast.nexx360.io,response,2.6-202606,True,5,0,5
p001732,sportingnews.com,fast.nexx360.io,response,2.6-202606,True,1,0,1
p001733,usmagazine.com,fast.nexx360.io,response,2.6-202606,True,4,0,4
p001734,usmagazine.com,fast.nexx360.io,response,2.6-202606,True,2,0,2
p001735,usmagazine.com,fast.nexx360.io,response,2.6-202606,True,10,0,10
p001736,usmagazine.com,fast.nexx360.io,response,2.6-202606,True,3,0,3
p001737,usmagazine.com,fast.nexx360.io,response,2.6-202606,True,1,0,1
p001738,ladbible.com,fast.nexx360.io,response,2.6-202606,False,1,1,0
p001739,ladbible.com,fast.nexx360.io,response,2.6-202606,True,1,0,1
p001740,unilad.com,fast.nexx360.io,response,2.6-202606,True,1,0,1
p001741,unilad.com,fast.nexx360.io,response,2.6-202606,False,1,1,0
p001742,unilad.com,fast.nexx360.io,response,2.6-202606,False,1,1,0
p001743,unilad.com,fast.nexx360.io,response,2.6-202606,True,1,0,1
p001744,unilad.com,fast.nexx360.io,response,2.6-202606,True,1,0,1
p001745,unilad.com,fast.nexx360.io,response,2.6-202606,True,1,0,1
p001746,businessinsider.com,fastlane.rubiconproject.com,request,2.6-202606,True,0,0,0
p001747,businessinsider.com,fastlane.rubiconproject.com,request,2.6-202606,True,0,0,0
p001748,businessinsider.com,fastlane.rubiconproject.com,request,2.6-202606,True,0,0,0
p001749,businessinsider.com,fastlane.rubiconproject.com,request,2.6-202606,True,0,0,0
p001750,huffpost.com,fastlane.rubiconproject.com,request,2.6-202606,True,0,0,0
p001751,huffpost.com,fastlane.rubiconproject.com,request,2.6-202606,True,1,0,1
p001752,huffpost.com,fastlane.rubiconproject.com,request,2.6-202606,True,0,0,0
p001753,huffpost.com,fastlane.rubiconproject.com,request,2.6-202606,True,1,0,1
p001754,huffpost.com,fastlane.rubiconproject.com,request,2.6-202606,True,1,0,1
p001755,huffpost.com,fastlane.rubiconproject.com,request,2.6-202606,True,0,0,0
p001756,huffpost.com,fastlane.rubiconproject.com,request,2.6-202606,True,1,0,1
p001757,huffpost.com,fastlane.rubiconproject.com,request,2.6-202606,True,0,0,0
p001758,huffpost.com,fastlane.rubiconproject.com,request,2.6-202606,True,0,0,0
p001759,huffpost.com,fastlane.rubiconproject.com,request,2.6-202606,True,1,0,1
p001760,huffpost.com,fastlane.rubiconproject.com,request,2.6-202606,True,0,0,0
p001761,huffpost.com,fastlane.rubiconproject.com,request,2.6-202606,True,0,0,0
p001762,huffpost.com,fastlane.rubiconproject.com,request,2.6-202606,True,1,0,1
p001763,huffpost.com,fastlane.rubiconproject.com,request,2.6-202606,True,0,0,0
p001764,huffpost.com,fastlane.rubiconproject.com,request,2.6-202606,True,0,0,0
p001765,nbcnews.com,fastlane.rubiconproject.com,request,2.6-202606,True,0,0,0
p001766,abcnews.go.com,fastlane.rubiconproject.com,request,2.6-202606,True,0,0,0
p001767,nbcnews.com,fastlane.rubiconproject.com,request,2.6-202606,True,0,0,0
p001768,nbcnews.com,fastlane.rubiconproject.com,request,2.6-202606,True,0,0,0
p001769,vox.com,fastlane.rubiconproject.com,request,2.6-202606,True,0,0,0
p001770,vox.com,fastlane.rubiconproject.com,request,2.6-202606,True,0,0,0
p001771,vox.com,fastlane.rubiconproject.com,request,2.6-202606,True,0,0,0
p001772,vox.com,fastlane.rubiconproject.com,request,2.6-202606,True,0,0,0
p001773,theverge.com,fastlane.rubiconproject.com,request,2.6-202606,True,0,0,0
p001774,theverge.com,fastlane.rubiconproject.com,request,2.6-202606,True,0,0,0
p001775,theverge.com,fastlane.rubiconproject.com,request,2.6-202606,True,0,0,0
p001776,vox.com,fastlane.rubiconproject.com,request,2.6-202606,True,0,0,0
p001777,vox.com,fastlane.rubiconproject.com,request,2.6-202606,True,0,0,0
p001778,theverge.com,fastlane.rubiconproject.com,request,2.6-202606,True,0,0,0
p001779,theverge.com,fastlane.rubiconproject.com,request,2.6-202606,True,0,0,0
p001780,theverge.com,fastlane.rubiconproject.com,request,2.6-202606,True,0,0,0
p001781,theverge.com,fastlane.rubiconproject.com,request,2.6-202606,True,0,0,0
p001782,vox.com,fastlane.rubiconproject.com,request,2.6-202606,True,0,0,0
p001783,vox.com,fastlane.rubiconproject.com,request,2.6-202606,True,0,0,0
p001784,vox.com,fastlane.rubiconproject.com,request,2.6-202606,True,0,0,0
p001785,vox.com,fastlane.rubiconproject.com,request,2.6-202606,True,0,0,0
p001786,vox.com,fastlane.rubiconproject.com,request,2.6-202606,True,0,0,0
p001787,theverge.com,fastlane.rubiconproject.com,request,2.6-202606,True,0,0,0
p001788,theverge.com,fastlane.rubiconproject.com,request,2.6-202606,True,0,0,0
p001789,theverge.com,fastlane.rubiconproject.com,request,2.6-202606,True,0,0,0
p001790,theverge.com,fastlane.rubiconproject.com,request,2.6-202606,True,0,0,0
p001791,theverge.com,fastlane.rubiconproject.com,request,2.6-202606,True,0,0,0
p001792,bleacherreport.com,fastlane.rubiconproject.com,request,2.6-202606,True,0,0,0
p001793,bleacherreport.com,fastlane.rubiconproject.com,request,2.6-202606,True,0,0,0
p001794,bleacherreport.com,fastlane.rubiconproject.com,request,2.6-202606,True,0,0,0
p001795,bleacherreport.com,fastlane.rubiconproject.com,request,2.6-202606,True,0,0,0
p001796,bleacherreport.com,fastlane.rubiconproject.com,request,2.6-202606,True,0,0,0
p001797,bleacherreport.com,fastlane.rubiconproject.com,request,2.6-202606,True,0,0,0
p001798,bleacherreport.com,fastlane.rubiconproject.com,request,2.6-202606,True,0,0,0
p001799,bleacherreport.com,fastlane.rubiconproject.com,request,2.6-202606,True,0,0,0
p001800,bleacherreport.com,fastlane.rubiconproject.com,request,2.6-202606,True,0,0,0
p001801,bleacherreport.com,fastlane.rubiconproject.com,request,2.6-202606,True,0,0,0
p001802,bleacherreport.com,fastlane.rubiconproject.com,request,2.6-202606,True,0,0,0
p001803,bleacherreport.com,fastlane.rubiconproject.com,request,2.6-202606,True,0,0,0
p001804,bleacherreport.com,fastlane.rubiconproject.com,request,2.6-202606,True,0,0,0
p001805,bleacherreport.com,fastlane.rubiconproject.com,request,2.6-202606,True,0,0,0
p001806,bleacherreport.com,fastlane.rubiconproject.com,request,2.6-202606,True,0,0,0
p001807,bleacherreport.com,fastlane.rubiconproject.com,request,2.6-202606,True,0,0,0
p001808,bleacherreport.com,fastlane.rubiconproject.com,request,2.6-202606,True,0,0,0
p001809,bleacherreport.com,fastlane.rubiconproject.com,request,2.6-202606,True,0,0,0
p001810,bleacherreport.com,fastlane.rubiconproject.com,request,2.6-202606,True,0,0,0
p001811,weather.com,fastlane.rubiconproject.com,request,2.6-202606,True,0,0,0
p001812,weather.com,fastlane.rubiconproject.com,request,2.6-202606,True,0,0,0
p001813,wunderground.com,fastlane.rubiconproject.com,request,2.6-202606,True,0,0,0
p001814,weather.com,fastlane.rubiconproject.com,request,2.6-202606,True,0,0,0
p001815,weather.com,fastlane.rubiconproject.com,request,2.6-202606,True,0,0,0
p001816,wunderground.com,fastlane.rubiconproject.com,request,2.6-202606,True,0,0,0
p001817,delish.com,fastlane.rubiconproject.com,request,2.6-202606,True,0,0,0
p001818,delish.com,fastlane.rubiconproject.com,request,2.6-202606,True,0,0,0
p001819,delish.com,fastlane.rubiconproject.com,request,2.6-202606,True,0,0,0
p001820,foodnetwork.com,fastlane.rubiconproject.com,request,2.6-202606,True,0,0,0
p001821,foodnetwork.com,fastlane.rubiconproject.com,request,2.6-202606,True,0,0,0
p001822,delish.com,fastlane.rubiconproject.com,request,2.6-202606,True,0,0,0
p001823,eonline.com,fastlane.rubiconproject.com,request,2.6-202606,True,0,0,0
p001824,eonline.com,fastlane.rubiconproject.com,request,2.6-202606,True,0,0,0
p001825,eonline.com,fastlane.rubiconproject.com,request,2.6-202606,True,0,0,0
p001826,eonline.com,fastlane.rubiconproject.com,request,2.6-202606,True,0,0,0
p001827,eonline.com,fastlane.rubiconproject.com,request,2.6-202606,True,0,0,0
p001828,eonline.com,fastlane.rubiconproject.com,request,2.6-202606,True,0,0,0
p001829,eonline.com,fastlane.rubiconproject.com,request,2.6-202606,True,0,0,0
p001830,eonline.com,fastlane.rubiconproject.com,request,2.6-202606,True,0,0,0
p001831,thrillist.com,fastlane.rubiconproject.com,request,2.6-202606,True,0,0,0
p001832,thrillist.com,fastlane.rubiconproject.com,request,2.6-202606,True,0,0,0
p001833,thrillist.com,fastlane.rubiconproject.com,request,2.6-202606,True,0,0,0
p001834,thrillist.com,fastlane.rubiconproject.com,request,2.6-202606,True,0,0,0
p001835,thrillist.com,fastlane.rubiconproject.com,request,2.6-202606,True,0,0,0
p001836,thrillist.com,fastlane.rubiconproject.com,request,2.6-202606,True,0,0,0
p001837,thrillist.com,fastlane.rubiconproject.com,request,2.6-202606,True,0,0,0
p001838,thrillist.com,fastlane.rubiconproject.com,request,2.6-202606,True,0,0,0
p001839,thrillist.com,fastlane.rubiconproject.com,request,2.6-202606,True,0,0,0
p001840,thrillist.com,fastlane.rubiconproject.com,request,2.6-202606,True,0,0,0
p001841,timeout.com,fastlane.rubiconproject.com,request,2.6-202606,False,2,1,1
p001842,timeout.com,fastlane.rubiconproject.com,request,2.6-202606,False,2,1,1
p001843,timeout.com,fastlane.rubiconproject.com,request,2.6-202606,False,1,1,0
p001844,timeout.com,fastlane.rubiconproject.com,request,2.6-202606,False,3,2,1
p001845,timeout.com,fastlane.rubiconproject.com,request,2.6-202606,False,1,1,0
p001846,timeout.com,fastlane.rubiconproject.com,request,2.6-202606,False,2,1,1
p001847,timeout.com,fastlane.rubiconproject.com,request,2.6-202606,False,1,1,0
p001848,timeout.com,fastlane.rubiconproject.com,request,2.6-202606,False,1,1,0
p001849,timeout.com,fastlane.rubiconproject.com,request,2.6-202606,False,1,1,0
p001850,timeout.com,fastlane.rubiconproject.com,request,2.6-202606,False,1,1,0
p001851,ladbible.com,fastlane.rubiconproject.com,request,2.6-202606,False,1,1,0
p001852,ladbible.com,fastlane.rubiconproject.com,request,2.6-202606,False,1,1,0
p001853,ladbible.com,fastlane.rubiconproject.com,request,2.6-202606,False,1,1,0
p001854,buzzfeed.com,fastlane.rubiconproject.com,request,2.6-202606,True,0,0,0
p001855,buzzfeed.com,fastlane.rubiconproject.com,request,2.6-202606,True,0,0,0
p001856,buzzfeed.com,fastlane.rubiconproject.com,request,2.6-202606,True,0,0,0
p001857,buzzfeed.com,fastlane.rubiconproject.com,request,2.6-202606,True,0,0,0
p001858,buzzfeed.com,fastlane.rubiconproject.com,request,2.6-202606,True,0,0,0
p001859,buzzfeed.com,fastlane.rubiconproject.com,request,2.6-202606,True,0,0,0
p001860,buzzfeed.com,fastlane.rubiconproject.com,request,2.6-202606,True,0,0,0
p001861,unilad.com,fastlane.rubiconproject.com,request,2.6-202606,False,1,1,0
p001862,unilad.com,fastlane.rubiconproject.com,request,2.6-202606,False,1,1,0
p001863,buzzfeed.com,fastlane.rubiconproject.com,request,2.6-202606,True,0,0,0
p001864,buzzfeed.com,fastlane.rubiconproject.com,request,2.6-202606,True,1,0,1
p001865,buzzfeed.com,fastlane.rubiconproject.com,request,2.6-202606,True,0,0,0
p001866,buzzfeed.com,fastlane.rubiconproject.com,request,2.6-202606,True,0,0,0
p001867,buzzfeed.com,fastlane.rubiconproject.com,request,2.6-202606,True,0,0,0
p001868,buzzfeed.com,fastlane.rubiconproject.com,request,2.6-202606,True,1,0,1
p001869,buzzfeed.com,fastlane.rubiconproject.com,request,2.6-202606,True,0,0,0
p001870,buzzfeed.com,fastlane.rubiconproject.com,request,2.6-202606,True,1,0,1
p001871,buzzfeed.com,fastlane.rubiconproject.com,request,2.6-202606,True,0,0,0
p001872,businessinsider.com,fastlane.rubiconproject.com,response,2.6-202606,True,0,0,0
p001873,businessinsider.com,fastlane.rubiconproject.com,response,2.6-202606,True,0,0,0
p001874,businessinsider.com,fastlane.rubiconproject.com,response,2.6-202606,True,0,0,0
p001875,businessinsider.com,fastlane.rubiconproject.com,response,2.6-202606,True,0,0,0
p001876,huffpost.com,fastlane.rubiconproject.com,response,2.6-202606,False,1,1,0
p001877,huffpost.com,fastlane.rubiconproject.com,response,2.6-202606,False,1,1,0
p001878,huffpost.com,fastlane.rubiconproject.com,response,2.6-202606,False,1,1,0
p001879,huffpost.com,fastlane.rubiconproject.com,response,2.6-202606,False,1,1,0
p001880,huffpost.com,fastlane.rubiconproject.com,response,2.6-202606,False,1,1,0
p001881,huffpost.com,fastlane.rubiconproject.com,response,2.6-202606,False,1,1,0
p001882,huffpost.com,fastlane.rubiconproject.com,response,2.6-202606,False,1,1,0
p001883,huffpost.com,fastlane.rubiconproject.com,response,2.6-202606,False,1,1,0
p001884,huffpost.com,fastlane.rubiconproject.com,response,2.6-202606,True,0,0,0
p001885,huffpost.com,fastlane.rubiconproject.com,response,2.6-202606,True,1,0,1
p001886,huffpost.com,fastlane.rubiconproject.com,response,2.6-202606,True,0,0,0
p001887,huffpost.com,fastlane.rubiconproject.com,response,2.6-202606,True,0,0,0
p001888,huffpost.com,fastlane.rubiconproject.com,response,2.6-202606,True,1,0,1
p001889,huffpost.com,fastlane.rubiconproject.com,response,2.6-202606,True,0,0,0
p001890,huffpost.com,fastlane.rubiconproject.com,response,2.6-202606,True,0,0,0
p001891,nbcnews.com,fastlane.rubiconproject.com,response,2.6-202606,True,0,0,0
p001892,abcnews.go.com,fastlane.rubiconproject.com,response,2.6-202606,True,0,0,0
p001893,nbcnews.com,fastlane.rubiconproject.com,response,2.6-202606,True,0,0,0
p001894,nbcnews.com,fastlane.rubiconproject.com,response,2.6-202606,True,0,0,0
p001895,vox.com,fastlane.rubiconproject.com,response,2.6-202606,False,1,1,0
p001896,vox.com,fastlane.rubiconproject.com,response,2.6-202606,True,0,0,0
p001897,vox.com,fastlane.rubiconproject.com,response,2.6-202606,False,1,1,0
p001898,vox.com,fastlane.rubiconproject.com,response,2.6-202606,False,1,1,0
p001899,theverge.com,fastlane.rubiconproject.com,response,2.6-202606,False,1,1,0
p001900,theverge.com,fastlane.rubiconproject.com,response,2.6-202606,False,1,1,0
p001901,theverge.com,fastlane.rubiconproject.com,response,2.6-202606,True,0,0,0
p001902,vox.com,fastlane.rubiconproject.com,response,2.6-202606,False,1,1,0
p001903,vox.com,fastlane.rubiconproject.com,response,2.6-202606,False,1,1,0
p001904,theverge.com,fastlane.rubiconproject.com,response,2.6-202606,False,1,1,0
p001905,theverge.com,fastlane.rubiconproject.com,response,2.6-202606,False,1,1,0
p001906,theverge.com,fastlane.rubiconproject.com,response,2.6-202606,False,1,1,0
p001907,theverge.com,fastlane.rubiconproject.com,response,2.6-202606,False,1,1,0
p001908,vox.com,fastlane.rubiconproject.com,response,2.6-202606,False,1,1,0
p001909,vox.com,fastlane.rubiconproject.com,response,2.6-202606,False,1,1,0
p001910,vox.com,fastlane.rubiconproject.com,response,2.6-202606,False,1,1,0
p001911,vox.com,fastlane.rubiconproject.com,response,2.6-202606,False,1,1,0
p001912,vox.com,fastlane.rubiconproject.com,response,2.6-202606,False,1,1,0
p001913,theverge.com,fastlane.rubiconproject.com,response,2.6-202606,False,1,1,0
p001914,theverge.com,fastlane.rubiconproject.com,response,2.6-202606,False,1,1,0
p001915,theverge.com,fastlane.rubiconproject.com,response,2.6-202606,False,1,1,0
p001916,theverge.com,fastlane.rubiconproject.com,response,2.6-202606,False,1,1,0
p001917,theverge.com,fastlane.rubiconproject.com,response,2.6-202606,False,1,1,0
p001918,bleacherreport.com,fastlane.rubiconproject.com,response,2.6-202606,True,0,0,0
p001919,bleacherreport.com,fastlane.rubiconproject.com,response,2.6-202606,True,0,0,0
p001920,bleacherreport.com,fastlane.rubiconproject.com,response,2.6-202606,True,0,0,0
p001921,bleacherreport.com,fastlane.rubiconproject.com,response,2.6-202606,True,0,0,0
p001922,bleacherreport.com,fastlane.rubiconproject.com,response,2.6-202606,True,0,0,0
p001923,bleacherreport.com,fastlane.rubiconproject.com,response,2.6-202606,True,0,0,0
p001924,bleacherreport.com,fastlane.rubiconproject.com,response,2.6-202606,True,0,0,0
p001925,bleacherreport.com,fastlane.rubiconproject.com,response,2.6-202606,True,0,0,0
p001926,bleacherreport.com,fastlane.rubiconproject.com,response,2.6-202606,False,1,1,0
p001927,bleacherreport.com,fastlane.rubiconproject.com,response,2.6-202606,False,1,1,0
p001928,bleacherreport.com,fastlane.rubiconproject.com,response,2.6-202606,True,0,0,0
p001929,bleacherreport.com,fastlane.rubiconproject.com,response,2.6-202606,False,1,1,0
p001930,bleacherreport.com,fastlane.rubiconproject.com,response,2.6-202606,True,0,0,0
p001931,bleacherreport.com,fastlane.rubiconproject.com,response,2.6-202606,True,0,0,0
p001932,bleacherreport.com,fastlane.rubiconproject.com,response,2.6-202606,True,0,0,0
p001933,bleacherreport.com,fastlane.rubiconproject.com,response,2.6-202606,True,0,0,0
p001934,bleacherreport.com,fastlane.rubiconproject.com,response,2.6-202606,True,0,0,0
p001935,bleacherreport.com,fastlane.rubiconproject.com,response,2.6-202606,False,1,1,0
p001936,bleacherreport.com,fastlane.rubiconproject.com,response,2.6-202606,False,1,1,0
p001937,weather.com,fastlane.rubiconproject.com,response,2.6-202606,True,0,0,0
p001938,weather.com,fastlane.rubiconproject.com,response,2.6-202606,True,0,0,0
p001939,wunderground.com,fastlane.rubiconproject.com,response,2.6-202606,True,0,0,0
p001940,weather.com,fastlane.rubiconproject.com,response,2.6-202606,True,0,0,0
p001941,weather.com,fastlane.rubiconproject.com,response,2.6-202606,True,0,0,0
p001942,wunderground.com,fastlane.rubiconproject.com,response,2.6-202606,True,2,0,2
p001943,delish.com,fastlane.rubiconproject.com,response,2.6-202606,True,0,0,0
p001944,delish.com,fastlane.rubiconproject.com,response,2.6-202606,False,1,1,0
p001945,delish.com,fastlane.rubiconproject.com,response,2.6-202606,True,0,0,0
p001946,foodnetwork.com,fastlane.rubiconproject.com,response,2.6-202606,True,1,0,1
p001947,foodnetwork.com,fastlane.rubiconproject.com,response,2.6-202606,True,0,0,0
p001948,delish.com,fastlane.rubiconproject.com,response,2.6-202606,False,1,1,0
p001949,eonline.com,fastlane.rubiconproject.com,response,2.6-202606,True,0,0,0
p001950,eonline.com,fastlane.rubiconproject.com,response,2.6-202606,True,0,0,0
p001951,eonline.com,fastlane.rubiconproject.com,response,2.6-202606,True,0,0,0
p001952,eonline.com,fastlane.rubiconproject.com,response,2.6-202606,True,0,0,0
p001953,eonline.com,fastlane.rubiconproject.com,response,2.6-202606,True,0,0,0
p001954,eonline.com,fastlane.rubiconproject.com,response,2.6-202606,True,0,0,0
p001955,eonline.com,fastlane.rubiconproject.com,response,2.6-202606,True,0,0,0
p001956,eonline.com,fastlane.rubiconproject.com,response,2.6-202606,True,0,0,0
p001957,thrillist.com,fastlane.rubiconproject.com,response,2.6-202606,False,1,1,0
p001958,thrillist.com,fastlane.rubiconproject.com,response,2.6-202606,True,0,0,0
p001959,thrillist.com,fastlane.rubiconproject.com,response,2.6-202606,False,1,1,0
p001960,thrillist.com,fastlane.rubiconproject.com,response,2.6-202606,True,0,0,0
p001961,thrillist.com,fastlane.rubiconproject.com,response,2.6-202606,True,0,0,0
p001962,thrillist.com,fastlane.rubiconproject.com,response,2.6-202606,True,0,0,0
p001963,thrillist.com,fastlane.rubiconproject.com,response,2.6-202606,False,1,1,0
p001964,thrillist.com,fastlane.rubiconproject.com,response,2.6-202606,False,1,1,0
p001965,thrillist.com,fastlane.rubiconproject.com,response,2.6-202606,False,1,1,0
p001966,thrillist.com,fastlane.rubiconproject.com,response,2.6-202606,True,0,0,0
p001967,timeout.com,fastlane.rubiconproject.com,response,2.6-202606,True,0,0,0
p001968,timeout.com,fastlane.rubiconproject.com,response,2.6-202606,False,1,1,0
p001969,timeout.com,fastlane.rubiconproject.com,response,2.6-202606,True,0,0,0
p001970,timeout.com,fastlane.rubiconproject.com,response,2.6-202606,False,1,1,0
p001971,timeout.com,fastlane.rubiconproject.com,response,2.6-202606,False,1,1,0
p001972,timeout.com,fastlane.rubiconproject.com,response,2.6-202606,False,1,1,0
p001973,timeout.com,fastlane.rubiconproject.com,response,2.6-202606,True,0,0,0
p001974,timeout.com,fastlane.rubiconproject.com,response,2.6-202606,True,0,0,0
p001975,timeout.com,fastlane.rubiconproject.com,response,2.6-202606,True,0,0,0
p001976,timeout.com,fastlane.rubiconproject.com,response,2.6-202606,True,0,0,0
p001977,ladbible.com,fastlane.rubiconproject.com,response,2.6-202606,False,1,1,0
p001978,ladbible.com,fastlane.rubiconproject.com,response,2.6-202606,False,1,1,0
p001979,ladbible.com,fastlane.rubiconproject.com,response,2.6-202606,False,1,1,0
p001980,buzzfeed.com,fastlane.rubiconproject.com,response,2.6-202606,False,1,1,0
p001981,buzzfeed.com,fastlane.rubiconproject.com,response,2.6-202606,False,1,1,0
p001982,buzzfeed.com,fastlane.rubiconproject.com,response,2.6-202606,True,0,0,0
p001983,buzzfeed.com,fastlane.rubiconproject.com,response,2.6-202606,False,1,1,0
p001984,buzzfeed.com,fastlane.rubiconproject.com,response,2.6-202606,False,1,1,0
p001985,buzzfeed.com,fastlane.rubiconproject.com,response,2.6-202606,True,0,0,0
p001986,buzzfeed.com,fastlane.rubiconproject.com,response,2.6-202606,False,1,1,0
p001987,unilad.com,fastlane.rubiconproject.com,response,2.6-202606,False,1,1,0
p001988,unilad.com,fastlane.rubiconproject.com,response,2.6-202606,False,1,1,0
p001989,buzzfeed.com,fastlane.rubiconproject.com,response,2.6-202606,False,1,1,0
p001990,buzzfeed.com,fastlane.rubiconproject.com,response,2.6-202606,False,1,1,0
p001991,buzzfeed.com,fastlane.rubiconproject.com,response,2.6-202606,False,1,1,0
p001992,buzzfeed.com,fastlane.rubiconproject.com,response,2.6-202606,False,1,1,0
p001993,buzzfeed.com,fastlane.rubiconproject.com,response,2.6-202606,False,1,1,0
p001994,buzzfeed.com,fastlane.rubiconproject.com,response,2.6-202606,False,1,1,0
p001995,buzzfeed.com,fastlane.rubiconproject.com,response,2.6-202606,False,1,1,0
p001996,buzzfeed.com,fastlane.rubiconproject.com,response,2.6-202606,False,1,1,0
p001997,buzzfeed.com,fastlane.rubiconproject.com,response,2.6-202606,True,0,0,0
p001998,goal.com,footballco-s2s.lngtd.com,request,2.6-202606,False,3,3,0
p001999,goal.com,footballco-s2s.lngtd.com,request,2.6-202606,False,3,3,0
p002000,goal.com,footballco-s2s.lngtd.com,response,2.6-202606,True,2,0,2
p002001,goal.com,footballco-s2s.lngtd.com,response,2.6-202606,True,5,0,5
p002002,thedailybeast.com,grid-bidder.criteo.com,request,2.6-202606,False,4,4,0
p002003,thedailybeast.com,grid-bidder.criteo.com,request,2.6-202606,True,0,0,0
p002004,thedailybeast.com,grid-bidder.criteo.com,request,2.6-202606,False,2,2,0
p002005,thedailybeast.com,grid-bidder.criteo.com,request,2.6-202606,True,0,0,0
p002006,thedailybeast.com,grid-bidder.criteo.com,request,2.6-202606,False,6,6,0
p002007,salon.com,grid-bidder.criteo.com,request,2.6-202606,True,0,0,0
p002008,salon.com,grid-bidder.criteo.com,request,2.6-202606,True,0,0,0
p002009,salon.com,grid-bidder.criteo.com,request,2.6-202606,True,0,0,0
p002010,salon.com,grid-bidder.criteo.com,request,2.6-202606,True,0,0,0
p002011,salon.com,grid-bidder.criteo.com,request,2.6-202606,True,0,0,0
p002012,salon.com,grid-bidder.criteo.com,request,2.6-202606,False,2,1,1
p002013,salon.com,grid-bidder.criteo.com,request,2.6-202606,False,3,3,0
p002014,salon.com,grid-bidder.criteo.com,request,2.6-202606,False,5,4,1
p002015,salon.com,grid-bidder.criteo.com,request,2.6-202606,False,3,3,0
p002016,salon.com,grid-bidder.criteo.com,request,2.6-202606,False,3,3,0
p002017,salon.com,grid-bidder.criteo.com,request,2.6-202606,False,3,3,0
p002018,salon.com,grid-bidder.criteo.com,request,2.6-202606,False,3,3,0
p002019,salon.com,grid-bidder.criteo.com,request,2.6-202606,False,3,3,0
p002020,salon.com,grid-bidder.criteo.com,request,2.6-202606,False,2,1,1
p002021,salon.com,grid-bidder.criteo.com,request,2.6-202606,False,2,1,1
p002022,salon.com,grid-bidder.criteo.com,request,2.6-202606,False,3,3,0
p002023,salon.com,grid-bidder.criteo.com,request,2.6-202606,False,2,1,1
p002024,salon.com,grid-bidder.criteo.com,request,2.6-202606,False,2,1,1
p002025,salon.com,grid-bidder.criteo.com,request,2.6-202606,False,2,1,1
p002026,engadget.com,grid-bidder.criteo.com,request,2.6-202606,True,0,0,0
p002027,engadget.com,grid-bidder.criteo.com,request,2.6-202606,False,2,1,1
p002028,engadget.com,grid-bidder.criteo.com,request,2.6-202606,False,2,1,1
p002029,engadget.com,grid-bidder.criteo.com,request,2.6-202606,True,0,0,0
p002030,engadget.com,grid-bidder.criteo.com,request,2.6-202606,False,2,1,1
p002031,macrumors.com,grid-bidder.criteo.com,request,2.6-202606,True,0,0,0
p002032,macrumors.com,grid-bidder.criteo.com,request,2.6-202606,True,0,0,0
p002033,macrumors.com,grid-bidder.criteo.com,request,2.6-202606,False,5,4,1
p002034,macrumors.com,grid-bidder.criteo.com,request,2.6-202606,True,0,0,0
p002035,macrumors.com,grid-bidder.criteo.com,request,2.6-202606,False,3,3,0
p002036,macrumors.com,grid-bidder.criteo.com,request,2.6-202606,False,3,3,0
p002037,macrumors.com,grid-bidder.criteo.com,request,2.6-202606,False,3,3,0
p002038,macrumors.com,grid-bidder.criteo.com,request,2.6-202606,False,3,3,0
p002039,macrumors.com,grid-bidder.criteo.com,request,2.6-202606,True,0,0,0
p002040,macrumors.com,grid-bidder.criteo.com,request,2.6-202606,False,3,3,0
p002041,macrumors.com,grid-bidder.criteo.com,request,2.6-202606,False,3,3,0
p002042,macrumors.com,grid-bidder.criteo.com,request,2.6-202606,False,3,3,0
p002043,macrumors.com,grid-bidder.criteo.com,request,2.6-202606,True,0,0,0
p002044,macrumors.com,grid-bidder.criteo.com,request,2.6-202606,True,0,0,0
p002045,macrumors.com,grid-bidder.criteo.com,request,2.6-202606,False,5,4,1
p002046,macrumors.com,grid-bidder.criteo.com,request,2.6-202606,False,3,3,0
p002047,macrumors.com,grid-bidder.criteo.com,request,2.6-202606,True,0,0,0
p002048,macrumors.com,grid-bidder.criteo.com,request,2.6-202606,False,3,3,0
p002049,macrumors.com,grid-bidder.criteo.com,request,2.6-202606,False,3,3,0
p002050,macrumors.com,grid-bidder.criteo.com,request,2.6-202606,False,3,3,0
p002051,macrumors.com,grid-bidder.criteo.com,request,2.6-202606,False,3,3,0
p002052,macrumors.com,grid-bidder.criteo.com,request,2.6-202606,False,3,3,0
p002053,macrumors.com,grid-bidder.criteo.com,request,2.6-202606,False,3,3,0
p002054,si.com,grid-bidder.criteo.com,request,2.6-202606,True,0,0,0
p002055,goal.com,grid-bidder.criteo.com,request,2.6-202606,True,5,0,5
p002056,goal.com,grid-bidder.criteo.com,request,2.6-202606,True,5,0,5
p002057,benzinga.com,grid-bidder.criteo.com,request,2.6-202606,True,0,0,0
p002058,benzinga.com,grid-bidder.criteo.com,request,2.6-202606,True,0,0,0
p002059,usmagazine.com,grid-bidder.criteo.com,request,2.6-202606,True,0,0,0
p002060,usmagazine.com,grid-bidder.criteo.com,request,2.6-202606,True,0,0,0
p002061,usmagazine.com,grid-bidder.criteo.com,request,2.6-202606,True,0,0,0
p002062,usmagazine.com,grid-bidder.criteo.com,request,2.6-202606,True,0,0,0
p002063,usmagazine.com,grid-bidder.criteo.com,request,2.6-202606,True,0,0,0
p002064,stereogum.com,grid-bidder.criteo.com,request,2.6-202606,True,0,0,0
p002065,stereogum.com,grid-bidder.criteo.com,request,2.6-202606,False,5,4,1
p002066,stereogum.com,grid-bidder.criteo.com,request,2.6-202606,True,0,0,0
p002067,stereogum.com,grid-bidder.criteo.com,request,2.6-202606,False,2,1,1
p002068,ranker.com,grid-bidder.criteo.com,request,2.6-202606,True,0,0,0
p002069,grunge.com,grid-bidder.criteo.com,request,2.6-202606,True,0,0,0
p002070,ranker.com,grid-bidder.criteo.com,request,2.6-202606,True,0,0,0
p002071,ranker.com,grid-bidder.criteo.com,request,2.6-202606,True,0,0,0
p002072,ranker.com,grid-bidder.criteo.com,request,2.6-202606,False,5,4,1
p002073,ranker.com,grid-bidder.criteo.com,request,2.6-202606,False,3,3,0
p002074,ranker.com,grid-bidder.criteo.com,request,2.6-202606,False,3,3,0
p002075,ranker.com,grid-bidder.criteo.com,request,2.6-202606,False,2,1,1
p002076,ranker.com,grid-bidder.criteo.com,request,2.6-202606,False,2,1,1
p002077,grunge.com,grid-bidder.criteo.com,request,2.6-202606,True,0,0,0
p002078,grunge.com,grid-bidder.criteo.com,request,2.6-202606,False,2,1,1
p002079,grunge.com,grid-bidder.criteo.com,request,2.6-202606,False,5,4,1
p002080,grunge.com,grid-bidder.criteo.com,request,2.6-202606,False,3,3,0
p002081,grunge.com,grid-bidder.criteo.com,request,2.6-202606,True,0,0,0
p002082,grunge.com,grid-bidder.criteo.com,request,2.6-202606,False,3,3,0
p002083,grunge.com,grid-bidder.criteo.com,request,2.6-202606,False,3,3,0
p002084,grunge.com,grid-bidder.criteo.com,request,2.6-202606,False,3,3,0
p002085,ranker.com,grid-bidder.criteo.com,request,2.6-202606,False,2,1,1
p002086,grunge.com,grid-bidder.criteo.com,request,2.6-202606,False,3,3,0
p002087,grunge.com,grid-bidder.criteo.com,request,2.6-202606,False,3,3,0
p002088,grunge.com,grid-bidder.criteo.com,request,2.6-202606,False,3,3,0
p002089,ranker.com,grid-bidder.criteo.com,request,2.6-202606,False,2,1,1
p002090,ranker.com,grid-bidder.criteo.com,request,2.6-202606,False,2,1,1
p002091,ranker.com,grid-bidder.criteo.com,request,2.6-202606,False,2,1,1
p002092,grunge.com,grid-bidder.criteo.com,request,2.6-202606,False,2,1,1
p002093,slashfilm.com,grid-bidder.criteo.com,request,2.6-202606,True,0,0,0
p002094,slashfilm.com,grid-bidder.criteo.com,request,2.6-202606,True,0,0,0
p002095,slashfilm.com,grid-bidder.criteo.com,request,2.6-202606,False,2,1,1
p002096,mashed.com,grid-bidder.criteo.com,request,2.6-202606,True,0,0,0
p002097,mashed.com,grid-bidder.criteo.com,request,2.6-202606,False,2,1,1
p002098,slashfilm.com,grid-bidder.criteo.com,request,2.6-202606,False,2,1,1
p002099,tastingtable.com,grid-bidder.criteo.com,request,2.6-202606,True,0,0,0
p002100,si.com,grid-bidder.criteo.com,response,2.6-202606,True,4,0,4
p002101,usmagazine.com,grid-bidder.criteo.com,response,2.6-202606,False,7,3,4
p002102,usmagazine.com,grid-bidder.criteo.com,response,2.6-202606,False,3,1,2
p002103,usmagazine.com,grid-bidder.criteo.com,response,2.6-202606,False,28,9,19
p002104,usmagazine.com,grid-bidder.criteo.com,response,2.6-202606,False,9,3,6
p002105,usmagazine.com,grid-bidder.criteo.com,response,2.6-202606,False,2,1,1
p002106,tastingtable.com,grid-bidder.criteo.com,response,2.6-202606,True,1,0,1
p002107,sportingnews.com,grid.bidswitch.net,request,2.6-202606,True,0,0,0
p002108,nbcnews.com,hb.emxdgt.com,request,2.6-202606,False,8,7,1
p002109,nbcnews.com,hb.emxdgt.com,request,2.6-202606,False,8,7,1
p002110,cbsnews.com,hb.emxdgt.com,request,2.6-202606,False,8,7,1
p002111,nbcnews.com,hb.emxdgt.com,request,2.6-202606,False,8,7,1
p002112,nbcnews.com,hb.emxdgt.com,request,2.6-202606,False,8,7,1
p002113,nbcnews.com,hb.emxdgt.com,request,2.6-202606,False,8,7,1
p002114,time.com,hb.emxdgt.com,request,2.6-202606,False,8,7,1
p002115,time.com,hb.emxdgt.com,request,2.6-202606,False,8,7,1
p002116,time.com,hb.emxdgt.com,request,2.6-202606,False,8,7,1
p002117,time.com,hb.emxdgt.com,request,2.6-202606,False,8,7,1
p002118,time.com,hb.emxdgt.com,request,2.6-202606,False,8,7,1
p002119,cbssports.com,hb.emxdgt.com,request,2.6-202606,False,8,7,1
p002120,cbssports.com,hb.emxdgt.com,request,2.6-202606,False,8,7,1
p002121,cbssports.com,hb.emxdgt.com,request,2.6-202606,False,8,7,1
p002122,wunderground.com,hb.emxdgt.com,request,2.6-202606,False,8,7,1
p002123,wunderground.com,hb.emxdgt.com,request,2.6-202606,False,8,7,1
p002124,wunderground.com,hb.emxdgt.com,request,2.6-202606,False,8,7,1
p002125,weather.com,hb.emxdgt.com,request,2.6-202606,False,8,7,1
p002126,wunderground.com,hb.emxdgt.com,request,2.6-202606,False,8,7,1
p002127,weather.com,hb.emxdgt.com,request,2.6-202606,False,8,7,1
p002128,wunderground.com,hb.emxdgt.com,request,2.6-202606,False,8,7,1
p002129,wunderground.com,hb.emxdgt.com,request,2.6-202606,False,8,7,1
p002130,wunderground.com,hb.emxdgt.com,request,2.6-202606,False,8,7,1
p002131,wunderground.com,hb.emxdgt.com,request,2.6-202606,False,8,7,1
p002132,eonline.com,hb.emxdgt.com,request,2.6-202606,False,8,7,1
p002133,eonline.com,hb.emxdgt.com,request,2.6-202606,False,8,7,1
p002134,eonline.com,hb.emxdgt.com,request,2.6-202606,False,8,7,1
p002135,eonline.com,hb.emxdgt.com,request,2.6-202606,False,8,7,1
p002136,eonline.com,hb.emxdgt.com,request,2.6-202606,False,8,7,1
p002137,eonline.com,hb.emxdgt.com,request,2.6-202606,False,8,7,1
p002138,eonline.com,hb.emxdgt.com,request,2.6-202606,False,8,7,1
p002139,eonline.com,hb.emxdgt.com,request,2.6-202606,False,8,7,1
p002140,foxnews.com,hbopenbid.pubmatic.com,request,2.6-202606,True,1,0,1
p002141,foxnews.com,hbopenbid.pubmatic.com,request,2.6-202606,True,0,0,0
p002142,foxnews.com,hbopenbid.pubmatic.com,request,2.6-202606,True,1,0,1
p002143,foxnews.com,hbopenbid.pubmatic.com,request,2.6-202606,True,0,0,0
p002144,nypost.com,hbopenbid.pubmatic.com,request,2.6-202606,False,3,2,1
p002145,pagesix.com,hbopenbid.pubmatic.com,request,2.6-202606,False,3,2,1
p002146,nypost.com,hbopenbid.pubmatic.com,request,2.6-202606,False,3,2,1
p002147,foxnews.com,hbopenbid.pubmatic.com,request,2.6-202606,True,0,0,0
p002148,pagesix.com,hbopenbid.pubmatic.com,request,2.6-202606,False,5,2,3
p002149,foxnews.com,hbopenbid.pubmatic.com,request,2.6-202606,True,0,0,0
p002150,foxnews.com,hbopenbid.pubmatic.com,request,2.6-202606,True,0,0,0
p002151,chicagotribune.com,hbopenbid.pubmatic.com,request,2.6-202606,False,5,3,2
p002152,nydailynews.com,hbopenbid.pubmatic.com,request,2.6-202606,False,5,3,2
p002153,nbcnews.com,hbopenbid.pubmatic.com,request,2.6-202606,False,2,1,1
p002154,nbcnews.com,hbopenbid.pubmatic.com,request,2.6-202606,False,2,1,1
p002155,cbsnews.com,hbopenbid.pubmatic.com,request,2.6-202606,False,2,1,1
p002156,cbsnews.com,hbopenbid.pubmatic.com,request,2.6-202606,False,2,1,1
p002157,nbcnews.com,hbopenbid.pubmatic.com,request,2.6-202606,False,2,1,1
p002158,nbcnews.com,hbopenbid.pubmatic.com,request,2.6-202606,False,2,1,1
p002159,time.com,hbopenbid.pubmatic.com,request,2.6-202606,False,2,1,1
p002160,time.com,hbopenbid.pubmatic.com,request,2.6-202606,False,2,1,1
p002161,time.com,hbopenbid.pubmatic.com,request,2.6-202606,False,2,1,1
p002162,slate.com,hbopenbid.pubmatic.com,request,2.6-202606,False,2,1,1
p002163,time.com,hbopenbid.pubmatic.com,request,2.6-202606,False,2,1,1
p002164,time.com,hbopenbid.pubmatic.com,request,2.6-202606,False,2,1,1
p002165,salon.com,hbopenbid.pubmatic.com,request,2.6-202606,True,0,0,0
p002166,salon.com,hbopenbid.pubmatic.com,request,2.6-202606,True,0,0,0
p002167,slate.com,hbopenbid.pubmatic.com,request,2.6-202606,False,2,1,1
p002168,slate.com,hbopenbid.pubmatic.com,request,2.6-202606,False,2,1,1
p002169,salon.com,hbopenbid.pubmatic.com,request,2.6-202606,True,0,0,0
p002170,salon.com,hbopenbid.pubmatic.com,request,2.6-202606,True,0,0,0
p002171,salon.com,hbopenbid.pubmatic.com,request,2.6-202606,True,0,0,0
p002172,salon.com,hbopenbid.pubmatic.com,request,2.6-202606,False,2,1,1
p002173,salon.com,hbopenbid.pubmatic.com,request,2.6-202606,True,0,0,0
p002174,salon.com,hbopenbid.pubmatic.com,request,2.6-202606,False,2,1,1
p002175,salon.com,hbopenbid.pubmatic.com,request,2.6-202606,True,0,0,0
p002176,salon.com,hbopenbid.pubmatic.com,request,2.6-202606,True,0,0,0
p002177,salon.com,hbopenbid.pubmatic.com,request,2.6-202606,True,0,0,0
p002178,salon.com,hbopenbid.pubmatic.com,request,2.6-202606,True,0,0,0
p002179,salon.com,hbopenbid.pubmatic.com,request,2.6-202606,True,0,0,0
p002180,salon.com,hbopenbid.pubmatic.com,request,2.6-202606,False,2,1,1
p002181,salon.com,hbopenbid.pubmatic.com,request,2.6-202606,False,2,1,1
p002182,salon.com,hbopenbid.pubmatic.com,request,2.6-202606,True,0,0,0
p002183,salon.com,hbopenbid.pubmatic.com,request,2.6-202606,False,2,1,1
p002184,salon.com,hbopenbid.pubmatic.com,request,2.6-202606,False,2,1,1
p002185,salon.com,hbopenbid.pubmatic.com,request,2.6-202606,False,2,1,1
p002186,engadget.com,hbopenbid.pubmatic.com,request,2.6-202606,True,0,0,0
p002187,engadget.com,hbopenbid.pubmatic.com,request,2.6-202606,False,2,1,1
p002188,engadget.com,hbopenbid.pubmatic.com,request,2.6-202606,False,2,1,1
p002189,vox.com,hbopenbid.pubmatic.com,request,2.6-202606,False,3,2,1
p002190,engadget.com,hbopenbid.pubmatic.com,request,2.6-202606,True,0,0,0
p002191,engadget.com,hbopenbid.pubmatic.com,request,2.6-202606,False,2,1,1
p002192,androidauthority.com,hbopenbid.pubmatic.com,request,2.6-202606,False,4,3,1
p002193,9to5mac.com,hbopenbid.pubmatic.com,request,2.6-202606,True,0,0,0
p002194,9to5mac.com,hbopenbid.pubmatic.com,request,2.6-202606,True,0,0,0
p002195,androidauthority.com,hbopenbid.pubmatic.com,request,2.6-202606,False,4,3,1
p002196,macrumors.com,hbopenbid.pubmatic.com,request,2.6-202606,True,0,0,0
p002197,macrumors.com,hbopenbid.pubmatic.com,request,2.6-202606,True,0,0,0
p002198,macrumors.com,hbopenbid.pubmatic.com,request,2.6-202606,False,2,1,1
p002199,macrumors.com,hbopenbid.pubmatic.com,request,2.6-202606,True,0,0,0
p002200,macrumors.com,hbopenbid.pubmatic.com,request,2.6-202606,True,0,0,0
p002201,macrumors.com,hbopenbid.pubmatic.com,request,2.6-202606,True,0,0,0
p002202,macrumors.com,hbopenbid.pubmatic.com,request,2.6-202606,True,0,0,0
p002203,macrumors.com,hbopenbid.pubmatic.com,request,2.6-202606,True,0,0,0
p002204,macrumors.com,hbopenbid.pubmatic.com,request,2.6-202606,True,0,0,0
p002205,macrumors.com,hbopenbid.pubmatic.com,request,2.6-202606,True,0,0,0
p002206,macrumors.com,hbopenbid.pubmatic.com,request,2.6-202606,True,0,0,0
p002207,macrumors.com,hbopenbid.pubmatic.com,request,2.6-202606,True,0,0,0
p002208,9to5mac.com,hbopenbid.pubmatic.com,request,2.6-202606,True,0,0,0
p002209,9to5mac.com,hbopenbid.pubmatic.com,request,2.6-202606,True,0,0,0
p002210,macrumors.com,hbopenbid.pubmatic.com,request,2.6-202606,True,0,0,0
p002211,macrumors.com,hbopenbid.pubmatic.com,request,2.6-202606,True,0,0,0
p002212,macrumors.com,hbopenbid.pubmatic.com,request,2.6-202606,False,2,1,1
p002213,macrumors.com,hbopenbid.pubmatic.com,request,2.6-202606,True,0,0,0
p002214,macrumors.com,hbopenbid.pubmatic.com,request,2.6-202606,True,0,0,0
p002215,macrumors.com,hbopenbid.pubmatic.com,request,2.6-202606,True,0,0,0
p002216,macrumors.com,hbopenbid.pubmatic.com,request,2.6-202606,True,0,0,0
p002217,macrumors.com,hbopenbid.pubmatic.com,request,2.6-202606,True,0,0,0
p002218,macrumors.com,hbopenbid.pubmatic.com,request,2.6-202606,True,0,0,0
p002219,macrumors.com,hbopenbid.pubmatic.com,request,2.6-202606,True,0,0,0
p002220,macrumors.com,hbopenbid.pubmatic.com,request,2.6-202606,True,0,0,0
p002221,eurogamer.net,hbopenbid.pubmatic.com,request,2.6-202606,True,1,0,1
p002222,eurogamer.net,hbopenbid.pubmatic.com,request,2.6-202606,True,1,0,1
p002223,rockpapershotgun.com,hbopenbid.pubmatic.com,request,2.6-202606,True,1,0,1
p002224,rockpapershotgun.com,hbopenbid.pubmatic.com,request,2.6-202606,True,1,0,1
p002225,eurogamer.net,hbopenbid.pubmatic.com,request,2.6-202606,True,1,0,1
p002226,eurogamer.net,hbopenbid.pubmatic.com,request,2.6-202606,True,1,0,1
p002227,eurogamer.net,hbopenbid.pubmatic.com,request,2.6-202606,True,1,0,1
p002228,eurogamer.net,hbopenbid.pubmatic.com,request,2.6-202606,True,1,0,1
p002229,eurogamer.net,hbopenbid.pubmatic.com,request,2.6-202606,True,1,0,1
p002230,vg247.com,hbopenbid.pubmatic.com,request,2.6-202606,True,1,0,1
p002231,vg247.com,hbopenbid.pubmatic.com,request,2.6-202606,True,1,0,1
p002232,cbssports.com,hbopenbid.pubmatic.com,request,2.6-202606,False,4,3,1
p002233,si.com,hbopenbid.pubmatic.com,request,2.6-202606,True,0,0,0
p002234,cbssports.com,hbopenbid.pubmatic.com,request,2.6-202606,False,2,1,1
p002235,cbssports.com,hbopenbid.pubmatic.com,request,2.6-202606,False,4,3,1
p002236,cbssports.com,hbopenbid.pubmatic.com,request,2.6-202606,False,2,1,1
p002237,talksport.com,hbopenbid.pubmatic.com,request,2.6-202606,False,4,3,1
p002238,wunderground.com,hbopenbid.pubmatic.com,request,2.6-202606,False,2,1,1
p002239,wunderground.com,hbopenbid.pubmatic.com,request,2.6-202606,False,2,1,1
p002240,wunderground.com,hbopenbid.pubmatic.com,request,2.6-202606,False,2,1,1
p002241,weather.com,hbopenbid.pubmatic.com,request,2.6-202606,False,2,1,1
p002242,weather.com,hbopenbid.pubmatic.com,request,2.6-202606,False,2,1,1
p002243,weather.com,hbopenbid.pubmatic.com,request,2.6-202606,False,3,2,1
p002244,wunderground.com,hbopenbid.pubmatic.com,request,2.6-202606,False,2,1,1
p002245,wunderground.com,hbopenbid.pubmatic.com,request,2.6-202606,False,2,1,1
p002246,wunderground.com,hbopenbid.pubmatic.com,request,2.6-202606,False,2,1,1
p002247,wunderground.com,hbopenbid.pubmatic.com,request,2.6-202606,False,3,2,1
p002248,benzinga.com,hbopenbid.pubmatic.com,request,2.6-202606,True,0,0,0
p002249,benzinga.com,hbopenbid.pubmatic.com,request,2.6-202606,True,0,0,0
p002250,tasteofhome.com,hbopenbid.pubmatic.com,request,2.6-202606,True,0,0,0
p002251,tasteofhome.com,hbopenbid.pubmatic.com,request,2.6-202606,True,0,0,0
p002252,tasteofhome.com,hbopenbid.pubmatic.com,request,2.6-202606,True,0,0,0
p002253,tasteofhome.com,hbopenbid.pubmatic.com,request,2.6-202606,True,0,0,0
p002254,tasteofhome.com,hbopenbid.pubmatic.com,request,2.6-202606,False,4,3,1
p002255,tasteofhome.com,hbopenbid.pubmatic.com,request,2.6-202606,True,0,0,0
p002256,tasteofhome.com,hbopenbid.pubmatic.com,request,2.6-202606,True,0,0,0
p002257,tmz.com,hbopenbid.pubmatic.com,request,2.6-202606,True,0,0,0
p002258,eonline.com,hbopenbid.pubmatic.com,request,2.6-202606,False,2,1,1
p002259,tmz.com,hbopenbid.pubmatic.com,request,2.6-202606,True,0,0,0
p002260,tmz.com,hbopenbid.pubmatic.com,request,2.6-202606,True,1,0,1
p002261,eonline.com,hbopenbid.pubmatic.com,request,2.6-202606,False,2,1,1
p002262,eonline.com,hbopenbid.pubmatic.com,request,2.6-202606,False,2,1,1
p002263,eonline.com,hbopenbid.pubmatic.com,request,2.6-202606,False,2,1,1
p002264,eonline.com,hbopenbid.pubmatic.com,request,2.6-202606,False,2,1,1
p002265,eonline.com,hbopenbid.pubmatic.com,request,2.6-202606,False,2,1,1
p002266,eonline.com,hbopenbid.pubmatic.com,request,2.6-202606,False,2,1,1
p002267,stereogum.com,hbopenbid.pubmatic.com,request,2.6-202606,True,0,0,0
p002268,stereogum.com,hbopenbid.pubmatic.com,request,2.6-202606,False,2,1,1
p002269,stereogum.com,hbopenbid.pubmatic.com,request,2.6-202606,True,0,0,0
p002270,stereogum.com,hbopenbid.pubmatic.com,request,2.6-202606,False,2,1,1
p002271,boredpanda.com,hbopenbid.pubmatic.com,request,2.6-202606,True,1,0,1
p002272,boredpanda.com,hbopenbid.pubmatic.com,request,2.6-202606,True,1,0,1
p002273,thrillist.com,hbopenbid.pubmatic.com,request,2.6-202606,False,3,2,1
p002274,boredpanda.com,hbopenbid.pubmatic.com,request,2.6-202606,False,4,3,1
p002275,boredpanda.com,hbopenbid.pubmatic.com,request,2.6-202606,True,1,0,1
p002276,boredpanda.com,hbopenbid.pubmatic.com,request,2.6-202606,True,1,0,1
p002277,boredpanda.com,hbopenbid.pubmatic.com,request,2.6-202606,True,1,0,1
p002278,boredpanda.com,hbopenbid.pubmatic.com,request,2.6-202606,True,1,0,1
p002279,boredpanda.com,hbopenbid.pubmatic.com,request,2.6-202606,False,4,3,1
p002280,ranker.com,hbopenbid.pubmatic.com,request,2.6-202606,True,0,0,0
p002281,grunge.com,hbopenbid.pubmatic.com,request,2.6-202606,True,0,0,0
p002282,ranker.com,hbopenbid.pubmatic.com,request,2.6-202606,True,0,0,0
p002283,ranker.com,hbopenbid.pubmatic.com,request,2.6-202606,True,0,0,0
p002284,ranker.com,hbopenbid.pubmatic.com,request,2.6-202606,False,2,1,1
p002285,ranker.com,hbopenbid.pubmatic.com,request,2.6-202606,True,0,0,0
p002286,ranker.com,hbopenbid.pubmatic.com,request,2.6-202606,True,0,0,0
p002287,ranker.com,hbopenbid.pubmatic.com,request,2.6-202606,False,2,1,1
p002288,ranker.com,hbopenbid.pubmatic.com,request,2.6-202606,False,2,1,1
p002289,grunge.com,hbopenbid.pubmatic.com,request,2.6-202606,True,0,0,0
p002290,grunge.com,hbopenbid.pubmatic.com,request,2.6-202606,False,2,1,1
p002291,grunge.com,hbopenbid.pubmatic.com,request,2.6-202606,False,2,1,1
p002292,grunge.com,hbopenbid.pubmatic.com,request,2.6-202606,True,0,0,0
p002293,grunge.com,hbopenbid.pubmatic.com,request,2.6-202606,True,0,0,0
p002294,grunge.com,hbopenbid.pubmatic.com,request,2.6-202606,True,0,0,0
p002295,grunge.com,hbopenbid.pubmatic.com,request,2.6-202606,True,0,0,0
p002296,grunge.com,hbopenbid.pubmatic.com,request,2.6-202606,True,0,0,0
p002297,ranker.com,hbopenbid.pubmatic.com,request,2.6-202606,False,2,1,1
p002298,grunge.com,hbopenbid.pubmatic.com,request,2.6-202606,True,0,0,0
p002299,grunge.com,hbopenbid.pubmatic.com,request,2.6-202606,True,0,0,0
p002300,grunge.com,hbopenbid.pubmatic.com,request,2.6-202606,True,0,0,0
p002301,ranker.com,hbopenbid.pubmatic.com,request,2.6-202606,False,2,1,1
p002302,ranker.com,hbopenbid.pubmatic.com,request,2.6-202606,False,2,1,1
p002303,ranker.com,hbopenbid.pubmatic.com,request,2.6-202606,False,2,1,1
p002304,grunge.com,hbopenbid.pubmatic.com,request,2.6-202606,False,2,1,1
p002305,grunge.com,hbopenbid.pubmatic.com,request,2.6-202606,False,2,1,1
p002306,slashfilm.com,hbopenbid.pubmatic.com,request,2.6-202606,True,0,0,0
p002307,slashfilm.com,hbopenbid.pubmatic.com,request,2.6-202606,True,0,0,0
p002308,slashfilm.com,hbopenbid.pubmatic.com,request,2.6-202606,False,2,1,1
p002309,mashed.com,hbopenbid.pubmatic.com,request,2.6-202606,True,0,0,0
p002310,mashed.com,hbopenbid.pubmatic.com,request,2.6-202606,False,2,1,1
p002311,slashfilm.com,hbopenbid.pubmatic.com,request,2.6-202606,False,2,1,1
p002312,slashfilm.com,hbopenbid.pubmatic.com,request,2.6-202606,False,2,1,1
p002313,tastingtable.com,hbopenbid.pubmatic.com,request,2.6-202606,True,0,0,0
p002314,thehill.com,hbopenbid.pubmatic.com,request,2.6-202606,True,0,0,0
p002315,foxnews.com,hbopenbid.pubmatic.com,response,2.6-202606,True,0,0,0
p002316,foxnews.com,hbopenbid.pubmatic.com,response,2.6-202606,True,0,0,0
p002317,nypost.com,hbopenbid.pubmatic.com,response,2.6-202606,True,0,0,0
p002318,pagesix.com,hbopenbid.pubmatic.com,response,2.6-202606,True,0,0,0
p002319,nypost.com,hbopenbid.pubmatic.com,response,2.6-202606,True,0,0,0
p002320,pagesix.com,hbopenbid.pubmatic.com,response,2.6-202606,True,0,0,0
p002321,chicagotribune.com,hbopenbid.pubmatic.com,response,2.6-202606,True,0,0,0
p002322,nydailynews.com,hbopenbid.pubmatic.com,response,2.6-202606,True,0,0,0
p002323,vox.com,hbopenbid.pubmatic.com,response,2.6-202606,True,0,0,0
p002324,engadget.com,hbopenbid.pubmatic.com,response,2.6-202606,True,0,0,0
p002325,androidauthority.com,hbopenbid.pubmatic.com,response,2.6-202606,True,0,0,0
p002326,9to5mac.com,hbopenbid.pubmatic.com,response,2.6-202606,True,0,0,0
p002327,9to5mac.com,hbopenbid.pubmatic.com,response,2.6-202606,True,0,0,0
p002328,androidauthority.com,hbopenbid.pubmatic.com,response,2.6-202606,True,0,0,0
p002329,9to5mac.com,hbopenbid.pubmatic.com,response,2.6-202606,True,0,0,0
p002330,9to5mac.com,hbopenbid.pubmatic.com,response,2.6-202606,True,0,0,0
p002331,eurogamer.net,hbopenbid.pubmatic.com,response,2.6-202606,True,0,0,0
p002332,eurogamer.net,hbopenbid.pubmatic.com,response,2.6-202606,True,0,0,0
p002333,rockpapershotgun.com,hbopenbid.pubmatic.com,response,2.6-202606,True,0,0,0
p002334,eurogamer.net,hbopenbid.pubmatic.com,response,2.6-202606,True,0,0,0
p002335,eurogamer.net,hbopenbid.pubmatic.com,response,2.6-202606,True,0,0,0
p002336,eurogamer.net,hbopenbid.pubmatic.com,response,2.6-202606,True,0,0,0
p002337,cbssports.com,hbopenbid.pubmatic.com,response,2.6-202606,True,0,0,0
p002338,si.com,hbopenbid.pubmatic.com,response,2.6-202606,True,0,0,0
p002339,cbssports.com,hbopenbid.pubmatic.com,response,2.6-202606,True,0,0,0
p002340,talksport.com,hbopenbid.pubmatic.com,response,2.6-202606,True,0,0,0
p002341,weather.com,hbopenbid.pubmatic.com,response,2.6-202606,True,0,0,0
p002342,wunderground.com,hbopenbid.pubmatic.com,response,2.6-202606,True,0,0,0
p002343,benzinga.com,hbopenbid.pubmatic.com,response,2.6-202606,True,0,0,0
p002344,tasteofhome.com,hbopenbid.pubmatic.com,response,2.6-202606,True,0,0,0
p002345,tasteofhome.com,hbopenbid.pubmatic.com,response,2.6-202606,True,0,0,0
p002346,tasteofhome.com,hbopenbid.pubmatic.com,response,2.6-202606,True,0,0,0
p002347,tmz.com,hbopenbid.pubmatic.com,response,2.6-202606,True,0,0,0
p002348,tmz.com,hbopenbid.pubmatic.com,response,2.6-202606,True,0,0,0
p002349,stereogum.com,hbopenbid.pubmatic.com,response,2.6-202606,True,0,0,0
p002350,thrillist.com,hbopenbid.pubmatic.com,response,2.6-202606,True,0,0,0
p002351,boredpanda.com,hbopenbid.pubmatic.com,response,2.6-202606,True,0,0,0
p002352,boredpanda.com,hbopenbid.pubmatic.com,response,2.6-202606,True,0,0,0
p002353,ranker.com,hbopenbid.pubmatic.com,response,2.6-202606,True,0,0,0
p002354,grunge.com,hbopenbid.pubmatic.com,response,2.6-202606,True,0,0,0
p002355,slashfilm.com,hbopenbid.pubmatic.com,response,2.6-202606,True,0,0,0
p002356,tastingtable.com,hbopenbid.pubmatic.com,response,2.6-202606,True,0,0,0
p002357,thehill.com,hbopenbid.pubmatic.com,response,2.6-202606,True,0,0,0
p002358,foxnews.com,htlb.casalemedia.com,request,2.6-202606,True,0,0,0
p002359,foxnews.com,htlb.casalemedia.com,request,2.6-202606,False,2,1,1
p002360,pagesix.com,htlb.casalemedia.com,request,2.6-202606,True,0,0,0
p002361,nypost.com,htlb.casalemedia.com,request,2.6-202606,True,0,0,0
p002362,pagesix.com,htlb.casalemedia.com,request,2.6-202606,True,0,0,0
p002363,nypost.com,htlb.casalemedia.com,request,2.6-202606,False,1,1,0
p002364,nypost.com,htlb.casalemedia.com,request,2.6-202606,False,1,1,0
p002365,pagesix.com,htlb.casalemedia.com,request,2.6-202606,True,0,0,0
p002366,foxnews.com,htlb.casalemedia.com,request,2.6-202606,True,0,0,0
p002367,foxnews.com,htlb.casalemedia.com,request,2.6-202606,False,2,1,1
p002368,pagesix.com,htlb.casalemedia.com,request,2.6-202606,True,0,0,0
p002369,foxnews.com,htlb.casalemedia.com,request,2.6-202606,True,0,0,0
p002370,pagesix.com,htlb.casalemedia.com,request,2.6-202606,True,0,0,0
p002371,nypost.com,htlb.casalemedia.com,request,2.6-202606,False,1,1,0
p002372,nypost.com,htlb.casalemedia.com,request,2.6-202606,False,1,1,0
p002373,pagesix.com,htlb.casalemedia.com,request,2.6-202606,True,0,0,0
p002374,foxnews.com,htlb.casalemedia.com,request,2.6-202606,True,0,0,0
p002375,pagesix.com,htlb.casalemedia.com,request,2.6-202606,False,2,1,1
p002376,pagesix.com,htlb.casalemedia.com,request,2.6-202606,False,2,1,1
p002377,pagesix.com,htlb.casalemedia.com,request,2.6-202606,False,2,1,1
p002378,nypost.com,htlb.casalemedia.com,request,2.6-202606,False,2,1,1
p002379,nypost.com,htlb.casalemedia.com,request,2.6-202606,False,2,1,1
p002380,nypost.com,htlb.casalemedia.com,request,2.6-202606,False,2,1,1
p002381,foxnews.com,htlb.casalemedia.com,request,2.6-202606,True,0,0,0
p002382,foxnews.com,htlb.casalemedia.com,request,2.6-202606,True,0,0,0
p002383,pagesix.com,htlb.casalemedia.com,request,2.6-202606,True,0,0,0
p002384,pagesix.com,htlb.casalemedia.com,request,2.6-202606,False,2,1,1
p002385,pagesix.com,htlb.casalemedia.com,request,2.6-202606,False,2,1,1
p002386,pagesix.com,htlb.casalemedia.com,request,2.6-202606,False,2,1,1
p002387,pagesix.com,htlb.casalemedia.com,request,2.6-202606,False,2,1,1
p002388,chicagotribune.com,htlb.casalemedia.com,request,2.6-202606,True,0,0,0
p002389,chicagotribune.com,htlb.casalemedia.com,request,2.6-202606,False,2,1,1
p002390,chicagotribune.com,htlb.casalemedia.com,request,2.6-202606,False,2,1,1
p002391,chicagotribune.com,htlb.casalemedia.com,request,2.6-202606,True,0,0,0
p002392,chicagotribune.com,htlb.casalemedia.com,request,2.6-202606,True,0,0,0
p002393,chicagotribune.com,htlb.casalemedia.com,request,2.6-202606,False,4,3,1
p002394,usatoday.com,htlb.casalemedia.com,request,2.6-202606,False,3,2,1
p002395,chicagotribune.com,htlb.casalemedia.com,request,2.6-202606,True,0,0,0
p002396,chicagotribune.com,htlb.casalemedia.com,request,2.6-202606,True,0,0,0
p002397,chicagotribune.com,htlb.casalemedia.com,request,2.6-202606,True,0,0,0
p002398,chicagotribune.com,htlb.casalemedia.com,request,2.6-202606,False,3,2,1
p002399,chicagotribune.com,htlb.casalemedia.com,request,2.6-202606,False,3,2,1
p002400,thedailybeast.com,htlb.casalemedia.com,request,2.6-202606,True,0,0,0
p002401,nydailynews.com,htlb.casalemedia.com,request,2.6-202606,True,0,0,0
p002402,nydailynews.com,htlb.casalemedia.com,request,2.6-202606,False,2,1,1
p002403,nydailynews.com,htlb.casalemedia.com,request,2.6-202606,False,2,1,1
p002404,nydailynews.com,htlb.casalemedia.com,request,2.6-202606,True,0,0,0
p002405,thedailybeast.com,htlb.casalemedia.com,request,2.6-202606,True,0,0,0
p002406,thedailybeast.com,htlb.casalemedia.com,request,2.6-202606,True,0,0,0
p002407,thedailybeast.com,htlb.casalemedia.com,request,2.6-202606,True,0,0,0
p002408,nydailynews.com,htlb.casalemedia.com,request,2.6-202606,True,0,0,0
p002409,businessinsider.com,htlb.casalemedia.com,request,2.6-202606,True,0,0,0
p002410,nydailynews.com,htlb.casalemedia.com,request,2.6-202606,True,0,0,0
p002411,businessinsider.com,htlb.casalemedia.com,request,2.6-202606,True,0,0,0
p002412,businessinsider.com,htlb.casalemedia.com,request,2.6-202606,True,0,0,0
p002413,businessinsider.com,htlb.casalemedia.com,request,2.6-202606,True,0,0,0
p002414,nydailynews.com,htlb.casalemedia.com,request,2.6-202606,False,2,1,1
p002415,thedailybeast.com,htlb.casalemedia.com,request,2.6-202606,True,0,0,0
p002416,nydailynews.com,htlb.casalemedia.com,request,2.6-202606,True,0,0,0
p002417,nydailynews.com,htlb.casalemedia.com,request,2.6-202606,True,0,0,0
p002418,nydailynews.com,htlb.casalemedia.com,request,2.6-202606,True,0,0,0
p002419,independent.co.uk,htlb.casalemedia.com,request,2.6-202606,False,3,2,1
p002420,independent.co.uk,htlb.casalemedia.com,request,2.6-202606,False,6,4,2
p002421,thesun.co.uk,htlb.casalemedia.com,request,2.6-202606,False,1,1,0
p002422,thesun.co.uk,htlb.casalemedia.com,request,2.6-202606,False,1,1,0
p002423,thesun.co.uk,htlb.casalemedia.com,request,2.6-202606,False,1,1,0
p002424,metro.co.uk,htlb.casalemedia.com,request,2.6-202606,False,1,1,0
p002425,metro.co.uk,htlb.casalemedia.com,request,2.6-202606,False,3,2,1
p002426,metro.co.uk,htlb.casalemedia.com,request,2.6-202606,False,1,1,0
p002427,thesun.co.uk,htlb.casalemedia.com,request,2.6-202606,False,1,1,0
p002428,thesun.co.uk,htlb.casalemedia.com,request,2.6-202606,False,3,2,1
p002429,thesun.co.uk,htlb.casalemedia.com,request,2.6-202606,False,2,2,0
p002430,thesun.co.uk,htlb.casalemedia.com,request,2.6-202606,False,2,2,0
p002431,thesun.co.uk,htlb.casalemedia.com,request,2.6-202606,False,1,1,0
p002432,standard.co.uk,htlb.casalemedia.com,request,2.6-202606,False,4,3,1
p002433,thesun.co.uk,htlb.casalemedia.com,request,2.6-202606,False,3,2,1
p002434,thesun.co.uk,htlb.casalemedia.com,request,2.6-202606,False,2,2,0
p002435,metro.co.uk,htlb.casalemedia.com,request,2.6-202606,False,1,1,0
p002436,metro.co.uk,htlb.casalemedia.com,request,2.6-202606,False,1,1,0
p002437,cbsnews.com,htlb.casalemedia.com,request,2.6-202606,False,2,2,0
p002438,standard.co.uk,htlb.casalemedia.com,request,2.6-202606,False,7,5,2
p002439,standard.co.uk,htlb.casalemedia.com,request,2.6-202606,False,4,3,1
p002440,standard.co.uk,htlb.casalemedia.com,request,2.6-202606,False,4,3,1
p002441,nbcnews.com,htlb.casalemedia.com,request,2.6-202606,True,0,0,0
p002442,abcnews.go.com,htlb.casalemedia.com,request,2.6-202606,True,0,0,0
p002443,nbcnews.com,htlb.casalemedia.com,request,2.6-202606,True,0,0,0
p002444,cbsnews.com,htlb.casalemedia.com,request,2.6-202606,False,2,2,0
p002445,nbcnews.com,htlb.casalemedia.com,request,2.6-202606,True,0,0,0
p002446,time.com,htlb.casalemedia.com,request,2.6-202606,False,1,1,0
p002447,time.com,htlb.casalemedia.com,request,2.6-202606,False,1,1,0
p002448,time.com,htlb.casalemedia.com,request,2.6-202606,False,1,1,0
p002449,time.com,htlb.casalemedia.com,request,2.6-202606,False,1,1,0
p002450,time.com,htlb.casalemedia.com,request,2.6-202606,False,1,1,0
p002451,time.com,htlb.casalemedia.com,request,2.6-202606,False,1,1,0
p002452,time.com,htlb.casalemedia.com,request,2.6-202606,False,1,1,0
p002453,time.com,htlb.casalemedia.com,request,2.6-202606,False,1,1,0
p002454,time.com,htlb.casalemedia.com,request,2.6-202606,False,1,1,0
p002455,time.com,htlb.casalemedia.com,request,2.6-202606,False,1,1,0
p002456,slate.com,htlb.casalemedia.com,request,2.6-202606,True,0,0,0
p002457,slate.com,htlb.casalemedia.com,request,2.6-202606,True,0,0,0
p002458,newsweek.com,htlb.casalemedia.com,request,2.6-202606,False,1,1,0
p002459,newsweek.com,htlb.casalemedia.com,request,2.6-202606,False,1,1,0
p002460,newsweek.com,htlb.casalemedia.com,request,2.6-202606,False,1,1,0
p002461,salon.com,htlb.casalemedia.com,request,2.6-202606,True,0,0,0
p002462,salon.com,htlb.casalemedia.com,request,2.6-202606,True,0,0,0
p002463,slate.com,htlb.casalemedia.com,request,2.6-202606,True,0,0,0
p002464,vox.com,htlb.casalemedia.com,request,2.6-202606,True,0,0,0
p002465,vox.com,htlb.casalemedia.com,request,2.6-202606,True,0,0,0
p002466,salon.com,htlb.casalemedia.com,request,2.6-202606,True,0,0,0
p002467,salon.com,htlb.casalemedia.com,request,2.6-202606,True,0,0,0
p002468,salon.com,htlb.casalemedia.com,request,2.6-202606,True,0,0,0
p002469,salon.com,htlb.casalemedia.com,request,2.6-202606,False,3,2,1
p002470,salon.com,htlb.casalemedia.com,request,2.6-202606,True,0,0,0
p002471,salon.com,htlb.casalemedia.com,request,2.6-202606,False,3,2,1
p002472,salon.com,htlb.casalemedia.com,request,2.6-202606,True,0,0,0
p002473,salon.com,htlb.casalemedia.com,request,2.6-202606,True,0,0,0
p002474,theverge.com,htlb.casalemedia.com,request,2.6-202606,True,0,0,0
p002475,salon.com,htlb.casalemedia.com,request,2.6-202606,True,0,0,0
p002476,salon.com,htlb.casalemedia.com,request,2.6-202606,True,0,0,0
p002477,salon.com,htlb.casalemedia.com,request,2.6-202606,True,0,0,0
p002478,vox.com,htlb.casalemedia.com,request,2.6-202606,True,0,0,0
p002479,salon.com,htlb.casalemedia.com,request,2.6-202606,False,3,2,1
p002480,salon.com,htlb.casalemedia.com,request,2.6-202606,False,3,2,1
p002481,salon.com,htlb.casalemedia.com,request,2.6-202606,True,0,0,0
p002482,salon.com,htlb.casalemedia.com,request,2.6-202606,False,3,2,1
p002483,salon.com,htlb.casalemedia.com,request,2.6-202606,False,3,2,1
p002484,salon.com,htlb.casalemedia.com,request,2.6-202606,False,3,2,1
p002485,theverge.com,htlb.casalemedia.com,request,2.6-202606,True,0,0,0
p002486,theverge.com,htlb.casalemedia.com,request,2.6-202606,True,0,0,0
p002487,vox.com,htlb.casalemedia.com,request,2.6-202606,True,0,0,0
p002488,vox.com,htlb.casalemedia.com,request,2.6-202606,False,2,1,1
p002489,engadget.com,htlb.casalemedia.com,request,2.6-202606,True,0,0,0
p002490,engadget.com,htlb.casalemedia.com,request,2.6-202606,False,3,2,1
p002491,vox.com,htlb.casalemedia.com,request,2.6-202606,True,0,0,0
p002492,engadget.com,htlb.casalemedia.com,request,2.6-202606,False,3,2,1
p002493,theverge.com,htlb.casalemedia.com,request,2.6-202606,True,0,0,0
p002494,theverge.com,htlb.casalemedia.com,request,2.6-202606,True,0,0,0
p002495,vox.com,htlb.casalemedia.com,request,2.6-202606,False,2,1,1
p002496,techcrunch.com,htlb.casalemedia.com,request,2.6-202606,True,0,0,0
p002497,techcrunch.com,htlb.casalemedia.com,request,2.6-202606,True,0,0,0
p002498,techcrunch.com,htlb.casalemedia.com,request,2.6-202606,True,0,0,0
p002499,techcrunch.com,htlb.casalemedia.com,request,2.6-202606,True,0,0,0
p002500,engadget.com,htlb.casalemedia.com,request,2.6-202606,True,0,0,0
p002501,engadget.com,htlb.casalemedia.com,request,2.6-202606,False,3,2,1
p002502,cnet.com,htlb.casalemedia.com,request,2.6-202606,True,0,0,0
p002503,techcrunch.com,htlb.casalemedia.com,request,2.6-202606,True,0,0,0
p002504,techcrunch.com,htlb.casalemedia.com,request,2.6-202606,True,0,0,0
p002505,techcrunch.com,htlb.casalemedia.com,request,2.6-202606,True,0,0,0
p002506,techcrunch.com,htlb.casalemedia.com,request,2.6-202606,True,0,0,0
p002507,zdnet.com,htlb.casalemedia.com,request,2.6-202606,True,0,0,0
p002508,cnet.com,htlb.casalemedia.com,request,2.6-202606,True,0,0,0
p002509,cnet.com,htlb.casalemedia.com,request,2.6-202606,True,0,0,0
p002510,tomshardware.com,htlb.casalemedia.com,request,2.6-202606,False,1,1,0
p002511,zdnet.com,htlb.casalemedia.com,request,2.6-202606,True,0,0,0
p002512,zdnet.com,htlb.casalemedia.com,request,2.6-202606,True,0,0,0
p002513,zdnet.com,htlb.casalemedia.com,request,2.6-202606,False,2,1,1
p002514,tomsguide.com,htlb.casalemedia.com,request,2.6-202606,False,1,1,0
p002515,tomshardware.com,htlb.casalemedia.com,request,2.6-202606,False,1,1,0
p002516,pcmag.com,htlb.casalemedia.com,request,2.6-202606,True,0,0,0
p002517,pcmag.com,htlb.casalemedia.com,request,2.6-202606,True,0,0,0
p002518,pcmag.com,htlb.casalemedia.com,request,2.6-202606,True,0,0,0
p002519,pcmag.com,htlb.casalemedia.com,request,2.6-202606,True,0,0,0
p002520,pcmag.com,htlb.casalemedia.com,request,2.6-202606,True,0,0,0
p002521,pcmag.com,htlb.casalemedia.com,request,2.6-202606,True,0,0,0
p002522,pcmag.com,htlb.casalemedia.com,request,2.6-202606,True,0,0,0
p002523,androidauthority.com,htlb.casalemedia.com,request,2.6-202606,True,0,0,0
p002524,androidauthority.com,htlb.casalemedia.com,request,2.6-202606,False,1,1,0
p002525,androidauthority.com,htlb.casalemedia.com,request,2.6-202606,False,1,1,0
p002526,androidauthority.com,htlb.casalemedia.com,request,2.6-202606,False,1,1,0
p002527,androidauthority.com,htlb.casalemedia.com,request,2.6-202606,False,3,2,1
p002528,androidauthority.com,htlb.casalemedia.com,request,2.6-202606,True,0,0,0
p002529,androidauthority.com,htlb.casalemedia.com,request,2.6-202606,False,2,1,1
p002530,androidauthority.com,htlb.casalemedia.com,request,2.6-202606,False,2,1,1
p002531,macrumors.com,htlb.casalemedia.com,request,2.6-202606,True,0,0,0
p002532,macrumors.com,htlb.casalemedia.com,request,2.6-202606,True,0,0,0
p002533,macrumors.com,htlb.casalemedia.com,request,2.6-202606,False,3,2,1
p002534,macrumors.com,htlb.casalemedia.com,request,2.6-202606,True,0,0,0
p002535,macrumors.com,htlb.casalemedia.com,request,2.6-202606,True,0,0,0
p002536,macrumors.com,htlb.casalemedia.com,request,2.6-202606,True,0,0,0
p002537,macrumors.com,htlb.casalemedia.com,request,2.6-202606,True,0,0,0
p002538,macrumors.com,htlb.casalemedia.com,request,2.6-202606,True,0,0,0
p002539,macrumors.com,htlb.casalemedia.com,request,2.6-202606,True,0,0,0
p002540,macrumors.com,htlb.casalemedia.com,request,2.6-202606,True,0,0,0
p002541,macrumors.com,htlb.casalemedia.com,request,2.6-202606,True,0,0,0
p002542,macrumors.com,htlb.casalemedia.com,request,2.6-202606,True,0,0,0
p002543,macrumors.com,htlb.casalemedia.com,request,2.6-202606,True,0,0,0
p002544,macrumors.com,htlb.casalemedia.com,request,2.6-202606,True,0,0,0
p002545,macrumors.com,htlb.casalemedia.com,request,2.6-202606,False,3,2,1
p002546,macrumors.com,htlb.casalemedia.com,request,2.6-202606,True,0,0,0
p002547,macrumors.com,htlb.casalemedia.com,request,2.6-202606,True,0,0,0
p002548,macrumors.com,htlb.casalemedia.com,request,2.6-202606,True,0,0,0
p002549,macrumors.com,htlb.casalemedia.com,request,2.6-202606,True,0,0,0
p002550,macrumors.com,htlb.casalemedia.com,request,2.6-202606,True,0,0,0
p002551,macrumors.com,htlb.casalemedia.com,request,2.6-202606,True,0,0,0
p002552,macrumors.com,htlb.casalemedia.com,request,2.6-202606,True,0,0,0
p002553,macrumors.com,htlb.casalemedia.com,request,2.6-202606,True,0,0,0
p002554,makeuseof.com,htlb.casalemedia.com,request,2.6-202606,False,4,3,1
p002555,makeuseof.com,htlb.casalemedia.com,request,2.6-202606,False,1,1,0
p002556,cbr.com,htlb.casalemedia.com,request,2.6-202606,False,4,3,1
p002557,cbr.com,htlb.casalemedia.com,request,2.6-202606,False,1,1,0
p002558,ign.com,htlb.casalemedia.com,request,2.6-202606,True,0,0,0
p002559,gamespot.com,htlb.casalemedia.com,request,2.6-202606,True,0,0,0
p002560,gamespot.com,htlb.casalemedia.com,request,2.6-202606,True,0,0,0
p002561,gamespot.com,htlb.casalemedia.com,request,2.6-202606,True,0,0,0
p002562,gamespot.com,htlb.casalemedia.com,request,2.6-202606,True,0,0,0
p002563,gamespot.com,htlb.casalemedia.com,request,2.6-202606,True,0,0,0
p002564,pcgamer.com,htlb.casalemedia.com,request,2.6-202606,False,4,3,1
p002565,pcgamer.com,htlb.casalemedia.com,request,2.6-202606,False,1,1,0
p002566,pcgamer.com,htlb.casalemedia.com,request,2.6-202606,False,1,1,0
p002567,rockpapershotgun.com,htlb.casalemedia.com,request,2.6-202606,True,0,0,0
p002568,rockpapershotgun.com,htlb.casalemedia.com,request,2.6-202606,True,0,0,0
p002569,kotaku.com,htlb.casalemedia.com,request,2.6-202606,False,2,1,1
p002570,kotaku.com,htlb.casalemedia.com,request,2.6-202606,False,2,1,1
p002571,rockpapershotgun.com,htlb.casalemedia.com,request,2.6-202606,True,0,0,0
p002572,rockpapershotgun.com,htlb.casalemedia.com,request,2.6-202606,True,0,0,0
p002573,eurogamer.net,htlb.casalemedia.com,request,2.6-202606,True,0,0,0
p002574,eurogamer.net,htlb.casalemedia.com,request,2.6-202606,True,0,0,0
p002575,eurogamer.net,htlb.casalemedia.com,request,2.6-202606,True,0,0,0
p002576,eurogamer.net,htlb.casalemedia.com,request,2.6-202606,True,0,0,0
p002577,eurogamer.net,htlb.casalemedia.com,request,2.6-202606,False,2,1,1
p002578,rockpapershotgun.com,htlb.casalemedia.com,request,2.6-202606,True,0,0,0
p002579,rockpapershotgun.com,htlb.casalemedia.com,request,2.6-202606,True,0,0,0
p002580,rockpapershotgun.com,htlb.casalemedia.com,request,2.6-202606,True,0,0,0
p002581,rockpapershotgun.com,htlb.casalemedia.com,request,2.6-202606,True,0,0,0
p002582,rockpapershotgun.com,htlb.casalemedia.com,request,2.6-202606,False,2,1,1
p002583,rockpapershotgun.com,htlb.casalemedia.com,request,2.6-202606,True,0,0,0
p002584,vg247.com,htlb.casalemedia.com,request,2.6-202606,True,0,0,0
p002585,vg247.com,htlb.casalemedia.com,request,2.6-202606,True,0,0,0
p002586,vg247.com,htlb.casalemedia.com,request,2.6-202606,True,0,0,0
p002587,vg247.com,htlb.casalemedia.com,request,2.6-202606,True,0,0,0
p002588,eurogamer.net,htlb.casalemedia.com,request,2.6-202606,True,0,0,0
p002589,eurogamer.net,htlb.casalemedia.com,request,2.6-202606,True,0,0,0
p002590,eurogamer.net,htlb.casalemedia.com,request,2.6-202606,True,0,0,0
p002591,eurogamer.net,htlb.casalemedia.com,request,2.6-202606,True,0,0,0
p002592,dexerto.com,htlb.casalemedia.com,request,2.6-202606,True,0,0,0
p002593,dexerto.com,htlb.casalemedia.com,request,2.6-202606,True,0,0,0
p002594,vg247.com,htlb.casalemedia.com,request,2.6-202606,True,0,0,0
p002595,vg247.com,htlb.casalemedia.com,request,2.6-202606,True,0,0,0
p002596,vg247.com,htlb.casalemedia.com,request,2.6-202606,True,0,0,0
p002597,vg247.com,htlb.casalemedia.com,request,2.6-202606,True,0,0,0
p002598,vg247.com,htlb.casalemedia.com,request,2.6-202606,True,0,0,0
p002599,vg247.com,htlb.casalemedia.com,request,2.6-202606,True,0,0,0
p002600,dexerto.com,htlb.casalemedia.com,request,2.6-202606,True,0,0,0
p002601,cbssports.com,htlb.casalemedia.com,request,2.6-202606,True,0,0,0
p002602,sportingnews.com,htlb.casalemedia.com,request,2.6-202606,True,0,0,0
p002603,si.com,htlb.casalemedia.com,request,2.6-202606,False,2,1,1
p002604,si.com,htlb.casalemedia.com,request,2.6-202606,False,2,1,1
p002605,si.com,htlb.casalemedia.com,request,2.6-202606,True,0,0,0
p002606,cbssports.com,htlb.casalemedia.com,request,2.6-202606,True,0,0,0
p002607,si.com,htlb.casalemedia.com,request,2.6-202606,False,2,1,1
p002608,bleacherreport.com,htlb.casalemedia.com,request,2.6-202606,True,0,0,0
p002609,bleacherreport.com,htlb.casalemedia.com,request,2.6-202606,True,0,0,0
p002610,bleacherreport.com,htlb.casalemedia.com,request,2.6-202606,True,0,0,0
p002611,bleacherreport.com,htlb.casalemedia.com,request,2.6-202606,True,0,0,0
p002612,bleacherreport.com,htlb.casalemedia.com,request,2.6-202606,True,0,0,0
p002613,bleacherreport.com,htlb.casalemedia.com,request,2.6-202606,True,0,0,0
p002614,bleacherreport.com,htlb.casalemedia.com,request,2.6-202606,True,0,0,0
p002615,bleacherreport.com,htlb.casalemedia.com,request,2.6-202606,True,0,0,0
p002616,bleacherreport.com,htlb.casalemedia.com,request,2.6-202606,True,0,0,0
p002617,bleacherreport.com,htlb.casalemedia.com,request,2.6-202606,True,0,0,0
p002618,bleacherreport.com,htlb.casalemedia.com,request,2.6-202606,True,0,0,0
p002619,bleacherreport.com,htlb.casalemedia.com,request,2.6-202606,True,0,0,0
p002620,bleacherreport.com,htlb.casalemedia.com,request,2.6-202606,True,0,0,0
p002621,bleacherreport.com,htlb.casalemedia.com,request,2.6-202606,True,0,0,0
p002622,bleacherreport.com,htlb.casalemedia.com,request,2.6-202606,True,0,0,0
p002623,bleacherreport.com,htlb.casalemedia.com,request,2.6-202606,True,0,0,0
p002624,bleacherreport.com,htlb.casalemedia.com,request,2.6-202606,True,0,0,0
p002625,bleacherreport.com,htlb.casalemedia.com,request,2.6-202606,True,0,0,0
p002626,bleacherreport.com,htlb.casalemedia.com,request,2.6-202606,True,0,0,0
p002627,goal.com,htlb.casalemedia.com,request,2.6-202606,True,0,0,0
p002628,goal.com,htlb.casalemedia.com,request,2.6-202606,False,2,1,1
p002629,goal.com,htlb.casalemedia.com,request,2.6-202606,False,2,1,1
p002630,weather.com,htlb.casalemedia.com,request,2.6-202606,True,0,0,0
p002631,weather.com,htlb.casalemedia.com,request,2.6-202606,False,1,1,0
p002632,goal.com,htlb.casalemedia.com,request,2.6-202606,False,2,1,1
p002633,wunderground.com,htlb.casalemedia.com,request,2.6-202606,True,0,0,0
p002634,weather.com,htlb.casalemedia.com,request,2.6-202606,False,1,1,0
p002635,weather.com,htlb.casalemedia.com,request,2.6-202606,False,1,1,0
p002636,weather.com,htlb.casalemedia.com,request,2.6-202606,False,2,1,1
p002637,weather.com,htlb.casalemedia.com,request,2.6-202606,False,2,1,1
p002638,weather.com,htlb.casalemedia.com,request,2.6-202606,False,2,1,1
p002639,weather.com,htlb.casalemedia.com,request,2.6-202606,False,2,1,1
p002640,wunderground.com,htlb.casalemedia.com,request,2.6-202606,True,0,0,0
p002641,benzinga.com,htlb.casalemedia.com,request,2.6-202606,True,0,0,0
p002642,benzinga.com,htlb.casalemedia.com,request,2.6-202606,True,0,0,0
p002643,kiplinger.com,htlb.casalemedia.com,request,2.6-202606,False,1,1,0
p002644,kiplinger.com,htlb.casalemedia.com,request,2.6-202606,False,1,1,0
p002645,allrecipes.com,htlb.casalemedia.com,request,2.6-202606,False,1,1,0
p002646,allrecipes.com,htlb.casalemedia.com,request,2.6-202606,False,3,3,0
p002647,allrecipes.com,htlb.casalemedia.com,request,2.6-202606,False,3,3,0
p002648,allrecipes.com,htlb.casalemedia.com,request,2.6-202606,False,1,1,0
p002649,delish.com,htlb.casalemedia.com,request,2.6-202606,False,1,1,0
p002650,delish.com,htlb.casalemedia.com,request,2.6-202606,True,0,0,0
p002651,delish.com,htlb.casalemedia.com,request,2.6-202606,False,2,2,0
p002652,foodnetwork.com,htlb.casalemedia.com,request,2.6-202606,True,0,0,0
p002653,foodnetwork.com,htlb.casalemedia.com,request,2.6-202606,True,0,0,0
p002654,delish.com,htlb.casalemedia.com,request,2.6-202606,True,0,0,0
p002655,tasteofhome.com,htlb.casalemedia.com,request,2.6-202606,True,0,0,0
p002656,tasteofhome.com,htlb.casalemedia.com,request,2.6-202606,True,0,0,0
p002657,tasteofhome.com,htlb.casalemedia.com,request,2.6-202606,True,0,0,0
p002658,seriouseats.com,htlb.casalemedia.com,request,2.6-202606,False,1,1,0
p002659,seriouseats.com,htlb.casalemedia.com,request,2.6-202606,False,1,1,0
p002660,tasteofhome.com,htlb.casalemedia.com,request,2.6-202606,True,0,0,0
p002661,tasteofhome.com,htlb.casalemedia.com,request,2.6-202606,True,0,0,0
p002662,tasteofhome.com,htlb.casalemedia.com,request,2.6-202606,True,0,0,0
p002663,thespruceeats.com,htlb.casalemedia.com,request,2.6-202606,False,1,1,0
p002664,thespruceeats.com,htlb.casalemedia.com,request,2.6-202606,True,0,0,0
p002665,healthline.com,htlb.casalemedia.com,request,2.6-202606,False,2,2,0
p002666,verywellhealth.com,htlb.casalemedia.com,request,2.6-202606,True,0,0,0
p002667,verywellhealth.com,htlb.casalemedia.com,request,2.6-202606,False,3,3,0
p002668,verywellhealth.com,htlb.casalemedia.com,request,2.6-202606,False,1,1,0
p002669,verywellhealth.com,htlb.casalemedia.com,request,2.6-202606,False,1,1,0
p002670,people.com,htlb.casalemedia.com,request,2.6-202606,False,1,1,0
p002671,people.com,htlb.casalemedia.com,request,2.6-202606,False,3,3,0
p002672,people.com,htlb.casalemedia.com,request,2.6-202606,False,1,1,0
p002673,people.com,htlb.casalemedia.com,request,2.6-202606,False,1,1,0
p002674,people.com,htlb.casalemedia.com,request,2.6-202606,False,3,3,0
p002675,eonline.com,htlb.casalemedia.com,request,2.6-202606,True,0,0,0
p002676,eonline.com,htlb.casalemedia.com,request,2.6-202606,True,0,0,0
p002677,tmz.com,htlb.casalemedia.com,request,2.6-202606,True,0,0,0
p002678,eonline.com,htlb.casalemedia.com,request,2.6-202606,True,0,0,0
p002679,eonline.com,htlb.casalemedia.com,request,2.6-202606,True,0,0,0
p002680,eonline.com,htlb.casalemedia.com,request,2.6-202606,True,0,0,0
p002681,eonline.com,htlb.casalemedia.com,request,2.6-202606,True,0,0,0
p002682,tmz.com,htlb.casalemedia.com,request,2.6-202606,True,0,0,0
p002683,tmz.com,htlb.casalemedia.com,request,2.6-202606,False,2,1,1
p002684,eonline.com,htlb.casalemedia.com,request,2.6-202606,True,0,0,0
p002685,eonline.com,htlb.casalemedia.com,request,2.6-202606,True,0,0,0
p002686,hollywoodreporter.com,htlb.casalemedia.com,request,2.6-202606,False,2,1,1
p002687,stereogum.com,htlb.casalemedia.com,request,2.6-202606,True,0,0,0
p002688,stereogum.com,htlb.casalemedia.com,request,2.6-202606,False,3,2,1
p002689,thrillist.com,htlb.casalemedia.com,request,2.6-202606,True,0,0,0
p002690,thrillist.com,htlb.casalemedia.com,request,2.6-202606,True,0,0,0
p002691,thrillist.com,htlb.casalemedia.com,request,2.6-202606,True,0,0,0
p002692,stereogum.com,htlb.casalemedia.com,request,2.6-202606,True,0,0,0
p002693,stereogum.com,htlb.casalemedia.com,request,2.6-202606,False,3,2,1
p002694,thrillist.com,htlb.casalemedia.com,request,2.6-202606,True,0,0,0
p002695,thrillist.com,htlb.casalemedia.com,request,2.6-202606,True,0,0,0
p002696,boredpanda.com,htlb.casalemedia.com,request,2.6-202606,True,0,0,0
p002697,timeout.com,htlb.casalemedia.com,request,2.6-202606,False,3,2,1
p002698,timeout.com,htlb.casalemedia.com,request,2.6-202606,False,3,2,1
p002699,timeout.com,htlb.casalemedia.com,request,2.6-202606,False,7,6,1
p002700,timeout.com,htlb.casalemedia.com,request,2.6-202606,False,3,2,1
p002701,timeout.com,htlb.casalemedia.com,request,2.6-202606,False,1,1,0
p002702,timeout.com,htlb.casalemedia.com,request,2.6-202606,False,1,1,0
p002703,timeout.com,htlb.casalemedia.com,request,2.6-202606,False,1,1,0
p002704,boredpanda.com,htlb.casalemedia.com,request,2.6-202606,True,0,0,0
p002705,ladbible.com,htlb.casalemedia.com,request,2.6-202606,False,1,1,0
p002706,ladbible.com,htlb.casalemedia.com,request,2.6-202606,False,2,1,1
p002707,ladbible.com,htlb.casalemedia.com,request,2.6-202606,False,2,1,1
p002708,distractify.com,htlb.casalemedia.com,request,2.6-202606,False,3,2,1
p002709,ladbible.com,htlb.casalemedia.com,request,2.6-202606,False,2,1,1
p002710,unilad.com,htlb.casalemedia.com,request,2.6-202606,False,1,1,0
p002711,unilad.com,htlb.casalemedia.com,request,2.6-202606,False,1,1,0
p002712,distractify.com,htlb.casalemedia.com,request,2.6-202606,True,0,0,0
p002713,distractify.com,htlb.casalemedia.com,request,2.6-202606,False,3,2,1
p002714,distractify.com,htlb.casalemedia.com,request,2.6-202606,True,0,0,0
p002715,distractify.com,htlb.casalemedia.com,request,2.6-202606,False,3,2,1
p002716,ranker.com,htlb.casalemedia.com,request,2.6-202606,True,0,0,0
p002717,ranker.com,htlb.casalemedia.com,request,2.6-202606,True,0,0,0
p002718,ranker.com,htlb.casalemedia.com,request,2.6-202606,True,0,0,0
p002719,ranker.com,htlb.casalemedia.com,request,2.6-202606,False,3,2,1
p002720,ranker.com,htlb.casalemedia.com,request,2.6-202606,True,0,0,0
p002721,ranker.com,htlb.casalemedia.com,request,2.6-202606,True,0,0,0
p002722,ranker.com,htlb.casalemedia.com,request,2.6-202606,False,3,2,1
p002723,ranker.com,htlb.casalemedia.com,request,2.6-202606,False,3,2,1
p002724,ranker.com,htlb.casalemedia.com,request,2.6-202606,False,3,2,1
p002725,ranker.com,htlb.casalemedia.com,request,2.6-202606,False,3,2,1
p002726,ranker.com,htlb.casalemedia.com,request,2.6-202606,False,3,2,1
p002727,ranker.com,htlb.casalemedia.com,request,2.6-202606,False,3,2,1
p002728,slashfilm.com,htlb.casalemedia.com,request,2.6-202606,True,0,0,0
p002729,looper.com,htlb.casalemedia.com,request,2.6-202606,False,4,3,1
p002730,slashfilm.com,htlb.casalemedia.com,request,2.6-202606,True,0,0,0
p002731,slashfilm.com,htlb.casalemedia.com,request,2.6-202606,False,3,2,1
p002732,mashed.com,htlb.casalemedia.com,request,2.6-202606,True,0,0,0
p002733,mashed.com,htlb.casalemedia.com,request,2.6-202606,False,3,2,1
p002734,slashfilm.com,htlb.casalemedia.com,request,2.6-202606,False,3,2,1
p002735,slashfilm.com,htlb.casalemedia.com,request,2.6-202606,False,3,2,1
p002736,tastingtable.com,htlb.casalemedia.com,request,2.6-202606,True,0,0,0
p002737,sfgate.com,htlb.casalemedia.com,request,2.6-202606,True,0,0,0
p002738,sfgate.com,htlb.casalemedia.com,request,2.6-202606,False,3,2,1
p002739,sfgate.com,htlb.casalemedia.com,request,2.6-202606,False,3,2,1
p002740,sfgate.com,htlb.casalemedia.com,request,2.6-202606,False,3,2,1
p002741,thehill.com,htlb.casalemedia.com,request,2.6-202606,True,0,0,0
p002742,foxnews.com,htlb.casalemedia.com,response,2.6-202606,True,0,0,0
p002743,nypost.com,htlb.casalemedia.com,response,2.6-202606,True,0,0,0
p002744,pagesix.com,htlb.casalemedia.com,response,2.6-202606,True,0,0,0
p002745,pagesix.com,htlb.casalemedia.com,response,2.6-202606,True,0,0,0
p002746,pagesix.com,htlb.casalemedia.com,response,2.6-202606,True,0,0,0
p002747,nypost.com,htlb.casalemedia.com,response,2.6-202606,True,0,0,0
p002748,nypost.com,htlb.casalemedia.com,response,2.6-202606,True,0,0,0
p002749,foxnews.com,htlb.casalemedia.com,response,2.6-202606,True,0,0,0
p002750,pagesix.com,htlb.casalemedia.com,response,2.6-202606,True,0,0,0
p002751,foxnews.com,htlb.casalemedia.com,response,2.6-202606,True,0,0,0
p002752,pagesix.com,htlb.casalemedia.com,response,2.6-202606,True,0,0,0
p002753,nypost.com,htlb.casalemedia.com,response,2.6-202606,True,0,0,0
p002754,nypost.com,htlb.casalemedia.com,response,2.6-202606,True,0,0,0
p002755,pagesix.com,htlb.casalemedia.com,response,2.6-202606,False,1,1,0
p002756,foxnews.com,htlb.casalemedia.com,response,2.6-202606,True,0,0,0
p002757,pagesix.com,htlb.casalemedia.com,response,2.6-202606,False,1,1,0
p002758,pagesix.com,htlb.casalemedia.com,response,2.6-202606,False,1,1,0
p002759,pagesix.com,htlb.casalemedia.com,response,2.6-202606,False,1,1,0
p002760,nypost.com,htlb.casalemedia.com,response,2.6-202606,False,1,1,0
p002761,nypost.com,htlb.casalemedia.com,response,2.6-202606,False,1,1,0
p002762,nypost.com,htlb.casalemedia.com,response,2.6-202606,False,1,1,0
p002763,pagesix.com,htlb.casalemedia.com,response,2.6-202606,True,0,0,0
p002764,pagesix.com,htlb.casalemedia.com,response,2.6-202606,False,1,1,0
p002765,pagesix.com,htlb.casalemedia.com,response,2.6-202606,False,1,1,0
p002766,pagesix.com,htlb.casalemedia.com,response,2.6-202606,False,1,1,0
p002767,pagesix.com,htlb.casalemedia.com,response,2.6-202606,False,1,1,0
p002768,chicagotribune.com,htlb.casalemedia.com,response,2.6-202606,True,0,0,0
p002769,chicagotribune.com,htlb.casalemedia.com,response,2.6-202606,True,0,0,0
p002770,chicagotribune.com,htlb.casalemedia.com,response,2.6-202606,True,0,0,0
p002771,chicagotribune.com,htlb.casalemedia.com,response,2.6-202606,True,0,0,0
p002772,usatoday.com,htlb.casalemedia.com,response,2.6-202606,False,1,1,0
p002773,chicagotribune.com,htlb.casalemedia.com,response,2.6-202606,True,0,0,0
p002774,chicagotribune.com,htlb.casalemedia.com,response,2.6-202606,True,0,0,0
p002775,thedailybeast.com,htlb.casalemedia.com,response,2.6-202606,True,0,0,0
p002776,nydailynews.com,htlb.casalemedia.com,response,2.6-202606,True,0,0,0
p002777,nydailynews.com,htlb.casalemedia.com,response,2.6-202606,True,0,0,0
p002778,nydailynews.com,htlb.casalemedia.com,response,2.6-202606,True,0,0,0
p002779,nydailynews.com,htlb.casalemedia.com,response,2.6-202606,True,0,0,0
p002780,businessinsider.com,htlb.casalemedia.com,response,2.6-202606,True,0,0,0
p002781,nydailynews.com,htlb.casalemedia.com,response,2.6-202606,True,0,0,0
p002782,businessinsider.com,htlb.casalemedia.com,response,2.6-202606,False,1,1,0
p002783,businessinsider.com,htlb.casalemedia.com,response,2.6-202606,True,0,0,0
p002784,businessinsider.com,htlb.casalemedia.com,response,2.6-202606,True,0,0,0
p002785,nydailynews.com,htlb.casalemedia.com,response,2.6-202606,True,0,0,0
p002786,nydailynews.com,htlb.casalemedia.com,response,2.6-202606,True,0,0,0
p002787,nydailynews.com,htlb.casalemedia.com,response,2.6-202606,True,0,0,0
p002788,independent.co.uk,htlb.casalemedia.com,response,2.6-202606,False,1,1,0
p002789,independent.co.uk,htlb.casalemedia.com,response,2.6-202606,False,1,1,0
p002790,thesun.co.uk,htlb.casalemedia.com,response,2.6-202606,False,1,1,0
p002791,thesun.co.uk,htlb.casalemedia.com,response,2.6-202606,True,0,0,0
p002792,thesun.co.uk,htlb.casalemedia.com,response,2.6-202606,True,0,0,0
p002793,metro.co.uk,htlb.casalemedia.com,response,2.6-202606,False,1,1,0
p002794,metro.co.uk,htlb.casalemedia.com,response,2.6-202606,False,1,1,0
p002795,metro.co.uk,htlb.casalemedia.com,response,2.6-202606,False,1,1,0
p002796,thesun.co.uk,htlb.casalemedia.com,response,2.6-202606,True,0,0,0
p002797,thesun.co.uk,htlb.casalemedia.com,response,2.6-202606,False,1,1,0
p002798,thesun.co.uk,htlb.casalemedia.com,response,2.6-202606,True,0,0,0
p002799,thesun.co.uk,htlb.casalemedia.com,response,2.6-202606,False,1,1,0
p002800,thesun.co.uk,htlb.casalemedia.com,response,2.6-202606,False,1,1,0
p002801,standard.co.uk,htlb.casalemedia.com,response,2.6-202606,True,0,0,0
p002802,thesun.co.uk,htlb.casalemedia.com,response,2.6-202606,False,1,1,0
p002803,thesun.co.uk,htlb.casalemedia.com,response,2.6-202606,False,1,1,0
p002804,metro.co.uk,htlb.casalemedia.com,response,2.6-202606,False,1,1,0
p002805,cbsnews.com,htlb.casalemedia.com,response,2.6-202606,False,1,1,0
p002806,metro.co.uk,htlb.casalemedia.com,response,2.6-202606,True,0,0,0
p002807,standard.co.uk,htlb.casalemedia.com,response,2.6-202606,True,0,0,0
p002808,standard.co.uk,htlb.casalemedia.com,response,2.6-202606,False,1,1,0
p002809,standard.co.uk,htlb.casalemedia.com,response,2.6-202606,False,1,1,0
p002810,nbcnews.com,htlb.casalemedia.com,response,2.6-202606,True,0,0,0
p002811,abcnews.go.com,htlb.casalemedia.com,response,2.6-202606,False,1,1,0
p002812,nbcnews.com,htlb.casalemedia.com,response,2.6-202606,True,0,0,0
p002813,cbsnews.com,htlb.casalemedia.com,response,2.6-202606,True,0,0,0
p002814,nbcnews.com,htlb.casalemedia.com,response,2.6-202606,False,1,1,0
p002815,time.com,htlb.casalemedia.com,response,2.6-202606,True,0,0,0
p002816,time.com,htlb.casalemedia.com,response,2.6-202606,False,1,1,0
p002817,time.com,htlb.casalemedia.com,response,2.6-202606,True,0,0,0
p002818,time.com,htlb.casalemedia.com,response,2.6-202606,True,0,0,0
p002819,time.com,htlb.casalemedia.com,response,2.6-202606,False,1,1,0
p002820,time.com,htlb.casalemedia.com,response,2.6-202606,False,1,1,0
p002821,time.com,htlb.casalemedia.com,response,2.6-202606,True,0,0,0
p002822,time.com,htlb.casalemedia.com,response,2.6-202606,True,0,0,0
p002823,time.com,htlb.casalemedia.com,response,2.6-202606,True,0,0,0
p002824,time.com,htlb.casalemedia.com,response,2.6-202606,True,0,0,0
p002825,slate.com,htlb.casalemedia.com,response,2.6-202606,False,1,1,0
p002826,slate.com,htlb.casalemedia.com,response,2.6-202606,True,0,0,0
p002827,newsweek.com,htlb.casalemedia.com,response,2.6-202606,False,1,1,0
p002828,newsweek.com,htlb.casalemedia.com,response,2.6-202606,False,1,1,0
p002829,newsweek.com,htlb.casalemedia.com,response,2.6-202606,True,0,0,0
p002830,salon.com,htlb.casalemedia.com,response,2.6-202606,False,1,1,0
p002831,salon.com,htlb.casalemedia.com,response,2.6-202606,False,1,1,0
p002832,slate.com,htlb.casalemedia.com,response,2.6-202606,True,0,0,0
p002833,vox.com,htlb.casalemedia.com,response,2.6-202606,True,0,0,0
p002834,vox.com,htlb.casalemedia.com,response,2.6-202606,False,1,1,0
p002835,salon.com,htlb.casalemedia.com,response,2.6-202606,False,1,1,0
p002836,salon.com,htlb.casalemedia.com,response,2.6-202606,False,1,1,0
p002837,salon.com,htlb.casalemedia.com,response,2.6-202606,False,1,1,0
p002838,salon.com,htlb.casalemedia.com,response,2.6-202606,False,1,1,0
p002839,salon.com,htlb.casalemedia.com,response,2.6-202606,False,1,1,0
p002840,salon.com,htlb.casalemedia.com,response,2.6-202606,False,1,1,0
p002841,salon.com,htlb.casalemedia.com,response,2.6-202606,False,1,1,0
p002842,salon.com,htlb.casalemedia.com,response,2.6-202606,False,1,1,0
p002843,salon.com,htlb.casalemedia.com,response,2.6-202606,False,1,1,0
p002844,salon.com,htlb.casalemedia.com,response,2.6-202606,False,1,1,0
p002845,theverge.com,htlb.casalemedia.com,response,2.6-202606,False,1,1,0
p002846,vox.com,htlb.casalemedia.com,response,2.6-202606,False,1,1,0
p002847,salon.com,htlb.casalemedia.com,response,2.6-202606,False,1,1,0
p002848,salon.com,htlb.casalemedia.com,response,2.6-202606,False,1,1,0
p002849,salon.com,htlb.casalemedia.com,response,2.6-202606,False,1,1,0
p002850,salon.com,htlb.casalemedia.com,response,2.6-202606,False,1,1,0
p002851,salon.com,htlb.casalemedia.com,response,2.6-202606,True,0,0,0
p002852,salon.com,htlb.casalemedia.com,response,2.6-202606,False,1,1,0
p002853,salon.com,htlb.casalemedia.com,response,2.6-202606,False,1,1,0
p002854,theverge.com,htlb.casalemedia.com,response,2.6-202606,False,1,1,0
p002855,theverge.com,htlb.casalemedia.com,response,2.6-202606,False,1,1,0
p002856,vox.com,htlb.casalemedia.com,response,2.6-202606,False,1,1,0
p002857,vox.com,htlb.casalemedia.com,response,2.6-202606,False,1,1,0
p002858,engadget.com,htlb.casalemedia.com,response,2.6-202606,False,1,1,0
p002859,engadget.com,htlb.casalemedia.com,response,2.6-202606,False,1,1,0
p002860,vox.com,htlb.casalemedia.com,response,2.6-202606,False,1,1,0
p002861,engadget.com,htlb.casalemedia.com,response,2.6-202606,False,1,1,0
p002862,theverge.com,htlb.casalemedia.com,response,2.6-202606,True,0,0,0
p002863,theverge.com,htlb.casalemedia.com,response,2.6-202606,False,1,1,0
p002864,vox.com,htlb.casalemedia.com,response,2.6-202606,False,1,1,0
p002865,techcrunch.com,htlb.casalemedia.com,response,2.6-202606,True,0,0,0
p002866,techcrunch.com,htlb.casalemedia.com,response,2.6-202606,True,0,0,0
p002867,techcrunch.com,htlb.casalemedia.com,response,2.6-202606,True,0,0,0
p002868,engadget.com,htlb.casalemedia.com,response,2.6-202606,False,1,1,0
p002869,engadget.com,htlb.casalemedia.com,response,2.6-202606,True,0,0,0
p002870,techcrunch.com,htlb.casalemedia.com,response,2.6-202606,True,0,0,0
p002871,cnet.com,htlb.casalemedia.com,response,2.6-202606,False,1,1,0
p002872,techcrunch.com,htlb.casalemedia.com,response,2.6-202606,True,0,0,0
p002873,techcrunch.com,htlb.casalemedia.com,response,2.6-202606,True,0,0,0
p002874,zdnet.com,htlb.casalemedia.com,response,2.6-202606,False,1,1,0
p002875,cnet.com,htlb.casalemedia.com,response,2.6-202606,True,0,0,0
p002876,cnet.com,htlb.casalemedia.com,response,2.6-202606,True,0,0,0
p002877,tomshardware.com,htlb.casalemedia.com,response,2.6-202606,False,1,1,0
p002878,zdnet.com,htlb.casalemedia.com,response,2.6-202606,True,0,0,0
p002879,zdnet.com,htlb.casalemedia.com,response,2.6-202606,True,0,0,0
p002880,zdnet.com,htlb.casalemedia.com,response,2.6-202606,False,1,1,0
p002881,tomsguide.com,htlb.casalemedia.com,response,2.6-202606,False,1,1,0
p002882,tomshardware.com,htlb.casalemedia.com,response,2.6-202606,True,0,0,0
p002883,pcmag.com,htlb.casalemedia.com,response,2.6-202606,False,1,1,0
p002884,pcmag.com,htlb.casalemedia.com,response,2.6-202606,True,0,0,0
p002885,pcmag.com,htlb.casalemedia.com,response,2.6-202606,False,1,1,0
p002886,pcmag.com,htlb.casalemedia.com,response,2.6-202606,False,1,1,0
p002887,pcmag.com,htlb.casalemedia.com,response,2.6-202606,True,0,0,0
p002888,pcmag.com,htlb.casalemedia.com,response,2.6-202606,True,0,0,0
p002889,pcmag.com,htlb.casalemedia.com,response,2.6-202606,True,0,0,0
p002890,androidauthority.com,htlb.casalemedia.com,response,2.6-202606,False,1,1,0
p002891,androidauthority.com,htlb.casalemedia.com,response,2.6-202606,False,1,1,0
p002892,androidauthority.com,htlb.casalemedia.com,response,2.6-202606,False,1,1,0
p002893,androidauthority.com,htlb.casalemedia.com,response,2.6-202606,False,1,1,0
p002894,androidauthority.com,htlb.casalemedia.com,response,2.6-202606,False,1,1,0
p002895,androidauthority.com,htlb.casalemedia.com,response,2.6-202606,False,1,1,0
p002896,androidauthority.com,htlb.casalemedia.com,response,2.6-202606,False,1,1,0
p002897,androidauthority.com,htlb.casalemedia.com,response,2.6-202606,False,1,1,0
p002898,macrumors.com,htlb.casalemedia.com,response,2.6-202606,True,0,0,0
p002899,macrumors.com,htlb.casalemedia.com,response,2.6-202606,True,0,0,0
p002900,macrumors.com,htlb.casalemedia.com,response,2.6-202606,False,1,1,0
p002901,macrumors.com,htlb.casalemedia.com,response,2.6-202606,True,0,0,0
p002902,macrumors.com,htlb.casalemedia.com,response,2.6-202606,False,1,1,0
p002903,macrumors.com,htlb.casalemedia.com,response,2.6-202606,False,1,1,0
p002904,macrumors.com,htlb.casalemedia.com,response,2.6-202606,False,1,1,0
p002905,macrumors.com,htlb.casalemedia.com,response,2.6-202606,False,1,1,0
p002906,macrumors.com,htlb.casalemedia.com,response,2.6-202606,False,1,1,0
p002907,macrumors.com,htlb.casalemedia.com,response,2.6-202606,False,1,1,0
p002908,macrumors.com,htlb.casalemedia.com,response,2.6-202606,False,1,1,0
p002909,macrumors.com,htlb.casalemedia.com,response,2.6-202606,False,1,1,0
p002910,macrumors.com,htlb.casalemedia.com,response,2.6-202606,False,1,1,0
p002911,macrumors.com,htlb.casalemedia.com,response,2.6-202606,False,1,1,0
p002912,macrumors.com,htlb.casalemedia.com,response,2.6-202606,False,1,1,0
p002913,macrumors.com,htlb.casalemedia.com,response,2.6-202606,False,1,1,0
p002914,macrumors.com,htlb.casalemedia.com,response,2.6-202606,False,1,1,0
p002915,macrumors.com,htlb.casalemedia.com,response,2.6-202606,False,1,1,0
p002916,macrumors.com,htlb.casalemedia.com,response,2.6-202606,False,1,1,0
p002917,macrumors.com,htlb.casalemedia.com,response,2.6-202606,False,1,1,0
p002918,macrumors.com,htlb.casalemedia.com,response,2.6-202606,False,1,1,0
p002919,macrumors.com,htlb.casalemedia.com,response,2.6-202606,False,1,1,0
p002920,macrumors.com,htlb.casalemedia.com,response,2.6-202606,False,1,1,0
p002921,makeuseof.com,htlb.casalemedia.com,response,2.6-202606,True,0,0,0
p002922,makeuseof.com,htlb.casalemedia.com,response,2.6-202606,False,1,1,0
p002923,cbr.com,htlb.casalemedia.com,response,2.6-202606,True,0,0,0
p002924,cbr.com,htlb.casalemedia.com,response,2.6-202606,False,1,1,0
p002925,ign.com,htlb.casalemedia.com,response,2.6-202606,True,0,0,0
p002926,gamespot.com,htlb.casalemedia.com,response,2.6-202606,True,0,0,0
p002927,gamespot.com,htlb.casalemedia.com,response,2.6-202606,True,0,0,0
p002928,gamespot.com,htlb.casalemedia.com,response,2.6-202606,True,0,0,0
p002929,gamespot.com,htlb.casalemedia.com,response,2.6-202606,True,0,0,0
p002930,gamespot.com,htlb.casalemedia.com,response,2.6-202606,True,0,0,0
p002931,pcgamer.com,htlb.casalemedia.com,response,2.6-202606,True,0,0,0
p002932,pcgamer.com,htlb.casalemedia.com,response,2.6-202606,True,0,0,0
p002933,pcgamer.com,htlb.casalemedia.com,response,2.6-202606,True,0,0,0
p002934,rockpapershotgun.com,htlb.casalemedia.com,response,2.6-202606,False,1,1,0
p002935,rockpapershotgun.com,htlb.casalemedia.com,response,2.6-202606,True,0,0,0
p002936,rockpapershotgun.com,htlb.casalemedia.com,response,2.6-202606,True,0,0,0
p002937,rockpapershotgun.com,htlb.casalemedia.com,response,2.6-202606,False,1,1,0
p002938,eurogamer.net,htlb.casalemedia.com,response,2.6-202606,False,1,1,0
p002939,eurogamer.net,htlb.casalemedia.com,response,2.6-202606,False,1,1,0
p002940,eurogamer.net,htlb.casalemedia.com,response,2.6-202606,False,1,1,0
p002941,eurogamer.net,htlb.casalemedia.com,response,2.6-202606,False,1,1,0
p002942,eurogamer.net,htlb.casalemedia.com,response,2.6-202606,False,1,1,0
p002943,rockpapershotgun.com,htlb.casalemedia.com,response,2.6-202606,True,0,0,0
p002944,rockpapershotgun.com,htlb.casalemedia.com,response,2.6-202606,True,0,0,0
p002945,rockpapershotgun.com,htlb.casalemedia.com,response,2.6-202606,True,0,0,0
p002946,rockpapershotgun.com,htlb.casalemedia.com,response,2.6-202606,True,0,0,0
p002947,rockpapershotgun.com,htlb.casalemedia.com,response,2.6-202606,False,1,1,0
p002948,rockpapershotgun.com,htlb.casalemedia.com,response,2.6-202606,False,1,1,0
p002949,vg247.com,htlb.casalemedia.com,response,2.6-202606,True,0,0,0
p002950,vg247.com,htlb.casalemedia.com,response,2.6-202606,True,0,0,0
p002951,vg247.com,htlb.casalemedia.com,response,2.6-202606,False,1,1,0
p002952,vg247.com,htlb.casalemedia.com,response,2.6-202606,True,0,0,0
p002953,eurogamer.net,htlb.casalemedia.com,response,2.6-202606,False,1,1,0
p002954,eurogamer.net,htlb.casalemedia.com,response,2.6-202606,False,1,1,0
p002955,eurogamer.net,htlb.casalemedia.com,response,2.6-202606,False,1,1,0
p002956,eurogamer.net,htlb.casalemedia.com,response,2.6-202606,False,1,1,0
p002957,dexerto.com,htlb.casalemedia.com,response,2.6-202606,True,0,0,0
p002958,dexerto.com,htlb.casalemedia.com,response,2.6-202606,True,0,0,0
p002959,vg247.com,htlb.casalemedia.com,response,2.6-202606,True,0,0,0
p002960,vg247.com,htlb.casalemedia.com,response,2.6-202606,True,0,0,0
p002961,vg247.com,htlb.casalemedia.com,response,2.6-202606,True,0,0,0
p002962,vg247.com,htlb.casalemedia.com,response,2.6-202606,True,0,0,0
p002963,vg247.com,htlb.casalemedia.com,response,2.6-202606,True,0,0,0
p002964,vg247.com,htlb.casalemedia.com,response,2.6-202606,True,0,0,0
p002965,dexerto.com,htlb.casalemedia.com,response,2.6-202606,True,0,0,0
p002966,cbssports.com,htlb.casalemedia.com,response,2.6-202606,True,0,0,0
p002967,si.com,htlb.casalemedia.com,response,2.6-202606,True,0,0,0
p002968,cbssports.com,htlb.casalemedia.com,response,2.6-202606,True,0,0,0
p002969,bleacherreport.com,htlb.casalemedia.com,response,2.6-202606,False,1,1,0
p002970,bleacherreport.com,htlb.casalemedia.com,response,2.6-202606,True,0,0,0
p002971,bleacherreport.com,htlb.casalemedia.com,response,2.6-202606,False,1,1,0
p002972,bleacherreport.com,htlb.casalemedia.com,response,2.6-202606,False,1,1,0
p002973,bleacherreport.com,htlb.casalemedia.com,response,2.6-202606,True,0,0,0
p002974,bleacherreport.com,htlb.casalemedia.com,response,2.6-202606,True,0,0,0
p002975,bleacherreport.com,htlb.casalemedia.com,response,2.6-202606,True,0,0,0
p002976,bleacherreport.com,htlb.casalemedia.com,response,2.6-202606,True,0,0,0
p002977,bleacherreport.com,htlb.casalemedia.com,response,2.6-202606,True,0,0,0
p002978,bleacherreport.com,htlb.casalemedia.com,response,2.6-202606,True,0,0,0
p002979,bleacherreport.com,htlb.casalemedia.com,response,2.6-202606,True,0,0,0
p002980,bleacherreport.com,htlb.casalemedia.com,response,2.6-202606,True,0,0,0
p002981,bleacherreport.com,htlb.casalemedia.com,response,2.6-202606,True,0,0,0
p002982,bleacherreport.com,htlb.casalemedia.com,response,2.6-202606,True,0,0,0
p002983,bleacherreport.com,htlb.casalemedia.com,response,2.6-202606,True,0,0,0
p002984,bleacherreport.com,htlb.casalemedia.com,response,2.6-202606,True,0,0,0
p002985,bleacherreport.com,htlb.casalemedia.com,response,2.6-202606,True,0,0,0
p002986,bleacherreport.com,htlb.casalemedia.com,response,2.6-202606,True,0,0,0
p002987,bleacherreport.com,htlb.casalemedia.com,response,2.6-202606,True,0,0,0
p002988,goal.com,htlb.casalemedia.com,response,2.6-202606,True,0,0,0
p002989,weather.com,htlb.casalemedia.com,response,2.6-202606,True,0,0,0
p002990,weather.com,htlb.casalemedia.com,response,2.6-202606,False,1,1,0
p002991,wunderground.com,htlb.casalemedia.com,response,2.6-202606,True,0,0,0
p002992,weather.com,htlb.casalemedia.com,response,2.6-202606,True,0,0,0
p002993,weather.com,htlb.casalemedia.com,response,2.6-202606,False,1,1,0
p002994,weather.com,htlb.casalemedia.com,response,2.6-202606,False,1,1,0
p002995,weather.com,htlb.casalemedia.com,response,2.6-202606,True,0,0,0
p002996,weather.com,htlb.casalemedia.com,response,2.6-202606,False,1,1,0
p002997,weather.com,htlb.casalemedia.com,response,2.6-202606,False,1,1,0
p002998,wunderground.com,htlb.casalemedia.com,response,2.6-202606,True,0,0,0
p002999,benzinga.com,htlb.casalemedia.com,response,2.6-202606,True,0,0,0
p003000,benzinga.com,htlb.casalemedia.com,response,2.6-202606,True,0,0,0
p003001,kiplinger.com,htlb.casalemedia.com,response,2.6-202606,False,1,1,0
p003002,kiplinger.com,htlb.casalemedia.com,response,2.6-202606,False,1,1,0
p003003,allrecipes.com,htlb.casalemedia.com,response,2.6-202606,True,0,0,0
p003004,allrecipes.com,htlb.casalemedia.com,response,2.6-202606,False,1,1,0
p003005,allrecipes.com,htlb.casalemedia.com,response,2.6-202606,False,1,1,0
p003006,allrecipes.com,htlb.casalemedia.com,response,2.6-202606,False,1,1,0
p003007,delish.com,htlb.casalemedia.com,response,2.6-202606,True,0,0,0
p003008,delish.com,htlb.casalemedia.com,response,2.6-202606,True,0,0,0
p003009,delish.com,htlb.casalemedia.com,response,2.6-202606,True,0,0,0
p003010,foodnetwork.com,htlb.casalemedia.com,response,2.6-202606,True,0,0,0
p003011,foodnetwork.com,htlb.casalemedia.com,response,2.6-202606,True,0,0,0
p003012,delish.com,htlb.casalemedia.com,response,2.6-202606,False,1,1,0
p003013,tasteofhome.com,htlb.casalemedia.com,response,2.6-202606,True,0,0,0
p003014,tasteofhome.com,htlb.casalemedia.com,response,2.6-202606,True,0,0,0
p003015,seriouseats.com,htlb.casalemedia.com,response,2.6-202606,False,1,1,0
p003016,seriouseats.com,htlb.casalemedia.com,response,2.6-202606,True,0,0,0
p003017,tasteofhome.com,htlb.casalemedia.com,response,2.6-202606,True,0,0,0
p003018,tasteofhome.com,htlb.casalemedia.com,response,2.6-202606,True,0,0,0
p003019,thespruceeats.com,htlb.casalemedia.com,response,2.6-202606,True,0,0,0
p003020,thespruceeats.com,htlb.casalemedia.com,response,2.6-202606,False,1,1,0
p003021,healthline.com,htlb.casalemedia.com,response,2.6-202606,False,1,1,0
p003022,verywellhealth.com,htlb.casalemedia.com,response,2.6-202606,False,1,1,0
p003023,verywellhealth.com,htlb.casalemedia.com,response,2.6-202606,False,1,1,0
p003024,verywellhealth.com,htlb.casalemedia.com,response,2.6-202606,True,0,0,0
p003025,verywellhealth.com,htlb.casalemedia.com,response,2.6-202606,True,0,0,0
p003026,people.com,htlb.casalemedia.com,response,2.6-202606,False,1,1,0
p003027,people.com,htlb.casalemedia.com,response,2.6-202606,False,1,1,0
p003028,people.com,htlb.casalemedia.com,response,2.6-202606,False,1,1,0
p003029,people.com,htlb.casalemedia.com,response,2.6-202606,True,0,0,0
p003030,people.com,htlb.casalemedia.com,response,2.6-202606,False,1,1,0
p003031,eonline.com,htlb.casalemedia.com,response,2.6-202606,True,0,0,0
p003032,eonline.com,htlb.casalemedia.com,response,2.6-202606,True,0,0,0
p003033,tmz.com,htlb.casalemedia.com,response,2.6-202606,True,0,0,0
p003034,eonline.com,htlb.casalemedia.com,response,2.6-202606,True,0,0,0
p003035,eonline.com,htlb.casalemedia.com,response,2.6-202606,False,1,1,0
p003036,eonline.com,htlb.casalemedia.com,response,2.6-202606,False,1,1,0
p003037,eonline.com,htlb.casalemedia.com,response,2.6-202606,True,0,0,0
p003038,tmz.com,htlb.casalemedia.com,response,2.6-202606,True,0,0,0
p003039,eonline.com,htlb.casalemedia.com,response,2.6-202606,True,0,0,0
p003040,eonline.com,htlb.casalemedia.com,response,2.6-202606,True,0,0,0
p003041,stereogum.com,htlb.casalemedia.com,response,2.6-202606,False,1,1,0
p003042,stereogum.com,htlb.casalemedia.com,response,2.6-202606,False,1,1,0
p003043,thrillist.com,htlb.casalemedia.com,response,2.6-202606,False,1,1,0
p003044,thrillist.com,htlb.casalemedia.com,response,2.6-202606,True,0,0,0
p003045,thrillist.com,htlb.casalemedia.com,response,2.6-202606,True,0,0,0
p003046,stereogum.com,htlb.casalemedia.com,response,2.6-202606,False,1,1,0
p003047,stereogum.com,htlb.casalemedia.com,response,2.6-202606,False,1,1,0
p003048,thrillist.com,htlb.casalemedia.com,response,2.6-202606,True,0,0,0
p003049,thrillist.com,htlb.casalemedia.com,response,2.6-202606,True,0,0,0
p003050,timeout.com,htlb.casalemedia.com,response,2.6-202606,False,1,1,0
p003051,boredpanda.com,htlb.casalemedia.com,response,2.6-202606,False,1,1,0
p003052,timeout.com,htlb.casalemedia.com,response,2.6-202606,False,1,1,0
p003053,timeout.com,htlb.casalemedia.com,response,2.6-202606,False,1,1,0
p003054,timeout.com,htlb.casalemedia.com,response,2.6-202606,True,0,0,0
p003055,timeout.com,htlb.casalemedia.com,response,2.6-202606,True,0,0,0
p003056,timeout.com,htlb.casalemedia.com,response,2.6-202606,True,0,0,0
p003057,timeout.com,htlb.casalemedia.com,response,2.6-202606,True,0,0,0
p003058,boredpanda.com,htlb.casalemedia.com,response,2.6-202606,False,1,1,0
p003059,ladbible.com,htlb.casalemedia.com,response,2.6-202606,False,1,1,0
p003060,distractify.com,htlb.casalemedia.com,response,2.6-202606,True,0,0,0
p003061,unilad.com,htlb.casalemedia.com,response,2.6-202606,False,1,1,0
p003062,unilad.com,htlb.casalemedia.com,response,2.6-202606,False,1,1,0
p003063,distractify.com,htlb.casalemedia.com,response,2.6-202606,False,1,1,0
p003064,distractify.com,htlb.casalemedia.com,response,2.6-202606,False,1,1,0
p003065,distractify.com,htlb.casalemedia.com,response,2.6-202606,True,0,0,0
p003066,distractify.com,htlb.casalemedia.com,response,2.6-202606,False,1,1,0
p003067,ranker.com,htlb.casalemedia.com,response,2.6-202606,False,1,1,0
p003068,ranker.com,htlb.casalemedia.com,response,2.6-202606,False,1,1,0
p003069,ranker.com,htlb.casalemedia.com,response,2.6-202606,False,1,1,0
p003070,ranker.com,htlb.casalemedia.com,response,2.6-202606,False,1,1,0
p003071,ranker.com,htlb.casalemedia.com,response,2.6-202606,False,1,1,0
p003072,ranker.com,htlb.casalemedia.com,response,2.6-202606,False,1,1,0
p003073,ranker.com,htlb.casalemedia.com,response,2.6-202606,False,1,1,0
p003074,ranker.com,htlb.casalemedia.com,response,2.6-202606,False,1,1,0
p003075,ranker.com,htlb.casalemedia.com,response,2.6-202606,False,1,1,0
p003076,ranker.com,htlb.casalemedia.com,response,2.6-202606,False,1,1,0
p003077,ranker.com,htlb.casalemedia.com,response,2.6-202606,False,1,1,0
p003078,ranker.com,htlb.casalemedia.com,response,2.6-202606,True,0,0,0
p003079,slashfilm.com,htlb.casalemedia.com,response,2.6-202606,False,1,1,0
p003080,looper.com,htlb.casalemedia.com,response,2.6-202606,False,1,1,0
p003081,slashfilm.com,htlb.casalemedia.com,response,2.6-202606,False,1,1,0
p003082,slashfilm.com,htlb.casalemedia.com,response,2.6-202606,False,1,1,0
p003083,mashed.com,htlb.casalemedia.com,response,2.6-202606,False,1,1,0
p003084,mashed.com,htlb.casalemedia.com,response,2.6-202606,False,1,1,0
p003085,slashfilm.com,htlb.casalemedia.com,response,2.6-202606,False,1,1,0
p003086,slashfilm.com,htlb.casalemedia.com,response,2.6-202606,False,1,1,0
p003087,tastingtable.com,htlb.casalemedia.com,response,2.6-202606,True,0,0,0
p003088,sfgate.com,htlb.casalemedia.com,response,2.6-202606,True,0,0,0
p003089,sfgate.com,htlb.casalemedia.com,response,2.6-202606,True,0,0,0
p003090,sfgate.com,htlb.casalemedia.com,response,2.6-202606,False,1,1,0
p003091,sfgate.com,htlb.casalemedia.com,response,2.6-202606,True,0,0,0
p003092,pagesix.com,ib.adnxs.com,request,2.6-202606,True,0,0,0
p003093,nypost.com,ib.adnxs.com,request,2.6-202606,True,0,0,0
p003094,pagesix.com,ib.adnxs.com,request,2.6-202606,True,0,0,0
p003095,nypost.com,ib.adnxs.com,request,2.6-202606,True,0,0,0
p003096,nypost.com,ib.adnxs.com,request,2.6-202606,True,0,0,0
p003097,pagesix.com,ib.adnxs.com,request,2.6-202606,True,0,0,0
p003098,pagesix.com,ib.adnxs.com,request,2.6-202606,True,0,0,0
p003099,pagesix.com,ib.adnxs.com,request,2.6-202606,True,0,0,0
p003100,nypost.com,ib.adnxs.com,request,2.6-202606,True,0,0,0
p003101,nypost.com,ib.adnxs.com,request,2.6-202606,True,0,0,0
p003102,pagesix.com,ib.adnxs.com,request,2.6-202606,True,0,0,0
p003103,pagesix.com,ib.adnxs.com,request,2.6-202606,True,0,0,0
p003104,independent.co.uk,ib.adnxs.com,request,2.6-202606,False,2,1,1
p003105,independent.co.uk,ib.adnxs.com,request,2.6-202606,False,2,1,1
p003106,thesun.co.uk,ib.adnxs.com,request,2.6-202606,False,1,1,0
p003107,thesun.co.uk,ib.adnxs.com,request,2.6-202606,False,1,1,0
p003108,thesun.co.uk,ib.adnxs.com,request,2.6-202606,False,1,1,0
p003109,metro.co.uk,ib.adnxs.com,request,2.6-202606,False,1,1,0
p003110,metro.co.uk,ib.adnxs.com,request,2.6-202606,False,2,1,1
p003111,metro.co.uk,ib.adnxs.com,request,2.6-202606,False,1,1,0
p003112,thesun.co.uk,ib.adnxs.com,request,2.6-202606,False,1,1,0
p003113,thesun.co.uk,ib.adnxs.com,request,2.6-202606,False,2,1,1
p003114,thesun.co.uk,ib.adnxs.com,request,2.6-202606,False,1,1,0
p003115,thesun.co.uk,ib.adnxs.com,request,2.6-202606,False,1,1,0
p003116,thesun.co.uk,ib.adnxs.com,request,2.6-202606,False,1,1,0
p003117,standard.co.uk,ib.adnxs.com,request,2.6-202606,False,3,2,1
p003118,thesun.co.uk,ib.adnxs.com,request,2.6-202606,False,2,1,1
p003119,thesun.co.uk,ib.adnxs.com,request,2.6-202606,False,1,1,0
p003120,metro.co.uk,ib.adnxs.com,request,2.6-202606,False,1,1,0
p003121,metro.co.uk,ib.adnxs.com,request,2.6-202606,False,1,1,0
p003122,cbsnews.com,ib.adnxs.com,request,2.6-202606,True,0,0,0
p003123,standard.co.uk,ib.adnxs.com,request,2.6-202606,False,5,3,2
p003124,cbsnews.com,ib.adnxs.com,request,2.6-202606,True,0,0,0
p003125,androidauthority.com,ib.adnxs.com,request,2.6-202606,True,0,0,0
p003126,androidauthority.com,ib.adnxs.com,request,2.6-202606,True,0,0,0
p003127,androidauthority.com,ib.adnxs.com,request,2.6-202606,True,0,0,0
p003128,androidauthority.com,ib.adnxs.com,request,2.6-202606,True,0,0,0
p003129,androidauthority.com,ib.adnxs.com,request,2.6-202606,True,1,0,1
p003130,androidauthority.com,ib.adnxs.com,request,2.6-202606,True,0,0,0
p003131,androidauthority.com,ib.adnxs.com,request,2.6-202606,True,1,0,1
p003132,androidauthority.com,ib.adnxs.com,request,2.6-202606,True,1,0,1
p003133,cbssports.com,ib.adnxs.com,request,2.6-202606,True,0,0,0
p003134,cbssports.com,ib.adnxs.com,request,2.6-202606,True,0,0,0
p003135,talksport.com,ib.adnxs.com,request,2.6-202606,False,1,1,0
p003136,talksport.com,ib.adnxs.com,request,2.6-202606,False,1,1,0
p003137,talksport.com,ib.adnxs.com,request,2.6-202606,False,1,1,0
p003138,talksport.com,ib.adnxs.com,request,2.6-202606,False,1,1,0
p003139,talksport.com,ib.adnxs.com,request,2.6-202606,False,1,1,0
p003140,talksport.com,ib.adnxs.com,request,2.6-202606,False,1,1,0
p003141,talksport.com,ib.adnxs.com,request,2.6-202606,False,1,1,0
p003142,talksport.com,ib.adnxs.com,request,2.6-202606,False,1,1,0
p003143,talksport.com,ib.adnxs.com,request,2.6-202606,False,1,1,0
p003144,talksport.com,ib.adnxs.com,request,2.6-202606,False,1,1,0
p003145,talksport.com,ib.adnxs.com,request,2.6-202606,False,1,1,0
p003146,talksport.com,ib.adnxs.com,request,2.6-202606,False,1,1,0
p003147,talksport.com,ib.adnxs.com,request,2.6-202606,False,1,1,0
p003148,talksport.com,ib.adnxs.com,request,2.6-202606,False,1,1,0
p003149,allrecipes.com,ib.adnxs.com,request,2.6-202606,True,0,0,0
p003150,allrecipes.com,ib.adnxs.com,request,2.6-202606,True,0,0,0
p003151,allrecipes.com,ib.adnxs.com,request,2.6-202606,True,0,0,0
p003152,allrecipes.com,ib.adnxs.com,request,2.6-202606,True,0,0,0
p003153,delish.com,ib.adnxs.com,request,2.6-202606,True,0,0,0
p003154,delish.com,ib.adnxs.com,request,2.6-202606,True,0,0,0
p003155,delish.com,ib.adnxs.com,request,2.6-202606,True,0,0,0
p003156,delish.com,ib.adnxs.com,request,2.6-202606,True,0,0,0
p003157,seriouseats.com,ib.adnxs.com,request,2.6-202606,True,0,0,0
p003158,seriouseats.com,ib.adnxs.com,request,2.6-202606,True,0,0,0
p003159,thespruceeats.com,ib.adnxs.com,request,2.6-202606,True,0,0,0
p003160,thespruceeats.com,ib.adnxs.com,request,2.6-202606,True,0,0,0
p003161,verywellhealth.com,ib.adnxs.com,request,2.6-202606,True,0,0,0
p003162,verywellhealth.com,ib.adnxs.com,request,2.6-202606,True,0,0,0
p003163,verywellhealth.com,ib.adnxs.com,request,2.6-202606,True,0,0,0
p003164,verywellhealth.com,ib.adnxs.com,request,2.6-202606,True,0,0,0
p003165,people.com,ib.adnxs.com,request,2.6-202606,True,0,0,0
p003166,people.com,ib.adnxs.com,request,2.6-202606,True,0,0,0
p003167,people.com,ib.adnxs.com,request,2.6-202606,True,0,0,0
p003168,people.com,ib.adnxs.com,request,2.6-202606,True,0,0,0
p003169,people.com,ib.adnxs.com,request,2.6-202606,True,0,0,0
p003170,variety.com,ib.adnxs.com,request,2.6-202606,True,0,0,0
p003171,variety.com,ib.adnxs.com,request,2.6-202606,True,0,0,0
p003172,variety.com,ib.adnxs.com,request,2.6-202606,True,0,0,0
p003173,deadline.com,ib.adnxs.com,request,2.6-202606,True,2,0,2
p003174,hollywoodreporter.com,ib.adnxs.com,request,2.6-202606,True,1,0,1
p003175,hollywoodreporter.com,ib.adnxs.com,request,2.6-202606,True,1,0,1
p003176,rollingstone.com,ib.adnxs.com,request,2.6-202606,True,0,0,0
p003177,hollywoodreporter.com,ib.adnxs.com,request,2.6-202606,True,2,0,2
p003178,hollywoodreporter.com,ib.adnxs.com,request,2.6-202606,True,1,0,1
p003179,hollywoodreporter.com,ib.adnxs.com,request,2.6-202606,True,0,0,0
p003180,hollywoodreporter.com,ib.adnxs.com,request,2.6-202606,True,0,0,0
p003181,rollingstone.com,ib.adnxs.com,request,2.6-202606,True,2,0,2
p003182,rollingstone.com,ib.adnxs.com,request,2.6-202606,True,1,0,1
p003183,rollingstone.com,ib.adnxs.com,request,2.6-202606,True,1,0,1
p003184,billboard.com,ib.adnxs.com,request,2.6-202606,True,0,0,0
p003185,billboard.com,ib.adnxs.com,request,2.6-202606,True,1,0,1
p003186,billboard.com,ib.adnxs.com,request,2.6-202606,True,1,0,1
p003187,billboard.com,ib.adnxs.com,request,2.6-202606,True,1,0,1
p003188,billboard.com,ib.adnxs.com,request,2.6-202606,True,2,0,2
p003189,billboard.com,ib.adnxs.com,request,2.6-202606,True,1,0,1
p003190,billboard.com,ib.adnxs.com,request,2.6-202606,True,0,0,0
p003191,boredpanda.com,ib.adnxs.com,request,2.6-202606,True,0,0,0
p003192,boredpanda.com,ib.adnxs.com,request,2.6-202606,True,1,0,1
p003193,boredpanda.com,ib.adnxs.com,request,2.6-202606,True,1,0,1
p003194,boredpanda.com,ib.adnxs.com,request,2.6-202606,True,1,0,1
p003195,boredpanda.com,ib.adnxs.com,request,2.6-202606,True,0,0,0
p003196,ladbible.com,ib.adnxs.com,request,2.6-202606,True,0,0,0
p003197,ladbible.com,ib.adnxs.com,request,2.6-202606,True,0,0,0
p003198,ladbible.com,ib.adnxs.com,request,2.6-202606,True,0,0,0
p003199,ladbible.com,ib.adnxs.com,request,2.6-202606,True,0,0,0
p003200,ladbible.com,ib.adnxs.com,request,2.6-202606,True,0,0,0
p003201,ladbible.com,ib.adnxs.com,request,2.6-202606,True,0,0,0
p003202,ladbible.com,ib.adnxs.com,request,2.6-202606,True,0,0,0
p003203,ladbible.com,ib.adnxs.com,request,2.6-202606,True,0,0,0
p003204,pagesix.com,ib.adnxs.com,response,2.6-202606,True,1,0,1
p003205,pagesix.com,ib.adnxs.com,response,2.6-202606,True,1,0,1
p003206,independent.co.uk,ib.adnxs.com,response,2.6-202606,True,2,0,2
p003207,independent.co.uk,ib.adnxs.com,response,2.6-202606,True,4,0,4
p003208,metro.co.uk,ib.adnxs.com,response,2.6-202606,True,3,0,3
p003209,standard.co.uk,ib.adnxs.com,response,2.6-202606,True,2,0,2
p003210,metro.co.uk,ib.adnxs.com,response,2.6-202606,True,3,0,3
p003211,metro.co.uk,ib.adnxs.com,response,2.6-202606,True,3,0,3
p003212,standard.co.uk,ib.adnxs.com,response,2.6-202606,True,5,0,5
p003213,cbssports.com,ib.adnxs.com,response,2.6-202606,True,1,0,1
p003214,cbssports.com,ib.adnxs.com,response,2.6-202606,True,2,0,2
p003215,allrecipes.com,ib.adnxs.com,response,2.6-202606,True,1,0,1
p003216,allrecipes.com,ib.adnxs.com,response,2.6-202606,True,1,0,1
p003217,allrecipes.com,ib.adnxs.com,response,2.6-202606,True,1,0,1
p003218,delish.com,ib.adnxs.com,response,2.6-202606,True,2,0,2
p003219,delish.com,ib.adnxs.com,response,2.6-202606,True,1,0,1
p003220,delish.com,ib.adnxs.com,response,2.6-202606,True,1,0,1
p003221,delish.com,ib.adnxs.com,response,2.6-202606,True,2,0,2
p003222,seriouseats.com,ib.adnxs.com,response,2.6-202606,True,3,0,3
p003223,thespruceeats.com,ib.adnxs.com,response,2.6-202606,True,2,0,2
p003224,verywellhealth.com,ib.adnxs.com,response,2.6-202606,True,1,0,1
p003225,verywellhealth.com,ib.adnxs.com,response,2.6-202606,True,1,0,1
p003226,people.com,ib.adnxs.com,response,2.6-202606,True,1,0,1
p003227,people.com,ib.adnxs.com,response,2.6-202606,True,1,0,1
p003228,variety.com,ib.adnxs.com,response,2.6-202606,True,1,0,1
p003229,billboard.com,ib.adnxs.com,response,2.6-202606,True,1,0,1
p003230,tomshardware.com,mweb-hb.presage.io,request,2.6-202606,False,1,1,0
p003231,tomsguide.com,mweb-hb.presage.io,request,2.6-202606,False,1,1,0
p003232,tomshardware.com,mweb-hb.presage.io,request,2.6-202606,False,1,1,0
p003233,pcgamer.com,mweb-hb.presage.io,request,2.6-202606,False,1,1,0
p003234,pcgamer.com,mweb-hb.presage.io,request,2.6-202606,False,1,1,0
p003235,sportingnews.com,mweb-hb.presage.io,request,2.6-202606,True,0,0,0
p003236,kiplinger.com,mweb-hb.presage.io,request,2.6-202606,False,1,1,0
p003237,kiplinger.com,mweb-hb.presage.io,request,2.6-202606,False,1,1,0
p003238,ladbible.com,mweb-hb.presage.io,request,2.6-202606,False,1,1,0
p003239,unilad.com,mweb-hb.presage.io,request,2.6-202606,False,1,1,0
p003240,unilad.com,mweb-hb.presage.io,request,2.6-202606,False,1,1,0
p003241,tomshardware.com,mweb-hb.presage.io,response,2.6-202606,True,0,0,0
p003242,tomshardware.com,mweb-hb.presage.io,response,2.6-202606,True,0,0,0
p003243,pcgamer.com,mweb-hb.presage.io,response,2.6-202606,True,0,0,0
p003244,pcgamer.com,mweb-hb.presage.io,response,2.6-202606,True,0,0,0
p003245,kiplinger.com,mweb-hb.presage.io,response,2.6-202606,True,0,0,0
p003246,kiplinger.com,mweb-hb.presage.io,response,2.6-202606,True,0,0,0
p003247,cbsnews.com,native.bidder.taboola.com,request,2.6-202606,True,0,0,0
p003248,cbsnews.com,native.bidder.taboola.com,request,2.6-202606,True,0,0,0
p003249,cbssports.com,native.bidder.taboola.com,request,2.6-202606,True,0,0,0
p003250,cbssports.com,native.bidder.taboola.com,request,2.6-202606,True,0,0,0
p003251,chicagotribune.com,npid.amspbs.com,request,2.6-202606,True,0,0,0
p003252,chicagotribune.com,npid.amspbs.com,request,2.6-202606,True,0,0,0
p003253,chicagotribune.com,npid.amspbs.com,request,2.6-202606,True,0,0,0
p003254,chicagotribune.com,npid.amspbs.com,request,2.6-202606,True,0,0,0
p003255,chicagotribune.com,npid.amspbs.com,request,2.6-202606,True,0,0,0
p003256,chicagotribune.com,npid.amspbs.com,request,2.6-202606,True,0,0,0
p003257,nydailynews.com,npid.amspbs.com,request,2.6-202606,True,0,0,0
p003258,nydailynews.com,npid.amspbs.com,request,2.6-202606,True,0,0,0
p003259,nydailynews.com,npid.amspbs.com,request,2.6-202606,True,0,0,0
p003260,nydailynews.com,npid.amspbs.com,request,2.6-202606,True,0,0,0
p003261,nydailynews.com,npid.amspbs.com,request,2.6-202606,True,0,0,0
p003262,nydailynews.com,npid.amspbs.com,request,2.6-202606,True,0,0,0
p003263,nydailynews.com,npid.amspbs.com,request,2.6-202606,True,0,0,0
p003264,chicagotribune.com,npid.amspbs.com,response,2.6-202606,True,0,0,0
p003265,chicagotribune.com,npid.amspbs.com,response,2.6-202606,True,0,0,0
p003266,chicagotribune.com,npid.amspbs.com,response,2.6-202606,True,0,0,0
p003267,chicagotribune.com,npid.amspbs.com,response,2.6-202606,True,0,0,0
p003268,chicagotribune.com,npid.amspbs.com,response,2.6-202606,True,0,0,0
p003269,chicagotribune.com,npid.amspbs.com,response,2.6-202606,True,0,0,0
p003270,nydailynews.com,npid.amspbs.com,response,2.6-202606,True,0,0,0
p003271,nydailynews.com,npid.amspbs.com,response,2.6-202606,True,0,0,0
p003272,nydailynews.com,npid.amspbs.com,response,2.6-202606,True,0,0,0
p003273,nydailynews.com,npid.amspbs.com,response,2.6-202606,True,0,0,0
p003274,nydailynews.com,npid.amspbs.com,response,2.6-202606,True,0,0,0
p003275,nydailynews.com,npid.amspbs.com,response,2.6-202606,False,1,1,0
p003276,nydailynews.com,npid.amspbs.com,response,2.6-202606,True,0,0,0
p003277,huffpost.com,openads.adsrvr.org,request,2.6-202606,True,0,0,0
p003278,huffpost.com,openads.adsrvr.org,request,2.6-202606,True,0,0,0
p003279,huffpost.com,openads.adsrvr.org,request,2.6-202606,True,0,0,0
p003280,huffpost.com,openads.adsrvr.org,request,2.6-202606,True,0,0,0
p003281,huffpost.com,openads.adsrvr.org,request,2.6-202606,True,0,0,0
p003282,huffpost.com,openads.adsrvr.org,request,2.6-202606,True,0,0,0
p003283,huffpost.com,openads.adsrvr.org,request,2.6-202606,True,0,0,0
p003284,huffpost.com,openads.adsrvr.org,request,2.6-202606,True,0,0,0
p003285,huffpost.com,openads.adsrvr.org,request,2.6-202606,True,0,0,0
p003286,newsweek.com,openads.adsrvr.org,request,2.6-202606,False,2,2,0
p003287,newsweek.com,openads.adsrvr.org,request,2.6-202606,False,2,2,0
p003288,newsweek.com,openads.adsrvr.org,request,2.6-202606,False,2,2,0
p003289,newsweek.com,openads.adsrvr.org,request,2.6-202606,False,2,2,0
p003290,newsweek.com,openads.adsrvr.org,request,2.6-202606,False,2,2,0
p003291,newsweek.com,openads.adsrvr.org,request,2.6-202606,False,2,2,0
p003292,newsweek.com,openads.adsrvr.org,request,2.6-202606,False,2,2,0
p003293,newsweek.com,openads.adsrvr.org,request,2.6-202606,False,2,2,0
p003294,cnet.com,openads.adsrvr.org,request,2.6-202606,True,0,0,0
p003295,zdnet.com,openads.adsrvr.org,request,2.6-202606,True,0,0,0
p003296,cnet.com,openads.adsrvr.org,request,2.6-202606,True,0,0,0
p003297,cnet.com,openads.adsrvr.org,request,2.6-202606,True,0,0,0
p003298,zdnet.com,openads.adsrvr.org,request,2.6-202606,True,0,0,0
p003299,zdnet.com,openads.adsrvr.org,request,2.6-202606,True,0,0,0
p003300,zdnet.com,openads.adsrvr.org,request,2.6-202606,True,1,0,1
p003301,pcmag.com,openads.adsrvr.org,request,2.6-202606,True,0,0,0
p003302,pcmag.com,openads.adsrvr.org,request,2.6-202606,True,0,0,0
p003303,pcmag.com,openads.adsrvr.org,request,2.6-202606,True,0,0,0
p003304,pcmag.com,openads.adsrvr.org,request,2.6-202606,True,0,0,0
p003305,pcmag.com,openads.adsrvr.org,request,2.6-202606,True,0,0,0
p003306,pcmag.com,openads.adsrvr.org,request,2.6-202606,True,0,0,0
p003307,pcmag.com,openads.adsrvr.org,request,2.6-202606,True,0,0,0
p003308,ign.com,openads.adsrvr.org,request,2.6-202606,True,0,0,0
p003309,si.com,openads.adsrvr.org,request,2.6-202606,True,0,0,0
p003310,investopedia.com,openads.adsrvr.org,request,2.6-202606,True,0,0,0
p003311,investopedia.com,openads.adsrvr.org,request,2.6-202606,True,0,0,0
p003312,investopedia.com,openads.adsrvr.org,request,2.6-202606,True,0,0,0
p003313,allrecipes.com,openads.adsrvr.org,request,2.6-202606,True,0,0,0
p003314,allrecipes.com,openads.adsrvr.org,request,2.6-202606,True,0,0,0
p003315,allrecipes.com,openads.adsrvr.org,request,2.6-202606,True,0,0,0
p003316,allrecipes.com,openads.adsrvr.org,request,2.6-202606,True,0,0,0
p003317,allrecipes.com,openads.adsrvr.org,request,2.6-202606,True,0,0,0
p003318,simplyrecipes.com,openads.adsrvr.org,request,2.6-202606,True,0,0,0
p003319,simplyrecipes.com,openads.adsrvr.org,request,2.6-202606,True,0,0,0
p003320,seriouseats.com,openads.adsrvr.org,request,2.6-202606,True,0,0,0
p003321,seriouseats.com,openads.adsrvr.org,request,2.6-202606,True,0,0,0
p003322,thespruceeats.com,openads.adsrvr.org,request,2.6-202606,True,0,0,0
p003323,thespruceeats.com,openads.adsrvr.org,request,2.6-202606,True,0,0,0
p003324,verywellhealth.com,openads.adsrvr.org,request,2.6-202606,True,0,0,0
p003325,verywellhealth.com,openads.adsrvr.org,request,2.6-202606,True,0,0,0
p003326,verywellhealth.com,openads.adsrvr.org,request,2.6-202606,True,0,0,0
p003327,verywellhealth.com,openads.adsrvr.org,request,2.6-202606,True,0,0,0
p003328,health.com,openads.adsrvr.org,request,2.6-202606,True,0,0,0
p003329,people.com,openads.adsrvr.org,request,2.6-202606,True,0,0,0
p003330,people.com,openads.adsrvr.org,request,2.6-202606,True,0,0,0
p003331,people.com,openads.adsrvr.org,request,2.6-202606,True,0,0,0
p003332,people.com,openads.adsrvr.org,request,2.6-202606,True,0,0,0
p003333,people.com,openads.adsrvr.org,request,2.6-202606,True,0,0,0
p003334,buzzfeed.com,openads.adsrvr.org,request,2.6-202606,True,0,0,0
p003335,buzzfeed.com,openads.adsrvr.org,request,2.6-202606,True,0,0,0
p003336,buzzfeed.com,openads.adsrvr.org,request,2.6-202606,True,0,0,0
p003337,buzzfeed.com,openads.adsrvr.org,request,2.6-202606,True,0,0,0
p003338,buzzfeed.com,openads.adsrvr.org,request,2.6-202606,True,0,0,0
p003339,buzzfeed.com,openads.adsrvr.org,request,2.6-202606,True,0,0,0
p003340,buzzfeed.com,openads.adsrvr.org,request,2.6-202606,True,0,0,0
p003341,buzzfeed.com,openads.adsrvr.org,request,2.6-202606,True,0,0,0
p003342,buzzfeed.com,openads.adsrvr.org,request,2.6-202606,True,0,0,0
p003343,buzzfeed.com,openads.adsrvr.org,request,2.6-202606,True,0,0,0
p003344,buzzfeed.com,openads.adsrvr.org,request,2.6-202606,True,0,0,0
p003345,buzzfeed.com,openads.adsrvr.org,request,2.6-202606,True,0,0,0
p003346,buzzfeed.com,openads.adsrvr.org,request,2.6-202606,True,0,0,0
p003347,huffpost.com,openads.adsrvr.org,response,2.6-202606,True,0,0,0
p003348,huffpost.com,openads.adsrvr.org,response,2.6-202606,True,0,0,0
p003349,huffpost.com,openads.adsrvr.org,response,2.6-202606,True,0,0,0
p003350,huffpost.com,openads.adsrvr.org,response,2.6-202606,True,0,0,0
p003351,huffpost.com,openads.adsrvr.org,response,2.6-202606,True,0,0,0
p003352,huffpost.com,openads.adsrvr.org,response,2.6-202606,True,0,0,0
p003353,huffpost.com,openads.adsrvr.org,response,2.6-202606,True,0,0,0
p003354,huffpost.com,openads.adsrvr.org,response,2.6-202606,True,0,0,0
p003355,huffpost.com,openads.adsrvr.org,response,2.6-202606,True,0,0,0
p003356,newsweek.com,openads.adsrvr.org,response,2.6-202606,True,0,0,0
p003357,newsweek.com,openads.adsrvr.org,response,2.6-202606,True,0,0,0
p003358,newsweek.com,openads.adsrvr.org,response,2.6-202606,True,0,0,0
p003359,newsweek.com,openads.adsrvr.org,response,2.6-202606,True,0,0,0
p003360,newsweek.com,openads.adsrvr.org,response,2.6-202606,True,0,0,0
p003361,newsweek.com,openads.adsrvr.org,response,2.6-202606,True,0,0,0
p003362,cnet.com,openads.adsrvr.org,response,2.6-202606,True,0,0,0
p003363,zdnet.com,openads.adsrvr.org,response,2.6-202606,True,0,0,0
p003364,cnet.com,openads.adsrvr.org,response,2.6-202606,True,0,0,0
p003365,cnet.com,openads.adsrvr.org,response,2.6-202606,True,0,0,0
p003366,zdnet.com,openads.adsrvr.org,response,2.6-202606,True,0,0,0
p003367,zdnet.com,openads.adsrvr.org,response,2.6-202606,True,0,0,0
p003368,zdnet.com,openads.adsrvr.org,response,2.6-202606,True,0,0,0
p003369,pcmag.com,openads.adsrvr.org,response,2.6-202606,True,0,0,0
p003370,pcmag.com,openads.adsrvr.org,response,2.6-202606,True,0,0,0
p003371,pcmag.com,openads.adsrvr.org,response,2.6-202606,True,0,0,0
p003372,pcmag.com,openads.adsrvr.org,response,2.6-202606,True,0,0,0
p003373,pcmag.com,openads.adsrvr.org,response,2.6-202606,True,0,0,0
p003374,pcmag.com,openads.adsrvr.org,response,2.6-202606,True,0,0,0
p003375,pcmag.com,openads.adsrvr.org,response,2.6-202606,True,0,0,0
p003376,ign.com,openads.adsrvr.org,response,2.6-202606,True,0,0,0
p003377,investopedia.com,openads.adsrvr.org,response,2.6-202606,True,0,0,0
p003378,investopedia.com,openads.adsrvr.org,response,2.6-202606,True,0,0,0
p003379,investopedia.com,openads.adsrvr.org,response,2.6-202606,True,0,0,0
p003380,allrecipes.com,openads.adsrvr.org,response,2.6-202606,True,0,0,0
p003381,allrecipes.com,openads.adsrvr.org,response,2.6-202606,True,0,0,0
p003382,allrecipes.com,openads.adsrvr.org,response,2.6-202606,True,0,0,0
p003383,allrecipes.com,openads.adsrvr.org,response,2.6-202606,True,0,0,0
p003384,simplyrecipes.com,openads.adsrvr.org,response,2.6-202606,True,0,0,0
p003385,simplyrecipes.com,openads.adsrvr.org,response,2.6-202606,True,0,0,0
p003386,seriouseats.com,openads.adsrvr.org,response,2.6-202606,True,0,0,0
p003387,seriouseats.com,openads.adsrvr.org,response,2.6-202606,True,0,0,0
p003388,thespruceeats.com,openads.adsrvr.org,response,2.6-202606,True,0,0,0
p003389,verywellhealth.com,openads.adsrvr.org,response,2.6-202606,True,0,0,0
p003390,verywellhealth.com,openads.adsrvr.org,response,2.6-202606,True,0,0,0
p003391,verywellhealth.com,openads.adsrvr.org,response,2.6-202606,True,0,0,0
p003392,verywellhealth.com,openads.adsrvr.org,response,2.6-202606,True,0,0,0
p003393,health.com,openads.adsrvr.org,response,2.6-202606,True,0,0,0
p003394,people.com,openads.adsrvr.org,response,2.6-202606,True,0,0,0
p003395,people.com,openads.adsrvr.org,response,2.6-202606,True,0,0,0
p003396,people.com,openads.adsrvr.org,response,2.6-202606,True,0,0,0
p003397,buzzfeed.com,openads.adsrvr.org,response,2.6-202606,True,0,0,0
p003398,buzzfeed.com,openads.adsrvr.org,response,2.6-202606,True,0,0,0
p003399,buzzfeed.com,openads.adsrvr.org,response,2.6-202606,True,0,0,0
p003400,buzzfeed.com,openads.adsrvr.org,response,2.6-202606,True,0,0,0
p003401,buzzfeed.com,openads.adsrvr.org,response,2.6-202606,True,0,0,0
p003402,buzzfeed.com,openads.adsrvr.org,response,2.6-202606,True,0,0,0
p003403,buzzfeed.com,openads.adsrvr.org,response,2.6-202606,True,0,0,0
p003404,buzzfeed.com,openads.adsrvr.org,response,2.6-202606,True,0,0,0
p003405,buzzfeed.com,openads.adsrvr.org,response,2.6-202606,True,0,0,0
p003406,buzzfeed.com,openads.adsrvr.org,response,2.6-202606,True,0,0,0
p003407,buzzfeed.com,openads.adsrvr.org,response,2.6-202606,True,0,0,0
p003408,buzzfeed.com,openads.adsrvr.org,response,2.6-202606,True,0,0,0
p003409,buzzfeed.com,openads.adsrvr.org,response,2.6-202606,True,0,0,0
p003410,salon.com,pbs-raptive-us.ay.delivery,request,2.6-202606,True,0,0,0
p003411,salon.com,pbs-raptive-us.ay.delivery,request,2.6-202606,True,0,0,0
p003412,salon.com,pbs-raptive-us.ay.delivery,request,2.6-202606,True,0,0,0
p003413,salon.com,pbs-raptive-us.ay.delivery,request,2.6-202606,True,0,0,0
p003414,salon.com,pbs-raptive-us.ay.delivery,request,2.6-202606,True,0,0,0
p003415,salon.com,pbs-raptive-us.ay.delivery,request,2.6-202606,False,2,1,1
p003416,salon.com,pbs-raptive-us.ay.delivery,request,2.6-202606,True,0,0,0
p003417,salon.com,pbs-raptive-us.ay.delivery,request,2.6-202606,False,6,3,3
p003418,salon.com,pbs-raptive-us.ay.delivery,request,2.6-202606,True,0,0,0
p003419,salon.com,pbs-raptive-us.ay.delivery,request,2.6-202606,True,0,0,0
p003420,salon.com,pbs-raptive-us.ay.delivery,request,2.6-202606,True,0,0,0
p003421,salon.com,pbs-raptive-us.ay.delivery,request,2.6-202606,True,0,0,0
p003422,salon.com,pbs-raptive-us.ay.delivery,request,2.6-202606,True,0,0,0
p003423,salon.com,pbs-raptive-us.ay.delivery,request,2.6-202606,False,2,1,1
p003424,salon.com,pbs-raptive-us.ay.delivery,request,2.6-202606,False,2,1,1
p003425,salon.com,pbs-raptive-us.ay.delivery,request,2.6-202606,True,0,0,0
p003426,salon.com,pbs-raptive-us.ay.delivery,request,2.6-202606,False,2,1,1
p003427,salon.com,pbs-raptive-us.ay.delivery,request,2.6-202606,False,2,1,1
p003428,salon.com,pbs-raptive-us.ay.delivery,request,2.6-202606,False,2,1,1
p003429,engadget.com,pbs-raptive-us.ay.delivery,request,2.6-202606,True,0,0,0
p003430,engadget.com,pbs-raptive-us.ay.delivery,request,2.6-202606,False,2,1,1
p003431,engadget.com,pbs-raptive-us.ay.delivery,request,2.6-202606,False,2,1,1
p003432,engadget.com,pbs-raptive-us.ay.delivery,request,2.6-202606,True,0,0,0
p003433,engadget.com,pbs-raptive-us.ay.delivery,request,2.6-202606,False,2,1,1
p003434,macrumors.com,pbs-raptive-us.ay.delivery,request,2.6-202606,True,0,0,0
p003435,macrumors.com,pbs-raptive-us.ay.delivery,request,2.6-202606,True,0,0,0
p003436,macrumors.com,pbs-raptive-us.ay.delivery,request,2.6-202606,False,6,3,3
p003437,macrumors.com,pbs-raptive-us.ay.delivery,request,2.6-202606,True,0,0,0
p003438,macrumors.com,pbs-raptive-us.ay.delivery,request,2.6-202606,True,0,0,0
p003439,macrumors.com,pbs-raptive-us.ay.delivery,request,2.6-202606,True,0,0,0
p003440,macrumors.com,pbs-raptive-us.ay.delivery,request,2.6-202606,True,0,0,0
p003441,macrumors.com,pbs-raptive-us.ay.delivery,request,2.6-202606,True,0,0,0
p003442,macrumors.com,pbs-raptive-us.ay.delivery,request,2.6-202606,True,0,0,0
p003443,macrumors.com,pbs-raptive-us.ay.delivery,request,2.6-202606,True,0,0,0
p003444,macrumors.com,pbs-raptive-us.ay.delivery,request,2.6-202606,True,0,0,0
p003445,macrumors.com,pbs-raptive-us.ay.delivery,request,2.6-202606,True,0,0,0
p003446,macrumors.com,pbs-raptive-us.ay.delivery,request,2.6-202606,True,0,0,0
p003447,macrumors.com,pbs-raptive-us.ay.delivery,request,2.6-202606,True,0,0,0
p003448,macrumors.com,pbs-raptive-us.ay.delivery,request,2.6-202606,False,6,3,3
p003449,macrumors.com,pbs-raptive-us.ay.delivery,request,2.6-202606,True,0,0,0
p003450,macrumors.com,pbs-raptive-us.ay.delivery,request,2.6-202606,True,0,0,0
p003451,macrumors.com,pbs-raptive-us.ay.delivery,request,2.6-202606,True,0,0,0
p003452,macrumors.com,pbs-raptive-us.ay.delivery,request,2.6-202606,True,0,0,0
p003453,macrumors.com,pbs-raptive-us.ay.delivery,request,2.6-202606,True,0,0,0
p003454,macrumors.com,pbs-raptive-us.ay.delivery,request,2.6-202606,True,0,0,0
p003455,macrumors.com,pbs-raptive-us.ay.delivery,request,2.6-202606,True,0,0,0
p003456,macrumors.com,pbs-raptive-us.ay.delivery,request,2.6-202606,True,0,0,0
p003457,benzinga.com,pbs-raptive-us.ay.delivery,request,2.6-202606,True,0,0,0
p003458,benzinga.com,pbs-raptive-us.ay.delivery,request,2.6-202606,True,0,0,0
p003459,stereogum.com,pbs-raptive-us.ay.delivery,request,2.6-202606,True,0,0,0
p003460,stereogum.com,pbs-raptive-us.ay.delivery,request,2.6-202606,False,6,3,3
p003461,stereogum.com,pbs-raptive-us.ay.delivery,request,2.6-202606,True,0,0,0
p003462,stereogum.com,pbs-raptive-us.ay.delivery,request,2.6-202606,False,2,1,1
p003463,ranker.com,pbs-raptive-us.ay.delivery,request,2.6-202606,True,0,0,0
p003464,grunge.com,pbs-raptive-us.ay.delivery,request,2.6-202606,True,0,0,0
p003465,ranker.com,pbs-raptive-us.ay.delivery,request,2.6-202606,True,0,0,0
p003466,ranker.com,pbs-raptive-us.ay.delivery,request,2.6-202606,True,0,0,0
p003467,ranker.com,pbs-raptive-us.ay.delivery,request,2.6-202606,False,6,3,3
p003468,ranker.com,pbs-raptive-us.ay.delivery,request,2.6-202606,True,0,0,0
p003469,ranker.com,pbs-raptive-us.ay.delivery,request,2.6-202606,True,0,0,0
p003470,ranker.com,pbs-raptive-us.ay.delivery,request,2.6-202606,False,2,1,1
p003471,ranker.com,pbs-raptive-us.ay.delivery,request,2.6-202606,False,2,1,1
p003472,grunge.com,pbs-raptive-us.ay.delivery,request,2.6-202606,True,0,0,0
p003473,grunge.com,pbs-raptive-us.ay.delivery,request,2.6-202606,False,2,1,1
p003474,grunge.com,pbs-raptive-us.ay.delivery,request,2.6-202606,False,6,3,3
p003475,grunge.com,pbs-raptive-us.ay.delivery,request,2.6-202606,True,0,0,0
p003476,grunge.com,pbs-raptive-us.ay.delivery,request,2.6-202606,True,0,0,0
p003477,grunge.com,pbs-raptive-us.ay.delivery,request,2.6-202606,True,0,0,0
p003478,grunge.com,pbs-raptive-us.ay.delivery,request,2.6-202606,True,0,0,0
p003479,grunge.com,pbs-raptive-us.ay.delivery,request,2.6-202606,True,0,0,0
p003480,ranker.com,pbs-raptive-us.ay.delivery,request,2.6-202606,False,2,1,1
p003481,grunge.com,pbs-raptive-us.ay.delivery,request,2.6-202606,True,0,0,0
p003482,grunge.com,pbs-raptive-us.ay.delivery,request,2.6-202606,True,0,0,0
p003483,grunge.com,pbs-raptive-us.ay.delivery,request,2.6-202606,True,0,0,0
p003484,ranker.com,pbs-raptive-us.ay.delivery,request,2.6-202606,False,2,1,1
p003485,ranker.com,pbs-raptive-us.ay.delivery,request,2.6-202606,False,2,1,1
p003486,ranker.com,pbs-raptive-us.ay.delivery,request,2.6-202606,False,2,1,1
p003487,grunge.com,pbs-raptive-us.ay.delivery,request,2.6-202606,False,2,1,1
p003488,slashfilm.com,pbs-raptive-us.ay.delivery,request,2.6-202606,True,0,0,0
p003489,slashfilm.com,pbs-raptive-us.ay.delivery,request,2.6-202606,True,0,0,0
p003490,slashfilm.com,pbs-raptive-us.ay.delivery,request,2.6-202606,False,2,1,1
p003491,mashed.com,pbs-raptive-us.ay.delivery,request,2.6-202606,True,0,0,0
p003492,mashed.com,pbs-raptive-us.ay.delivery,request,2.6-202606,False,2,1,1
p003493,slashfilm.com,pbs-raptive-us.ay.delivery,request,2.6-202606,False,2,1,1
p003494,tastingtable.com,pbs-raptive-us.ay.delivery,request,2.6-202606,True,0,0,0
p003495,salon.com,pbs-raptive-us.ay.delivery,response,2.6-202606,True,1,0,1
p003496,engadget.com,pbs-raptive-us.ay.delivery,response,2.6-202606,True,0,0,0
p003497,engadget.com,pbs-raptive-us.ay.delivery,response,2.6-202606,True,0,0,0
p003498,engadget.com,pbs-raptive-us.ay.delivery,response,2.6-202606,True,0,0,0
p003499,engadget.com,pbs-raptive-us.ay.delivery,response,2.6-202606,True,0,0,0
p003500,engadget.com,pbs-raptive-us.ay.delivery,response,2.6-202606,True,0,0,0
p003501,macrumors.com,pbs-raptive-us.ay.delivery,response,2.6-202606,True,0,0,0
p003502,macrumors.com,pbs-raptive-us.ay.delivery,response,2.6-202606,True,0,0,0
p003503,macrumors.com,pbs-raptive-us.ay.delivery,response,2.6-202606,True,0,0,0
p003504,macrumors.com,pbs-raptive-us.ay.delivery,response,2.6-202606,True,0,0,0
p003505,benzinga.com,pbs-raptive-us.ay.delivery,response,2.6-202606,True,0,0,0
p003506,benzinga.com,pbs-raptive-us.ay.delivery,response,2.6-202606,True,0,0,0
p003507,stereogum.com,pbs-raptive-us.ay.delivery,response,2.6-202606,True,0,0,0
p003508,stereogum.com,pbs-raptive-us.ay.delivery,response,2.6-202606,True,1,0,1
p003509,ranker.com,pbs-raptive-us.ay.delivery,response,2.6-202606,True,0,0,0
p003510,ranker.com,pbs-raptive-us.ay.delivery,response,2.6-202606,True,0,0,0
p003511,grunge.com,pbs-raptive-us.ay.delivery,response,2.6-202606,True,0,0,0
p003512,grunge.com,pbs-raptive-us.ay.delivery,response,2.6-202606,True,1,0,1
p003513,slashfilm.com,pbs-raptive-us.ay.delivery,response,2.6-202606,True,0,0,0
p003514,mashed.com,pbs-raptive-us.ay.delivery,response,2.6-202606,True,1,0,1
p003515,slashfilm.com,pbs-raptive-us.ay.delivery,response,2.6-202606,True,1,0,1
p003516,tastingtable.com,pbs-raptive-us.ay.delivery,response,2.6-202606,True,0,0,0
p003517,weather.com,pbs-us-east.ay.delivery,request,2.6-202606,True,0,0,0
p003518,weather.com,pbs-us-east.ay.delivery,request,2.6-202606,True,0,0,0
p003519,wunderground.com,pbs-us-east.ay.delivery,request,2.6-202606,True,0,0,0
p003520,weather.com,pbs-us-east.ay.delivery,request,2.6-202606,True,0,0,0
p003521,weather.com,pbs-us-east.ay.delivery,request,2.6-202606,True,0,0,0
p003522,wunderground.com,pbs-us-east.ay.delivery,request,2.6-202606,True,0,0,0
p003523,allrecipes.com,pbs-us-east.ay.delivery,request,2.6-202606,True,0,0,0
p003524,allrecipes.com,pbs-us-east.ay.delivery,request,2.6-202606,True,0,0,0
p003525,allrecipes.com,pbs-us-east.ay.delivery,request,2.6-202606,True,0,0,0
p003526,allrecipes.com,pbs-us-east.ay.delivery,request,2.6-202606,True,0,0,0
p003527,seriouseats.com,pbs-us-east.ay.delivery,request,2.6-202606,True,0,0,0
p003528,seriouseats.com,pbs-us-east.ay.delivery,request,2.6-202606,True,0,0,0
p003529,thespruceeats.com,pbs-us-east.ay.delivery,request,2.6-202606,True,0,0,0
p003530,thespruceeats.com,pbs-us-east.ay.delivery,request,2.6-202606,True,0,0,0
p003531,verywellhealth.com,pbs-us-east.ay.delivery,request,2.6-202606,True,0,0,0
p003532,verywellhealth.com,pbs-us-east.ay.delivery,request,2.6-202606,True,0,0,0
p003533,verywellhealth.com,pbs-us-east.ay.delivery,request,2.6-202606,True,0,0,0
p003534,verywellhealth.com,pbs-us-east.ay.delivery,request,2.6-202606,True,0,0,0
p003535,people.com,pbs-us-east.ay.delivery,request,2.6-202606,True,0,0,0
p003536,people.com,pbs-us-east.ay.delivery,request,2.6-202606,True,0,0,0
p003537,people.com,pbs-us-east.ay.delivery,request,2.6-202606,True,0,0,0
p003538,people.com,pbs-us-east.ay.delivery,request,2.6-202606,True,0,0,0
p003539,people.com,pbs-us-east.ay.delivery,request,2.6-202606,True,0,0,0
p003540,weather.com,pbs-us-east.ay.delivery,response,2.6-202606,True,1,0,1
p003541,weather.com,pbs-us-east.ay.delivery,response,2.6-202606,True,0,0,0
p003542,wunderground.com,pbs-us-east.ay.delivery,response,2.6-202606,True,0,0,0
p003543,weather.com,pbs-us-east.ay.delivery,response,2.6-202606,True,2,0,2
p003544,weather.com,pbs-us-east.ay.delivery,response,2.6-202606,True,3,0,3
p003545,wunderground.com,pbs-us-east.ay.delivery,response,2.6-202606,True,1,0,1
p003546,cbsnews.com,pbs.at.cbsi.com,request,2.6-202606,True,0,0,0
p003547,cbsnews.com,pbs.at.cbsi.com,request,2.6-202606,True,0,0,0
p003548,cbssports.com,pbs.at.cbsi.com,request,2.6-202606,True,0,0,0
p003549,cbssports.com,pbs.at.cbsi.com,request,2.6-202606,True,0,0,0
p003550,cbssports.com,pbs.at.cbsi.com,request,2.6-202606,True,0,0,0
p003551,cbsnews.com,pbs.at.cbsi.com,response,2.6-202606,True,3,0,3
p003552,cbsnews.com,pbs.at.cbsi.com,response,2.6-202606,True,0,0,0
p003553,cbssports.com,pbs.at.cbsi.com,response,2.6-202606,True,0,0,0
p003554,cbssports.com,pbs.at.cbsi.com,response,2.6-202606,True,0,0,0
p003555,androidauthority.com,pbs.intergient.com,request,2.6-202606,True,0,0,0
p003556,androidauthority.com,pbs.intergient.com,request,2.6-202606,True,0,0,0
p003557,androidauthority.com,pbs.intergient.com,request,2.6-202606,True,0,0,0
p003558,androidauthority.com,pbs.intergient.com,request,2.6-202606,True,0,0,0
p003559,androidauthority.com,pbs.intergient.com,request,2.6-202606,True,1,0,1
p003560,androidauthority.com,pbs.intergient.com,request,2.6-202606,True,0,0,0
p003561,androidauthority.com,pbs.intergient.com,request,2.6-202606,True,1,0,1
p003562,androidauthority.com,pbs.intergient.com,request,2.6-202606,True,1,0,1
p003563,boredpanda.com,pbs.intergient.com,request,2.6-202606,True,0,0,0
p003564,boredpanda.com,pbs.intergient.com,request,2.6-202606,True,0,0,0
p003565,androidauthority.com,pbs.intergient.com,response,2.6-202606,True,0,0,0
p003566,androidauthority.com,pbs.intergient.com,response,2.6-202606,True,0,0,0
p003567,androidauthority.com,pbs.intergient.com,response,2.6-202606,True,0,0,0
p003568,9to5mac.com,pbs.nextmillmedia.com,request,2.6-202606,False,1,1,0
p003569,9to5mac.com,pbs.nextmillmedia.com,request,2.6-202606,False,1,1,0
p003570,9to5mac.com,pbs.nextmillmedia.com,request,2.6-202606,False,1,1,0
p003571,9to5mac.com,pbs.nextmillmedia.com,request,2.6-202606,False,1,1,0
p003572,9to5mac.com,pbs.nextmillmedia.com,response,2.6-202606,True,0,0,0
p003573,9to5mac.com,pbs.nextmillmedia.com,response,2.6-202606,True,0,0,0
p003574,healthline.com,pbs2418030.adspsp.com,request,2.5,False,1,1,0
p003575,healthline.com,pbs2418030.adspsp.com,response,2.6-202606,True,0,0,0
p003576,thesun.co.uk,prebid-eu.creativecdn.com,request,2.6-202606,True,0,0,0
p003577,thesun.co.uk,prebid-eu.creativecdn.com,request,2.6-202606,True,0,0,0
p003578,thesun.co.uk,prebid-eu.creativecdn.com,request,2.6-202606,True,0,0,0
p003579,thesun.co.uk,prebid-eu.creativecdn.com,request,2.6-202606,True,0,0,0
p003580,thesun.co.uk,prebid-eu.creativecdn.com,request,2.6-202606,True,0,0,0
p003581,thesun.co.uk,prebid-eu.creativecdn.com,request,2.6-202606,True,0,0,0
p003582,thesun.co.uk,prebid-eu.creativecdn.com,request,2.6-202606,True,0,0,0
p003583,thesun.co.uk,prebid-eu.creativecdn.com,request,2.6-202606,True,0,0,0
p003584,talksport.com,prebid-eu.creativecdn.com,request,2.6-202606,True,0,0,0
p003585,talksport.com,prebid-eu.creativecdn.com,request,2.6-202606,True,0,0,0
p003586,talksport.com,prebid-eu.creativecdn.com,request,2.6-202606,True,0,0,0
p003587,talksport.com,prebid-eu.creativecdn.com,request,2.6-202606,True,0,0,0
p003588,talksport.com,prebid-eu.creativecdn.com,request,2.6-202606,True,0,0,0
p003589,talksport.com,prebid-eu.creativecdn.com,request,2.6-202606,True,0,0,0
p003590,talksport.com,prebid-eu.creativecdn.com,request,2.6-202606,True,0,0,0
p003591,talksport.com,prebid-eu.creativecdn.com,request,2.6-202606,True,0,0,0
p003592,talksport.com,prebid-eu.creativecdn.com,request,2.6-202606,True,0,0,0
p003593,talksport.com,prebid-eu.creativecdn.com,request,2.6-202606,True,0,0,0
p003594,talksport.com,prebid-eu.creativecdn.com,request,2.6-202606,True,0,0,0
p003595,talksport.com,prebid-eu.creativecdn.com,request,2.6-202606,True,0,0,0
p003596,talksport.com,prebid-eu.creativecdn.com,request,2.6-202606,True,0,0,0
p003597,talksport.com,prebid-eu.creativecdn.com,request,2.6-202606,True,0,0,0
p003598,time.com,prebid-s2s.media.net,request,2.6-202606,False,1,1,0
p003599,time.com,prebid-s2s.media.net,request,2.6-202606,False,1,1,0
p003600,time.com,prebid-s2s.media.net,request,2.6-202606,False,1,1,0
p003601,time.com,prebid-s2s.media.net,request,2.6-202606,False,1,1,0
p003602,time.com,prebid-s2s.media.net,request,2.6-202606,False,1,1,0
p003603,time.com,prebid-s2s.media.net,request,2.6-202606,False,1,1,0
p003604,time.com,prebid-s2s.media.net,request,2.6-202606,False,1,1,0
p003605,time.com,prebid-s2s.media.net,request,2.6-202606,False,1,1,0
p003606,time.com,prebid-s2s.media.net,request,2.6-202606,False,1,1,0
p003607,time.com,prebid-s2s.media.net,request,2.6-202606,False,1,1,0
p003608,time.com,prebid-s2s.media.net,response,2.6-202606,True,3,0,3
p003609,time.com,prebid-s2s.media.net,response,2.6-202606,True,3,0,3
p003610,time.com,prebid-s2s.media.net,response,2.6-202606,True,3,0,3
p003611,time.com,prebid-s2s.media.net,response,2.6-202606,True,2,0,2
p003612,time.com,prebid-s2s.media.net,response,2.6-202606,True,2,0,2
p003613,time.com,prebid-s2s.media.net,response,2.6-202606,True,4,0,4
p003614,time.com,prebid-s2s.media.net,response,2.6-202606,True,4,0,4
p003615,time.com,prebid-s2s.media.net,response,2.6-202606,True,4,0,4
p003616,time.com,prebid-s2s.media.net,response,2.6-202606,True,3,0,3
p003617,time.com,prebid-s2s.media.net,response,2.6-202606,True,1,0,1
p003618,standard.co.uk,prebid-server.pbstck.com,request,2.6-202606,False,3,2,1
p003619,standard.co.uk,prebid-server.pbstck.com,request,2.6-202606,False,5,3,2
p003620,standard.co.uk,prebid-server.pbstck.com,response,2.6-202606,False,12,12,0
p003621,standard.co.uk,prebid-server.pbstck.com,response,2.6-202606,False,24,24,0
p003622,foxnews.com,prebid-server.rubiconproject.com,request,2.6-202606,False,2,1,1
p003623,foxnews.com,prebid-server.rubiconproject.com,request,2.6-202606,False,2,1,1
p003624,usatoday.com,prebid-server.rubiconproject.com,request,2.6-202606,False,2,1,1
p003625,chicagotribune.com,prebid-server.rubiconproject.com,request,2.6-202606,True,1,0,1
p003626,chicagotribune.com,prebid-server.rubiconproject.com,request,2.6-202606,True,1,0,1
p003627,chicagotribune.com,prebid-server.rubiconproject.com,request,2.6-202606,True,1,0,1
p003628,usatoday.com,prebid-server.rubiconproject.com,request,2.6-202606,False,2,1,1
p003629,usatoday.com,prebid-server.rubiconproject.com,request,2.6-202606,False,2,1,1
p003630,usatoday.com,prebid-server.rubiconproject.com,request,2.6-202606,False,3,2,1
p003631,chicagotribune.com,prebid-server.rubiconproject.com,request,2.6-202606,True,1,0,1
p003632,chicagotribune.com,prebid-server.rubiconproject.com,request,2.6-202606,True,1,0,1
p003633,businessinsider.com,prebid-server.rubiconproject.com,request,2.6-202606,False,1,1,0
p003634,businessinsider.com,prebid-server.rubiconproject.com,request,2.6-202606,False,1,1,0
p003635,businessinsider.com,prebid-server.rubiconproject.com,request,2.6-202606,False,1,1,0
p003636,businessinsider.com,prebid-server.rubiconproject.com,request,2.6-202606,False,1,1,0
p003637,huffpost.com,prebid-server.rubiconproject.com,request,2.6-202606,False,2,1,1
p003638,huffpost.com,prebid-server.rubiconproject.com,request,2.6-202606,False,2,1,1
p003639,huffpost.com,prebid-server.rubiconproject.com,request,2.6-202606,False,2,1,1
p003640,huffpost.com,prebid-server.rubiconproject.com,request,2.6-202606,False,2,1,1
p003641,huffpost.com,prebid-server.rubiconproject.com,request,2.6-202606,False,1,1,0
p003642,huffpost.com,prebid-server.rubiconproject.com,request,2.6-202606,False,2,1,1
p003643,huffpost.com,prebid-server.rubiconproject.com,request,2.6-202606,False,1,1,0
p003644,huffpost.com,prebid-server.rubiconproject.com,request,2.6-202606,False,2,1,1
p003645,huffpost.com,prebid-server.rubiconproject.com,request,2.6-202606,False,1,1,0
p003646,thesun.co.uk,prebid-server.rubiconproject.com,request,2.6-202606,False,2,2,0
p003647,thesun.co.uk,prebid-server.rubiconproject.com,request,2.6-202606,False,2,2,0
p003648,thesun.co.uk,prebid-server.rubiconproject.com,request,2.6-202606,False,2,2,0
p003649,metro.co.uk,prebid-server.rubiconproject.com,request,2.6-202606,True,1,0,1
p003650,thesun.co.uk,prebid-server.rubiconproject.com,request,2.6-202606,False,2,2,0
p003651,thesun.co.uk,prebid-server.rubiconproject.com,request,2.6-202606,False,2,1,1
p003652,thesun.co.uk,prebid-server.rubiconproject.com,request,2.6-202606,False,2,2,0
p003653,thesun.co.uk,prebid-server.rubiconproject.com,request,2.6-202606,False,2,2,0
p003654,thesun.co.uk,prebid-server.rubiconproject.com,request,2.6-202606,False,2,2,0
p003655,thesun.co.uk,prebid-server.rubiconproject.com,request,2.6-202606,False,2,1,1
p003656,thesun.co.uk,prebid-server.rubiconproject.com,request,2.6-202606,False,2,2,0
p003657,standard.co.uk,prebid-server.rubiconproject.com,request,2.6-202606,False,2,1,1
p003658,standard.co.uk,prebid-server.rubiconproject.com,request,2.6-202606,False,2,1,1
p003659,nbcnews.com,prebid-server.rubiconproject.com,request,2.6-202606,False,2,1,1
p003660,cbsnews.com,prebid-server.rubiconproject.com,request,2.6-202606,False,2,1,1
p003661,cbsnews.com,prebid-server.rubiconproject.com,request,2.6-202606,False,2,1,1
p003662,nbcnews.com,prebid-server.rubiconproject.com,request,2.6-202606,False,2,1,1
p003663,nbcnews.com,prebid-server.rubiconproject.com,request,2.6-202606,False,2,1,1
p003664,nbcnews.com,prebid-server.rubiconproject.com,request,2.6-202606,False,2,1,1
p003665,abcnews.go.com,prebid-server.rubiconproject.com,request,2.6-202606,False,2,1,1
p003666,abcnews.go.com,prebid-server.rubiconproject.com,request,2.6-202606,False,2,1,1
p003667,abcnews.go.com,prebid-server.rubiconproject.com,request,2.6-202606,False,2,1,1
p003668,abcnews.go.com,prebid-server.rubiconproject.com,request,2.6-202606,False,2,1,1
p003669,slate.com,prebid-server.rubiconproject.com,request,2.6-202606,False,2,1,1
p003670,time.com,prebid-server.rubiconproject.com,request,2.6-202606,False,2,1,1
p003671,time.com,prebid-server.rubiconproject.com,request,2.6-202606,False,2,1,1
p003672,time.com,prebid-server.rubiconproject.com,request,2.6-202606,False,2,1,1
p003673,slate.com,prebid-server.rubiconproject.com,request,2.6-202606,False,2,1,1
p003674,time.com,prebid-server.rubiconproject.com,request,2.6-202606,False,2,1,1
p003675,time.com,prebid-server.rubiconproject.com,request,2.6-202606,False,2,1,1
p003676,newsweek.com,prebid-server.rubiconproject.com,request,2.6-202606,False,2,2,0
p003677,newsweek.com,prebid-server.rubiconproject.com,request,2.6-202606,False,2,2,0
p003678,newsweek.com,prebid-server.rubiconproject.com,request,2.6-202606,False,2,2,0
p003679,slate.com,prebid-server.rubiconproject.com,request,2.6-202606,False,2,1,1
p003680,slate.com,prebid-server.rubiconproject.com,request,2.6-202606,False,2,1,1
p003681,vox.com,prebid-server.rubiconproject.com,request,2.6-202606,False,1,1,0
p003682,vox.com,prebid-server.rubiconproject.com,request,2.6-202606,False,1,1,0
p003683,salon.com,prebid-server.rubiconproject.com,request,2.6-202606,False,2,1,1
p003684,salon.com,prebid-server.rubiconproject.com,request,2.6-202606,True,0,0,0
p003685,salon.com,prebid-server.rubiconproject.com,request,2.6-202606,True,0,0,0
p003686,salon.com,prebid-server.rubiconproject.com,request,2.6-202606,True,0,0,0
p003687,salon.com,prebid-server.rubiconproject.com,request,2.6-202606,True,0,0,0
p003688,theverge.com,prebid-server.rubiconproject.com,request,2.6-202606,False,1,1,0
p003689,salon.com,prebid-server.rubiconproject.com,request,2.6-202606,True,0,0,0
p003690,salon.com,prebid-server.rubiconproject.com,request,2.6-202606,True,0,0,0
p003691,salon.com,prebid-server.rubiconproject.com,request,2.6-202606,True,0,0,0
p003692,vox.com,prebid-server.rubiconproject.com,request,2.6-202606,False,1,1,0
p003693,salon.com,prebid-server.rubiconproject.com,request,2.6-202606,False,2,1,1
p003694,salon.com,prebid-server.rubiconproject.com,request,2.6-202606,False,2,1,1
p003695,salon.com,prebid-server.rubiconproject.com,request,2.6-202606,True,0,0,0
p003696,salon.com,prebid-server.rubiconproject.com,request,2.6-202606,False,2,1,1
p003697,salon.com,prebid-server.rubiconproject.com,request,2.6-202606,False,2,1,1
p003698,salon.com,prebid-server.rubiconproject.com,request,2.6-202606,False,2,1,1
p003699,theverge.com,prebid-server.rubiconproject.com,request,2.6-202606,False,1,1,0
p003700,theverge.com,prebid-server.rubiconproject.com,request,2.6-202606,False,1,1,0
p003701,vox.com,prebid-server.rubiconproject.com,request,2.6-202606,False,1,1,0
p003702,engadget.com,prebid-server.rubiconproject.com,request,2.6-202606,False,2,1,1
p003703,vox.com,prebid-server.rubiconproject.com,request,2.6-202606,False,1,1,0
p003704,engadget.com,prebid-server.rubiconproject.com,request,2.6-202606,False,2,1,1
p003705,theverge.com,prebid-server.rubiconproject.com,request,2.6-202606,False,1,1,0
p003706,theverge.com,prebid-server.rubiconproject.com,request,2.6-202606,False,1,1,0
p003707,engadget.com,prebid-server.rubiconproject.com,request,2.6-202606,False,2,1,1
p003708,zdnet.com,prebid-server.rubiconproject.com,request,2.6-202606,True,1,0,1
p003709,androidauthority.com,prebid-server.rubiconproject.com,request,2.6-202606,True,1,0,1
p003710,androidauthority.com,prebid-server.rubiconproject.com,request,2.6-202606,True,1,0,1
p003711,androidauthority.com,prebid-server.rubiconproject.com,request,2.6-202606,True,1,0,1
p003712,macrumors.com,prebid-server.rubiconproject.com,request,2.6-202606,True,0,0,0
p003713,macrumors.com,prebid-server.rubiconproject.com,request,2.6-202606,True,0,0,0
p003714,macrumors.com,prebid-server.rubiconproject.com,request,2.6-202606,True,0,0,0
p003715,macrumors.com,prebid-server.rubiconproject.com,request,2.6-202606,True,0,0,0
p003716,macrumors.com,prebid-server.rubiconproject.com,request,2.6-202606,True,0,0,0
p003717,macrumors.com,prebid-server.rubiconproject.com,request,2.6-202606,True,0,0,0
p003718,macrumors.com,prebid-server.rubiconproject.com,request,2.6-202606,True,0,0,0
p003719,macrumors.com,prebid-server.rubiconproject.com,request,2.6-202606,True,0,0,0
p003720,macrumors.com,prebid-server.rubiconproject.com,request,2.6-202606,True,0,0,0
p003721,macrumors.com,prebid-server.rubiconproject.com,request,2.6-202606,True,0,0,0
p003722,macrumors.com,prebid-server.rubiconproject.com,request,2.6-202606,True,0,0,0
p003723,macrumors.com,prebid-server.rubiconproject.com,request,2.6-202606,True,0,0,0
p003724,macrumors.com,prebid-server.rubiconproject.com,request,2.6-202606,True,0,0,0
p003725,macrumors.com,prebid-server.rubiconproject.com,request,2.6-202606,True,0,0,0
p003726,macrumors.com,prebid-server.rubiconproject.com,request,2.6-202606,True,0,0,0
p003727,macrumors.com,prebid-server.rubiconproject.com,request,2.6-202606,True,0,0,0
p003728,makeuseof.com,prebid-server.rubiconproject.com,request,2.6-202606,False,2,1,1
p003729,cbr.com,prebid-server.rubiconproject.com,request,2.6-202606,False,2,1,1
p003730,ign.com,prebid-server.rubiconproject.com,request,2.6-202606,True,0,0,0
p003731,gamespot.com,prebid-server.rubiconproject.com,request,2.6-202606,False,55,55,0
p003732,gamespot.com,prebid-server.rubiconproject.com,request,2.6-202606,False,55,55,0
p003733,gamespot.com,prebid-server.rubiconproject.com,request,2.6-202606,False,56,56,0
p003734,gamespot.com,prebid-server.rubiconproject.com,request,2.6-202606,False,59,59,0
p003735,gamespot.com,prebid-server.rubiconproject.com,request,2.6-202606,False,59,59,0
p003736,pcgamer.com,prebid-server.rubiconproject.com,request,2.6-202606,False,3,2,1
p003737,kotaku.com,prebid-server.rubiconproject.com,request,2.6-202606,False,2,1,1
p003738,kotaku.com,prebid-server.rubiconproject.com,request,2.6-202606,False,2,1,1
p003739,rockpapershotgun.com,prebid-server.rubiconproject.com,request,2.6-202606,True,0,0,0
p003740,rockpapershotgun.com,prebid-server.rubiconproject.com,request,2.6-202606,True,0,0,0
p003741,rockpapershotgun.com,prebid-server.rubiconproject.com,request,2.6-202606,True,0,0,0
p003742,rockpapershotgun.com,prebid-server.rubiconproject.com,request,2.6-202606,True,0,0,0
p003743,eurogamer.net,prebid-server.rubiconproject.com,request,2.6-202606,True,0,0,0
p003744,eurogamer.net,prebid-server.rubiconproject.com,request,2.6-202606,True,0,0,0
p003745,eurogamer.net,prebid-server.rubiconproject.com,request,2.6-202606,True,0,0,0
p003746,eurogamer.net,prebid-server.rubiconproject.com,request,2.6-202606,True,0,0,0
p003747,eurogamer.net,prebid-server.rubiconproject.com,request,2.6-202606,False,3,2,1
p003748,eurogamer.net,prebid-server.rubiconproject.com,request,2.6-202606,False,3,2,1
p003749,rockpapershotgun.com,prebid-server.rubiconproject.com,request,2.6-202606,True,0,0,0
p003750,rockpapershotgun.com,prebid-server.rubiconproject.com,request,2.6-202606,True,0,0,0
p003751,rockpapershotgun.com,prebid-server.rubiconproject.com,request,2.6-202606,True,0,0,0
p003752,rockpapershotgun.com,prebid-server.rubiconproject.com,request,2.6-202606,True,0,0,0
p003753,rockpapershotgun.com,prebid-server.rubiconproject.com,request,2.6-202606,False,3,2,1
p003754,rockpapershotgun.com,prebid-server.rubiconproject.com,request,2.6-202606,False,3,2,1
p003755,rockpapershotgun.com,prebid-server.rubiconproject.com,request,2.6-202606,True,0,0,0
p003756,vg247.com,prebid-server.rubiconproject.com,request,2.6-202606,True,0,0,0
p003757,vg247.com,prebid-server.rubiconproject.com,request,2.6-202606,True,0,0,0
p003758,vg247.com,prebid-server.rubiconproject.com,request,2.6-202606,True,0,0,0
p003759,eurogamer.net,prebid-server.rubiconproject.com,request,2.6-202606,False,3,2,1
p003760,vg247.com,prebid-server.rubiconproject.com,request,2.6-202606,True,0,0,0
p003761,eurogamer.net,prebid-server.rubiconproject.com,request,2.6-202606,True,0,0,0
p003762,eurogamer.net,prebid-server.rubiconproject.com,request,2.6-202606,True,0,0,0
p003763,eurogamer.net,prebid-server.rubiconproject.com,request,2.6-202606,True,0,0,0
p003764,eurogamer.net,prebid-server.rubiconproject.com,request,2.6-202606,False,3,2,1
p003765,eurogamer.net,prebid-server.rubiconproject.com,request,2.6-202606,False,3,2,1
p003766,eurogamer.net,prebid-server.rubiconproject.com,request,2.6-202606,True,0,0,0
p003767,vg247.com,prebid-server.rubiconproject.com,request,2.6-202606,True,0,0,0
p003768,vg247.com,prebid-server.rubiconproject.com,request,2.6-202606,True,0,0,0
p003769,vg247.com,prebid-server.rubiconproject.com,request,2.6-202606,True,0,0,0
p003770,eurogamer.net,prebid-server.rubiconproject.com,request,2.6-202606,False,3,2,1
p003771,eurogamer.net,prebid-server.rubiconproject.com,request,2.6-202606,False,3,2,1
p003772,vg247.com,prebid-server.rubiconproject.com,request,2.6-202606,True,0,0,0
p003773,vg247.com,prebid-server.rubiconproject.com,request,2.6-202606,True,0,0,0
p003774,vg247.com,prebid-server.rubiconproject.com,request,2.6-202606,True,0,0,0
p003775,vg247.com,prebid-server.rubiconproject.com,request,2.6-202606,False,3,2,1
p003776,vg247.com,prebid-server.rubiconproject.com,request,2.6-202606,False,3,2,1
p003777,si.com,prebid-server.rubiconproject.com,request,2.6-202606,True,1,0,1
p003778,si.com,prebid-server.rubiconproject.com,request,2.6-202606,True,1,0,1
p003779,si.com,prebid-server.rubiconproject.com,request,2.6-202606,True,0,0,0
p003780,cbssports.com,prebid-server.rubiconproject.com,request,2.6-202606,False,2,1,1
p003781,cbssports.com,prebid-server.rubiconproject.com,request,2.6-202606,False,2,1,1
p003782,si.com,prebid-server.rubiconproject.com,request,2.6-202606,True,1,0,1
p003783,cbssports.com,prebid-server.rubiconproject.com,request,2.6-202606,False,2,1,1
p003784,goal.com,prebid-server.rubiconproject.com,request,2.6-202606,True,1,0,1
p003785,goal.com,prebid-server.rubiconproject.com,request,2.6-202606,True,1,0,1
p003786,wunderground.com,prebid-server.rubiconproject.com,request,2.6-202606,False,2,1,1
p003787,wunderground.com,prebid-server.rubiconproject.com,request,2.6-202606,False,2,1,1
p003788,wunderground.com,prebid-server.rubiconproject.com,request,2.6-202606,False,2,1,1
p003789,weather.com,prebid-server.rubiconproject.com,request,2.6-202606,False,2,1,1
p003790,weather.com,prebid-server.rubiconproject.com,request,2.6-202606,False,2,1,1
p003791,wunderground.com,prebid-server.rubiconproject.com,request,2.6-202606,False,2,1,1
p003792,weather.com,prebid-server.rubiconproject.com,request,2.6-202606,False,2,1,1
p003793,wunderground.com,prebid-server.rubiconproject.com,request,2.6-202606,False,2,1,1
p003794,wunderground.com,prebid-server.rubiconproject.com,request,2.6-202606,False,2,1,1
p003795,wunderground.com,prebid-server.rubiconproject.com,request,2.6-202606,False,2,1,1
p003796,wunderground.com,prebid-server.rubiconproject.com,request,2.6-202606,False,2,1,1
p003797,eonline.com,prebid-server.rubiconproject.com,request,2.6-202606,False,2,1,1
p003798,tmz.com,prebid-server.rubiconproject.com,request,2.6-202606,True,1,0,1
p003799,variety.com,prebid-server.rubiconproject.com,request,2.6-202606,True,0,0,0
p003800,variety.com,prebid-server.rubiconproject.com,request,2.6-202606,True,0,0,0
p003801,eonline.com,prebid-server.rubiconproject.com,request,2.6-202606,False,2,1,1
p003802,eonline.com,prebid-server.rubiconproject.com,request,2.6-202606,False,2,1,1
p003803,eonline.com,prebid-server.rubiconproject.com,request,2.6-202606,False,2,1,1
p003804,eonline.com,prebid-server.rubiconproject.com,request,2.6-202606,False,2,1,1
p003805,eonline.com,prebid-server.rubiconproject.com,request,2.6-202606,False,2,1,1
p003806,eonline.com,prebid-server.rubiconproject.com,request,2.6-202606,False,2,1,1
p003807,variety.com,prebid-server.rubiconproject.com,request,2.6-202606,True,0,0,0
p003808,deadline.com,prebid-server.rubiconproject.com,request,2.6-202606,True,2,0,2
p003809,deadline.com,prebid-server.rubiconproject.com,request,2.6-202606,True,2,0,2
p003810,hollywoodreporter.com,prebid-server.rubiconproject.com,request,2.6-202606,True,1,0,1
p003811,hollywoodreporter.com,prebid-server.rubiconproject.com,request,2.6-202606,True,1,0,1
p003812,hollywoodreporter.com,prebid-server.rubiconproject.com,request,2.6-202606,True,1,0,1
p003813,hollywoodreporter.com,prebid-server.rubiconproject.com,request,2.6-202606,True,1,0,1
p003814,rollingstone.com,prebid-server.rubiconproject.com,request,2.6-202606,True,0,0,0
p003815,hollywoodreporter.com,prebid-server.rubiconproject.com,request,2.6-202606,True,2,0,2
p003816,hollywoodreporter.com,prebid-server.rubiconproject.com,request,2.6-202606,True,2,0,2
p003817,hollywoodreporter.com,prebid-server.rubiconproject.com,request,2.6-202606,True,1,0,1
p003818,hollywoodreporter.com,prebid-server.rubiconproject.com,request,2.6-202606,True,1,0,1
p003819,hollywoodreporter.com,prebid-server.rubiconproject.com,request,2.6-202606,True,0,0,0
p003820,hollywoodreporter.com,prebid-server.rubiconproject.com,request,2.6-202606,True,0,0,0
p003821,hollywoodreporter.com,prebid-server.rubiconproject.com,request,2.6-202606,True,1,0,1
p003822,rollingstone.com,prebid-server.rubiconproject.com,request,2.6-202606,True,2,0,2
p003823,rollingstone.com,prebid-server.rubiconproject.com,request,2.6-202606,True,2,0,2
p003824,rollingstone.com,prebid-server.rubiconproject.com,request,2.6-202606,True,1,0,1
p003825,rollingstone.com,prebid-server.rubiconproject.com,request,2.6-202606,True,1,0,1
p003826,rollingstone.com,prebid-server.rubiconproject.com,request,2.6-202606,True,1,0,1
p003827,rollingstone.com,prebid-server.rubiconproject.com,request,2.6-202606,True,1,0,1
p003828,billboard.com,prebid-server.rubiconproject.com,request,2.6-202606,True,0,0,0
p003829,billboard.com,prebid-server.rubiconproject.com,request,2.6-202606,True,1,0,1
p003830,billboard.com,prebid-server.rubiconproject.com,request,2.6-202606,True,1,0,1
p003831,stereogum.com,prebid-server.rubiconproject.com,request,2.6-202606,True,0,0,0
p003832,billboard.com,prebid-server.rubiconproject.com,request,2.6-202606,True,1,0,1
p003833,billboard.com,prebid-server.rubiconproject.com,request,2.6-202606,True,1,0,1
p003834,billboard.com,prebid-server.rubiconproject.com,request,2.6-202606,True,1,0,1
p003835,billboard.com,prebid-server.rubiconproject.com,request,2.6-202606,True,1,0,1
p003836,thrillist.com,prebid-server.rubiconproject.com,request,2.6-202606,False,1,1,0
p003837,thrillist.com,prebid-server.rubiconproject.com,request,2.6-202606,False,1,1,0
p003838,thrillist.com,prebid-server.rubiconproject.com,request,2.6-202606,False,1,1,0
p003839,stereogum.com,prebid-server.rubiconproject.com,request,2.6-202606,False,2,1,1
p003840,billboard.com,prebid-server.rubiconproject.com,request,2.6-202606,True,2,0,2
p003841,billboard.com,prebid-server.rubiconproject.com,request,2.6-202606,True,2,0,2
p003842,billboard.com,prebid-server.rubiconproject.com,request,2.6-202606,True,1,0,1
p003843,billboard.com,prebid-server.rubiconproject.com,request,2.6-202606,True,1,0,1
p003844,billboard.com,prebid-server.rubiconproject.com,request,2.6-202606,True,0,0,0
p003845,thrillist.com,prebid-server.rubiconproject.com,request,2.6-202606,False,1,1,0
p003846,thrillist.com,prebid-server.rubiconproject.com,request,2.6-202606,False,1,1,0
p003847,boredpanda.com,prebid-server.rubiconproject.com,request,2.6-202606,False,2,1,1
p003848,boredpanda.com,prebid-server.rubiconproject.com,request,2.6-202606,False,2,1,1
p003849,boredpanda.com,prebid-server.rubiconproject.com,request,2.6-202606,False,2,1,1
p003850,boredpanda.com,prebid-server.rubiconproject.com,request,2.6-202606,False,2,1,1
p003851,boredpanda.com,prebid-server.rubiconproject.com,request,2.6-202606,False,2,1,1
p003852,boredpanda.com,prebid-server.rubiconproject.com,request,2.6-202606,False,2,1,1
p003853,ladbible.com,prebid-server.rubiconproject.com,request,2.6-202606,False,2,2,0
p003854,ladbible.com,prebid-server.rubiconproject.com,request,2.6-202606,True,1,0,1
p003855,ladbible.com,prebid-server.rubiconproject.com,request,2.6-202606,True,1,0,1
p003856,ladbible.com,prebid-server.rubiconproject.com,request,2.6-202606,True,1,0,1
p003857,ladbible.com,prebid-server.rubiconproject.com,request,2.6-202606,True,1,0,1
p003858,distractify.com,prebid-server.rubiconproject.com,request,2.6-202606,False,3,2,1
p003859,ladbible.com,prebid-server.rubiconproject.com,request,2.6-202606,True,1,0,1
p003860,ladbible.com,prebid-server.rubiconproject.com,request,2.6-202606,True,1,0,1
p003861,buzzfeed.com,prebid-server.rubiconproject.com,request,2.6-202606,False,1,1,0
p003862,buzzfeed.com,prebid-server.rubiconproject.com,request,2.6-202606,False,1,1,0
p003863,buzzfeed.com,prebid-server.rubiconproject.com,request,2.6-202606,False,1,1,0
p003864,buzzfeed.com,prebid-server.rubiconproject.com,request,2.6-202606,False,1,1,0
p003865,buzzfeed.com,prebid-server.rubiconproject.com,request,2.6-202606,False,1,1,0
p003866,buzzfeed.com,prebid-server.rubiconproject.com,request,2.6-202606,False,1,1,0
p003867,buzzfeed.com,prebid-server.rubiconproject.com,request,2.6-202606,False,1,1,0
p003868,unilad.com,prebid-server.rubiconproject.com,request,2.6-202606,False,2,2,0
p003869,unilad.com,prebid-server.rubiconproject.com,request,2.6-202606,False,2,2,0
p003870,buzzfeed.com,prebid-server.rubiconproject.com,request,2.6-202606,False,1,1,0
p003871,distractify.com,prebid-server.rubiconproject.com,request,2.6-202606,False,3,2,1
p003872,distractify.com,prebid-server.rubiconproject.com,request,2.6-202606,False,3,2,1
p003873,buzzfeed.com,prebid-server.rubiconproject.com,request,2.6-202606,False,2,1,1
p003874,buzzfeed.com,prebid-server.rubiconproject.com,request,2.6-202606,False,1,1,0
p003875,buzzfeed.com,prebid-server.rubiconproject.com,request,2.6-202606,False,1,1,0
p003876,buzzfeed.com,prebid-server.rubiconproject.com,request,2.6-202606,False,2,1,1
p003877,buzzfeed.com,prebid-server.rubiconproject.com,request,2.6-202606,False,2,1,1
p003878,ranker.com,prebid-server.rubiconproject.com,request,2.6-202606,True,0,0,0
p003879,ranker.com,prebid-server.rubiconproject.com,request,2.6-202606,True,0,0,0
p003880,ranker.com,prebid-server.rubiconproject.com,request,2.6-202606,True,0,0,0
p003881,ranker.com,prebid-server.rubiconproject.com,request,2.6-202606,False,2,1,1
p003882,ranker.com,prebid-server.rubiconproject.com,request,2.6-202606,False,2,1,1
p003883,grunge.com,prebid-server.rubiconproject.com,request,2.6-202606,False,2,1,1
p003884,grunge.com,prebid-server.rubiconproject.com,request,2.6-202606,True,0,0,0
p003885,grunge.com,prebid-server.rubiconproject.com,request,2.6-202606,True,0,0,0
p003886,grunge.com,prebid-server.rubiconproject.com,request,2.6-202606,True,0,0,0
p003887,grunge.com,prebid-server.rubiconproject.com,request,2.6-202606,True,0,0,0
p003888,grunge.com,prebid-server.rubiconproject.com,request,2.6-202606,True,0,0,0
p003889,ranker.com,prebid-server.rubiconproject.com,request,2.6-202606,False,2,1,1
p003890,grunge.com,prebid-server.rubiconproject.com,request,2.6-202606,True,0,0,0
p003891,grunge.com,prebid-server.rubiconproject.com,request,2.6-202606,True,0,0,0
p003892,grunge.com,prebid-server.rubiconproject.com,request,2.6-202606,True,0,0,0
p003893,ranker.com,prebid-server.rubiconproject.com,request,2.6-202606,False,2,1,1
p003894,ranker.com,prebid-server.rubiconproject.com,request,2.6-202606,False,2,1,1
p003895,ranker.com,prebid-server.rubiconproject.com,request,2.6-202606,False,2,1,1
p003896,grunge.com,prebid-server.rubiconproject.com,request,2.6-202606,False,2,1,1
p003897,grunge.com,prebid-server.rubiconproject.com,request,2.6-202606,False,2,1,1
p003898,looper.com,prebid-server.rubiconproject.com,request,2.6-202606,False,2,1,1
p003899,slashfilm.com,prebid-server.rubiconproject.com,request,2.6-202606,False,2,1,1
p003900,mashed.com,prebid-server.rubiconproject.com,request,2.6-202606,False,2,1,1
p003901,slashfilm.com,prebid-server.rubiconproject.com,request,2.6-202606,False,2,1,1
p003902,slashfilm.com,prebid-server.rubiconproject.com,request,2.6-202606,False,2,1,1
p003903,sfgate.com,prebid-server.rubiconproject.com,request,2.6-202606,True,0,0,0
p003904,foxnews.com,prebid-server.rubiconproject.com,response,2.6-202606,True,0,0,0
p003905,foxnews.com,prebid-server.rubiconproject.com,response,2.6-202606,True,0,0,0
p003906,usatoday.com,prebid-server.rubiconproject.com,response,2.6-202606,True,0,0,0
p003907,chicagotribune.com,prebid-server.rubiconproject.com,response,2.6-202606,True,0,0,0
p003908,chicagotribune.com,prebid-server.rubiconproject.com,response,2.6-202606,True,0,0,0
p003909,chicagotribune.com,prebid-server.rubiconproject.com,response,2.6-202606,True,0,0,0
p003910,usatoday.com,prebid-server.rubiconproject.com,response,2.6-202606,True,0,0,0
p003911,usatoday.com,prebid-server.rubiconproject.com,response,2.6-202606,True,0,0,0
p003912,usatoday.com,prebid-server.rubiconproject.com,response,2.6-202606,True,0,0,0
p003913,chicagotribune.com,prebid-server.rubiconproject.com,response,2.6-202606,True,0,0,0
p003914,chicagotribune.com,prebid-server.rubiconproject.com,response,2.6-202606,True,0,0,0
p003915,businessinsider.com,prebid-server.rubiconproject.com,response,2.6-202606,True,0,0,0
p003916,businessinsider.com,prebid-server.rubiconproject.com,response,2.6-202606,True,0,0,0
p003917,businessinsider.com,prebid-server.rubiconproject.com,response,2.6-202606,True,0,0,0
p003918,businessinsider.com,prebid-server.rubiconproject.com,response,2.6-202606,True,0,0,0
p003919,huffpost.com,prebid-server.rubiconproject.com,response,2.6-202606,True,0,0,0
p003920,huffpost.com,prebid-server.rubiconproject.com,response,2.6-202606,True,0,0,0
p003921,huffpost.com,prebid-server.rubiconproject.com,response,2.6-202606,True,0,0,0
p003922,huffpost.com,prebid-server.rubiconproject.com,response,2.6-202606,True,0,0,0
p003923,huffpost.com,prebid-server.rubiconproject.com,response,2.6-202606,True,1,0,1
p003924,huffpost.com,prebid-server.rubiconproject.com,response,2.6-202606,True,3,0,3
p003925,huffpost.com,prebid-server.rubiconproject.com,response,2.6-202606,True,1,0,1
p003926,huffpost.com,prebid-server.rubiconproject.com,response,2.6-202606,True,1,0,1
p003927,huffpost.com,prebid-server.rubiconproject.com,response,2.6-202606,True,2,0,2
p003928,thesun.co.uk,prebid-server.rubiconproject.com,response,2.6-202606,True,0,0,0
p003929,thesun.co.uk,prebid-server.rubiconproject.com,response,2.6-202606,True,0,0,0
p003930,thesun.co.uk,prebid-server.rubiconproject.com,response,2.6-202606,True,0,0,0
p003931,metro.co.uk,prebid-server.rubiconproject.com,response,2.6-202606,True,0,0,0
p003932,thesun.co.uk,prebid-server.rubiconproject.com,response,2.6-202606,True,0,0,0
p003933,thesun.co.uk,prebid-server.rubiconproject.com,response,2.6-202606,True,0,0,0
p003934,thesun.co.uk,prebid-server.rubiconproject.com,response,2.6-202606,True,0,0,0
p003935,thesun.co.uk,prebid-server.rubiconproject.com,response,2.6-202606,True,0,0,0
p003936,thesun.co.uk,prebid-server.rubiconproject.com,response,2.6-202606,True,0,0,0
p003937,thesun.co.uk,prebid-server.rubiconproject.com,response,2.6-202606,True,0,0,0
p003938,thesun.co.uk,prebid-server.rubiconproject.com,response,2.6-202606,True,0,0,0
p003939,standard.co.uk,prebid-server.rubiconproject.com,response,2.6-202606,True,0,0,0
p003940,standard.co.uk,prebid-server.rubiconproject.com,response,2.6-202606,True,0,0,0
p003941,nbcnews.com,prebid-server.rubiconproject.com,response,2.6-202606,True,0,0,0
p003942,cbsnews.com,prebid-server.rubiconproject.com,response,2.6-202606,True,0,0,0
p003943,cbsnews.com,prebid-server.rubiconproject.com,response,2.6-202606,True,0,0,0
p003944,nbcnews.com,prebid-server.rubiconproject.com,response,2.6-202606,True,0,0,0
p003945,nbcnews.com,prebid-server.rubiconproject.com,response,2.6-202606,True,0,0,0
p003946,nbcnews.com,prebid-server.rubiconproject.com,response,2.6-202606,True,0,0,0
p003947,abcnews.go.com,prebid-server.rubiconproject.com,response,2.6-202606,True,0,0,0
p003948,abcnews.go.com,prebid-server.rubiconproject.com,response,2.6-202606,True,0,0,0
p003949,abcnews.go.com,prebid-server.rubiconproject.com,response,2.6-202606,True,0,0,0
p003950,abcnews.go.com,prebid-server.rubiconproject.com,response,2.6-202606,True,0,0,0
p003951,slate.com,prebid-server.rubiconproject.com,response,2.6-202606,True,0,0,0
p003952,time.com,prebid-server.rubiconproject.com,response,2.6-202606,True,0,0,0
p003953,time.com,prebid-server.rubiconproject.com,response,2.6-202606,True,0,0,0
p003954,time.com,prebid-server.rubiconproject.com,response,2.6-202606,True,0,0,0
p003955,time.com,prebid-server.rubiconproject.com,response,2.6-202606,True,0,0,0
p003956,slate.com,prebid-server.rubiconproject.com,response,2.6-202606,True,0,0,0
p003957,time.com,prebid-server.rubiconproject.com,response,2.6-202606,True,0,0,0
p003958,newsweek.com,prebid-server.rubiconproject.com,response,2.6-202606,True,3,0,3
p003959,newsweek.com,prebid-server.rubiconproject.com,response,2.6-202606,True,1,0,1
p003960,newsweek.com,prebid-server.rubiconproject.com,response,2.6-202606,True,2,0,2
p003961,slate.com,prebid-server.rubiconproject.com,response,2.6-202606,True,0,0,0
p003962,slate.com,prebid-server.rubiconproject.com,response,2.6-202606,True,0,0,0
p003963,vox.com,prebid-server.rubiconproject.com,response,2.6-202606,True,1,0,1
p003964,vox.com,prebid-server.rubiconproject.com,response,2.6-202606,True,0,0,0
p003965,salon.com,prebid-server.rubiconproject.com,response,2.6-202606,True,0,0,0
p003966,salon.com,prebid-server.rubiconproject.com,response,2.6-202606,True,0,0,0
p003967,salon.com,prebid-server.rubiconproject.com,response,2.6-202606,True,0,0,0
p003968,salon.com,prebid-server.rubiconproject.com,response,2.6-202606,True,0,0,0
p003969,salon.com,prebid-server.rubiconproject.com,response,2.6-202606,True,0,0,0
p003970,salon.com,prebid-server.rubiconproject.com,response,2.6-202606,True,0,0,0
p003971,theverge.com,prebid-server.rubiconproject.com,response,2.6-202606,True,0,0,0
p003972,salon.com,prebid-server.rubiconproject.com,response,2.6-202606,True,0,0,0
p003973,salon.com,prebid-server.rubiconproject.com,response,2.6-202606,True,0,0,0
p003974,vox.com,prebid-server.rubiconproject.com,response,2.6-202606,True,0,0,0
p003975,salon.com,prebid-server.rubiconproject.com,response,2.6-202606,True,0,0,0
p003976,salon.com,prebid-server.rubiconproject.com,response,2.6-202606,True,0,0,0
p003977,salon.com,prebid-server.rubiconproject.com,response,2.6-202606,True,0,0,0
p003978,salon.com,prebid-server.rubiconproject.com,response,2.6-202606,True,0,0,0
p003979,salon.com,prebid-server.rubiconproject.com,response,2.6-202606,True,0,0,0
p003980,salon.com,prebid-server.rubiconproject.com,response,2.6-202606,True,0,0,0
p003981,theverge.com,prebid-server.rubiconproject.com,response,2.6-202606,True,0,0,0
p003982,theverge.com,prebid-server.rubiconproject.com,response,2.6-202606,True,0,0,0
p003983,vox.com,prebid-server.rubiconproject.com,response,2.6-202606,True,0,0,0
p003984,engadget.com,prebid-server.rubiconproject.com,response,2.6-202606,True,0,0,0
p003985,vox.com,prebid-server.rubiconproject.com,response,2.6-202606,True,0,0,0
p003986,engadget.com,prebid-server.rubiconproject.com,response,2.6-202606,True,0,0,0
p003987,theverge.com,prebid-server.rubiconproject.com,response,2.6-202606,True,0,0,0
p003988,theverge.com,prebid-server.rubiconproject.com,response,2.6-202606,True,0,0,0
p003989,engadget.com,prebid-server.rubiconproject.com,response,2.6-202606,True,0,0,0
p003990,zdnet.com,prebid-server.rubiconproject.com,response,2.6-202606,True,0,0,0
p003991,androidauthority.com,prebid-server.rubiconproject.com,response,2.6-202606,True,0,0,0
p003992,androidauthority.com,prebid-server.rubiconproject.com,response,2.6-202606,True,0,0,0
p003993,androidauthority.com,prebid-server.rubiconproject.com,response,2.6-202606,True,0,0,0
p003994,macrumors.com,prebid-server.rubiconproject.com,response,2.6-202606,True,0,0,0
p003995,macrumors.com,prebid-server.rubiconproject.com,response,2.6-202606,True,0,0,0
p003996,macrumors.com,prebid-server.rubiconproject.com,response,2.6-202606,True,0,0,0
p003997,macrumors.com,prebid-server.rubiconproject.com,response,2.6-202606,True,0,0,0
p003998,macrumors.com,prebid-server.rubiconproject.com,response,2.6-202606,True,0,0,0
p003999,macrumors.com,prebid-server.rubiconproject.com,response,2.6-202606,True,0,0,0
p004000,macrumors.com,prebid-server.rubiconproject.com,response,2.6-202606,True,0,0,0
p004001,macrumors.com,prebid-server.rubiconproject.com,response,2.6-202606,True,0,0,0
p004002,macrumors.com,prebid-server.rubiconproject.com,response,2.6-202606,True,0,0,0
p004003,macrumors.com,prebid-server.rubiconproject.com,response,2.6-202606,True,0,0,0
p004004,macrumors.com,prebid-server.rubiconproject.com,response,2.6-202606,True,0,0,0
p004005,macrumors.com,prebid-server.rubiconproject.com,response,2.6-202606,True,0,0,0
p004006,macrumors.com,prebid-server.rubiconproject.com,response,2.6-202606,True,0,0,0
p004007,macrumors.com,prebid-server.rubiconproject.com,response,2.6-202606,True,0,0,0
p004008,macrumors.com,prebid-server.rubiconproject.com,response,2.6-202606,True,0,0,0
p004009,macrumors.com,prebid-server.rubiconproject.com,response,2.6-202606,True,0,0,0
p004010,makeuseof.com,prebid-server.rubiconproject.com,response,2.6-202606,True,1,0,1
p004011,cbr.com,prebid-server.rubiconproject.com,response,2.6-202606,True,0,0,0
p004012,ign.com,prebid-server.rubiconproject.com,response,2.6-202606,True,18,0,18
p004013,gamespot.com,prebid-server.rubiconproject.com,response,2.6-202606,True,0,0,0
p004014,gamespot.com,prebid-server.rubiconproject.com,response,2.6-202606,True,0,0,0
p004015,gamespot.com,prebid-server.rubiconproject.com,response,2.6-202606,True,0,0,0
p004016,gamespot.com,prebid-server.rubiconproject.com,response,2.6-202606,True,0,0,0
p004017,gamespot.com,prebid-server.rubiconproject.com,response,2.6-202606,True,0,0,0
p004018,pcgamer.com,prebid-server.rubiconproject.com,response,2.6-202606,True,0,0,0
p004019,kotaku.com,prebid-server.rubiconproject.com,response,2.6-202606,True,0,0,0
p004020,kotaku.com,prebid-server.rubiconproject.com,response,2.6-202606,True,0,0,0
p004021,rockpapershotgun.com,prebid-server.rubiconproject.com,response,2.6-202606,True,1,0,1
p004022,rockpapershotgun.com,prebid-server.rubiconproject.com,response,2.6-202606,True,4,0,4
p004023,rockpapershotgun.com,prebid-server.rubiconproject.com,response,2.6-202606,True,3,0,3
p004024,rockpapershotgun.com,prebid-server.rubiconproject.com,response,2.6-202606,True,6,0,6
p004025,eurogamer.net,prebid-server.rubiconproject.com,response,2.6-202606,True,5,0,5
p004026,eurogamer.net,prebid-server.rubiconproject.com,response,2.6-202606,True,8,0,8
p004027,eurogamer.net,prebid-server.rubiconproject.com,response,2.6-202606,True,5,0,5
p004028,eurogamer.net,prebid-server.rubiconproject.com,response,2.6-202606,True,2,0,2
p004029,eurogamer.net,prebid-server.rubiconproject.com,response,2.6-202606,True,0,0,0
p004030,eurogamer.net,prebid-server.rubiconproject.com,response,2.6-202606,True,0,0,0
p004031,rockpapershotgun.com,prebid-server.rubiconproject.com,response,2.6-202606,True,6,0,6
p004032,rockpapershotgun.com,prebid-server.rubiconproject.com,response,2.6-202606,True,15,0,15
p004033,rockpapershotgun.com,prebid-server.rubiconproject.com,response,2.6-202606,True,3,0,3
p004034,rockpapershotgun.com,prebid-server.rubiconproject.com,response,2.6-202606,True,0,0,0
p004035,rockpapershotgun.com,prebid-server.rubiconproject.com,response,2.6-202606,True,0,0,0
p004036,rockpapershotgun.com,prebid-server.rubiconproject.com,response,2.6-202606,True,6,0,6
p004037,vg247.com,prebid-server.rubiconproject.com,response,2.6-202606,True,0,0,0
p004038,vg247.com,prebid-server.rubiconproject.com,response,2.6-202606,True,0,0,0
p004039,vg247.com,prebid-server.rubiconproject.com,response,2.6-202606,True,0,0,0
p004040,eurogamer.net,prebid-server.rubiconproject.com,response,2.6-202606,True,0,0,0
p004041,vg247.com,prebid-server.rubiconproject.com,response,2.6-202606,True,1,0,1
p004042,eurogamer.net,prebid-server.rubiconproject.com,response,2.6-202606,True,11,0,11
p004043,eurogamer.net,prebid-server.rubiconproject.com,response,2.6-202606,True,5,0,5
p004044,eurogamer.net,prebid-server.rubiconproject.com,response,2.6-202606,True,0,0,0
p004045,eurogamer.net,prebid-server.rubiconproject.com,response,2.6-202606,True,0,0,0
p004046,eurogamer.net,prebid-server.rubiconproject.com,response,2.6-202606,True,6,0,6
p004047,eurogamer.net,prebid-server.rubiconproject.com,response,2.6-202606,True,8,0,8
p004048,vg247.com,prebid-server.rubiconproject.com,response,2.6-202606,True,6,0,6
p004049,vg247.com,prebid-server.rubiconproject.com,response,2.6-202606,True,11,0,11
p004050,vg247.com,prebid-server.rubiconproject.com,response,2.6-202606,True,5,0,5
p004051,eurogamer.net,prebid-server.rubiconproject.com,response,2.6-202606,True,0,0,0
p004052,eurogamer.net,prebid-server.rubiconproject.com,response,2.6-202606,True,0,0,0
p004053,vg247.com,prebid-server.rubiconproject.com,response,2.6-202606,True,2,0,2
p004054,vg247.com,prebid-server.rubiconproject.com,response,2.6-202606,True,2,0,2
p004055,vg247.com,prebid-server.rubiconproject.com,response,2.6-202606,True,2,0,2
p004056,vg247.com,prebid-server.rubiconproject.com,response,2.6-202606,True,0,0,0
p004057,vg247.com,prebid-server.rubiconproject.com,response,2.6-202606,True,0,0,0
p004058,si.com,prebid-server.rubiconproject.com,response,2.6-202606,True,0,0,0
p004059,si.com,prebid-server.rubiconproject.com,response,2.6-202606,True,0,0,0
p004060,si.com,prebid-server.rubiconproject.com,response,2.6-202606,True,1,0,1
p004061,cbssports.com,prebid-server.rubiconproject.com,response,2.6-202606,True,0,0,0
p004062,cbssports.com,prebid-server.rubiconproject.com,response,2.6-202606,True,0,0,0
p004063,si.com,prebid-server.rubiconproject.com,response,2.6-202606,True,0,0,0
p004064,cbssports.com,prebid-server.rubiconproject.com,response,2.6-202606,True,0,0,0
p004065,goal.com,prebid-server.rubiconproject.com,response,2.6-202606,True,0,0,0
p004066,goal.com,prebid-server.rubiconproject.com,response,2.6-202606,True,0,0,0
p004067,wunderground.com,prebid-server.rubiconproject.com,response,2.6-202606,True,0,0,0
p004068,wunderground.com,prebid-server.rubiconproject.com,response,2.6-202606,True,0,0,0
p004069,wunderground.com,prebid-server.rubiconproject.com,response,2.6-202606,True,0,0,0
p004070,weather.com,prebid-server.rubiconproject.com,response,2.6-202606,True,0,0,0
p004071,weather.com,prebid-server.rubiconproject.com,response,2.6-202606,True,0,0,0
p004072,wunderground.com,prebid-server.rubiconproject.com,response,2.6-202606,True,0,0,0
p004073,weather.com,prebid-server.rubiconproject.com,response,2.6-202606,True,0,0,0
p004074,wunderground.com,prebid-server.rubiconproject.com,response,2.6-202606,True,0,0,0
p004075,wunderground.com,prebid-server.rubiconproject.com,response,2.6-202606,True,0,0,0
p004076,wunderground.com,prebid-server.rubiconproject.com,response,2.6-202606,True,0,0,0
p004077,wunderground.com,prebid-server.rubiconproject.com,response,2.6-202606,True,0,0,0
p004078,eonline.com,prebid-server.rubiconproject.com,response,2.6-202606,True,0,0,0
p004079,tmz.com,prebid-server.rubiconproject.com,response,2.6-202606,True,0,0,0
p004080,variety.com,prebid-server.rubiconproject.com,response,2.6-202606,True,1,0,1
p004081,variety.com,prebid-server.rubiconproject.com,response,2.6-202606,True,3,0,3
p004082,eonline.com,prebid-server.rubiconproject.com,response,2.6-202606,True,0,0,0
p004083,eonline.com,prebid-server.rubiconproject.com,response,2.6-202606,True,0,0,0
p004084,eonline.com,prebid-server.rubiconproject.com,response,2.6-202606,True,0,0,0
p004085,eonline.com,prebid-server.rubiconproject.com,response,2.6-202606,True,0,0,0
p004086,eonline.com,prebid-server.rubiconproject.com,response,2.6-202606,True,0,0,0
p004087,eonline.com,prebid-server.rubiconproject.com,response,2.6-202606,True,0,0,0
p004088,variety.com,prebid-server.rubiconproject.com,response,2.6-202606,True,3,0,3
p004089,deadline.com,prebid-server.rubiconproject.com,response,2.6-202606,True,0,0,0
p004090,deadline.com,prebid-server.rubiconproject.com,response,2.6-202606,True,0,0,0
p004091,hollywoodreporter.com,prebid-server.rubiconproject.com,response,2.6-202606,True,0,0,0
p004092,hollywoodreporter.com,prebid-server.rubiconproject.com,response,2.6-202606,True,4,0,4
p004093,hollywoodreporter.com,prebid-server.rubiconproject.com,response,2.6-202606,True,0,0,0
p004094,hollywoodreporter.com,prebid-server.rubiconproject.com,response,2.6-202606,True,7,0,7
p004095,rollingstone.com,prebid-server.rubiconproject.com,response,2.6-202606,True,1,0,1
p004096,hollywoodreporter.com,prebid-server.rubiconproject.com,response,2.6-202606,True,0,0,0
p004097,hollywoodreporter.com,prebid-server.rubiconproject.com,response,2.6-202606,True,0,0,0
p004098,hollywoodreporter.com,prebid-server.rubiconproject.com,response,2.6-202606,True,0,0,0
p004099,hollywoodreporter.com,prebid-server.rubiconproject.com,response,2.6-202606,True,4,0,4
p004100,hollywoodreporter.com,prebid-server.rubiconproject.com,response,2.6-202606,True,5,0,5
p004101,hollywoodreporter.com,prebid-server.rubiconproject.com,response,2.6-202606,True,1,0,1
p004102,hollywoodreporter.com,prebid-server.rubiconproject.com,response,2.6-202606,True,0,0,0
p004103,rollingstone.com,prebid-server.rubiconproject.com,response,2.6-202606,True,0,0,0
p004104,rollingstone.com,prebid-server.rubiconproject.com,response,2.6-202606,True,0,0,0
p004105,rollingstone.com,prebid-server.rubiconproject.com,response,2.6-202606,True,0,0,0
p004106,rollingstone.com,prebid-server.rubiconproject.com,response,2.6-202606,True,3,0,3
p004107,rollingstone.com,prebid-server.rubiconproject.com,response,2.6-202606,True,0,0,0
p004108,billboard.com,prebid-server.rubiconproject.com,response,2.6-202606,True,0,0,0
p004109,rollingstone.com,prebid-server.rubiconproject.com,response,2.6-202606,True,3,0,3
p004110,billboard.com,prebid-server.rubiconproject.com,response,2.6-202606,True,0,0,0
p004111,billboard.com,prebid-server.rubiconproject.com,response,2.6-202606,True,5,0,5
p004112,stereogum.com,prebid-server.rubiconproject.com,response,2.6-202606,True,0,0,0
p004113,billboard.com,prebid-server.rubiconproject.com,response,2.6-202606,True,0,0,0
p004114,billboard.com,prebid-server.rubiconproject.com,response,2.6-202606,True,2,0,2
p004115,billboard.com,prebid-server.rubiconproject.com,response,2.6-202606,True,0,0,0
p004116,billboard.com,prebid-server.rubiconproject.com,response,2.6-202606,True,1,0,1
p004117,thrillist.com,prebid-server.rubiconproject.com,response,2.6-202606,True,0,0,0
p004118,thrillist.com,prebid-server.rubiconproject.com,response,2.6-202606,True,0,0,0
p004119,thrillist.com,prebid-server.rubiconproject.com,response,2.6-202606,True,0,0,0
p004120,stereogum.com,prebid-server.rubiconproject.com,response,2.6-202606,True,0,0,0
p004121,billboard.com,prebid-server.rubiconproject.com,response,2.6-202606,True,0,0,0
p004122,billboard.com,prebid-server.rubiconproject.com,response,2.6-202606,True,0,0,0
p004123,billboard.com,prebid-server.rubiconproject.com,response,2.6-202606,True,0,0,0
p004124,billboard.com,prebid-server.rubiconproject.com,response,2.6-202606,True,4,0,4
p004125,billboard.com,prebid-server.rubiconproject.com,response,2.6-202606,True,6,0,6
p004126,thrillist.com,prebid-server.rubiconproject.com,response,2.6-202606,True,0,0,0
p004127,thrillist.com,prebid-server.rubiconproject.com,response,2.6-202606,True,0,0,0
p004128,boredpanda.com,prebid-server.rubiconproject.com,response,2.6-202606,True,0,0,0
p004129,boredpanda.com,prebid-server.rubiconproject.com,response,2.6-202606,True,0,0,0
p004130,boredpanda.com,prebid-server.rubiconproject.com,response,2.6-202606,True,0,0,0
p004131,boredpanda.com,prebid-server.rubiconproject.com,response,2.6-202606,True,0,0,0
p004132,boredpanda.com,prebid-server.rubiconproject.com,response,2.6-202606,True,0,0,0
p004133,boredpanda.com,prebid-server.rubiconproject.com,response,2.6-202606,True,0,0,0
p004134,ladbible.com,prebid-server.rubiconproject.com,response,2.6-202606,True,0,0,0
p004135,ladbible.com,prebid-server.rubiconproject.com,response,2.6-202606,True,0,0,0
p004136,ladbible.com,prebid-server.rubiconproject.com,response,2.6-202606,False,3,1,2
p004137,ladbible.com,prebid-server.rubiconproject.com,response,2.6-202606,True,0,0,0
p004138,ladbible.com,prebid-server.rubiconproject.com,response,2.6-202606,True,0,0,0
p004139,distractify.com,prebid-server.rubiconproject.com,response,2.6-202606,True,0,0,0
p004140,buzzfeed.com,prebid-server.rubiconproject.com,response,2.6-202606,True,0,0,0
p004141,buzzfeed.com,prebid-server.rubiconproject.com,response,2.6-202606,True,0,0,0
p004142,buzzfeed.com,prebid-server.rubiconproject.com,response,2.6-202606,True,0,0,0
p004143,buzzfeed.com,prebid-server.rubiconproject.com,response,2.6-202606,True,0,0,0
p004144,buzzfeed.com,prebid-server.rubiconproject.com,response,2.6-202606,True,0,0,0
p004145,buzzfeed.com,prebid-server.rubiconproject.com,response,2.6-202606,True,0,0,0
p004146,buzzfeed.com,prebid-server.rubiconproject.com,response,2.6-202606,True,0,0,0
p004147,unilad.com,prebid-server.rubiconproject.com,response,2.6-202606,True,1,0,1
p004148,unilad.com,prebid-server.rubiconproject.com,response,2.6-202606,True,0,0,0
p004149,buzzfeed.com,prebid-server.rubiconproject.com,response,2.6-202606,True,0,0,0
p004150,distractify.com,prebid-server.rubiconproject.com,response,2.6-202606,True,0,0,0
p004151,distractify.com,prebid-server.rubiconproject.com,response,2.6-202606,True,0,0,0
p004152,buzzfeed.com,prebid-server.rubiconproject.com,response,2.6-202606,True,0,0,0
p004153,buzzfeed.com,prebid-server.rubiconproject.com,response,2.6-202606,True,0,0,0
p004154,buzzfeed.com,prebid-server.rubiconproject.com,response,2.6-202606,True,0,0,0
p004155,buzzfeed.com,prebid-server.rubiconproject.com,response,2.6-202606,True,0,0,0
p004156,buzzfeed.com,prebid-server.rubiconproject.com,response,2.6-202606,True,0,0,0
p004157,ranker.com,prebid-server.rubiconproject.com,response,2.6-202606,True,0,0,0
p004158,ranker.com,prebid-server.rubiconproject.com,response,2.6-202606,True,0,0,0
p004159,ranker.com,prebid-server.rubiconproject.com,response,2.6-202606,True,0,0,0
p004160,ranker.com,prebid-server.rubiconproject.com,response,2.6-202606,True,0,0,0
p004161,ranker.com,prebid-server.rubiconproject.com,response,2.6-202606,True,0,0,0
p004162,grunge.com,prebid-server.rubiconproject.com,response,2.6-202606,True,0,0,0
p004163,grunge.com,prebid-server.rubiconproject.com,response,2.6-202606,True,0,0,0
p004164,grunge.com,prebid-server.rubiconproject.com,response,2.6-202606,True,0,0,0
p004165,grunge.com,prebid-server.rubiconproject.com,response,2.6-202606,True,0,0,0
p004166,grunge.com,prebid-server.rubiconproject.com,response,2.6-202606,True,0,0,0
p004167,grunge.com,prebid-server.rubiconproject.com,response,2.6-202606,True,0,0,0
p004168,ranker.com,prebid-server.rubiconproject.com,response,2.6-202606,True,0,0,0
p004169,grunge.com,prebid-server.rubiconproject.com,response,2.6-202606,True,0,0,0
p004170,grunge.com,prebid-server.rubiconproject.com,response,2.6-202606,True,0,0,0
p004171,grunge.com,prebid-server.rubiconproject.com,response,2.6-202606,True,0,0,0
p004172,ranker.com,prebid-server.rubiconproject.com,response,2.6-202606,True,0,0,0
p004173,ranker.com,prebid-server.rubiconproject.com,response,2.6-202606,True,0,0,0
p004174,ranker.com,prebid-server.rubiconproject.com,response,2.6-202606,True,0,0,0
p004175,grunge.com,prebid-server.rubiconproject.com,response,2.6-202606,True,0,0,0
p004176,grunge.com,prebid-server.rubiconproject.com,response,2.6-202606,True,0,0,0
p004177,looper.com,prebid-server.rubiconproject.com,response,2.6-202606,True,0,0,0
p004178,slashfilm.com,prebid-server.rubiconproject.com,response,2.6-202606,True,0,0,0
p004179,mashed.com,prebid-server.rubiconproject.com,response,2.6-202606,True,0,0,0
p004180,slashfilm.com,prebid-server.rubiconproject.com,response,2.6-202606,True,0,0,0
p004181,slashfilm.com,prebid-server.rubiconproject.com,response,2.6-202606,True,0,0,0
p004182,sfgate.com,prebid-server.rubiconproject.com,response,2.6-202606,True,3,0,3
p004183,usatoday.com,prebid.ad.smaato.net,request,2.6-202606,False,2,1,1
p004184,cbr.com,prebid.ad.smaato.net,request,2.6-202606,False,2,1,1
p004185,looper.com,prebid.ad.smaato.net,request,2.6-202606,False,2,1,1
p004186,cbr.com,prebid.ad.smaato.net,response,2.6-202606,True,1,0,1
p004187,kotaku.com,prebid.deepintent.com,request,2.6-202606,False,15,15,0
p004188,kotaku.com,prebid.deepintent.com,request,2.6-202606,True,0,0,0
p004189,goal.com,prebid.deepintent.com,request,2.6-202606,True,0,0,0
p004190,goal.com,prebid.deepintent.com,request,2.6-202606,True,0,0,0
p004191,goal.com,prebid.deepintent.com,request,2.6-202606,True,0,0,0
p004192,pagesix.com,prebid.media.net,request,2.6-202606,False,32,32,0
p004193,nypost.com,prebid.media.net,request,2.6-202606,False,20,20,0
p004194,pagesix.com,prebid.media.net,request,2.6-202606,False,11,11,0
p004195,nypost.com,prebid.media.net,request,2.6-202606,False,11,11,0
p004196,nypost.com,prebid.media.net,request,2.6-202606,False,11,11,0
p004197,pagesix.com,prebid.media.net,request,2.6-202606,False,11,11,0
p004198,pagesix.com,prebid.media.net,request,2.6-202606,False,11,11,0
p004199,pagesix.com,prebid.media.net,request,2.6-202606,False,11,11,0
p004200,nypost.com,prebid.media.net,request,2.6-202606,False,11,11,0
p004201,nypost.com,prebid.media.net,request,2.6-202606,False,17,17,0
p004202,pagesix.com,prebid.media.net,request,2.6-202606,False,20,20,0
p004203,pagesix.com,prebid.media.net,request,2.6-202606,False,13,12,1
p004204,pagesix.com,prebid.media.net,request,2.6-202606,False,13,12,1
p004205,pagesix.com,prebid.media.net,request,2.6-202606,False,13,12,1
p004206,nypost.com,prebid.media.net,request,2.6-202606,False,13,12,1
p004207,pagesix.com,prebid.media.net,request,2.6-202606,False,11,11,0
p004208,pagesix.com,prebid.media.net,request,2.6-202606,False,13,12,1
p004209,pagesix.com,prebid.media.net,request,2.6-202606,False,13,12,1
p004210,pagesix.com,prebid.media.net,request,2.6-202606,False,13,12,1
p004211,pagesix.com,prebid.media.net,request,2.6-202606,False,13,12,1
p004212,pagesix.com,prebid.media.net,request,2.6-202606,False,9,9,0
p004213,chicagotribune.com,prebid.media.net,request,2.6-202606,False,25,22,3
p004214,chicagotribune.com,prebid.media.net,request,2.6-202606,False,25,22,3
p004215,usatoday.com,prebid.media.net,request,2.6-202606,False,13,12,1
p004216,chicagotribune.com,prebid.media.net,request,2.6-202606,False,25,22,3
p004217,nydailynews.com,prebid.media.net,request,2.6-202606,False,11,10,1
p004218,chicagotribune.com,prebid.media.net,request,2.6-202606,False,25,22,3
p004219,nydailynews.com,prebid.media.net,request,2.6-202606,False,11,10,1
p004220,nydailynews.com,prebid.media.net,request,2.6-202606,False,11,10,1
p004221,huffpost.com,prebid.media.net,request,2.6-202606,False,13,12,1
p004222,huffpost.com,prebid.media.net,request,2.6-202606,False,13,12,1
p004223,huffpost.com,prebid.media.net,request,2.6-202606,False,13,12,1
p004224,thesun.co.uk,prebid.media.net,request,2.6-202606,False,37,37,0
p004225,thesun.co.uk,prebid.media.net,request,2.6-202606,False,13,13,0
p004226,thesun.co.uk,prebid.media.net,request,2.6-202606,False,13,13,0
p004227,thesun.co.uk,prebid.media.net,request,2.6-202606,False,37,37,0
p004228,thesun.co.uk,prebid.media.net,request,2.6-202606,False,11,10,1
p004229,thesun.co.uk,prebid.media.net,request,2.6-202606,False,13,13,0
p004230,thesun.co.uk,prebid.media.net,request,2.6-202606,False,9,9,0
p004231,thesun.co.uk,prebid.media.net,request,2.6-202606,False,13,13,0
p004232,thesun.co.uk,prebid.media.net,request,2.6-202606,False,11,10,1
p004233,thesun.co.uk,prebid.media.net,request,2.6-202606,False,13,13,0
p004234,standard.co.uk,prebid.media.net,request,2.6-202606,False,11,10,1
p004235,standard.co.uk,prebid.media.net,request,2.6-202606,False,11,10,1
p004236,nbcnews.com,prebid.media.net,request,2.6-202606,False,13,12,1
p004237,cbsnews.com,prebid.media.net,request,2.6-202606,False,13,12,1
p004238,nbcnews.com,prebid.media.net,request,2.6-202606,False,13,12,1
p004239,time.com,prebid.media.net,request,2.6-202606,False,19,19,0
p004240,time.com,prebid.media.net,request,2.6-202606,False,19,19,0
p004241,time.com,prebid.media.net,request,2.6-202606,False,19,19,0
p004242,time.com,prebid.media.net,request,2.6-202606,False,19,19,0
p004243,time.com,prebid.media.net,request,2.6-202606,False,14,14,0
p004244,nbcnews.com,prebid.media.net,request,2.6-202606,False,13,12,1
p004245,time.com,prebid.media.net,request,2.6-202606,False,24,24,0
p004246,time.com,prebid.media.net,request,2.6-202606,False,24,24,0
p004247,time.com,prebid.media.net,request,2.6-202606,False,24,24,0
p004248,time.com,prebid.media.net,request,2.6-202606,False,24,24,0
p004249,time.com,prebid.media.net,request,2.6-202606,False,14,14,0
p004250,slate.com,prebid.media.net,request,2.6-202606,False,12,12,0
p004251,slate.com,prebid.media.net,request,2.6-202606,False,13,12,1
p004252,slate.com,prebid.media.net,request,2.6-202606,False,13,12,1
p004253,slate.com,prebid.media.net,request,2.6-202606,False,8,8,0
p004254,slate.com,prebid.media.net,request,2.6-202606,False,8,8,0
p004255,slate.com,prebid.media.net,request,2.6-202606,False,13,12,1
p004256,slate.com,prebid.media.net,request,2.6-202606,False,13,12,1
p004257,vox.com,prebid.media.net,request,2.6-202606,False,13,12,1
p004258,vox.com,prebid.media.net,request,2.6-202606,False,13,12,1
p004259,vox.com,prebid.media.net,request,2.6-202606,False,13,12,1
p004260,theverge.com,prebid.media.net,request,2.6-202606,False,13,12,1
p004261,cnet.com,prebid.media.net,request,2.6-202606,False,28,28,0
p004262,zdnet.com,prebid.media.net,request,2.6-202606,False,20,20,0
p004263,cnet.com,prebid.media.net,request,2.6-202606,False,28,28,0
p004264,cnet.com,prebid.media.net,request,2.6-202606,False,28,28,0
p004265,zdnet.com,prebid.media.net,request,2.6-202606,False,28,28,0
p004266,zdnet.com,prebid.media.net,request,2.6-202606,False,8,8,0
p004267,pcmag.com,prebid.media.net,request,2.6-202606,False,16,16,0
p004268,pcmag.com,prebid.media.net,request,2.6-202606,False,24,24,0
p004269,pcmag.com,prebid.media.net,request,2.6-202606,False,8,8,0
p004270,pcmag.com,prebid.media.net,request,2.6-202606,False,28,28,0
p004271,pcmag.com,prebid.media.net,request,2.6-202606,False,28,28,0
p004272,pcmag.com,prebid.media.net,request,2.6-202606,False,28,28,0
p004273,pcmag.com,prebid.media.net,request,2.6-202606,False,20,20,0
p004274,androidauthority.com,prebid.media.net,request,2.6-202606,False,9,9,0
p004275,androidauthority.com,prebid.media.net,request,2.6-202606,False,9,9,0
p004276,androidauthority.com,prebid.media.net,request,2.6-202606,False,9,9,0
p004277,9to5mac.com,prebid.media.net,request,2.6-202606,False,30,30,0
p004278,9to5mac.com,prebid.media.net,request,2.6-202606,False,9,9,0
p004279,androidauthority.com,prebid.media.net,request,2.6-202606,False,24,24,0
p004280,androidauthority.com,prebid.media.net,request,2.6-202606,False,12,11,1
p004281,androidauthority.com,prebid.media.net,request,2.6-202606,False,24,24,0
p004282,androidauthority.com,prebid.media.net,request,2.6-202606,False,57,56,1
p004283,androidauthority.com,prebid.media.net,request,2.6-202606,False,62,61,1
p004284,9to5mac.com,prebid.media.net,request,2.6-202606,False,30,30,0
p004285,9to5mac.com,prebid.media.net,request,2.6-202606,False,9,9,0
p004286,gamespot.com,prebid.media.net,request,2.6-202606,False,19,19,0
p004287,gamespot.com,prebid.media.net,request,2.6-202606,False,9,9,0
p004288,gamespot.com,prebid.media.net,request,2.6-202606,False,9,9,0
p004289,gamespot.com,prebid.media.net,request,2.6-202606,False,9,9,0
p004290,gamespot.com,prebid.media.net,request,2.6-202606,False,14,14,0
p004291,kotaku.com,prebid.media.net,request,2.6-202606,False,13,12,1
p004292,kotaku.com,prebid.media.net,request,2.6-202606,False,13,12,1
p004293,kotaku.com,prebid.media.net,request,2.6-202606,False,13,12,1
p004294,kotaku.com,prebid.media.net,request,2.6-202606,False,13,12,1
p004295,kotaku.com,prebid.media.net,request,2.6-202606,False,13,12,1
p004296,kotaku.com,prebid.media.net,request,2.6-202606,False,13,12,1
p004297,sportingnews.com,prebid.media.net,request,2.6-202606,False,10,10,0
p004298,si.com,prebid.media.net,request,2.6-202606,False,11,10,1
p004299,si.com,prebid.media.net,request,2.6-202606,False,11,10,1
p004300,si.com,prebid.media.net,request,2.6-202606,False,39,39,0
p004301,cbssports.com,prebid.media.net,request,2.6-202606,False,13,12,1
p004302,cbssports.com,prebid.media.net,request,2.6-202606,False,13,12,1
p004303,si.com,prebid.media.net,request,2.6-202606,False,11,10,1
p004304,bleacherreport.com,prebid.media.net,request,2.6-202606,False,8,8,0
p004305,bleacherreport.com,prebid.media.net,request,2.6-202606,False,12,12,0
p004306,bleacherreport.com,prebid.media.net,request,2.6-202606,False,12,12,0
p004307,bleacherreport.com,prebid.media.net,request,2.6-202606,False,12,12,0
p004308,bleacherreport.com,prebid.media.net,request,2.6-202606,False,16,16,0
p004309,bleacherreport.com,prebid.media.net,request,2.6-202606,False,16,16,0
p004310,bleacherreport.com,prebid.media.net,request,2.6-202606,False,20,20,0
p004311,bleacherreport.com,prebid.media.net,request,2.6-202606,False,20,20,0
p004312,cbssports.com,prebid.media.net,request,2.6-202606,False,13,12,1
p004313,talksport.com,prebid.media.net,request,2.6-202606,False,9,9,0
p004314,talksport.com,prebid.media.net,request,2.6-202606,False,41,41,0
p004315,talksport.com,prebid.media.net,request,2.6-202606,False,13,13,0
p004316,talksport.com,prebid.media.net,request,2.6-202606,False,13,13,0
p004317,talksport.com,prebid.media.net,request,2.6-202606,False,13,13,0
p004318,talksport.com,prebid.media.net,request,2.6-202606,False,13,13,0
p004319,bleacherreport.com,prebid.media.net,request,2.6-202606,False,8,8,0
p004320,bleacherreport.com,prebid.media.net,request,2.6-202606,False,12,12,0
p004321,bleacherreport.com,prebid.media.net,request,2.6-202606,False,16,16,0
p004322,bleacherreport.com,prebid.media.net,request,2.6-202606,False,16,16,0
p004323,bleacherreport.com,prebid.media.net,request,2.6-202606,False,16,16,0
p004324,bleacherreport.com,prebid.media.net,request,2.6-202606,False,16,16,0
p004325,bleacherreport.com,prebid.media.net,request,2.6-202606,False,16,16,0
p004326,bleacherreport.com,prebid.media.net,request,2.6-202606,False,20,20,0
p004327,bleacherreport.com,prebid.media.net,request,2.6-202606,False,16,16,0
p004328,bleacherreport.com,prebid.media.net,request,2.6-202606,False,20,20,0
p004329,bleacherreport.com,prebid.media.net,request,2.6-202606,False,20,20,0
p004330,talksport.com,prebid.media.net,request,2.6-202606,False,9,9,0
p004331,talksport.com,prebid.media.net,request,2.6-202606,False,53,53,0
p004332,talksport.com,prebid.media.net,request,2.6-202606,False,9,9,0
p004333,talksport.com,prebid.media.net,request,2.6-202606,False,9,9,0
p004334,talksport.com,prebid.media.net,request,2.6-202606,False,21,21,0
p004335,talksport.com,prebid.media.net,request,2.6-202606,False,13,13,0
p004336,talksport.com,prebid.media.net,request,2.6-202606,False,13,13,0
p004337,talksport.com,prebid.media.net,request,2.6-202606,False,13,13,0
p004338,weather.com,prebid.media.net,request,2.6-202606,False,13,12,1
p004339,weather.com,prebid.media.net,request,2.6-202606,False,13,12,1
p004340,weather.com,prebid.media.net,request,2.6-202606,False,13,12,1
p004341,weather.com,prebid.media.net,request,2.6-202606,False,13,12,1
p004342,weather.com,prebid.media.net,request,2.6-202606,False,13,12,1
p004343,weather.com,prebid.media.net,request,2.6-202606,False,13,12,1
p004344,foodnetwork.com,prebid.media.net,request,2.6-202606,False,8,8,0
p004345,foodnetwork.com,prebid.media.net,request,2.6-202606,False,12,12,0
p004346,tasteofhome.com,prebid.media.net,request,2.6-202606,False,8,8,0
p004347,tasteofhome.com,prebid.media.net,request,2.6-202606,False,8,8,0
p004348,tasteofhome.com,prebid.media.net,request,2.6-202606,False,9,9,0
p004349,tasteofhome.com,prebid.media.net,request,2.6-202606,False,8,8,0
p004350,tasteofhome.com,prebid.media.net,request,2.6-202606,False,8,8,0
p004351,tasteofhome.com,prebid.media.net,request,2.6-202606,False,9,9,0
p004352,healthline.com,prebid.media.net,request,2.6-202606,False,9,9,0
p004353,webmd.com,prebid.media.net,request,2.6-202606,False,8,8,0
p004354,webmd.com,prebid.media.net,request,2.6-202606,False,8,8,0
p004355,webmd.com,prebid.media.net,request,2.6-202606,False,8,8,0
p004356,webmd.com,prebid.media.net,request,2.6-202606,False,8,8,0
p004357,webmd.com,prebid.media.net,request,2.6-202606,False,8,8,0
p004358,webmd.com,prebid.media.net,request,2.6-202606,False,8,8,0
p004359,webmd.com,prebid.media.net,request,2.6-202606,False,8,8,0
p004360,webmd.com,prebid.media.net,request,2.6-202606,False,8,8,0
p004361,webmd.com,prebid.media.net,request,2.6-202606,False,8,8,0
p004362,webmd.com,prebid.media.net,request,2.6-202606,False,8,8,0
p004363,webmd.com,prebid.media.net,request,2.6-202606,False,8,8,0
p004364,webmd.com,prebid.media.net,request,2.6-202606,False,8,8,0
p004365,webmd.com,prebid.media.net,request,2.6-202606,False,8,8,0
p004366,webmd.com,prebid.media.net,request,2.6-202606,False,8,8,0
p004367,webmd.com,prebid.media.net,request,2.6-202606,False,8,8,0
p004368,webmd.com,prebid.media.net,request,2.6-202606,False,8,8,0
p004369,webmd.com,prebid.media.net,request,2.6-202606,False,8,8,0
p004370,webmd.com,prebid.media.net,request,2.6-202606,False,8,8,0
p004371,webmd.com,prebid.media.net,request,2.6-202606,False,8,8,0
p004372,webmd.com,prebid.media.net,request,2.6-202606,False,8,8,0
p004373,webmd.com,prebid.media.net,request,2.6-202606,False,8,8,0
p004374,webmd.com,prebid.media.net,request,2.6-202606,False,8,8,0
p004375,tmz.com,prebid.media.net,request,2.6-202606,False,13,12,1
p004376,tmz.com,prebid.media.net,request,2.6-202606,False,13,12,1
p004377,tmz.com,prebid.media.net,request,2.6-202606,False,13,12,1
p004378,eonline.com,prebid.media.net,request,2.6-202606,False,13,12,1
p004379,eonline.com,prebid.media.net,request,2.6-202606,False,13,12,1
p004380,eonline.com,prebid.media.net,request,2.6-202606,False,14,13,1
p004381,eonline.com,prebid.media.net,request,2.6-202606,False,14,13,1
p004382,eonline.com,prebid.media.net,request,2.6-202606,False,14,13,1
p004383,eonline.com,prebid.media.net,request,2.6-202606,False,14,13,1
p004384,eonline.com,prebid.media.net,request,2.6-202606,False,14,13,1
p004385,eonline.com,prebid.media.net,request,2.6-202606,False,14,13,1
p004386,eonline.com,prebid.media.net,request,2.6-202606,False,14,13,1
p004387,hollywoodreporter.com,prebid.media.net,request,2.6-202606,False,13,12,1
p004388,billboard.com,prebid.media.net,request,2.6-202606,False,13,12,1
p004389,billboard.com,prebid.media.net,request,2.6-202606,False,13,12,1
p004390,thrillist.com,prebid.media.net,request,2.6-202606,False,13,12,1
p004391,thrillist.com,prebid.media.net,request,2.6-202606,False,13,12,1
p004392,thrillist.com,prebid.media.net,request,2.6-202606,False,13,12,1
p004393,boredpanda.com,prebid.media.net,request,2.6-202606,False,19,19,0
p004394,boredpanda.com,prebid.media.net,request,2.6-202606,False,9,9,0
p004395,distractify.com,prebid.media.net,request,2.6-202606,False,13,12,1
p004396,distractify.com,prebid.media.net,request,2.6-202606,False,9,9,0
p004397,distractify.com,prebid.media.net,request,2.6-202606,False,13,12,1
p004398,distractify.com,prebid.media.net,request,2.6-202606,False,14,14,0
p004399,distractify.com,prebid.media.net,request,2.6-202606,False,13,12,1
p004400,buzzfeed.com,prebid.media.net,request,2.6-202606,False,13,12,1
p004401,buzzfeed.com,prebid.media.net,request,2.6-202606,False,13,12,1
p004402,buzzfeed.com,prebid.media.net,request,2.6-202606,False,13,12,1
p004403,sfgate.com,prebid.media.net,request,2.6-202606,False,11,10,1
p004404,sfgate.com,prebid.media.net,request,2.6-202606,False,11,10,1
p004405,salon.com,prebid.production.adthrive.com,request,2.6-202606,True,0,0,0
p004406,salon.com,prebid.production.adthrive.com,request,2.6-202606,True,0,0,0
p004407,salon.com,prebid.production.adthrive.com,request,2.6-202606,True,0,0,0
p004408,salon.com,prebid.production.adthrive.com,request,2.6-202606,True,0,0,0
p004409,salon.com,prebid.production.adthrive.com,request,2.6-202606,True,0,0,0
p004410,salon.com,prebid.production.adthrive.com,request,2.6-202606,False,2,1,1
p004411,salon.com,prebid.production.adthrive.com,request,2.6-202606,True,0,0,0
p004412,salon.com,prebid.production.adthrive.com,request,2.6-202606,False,4,2,2
p004413,salon.com,prebid.production.adthrive.com,request,2.6-202606,True,0,0,0
p004414,salon.com,prebid.production.adthrive.com,request,2.6-202606,True,0,0,0
p004415,salon.com,prebid.production.adthrive.com,request,2.6-202606,True,0,0,0
p004416,salon.com,prebid.production.adthrive.com,request,2.6-202606,True,0,0,0
p004417,salon.com,prebid.production.adthrive.com,request,2.6-202606,True,0,0,0
p004418,salon.com,prebid.production.adthrive.com,request,2.6-202606,False,2,1,1
p004419,salon.com,prebid.production.adthrive.com,request,2.6-202606,False,2,1,1
p004420,salon.com,prebid.production.adthrive.com,request,2.6-202606,True,0,0,0
p004421,salon.com,prebid.production.adthrive.com,request,2.6-202606,False,2,1,1
p004422,salon.com,prebid.production.adthrive.com,request,2.6-202606,False,2,1,1
p004423,salon.com,prebid.production.adthrive.com,request,2.6-202606,False,2,1,1
p004424,engadget.com,prebid.production.adthrive.com,request,2.6-202606,True,0,0,0
p004425,engadget.com,prebid.production.adthrive.com,request,2.6-202606,False,2,1,1
p004426,engadget.com,prebid.production.adthrive.com,request,2.6-202606,False,2,1,1
p004427,engadget.com,prebid.production.adthrive.com,request,2.6-202606,True,0,0,0
p004428,engadget.com,prebid.production.adthrive.com,request,2.6-202606,False,2,1,1
p004429,macrumors.com,prebid.production.adthrive.com,request,2.6-202606,True,0,0,0
p004430,macrumors.com,prebid.production.adthrive.com,request,2.6-202606,True,0,0,0
p004431,macrumors.com,prebid.production.adthrive.com,request,2.6-202606,False,4,2,2
p004432,macrumors.com,prebid.production.adthrive.com,request,2.6-202606,True,0,0,0
p004433,macrumors.com,prebid.production.adthrive.com,request,2.6-202606,True,0,0,0
p004434,macrumors.com,prebid.production.adthrive.com,request,2.6-202606,True,0,0,0
p004435,macrumors.com,prebid.production.adthrive.com,request,2.6-202606,True,0,0,0
p004436,macrumors.com,prebid.production.adthrive.com,request,2.6-202606,True,0,0,0
p004437,macrumors.com,prebid.production.adthrive.com,request,2.6-202606,True,0,0,0
p004438,macrumors.com,prebid.production.adthrive.com,request,2.6-202606,True,0,0,0
p004439,macrumors.com,prebid.production.adthrive.com,request,2.6-202606,True,0,0,0
p004440,macrumors.com,prebid.production.adthrive.com,request,2.6-202606,True,0,0,0
p004441,macrumors.com,prebid.production.adthrive.com,request,2.6-202606,True,0,0,0
p004442,macrumors.com,prebid.production.adthrive.com,request,2.6-202606,True,0,0,0
p004443,macrumors.com,prebid.production.adthrive.com,request,2.6-202606,False,4,2,2
p004444,macrumors.com,prebid.production.adthrive.com,request,2.6-202606,True,0,0,0
p004445,macrumors.com,prebid.production.adthrive.com,request,2.6-202606,True,0,0,0
p004446,macrumors.com,prebid.production.adthrive.com,request,2.6-202606,True,0,0,0
p004447,macrumors.com,prebid.production.adthrive.com,request,2.6-202606,True,0,0,0
p004448,macrumors.com,prebid.production.adthrive.com,request,2.6-202606,True,0,0,0
p004449,macrumors.com,prebid.production.adthrive.com,request,2.6-202606,True,0,0,0
p004450,macrumors.com,prebid.production.adthrive.com,request,2.6-202606,True,0,0,0
p004451,macrumors.com,prebid.production.adthrive.com,request,2.6-202606,True,0,0,0
p004452,benzinga.com,prebid.production.adthrive.com,request,2.6-202606,True,0,0,0
p004453,benzinga.com,prebid.production.adthrive.com,request,2.6-202606,True,0,0,0
p004454,stereogum.com,prebid.production.adthrive.com,request,2.6-202606,True,0,0,0
p004455,stereogum.com,prebid.production.adthrive.com,request,2.6-202606,False,4,2,2
p004456,ranker.com,prebid.production.adthrive.com,request,2.6-202606,True,0,0,0
p004457,grunge.com,prebid.production.adthrive.com,request,2.6-202606,True,0,0,0
p004458,ranker.com,prebid.production.adthrive.com,request,2.6-202606,True,0,0,0
p004459,ranker.com,prebid.production.adthrive.com,request,2.6-202606,True,0,0,0
p004460,ranker.com,prebid.production.adthrive.com,request,2.6-202606,False,4,2,2
p004461,ranker.com,prebid.production.adthrive.com,request,2.6-202606,True,0,0,0
p004462,ranker.com,prebid.production.adthrive.com,request,2.6-202606,True,0,0,0
p004463,ranker.com,prebid.production.adthrive.com,request,2.6-202606,False,2,1,1
p004464,ranker.com,prebid.production.adthrive.com,request,2.6-202606,False,2,1,1
p004465,grunge.com,prebid.production.adthrive.com,request,2.6-202606,True,0,0,0
p004466,grunge.com,prebid.production.adthrive.com,request,2.6-202606,False,2,1,1
p004467,grunge.com,prebid.production.adthrive.com,request,2.6-202606,False,4,2,2
p004468,grunge.com,prebid.production.adthrive.com,request,2.6-202606,True,0,0,0
p004469,grunge.com,prebid.production.adthrive.com,request,2.6-202606,True,0,0,0
p004470,grunge.com,prebid.production.adthrive.com,request,2.6-202606,True,0,0,0
p004471,grunge.com,prebid.production.adthrive.com,request,2.6-202606,True,0,0,0
p004472,grunge.com,prebid.production.adthrive.com,request,2.6-202606,True,0,0,0
p004473,ranker.com,prebid.production.adthrive.com,request,2.6-202606,False,2,1,1
p004474,grunge.com,prebid.production.adthrive.com,request,2.6-202606,True,0,0,0
p004475,grunge.com,prebid.production.adthrive.com,request,2.6-202606,True,0,0,0
p004476,grunge.com,prebid.production.adthrive.com,request,2.6-202606,True,0,0,0
p004477,ranker.com,prebid.production.adthrive.com,request,2.6-202606,False,2,1,1
p004478,ranker.com,prebid.production.adthrive.com,request,2.6-202606,False,2,1,1
p004479,ranker.com,prebid.production.adthrive.com,request,2.6-202606,False,2,1,1
p004480,grunge.com,prebid.production.adthrive.com,request,2.6-202606,False,2,1,1
p004481,slashfilm.com,prebid.production.adthrive.com,request,2.6-202606,True,0,0,0
p004482,slashfilm.com,prebid.production.adthrive.com,request,2.6-202606,True,0,0,0
p004483,slashfilm.com,prebid.production.adthrive.com,request,2.6-202606,False,2,1,1
p004484,mashed.com,prebid.production.adthrive.com,request,2.6-202606,True,0,0,0
p004485,mashed.com,prebid.production.adthrive.com,request,2.6-202606,False,2,1,1
p004486,slashfilm.com,prebid.production.adthrive.com,request,2.6-202606,False,2,1,1
p004487,salon.com,prebid.production.adthrive.com,response,2.6-202606,True,0,0,0
p004488,salon.com,prebid.production.adthrive.com,response,2.6-202606,True,0,0,0
p004489,salon.com,prebid.production.adthrive.com,response,2.6-202606,True,0,0,0
p004490,salon.com,prebid.production.adthrive.com,response,2.6-202606,True,0,0,0
p004491,salon.com,prebid.production.adthrive.com,response,2.6-202606,True,0,0,0
p004492,salon.com,prebid.production.adthrive.com,response,2.6-202606,True,0,0,0
p004493,salon.com,prebid.production.adthrive.com,response,2.6-202606,True,0,0,0
p004494,salon.com,prebid.production.adthrive.com,response,2.6-202606,True,0,0,0
p004495,salon.com,prebid.production.adthrive.com,response,2.6-202606,True,0,0,0
p004496,salon.com,prebid.production.adthrive.com,response,2.6-202606,True,0,0,0
p004497,salon.com,prebid.production.adthrive.com,response,2.6-202606,True,0,0,0
p004498,salon.com,prebid.production.adthrive.com,response,2.6-202606,True,0,0,0
p004499,salon.com,prebid.production.adthrive.com,response,2.6-202606,True,0,0,0
p004500,salon.com,prebid.production.adthrive.com,response,2.6-202606,True,0,0,0
p004501,salon.com,prebid.production.adthrive.com,response,2.6-202606,True,0,0,0
p004502,salon.com,prebid.production.adthrive.com,response,2.6-202606,True,0,0,0
p004503,salon.com,prebid.production.adthrive.com,response,2.6-202606,True,0,0,0
p004504,salon.com,prebid.production.adthrive.com,response,2.6-202606,True,0,0,0
p004505,salon.com,prebid.production.adthrive.com,response,2.6-202606,True,0,0,0
p004506,engadget.com,prebid.production.adthrive.com,response,2.6-202606,True,2,0,2
p004507,engadget.com,prebid.production.adthrive.com,response,2.6-202606,True,2,0,2
p004508,engadget.com,prebid.production.adthrive.com,response,2.6-202606,True,4,0,4
p004509,engadget.com,prebid.production.adthrive.com,response,2.6-202606,True,1,0,1
p004510,engadget.com,prebid.production.adthrive.com,response,2.6-202606,True,1,0,1
p004511,macrumors.com,prebid.production.adthrive.com,response,2.6-202606,True,0,0,0
p004512,macrumors.com,prebid.production.adthrive.com,response,2.6-202606,True,0,0,0
p004513,macrumors.com,prebid.production.adthrive.com,response,2.6-202606,True,0,0,0
p004514,macrumors.com,prebid.production.adthrive.com,response,2.6-202606,True,1,0,1
p004515,macrumors.com,prebid.production.adthrive.com,response,2.6-202606,True,0,0,0
p004516,macrumors.com,prebid.production.adthrive.com,response,2.6-202606,True,1,0,1
p004517,macrumors.com,prebid.production.adthrive.com,response,2.6-202606,True,0,0,0
p004518,macrumors.com,prebid.production.adthrive.com,response,2.6-202606,True,0,0,0
p004519,macrumors.com,prebid.production.adthrive.com,response,2.6-202606,True,1,0,1
p004520,macrumors.com,prebid.production.adthrive.com,response,2.6-202606,True,0,0,0
p004521,macrumors.com,prebid.production.adthrive.com,response,2.6-202606,True,0,0,0
p004522,macrumors.com,prebid.production.adthrive.com,response,2.6-202606,True,0,0,0
p004523,macrumors.com,prebid.production.adthrive.com,response,2.6-202606,True,0,0,0
p004524,macrumors.com,prebid.production.adthrive.com,response,2.6-202606,True,0,0,0
p004525,macrumors.com,prebid.production.adthrive.com,response,2.6-202606,True,0,0,0
p004526,macrumors.com,prebid.production.adthrive.com,response,2.6-202606,True,1,0,1
p004527,macrumors.com,prebid.production.adthrive.com,response,2.6-202606,True,0,0,0
p004528,macrumors.com,prebid.production.adthrive.com,response,2.6-202606,True,0,0,0
p004529,macrumors.com,prebid.production.adthrive.com,response,2.6-202606,True,0,0,0
p004530,macrumors.com,prebid.production.adthrive.com,response,2.6-202606,True,0,0,0
p004531,macrumors.com,prebid.production.adthrive.com,response,2.6-202606,True,0,0,0
p004532,macrumors.com,prebid.production.adthrive.com,response,2.6-202606,True,0,0,0
p004533,macrumors.com,prebid.production.adthrive.com,response,2.6-202606,True,0,0,0
p004534,benzinga.com,prebid.production.adthrive.com,response,2.6-202606,True,0,0,0
p004535,benzinga.com,prebid.production.adthrive.com,response,2.6-202606,True,1,0,1
p004536,stereogum.com,prebid.production.adthrive.com,response,2.6-202606,True,0,0,0
p004537,stereogum.com,prebid.production.adthrive.com,response,2.6-202606,True,0,0,0
p004538,ranker.com,prebid.production.adthrive.com,response,2.6-202606,True,0,0,0
p004539,grunge.com,prebid.production.adthrive.com,response,2.6-202606,True,0,0,0
p004540,ranker.com,prebid.production.adthrive.com,response,2.6-202606,True,0,0,0
p004541,ranker.com,prebid.production.adthrive.com,response,2.6-202606,True,1,0,1
p004542,ranker.com,prebid.production.adthrive.com,response,2.6-202606,True,0,0,0
p004543,ranker.com,prebid.production.adthrive.com,response,2.6-202606,True,0,0,0
p004544,ranker.com,prebid.production.adthrive.com,response,2.6-202606,True,0,0,0
p004545,ranker.com,prebid.production.adthrive.com,response,2.6-202606,True,0,0,0
p004546,ranker.com,prebid.production.adthrive.com,response,2.6-202606,True,0,0,0
p004547,grunge.com,prebid.production.adthrive.com,response,2.6-202606,True,0,0,0
p004548,grunge.com,prebid.production.adthrive.com,response,2.6-202606,True,1,0,1
p004549,grunge.com,prebid.production.adthrive.com,response,2.6-202606,True,2,0,2
p004550,grunge.com,prebid.production.adthrive.com,response,2.6-202606,True,0,0,0
p004551,grunge.com,prebid.production.adthrive.com,response,2.6-202606,True,0,0,0
p004552,grunge.com,prebid.production.adthrive.com,response,2.6-202606,True,0,0,0
p004553,ranker.com,prebid.production.adthrive.com,response,2.6-202606,True,0,0,0
p004554,grunge.com,prebid.production.adthrive.com,response,2.6-202606,True,0,0,0
p004555,grunge.com,prebid.production.adthrive.com,response,2.6-202606,True,0,0,0
p004556,grunge.com,prebid.production.adthrive.com,response,2.6-202606,True,0,0,0
p004557,grunge.com,prebid.production.adthrive.com,response,2.6-202606,True,0,0,0
p004558,ranker.com,prebid.production.adthrive.com,response,2.6-202606,True,0,0,0
p004559,grunge.com,prebid.production.adthrive.com,response,2.6-202606,True,0,0,0
p004560,ranker.com,prebid.production.adthrive.com,response,2.6-202606,True,0,0,0
p004561,ranker.com,prebid.production.adthrive.com,response,2.6-202606,True,0,0,0
p004562,grunge.com,prebid.production.adthrive.com,response,2.6-202606,True,3,0,3
p004563,slashfilm.com,prebid.production.adthrive.com,response,2.6-202606,True,0,0,0
p004564,slashfilm.com,prebid.production.adthrive.com,response,2.6-202606,True,0,0,0
p004565,slashfilm.com,prebid.production.adthrive.com,response,2.6-202606,True,1,0,1
p004566,mashed.com,prebid.production.adthrive.com,response,2.6-202606,True,2,0,2
p004567,mashed.com,prebid.production.adthrive.com,response,2.6-202606,True,0,0,0
p004568,slashfilm.com,prebid.production.adthrive.com,response,2.6-202606,True,1,0,1
p004569,salon.com,prebid2.production.adthrive.com,request,2.6-202606,True,0,0,0
p004570,salon.com,prebid2.production.adthrive.com,request,2.6-202606,True,0,0,0
p004571,salon.com,prebid2.production.adthrive.com,request,2.6-202606,True,0,0,0
p004572,salon.com,prebid2.production.adthrive.com,request,2.6-202606,True,0,0,0
p004573,salon.com,prebid2.production.adthrive.com,request,2.6-202606,True,0,0,0
p004574,salon.com,prebid2.production.adthrive.com,request,2.6-202606,False,2,1,1
p004575,salon.com,prebid2.production.adthrive.com,request,2.6-202606,True,0,0,0
p004576,salon.com,prebid2.production.adthrive.com,request,2.6-202606,False,6,3,3
p004577,salon.com,prebid2.production.adthrive.com,request,2.6-202606,True,0,0,0
p004578,salon.com,prebid2.production.adthrive.com,request,2.6-202606,True,0,0,0
p004579,salon.com,prebid2.production.adthrive.com,request,2.6-202606,True,0,0,0
p004580,salon.com,prebid2.production.adthrive.com,request,2.6-202606,True,0,0,0
p004581,salon.com,prebid2.production.adthrive.com,request,2.6-202606,True,0,0,0
p004582,salon.com,prebid2.production.adthrive.com,request,2.6-202606,False,2,1,1
p004583,salon.com,prebid2.production.adthrive.com,request,2.6-202606,False,2,1,1
p004584,salon.com,prebid2.production.adthrive.com,request,2.6-202606,True,0,0,0
p004585,salon.com,prebid2.production.adthrive.com,request,2.6-202606,False,2,1,1
p004586,salon.com,prebid2.production.adthrive.com,request,2.6-202606,False,2,1,1
p004587,salon.com,prebid2.production.adthrive.com,request,2.6-202606,False,2,1,1
p004588,engadget.com,prebid2.production.adthrive.com,request,2.6-202606,True,0,0,0
p004589,engadget.com,prebid2.production.adthrive.com,request,2.6-202606,False,2,1,1
p004590,engadget.com,prebid2.production.adthrive.com,request,2.6-202606,False,2,1,1
p004591,engadget.com,prebid2.production.adthrive.com,request,2.6-202606,True,0,0,0
p004592,engadget.com,prebid2.production.adthrive.com,request,2.6-202606,False,2,1,1
p004593,macrumors.com,prebid2.production.adthrive.com,request,2.6-202606,True,0,0,0
p004594,macrumors.com,prebid2.production.adthrive.com,request,2.6-202606,True,0,0,0
p004595,macrumors.com,prebid2.production.adthrive.com,request,2.6-202606,False,6,3,3
p004596,macrumors.com,prebid2.production.adthrive.com,request,2.6-202606,True,0,0,0
p004597,macrumors.com,prebid2.production.adthrive.com,request,2.6-202606,True,0,0,0
p004598,macrumors.com,prebid2.production.adthrive.com,request,2.6-202606,True,0,0,0
p004599,macrumors.com,prebid2.production.adthrive.com,request,2.6-202606,True,0,0,0
p004600,macrumors.com,prebid2.production.adthrive.com,request,2.6-202606,True,0,0,0
p004601,macrumors.com,prebid2.production.adthrive.com,request,2.6-202606,True,0,0,0
p004602,macrumors.com,prebid2.production.adthrive.com,request,2.6-202606,True,0,0,0
p004603,macrumors.com,prebid2.production.adthrive.com,request,2.6-202606,True,0,0,0
p004604,macrumors.com,prebid2.production.adthrive.com,request,2.6-202606,True,0,0,0
p004605,macrumors.com,prebid2.production.adthrive.com,request,2.6-202606,True,0,0,0
p004606,macrumors.com,prebid2.production.adthrive.com,request,2.6-202606,True,0,0,0
p004607,macrumors.com,prebid2.production.adthrive.com,request,2.6-202606,False,6,3,3
p004608,macrumors.com,prebid2.production.adthrive.com,request,2.6-202606,True,0,0,0
p004609,macrumors.com,prebid2.production.adthrive.com,request,2.6-202606,True,0,0,0
p004610,macrumors.com,prebid2.production.adthrive.com,request,2.6-202606,True,0,0,0
p004611,macrumors.com,prebid2.production.adthrive.com,request,2.6-202606,True,0,0,0
p004612,macrumors.com,prebid2.production.adthrive.com,request,2.6-202606,True,0,0,0
p004613,macrumors.com,prebid2.production.adthrive.com,request,2.6-202606,True,0,0,0
p004614,macrumors.com,prebid2.production.adthrive.com,request,2.6-202606,True,0,0,0
p004615,macrumors.com,prebid2.production.adthrive.com,request,2.6-202606,True,0,0,0
p004616,benzinga.com,prebid2.production.adthrive.com,request,2.6-202606,True,0,0,0
p004617,benzinga.com,prebid2.production.adthrive.com,request,2.6-202606,True,0,0,0
p004618,stereogum.com,prebid2.production.adthrive.com,request,2.6-202606,True,0,0,0
p004619,stereogum.com,prebid2.production.adthrive.com,request,2.6-202606,False,6,3,3
p004620,stereogum.com,prebid2.production.adthrive.com,request,2.6-202606,True,0,0,0
p004621,stereogum.com,prebid2.production.adthrive.com,request,2.6-202606,False,2,1,1
p004622,ranker.com,prebid2.production.adthrive.com,request,2.6-202606,True,0,0,0
p004623,grunge.com,prebid2.production.adthrive.com,request,2.6-202606,True,0,0,0
p004624,ranker.com,prebid2.production.adthrive.com,request,2.6-202606,True,0,0,0
p004625,ranker.com,prebid2.production.adthrive.com,request,2.6-202606,True,0,0,0
p004626,ranker.com,prebid2.production.adthrive.com,request,2.6-202606,False,6,3,3
p004627,ranker.com,prebid2.production.adthrive.com,request,2.6-202606,True,0,0,0
p004628,ranker.com,prebid2.production.adthrive.com,request,2.6-202606,True,0,0,0
p004629,ranker.com,prebid2.production.adthrive.com,request,2.6-202606,False,2,1,1
p004630,ranker.com,prebid2.production.adthrive.com,request,2.6-202606,False,2,1,1
p004631,grunge.com,prebid2.production.adthrive.com,request,2.6-202606,True,0,0,0
p004632,grunge.com,prebid2.production.adthrive.com,request,2.6-202606,False,2,1,1
p004633,grunge.com,prebid2.production.adthrive.com,request,2.6-202606,False,6,3,3
p004634,grunge.com,prebid2.production.adthrive.com,request,2.6-202606,True,0,0,0
p004635,grunge.com,prebid2.production.adthrive.com,request,2.6-202606,True,0,0,0
p004636,grunge.com,prebid2.production.adthrive.com,request,2.6-202606,True,0,0,0
p004637,grunge.com,prebid2.production.adthrive.com,request,2.6-202606,True,0,0,0
p004638,grunge.com,prebid2.production.adthrive.com,request,2.6-202606,True,0,0,0
p004639,ranker.com,prebid2.production.adthrive.com,request,2.6-202606,False,2,1,1
p004640,grunge.com,prebid2.production.adthrive.com,request,2.6-202606,True,0,0,0
p004641,grunge.com,prebid2.production.adthrive.com,request,2.6-202606,True,0,0,0
p004642,grunge.com,prebid2.production.adthrive.com,request,2.6-202606,True,0,0,0
p004643,ranker.com,prebid2.production.adthrive.com,request,2.6-202606,False,2,1,1
p004644,ranker.com,prebid2.production.adthrive.com,request,2.6-202606,False,2,1,1
p004645,ranker.com,prebid2.production.adthrive.com,request,2.6-202606,False,2,1,1
p004646,grunge.com,prebid2.production.adthrive.com,request,2.6-202606,False,2,1,1
p004647,slashfilm.com,prebid2.production.adthrive.com,request,2.6-202606,True,0,0,0
p004648,slashfilm.com,prebid2.production.adthrive.com,request,2.6-202606,True,0,0,0
p004649,slashfilm.com,prebid2.production.adthrive.com,request,2.6-202606,False,2,1,1
p004650,mashed.com,prebid2.production.adthrive.com,request,2.6-202606,True,0,0,0
p004651,mashed.com,prebid2.production.adthrive.com,request,2.6-202606,False,2,1,1
p004652,slashfilm.com,prebid2.production.adthrive.com,request,2.6-202606,False,2,1,1
p004653,salon.com,prebid2.production.adthrive.com,response,2.6-202606,True,0,0,0
p004654,salon.com,prebid2.production.adthrive.com,response,2.6-202606,True,0,0,0
p004655,salon.com,prebid2.production.adthrive.com,response,2.6-202606,True,0,0,0
p004656,salon.com,prebid2.production.adthrive.com,response,2.6-202606,True,0,0,0
p004657,salon.com,prebid2.production.adthrive.com,response,2.6-202606,True,0,0,0
p004658,salon.com,prebid2.production.adthrive.com,response,2.6-202606,True,0,0,0
p004659,salon.com,prebid2.production.adthrive.com,response,2.6-202606,True,0,0,0
p004660,salon.com,prebid2.production.adthrive.com,response,2.6-202606,True,0,0,0
p004661,salon.com,prebid2.production.adthrive.com,response,2.6-202606,True,0,0,0
p004662,salon.com,prebid2.production.adthrive.com,response,2.6-202606,True,0,0,0
p004663,salon.com,prebid2.production.adthrive.com,response,2.6-202606,True,0,0,0
p004664,salon.com,prebid2.production.adthrive.com,response,2.6-202606,True,0,0,0
p004665,salon.com,prebid2.production.adthrive.com,response,2.6-202606,True,0,0,0
p004666,salon.com,prebid2.production.adthrive.com,response,2.6-202606,True,0,0,0
p004667,salon.com,prebid2.production.adthrive.com,response,2.6-202606,True,0,0,0
p004668,salon.com,prebid2.production.adthrive.com,response,2.6-202606,True,0,0,0
p004669,salon.com,prebid2.production.adthrive.com,response,2.6-202606,True,0,0,0
p004670,salon.com,prebid2.production.adthrive.com,response,2.6-202606,True,0,0,0
p004671,salon.com,prebid2.production.adthrive.com,response,2.6-202606,True,0,0,0
p004672,engadget.com,prebid2.production.adthrive.com,response,2.6-202606,True,0,0,0
p004673,engadget.com,prebid2.production.adthrive.com,response,2.6-202606,True,0,0,0
p004674,engadget.com,prebid2.production.adthrive.com,response,2.6-202606,True,0,0,0
p004675,engadget.com,prebid2.production.adthrive.com,response,2.6-202606,True,0,0,0
p004676,engadget.com,prebid2.production.adthrive.com,response,2.6-202606,True,0,0,0
p004677,macrumors.com,prebid2.production.adthrive.com,response,2.6-202606,True,0,0,0
p004678,macrumors.com,prebid2.production.adthrive.com,response,2.6-202606,True,0,0,0
p004679,macrumors.com,prebid2.production.adthrive.com,response,2.6-202606,True,0,0,0
p004680,macrumors.com,prebid2.production.adthrive.com,response,2.6-202606,True,0,0,0
p004681,macrumors.com,prebid2.production.adthrive.com,response,2.6-202606,True,0,0,0
p004682,macrumors.com,prebid2.production.adthrive.com,response,2.6-202606,True,0,0,0
p004683,macrumors.com,prebid2.production.adthrive.com,response,2.6-202606,True,0,0,0
p004684,macrumors.com,prebid2.production.adthrive.com,response,2.6-202606,True,0,0,0
p004685,macrumors.com,prebid2.production.adthrive.com,response,2.6-202606,True,0,0,0
p004686,macrumors.com,prebid2.production.adthrive.com,response,2.6-202606,True,0,0,0
p004687,macrumors.com,prebid2.production.adthrive.com,response,2.6-202606,True,0,0,0
p004688,macrumors.com,prebid2.production.adthrive.com,response,2.6-202606,True,0,0,0
p004689,macrumors.com,prebid2.production.adthrive.com,response,2.6-202606,True,0,0,0
p004690,macrumors.com,prebid2.production.adthrive.com,response,2.6-202606,True,0,0,0
p004691,macrumors.com,prebid2.production.adthrive.com,response,2.6-202606,True,0,0,0
p004692,macrumors.com,prebid2.production.adthrive.com,response,2.6-202606,True,0,0,0
p004693,macrumors.com,prebid2.production.adthrive.com,response,2.6-202606,True,0,0,0
p004694,macrumors.com,prebid2.production.adthrive.com,response,2.6-202606,True,0,0,0
p004695,macrumors.com,prebid2.production.adthrive.com,response,2.6-202606,True,0,0,0
p004696,macrumors.com,prebid2.production.adthrive.com,response,2.6-202606,True,0,0,0
p004697,macrumors.com,prebid2.production.adthrive.com,response,2.6-202606,True,0,0,0
p004698,macrumors.com,prebid2.production.adthrive.com,response,2.6-202606,True,1,0,1
p004699,macrumors.com,prebid2.production.adthrive.com,response,2.6-202606,True,0,0,0
p004700,benzinga.com,prebid2.production.adthrive.com,response,2.6-202606,True,0,0,0
p004701,benzinga.com,prebid2.production.adthrive.com,response,2.6-202606,True,0,0,0
p004702,stereogum.com,prebid2.production.adthrive.com,response,2.6-202606,True,0,0,0
p004703,stereogum.com,prebid2.production.adthrive.com,response,2.6-202606,True,0,0,0
p004704,stereogum.com,prebid2.production.adthrive.com,response,2.6-202606,True,2,0,2
p004705,stereogum.com,prebid2.production.adthrive.com,response,2.6-202606,True,1,0,1
p004706,ranker.com,prebid2.production.adthrive.com,response,2.6-202606,True,0,0,0
p004707,grunge.com,prebid2.production.adthrive.com,response,2.6-202606,True,0,0,0
p004708,ranker.com,prebid2.production.adthrive.com,response,2.6-202606,True,0,0,0
p004709,ranker.com,prebid2.production.adthrive.com,response,2.6-202606,True,0,0,0
p004710,ranker.com,prebid2.production.adthrive.com,response,2.6-202606,True,0,0,0
p004711,ranker.com,prebid2.production.adthrive.com,response,2.6-202606,True,0,0,0
p004712,ranker.com,prebid2.production.adthrive.com,response,2.6-202606,True,0,0,0
p004713,ranker.com,prebid2.production.adthrive.com,response,2.6-202606,True,0,0,0
p004714,ranker.com,prebid2.production.adthrive.com,response,2.6-202606,True,0,0,0
p004715,grunge.com,prebid2.production.adthrive.com,response,2.6-202606,True,0,0,0
p004716,grunge.com,prebid2.production.adthrive.com,response,2.6-202606,True,0,0,0
p004717,grunge.com,prebid2.production.adthrive.com,response,2.6-202606,True,0,0,0
p004718,grunge.com,prebid2.production.adthrive.com,response,2.6-202606,True,0,0,0
p004719,grunge.com,prebid2.production.adthrive.com,response,2.6-202606,True,0,0,0
p004720,grunge.com,prebid2.production.adthrive.com,response,2.6-202606,True,0,0,0
p004721,grunge.com,prebid2.production.adthrive.com,response,2.6-202606,True,0,0,0
p004722,grunge.com,prebid2.production.adthrive.com,response,2.6-202606,True,0,0,0
p004723,ranker.com,prebid2.production.adthrive.com,response,2.6-202606,True,0,0,0
p004724,grunge.com,prebid2.production.adthrive.com,response,2.6-202606,True,0,0,0
p004725,grunge.com,prebid2.production.adthrive.com,response,2.6-202606,True,0,0,0
p004726,grunge.com,prebid2.production.adthrive.com,response,2.6-202606,True,0,0,0
p004727,ranker.com,prebid2.production.adthrive.com,response,2.6-202606,True,0,0,0
p004728,ranker.com,prebid2.production.adthrive.com,response,2.6-202606,True,0,0,0
p004729,ranker.com,prebid2.production.adthrive.com,response,2.6-202606,True,0,0,0
p004730,grunge.com,prebid2.production.adthrive.com,response,2.6-202606,True,0,0,0
p004731,slashfilm.com,prebid2.production.adthrive.com,response,2.6-202606,True,0,0,0
p004732,slashfilm.com,prebid2.production.adthrive.com,response,2.6-202606,True,0,0,0
p004733,slashfilm.com,prebid2.production.adthrive.com,response,2.6-202606,True,0,0,0
p004734,mashed.com,prebid2.production.adthrive.com,response,2.6-202606,True,0,0,0
p004735,mashed.com,prebid2.production.adthrive.com,response,2.6-202606,True,0,0,0
p004736,slashfilm.com,prebid2.production.adthrive.com,response,2.6-202606,True,0,0,0
p004737,usatoday.com,ps.ex.co,request,2.6-202606,False,8,2,6
p004738,standard.co.uk,ps.ex.co,request,2.6-202606,True,1,0,1
p004739,standard.co.uk,ps.ex.co,request,2.6-202606,True,1,0,1
p004740,usatoday.com,reachms.bfmio.com,request,2.6-202606,False,9,8,1
p004741,usatoday.com,reachms.bfmio.com,request,2.6-202606,False,9,8,1
p004742,usatoday.com,reachms.bfmio.com,request,2.6-202606,False,9,8,1
p004743,nbcnews.com,reachms.bfmio.com,request,2.6-202606,False,9,8,1
p004744,cbsnews.com,reachms.bfmio.com,request,2.6-202606,False,9,8,1
p004745,cbsnews.com,reachms.bfmio.com,request,2.6-202606,False,9,8,1
p004746,nbcnews.com,reachms.bfmio.com,request,2.6-202606,False,9,8,1
p004747,nbcnews.com,reachms.bfmio.com,request,2.6-202606,False,9,8,1
p004748,nbcnews.com,reachms.bfmio.com,request,2.6-202606,False,9,8,1
p004749,cbssports.com,reachms.bfmio.com,request,2.6-202606,False,9,8,1
p004750,cbssports.com,reachms.bfmio.com,request,2.6-202606,False,9,8,1
p004751,eonline.com,reachms.bfmio.com,request,2.6-202606,False,9,8,1
p004752,eonline.com,reachms.bfmio.com,request,2.6-202606,False,9,8,1
p004753,eonline.com,reachms.bfmio.com,request,2.6-202606,False,9,8,1
p004754,eonline.com,reachms.bfmio.com,request,2.6-202606,False,9,8,1
p004755,eonline.com,reachms.bfmio.com,request,2.6-202606,False,9,8,1
p004756,eonline.com,reachms.bfmio.com,request,2.6-202606,False,9,8,1
p004757,eonline.com,reachms.bfmio.com,request,2.6-202606,False,9,8,1
p004758,tastingtable.com,rpbs-iad1-ngf.production.adthrive.com,request,2.6-202606,True,0,0,0
p004759,tastingtable.com,rpbs-iad1-ngf.production.adthrive.com,response,2.6-202606,True,1,0,1
p004760,tastingtable.com,rpbs-sjc1-ngf.production.adthrive.com,request,2.6-202606,True,0,0,0
p004761,tastingtable.com,rpbs-sjc1-ngf.production.adthrive.com,response,2.6-202606,True,0,0,0
p004762,techcrunch.com,rt.marphezis.com,request,2.6-202606,True,0,0,0
p004763,techcrunch.com,rt.marphezis.com,request,2.6-202606,True,0,0,0
p004764,techcrunch.com,rt.marphezis.com,request,2.6-202606,True,0,0,0
p004765,techcrunch.com,rt.marphezis.com,request,2.6-202606,True,0,0,0
p004766,techcrunch.com,rt.marphezis.com,request,2.6-202606,True,0,0,0
p004767,techcrunch.com,rt.marphezis.com,request,2.6-202606,True,0,0,0
p004768,techcrunch.com,rt.marphezis.com,request,2.6-202606,True,0,0,0
p004769,techcrunch.com,rt.marphezis.com,request,2.6-202606,True,0,0,0
p004770,healthline.com,rt.marphezis.com,request,2.6-202606,False,2,2,0
p004771,techcrunch.com,rt.marphezis.com,response,2.6-202606,True,0,0,0
p004772,techcrunch.com,rt.marphezis.com,response,2.6-202606,True,0,0,0
p004773,techcrunch.com,rt.marphezis.com,response,2.6-202606,True,0,0,0
p004774,techcrunch.com,rt.marphezis.com,response,2.6-202606,True,0,0,0
p004775,techcrunch.com,rt.marphezis.com,response,2.6-202606,True,0,0,0
p004776,techcrunch.com,rt.marphezis.com,response,2.6-202606,True,0,0,0
p004777,healthline.com,rt.marphezis.com,response,2.6-202606,True,0,0,0
p004778,usatoday.com,rtb.ex.co,request,2.6-202606,False,2,1,1
p004779,standard.co.uk,rtb.ex.co,request,2.6-202606,False,6,3,3
p004780,standard.co.uk,rtb.ex.co,request,2.6-202606,False,6,3,3
p004781,sfgate.com,rtb.ex.co,request,2.6-202606,False,9,1,8
p004782,sfgate.com,rtb.ex.co,request,2.6-202606,False,13,5,8
p004783,sfgate.com,rtb.ex.co,request,2.6-202606,False,2,1,1
p004784,sfgate.com,rtb.ex.co,response,2.6-202606,False,5,5,0
p004785,foxnews.com,rtb.openx.net,request,2.6-202606,True,0,0,0
p004786,foxnews.com,rtb.openx.net,request,2.6-202606,True,0,0,0
p004787,foxnews.com,rtb.openx.net,request,2.6-202606,True,0,0,0
p004788,foxnews.com,rtb.openx.net,request,2.6-202606,True,0,0,0
p004789,foxnews.com,rtb.openx.net,request,2.6-202606,True,0,0,0
p004790,foxnews.com,rtb.openx.net,request,2.6-202606,True,0,0,0
p004791,foxnews.com,rtb.openx.net,request,2.6-202606,True,0,0,0
p004792,usatoday.com,rtb.openx.net,request,2.6-202606,False,2,1,1
p004793,usatoday.com,rtb.openx.net,request,2.6-202606,False,2,1,1
p004794,usatoday.com,rtb.openx.net,request,2.6-202606,False,2,1,1
p004795,thedailybeast.com,rtb.openx.net,request,2.6-202606,True,0,0,0
p004796,thedailybeast.com,rtb.openx.net,request,2.6-202606,True,0,0,0
p004797,thedailybeast.com,rtb.openx.net,request,2.6-202606,True,0,0,0
p004798,thedailybeast.com,rtb.openx.net,request,2.6-202606,True,0,0,0
p004799,businessinsider.com,rtb.openx.net,request,2.6-202606,True,0,0,0
p004800,businessinsider.com,rtb.openx.net,request,2.6-202606,True,0,0,0
p004801,businessinsider.com,rtb.openx.net,request,2.6-202606,True,0,0,0
p004802,businessinsider.com,rtb.openx.net,request,2.6-202606,True,0,0,0
p004803,thedailybeast.com,rtb.openx.net,request,2.6-202606,True,0,0,0
p004804,huffpost.com,rtb.openx.net,request,2.6-202606,True,1,0,1
p004805,huffpost.com,rtb.openx.net,request,2.6-202606,True,1,0,1
p004806,huffpost.com,rtb.openx.net,request,2.6-202606,True,1,0,1
p004807,huffpost.com,rtb.openx.net,request,2.6-202606,True,1,0,1
p004808,huffpost.com,rtb.openx.net,request,2.6-202606,True,1,0,1
p004809,huffpost.com,rtb.openx.net,request,2.6-202606,True,1,0,1
p004810,huffpost.com,rtb.openx.net,request,2.6-202606,True,1,0,1
p004811,huffpost.com,rtb.openx.net,request,2.6-202606,True,1,0,1
p004812,huffpost.com,rtb.openx.net,request,2.6-202606,True,0,0,0
p004813,huffpost.com,rtb.openx.net,request,2.6-202606,True,1,0,1
p004814,huffpost.com,rtb.openx.net,request,2.6-202606,True,1,0,1
p004815,huffpost.com,rtb.openx.net,request,2.6-202606,True,0,0,0
p004816,huffpost.com,rtb.openx.net,request,2.6-202606,True,1,0,1
p004817,huffpost.com,rtb.openx.net,request,2.6-202606,True,1,0,1
p004818,huffpost.com,rtb.openx.net,request,2.6-202606,True,0,0,0
p004819,cbsnews.com,rtb.openx.net,request,2.6-202606,True,0,0,0
p004820,standard.co.uk,rtb.openx.net,request,2.6-202606,False,2,1,1
p004821,standard.co.uk,rtb.openx.net,request,2.6-202606,False,2,1,1
p004822,nbcnews.com,rtb.openx.net,request,2.6-202606,False,2,1,1
p004823,nbcnews.com,rtb.openx.net,request,2.6-202606,True,0,0,0
p004824,nbcnews.com,rtb.openx.net,request,2.6-202606,False,2,1,1
p004825,nbcnews.com,rtb.openx.net,request,2.6-202606,True,0,0,0
p004826,cbsnews.com,rtb.openx.net,request,2.6-202606,True,0,0,0
p004827,cbsnews.com,rtb.openx.net,request,2.6-202606,False,2,1,1
p004828,nbcnews.com,rtb.openx.net,request,2.6-202606,False,2,1,1
p004829,nbcnews.com,rtb.openx.net,request,2.6-202606,True,0,0,0
p004830,time.com,rtb.openx.net,request,2.6-202606,False,1,1,0
p004831,time.com,rtb.openx.net,request,2.6-202606,False,1,1,0
p004832,time.com,rtb.openx.net,request,2.6-202606,False,1,1,0
p004833,time.com,rtb.openx.net,request,2.6-202606,False,1,1,0
p004834,time.com,rtb.openx.net,request,2.6-202606,False,1,1,0
p004835,nbcnews.com,rtb.openx.net,request,2.6-202606,False,2,1,1
p004836,time.com,rtb.openx.net,request,2.6-202606,False,1,1,0
p004837,time.com,rtb.openx.net,request,2.6-202606,False,1,1,0
p004838,time.com,rtb.openx.net,request,2.6-202606,False,1,1,0
p004839,time.com,rtb.openx.net,request,2.6-202606,False,1,1,0
p004840,time.com,rtb.openx.net,request,2.6-202606,False,1,1,0
p004841,slate.com,rtb.openx.net,request,2.6-202606,True,0,0,0
p004842,slate.com,rtb.openx.net,request,2.6-202606,False,2,1,1
p004843,time.com,rtb.openx.net,request,2.6-202606,False,2,1,1
p004844,time.com,rtb.openx.net,request,2.6-202606,False,2,1,1
p004845,time.com,rtb.openx.net,request,2.6-202606,False,2,1,1
p004846,slate.com,rtb.openx.net,request,2.6-202606,False,2,1,1
p004847,time.com,rtb.openx.net,request,2.6-202606,False,2,1,1
p004848,slate.com,rtb.openx.net,request,2.6-202606,True,0,0,0
p004849,time.com,rtb.openx.net,request,2.6-202606,False,2,1,1
p004850,newsweek.com,rtb.openx.net,request,2.6-202606,False,2,2,0
p004851,newsweek.com,rtb.openx.net,request,2.6-202606,False,2,2,0
p004852,newsweek.com,rtb.openx.net,request,2.6-202606,False,2,2,0
p004853,salon.com,rtb.openx.net,request,2.6-202606,True,0,0,0
p004854,salon.com,rtb.openx.net,request,2.6-202606,True,0,0,0
p004855,slate.com,rtb.openx.net,request,2.6-202606,True,0,0,0
p004856,slate.com,rtb.openx.net,request,2.6-202606,False,2,1,1
p004857,slate.com,rtb.openx.net,request,2.6-202606,False,2,1,1
p004858,salon.com,rtb.openx.net,request,2.6-202606,True,0,0,0
p004859,salon.com,rtb.openx.net,request,2.6-202606,True,0,0,0
p004860,salon.com,rtb.openx.net,request,2.6-202606,True,0,0,0
p004861,salon.com,rtb.openx.net,request,2.6-202606,False,2,1,1
p004862,salon.com,rtb.openx.net,request,2.6-202606,True,0,0,0
p004863,salon.com,rtb.openx.net,request,2.6-202606,True,0,0,0
p004864,salon.com,rtb.openx.net,request,2.6-202606,False,2,1,1
p004865,salon.com,rtb.openx.net,request,2.6-202606,True,0,0,0
p004866,salon.com,rtb.openx.net,request,2.6-202606,True,0,0,0
p004867,salon.com,rtb.openx.net,request,2.6-202606,True,0,0,0
p004868,salon.com,rtb.openx.net,request,2.6-202606,True,0,0,0
p004869,salon.com,rtb.openx.net,request,2.6-202606,True,0,0,0
p004870,salon.com,rtb.openx.net,request,2.6-202606,False,2,1,1
p004871,salon.com,rtb.openx.net,request,2.6-202606,False,2,1,1
p004872,salon.com,rtb.openx.net,request,2.6-202606,True,0,0,0
p004873,salon.com,rtb.openx.net,request,2.6-202606,False,2,1,1
p004874,salon.com,rtb.openx.net,request,2.6-202606,False,2,1,1
p004875,salon.com,rtb.openx.net,request,2.6-202606,False,2,1,1
p004876,engadget.com,rtb.openx.net,request,2.6-202606,True,0,0,0
p004877,engadget.com,rtb.openx.net,request,2.6-202606,False,2,1,1
p004878,engadget.com,rtb.openx.net,request,2.6-202606,False,2,1,1
p004879,engadget.com,rtb.openx.net,request,2.6-202606,True,0,0,0
p004880,engadget.com,rtb.openx.net,request,2.6-202606,False,2,1,1
p004881,cnet.com,rtb.openx.net,request,2.6-202606,False,6,6,0
p004882,zdnet.com,rtb.openx.net,request,2.6-202606,False,4,4,0
p004883,cnet.com,rtb.openx.net,request,2.6-202606,False,6,6,0
p004884,cnet.com,rtb.openx.net,request,2.6-202606,False,6,6,0
p004885,tomshardware.com,rtb.openx.net,request,2.6-202606,False,1,1,0
p004886,zdnet.com,rtb.openx.net,request,2.6-202606,False,6,6,0
p004887,zdnet.com,rtb.openx.net,request,2.6-202606,False,1,1,0
p004888,zdnet.com,rtb.openx.net,request,2.6-202606,False,2,1,1
p004889,tomsguide.com,rtb.openx.net,request,2.6-202606,False,1,1,0
p004890,tomshardware.com,rtb.openx.net,request,2.6-202606,False,1,1,0
p004891,androidauthority.com,rtb.openx.net,request,2.6-202606,True,0,0,0
p004892,androidauthority.com,rtb.openx.net,request,2.6-202606,True,0,0,0
p004893,androidauthority.com,rtb.openx.net,request,2.6-202606,True,0,0,0
p004894,9to5mac.com,rtb.openx.net,request,2.6-202606,True,0,0,0
p004895,9to5mac.com,rtb.openx.net,request,2.6-202606,True,0,0,0
p004896,androidauthority.com,rtb.openx.net,request,2.6-202606,True,0,0,0
p004897,androidauthority.com,rtb.openx.net,request,2.6-202606,True,1,0,1
p004898,androidauthority.com,rtb.openx.net,request,2.6-202606,True,0,0,0
p004899,androidauthority.com,rtb.openx.net,request,2.6-202606,True,0,0,0
p004900,androidauthority.com,rtb.openx.net,request,2.6-202606,True,1,0,1
p004901,androidauthority.com,rtb.openx.net,request,2.6-202606,True,0,0,0
p004902,androidauthority.com,rtb.openx.net,request,2.6-202606,True,1,0,1
p004903,macrumors.com,rtb.openx.net,request,2.6-202606,True,0,0,0
p004904,macrumors.com,rtb.openx.net,request,2.6-202606,True,0,0,0
p004905,macrumors.com,rtb.openx.net,request,2.6-202606,True,0,0,0
p004906,macrumors.com,rtb.openx.net,request,2.6-202606,False,2,1,1
p004907,macrumors.com,rtb.openx.net,request,2.6-202606,True,0,0,0
p004908,macrumors.com,rtb.openx.net,request,2.6-202606,True,0,0,0
p004909,macrumors.com,rtb.openx.net,request,2.6-202606,True,0,0,0
p004910,macrumors.com,rtb.openx.net,request,2.6-202606,True,0,0,0
p004911,macrumors.com,rtb.openx.net,request,2.6-202606,True,0,0,0
p004912,macrumors.com,rtb.openx.net,request,2.6-202606,True,0,0,0
p004913,macrumors.com,rtb.openx.net,request,2.6-202606,True,0,0,0
p004914,macrumors.com,rtb.openx.net,request,2.6-202606,True,0,0,0
p004915,macrumors.com,rtb.openx.net,request,2.6-202606,True,0,0,0
p004916,9to5mac.com,rtb.openx.net,request,2.6-202606,True,0,0,0
p004917,9to5mac.com,rtb.openx.net,request,2.6-202606,True,0,0,0
p004918,macrumors.com,rtb.openx.net,request,2.6-202606,True,0,0,0
p004919,macrumors.com,rtb.openx.net,request,2.6-202606,True,0,0,0
p004920,macrumors.com,rtb.openx.net,request,2.6-202606,True,0,0,0
p004921,macrumors.com,rtb.openx.net,request,2.6-202606,False,2,1,1
p004922,macrumors.com,rtb.openx.net,request,2.6-202606,True,0,0,0
p004923,macrumors.com,rtb.openx.net,request,2.6-202606,True,0,0,0
p004924,macrumors.com,rtb.openx.net,request,2.6-202606,True,0,0,0
p004925,macrumors.com,rtb.openx.net,request,2.6-202606,True,0,0,0
p004926,macrumors.com,rtb.openx.net,request,2.6-202606,True,0,0,0
p004927,macrumors.com,rtb.openx.net,request,2.6-202606,True,0,0,0
p004928,macrumors.com,rtb.openx.net,request,2.6-202606,True,0,0,0
p004929,macrumors.com,rtb.openx.net,request,2.6-202606,True,0,0,0
p004930,makeuseof.com,rtb.openx.net,request,2.6-202606,False,2,1,1
p004931,makeuseof.com,rtb.openx.net,request,2.6-202606,True,0,0,0
p004932,cbr.com,rtb.openx.net,request,2.6-202606,False,2,1,1
p004933,cbr.com,rtb.openx.net,request,2.6-202606,True,0,0,0
p004934,ign.com,rtb.openx.net,request,2.6-202606,False,4,4,0
p004935,gamespot.com,rtb.openx.net,request,2.6-202606,False,55,55,0
p004936,gamespot.com,rtb.openx.net,request,2.6-202606,False,55,55,0
p004937,gamespot.com,rtb.openx.net,request,2.6-202606,False,56,56,0
p004938,gamespot.com,rtb.openx.net,request,2.6-202606,False,59,59,0
p004939,gamespot.com,rtb.openx.net,request,2.6-202606,False,59,59,0
p004940,pcgamer.com,rtb.openx.net,request,2.6-202606,False,3,2,1
p004941,pcgamer.com,rtb.openx.net,request,2.6-202606,False,1,1,0
p004942,pcgamer.com,rtb.openx.net,request,2.6-202606,False,1,1,0
p004943,rockpapershotgun.com,rtb.openx.net,request,2.6-202606,True,0,0,0
p004944,rockpapershotgun.com,rtb.openx.net,request,2.6-202606,True,0,0,0
p004945,rockpapershotgun.com,rtb.openx.net,request,2.6-202606,True,0,0,0
p004946,rockpapershotgun.com,rtb.openx.net,request,2.6-202606,True,0,0,0
p004947,eurogamer.net,rtb.openx.net,request,2.6-202606,True,0,0,0
p004948,eurogamer.net,rtb.openx.net,request,2.6-202606,True,0,0,0
p004949,eurogamer.net,rtb.openx.net,request,2.6-202606,True,0,0,0
p004950,eurogamer.net,rtb.openx.net,request,2.6-202606,True,0,0,0
p004951,eurogamer.net,rtb.openx.net,request,2.6-202606,True,1,0,1
p004952,eurogamer.net,rtb.openx.net,request,2.6-202606,True,1,0,1
p004953,rockpapershotgun.com,rtb.openx.net,request,2.6-202606,True,0,0,0
p004954,rockpapershotgun.com,rtb.openx.net,request,2.6-202606,True,0,0,0
p004955,rockpapershotgun.com,rtb.openx.net,request,2.6-202606,True,0,0,0
p004956,rockpapershotgun.com,rtb.openx.net,request,2.6-202606,True,0,0,0
p004957,rockpapershotgun.com,rtb.openx.net,request,2.6-202606,True,1,0,1
p004958,rockpapershotgun.com,rtb.openx.net,request,2.6-202606,True,1,0,1
p004959,rockpapershotgun.com,rtb.openx.net,request,2.6-202606,True,0,0,0
p004960,vg247.com,rtb.openx.net,request,2.6-202606,True,0,0,0
p004961,vg247.com,rtb.openx.net,request,2.6-202606,True,0,0,0
p004962,vg247.com,rtb.openx.net,request,2.6-202606,True,0,0,0
p004963,eurogamer.net,rtb.openx.net,request,2.6-202606,True,1,0,1
p004964,vg247.com,rtb.openx.net,request,2.6-202606,True,0,0,0
p004965,eurogamer.net,rtb.openx.net,request,2.6-202606,True,0,0,0
p004966,eurogamer.net,rtb.openx.net,request,2.6-202606,True,0,0,0
p004967,eurogamer.net,rtb.openx.net,request,2.6-202606,True,0,0,0
p004968,eurogamer.net,rtb.openx.net,request,2.6-202606,True,1,0,1
p004969,eurogamer.net,rtb.openx.net,request,2.6-202606,True,1,0,1
p004970,eurogamer.net,rtb.openx.net,request,2.6-202606,True,0,0,0
p004971,vg247.com,rtb.openx.net,request,2.6-202606,True,0,0,0
p004972,vg247.com,rtb.openx.net,request,2.6-202606,True,0,0,0
p004973,vg247.com,rtb.openx.net,request,2.6-202606,True,0,0,0
p004974,eurogamer.net,rtb.openx.net,request,2.6-202606,True,1,0,1
p004975,eurogamer.net,rtb.openx.net,request,2.6-202606,True,1,0,1
p004976,vg247.com,rtb.openx.net,request,2.6-202606,True,0,0,0
p004977,vg247.com,rtb.openx.net,request,2.6-202606,True,0,0,0
p004978,vg247.com,rtb.openx.net,request,2.6-202606,True,0,0,0
p004979,vg247.com,rtb.openx.net,request,2.6-202606,True,1,0,1
p004980,vg247.com,rtb.openx.net,request,2.6-202606,True,1,0,1
p004981,cbssports.com,rtb.openx.net,request,2.6-202606,True,0,0,0
p004982,si.com,rtb.openx.net,request,2.6-202606,True,1,0,1
p004983,si.com,rtb.openx.net,request,2.6-202606,True,1,0,1
p004984,si.com,rtb.openx.net,request,2.6-202606,True,0,0,0
p004985,cbssports.com,rtb.openx.net,request,2.6-202606,True,0,0,0
p004986,cbssports.com,rtb.openx.net,request,2.6-202606,False,2,1,1
p004987,si.com,rtb.openx.net,request,2.6-202606,True,1,0,1
p004988,cbssports.com,rtb.openx.net,request,2.6-202606,False,2,1,1
p004989,cbssports.com,rtb.openx.net,request,2.6-202606,False,2,1,1
p004990,goal.com,rtb.openx.net,request,2.6-202606,True,1,0,1
p004991,goal.com,rtb.openx.net,request,2.6-202606,True,1,0,1
p004992,weather.com,rtb.openx.net,request,2.6-202606,True,0,0,0
p004993,weather.com,rtb.openx.net,request,2.6-202606,True,0,0,0
p004994,goal.com,rtb.openx.net,request,2.6-202606,True,1,0,1
p004995,wunderground.com,rtb.openx.net,request,2.6-202606,True,0,0,0
p004996,wunderground.com,rtb.openx.net,request,2.6-202606,False,2,1,1
p004997,wunderground.com,rtb.openx.net,request,2.6-202606,False,2,1,1
p004998,wunderground.com,rtb.openx.net,request,2.6-202606,False,2,1,1
p004999,weather.com,rtb.openx.net,request,2.6-202606,True,0,0,0
p005000,weather.com,rtb.openx.net,request,2.6-202606,False,2,1,1
p005001,weather.com,rtb.openx.net,request,2.6-202606,True,0,0,0
p005002,wunderground.com,rtb.openx.net,request,2.6-202606,False,2,1,1
p005003,weather.com,rtb.openx.net,request,2.6-202606,False,2,1,1
p005004,wunderground.com,rtb.openx.net,request,2.6-202606,False,2,1,1
p005005,wunderground.com,rtb.openx.net,request,2.6-202606,False,2,1,1
p005006,wunderground.com,rtb.openx.net,request,2.6-202606,True,0,0,0
p005007,wunderground.com,rtb.openx.net,request,2.6-202606,False,2,1,1
p005008,wunderground.com,rtb.openx.net,request,2.6-202606,False,2,1,1
p005009,wunderground.com,rtb.openx.net,request,2.6-202606,False,2,1,1
p005010,wunderground.com,rtb.openx.net,request,2.6-202606,False,2,1,1
p005011,wunderground.com,rtb.openx.net,request,2.6-202606,False,2,1,1
p005012,benzinga.com,rtb.openx.net,request,2.6-202606,True,0,0,0
p005013,benzinga.com,rtb.openx.net,request,2.6-202606,True,0,0,0
p005014,kiplinger.com,rtb.openx.net,request,2.6-202606,False,1,1,0
p005015,kiplinger.com,rtb.openx.net,request,2.6-202606,False,1,1,0
p005016,allrecipes.com,rtb.openx.net,request,2.6-202606,True,0,0,0
p005017,allrecipes.com,rtb.openx.net,request,2.6-202606,True,0,0,0
p005018,allrecipes.com,rtb.openx.net,request,2.6-202606,True,0,0,0
p005019,allrecipes.com,rtb.openx.net,request,2.6-202606,True,0,0,0
p005020,tasteofhome.com,rtb.openx.net,request,2.6-202606,True,0,0,0
p005021,tasteofhome.com,rtb.openx.net,request,2.6-202606,True,0,0,0
p005022,tasteofhome.com,rtb.openx.net,request,2.6-202606,True,0,0,0
p005023,seriouseats.com,rtb.openx.net,request,2.6-202606,True,0,0,0
p005024,seriouseats.com,rtb.openx.net,request,2.6-202606,True,0,0,0
p005025,tasteofhome.com,rtb.openx.net,request,2.6-202606,True,0,0,0
p005026,tasteofhome.com,rtb.openx.net,request,2.6-202606,True,0,0,0
p005027,tasteofhome.com,rtb.openx.net,request,2.6-202606,True,0,0,0
p005028,thespruceeats.com,rtb.openx.net,request,2.6-202606,True,0,0,0
p005029,thespruceeats.com,rtb.openx.net,request,2.6-202606,True,0,0,0
p005030,healthline.com,rtb.openx.net,request,2.6-202606,False,2,2,0
p005031,verywellhealth.com,rtb.openx.net,request,2.6-202606,True,0,0,0
p005032,verywellhealth.com,rtb.openx.net,request,2.6-202606,True,0,0,0
p005033,verywellhealth.com,rtb.openx.net,request,2.6-202606,True,0,0,0
p005034,verywellhealth.com,rtb.openx.net,request,2.6-202606,True,0,0,0
p005035,people.com,rtb.openx.net,request,2.6-202606,True,0,0,0
p005036,people.com,rtb.openx.net,request,2.6-202606,True,0,0,0
p005037,people.com,rtb.openx.net,request,2.6-202606,True,0,0,0
p005038,people.com,rtb.openx.net,request,2.6-202606,True,0,0,0
p005039,people.com,rtb.openx.net,request,2.6-202606,True,0,0,0
p005040,eonline.com,rtb.openx.net,request,2.6-202606,True,0,0,0
p005041,eonline.com,rtb.openx.net,request,2.6-202606,True,0,0,0
p005042,tmz.com,rtb.openx.net,request,2.6-202606,True,0,0,0
p005043,eonline.com,rtb.openx.net,request,2.6-202606,True,0,0,0
p005044,eonline.com,rtb.openx.net,request,2.6-202606,True,0,0,0
p005045,eonline.com,rtb.openx.net,request,2.6-202606,True,0,0,0
p005046,eonline.com,rtb.openx.net,request,2.6-202606,True,0,0,0
p005047,tmz.com,rtb.openx.net,request,2.6-202606,True,0,0,0
p005048,eonline.com,rtb.openx.net,request,2.6-202606,True,0,0,0
p005049,eonline.com,rtb.openx.net,request,2.6-202606,True,0,0,0
p005050,stereogum.com,rtb.openx.net,request,2.6-202606,True,0,0,0
p005051,stereogum.com,rtb.openx.net,request,2.6-202606,True,0,0,0
p005052,stereogum.com,rtb.openx.net,request,2.6-202606,False,2,1,1
p005053,stereogum.com,rtb.openx.net,request,2.6-202606,True,0,0,0
p005054,stereogum.com,rtb.openx.net,request,2.6-202606,False,2,1,1
p005055,boredpanda.com,rtb.openx.net,request,2.6-202606,True,0,0,0
p005056,boredpanda.com,rtb.openx.net,request,2.6-202606,True,1,0,1
p005057,boredpanda.com,rtb.openx.net,request,2.6-202606,True,1,0,1
p005058,boredpanda.com,rtb.openx.net,request,2.6-202606,True,1,0,1
p005059,boredpanda.com,rtb.openx.net,request,2.6-202606,True,0,0,0
p005060,distractify.com,rtb.openx.net,request,2.6-202606,False,3,2,1
p005061,buzzfeed.com,rtb.openx.net,request,2.6-202606,True,0,0,0
p005062,buzzfeed.com,rtb.openx.net,request,2.6-202606,True,0,0,0
p005063,buzzfeed.com,rtb.openx.net,request,2.6-202606,True,0,0,0
p005064,buzzfeed.com,rtb.openx.net,request,2.6-202606,True,0,0,0
p005065,buzzfeed.com,rtb.openx.net,request,2.6-202606,True,0,0,0
p005066,buzzfeed.com,rtb.openx.net,request,2.6-202606,True,0,0,0
p005067,buzzfeed.com,rtb.openx.net,request,2.6-202606,True,0,0,0
p005068,buzzfeed.com,rtb.openx.net,request,2.6-202606,True,0,0,0
p005069,distractify.com,rtb.openx.net,request,2.6-202606,False,1,1,0
p005070,distractify.com,rtb.openx.net,request,2.6-202606,False,3,2,1
p005071,distractify.com,rtb.openx.net,request,2.6-202606,False,2,2,0
p005072,distractify.com,rtb.openx.net,request,2.6-202606,False,3,2,1
p005073,buzzfeed.com,rtb.openx.net,request,2.6-202606,True,1,0,1
p005074,buzzfeed.com,rtb.openx.net,request,2.6-202606,True,1,0,1
p005075,buzzfeed.com,rtb.openx.net,request,2.6-202606,True,0,0,0
p005076,buzzfeed.com,rtb.openx.net,request,2.6-202606,True,0,0,0
p005077,buzzfeed.com,rtb.openx.net,request,2.6-202606,True,1,0,1
p005078,buzzfeed.com,rtb.openx.net,request,2.6-202606,True,1,0,1
p005079,buzzfeed.com,rtb.openx.net,request,2.6-202606,True,1,0,1
p005080,buzzfeed.com,rtb.openx.net,request,2.6-202606,True,1,0,1
p005081,ranker.com,rtb.openx.net,request,2.6-202606,True,0,0,0
p005082,grunge.com,rtb.openx.net,request,2.6-202606,True,0,0,0
p005083,ranker.com,rtb.openx.net,request,2.6-202606,True,0,0,0
p005084,ranker.com,rtb.openx.net,request,2.6-202606,True,0,0,0
p005085,ranker.com,rtb.openx.net,request,2.6-202606,True,0,0,0
p005086,ranker.com,rtb.openx.net,request,2.6-202606,False,2,1,1
p005087,ranker.com,rtb.openx.net,request,2.6-202606,True,0,0,0
p005088,ranker.com,rtb.openx.net,request,2.6-202606,True,0,0,0
p005089,ranker.com,rtb.openx.net,request,2.6-202606,False,2,1,1
p005090,ranker.com,rtb.openx.net,request,2.6-202606,False,2,1,1
p005091,grunge.com,rtb.openx.net,request,2.6-202606,True,0,0,0
p005092,grunge.com,rtb.openx.net,request,2.6-202606,False,2,1,1
p005093,grunge.com,rtb.openx.net,request,2.6-202606,True,0,0,0
p005094,grunge.com,rtb.openx.net,request,2.6-202606,False,2,1,1
p005095,grunge.com,rtb.openx.net,request,2.6-202606,True,0,0,0
p005096,grunge.com,rtb.openx.net,request,2.6-202606,True,0,0,0
p005097,grunge.com,rtb.openx.net,request,2.6-202606,True,0,0,0
p005098,grunge.com,rtb.openx.net,request,2.6-202606,True,0,0,0
p005099,grunge.com,rtb.openx.net,request,2.6-202606,True,0,0,0
p005100,ranker.com,rtb.openx.net,request,2.6-202606,False,2,1,1
p005101,grunge.com,rtb.openx.net,request,2.6-202606,True,0,0,0
p005102,grunge.com,rtb.openx.net,request,2.6-202606,True,0,0,0
p005103,grunge.com,rtb.openx.net,request,2.6-202606,True,0,0,0
p005104,ranker.com,rtb.openx.net,request,2.6-202606,False,2,1,1
p005105,ranker.com,rtb.openx.net,request,2.6-202606,False,2,1,1
p005106,ranker.com,rtb.openx.net,request,2.6-202606,False,2,1,1
p005107,grunge.com,rtb.openx.net,request,2.6-202606,False,2,1,1
p005108,grunge.com,rtb.openx.net,request,2.6-202606,False,2,1,1
p005109,slashfilm.com,rtb.openx.net,request,2.6-202606,True,0,0,0
p005110,looper.com,rtb.openx.net,request,2.6-202606,False,2,1,1
p005111,slashfilm.com,rtb.openx.net,request,2.6-202606,True,0,0,0
p005112,slashfilm.com,rtb.openx.net,request,2.6-202606,False,2,1,1
p005113,mashed.com,rtb.openx.net,request,2.6-202606,True,0,0,0
p005114,mashed.com,rtb.openx.net,request,2.6-202606,False,2,1,1
p005115,slashfilm.com,rtb.openx.net,request,2.6-202606,False,2,1,1
p005116,slashfilm.com,rtb.openx.net,request,2.6-202606,False,2,1,1
p005117,tastingtable.com,rtb.openx.net,request,2.6-202606,True,0,0,0
p005118,sfgate.com,rtb.openx.net,request,2.6-202606,True,0,0,0
p005119,sfgate.com,rtb.openx.net,request,2.6-202606,False,2,1,1
p005120,sfgate.com,rtb.openx.net,request,2.6-202606,False,2,1,1
p005121,foxnews.com,rtb.openx.net,response,2.6-202606,True,0,0,0
p005122,foxnews.com,rtb.openx.net,response,2.6-202606,True,0,0,0
p005123,foxnews.com,rtb.openx.net,response,2.6-202606,True,0,0,0
p005124,foxnews.com,rtb.openx.net,response,2.6-202606,True,0,0,0
p005125,foxnews.com,rtb.openx.net,response,2.6-202606,True,0,0,0
p005126,foxnews.com,rtb.openx.net,response,2.6-202606,True,0,0,0
p005127,foxnews.com,rtb.openx.net,response,2.6-202606,True,0,0,0
p005128,usatoday.com,rtb.openx.net,response,2.6-202606,True,0,0,0
p005129,usatoday.com,rtb.openx.net,response,2.6-202606,True,0,0,0
p005130,usatoday.com,rtb.openx.net,response,2.6-202606,True,0,0,0
p005131,thedailybeast.com,rtb.openx.net,response,2.6-202606,True,0,0,0
p005132,thedailybeast.com,rtb.openx.net,response,2.6-202606,True,0,0,0
p005133,thedailybeast.com,rtb.openx.net,response,2.6-202606,True,0,0,0
p005134,thedailybeast.com,rtb.openx.net,response,2.6-202606,True,0,0,0
p005135,businessinsider.com,rtb.openx.net,response,2.6-202606,True,0,0,0
p005136,businessinsider.com,rtb.openx.net,response,2.6-202606,True,0,0,0
p005137,businessinsider.com,rtb.openx.net,response,2.6-202606,True,0,0,0
p005138,businessinsider.com,rtb.openx.net,response,2.6-202606,True,0,0,0
p005139,thedailybeast.com,rtb.openx.net,response,2.6-202606,True,0,0,0
p005140,huffpost.com,rtb.openx.net,response,2.6-202606,True,0,0,0
p005141,huffpost.com,rtb.openx.net,response,2.6-202606,True,0,0,0
p005142,huffpost.com,rtb.openx.net,response,2.6-202606,True,0,0,0
p005143,huffpost.com,rtb.openx.net,response,2.6-202606,True,0,0,0
p005144,huffpost.com,rtb.openx.net,response,2.6-202606,True,0,0,0
p005145,huffpost.com,rtb.openx.net,response,2.6-202606,True,0,0,0
p005146,huffpost.com,rtb.openx.net,response,2.6-202606,True,0,0,0
p005147,huffpost.com,rtb.openx.net,response,2.6-202606,True,0,0,0
p005148,huffpost.com,rtb.openx.net,response,2.6-202606,True,0,0,0
p005149,huffpost.com,rtb.openx.net,response,2.6-202606,True,0,0,0
p005150,huffpost.com,rtb.openx.net,response,2.6-202606,True,0,0,0
p005151,huffpost.com,rtb.openx.net,response,2.6-202606,True,0,0,0
p005152,huffpost.com,rtb.openx.net,response,2.6-202606,True,0,0,0
p005153,huffpost.com,rtb.openx.net,response,2.6-202606,True,0,0,0
p005154,huffpost.com,rtb.openx.net,response,2.6-202606,True,0,0,0
p005155,cbsnews.com,rtb.openx.net,response,2.6-202606,True,0,0,0
p005156,standard.co.uk,rtb.openx.net,response,2.6-202606,True,0,0,0
p005157,standard.co.uk,rtb.openx.net,response,2.6-202606,True,0,0,0
p005158,nbcnews.com,rtb.openx.net,response,2.6-202606,True,0,0,0
p005159,nbcnews.com,rtb.openx.net,response,2.6-202606,True,0,0,0
p005160,nbcnews.com,rtb.openx.net,response,2.6-202606,True,0,0,0
p005161,nbcnews.com,rtb.openx.net,response,2.6-202606,True,0,0,0
p005162,cbsnews.com,rtb.openx.net,response,2.6-202606,True,0,0,0
p005163,cbsnews.com,rtb.openx.net,response,2.6-202606,True,0,0,0
p005164,nbcnews.com,rtb.openx.net,response,2.6-202606,True,0,0,0
p005165,nbcnews.com,rtb.openx.net,response,2.6-202606,True,0,0,0
p005166,time.com,rtb.openx.net,response,2.6-202606,True,0,0,0
p005167,time.com,rtb.openx.net,response,2.6-202606,True,0,0,0
p005168,time.com,rtb.openx.net,response,2.6-202606,True,0,0,0
p005169,time.com,rtb.openx.net,response,2.6-202606,True,0,0,0
p005170,time.com,rtb.openx.net,response,2.6-202606,True,0,0,0
p005171,nbcnews.com,rtb.openx.net,response,2.6-202606,True,0,0,0
p005172,time.com,rtb.openx.net,response,2.6-202606,True,0,0,0
p005173,time.com,rtb.openx.net,response,2.6-202606,True,0,0,0
p005174,time.com,rtb.openx.net,response,2.6-202606,True,0,0,0
p005175,time.com,rtb.openx.net,response,2.6-202606,True,0,0,0
p005176,time.com,rtb.openx.net,response,2.6-202606,True,0,0,0
p005177,slate.com,rtb.openx.net,response,2.6-202606,True,0,0,0
p005178,slate.com,rtb.openx.net,response,2.6-202606,True,0,0,0
p005179,time.com,rtb.openx.net,response,2.6-202606,True,0,0,0
p005180,time.com,rtb.openx.net,response,2.6-202606,True,0,0,0
p005181,time.com,rtb.openx.net,response,2.6-202606,True,0,0,0
p005182,slate.com,rtb.openx.net,response,2.6-202606,True,0,0,0
p005183,time.com,rtb.openx.net,response,2.6-202606,True,0,0,0
p005184,slate.com,rtb.openx.net,response,2.6-202606,True,0,0,0
p005185,time.com,rtb.openx.net,response,2.6-202606,True,0,0,0
p005186,newsweek.com,rtb.openx.net,response,2.6-202606,True,0,0,0
p005187,newsweek.com,rtb.openx.net,response,2.6-202606,True,0,0,0
p005188,newsweek.com,rtb.openx.net,response,2.6-202606,True,0,0,0
p005189,salon.com,rtb.openx.net,response,2.6-202606,True,0,0,0
p005190,salon.com,rtb.openx.net,response,2.6-202606,True,0,0,0
p005191,slate.com,rtb.openx.net,response,2.6-202606,True,0,0,0
p005192,slate.com,rtb.openx.net,response,2.6-202606,True,0,0,0
p005193,slate.com,rtb.openx.net,response,2.6-202606,True,0,0,0
p005194,salon.com,rtb.openx.net,response,2.6-202606,True,0,0,0
p005195,salon.com,rtb.openx.net,response,2.6-202606,True,0,0,0
p005196,salon.com,rtb.openx.net,response,2.6-202606,True,0,0,0
p005197,salon.com,rtb.openx.net,response,2.6-202606,True,0,0,0
p005198,salon.com,rtb.openx.net,response,2.6-202606,True,0,0,0
p005199,salon.com,rtb.openx.net,response,2.6-202606,True,0,0,0
p005200,salon.com,rtb.openx.net,response,2.6-202606,True,0,0,0
p005201,salon.com,rtb.openx.net,response,2.6-202606,True,0,0,0
p005202,salon.com,rtb.openx.net,response,2.6-202606,True,0,0,0
p005203,salon.com,rtb.openx.net,response,2.6-202606,True,0,0,0
p005204,salon.com,rtb.openx.net,response,2.6-202606,True,0,0,0
p005205,salon.com,rtb.openx.net,response,2.6-202606,True,0,0,0
p005206,salon.com,rtb.openx.net,response,2.6-202606,True,0,0,0
p005207,salon.com,rtb.openx.net,response,2.6-202606,True,0,0,0
p005208,salon.com,rtb.openx.net,response,2.6-202606,True,0,0,0
p005209,salon.com,rtb.openx.net,response,2.6-202606,True,0,0,0
p005210,salon.com,rtb.openx.net,response,2.6-202606,True,0,0,0
p005211,salon.com,rtb.openx.net,response,2.6-202606,True,0,0,0
p005212,engadget.com,rtb.openx.net,response,2.6-202606,True,0,0,0
p005213,engadget.com,rtb.openx.net,response,2.6-202606,True,0,0,0
p005214,engadget.com,rtb.openx.net,response,2.6-202606,True,0,0,0
p005215,engadget.com,rtb.openx.net,response,2.6-202606,True,0,0,0
p005216,engadget.com,rtb.openx.net,response,2.6-202606,True,0,0,0
p005217,cnet.com,rtb.openx.net,response,2.6-202606,True,0,0,0
p005218,zdnet.com,rtb.openx.net,response,2.6-202606,True,0,0,0
p005219,cnet.com,rtb.openx.net,response,2.6-202606,True,0,0,0
p005220,cnet.com,rtb.openx.net,response,2.6-202606,True,0,0,0
p005221,tomshardware.com,rtb.openx.net,response,2.6-202606,True,0,0,0
p005222,zdnet.com,rtb.openx.net,response,2.6-202606,True,0,0,0
p005223,zdnet.com,rtb.openx.net,response,2.6-202606,True,0,0,0
p005224,zdnet.com,rtb.openx.net,response,2.6-202606,True,0,0,0
p005225,tomsguide.com,rtb.openx.net,response,2.6-202606,True,0,0,0
p005226,tomshardware.com,rtb.openx.net,response,2.6-202606,True,0,0,0
p005227,androidauthority.com,rtb.openx.net,response,2.6-202606,True,0,0,0
p005228,androidauthority.com,rtb.openx.net,response,2.6-202606,True,0,0,0
p005229,androidauthority.com,rtb.openx.net,response,2.6-202606,True,0,0,0
p005230,9to5mac.com,rtb.openx.net,response,2.6-202606,True,0,0,0
p005231,9to5mac.com,rtb.openx.net,response,2.6-202606,True,0,0,0
p005232,androidauthority.com,rtb.openx.net,response,2.6-202606,True,0,0,0
p005233,androidauthority.com,rtb.openx.net,response,2.6-202606,True,0,0,0
p005234,androidauthority.com,rtb.openx.net,response,2.6-202606,True,0,0,0
p005235,androidauthority.com,rtb.openx.net,response,2.6-202606,True,0,0,0
p005236,androidauthority.com,rtb.openx.net,response,2.6-202606,True,0,0,0
p005237,androidauthority.com,rtb.openx.net,response,2.6-202606,True,0,0,0
p005238,androidauthority.com,rtb.openx.net,response,2.6-202606,True,0,0,0
p005239,macrumors.com,rtb.openx.net,response,2.6-202606,True,0,0,0
p005240,macrumors.com,rtb.openx.net,response,2.6-202606,True,0,0,0
p005241,macrumors.com,rtb.openx.net,response,2.6-202606,True,0,0,0
p005242,macrumors.com,rtb.openx.net,response,2.6-202606,True,0,0,0
p005243,macrumors.com,rtb.openx.net,response,2.6-202606,True,0,0,0
p005244,macrumors.com,rtb.openx.net,response,2.6-202606,True,0,0,0
p005245,macrumors.com,rtb.openx.net,response,2.6-202606,True,0,0,0
p005246,macrumors.com,rtb.openx.net,response,2.6-202606,True,0,0,0
p005247,macrumors.com,rtb.openx.net,response,2.6-202606,True,0,0,0
p005248,macrumors.com,rtb.openx.net,response,2.6-202606,True,0,0,0
p005249,macrumors.com,rtb.openx.net,response,2.6-202606,True,0,0,0
p005250,macrumors.com,rtb.openx.net,response,2.6-202606,True,0,0,0
p005251,macrumors.com,rtb.openx.net,response,2.6-202606,True,0,0,0
p005252,9to5mac.com,rtb.openx.net,response,2.6-202606,True,0,0,0
p005253,9to5mac.com,rtb.openx.net,response,2.6-202606,True,0,0,0
p005254,macrumors.com,rtb.openx.net,response,2.6-202606,True,0,0,0
p005255,macrumors.com,rtb.openx.net,response,2.6-202606,True,0,0,0
p005256,macrumors.com,rtb.openx.net,response,2.6-202606,True,0,0,0
p005257,macrumors.com,rtb.openx.net,response,2.6-202606,True,0,0,0
p005258,macrumors.com,rtb.openx.net,response,2.6-202606,True,0,0,0
p005259,macrumors.com,rtb.openx.net,response,2.6-202606,True,0,0,0
p005260,macrumors.com,rtb.openx.net,response,2.6-202606,True,0,0,0
p005261,macrumors.com,rtb.openx.net,response,2.6-202606,True,0,0,0
p005262,macrumors.com,rtb.openx.net,response,2.6-202606,True,0,0,0
p005263,macrumors.com,rtb.openx.net,response,2.6-202606,True,0,0,0
p005264,macrumors.com,rtb.openx.net,response,2.6-202606,True,0,0,0
p005265,macrumors.com,rtb.openx.net,response,2.6-202606,True,0,0,0
p005266,makeuseof.com,rtb.openx.net,response,2.6-202606,True,0,0,0
p005267,makeuseof.com,rtb.openx.net,response,2.6-202606,True,0,0,0
p005268,cbr.com,rtb.openx.net,response,2.6-202606,True,0,0,0
p005269,cbr.com,rtb.openx.net,response,2.6-202606,True,0,0,0
p005270,ign.com,rtb.openx.net,response,2.6-202606,True,0,0,0
p005271,gamespot.com,rtb.openx.net,response,2.6-202606,True,0,0,0
p005272,gamespot.com,rtb.openx.net,response,2.6-202606,True,0,0,0
p005273,gamespot.com,rtb.openx.net,response,2.6-202606,True,0,0,0
p005274,gamespot.com,rtb.openx.net,response,2.6-202606,True,0,0,0
p005275,gamespot.com,rtb.openx.net,response,2.6-202606,True,0,0,0
p005276,pcgamer.com,rtb.openx.net,response,2.6-202606,True,0,0,0
p005277,pcgamer.com,rtb.openx.net,response,2.6-202606,True,0,0,0
p005278,pcgamer.com,rtb.openx.net,response,2.6-202606,True,0,0,0
p005279,rockpapershotgun.com,rtb.openx.net,response,2.6-202606,True,0,0,0
p005280,rockpapershotgun.com,rtb.openx.net,response,2.6-202606,True,0,0,0
p005281,rockpapershotgun.com,rtb.openx.net,response,2.6-202606,True,0,0,0
p005282,rockpapershotgun.com,rtb.openx.net,response,2.6-202606,True,0,0,0
p005283,eurogamer.net,rtb.openx.net,response,2.6-202606,True,0,0,0
p005284,eurogamer.net,rtb.openx.net,response,2.6-202606,True,0,0,0
p005285,eurogamer.net,rtb.openx.net,response,2.6-202606,True,0,0,0
p005286,eurogamer.net,rtb.openx.net,response,2.6-202606,True,0,0,0
p005287,eurogamer.net,rtb.openx.net,response,2.6-202606,True,0,0,0
p005288,eurogamer.net,rtb.openx.net,response,2.6-202606,True,0,0,0
p005289,rockpapershotgun.com,rtb.openx.net,response,2.6-202606,True,0,0,0
p005290,rockpapershotgun.com,rtb.openx.net,response,2.6-202606,True,0,0,0
p005291,rockpapershotgun.com,rtb.openx.net,response,2.6-202606,True,0,0,0
p005292,rockpapershotgun.com,rtb.openx.net,response,2.6-202606,True,0,0,0
p005293,rockpapershotgun.com,rtb.openx.net,response,2.6-202606,True,0,0,0
p005294,rockpapershotgun.com,rtb.openx.net,response,2.6-202606,True,0,0,0
p005295,rockpapershotgun.com,rtb.openx.net,response,2.6-202606,True,0,0,0
p005296,vg247.com,rtb.openx.net,response,2.6-202606,True,0,0,0
p005297,vg247.com,rtb.openx.net,response,2.6-202606,True,0,0,0
p005298,vg247.com,rtb.openx.net,response,2.6-202606,True,0,0,0
p005299,eurogamer.net,rtb.openx.net,response,2.6-202606,True,0,0,0
p005300,vg247.com,rtb.openx.net,response,2.6-202606,True,0,0,0
p005301,eurogamer.net,rtb.openx.net,response,2.6-202606,True,0,0,0
p005302,eurogamer.net,rtb.openx.net,response,2.6-202606,True,0,0,0
p005303,eurogamer.net,rtb.openx.net,response,2.6-202606,True,0,0,0
p005304,eurogamer.net,rtb.openx.net,response,2.6-202606,True,0,0,0
p005305,eurogamer.net,rtb.openx.net,response,2.6-202606,True,0,0,0
p005306,eurogamer.net,rtb.openx.net,response,2.6-202606,True,0,0,0
p005307,vg247.com,rtb.openx.net,response,2.6-202606,True,0,0,0
p005308,vg247.com,rtb.openx.net,response,2.6-202606,True,0,0,0
p005309,vg247.com,rtb.openx.net,response,2.6-202606,True,0,0,0
p005310,eurogamer.net,rtb.openx.net,response,2.6-202606,True,0,0,0
p005311,eurogamer.net,rtb.openx.net,response,2.6-202606,True,0,0,0
p005312,vg247.com,rtb.openx.net,response,2.6-202606,True,0,0,0
p005313,vg247.com,rtb.openx.net,response,2.6-202606,True,0,0,0
p005314,vg247.com,rtb.openx.net,response,2.6-202606,True,0,0,0
p005315,vg247.com,rtb.openx.net,response,2.6-202606,True,0,0,0
p005316,vg247.com,rtb.openx.net,response,2.6-202606,True,0,0,0
p005317,cbssports.com,rtb.openx.net,response,2.6-202606,True,0,0,0
p005318,si.com,rtb.openx.net,response,2.6-202606,True,0,0,0
p005319,si.com,rtb.openx.net,response,2.6-202606,True,0,0,0
p005320,si.com,rtb.openx.net,response,2.6-202606,True,0,0,0
p005321,cbssports.com,rtb.openx.net,response,2.6-202606,True,0,0,0
p005322,cbssports.com,rtb.openx.net,response,2.6-202606,True,0,0,0
p005323,si.com,rtb.openx.net,response,2.6-202606,True,0,0,0
p005324,cbssports.com,rtb.openx.net,response,2.6-202606,True,0,0,0
p005325,cbssports.com,rtb.openx.net,response,2.6-202606,True,0,0,0
p005326,goal.com,rtb.openx.net,response,2.6-202606,True,0,0,0
p005327,weather.com,rtb.openx.net,response,2.6-202606,True,0,0,0
p005328,weather.com,rtb.openx.net,response,2.6-202606,True,0,0,0
p005329,goal.com,rtb.openx.net,response,2.6-202606,True,0,0,0
p005330,wunderground.com,rtb.openx.net,response,2.6-202606,True,0,0,0
p005331,wunderground.com,rtb.openx.net,response,2.6-202606,True,0,0,0
p005332,wunderground.com,rtb.openx.net,response,2.6-202606,True,0,0,0
p005333,wunderground.com,rtb.openx.net,response,2.6-202606,True,0,0,0
p005334,weather.com,rtb.openx.net,response,2.6-202606,True,0,0,0
p005335,weather.com,rtb.openx.net,response,2.6-202606,True,0,0,0
p005336,weather.com,rtb.openx.net,response,2.6-202606,True,0,0,0
p005337,wunderground.com,rtb.openx.net,response,2.6-202606,True,0,0,0
p005338,weather.com,rtb.openx.net,response,2.6-202606,True,0,0,0
p005339,wunderground.com,rtb.openx.net,response,2.6-202606,True,0,0,0
p005340,wunderground.com,rtb.openx.net,response,2.6-202606,True,0,0,0
p005341,wunderground.com,rtb.openx.net,response,2.6-202606,True,0,0,0
p005342,wunderground.com,rtb.openx.net,response,2.6-202606,True,0,0,0
p005343,wunderground.com,rtb.openx.net,response,2.6-202606,True,0,0,0
p005344,wunderground.com,rtb.openx.net,response,2.6-202606,True,0,0,0
p005345,wunderground.com,rtb.openx.net,response,2.6-202606,True,0,0,0
p005346,benzinga.com,rtb.openx.net,response,2.6-202606,True,0,0,0
p005347,benzinga.com,rtb.openx.net,response,2.6-202606,True,0,0,0
p005348,kiplinger.com,rtb.openx.net,response,2.6-202606,True,0,0,0
p005349,kiplinger.com,rtb.openx.net,response,2.6-202606,True,0,0,0
p005350,allrecipes.com,rtb.openx.net,response,2.6-202606,True,0,0,0
p005351,allrecipes.com,rtb.openx.net,response,2.6-202606,True,0,0,0
p005352,allrecipes.com,rtb.openx.net,response,2.6-202606,True,0,0,0
p005353,allrecipes.com,rtb.openx.net,response,2.6-202606,True,0,0,0
p005354,tasteofhome.com,rtb.openx.net,response,2.6-202606,True,0,0,0
p005355,tasteofhome.com,rtb.openx.net,response,2.6-202606,True,0,0,0
p005356,tasteofhome.com,rtb.openx.net,response,2.6-202606,True,0,0,0
p005357,seriouseats.com,rtb.openx.net,response,2.6-202606,True,0,0,0
p005358,seriouseats.com,rtb.openx.net,response,2.6-202606,True,0,0,0
p005359,tasteofhome.com,rtb.openx.net,response,2.6-202606,True,0,0,0
p005360,tasteofhome.com,rtb.openx.net,response,2.6-202606,True,0,0,0
p005361,tasteofhome.com,rtb.openx.net,response,2.6-202606,True,0,0,0
p005362,thespruceeats.com,rtb.openx.net,response,2.6-202606,True,0,0,0
p005363,thespruceeats.com,rtb.openx.net,response,2.6-202606,True,0,0,0
p005364,healthline.com,rtb.openx.net,response,2.6-202606,True,0,0,0
p005365,verywellhealth.com,rtb.openx.net,response,2.6-202606,True,0,0,0
p005366,verywellhealth.com,rtb.openx.net,response,2.6-202606,True,0,0,0
p005367,verywellhealth.com,rtb.openx.net,response,2.6-202606,True,0,0,0
p005368,verywellhealth.com,rtb.openx.net,response,2.6-202606,True,0,0,0
p005369,people.com,rtb.openx.net,response,2.6-202606,True,0,0,0
p005370,people.com,rtb.openx.net,response,2.6-202606,True,0,0,0
p005371,people.com,rtb.openx.net,response,2.6-202606,True,0,0,0
p005372,people.com,rtb.openx.net,response,2.6-202606,True,0,0,0
p005373,people.com,rtb.openx.net,response,2.6-202606,True,0,0,0
p005374,eonline.com,rtb.openx.net,response,2.6-202606,True,0,0,0
p005375,eonline.com,rtb.openx.net,response,2.6-202606,True,0,0,0
p005376,tmz.com,rtb.openx.net,response,2.6-202606,True,0,0,0
p005377,eonline.com,rtb.openx.net,response,2.6-202606,True,0,0,0
p005378,eonline.com,rtb.openx.net,response,2.6-202606,True,0,0,0
p005379,eonline.com,rtb.openx.net,response,2.6-202606,True,0,0,0
p005380,eonline.com,rtb.openx.net,response,2.6-202606,True,0,0,0
p005381,tmz.com,rtb.openx.net,response,2.6-202606,True,0,0,0
p005382,eonline.com,rtb.openx.net,response,2.6-202606,True,0,0,0
p005383,eonline.com,rtb.openx.net,response,2.6-202606,True,0,0,0
p005384,stereogum.com,rtb.openx.net,response,2.6-202606,True,0,0,0
p005385,stereogum.com,rtb.openx.net,response,2.6-202606,True,0,0,0
p005386,stereogum.com,rtb.openx.net,response,2.6-202606,True,0,0,0
p005387,stereogum.com,rtb.openx.net,response,2.6-202606,True,0,0,0
p005388,stereogum.com,rtb.openx.net,response,2.6-202606,True,0,0,0
p005389,boredpanda.com,rtb.openx.net,response,2.6-202606,True,0,0,0
p005390,boredpanda.com,rtb.openx.net,response,2.6-202606,True,0,0,0
p005391,boredpanda.com,rtb.openx.net,response,2.6-202606,True,0,0,0
p005392,boredpanda.com,rtb.openx.net,response,2.6-202606,True,0,0,0
p005393,boredpanda.com,rtb.openx.net,response,2.6-202606,True,0,0,0
p005394,distractify.com,rtb.openx.net,response,2.6-202606,True,0,0,0
p005395,buzzfeed.com,rtb.openx.net,response,2.6-202606,True,0,0,0
p005396,buzzfeed.com,rtb.openx.net,response,2.6-202606,True,0,0,0
p005397,buzzfeed.com,rtb.openx.net,response,2.6-202606,True,0,0,0
p005398,buzzfeed.com,rtb.openx.net,response,2.6-202606,True,0,0,0
p005399,buzzfeed.com,rtb.openx.net,response,2.6-202606,True,0,0,0
p005400,buzzfeed.com,rtb.openx.net,response,2.6-202606,True,0,0,0
p005401,buzzfeed.com,rtb.openx.net,response,2.6-202606,True,0,0,0
p005402,buzzfeed.com,rtb.openx.net,response,2.6-202606,True,0,0,0
p005403,distractify.com,rtb.openx.net,response,2.6-202606,True,0,0,0
p005404,distractify.com,rtb.openx.net,response,2.6-202606,True,0,0,0
p005405,distractify.com,rtb.openx.net,response,2.6-202606,True,0,0,0
p005406,distractify.com,rtb.openx.net,response,2.6-202606,True,0,0,0
p005407,buzzfeed.com,rtb.openx.net,response,2.6-202606,True,0,0,0
p005408,buzzfeed.com,rtb.openx.net,response,2.6-202606,True,0,0,0
p005409,buzzfeed.com,rtb.openx.net,response,2.6-202606,True,0,0,0
p005410,buzzfeed.com,rtb.openx.net,response,2.6-202606,True,0,0,0
p005411,buzzfeed.com,rtb.openx.net,response,2.6-202606,True,0,0,0
p005412,buzzfeed.com,rtb.openx.net,response,2.6-202606,True,0,0,0
p005413,buzzfeed.com,rtb.openx.net,response,2.6-202606,True,0,0,0
p005414,buzzfeed.com,rtb.openx.net,response,2.6-202606,True,0,0,0
p005415,ranker.com,rtb.openx.net,response,2.6-202606,True,0,0,0
p005416,grunge.com,rtb.openx.net,response,2.6-202606,True,0,0,0
p005417,ranker.com,rtb.openx.net,response,2.6-202606,True,0,0,0
p005418,ranker.com,rtb.openx.net,response,2.6-202606,True,0,0,0
p005419,ranker.com,rtb.openx.net,response,2.6-202606,True,0,0,0
p005420,ranker.com,rtb.openx.net,response,2.6-202606,True,0,0,0
p005421,ranker.com,rtb.openx.net,response,2.6-202606,True,0,0,0
p005422,ranker.com,rtb.openx.net,response,2.6-202606,True,0,0,0
p005423,ranker.com,rtb.openx.net,response,2.6-202606,True,0,0,0
p005424,ranker.com,rtb.openx.net,response,2.6-202606,True,0,0,0
p005425,grunge.com,rtb.openx.net,response,2.6-202606,True,0,0,0
p005426,grunge.com,rtb.openx.net,response,2.6-202606,True,0,0,0
p005427,grunge.com,rtb.openx.net,response,2.6-202606,True,0,0,0
p005428,grunge.com,rtb.openx.net,response,2.6-202606,True,0,0,0
p005429,grunge.com,rtb.openx.net,response,2.6-202606,True,0,0,0
p005430,grunge.com,rtb.openx.net,response,2.6-202606,True,0,0,0
p005431,grunge.com,rtb.openx.net,response,2.6-202606,True,0,0,0
p005432,grunge.com,rtb.openx.net,response,2.6-202606,True,0,0,0
p005433,grunge.com,rtb.openx.net,response,2.6-202606,True,0,0,0
p005434,ranker.com,rtb.openx.net,response,2.6-202606,True,0,0,0
p005435,grunge.com,rtb.openx.net,response,2.6-202606,True,0,0,0
p005436,grunge.com,rtb.openx.net,response,2.6-202606,True,0,0,0
p005437,grunge.com,rtb.openx.net,response,2.6-202606,True,0,0,0
p005438,ranker.com,rtb.openx.net,response,2.6-202606,True,0,0,0
p005439,ranker.com,rtb.openx.net,response,2.6-202606,True,0,0,0
p005440,ranker.com,rtb.openx.net,response,2.6-202606,True,0,0,0
p005441,grunge.com,rtb.openx.net,response,2.6-202606,True,0,0,0
p005442,grunge.com,rtb.openx.net,response,2.6-202606,True,0,0,0
p005443,slashfilm.com,rtb.openx.net,response,2.6-202606,True,0,0,0
p005444,looper.com,rtb.openx.net,response,2.6-202606,True,0,0,0
p005445,slashfilm.com,rtb.openx.net,response,2.6-202606,True,0,0,0
p005446,slashfilm.com,rtb.openx.net,response,2.6-202606,True,0,0,0
p005447,mashed.com,rtb.openx.net,response,2.6-202606,True,0,0,0
p005448,mashed.com,rtb.openx.net,response,2.6-202606,True,0,0,0
p005449,slashfilm.com,rtb.openx.net,response,2.6-202606,True,0,0,0
p005450,slashfilm.com,rtb.openx.net,response,2.6-202606,True,0,0,0
p005451,tastingtable.com,rtb.openx.net,response,2.6-202606,True,0,0,0
p005452,sfgate.com,rtb.openx.net,response,2.6-202606,True,0,0,0
p005453,sfgate.com,rtb.openx.net,response,2.6-202606,True,0,0,0
p005454,sfgate.com,rtb.openx.net,response,2.6-202606,True,0,0,0
p005455,distractify.com,s2s.lngtd.com,request,2.6-202606,False,3,2,1
p005456,distractify.com,s2s.lngtd.com,request,2.6-202606,False,1,1,0
p005457,distractify.com,s2s.lngtd.com,request,2.6-202606,False,3,2,1
p005458,distractify.com,s2s.lngtd.com,request,2.6-202606,False,2,2,0
p005459,distractify.com,s2s.lngtd.com,request,2.6-202606,False,3,2,1
p005460,distractify.com,s2s.lngtd.com,response,2.6-202606,True,1,0,1
p005461,distractify.com,s2s.lngtd.com,response,2.6-202606,True,0,0,0
p005462,distractify.com,s2s.lngtd.com,response,2.6-202606,True,1,0,1
p005463,distractify.com,s2s.lngtd.com,response,2.6-202606,True,1,0,1
p005464,distractify.com,s2s.lngtd.com,response,2.6-202606,True,1,0,1
p005465,eurogamer.net,server.cpmstar.com,request,2.6-202606,False,3,2,1
p005466,rockpapershotgun.com,server.cpmstar.com,request,2.6-202606,False,3,2,1
p005467,eurogamer.net,server.cpmstar.com,request,2.6-202606,False,3,2,1
p005468,eurogamer.net,server.cpmstar.com,request,2.6-202606,False,3,2,1
p005469,vg247.com,server.cpmstar.com,request,2.6-202606,False,3,2,1
p005470,sportingnews.com,server.cpmstar.com,request,2.6-202606,False,2,2,0
p005471,sportingnews.com,server.cpmstar.com,request,2.6-202606,False,2,2,0
p005472,variety.com,srv.scalibur.io,request,2.6-202606,True,0,0,0
p005473,variety.com,srv.scalibur.io,request,2.6-202606,False,1,1,0
p005474,variety.com,srv.scalibur.io,request,2.6-202606,False,1,1,0
p005475,deadline.com,srv.scalibur.io,request,2.6-202606,True,0,0,0
p005476,hollywoodreporter.com,srv.scalibur.io,request,2.6-202606,True,1,0,1
p005477,hollywoodreporter.com,srv.scalibur.io,request,2.6-202606,True,1,0,1
p005478,rollingstone.com,srv.scalibur.io,request,2.6-202606,True,0,0,0
p005479,hollywoodreporter.com,srv.scalibur.io,request,2.6-202606,False,3,1,2
p005480,hollywoodreporter.com,srv.scalibur.io,request,2.6-202606,True,1,0,1
p005481,hollywoodreporter.com,srv.scalibur.io,request,2.6-202606,True,0,0,0
p005482,hollywoodreporter.com,srv.scalibur.io,request,2.6-202606,True,0,0,0
p005483,rollingstone.com,srv.scalibur.io,request,2.6-202606,False,1,1,0
p005484,rollingstone.com,srv.scalibur.io,request,2.6-202606,False,1,1,0
p005485,billboard.com,srv.scalibur.io,request,2.6-202606,True,0,0,0
p005486,billboard.com,srv.scalibur.io,request,2.6-202606,True,0,0,0
p005487,billboard.com,srv.scalibur.io,request,2.6-202606,True,0,0,0
p005488,billboard.com,srv.scalibur.io,request,2.6-202606,True,0,0,0
p005489,billboard.com,srv.scalibur.io,request,2.6-202606,False,1,1,0
p005490,variety.com,srv.scalibur.io,response,2.6-202606,False,10,9,1
p005491,variety.com,srv.scalibur.io,response,2.6-202606,False,20,18,2
p005492,variety.com,srv.scalibur.io,response,2.6-202606,False,10,9,1
p005493,deadline.com,srv.scalibur.io,response,2.6-202606,False,20,18,2
p005494,hollywoodreporter.com,srv.scalibur.io,response,2.6-202606,False,10,9,1
p005495,rollingstone.com,srv.scalibur.io,response,2.6-202606,False,20,18,2
p005496,hollywoodreporter.com,srv.scalibur.io,response,2.6-202606,False,1,1,0
p005497,hollywoodreporter.com,srv.scalibur.io,response,2.6-202606,False,21,20,1
p005498,hollywoodreporter.com,srv.scalibur.io,response,2.6-202606,False,20,18,2
p005499,hollywoodreporter.com,srv.scalibur.io,response,2.6-202606,False,1,1,0
p005500,rollingstone.com,srv.scalibur.io,response,2.6-202606,False,30,27,3
p005501,billboard.com,srv.scalibur.io,response,2.6-202606,False,10,9,1
p005502,rollingstone.com,srv.scalibur.io,response,2.6-202606,False,20,18,2
p005503,billboard.com,srv.scalibur.io,response,2.6-202606,False,30,27,3
p005504,billboard.com,srv.scalibur.io,response,2.6-202606,False,1,1,0
p005505,billboard.com,srv.scalibur.io,response,2.6-202606,False,10,9,1
p005506,billboard.com,srv.scalibur.io,response,2.6-202606,False,1,1,0
p005507,salon.com,ssb-global.smartadserver.com,request,2.6-202606,False,1,1,0
p005508,salon.com,ssb-global.smartadserver.com,request,2.6-202606,False,1,1,0
p005509,vox.com,ssb-global.smartadserver.com,request,2.6-202606,False,1,1,0
p005510,vox.com,ssb-global.smartadserver.com,request,2.6-202606,False,1,1,0
p005511,vox.com,ssb-global.smartadserver.com,request,2.6-202606,False,1,1,0
p005512,salon.com,ssb-global.smartadserver.com,request,2.6-202606,False,1,1,0
p005513,salon.com,ssb-global.smartadserver.com,request,2.6-202606,False,1,1,0
p005514,salon.com,ssb-global.smartadserver.com,request,2.6-202606,False,1,1,0
p005515,salon.com,ssb-global.smartadserver.com,request,2.6-202606,False,3,2,1
p005516,salon.com,ssb-global.smartadserver.com,request,2.6-202606,False,1,1,0
p005517,salon.com,ssb-global.smartadserver.com,request,2.6-202606,False,1,1,0
p005518,salon.com,ssb-global.smartadserver.com,request,2.6-202606,False,3,2,1
p005519,salon.com,ssb-global.smartadserver.com,request,2.6-202606,False,1,1,0
p005520,salon.com,ssb-global.smartadserver.com,request,2.6-202606,False,1,1,0
p005521,theverge.com,ssb-global.smartadserver.com,request,2.6-202606,False,1,1,0
p005522,theverge.com,ssb-global.smartadserver.com,request,2.6-202606,False,1,1,0
p005523,theverge.com,ssb-global.smartadserver.com,request,2.6-202606,False,1,1,0
p005524,theverge.com,ssb-global.smartadserver.com,request,2.6-202606,False,1,1,0
p005525,salon.com,ssb-global.smartadserver.com,request,2.6-202606,False,1,1,0
p005526,salon.com,ssb-global.smartadserver.com,request,2.6-202606,False,1,1,0
p005527,salon.com,ssb-global.smartadserver.com,request,2.6-202606,False,1,1,0
p005528,vox.com,ssb-global.smartadserver.com,request,2.6-202606,False,1,1,0
p005529,salon.com,ssb-global.smartadserver.com,request,2.6-202606,False,1,1,0
p005530,salon.com,ssb-global.smartadserver.com,request,2.6-202606,False,3,2,1
p005531,theverge.com,ssb-global.smartadserver.com,request,2.6-202606,False,1,1,0
p005532,theverge.com,ssb-global.smartadserver.com,request,2.6-202606,False,1,1,0
p005533,vox.com,ssb-global.smartadserver.com,request,2.6-202606,False,1,1,0
p005534,vox.com,ssb-global.smartadserver.com,request,2.6-202606,False,1,1,0
p005535,vox.com,ssb-global.smartadserver.com,request,2.6-202606,False,1,1,0
p005536,vox.com,ssb-global.smartadserver.com,request,2.6-202606,False,1,1,0
p005537,engadget.com,ssb-global.smartadserver.com,request,2.6-202606,False,1,1,0
p005538,engadget.com,ssb-global.smartadserver.com,request,2.6-202606,False,3,2,1
p005539,vox.com,ssb-global.smartadserver.com,request,2.6-202606,False,1,1,0
p005540,engadget.com,ssb-global.smartadserver.com,request,2.6-202606,False,3,2,1
p005541,theverge.com,ssb-global.smartadserver.com,request,2.6-202606,False,1,1,0
p005542,theverge.com,ssb-global.smartadserver.com,request,2.6-202606,False,1,1,0
p005543,theverge.com,ssb-global.smartadserver.com,request,2.6-202606,False,1,1,0
p005544,theverge.com,ssb-global.smartadserver.com,request,2.6-202606,False,1,1,0
p005545,theverge.com,ssb-global.smartadserver.com,request,2.6-202606,False,1,1,0
p005546,engadget.com,ssb-global.smartadserver.com,request,2.6-202606,False,1,1,0
p005547,engadget.com,ssb-global.smartadserver.com,request,2.6-202606,False,3,2,1
p005548,macrumors.com,ssb-global.smartadserver.com,request,2.6-202606,False,1,1,0
p005549,macrumors.com,ssb-global.smartadserver.com,request,2.6-202606,False,1,1,0
p005550,macrumors.com,ssb-global.smartadserver.com,request,2.6-202606,False,1,1,0
p005551,macrumors.com,ssb-global.smartadserver.com,request,2.6-202606,False,3,2,1
p005552,macrumors.com,ssb-global.smartadserver.com,request,2.6-202606,False,1,1,0
p005553,macrumors.com,ssb-global.smartadserver.com,request,2.6-202606,False,1,1,0
p005554,macrumors.com,ssb-global.smartadserver.com,request,2.6-202606,False,1,1,0
p005555,macrumors.com,ssb-global.smartadserver.com,request,2.6-202606,False,1,1,0
p005556,macrumors.com,ssb-global.smartadserver.com,request,2.6-202606,False,1,1,0
p005557,macrumors.com,ssb-global.smartadserver.com,request,2.6-202606,False,1,1,0
p005558,macrumors.com,ssb-global.smartadserver.com,request,2.6-202606,False,1,1,0
p005559,macrumors.com,ssb-global.smartadserver.com,request,2.6-202606,False,1,1,0
p005560,sportingnews.com,ssb-global.smartadserver.com,request,2.6-202606,False,1,1,0
p005561,benzinga.com,ssb-global.smartadserver.com,request,2.6-202606,False,1,1,0
p005562,benzinga.com,ssb-global.smartadserver.com,request,2.6-202606,False,1,1,0
p005563,stereogum.com,ssb-global.smartadserver.com,request,2.6-202606,False,1,1,0
p005564,stereogum.com,ssb-global.smartadserver.com,request,2.6-202606,False,1,1,0
p005565,stereogum.com,ssb-global.smartadserver.com,request,2.6-202606,False,3,2,1
p005566,thrillist.com,ssb-global.smartadserver.com,request,2.6-202606,False,1,1,0
p005567,thrillist.com,ssb-global.smartadserver.com,request,2.6-202606,False,1,1,0
p005568,thrillist.com,ssb-global.smartadserver.com,request,2.6-202606,False,1,1,0
p005569,stereogum.com,ssb-global.smartadserver.com,request,2.6-202606,False,1,1,0
p005570,stereogum.com,ssb-global.smartadserver.com,request,2.6-202606,False,3,2,1
p005571,thrillist.com,ssb-global.smartadserver.com,request,2.6-202606,False,1,1,0
p005572,thrillist.com,ssb-global.smartadserver.com,request,2.6-202606,False,1,1,0
p005573,thrillist.com,ssb-global.smartadserver.com,request,2.6-202606,False,1,1,0
p005574,thrillist.com,ssb-global.smartadserver.com,request,2.6-202606,False,1,1,0
p005575,thrillist.com,ssb-global.smartadserver.com,request,2.6-202606,False,1,1,0
p005576,boredpanda.com,ssb-global.smartadserver.com,request,2.6-202606,False,1,1,0
p005577,boredpanda.com,ssb-global.smartadserver.com,request,2.6-202606,False,1,1,0
p005578,boredpanda.com,ssb-global.smartadserver.com,request,2.6-202606,False,1,1,0
p005579,boredpanda.com,ssb-global.smartadserver.com,request,2.6-202606,False,1,1,0
p005580,ladbible.com,ssb-global.smartadserver.com,request,2.6-202606,False,2,1,1
p005581,ladbible.com,ssb-global.smartadserver.com,request,2.6-202606,False,2,1,1
p005582,ladbible.com,ssb-global.smartadserver.com,request,2.6-202606,False,1,1,0
p005583,ladbible.com,ssb-global.smartadserver.com,request,2.6-202606,False,1,1,0
p005584,ladbible.com,ssb-global.smartadserver.com,request,2.6-202606,False,1,1,0
p005585,ladbible.com,ssb-global.smartadserver.com,request,2.6-202606,False,1,1,0
p005586,ladbible.com,ssb-global.smartadserver.com,request,2.6-202606,False,1,1,0
p005587,ladbible.com,ssb-global.smartadserver.com,request,2.6-202606,False,1,1,0
p005588,ladbible.com,ssb-global.smartadserver.com,request,2.6-202606,False,1,1,0
p005589,ladbible.com,ssb-global.smartadserver.com,request,2.6-202606,False,1,1,0
p005590,ladbible.com,ssb-global.smartadserver.com,request,2.6-202606,False,1,1,0
p005591,ladbible.com,ssb-global.smartadserver.com,request,2.6-202606,False,1,1,0
p005592,distractify.com,ssb-global.smartadserver.com,request,2.6-202606,False,4,3,1
p005593,ladbible.com,ssb-global.smartadserver.com,request,2.6-202606,False,2,1,1
p005594,distractify.com,ssb-global.smartadserver.com,request,2.6-202606,False,2,2,0
p005595,distractify.com,ssb-global.smartadserver.com,request,2.6-202606,False,4,3,1
p005596,distractify.com,ssb-global.smartadserver.com,request,2.6-202606,False,2,2,0
p005597,distractify.com,ssb-global.smartadserver.com,request,2.6-202606,False,2,2,0
p005598,distractify.com,ssb-global.smartadserver.com,request,2.6-202606,False,4,3,1
p005599,ranker.com,ssb-global.smartadserver.com,request,2.6-202606,False,1,1,0
p005600,grunge.com,ssb-global.smartadserver.com,request,2.6-202606,False,1,1,0
p005601,ranker.com,ssb-global.smartadserver.com,request,2.6-202606,False,1,1,0
p005602,ranker.com,ssb-global.smartadserver.com,request,2.6-202606,False,1,1,0
p005603,ranker.com,ssb-global.smartadserver.com,request,2.6-202606,False,1,1,0
p005604,ranker.com,ssb-global.smartadserver.com,request,2.6-202606,False,3,2,1
p005605,ranker.com,ssb-global.smartadserver.com,request,2.6-202606,False,1,1,0
p005606,ranker.com,ssb-global.smartadserver.com,request,2.6-202606,False,1,1,0
p005607,grunge.com,ssb-global.smartadserver.com,request,2.6-202606,False,1,1,0
p005608,grunge.com,ssb-global.smartadserver.com,request,2.6-202606,False,3,2,1
p005609,grunge.com,ssb-global.smartadserver.com,request,2.6-202606,False,1,1,0
p005610,grunge.com,ssb-global.smartadserver.com,request,2.6-202606,False,3,2,1
p005611,grunge.com,ssb-global.smartadserver.com,request,2.6-202606,False,1,1,0
p005612,grunge.com,ssb-global.smartadserver.com,request,2.6-202606,False,1,1,0
p005613,grunge.com,ssb-global.smartadserver.com,request,2.6-202606,False,1,1,0
p005614,grunge.com,ssb-global.smartadserver.com,request,2.6-202606,False,1,1,0
p005615,grunge.com,ssb-global.smartadserver.com,request,2.6-202606,False,1,1,0
p005616,grunge.com,ssb-global.smartadserver.com,request,2.6-202606,False,1,1,0
p005617,grunge.com,ssb-global.smartadserver.com,request,2.6-202606,False,1,1,0
p005618,grunge.com,ssb-global.smartadserver.com,request,2.6-202606,False,1,1,0
p005619,grunge.com,ssb-global.smartadserver.com,request,2.6-202606,False,3,2,1
p005620,slashfilm.com,ssb-global.smartadserver.com,request,2.6-202606,False,1,1,0
p005621,mashed.com,ssb-global.smartadserver.com,request,2.6-202606,False,1,1,0
p005622,mashed.com,ssb-global.smartadserver.com,request,2.6-202606,False,3,2,1
p005623,tastingtable.com,ssb-global.smartadserver.com,request,2.6-202606,False,1,1,0
p005624,sfgate.com,ssb-global.smartadserver.com,request,2.6-202606,False,3,2,1
p005625,sfgate.com,ssb-global.smartadserver.com,request,2.6-202606,False,4,3,1
p005626,vox.com,ssb-global.smartadserver.com,response,2.6-202606,False,1,1,0
p005627,vox.com,ssb-global.smartadserver.com,response,2.6-202606,False,1,1,0
p005628,thrillist.com,ssb-global.smartadserver.com,response,2.6-202606,False,1,1,0
p005629,thrillist.com,ssb-global.smartadserver.com,response,2.6-202606,False,1,1,0
p005630,stereogum.com,ssb-global.smartadserver.com,response,2.6-202606,False,1,1,0
p005631,thrillist.com,ssb-global.smartadserver.com,response,2.6-202606,False,1,1,0
p005632,thrillist.com,ssb-global.smartadserver.com,response,2.6-202606,False,1,1,0
p005633,ladbible.com,ssb-global.smartadserver.com,response,2.6-202606,False,1,1,0
p005634,ladbible.com,ssb-global.smartadserver.com,response,2.6-202606,False,1,1,0
p005635,ladbible.com,ssb-global.smartadserver.com,response,2.6-202606,False,1,1,0
p005636,ladbible.com,ssb-global.smartadserver.com,response,2.6-202606,False,1,1,0
p005637,ladbible.com,ssb-global.smartadserver.com,response,2.6-202606,False,1,1,0
p005638,huffpost.com,ssc.33across.com,request,2.6-202606,False,1,1,0
p005639,huffpost.com,ssc.33across.com,request,2.6-202606,False,2,1,1
p005640,huffpost.com,ssc.33across.com,request,2.6-202606,False,1,1,0
p005641,huffpost.com,ssc.33across.com,request,2.6-202606,False,2,1,1
p005642,huffpost.com,ssc.33across.com,request,2.6-202606,False,2,1,1
p005643,huffpost.com,ssc.33across.com,request,2.6-202606,False,2,1,1
p005644,huffpost.com,ssc.33across.com,request,2.6-202606,False,1,1,0
p005645,huffpost.com,ssc.33across.com,request,2.6-202606,False,2,1,1
p005646,huffpost.com,ssc.33across.com,request,2.6-202606,False,1,1,0
p005647,huffpost.com,ssc.33across.com,request,2.6-202606,False,2,1,1
p005648,huffpost.com,ssc.33across.com,request,2.6-202606,False,1,1,0
p005649,huffpost.com,ssc.33across.com,response,2.6-202606,False,1,1,0
p005650,huffpost.com,ssc.33across.com,response,2.6-202606,False,1,1,0
p005651,huffpost.com,ssc.33across.com,response,2.6-202606,False,1,1,0
p005652,huffpost.com,ssc.33across.com,response,2.6-202606,False,1,1,0
p005653,huffpost.com,ssc.33across.com,response,2.6-202606,False,1,1,0
p005654,huffpost.com,ssc.33across.com,response,2.6-202606,False,1,1,0
p005655,huffpost.com,ssc.33across.com,response,2.6-202606,False,1,1,0
p005656,huffpost.com,ssc.33across.com,response,2.6-202606,True,0,0,0
p005657,huffpost.com,ssc.33across.com,response,2.6-202606,False,1,1,0
p005658,huffpost.com,ssc.33across.com,response,2.6-202606,False,1,1,0
p005659,huffpost.com,ssc.33across.com,response,2.6-202606,True,0,0,0
p005660,techcrunch.com,ssp.disqus.com,request,2.6-202606,True,0,0,0
p005661,techcrunch.com,ssp.disqus.com,request,2.6-202606,True,0,0,0
p005662,techcrunch.com,ssp.disqus.com,request,2.6-202606,True,0,0,0
p005663,techcrunch.com,ssp.disqus.com,request,2.6-202606,True,0,0,0
p005664,techcrunch.com,ssp.disqus.com,request,2.6-202606,True,0,0,0
p005665,techcrunch.com,ssp.disqus.com,request,2.6-202606,True,0,0,0
p005666,techcrunch.com,ssp.disqus.com,request,2.6-202606,True,0,0,0
p005667,techcrunch.com,ssp.disqus.com,request,2.6-202606,True,0,0,0
p005668,nypost.com,ssp.wknd.ai,request,2.5,False,2,2,0
p005669,nypost.com,ssp.wknd.ai,request,2.5,False,3,3,0
p005670,pagesix.com,ssp.wknd.ai,request,2.5,False,2,2,0
p005671,pagesix.com,ssp.wknd.ai,request,2.5,False,2,2,0
p005672,pagesix.com,ssp.wknd.ai,request,2.5,False,3,3,0
p005673,pagesix.com,ssp.wknd.ai,request,2.5,False,2,2,0
p005674,nypost.com,ssp.wknd.ai,request,2.5,False,2,2,0
p005675,nypost.com,ssp.wknd.ai,request,2.5,False,3,3,0
p005676,pagesix.com,ssp.wknd.ai,request,2.5,False,2,2,0
p005677,pagesix.com,ssp.wknd.ai,request,2.5,False,2,2,0
p005678,pagesix.com,ssp.wknd.ai,request,2.5,False,2,2,0
p005679,pagesix.com,ssp.wknd.ai,request,2.5,False,3,3,0
p005680,pagesix.com,ssp.wknd.ai,request,2.5,False,2,2,0
p005681,pagesix.com,ssp.wknd.ai,request,2.5,False,2,2,0
p005682,pagesix.com,ssp.wknd.ai,request,2.5,False,2,2,0
p005683,pagesix.com,ssp.wknd.ai,request,2.5,False,3,3,0
p005684,pagesix.com,ssp.wknd.ai,request,2.5,False,2,2,0
p005685,pagesix.com,ssp.wknd.ai,request,2.5,False,2,2,0
p005686,pagesix.com,ssp.wknd.ai,request,2.5,False,2,2,0
p005687,pagesix.com,ssp.wknd.ai,request,2.5,False,3,3,0
p005688,pagesix.com,ssp.wknd.ai,request,2.5,False,2,2,0
p005689,pagesix.com,ssp.wknd.ai,request,2.5,False,2,2,0
p005690,chicagotribune.com,ssp.wknd.ai,request,2.5,False,3,3,0
p005691,chicagotribune.com,ssp.wknd.ai,request,2.5,False,2,2,0
p005692,chicagotribune.com,ssp.wknd.ai,request,2.5,False,2,2,0
p005693,chicagotribune.com,ssp.wknd.ai,request,2.5,False,2,2,0
p005694,chicagotribune.com,ssp.wknd.ai,request,2.5,False,3,3,0
p005695,chicagotribune.com,ssp.wknd.ai,request,2.5,False,2,2,0
p005696,nydailynews.com,ssp.wknd.ai,request,2.5,False,3,3,0
p005697,nydailynews.com,ssp.wknd.ai,request,2.5,False,2,2,0
p005698,nydailynews.com,ssp.wknd.ai,request,2.5,False,2,2,0
p005699,nydailynews.com,ssp.wknd.ai,request,2.5,False,2,2,0
p005700,nydailynews.com,ssp.wknd.ai,request,2.5,False,2,2,0
p005701,nydailynews.com,ssp.wknd.ai,request,2.5,False,3,3,0
p005702,nydailynews.com,ssp.wknd.ai,request,2.5,False,2,2,0
p005703,nydailynews.com,ssp.wknd.ai,request,2.5,False,2,2,0
p005704,vox.com,ssp.wknd.ai,request,2.5,False,3,3,0
p005705,vox.com,ssp.wknd.ai,request,2.5,False,2,2,0
p005706,androidauthority.com,ssp.wknd.ai,request,2.5,False,3,3,0
p005707,androidauthority.com,ssp.wknd.ai,request,2.5,False,2,2,0
p005708,androidauthority.com,ssp.wknd.ai,request,2.5,False,3,3,0
p005709,androidauthority.com,ssp.wknd.ai,request,2.5,False,2,2,0
p005710,cbssports.com,ssp.wknd.ai,request,2.5,False,2,2,0
p005711,cbssports.com,ssp.wknd.ai,request,2.5,False,3,3,0
p005712,cbssports.com,ssp.wknd.ai,request,2.5,False,2,2,0
p005713,cbssports.com,ssp.wknd.ai,request,2.5,False,3,3,0
p005714,talksport.com,ssp.wknd.ai,request,2.5,False,3,3,0
p005715,talksport.com,ssp.wknd.ai,request,2.5,False,2,2,0
p005716,weather.com,ssp.wknd.ai,request,2.5,False,3,3,0
p005717,weather.com,ssp.wknd.ai,request,2.5,False,2,2,0
p005718,wunderground.com,ssp.wknd.ai,request,2.5,False,3,3,0
p005719,wunderground.com,ssp.wknd.ai,request,2.5,False,2,2,0
p005720,tasteofhome.com,ssp.wknd.ai,request,2.5,False,3,3,0
p005721,tasteofhome.com,ssp.wknd.ai,request,2.5,False,2,2,0
p005722,tasteofhome.com,ssp.wknd.ai,request,2.5,False,8,8,0
p005723,thrillist.com,ssp.wknd.ai,request,2.5,False,3,3,0
p005724,thrillist.com,ssp.wknd.ai,request,2.5,False,2,2,0
p005725,boredpanda.com,ssp.wknd.ai,request,2.5,False,3,3,0
p005726,boredpanda.com,ssp.wknd.ai,request,2.5,False,2,2,0
p005727,boredpanda.com,ssp.wknd.ai,request,2.5,False,3,3,0
p005728,boredpanda.com,ssp.wknd.ai,request,2.5,False,2,2,0
p005729,nypost.com,ssp.wknd.ai,response,2.6-202606,False,3,3,0
p005730,nypost.com,ssp.wknd.ai,response,2.6-202606,False,2,2,0
p005731,pagesix.com,ssp.wknd.ai,response,2.6-202606,False,2,2,0
p005732,chicagotribune.com,ssp.wknd.ai,response,2.6-202606,False,2,2,0
p005733,nydailynews.com,ssp.wknd.ai,response,2.6-202606,False,2,2,0
p005734,nydailynews.com,ssp.wknd.ai,response,2.6-202606,False,2,2,0
p005735,cbssports.com,ssp.wknd.ai,response,2.6-202606,False,3,3,0
p005736,weather.com,ssp.wknd.ai,response,2.6-202606,False,2,2,0
p005737,tmz.com,tv.springserve.com,request,2.6-202606,False,2,1,1
p005738,tmz.com,tv.springserve.com,response,2.6-202606,True,1,0,1
p005739,tmz.com,vpb-server.jwplayer.com,request,2.6-202606,True,1,0,1
p005740,newsweek.com,web.ads.aps.amazon-adsystem.com,request,2.6-202606,False,2,2,0
p005741,newsweek.com,web.ads.aps.amazon-adsystem.com,request,2.6-202606,False,2,2,0
p005742,newsweek.com,web.ads.aps.amazon-adsystem.com,request,2.6-202606,False,2,2,0
p005743,digitaltrends.com,web.ads.aps.amazon-adsystem.com,request,2.6-202606,False,2,2,0
p005744,digitaltrends.com,web.ads.aps.amazon-adsystem.com,request,2.6-202606,False,2,2,0
p005745,digitaltrends.com,web.ads.aps.amazon-adsystem.com,request,2.6-202606,False,1,1,0
p005746,macrumors.com,web.ads.aps.amazon-adsystem.com,request,2.6-202606,True,0,0,0
p005747,macrumors.com,web.ads.aps.amazon-adsystem.com,request,2.6-202606,True,0,0,0
p005748,macrumors.com,web.ads.aps.amazon-adsystem.com,request,2.6-202606,False,2,1,1
p005749,macrumors.com,web.ads.aps.amazon-adsystem.com,request,2.6-202606,True,0,0,0
p005750,macrumors.com,web.ads.aps.amazon-adsystem.com,request,2.6-202606,True,0,0,0
p005751,macrumors.com,web.ads.aps.amazon-adsystem.com,request,2.6-202606,True,0,0,0
p005752,macrumors.com,web.ads.aps.amazon-adsystem.com,request,2.6-202606,True,0,0,0
p005753,macrumors.com,web.ads.aps.amazon-adsystem.com,request,2.6-202606,True,0,0,0
p005754,macrumors.com,web.ads.aps.amazon-adsystem.com,request,2.6-202606,True,0,0,0
p005755,macrumors.com,web.ads.aps.amazon-adsystem.com,request,2.6-202606,True,0,0,0
p005756,macrumors.com,web.ads.aps.amazon-adsystem.com,request,2.6-202606,True,0,0,0
p005757,macrumors.com,web.ads.aps.amazon-adsystem.com,request,2.6-202606,True,0,0,0
p005758,macrumors.com,web.ads.aps.amazon-adsystem.com,request,2.6-202606,True,0,0,0
p005759,macrumors.com,web.ads.aps.amazon-adsystem.com,request,2.6-202606,True,0,0,0
p005760,macrumors.com,web.ads.aps.amazon-adsystem.com,request,2.6-202606,False,2,1,1
p005761,macrumors.com,web.ads.aps.amazon-adsystem.com,request,2.6-202606,True,0,0,0
p005762,macrumors.com,web.ads.aps.amazon-adsystem.com,request,2.6-202606,True,0,0,0
p005763,macrumors.com,web.ads.aps.amazon-adsystem.com,request,2.6-202606,True,0,0,0
p005764,macrumors.com,web.ads.aps.amazon-adsystem.com,request,2.6-202606,True,0,0,0
p005765,macrumors.com,web.ads.aps.amazon-adsystem.com,request,2.6-202606,True,0,0,0
p005766,macrumors.com,web.ads.aps.amazon-adsystem.com,request,2.6-202606,True,0,0,0
p005767,macrumors.com,web.ads.aps.amazon-adsystem.com,request,2.6-202606,True,0,0,0
p005768,macrumors.com,web.ads.aps.amazon-adsystem.com,request,2.6-202606,True,0,0,0
p005769,makeuseof.com,web.ads.aps.amazon-adsystem.com,request,2.6-202606,False,2,1,1
p005770,makeuseof.com,web.ads.aps.amazon-adsystem.com,request,2.6-202606,True,0,0,0
p005771,cbr.com,web.ads.aps.amazon-adsystem.com,request,2.6-202606,False,2,1,1
p005772,cbr.com,web.ads.aps.amazon-adsystem.com,request,2.6-202606,True,0,0,0
p005773,goal.com,web.ads.aps.amazon-adsystem.com,request,2.6-202606,False,4,4,0
p005774,goal.com,web.ads.aps.amazon-adsystem.com,request,2.6-202606,False,4,4,0
p005775,benzinga.com,web.ads.aps.amazon-adsystem.com,request,2.6-202606,True,0,0,0
p005776,benzinga.com,web.ads.aps.amazon-adsystem.com,request,2.6-202606,True,0,0,0
p005777,stereogum.com,web.ads.aps.amazon-adsystem.com,request,2.6-202606,True,0,0,0
p005778,stereogum.com,web.ads.aps.amazon-adsystem.com,request,2.6-202606,False,2,1,1
p005779,stereogum.com,web.ads.aps.amazon-adsystem.com,request,2.6-202606,True,0,0,0
p005780,stereogum.com,web.ads.aps.amazon-adsystem.com,request,2.6-202606,False,2,1,1
p005781,distractify.com,web.ads.aps.amazon-adsystem.com,request,2.6-202606,False,3,2,1
p005782,distractify.com,web.ads.aps.amazon-adsystem.com,request,2.6-202606,False,1,1,0
p005783,distractify.com,web.ads.aps.amazon-adsystem.com,request,2.6-202606,False,3,2,1
p005784,distractify.com,web.ads.aps.amazon-adsystem.com,request,2.6-202606,False,2,2,0
p005785,distractify.com,web.ads.aps.amazon-adsystem.com,request,2.6-202606,False,3,2,1
p005786,slashfilm.com,web.ads.aps.amazon-adsystem.com,request,2.6-202606,True,0,0,0
p005787,looper.com,web.ads.aps.amazon-adsystem.com,request,2.6-202606,False,2,1,1
p005788,slashfilm.com,web.ads.aps.amazon-adsystem.com,request,2.6-202606,True,0,0,0
p005789,slashfilm.com,web.ads.aps.amazon-adsystem.com,request,2.6-202606,False,2,1,1
p005790,mashed.com,web.ads.aps.amazon-adsystem.com,request,2.6-202606,True,0,0,0
p005791,mashed.com,web.ads.aps.amazon-adsystem.com,request,2.6-202606,False,2,1,1
p005792,slashfilm.com,web.ads.aps.amazon-adsystem.com,request,2.6-202606,False,2,1,1
p005793,tastingtable.com,web.ads.aps.amazon-adsystem.com,request,2.6-202606,True,0,0,0
p005794,newsweek.com,web.ads.aps.amazon-adsystem.com,response,2.6-202606,True,0,0,0
p005795,digitaltrends.com,web.ads.aps.amazon-adsystem.com,response,2.6-202606,True,0,0,0
p005796,digitaltrends.com,web.ads.aps.amazon-adsystem.com,response,2.6-202606,True,0,0,0
p005797,macrumors.com,web.ads.aps.amazon-adsystem.com,response,2.6-202606,True,0,0,0
p005798,macrumors.com,web.ads.aps.amazon-adsystem.com,response,2.6-202606,True,0,0,0
p005799,macrumors.com,web.ads.aps.amazon-adsystem.com,response,2.6-202606,True,0,0,0
p005800,macrumors.com,web.ads.aps.amazon-adsystem.com,response,2.6-202606,True,0,0,0
p005801,macrumors.com,web.ads.aps.amazon-adsystem.com,response,2.6-202606,True,0,0,0
p005802,macrumors.com,web.ads.aps.amazon-adsystem.com,response,2.6-202606,True,0,0,0
p005803,macrumors.com,web.ads.aps.amazon-adsystem.com,response,2.6-202606,True,0,0,0
p005804,macrumors.com,web.ads.aps.amazon-adsystem.com,response,2.6-202606,True,0,0,0
p005805,macrumors.com,web.ads.aps.amazon-adsystem.com,response,2.6-202606,True,0,0,0
p005806,makeuseof.com,web.ads.aps.amazon-adsystem.com,response,2.6-202606,True,0,0,0
p005807,makeuseof.com,web.ads.aps.amazon-adsystem.com,response,2.6-202606,True,0,0,0
p005808,cbr.com,web.ads.aps.amazon-adsystem.com,response,2.6-202606,True,1,0,1
p005809,goal.com,web.ads.aps.amazon-adsystem.com,response,2.6-202606,True,0,0,0
p005810,goal.com,web.ads.aps.amazon-adsystem.com,response,2.6-202606,True,0,0,0
p005811,benzinga.com,web.ads.aps.amazon-adsystem.com,response,2.6-202606,True,0,0,0
p005812,stereogum.com,web.ads.aps.amazon-adsystem.com,response,2.6-202606,True,0,0,0
p005813,stereogum.com,web.ads.aps.amazon-adsystem.com,response,2.6-202606,True,0,0,0
p005814,slashfilm.com,web.ads.aps.amazon-adsystem.com,response,2.6-202606,True,0,0,0
p005815,looper.com,web.ads.aps.amazon-adsystem.com,response,2.6-202606,True,0,0,0
p005816,tastingtable.com,web.ads.aps.amazon-adsystem.com,response,2.6-202606,True,0,0,0
p005817,standard.co.uk,web.hb.ad.cpe.dotomi.com,request,2.6-202606,False,3,2,1
p005818,standard.co.uk,web.hb.ad.cpe.dotomi.com,request,2.6-202606,False,5,3,2
p005819,9to5mac.com,web.hb.ad.cpe.dotomi.com,request,2.6-202606,True,0,0,0
p005820,9to5mac.com,web.hb.ad.cpe.dotomi.com,request,2.6-202606,True,0,0,0
p005821,9to5mac.com,web.hb.ad.cpe.dotomi.com,request,2.6-202606,True,0,0,0
p005822,9to5mac.com,web.hb.ad.cpe.dotomi.com,request,2.6-202606,True,0,0,0
p005823,goal.com,web.hb.ad.cpe.dotomi.com,request,2.6-202606,True,0,0,0
p005824,goal.com,web.hb.ad.cpe.dotomi.com,request,2.6-202606,True,0,0,0
p005825,9to5mac.com,web.hb.ad.cpe.dotomi.com,response,2.6-202606,True,0,0,0
p005826,9to5mac.com,web.hb.ad.cpe.dotomi.com,response,2.6-202606,True,0,0,0
p005827,9to5mac.com,web.hb.ad.cpe.dotomi.com,response,2.6-202606,True,1,0,1
p005828,9to5mac.com,web.hb.ad.cpe.dotomi.com,response,2.6-202606,True,0,0,0
p005829,goal.com,web.hb.ad.cpe.dotomi.com,response,2.6-202606,True,0,0,0
p005830,goal.com,web.hb.ad.cpe.dotomi.com,response,2.6-202606,True,0,0,0
p005831,metro.co.uk,webc2s.pubgw.yahoo.com,request,2.5,True,0,0,0
p005832,metro.co.uk,webc2s.pubgw.yahoo.com,request,2.5,True,0,0,0
p005833,metro.co.uk,webc2s.pubgw.yahoo.com,request,2.5,True,0,0,0
p005834,metro.co.uk,webc2s.pubgw.yahoo.com,request,2.5,True,0,0,0
p005835,metro.co.uk,webc2s.pubgw.yahoo.com,response,2.6-202606,True,0,0,0
p005836,metro.co.uk,webc2s.pubgw.yahoo.com,response,2.6-202606,True,0,0,0
p005837,metro.co.uk,webc2s.pubgw.yahoo.com,response,2.6-202606,True,0,0,0
p005838,metro.co.uk,webc2s.pubgw.yahoo.com,response,2.6-202606,True,0,0,0
p005839,usatoday.com,www.usatoday.com,request,2.6-202606,True,0,0,0
p005840,usatoday.com,www.usatoday.com,request,2.6-202606,True,1,0,1
p005841,usatoday.com,www.usatoday.com,request,2.6-202606,True,0,0,0
p005842,usatoday.com,www.usatoday.com,request,2.6-202606,True,1,0,1
p005843,usatoday.com,www.usatoday.com,request,2.6-202606,True,0,0,0
p005844,usatoday.com,www.usatoday.com,response,2.6-202606,True,17,0,17
p005845,usatoday.com,www.usatoday.com,response,2.6-202606,True,11,0,11
p005846,usatoday.com,www.usatoday.com,response,2.6-202606,True,0,0,0
p005847,usatoday.com,www.usatoday.com,response,2.6-202606,True,1,0,1
p005848,usatoday.com,www.usatoday.com,response,2.6-202606,True,1,0,1
p005849,usmagazine.com,zz42943mtc.pub.tappx.com,request,2.6-202606,False,4,4,0
p005850,usmagazine.com,zz42943mtc.pub.tappx.com,request,2.6-202606,False,4,4,0
p005851,usmagazine.com,zz42943mtc.pub.tappx.com,request,2.6-202606,False,4,4,0
p005852,usmagazine.com,zz42943mtc.pub.tappx.com,request,2.6-202606,False,4,4,0
p005853,usmagazine.com,zz42943mtc.pub.tappx.com,request,2.6-202606,False,4,4,0
p005854,usmagazine.com,zz42943mtc.pub.tappx.com,request,2.6-202606,False,4,4,0
p005855,usmagazine.com,zz42943mtc.pub.tappx.com,request,2.6-202606,False,4,4,0
p005856,usmagazine.com,zz42943mtc.pub.tappx.com,request,2.6-202606,False,4,4,0
p005857,usmagazine.com,zz42943mtc.pub.tappx.com,request,2.6-202606,False,4,4,0
p005858,usmagazine.com,zz42943mtc.pub.tappx.com,request,2.6-202606,False,4,4,0
p005859,usmagazine.com,zz42943mtc.pub.tappx.com,request,2.6-202606,False,4,4,0
p005860,usmagazine.com,zz42943mtc.pub.tappx.com,request,2.6-202606,False,4,4,0
p005861,usmagazine.com,zz42943mtc.pub.tappx.com,request,2.6-202606,False,4,4,0
p005862,usmagazine.com,zz42943mtc.pub.tappx.com,request,2.6-202606,False,4,4,0
p005863,usmagazine.com,zz42943mtc.pub.tappx.com,request,2.6-202606,False,4,4,0
p005864,usmagazine.com,zz42943mtc.pub.tappx.com,request,2.6-202606,False,4,4,0
p005865,usmagazine.com,zz42943mtc.pub.tappx.com,request,2.6-202606,False,4,4,0
p005866,usmagazine.com,zz42943mtc.pub.tappx.com,request,2.6-202606,False,4,4,0
p005867,usmagazine.com,zz42943mtc.pub.tappx.com,request,2.6-202606,False,4,4,0
p005868,usmagazine.com,zz42943mtc.pub.tappx.com,request,2.6-202606,False,4,4,0
