payload_id,site,endpoint,side,best_fit_version,rule,severity,path,section
p000001,tio.ch,20minuten-pbs.relevant-digital.com,request,2.5,openrtb.field.undefined,error,device.sua,3.2.18
p000002,tio.ch,20minuten-pbs.relevant-digital.com,request,2.5,openrtb.field.undefined,error,device.sua,3.2.18
p000003,tio.ch,20minuten-pbs.relevant-digital.com,request,2.5,openrtb.field.undefined,error,device.sua,3.2.18
p000004,tio.ch,20minuten-pbs.relevant-digital.com,request,2.5,openrtb.field.undefined,error,device.sua,3.2.18
p000005,tio.ch,20minuten-pbs.relevant-digital.com,request,2.5,openrtb.field.undefined,error,device.sua,3.2.18
p000006,chl.ca,a.bids.ws,request,2.5,openrtb.field.undefined,error,device.sua,3.2.18
p000007,chl.ca,a.bids.ws,request,2.5,openrtb.field.undefined,error,device.sua,3.2.18
p000008,futbol-11.com,a.bids.ws,request,2.5,openrtb.field.undefined,error,device.sua,3.2.18
p000008,futbol-11.com,a.bids.ws,request,2.5,openrtb.field.undefined,error,site.cattax,3.2.13
p000009,namemc.com,a.bids.ws,request,2.5,openrtb.field.undefined,error,device.sua,3.2.18
p000009,namemc.com,a.bids.ws,request,2.5,openrtb.field.undefined,error,site.cattax,3.2.13
p000010,psychcentral.com,a.bids.ws,request,2.5,openrtb.field.undefined,error,device.sua,3.2.18
p000011,psychcentral.com,a.bids.ws,request,2.5,openrtb.field.undefined,error,device.sua,3.2.18
p000012,psychcentral.com,a.bids.ws,request,2.5,openrtb.field.undefined,error,device.sua,3.2.18
p000013,psychcentral.com,a.bids.ws,request,2.5,openrtb.field.undefined,error,device.sua,3.2.18
p000014,psychcentral.com,a.bids.ws,request,2.5,openrtb.field.undefined,error,device.sua,3.2.18
p000015,psychcentral.com,a.bids.ws,request,2.5,openrtb.field.undefined,error,device.sua,3.2.18
p000016,psychcentral.com,a.bids.ws,request,2.5,openrtb.field.undefined,error,device.sua,3.2.18
p000017,purposegames.com,a.bids.ws,request,2.5,openrtb.field.undefined,error,device.sua,3.2.18
p000017,purposegames.com,a.bids.ws,request,2.5,openrtb.field.undefined,error,site.cattax,3.2.13
p000018,purposegames.com,a.bids.ws,request,2.5,openrtb.field.undefined,error,device.sua,3.2.18
p000018,purposegames.com,a.bids.ws,request,2.5,openrtb.field.undefined,error,site.cattax,3.2.13
p000019,chl.ca,a.bids.ws,response,2.6-202606,openrtb.bid.mtype_missing,warning,seatbid[0].bid[0].mtype,4.2.3
p000020,chl.ca,a.bids.ws,response,2.6-202606,openrtb.bid.mtype_missing,warning,seatbid[0].bid[0].mtype,4.2.3
p000024,psychcentral.com,a.bids.ws,response,2.6-202606,openrtb.bid.mtype_missing,warning,seatbid[0].bid[0].mtype,4.2.3
p000030,purposegames.com,a.bids.ws,response,2.6-202606,openrtb.bid.mtype_missing,warning,seatbid[1].bid[0].mtype,4.2.3
p000031,purposegames.com,a.bids.ws,response,2.6-202606,openrtb.bid.mtype_missing,warning,seatbid[0].bid[0].mtype,4.2.3
p000032,cornucopia.se,ad.360yield.com,request,2.6-202606,openrtb.field.moved,error,regs.ext.gdpr,Section 3.2.3
p000033,cornucopia.se,ad.360yield.com,request,2.6-202606,openrtb.field.moved,error,regs.ext.gdpr,Section 3.2.3
p000034,cornucopia.se,ad.360yield.com,request,2.6-202606,openrtb.field.moved,error,regs.ext.gdpr,Section 3.2.3
p000035,cornucopia.se,ad.360yield.com,response,2.6-202606,openrtb.bid.mtype_missing,warning,seatbid[0].bid[0].mtype,4.2.3
p000043,fox11online.com,ads.trustx.org,request,2.6-202606,openrtb.field.deprecated,warning,imp[0].video.placement,Section 3.2.7
p000053,eonline.com,ads.trustx.org,response,2.6-202606,openrtb.field.undefined,error,seatbid[0].bid[0].auid,4.2.3
p000053,eonline.com,ads.trustx.org,response,2.6-202606,openrtb.field.undefined,error,seatbid[0].bid[0].content_type,4.2.3
p000054,autoexpress.co.uk,ads.yieldmo.com,request,2.6-202606,openrtb.field.undefined,error,auctionId,3.2.1
p000054,autoexpress.co.uk,ads.yieldmo.com,request,2.6-202606,openrtb.field.undefined,error,device.geo.state,3.2.19
p000054,autoexpress.co.uk,ads.yieldmo.com,request,2.6-202606,openrtb.field.deprecated,warning,imp[0].video.placement,Section 3.2.7
p000054,autoexpress.co.uk,ads.yieldmo.com,request,2.6-202606,openrtb.field.moved,error,regs.ext.gdpr,Section 3.2.3
p000054,autoexpress.co.uk,ads.yieldmo.com,request,2.6-202606,openrtb.field.undefined,error,schain,3.2.1
p000054,autoexpress.co.uk,ads.yieldmo.com,request,2.6-202606,openrtb.field.moved,error,user.ext.consent,Section 3.2.20
p000055,autoexpress.co.uk,ads.yieldmo.com,request,2.6-202606,openrtb.field.undefined,error,auctionId,3.2.1
p000055,autoexpress.co.uk,ads.yieldmo.com,request,2.6-202606,openrtb.field.undefined,error,device.geo.state,3.2.19
p000055,autoexpress.co.uk,ads.yieldmo.com,request,2.6-202606,openrtb.field.deprecated,warning,imp[0].video.placement,Section 3.2.7
p000055,autoexpress.co.uk,ads.yieldmo.com,request,2.6-202606,openrtb.field.moved,error,regs.ext.gdpr,Section 3.2.3
p000055,autoexpress.co.uk,ads.yieldmo.com,request,2.6-202606,openrtb.field.undefined,error,schain,3.2.1
p000055,autoexpress.co.uk,ads.yieldmo.com,request,2.6-202606,openrtb.field.moved,error,user.ext.consent,Section 3.2.20
p000056,nesn.com,ads.yieldmo.com,request,2.6-202606,openrtb.field.undefined,error,auctionId,3.2.1
p000056,nesn.com,ads.yieldmo.com,request,2.6-202606,openrtb.field.deprecated,warning,imp[0].video.placement,Section 3.2.7
p000056,nesn.com,ads.yieldmo.com,request,2.6-202606,openrtb.field.moved,error,regs.ext.gdpr,Section 3.2.3
p000056,nesn.com,ads.yieldmo.com,request,2.6-202606,openrtb.field.undefined,error,schain,3.2.1
p000056,nesn.com,ads.yieldmo.com,request,2.6-202606,openrtb.field.moved,error,user.ext.consent,Section 3.2.20
p000057,nesn.com,ads.yieldmo.com,request,2.6-202606,openrtb.field.undefined,error,auctionId,3.2.1
p000057,nesn.com,ads.yieldmo.com,request,2.6-202606,openrtb.field.deprecated,warning,imp[0].video.placement,Section 3.2.7
p000057,nesn.com,ads.yieldmo.com,request,2.6-202606,openrtb.field.moved,error,regs.ext.gdpr,Section 3.2.3
p000057,nesn.com,ads.yieldmo.com,request,2.6-202606,openrtb.field.undefined,error,schain,3.2.1
p000057,nesn.com,ads.yieldmo.com,request,2.6-202606,openrtb.field.moved,error,user.ext.consent,Section 3.2.20
p000058,mthai.com,adserver.maximus.mobkoi.com,request,2.6-202606,openrtb.type.mismatch,error,user.id,3.2.20
p000059,mthai.com,adserver.maximus.mobkoi.com,request,2.6-202606,openrtb.type.mismatch,error,user.id,3.2.20
p000060,vietstock.vn,adserver.maximus.mobkoi.com,request,2.6-202606,openrtb.type.mismatch,error,user.id,3.2.20
p000061,vietstock.vn,adserver.maximus.mobkoi.com,request,2.6-202606,openrtb.type.mismatch,error,user.id,3.2.20
p000062,cityam.com,adx.adform.net,request,2.6-202606,openrtb.type.mismatch,error,imp[0].id,3.2.4
p000062,cityam.com,adx.adform.net,request,2.6-202606,openrtb.type.mismatch,error,imp[0].tagid,3.2.4
p000062,cityam.com,adx.adform.net,request,2.6-202606,openrtb.type.mismatch,error,imp[1].id,3.2.4
p000062,cityam.com,adx.adform.net,request,2.6-202606,openrtb.type.mismatch,error,imp[1].tagid,3.2.4
p000062,cityam.com,adx.adform.net,request,2.6-202606,openrtb.type.mismatch,error,imp[2].id,3.2.4
p000062,cityam.com,adx.adform.net,request,2.6-202606,openrtb.type.mismatch,error,imp[2].tagid,3.2.4
p000062,cityam.com,adx.adform.net,request,2.6-202606,openrtb.type.mismatch,error,imp[3].id,3.2.4
p000062,cityam.com,adx.adform.net,request,2.6-202606,openrtb.type.mismatch,error,imp[3].tagid,3.2.4
p000062,cityam.com,adx.adform.net,request,2.6-202606,openrtb.type.mismatch,error,imp[4].id,3.2.4
p000062,cityam.com,adx.adform.net,request,2.6-202606,openrtb.type.mismatch,error,imp[4].tagid,3.2.4
p000062,cityam.com,adx.adform.net,request,2.6-202606,openrtb.type.mismatch,error,imp[5].id,3.2.4
p000062,cityam.com,adx.adform.net,request,2.6-202606,openrtb.type.mismatch,error,imp[5].tagid,3.2.4
p000062,cityam.com,adx.adform.net,request,2.6-202606,openrtb.type.mismatch,error,imp[6].id,3.2.4
p000062,cityam.com,adx.adform.net,request,2.6-202606,openrtb.type.mismatch,error,imp[6].tagid,3.2.4
p000062,cityam.com,adx.adform.net,request,2.6-202606,openrtb.field.moved,error,regs.ext.gdpr,Section 3.2.3
p000063,cornucopia.se,adx.adform.net,request,2.6-202606,openrtb.type.mismatch,error,imp[0].id,3.2.4
p000063,cornucopia.se,adx.adform.net,request,2.6-202606,openrtb.type.mismatch,error,imp[0].tagid,3.2.4
p000063,cornucopia.se,adx.adform.net,request,2.6-202606,openrtb.type.mismatch,error,imp[1].id,3.2.4
p000063,cornucopia.se,adx.adform.net,request,2.6-202606,openrtb.type.mismatch,error,imp[1].tagid,3.2.4
p000063,cornucopia.se,adx.adform.net,request,2.6-202606,openrtb.type.mismatch,error,imp[2].id,3.2.4
p000063,cornucopia.se,adx.adform.net,request,2.6-202606,openrtb.type.mismatch,error,imp[2].tagid,3.2.4
p000063,cornucopia.se,adx.adform.net,request,2.6-202606,openrtb.field.moved,error,regs.ext.gdpr,Section 3.2.3
p000064,cornucopia.se,adx.adform.net,request,2.6-202606,openrtb.type.mismatch,error,imp[0].id,3.2.4
p000064,cornucopia.se,adx.adform.net,request,2.6-202606,openrtb.type.mismatch,error,imp[0].tagid,3.2.4
p000064,cornucopia.se,adx.adform.net,request,2.6-202606,openrtb.type.mismatch,error,imp[1].id,3.2.4
p000064,cornucopia.se,adx.adform.net,request,2.6-202606,openrtb.type.mismatch,error,imp[1].tagid,3.2.4
p000064,cornucopia.se,adx.adform.net,request,2.6-202606,openrtb.field.moved,error,regs.ext.gdpr,Section 3.2.3
p000065,cornucopia.se,adx.adform.net,request,2.6-202606,openrtb.type.mismatch,error,imp[0].id,3.2.4
p000065,cornucopia.se,adx.adform.net,request,2.6-202606,openrtb.type.mismatch,error,imp[0].tagid,3.2.4
p000065,cornucopia.se,adx.adform.net,request,2.6-202606,openrtb.field.moved,error,regs.ext.gdpr,Section 3.2.3
p000066,cornucopia.se,adx.adform.net,request,2.6-202606,openrtb.type.mismatch,error,imp[0].id,3.2.4
p000066,cornucopia.se,adx.adform.net,request,2.6-202606,openrtb.type.mismatch,error,imp[0].tagid,3.2.4
p000066,cornucopia.se,adx.adform.net,request,2.6-202606,openrtb.field.moved,error,regs.ext.gdpr,Section 3.2.3
p000069,csfd.cz,adx.adform.net,request,2.6-202606,openrtb.type.mismatch,error,imp[0].id,3.2.4
p000069,csfd.cz,adx.adform.net,request,2.6-202606,openrtb.type.mismatch,error,imp[0].tagid,3.2.4
p000069,csfd.cz,adx.adform.net,request,2.6-202606,openrtb.type.mismatch,error,imp[1].id,3.2.4
p000069,csfd.cz,adx.adform.net,request,2.6-202606,openrtb.type.mismatch,error,imp[1].tagid,3.2.4
p000069,csfd.cz,adx.adform.net,request,2.6-202606,openrtb.type.mismatch,error,imp[2].id,3.2.4
p000069,csfd.cz,adx.adform.net,request,2.6-202606,openrtb.type.mismatch,error,imp[2].tagid,3.2.4
p000069,csfd.cz,adx.adform.net,request,2.6-202606,openrtb.field.moved,error,regs.ext.gdpr,Section 3.2.3
p000069,csfd.cz,adx.adform.net,request,2.6-202606,openrtb.field.moved,error,user.ext.consent,Section 3.2.20
p000070,csfd.cz,adx.adform.net,request,2.6-202606,openrtb.type.mismatch,error,imp[0].id,3.2.4
p000070,csfd.cz,adx.adform.net,request,2.6-202606,openrtb.type.mismatch,error,imp[0].tagid,3.2.4
p000070,csfd.cz,adx.adform.net,request,2.6-202606,openrtb.type.mismatch,error,imp[1].id,3.2.4
p000070,csfd.cz,adx.adform.net,request,2.6-202606,openrtb.type.mismatch,error,imp[1].tagid,3.2.4
p000070,csfd.cz,adx.adform.net,request,2.6-202606,openrtb.type.mismatch,error,imp[2].id,3.2.4
p000070,csfd.cz,adx.adform.net,request,2.6-202606,openrtb.type.mismatch,error,imp[2].tagid,3.2.4
p000070,csfd.cz,adx.adform.net,request,2.6-202606,openrtb.field.moved,error,regs.ext.gdpr,Section 3.2.3
p000070,csfd.cz,adx.adform.net,request,2.6-202606,openrtb.field.moved,error,user.ext.consent,Section 3.2.20
p000071,csfd.cz,adx.adform.net,request,2.6-202606,openrtb.type.mismatch,error,imp[0].id,3.2.4
p000071,csfd.cz,adx.adform.net,request,2.6-202606,openrtb.type.mismatch,error,imp[0].tagid,3.2.4
p000071,csfd.cz,adx.adform.net,request,2.6-202606,openrtb.type.mismatch,error,imp[1].id,3.2.4
p000071,csfd.cz,adx.adform.net,request,2.6-202606,openrtb.type.mismatch,error,imp[1].tagid,3.2.4
p000071,csfd.cz,adx.adform.net,request,2.6-202606,openrtb.type.mismatch,error,imp[2].id,3.2.4
p000071,csfd.cz,adx.adform.net,request,2.6-202606,openrtb.type.mismatch,error,imp[2].tagid,3.2.4
p000071,csfd.cz,adx.adform.net,request,2.6-202606,openrtb.field.moved,error,regs.ext.gdpr,Section 3.2.3
p000071,csfd.cz,adx.adform.net,request,2.6-202606,openrtb.field.moved,error,user.ext.consent,Section 3.2.20
p000072,cornucopia.se,adx.adform.net,request,2.6-202606,openrtb.type.mismatch,error,imp[0].id,3.2.4
p000072,cornucopia.se,adx.adform.net,request,2.6-202606,openrtb.type.mismatch,error,imp[0].tagid,3.2.4
p000072,cornucopia.se,adx.adform.net,request,2.6-202606,openrtb.field.moved,error,regs.ext.gdpr,Section 3.2.3
p000073,csfd.cz,adx.adform.net,request,2.6-202606,openrtb.field.moved,error,regs.ext.gdpr,Section 3.2.3
p000073,csfd.cz,adx.adform.net,request,2.6-202606,openrtb.field.moved,error,user.ext.consent,Section 3.2.20
p000074,csfd.cz,adx.adform.net,request,2.6-202606,openrtb.field.moved,error,regs.ext.gdpr,Section 3.2.3
p000074,csfd.cz,adx.adform.net,request,2.6-202606,openrtb.field.moved,error,user.ext.consent,Section 3.2.20
p000075,csfd.cz,adx.adform.net,request,2.6-202606,openrtb.type.mismatch,error,imp[0].id,3.2.4
p000075,csfd.cz,adx.adform.net,request,2.6-202606,openrtb.type.mismatch,error,imp[0].tagid,3.2.4
p000075,csfd.cz,adx.adform.net,request,2.6-202606,openrtb.type.mismatch,error,imp[1].id,3.2.4
p000075,csfd.cz,adx.adform.net,request,2.6-202606,openrtb.type.mismatch,error,imp[1].tagid,3.2.4
p000075,csfd.cz,adx.adform.net,request,2.6-202606,openrtb.type.mismatch,error,imp[2].id,3.2.4
p000075,csfd.cz,adx.adform.net,request,2.6-202606,openrtb.type.mismatch,error,imp[2].tagid,3.2.4
p000075,csfd.cz,adx.adform.net,request,2.6-202606,openrtb.field.moved,error,regs.ext.gdpr,Section 3.2.3
p000075,csfd.cz,adx.adform.net,request,2.6-202606,openrtb.field.moved,error,user.ext.consent,Section 3.2.20
p000076,csfd.cz,adx.adform.net,request,2.6-202606,openrtb.type.mismatch,error,imp[0].id,3.2.4
p000076,csfd.cz,adx.adform.net,request,2.6-202606,openrtb.type.mismatch,error,imp[0].tagid,3.2.4
p000076,csfd.cz,adx.adform.net,request,2.6-202606,openrtb.type.mismatch,error,imp[1].id,3.2.4
p000076,csfd.cz,adx.adform.net,request,2.6-202606,openrtb.type.mismatch,error,imp[1].tagid,3.2.4
p000076,csfd.cz,adx.adform.net,request,2.6-202606,openrtb.type.mismatch,error,imp[2].id,3.2.4
p000076,csfd.cz,adx.adform.net,request,2.6-202606,openrtb.type.mismatch,error,imp[2].tagid,3.2.4
p000076,csfd.cz,adx.adform.net,request,2.6-202606,openrtb.field.moved,error,regs.ext.gdpr,Section 3.2.3
p000076,csfd.cz,adx.adform.net,request,2.6-202606,openrtb.field.moved,error,user.ext.consent,Section 3.2.20
p000077,csfd.cz,adx.adform.net,request,2.6-202606,openrtb.type.mismatch,error,imp[0].id,3.2.4
p000077,csfd.cz,adx.adform.net,request,2.6-202606,openrtb.type.mismatch,error,imp[0].tagid,3.2.4
p000077,csfd.cz,adx.adform.net,request,2.6-202606,openrtb.type.mismatch,error,imp[1].id,3.2.4
p000077,csfd.cz,adx.adform.net,request,2.6-202606,openrtb.type.mismatch,error,imp[1].tagid,3.2.4
p000077,csfd.cz,adx.adform.net,request,2.6-202606,openrtb.type.mismatch,error,imp[2].id,3.2.4
p000077,csfd.cz,adx.adform.net,request,2.6-202606,openrtb.type.mismatch,error,imp[2].tagid,3.2.4
p000077,csfd.cz,adx.adform.net,request,2.6-202606,openrtb.field.moved,error,regs.ext.gdpr,Section 3.2.3
p000077,csfd.cz,adx.adform.net,request,2.6-202606,openrtb.field.moved,error,user.ext.consent,Section 3.2.20
p000078,epravda.com.ua,adx.adform.net,request,2.6-202606,openrtb.type.mismatch,error,imp[0].id,3.2.4
p000078,epravda.com.ua,adx.adform.net,request,2.6-202606,openrtb.type.mismatch,error,imp[0].tagid,3.2.4
p000079,epravda.com.ua,adx.adform.net,request,2.6-202606,openrtb.type.mismatch,error,imp[0].id,3.2.4
p000079,epravda.com.ua,adx.adform.net,request,2.6-202606,openrtb.type.mismatch,error,imp[0].tagid,3.2.4
p000080,falstaff.com,adx.adform.net,request,2.6-202606,openrtb.type.mismatch,error,imp[0].id,3.2.4
p000080,falstaff.com,adx.adform.net,request,2.6-202606,openrtb.type.mismatch,error,imp[0].tagid,3.2.4
p000080,falstaff.com,adx.adform.net,request,2.6-202606,openrtb.field.moved,error,regs.ext.gdpr,Section 3.2.3
p000081,haberler.com,adx.adform.net,request,2.6-202606,openrtb.type.mismatch,error,imp[0].id,3.2.4
p000081,haberler.com,adx.adform.net,request,2.6-202606,openrtb.type.mismatch,error,imp[0].tagid,3.2.4
p000082,haberler.com,adx.adform.net,request,2.6-202606,openrtb.type.mismatch,error,imp[0].id,3.2.4
p000082,haberler.com,adx.adform.net,request,2.6-202606,openrtb.type.mismatch,error,imp[0].tagid,3.2.4
p000082,haberler.com,adx.adform.net,request,2.6-202606,openrtb.field.undefined,error,imp[0].video.context,3.2.7
p000082,haberler.com,adx.adform.net,request,2.6-202606,openrtb.field.deprecated,warning,imp[0].video.placement,Section 3.2.7
p000082,haberler.com,adx.adform.net,request,2.6-202606,openrtb.field.undefined,error,imp[0].video.playerSize,3.2.7
p000083,haberler.com,adx.adform.net,request,2.6-202606,openrtb.type.mismatch,error,imp[0].id,3.2.4
p000083,haberler.com,adx.adform.net,request,2.6-202606,openrtb.type.mismatch,error,imp[0].tagid,3.2.4
p000084,haberler.com,adx.adform.net,request,2.6-202606,openrtb.type.mismatch,error,imp[0].id,3.2.4
p000084,haberler.com,adx.adform.net,request,2.6-202606,openrtb.type.mismatch,error,imp[0].tagid,3.2.4
p000085,haberler.com,adx.adform.net,request,2.6-202606,openrtb.type.mismatch,error,imp[0].id,3.2.4
p000085,haberler.com,adx.adform.net,request,2.6-202606,openrtb.type.mismatch,error,imp[0].tagid,3.2.4
p000086,mthai.com,adx.adform.net,request,2.6-202606,openrtb.type.mismatch,error,imp[0].id,3.2.4
p000086,mthai.com,adx.adform.net,request,2.6-202606,openrtb.type.mismatch,error,imp[1].id,3.2.4
p000086,mthai.com,adx.adform.net,request,2.6-202606,openrtb.field.undefined,error,imp[1].video.context,3.2.7
p000086,mthai.com,adx.adform.net,request,2.6-202606,openrtb.field.deprecated,warning,imp[1].video.placement,Section 3.2.7
p000086,mthai.com,adx.adform.net,request,2.6-202606,openrtb.field.undefined,error,imp[1].video.playerSize,3.2.7
p000087,mthai.com,adx.adform.net,request,2.6-202606,openrtb.type.mismatch,error,imp[0].id,3.2.4
p000087,mthai.com,adx.adform.net,request,2.6-202606,openrtb.type.mismatch,error,imp[1].id,3.2.4
p000087,mthai.com,adx.adform.net,request,2.6-202606,openrtb.field.undefined,error,imp[1].video.context,3.2.7
p000087,mthai.com,adx.adform.net,request,2.6-202606,openrtb.field.deprecated,warning,imp[1].video.placement,Section 3.2.7
p000087,mthai.com,adx.adform.net,request,2.6-202606,openrtb.field.undefined,error,imp[1].video.playerSize,3.2.7
p000088,mthai.com,adx.adform.net,request,2.6-202606,openrtb.type.mismatch,error,imp[0].id,3.2.4
p000089,mthai.com,adx.adform.net,request,2.6-202606,openrtb.type.mismatch,error,imp[0].id,3.2.4
p000090,mthai.com,adx.adform.net,request,2.6-202606,openrtb.type.mismatch,error,imp[0].id,3.2.4
p000090,mthai.com,adx.adform.net,request,2.6-202606,openrtb.type.mismatch,error,imp[1].id,3.2.4
p000090,mthai.com,adx.adform.net,request,2.6-202606,openrtb.type.mismatch,error,imp[2].id,3.2.4
p000090,mthai.com,adx.adform.net,request,2.6-202606,openrtb.field.undefined,error,imp[2].video.context,3.2.7
p000090,mthai.com,adx.adform.net,request,2.6-202606,openrtb.field.deprecated,warning,imp[2].video.placement,Section 3.2.7
p000090,mthai.com,adx.adform.net,request,2.6-202606,openrtb.field.undefined,error,imp[2].video.playerSize,3.2.7
p000091,mthai.com,adx.adform.net,request,2.6-202606,openrtb.type.mismatch,error,imp[0].id,3.2.4
p000091,mthai.com,adx.adform.net,request,2.6-202606,openrtb.type.mismatch,error,imp[1].id,3.2.4
p000091,mthai.com,adx.adform.net,request,2.6-202606,openrtb.field.undefined,error,imp[1].video.context,3.2.7
p000091,mthai.com,adx.adform.net,request,2.6-202606,openrtb.field.deprecated,warning,imp[1].video.placement,Section 3.2.7
p000091,mthai.com,adx.adform.net,request,2.6-202606,openrtb.field.undefined,error,imp[1].video.playerSize,3.2.7
p000092,mthai.com,adx.adform.net,request,2.6-202606,openrtb.type.mismatch,error,imp[0].id,3.2.4
p000092,mthai.com,adx.adform.net,request,2.6-202606,openrtb.type.mismatch,error,imp[1].id,3.2.4
p000093,mthai.com,adx.adform.net,request,2.6-202606,openrtb.type.mismatch,error,imp[0].id,3.2.4
p000094,prosport.ro,adx.adform.net,request,2.6-202606,openrtb.type.mismatch,error,imp[0].id,3.2.4
p000094,prosport.ro,adx.adform.net,request,2.6-202606,openrtb.type.mismatch,error,imp[1].id,3.2.4
p000094,prosport.ro,adx.adform.net,request,2.6-202606,openrtb.type.mismatch,error,imp[2].id,3.2.4
p000094,prosport.ro,adx.adform.net,request,2.6-202606,openrtb.type.mismatch,error,imp[3].id,3.2.4
p000094,prosport.ro,adx.adform.net,request,2.6-202606,openrtb.type.mismatch,error,imp[4].id,3.2.4
p000094,prosport.ro,adx.adform.net,request,2.6-202606,openrtb.type.mismatch,error,imp[5].id,3.2.4
p000094,prosport.ro,adx.adform.net,request,2.6-202606,openrtb.type.mismatch,error,imp[6].id,3.2.4
p000094,prosport.ro,adx.adform.net,request,2.6-202606,openrtb.type.mismatch,error,imp[7].id,3.2.4
p000094,prosport.ro,adx.adform.net,request,2.6-202606,openrtb.type.mismatch,error,imp[8].id,3.2.4
p000094,prosport.ro,adx.adform.net,request,2.6-202606,openrtb.field.moved,error,regs.ext.gdpr,Section 3.2.3
p000094,prosport.ro,adx.adform.net,request,2.6-202606,openrtb.field.moved,error,user.ext.consent,Section 3.2.20
p000095,prosport.ro,adx.adform.net,request,2.6-202606,openrtb.type.mismatch,error,imp[0].id,3.2.4
p000095,prosport.ro,adx.adform.net,request,2.6-202606,openrtb.field.moved,error,regs.ext.gdpr,Section 3.2.3
p000095,prosport.ro,adx.adform.net,request,2.6-202606,openrtb.field.moved,error,user.ext.consent,Section 3.2.20
p000096,prosport.ro,adx.adform.net,request,2.6-202606,openrtb.type.mismatch,error,imp[0].id,3.2.4
p000096,prosport.ro,adx.adform.net,request,2.6-202606,openrtb.type.mismatch,error,imp[1].id,3.2.4
p000096,prosport.ro,adx.adform.net,request,2.6-202606,openrtb.type.mismatch,error,imp[2].id,3.2.4
p000096,prosport.ro,adx.adform.net,request,2.6-202606,openrtb.field.moved,error,regs.ext.gdpr,Section 3.2.3
p000096,prosport.ro,adx.adform.net,request,2.6-202606,openrtb.field.moved,error,user.ext.consent,Section 3.2.20
p000097,sozcu.com.tr,adx.adform.net,request,2.6-202606,openrtb.type.mismatch,error,imp[0].id,3.2.4
p000097,sozcu.com.tr,adx.adform.net,request,2.6-202606,openrtb.type.mismatch,error,imp[0].tagid,3.2.4
p000097,sozcu.com.tr,adx.adform.net,request,2.6-202606,openrtb.type.mismatch,error,imp[1].id,3.2.4
p000097,sozcu.com.tr,adx.adform.net,request,2.6-202606,openrtb.type.mismatch,error,imp[1].tagid,3.2.4
p000097,sozcu.com.tr,adx.adform.net,request,2.6-202606,openrtb.type.mismatch,error,imp[2].id,3.2.4
p000097,sozcu.com.tr,adx.adform.net,request,2.6-202606,openrtb.type.mismatch,error,imp[2].tagid,3.2.4
p000097,sozcu.com.tr,adx.adform.net,request,2.6-202606,openrtb.type.mismatch,error,imp[3].id,3.2.4
p000097,sozcu.com.tr,adx.adform.net,request,2.6-202606,openrtb.type.mismatch,error,imp[3].tagid,3.2.4
p000098,sozcu.com.tr,adx.adform.net,request,2.6-202606,openrtb.type.mismatch,error,imp[0].id,3.2.4
p000098,sozcu.com.tr,adx.adform.net,request,2.6-202606,openrtb.type.mismatch,error,imp[0].tagid,3.2.4
p000099,sozcu.com.tr,adx.adform.net,request,2.6-202606,openrtb.field.deprecated,warning,imp[1].video.placement,Section 3.2.7
p000099,sozcu.com.tr,adx.adform.net,request,2.6-202606,openrtb.field.moved,error,regs.ext.gdpr,Section 3.2.3
p000100,sozcu.com.tr,adx.adform.net,request,2.6-202606,openrtb.field.moved,error,regs.ext.gdpr,Section 3.2.3
p000100,sozcu.com.tr,adx.adform.net,request,2.6-202606,openrtb.field.moved,error,user.ext.consent,Section 3.2.20
p000101,sozcu.com.tr,adx.adform.net,request,2.6-202606,openrtb.type.mismatch,error,imp[0].id,3.2.4
p000101,sozcu.com.tr,adx.adform.net,request,2.6-202606,openrtb.type.mismatch,error,imp[0].tagid,3.2.4
p000102,sozcu.com.tr,adx.adform.net,request,2.6-202606,openrtb.type.mismatch,error,imp[0].id,3.2.4
p000102,sozcu.com.tr,adx.adform.net,request,2.6-202606,openrtb.type.mismatch,error,imp[0].tagid,3.2.4
p000103,sozcu.com.tr,adx.adform.net,request,2.6-202606,openrtb.type.mismatch,error,imp[0].id,3.2.4
p000103,sozcu.com.tr,adx.adform.net,request,2.6-202606,openrtb.type.mismatch,error,imp[0].tagid,3.2.4
p000103,sozcu.com.tr,adx.adform.net,request,2.6-202606,openrtb.field.undefined,error,imp[0].video.context,3.2.7
p000103,sozcu.com.tr,adx.adform.net,request,2.6-202606,openrtb.field.deprecated,warning,imp[0].video.placement,Section 3.2.7
p000103,sozcu.com.tr,adx.adform.net,request,2.6-202606,openrtb.field.undefined,error,imp[0].video.playerSize,3.2.7
p000104,sozcu.com.tr,adx.adform.net,request,2.6-202606,openrtb.type.mismatch,error,imp[0].id,3.2.4
p000104,sozcu.com.tr,adx.adform.net,request,2.6-202606,openrtb.type.mismatch,error,imp[0].tagid,3.2.4
p000104,sozcu.com.tr,adx.adform.net,request,2.6-202606,openrtb.type.mismatch,error,imp[1].id,3.2.4
p000104,sozcu.com.tr,adx.adform.net,request,2.6-202606,openrtb.type.mismatch,error,imp[1].tagid,3.2.4
p000104,sozcu.com.tr,adx.adform.net,request,2.6-202606,openrtb.type.mismatch,error,imp[2].id,3.2.4
p000104,sozcu.com.tr,adx.adform.net,request,2.6-202606,openrtb.type.mismatch,error,imp[2].tagid,3.2.4
p000104,sozcu.com.tr,adx.adform.net,request,2.6-202606,openrtb.type.mismatch,error,imp[3].id,3.2.4
p000104,sozcu.com.tr,adx.adform.net,request,2.6-202606,openrtb.type.mismatch,error,imp[3].tagid,3.2.4
p000105,sozcu.com.tr,adx.adform.net,request,2.6-202606,openrtb.type.mismatch,error,imp[0].id,3.2.4
p000105,sozcu.com.tr,adx.adform.net,request,2.6-202606,openrtb.type.mismatch,error,imp[0].tagid,3.2.4
p000106,sozcu.com.tr,adx.adform.net,request,2.6-202606,openrtb.type.mismatch,error,imp[0].id,3.2.4
p000106,sozcu.com.tr,adx.adform.net,request,2.6-202606,openrtb.type.mismatch,error,imp[0].tagid,3.2.4
p000107,sozcu.com.tr,adx.adform.net,request,2.6-202606,openrtb.field.deprecated,warning,imp[1].video.placement,Section 3.2.7
p000107,sozcu.com.tr,adx.adform.net,request,2.6-202606,openrtb.field.moved,error,regs.ext.gdpr,Section 3.2.3
p000108,sozcu.com.tr,adx.adform.net,request,2.6-202606,openrtb.type.mismatch,error,imp[0].id,3.2.4
p000108,sozcu.com.tr,adx.adform.net,request,2.6-202606,openrtb.type.mismatch,error,imp[0].tagid,3.2.4
p000108,sozcu.com.tr,adx.adform.net,request,2.6-202606,openrtb.field.undefined,error,imp[0].video.context,3.2.7
p000108,sozcu.com.tr,adx.adform.net,request,2.6-202606,openrtb.field.deprecated,warning,imp[0].video.placement,Section 3.2.7
p000108,sozcu.com.tr,adx.adform.net,request,2.6-202606,openrtb.field.undefined,error,imp[0].video.playerSize,3.2.7
p000109,tio.ch,adx.adform.net,request,2.6-202606,openrtb.field.deprecated,warning,imp[0].video.placement,Section 3.2.7
p000109,tio.ch,adx.adform.net,request,2.6-202606,openrtb.value.invalid,error,imp[0].video.skip,3.2.7
p000109,tio.ch,adx.adform.net,request,2.6-202606,openrtb.field.moved,error,regs.ext.gdpr,Section 3.2.3
p000109,tio.ch,adx.adform.net,request,2.6-202606,openrtb.field.moved,error,user.ext.consent,Section 3.2.20
p000110,tio.ch,adx.adform.net,request,2.6-202606,openrtb.field.deprecated,warning,imp[0].video.placement,Section 3.2.7
p000110,tio.ch,adx.adform.net,request,2.6-202606,openrtb.value.invalid,error,imp[0].video.skip,3.2.7
p000110,tio.ch,adx.adform.net,request,2.6-202606,openrtb.field.moved,error,regs.ext.gdpr,Section 3.2.3
p000110,tio.ch,adx.adform.net,request,2.6-202606,openrtb.field.moved,error,user.ext.consent,Section 3.2.20
p000111,tio.ch,adx.adform.net,request,2.6-202606,openrtb.field.moved,error,regs.ext.gdpr,Section 3.2.3
p000111,tio.ch,adx.adform.net,request,2.6-202606,openrtb.field.moved,error,user.ext.consent,Section 3.2.20
p000112,tio.ch,adx.adform.net,request,2.6-202606,openrtb.field.moved,error,regs.ext.gdpr,Section 3.2.3
p000112,tio.ch,adx.adform.net,request,2.6-202606,openrtb.field.moved,error,user.ext.consent,Section 3.2.20
p000113,tio.ch,adx.adform.net,request,2.6-202606,openrtb.field.moved,error,regs.ext.gdpr,Section 3.2.3
p000113,tio.ch,adx.adform.net,request,2.6-202606,openrtb.field.moved,error,user.ext.consent,Section 3.2.20
p000114,tio.ch,adx.adform.net,request,2.6-202606,openrtb.field.moved,error,regs.ext.gdpr,Section 3.2.3
p000114,tio.ch,adx.adform.net,request,2.6-202606,openrtb.field.moved,error,user.ext.consent,Section 3.2.20
p000115,tio.ch,adx.adform.net,request,2.6-202606,openrtb.field.moved,error,regs.ext.gdpr,Section 3.2.3
p000115,tio.ch,adx.adform.net,request,2.6-202606,openrtb.field.moved,error,user.ext.consent,Section 3.2.20
p000116,tio.ch,adx.adform.net,request,2.6-202606,openrtb.field.moved,error,regs.ext.gdpr,Section 3.2.3
p000116,tio.ch,adx.adform.net,request,2.6-202606,openrtb.field.moved,error,user.ext.consent,Section 3.2.20
p000117,tio.ch,adx.adform.net,request,2.6-202606,openrtb.field.moved,error,regs.ext.gdpr,Section 3.2.3
p000117,tio.ch,adx.adform.net,request,2.6-202606,openrtb.field.moved,error,user.ext.consent,Section 3.2.20
p000118,tio.ch,adx.adform.net,request,2.6-202606,openrtb.field.moved,error,regs.ext.gdpr,Section 3.2.3
p000118,tio.ch,adx.adform.net,request,2.6-202606,openrtb.field.moved,error,user.ext.consent,Section 3.2.20
p000119,tio.ch,adx.adform.net,request,2.6-202606,openrtb.field.moved,error,regs.ext.gdpr,Section 3.2.3
p000119,tio.ch,adx.adform.net,request,2.6-202606,openrtb.field.moved,error,user.ext.consent,Section 3.2.20
p000120,tio.ch,adx.adform.net,request,2.6-202606,openrtb.field.moved,error,regs.ext.gdpr,Section 3.2.3
p000120,tio.ch,adx.adform.net,request,2.6-202606,openrtb.field.moved,error,user.ext.consent,Section 3.2.20
p000121,tio.ch,adx.adform.net,request,2.6-202606,openrtb.field.moved,error,regs.ext.gdpr,Section 3.2.3
p000121,tio.ch,adx.adform.net,request,2.6-202606,openrtb.field.moved,error,user.ext.consent,Section 3.2.20
p000122,tio.ch,adx.adform.net,request,2.6-202606,openrtb.field.moved,error,regs.ext.gdpr,Section 3.2.3
p000122,tio.ch,adx.adform.net,request,2.6-202606,openrtb.field.moved,error,user.ext.consent,Section 3.2.20
p000123,tio.ch,adx.adform.net,request,2.6-202606,openrtb.field.moved,error,regs.ext.gdpr,Section 3.2.3
p000123,tio.ch,adx.adform.net,request,2.6-202606,openrtb.field.moved,error,user.ext.consent,Section 3.2.20
p000124,tio.ch,adx.adform.net,request,2.6-202606,openrtb.field.moved,error,regs.ext.gdpr,Section 3.2.3
p000124,tio.ch,adx.adform.net,request,2.6-202606,openrtb.field.moved,error,user.ext.consent,Section 3.2.20
p000125,tio.ch,adx.adform.net,request,2.6-202606,openrtb.field.moved,error,regs.ext.gdpr,Section 3.2.3
p000125,tio.ch,adx.adform.net,request,2.6-202606,openrtb.field.moved,error,user.ext.consent,Section 3.2.20
p000126,cornucopia.se,adx.adform.net,response,2.6-202606,openrtb.bid.mtype_missing,warning,seatbid[0].bid[0].mtype,4.2.3
p000126,cornucopia.se,adx.adform.net,response,2.6-202606,openrtb.bid.mtype_missing,warning,seatbid[0].bid[1].mtype,4.2.3
p000127,cornucopia.se,adx.adform.net,response,2.6-202606,openrtb.bid.mtype_missing,warning,seatbid[0].bid[0].mtype,4.2.3
p000128,elespectador.com,adx2.adform.net,request,2.6-202606,openrtb.field.deprecated,warning,imp[2].video.placement,Section 3.2.7
p000128,elespectador.com,adx2.adform.net,request,2.6-202606,openrtb.field.deprecated,warning,imp[3].video.placement,Section 3.2.7
p000128,elespectador.com,adx2.adform.net,request,2.6-202606,openrtb.field.moved,error,regs.ext.gdpr,Section 3.2.3
p000128,elespectador.com,adx2.adform.net,request,2.6-202606,openrtb.field.moved,error,user.ext.consent,Section 3.2.20
p000129,elespectador.com,adx2.adform.net,request,2.6-202606,openrtb.field.deprecated,warning,imp[2].video.placement,Section 3.2.7
p000129,elespectador.com,adx2.adform.net,request,2.6-202606,openrtb.field.deprecated,warning,imp[3].video.placement,Section 3.2.7
p000129,elespectador.com,adx2.adform.net,request,2.6-202606,openrtb.field.moved,error,regs.ext.gdpr,Section 3.2.3
p000129,elespectador.com,adx2.adform.net,request,2.6-202606,openrtb.field.moved,error,user.ext.consent,Section 3.2.20
p000130,elespectador.com,adx2.adform.net,request,2.6-202606,openrtb.field.deprecated,warning,imp[1].video.placement,Section 3.2.7
p000130,elespectador.com,adx2.adform.net,request,2.6-202606,openrtb.field.deprecated,warning,imp[2].video.placement,Section 3.2.7
p000130,elespectador.com,adx2.adform.net,request,2.6-202606,openrtb.field.moved,error,regs.ext.gdpr,Section 3.2.3
p000130,elespectador.com,adx2.adform.net,request,2.6-202606,openrtb.field.moved,error,user.ext.consent,Section 3.2.20
p000134,nesn.com,amspbs.com,response,2.6-202606,openrtb.bid.mtype_missing,warning,seatbid[1].bid[0].mtype,4.2.3
p000135,nesn.com,amspbs.com,response,2.6-202606,openrtb.bid.mtype_missing,warning,seatbid[1].bid[0].mtype,4.2.3
p000136,nesn.com,amspbs.com,response,2.6-202606,openrtb.bid.mtype_missing,warning,seatbid[0].bid[0].mtype,4.2.3
p000136,nesn.com,amspbs.com,response,2.6-202606,openrtb.bid.mtype_missing,warning,seatbid[0].bid[1].mtype,4.2.3
p000136,nesn.com,amspbs.com,response,2.6-202606,openrtb.bid.mtype_missing,warning,seatbid[0].bid[2].mtype,4.2.3
p000137,autoexpress.co.uk,ap.lijit.com,request,2.6-202606,openrtb.field.undefined,error,device.geo.state,3.2.19
p000137,autoexpress.co.uk,ap.lijit.com,request,2.6-202606,openrtb.field.undefined,error,imp[0].adunitcode,3.2.4
p000137,autoexpress.co.uk,ap.lijit.com,request,2.6-202606,openrtb.field.deprecated,warning,imp[0].video.placement,Section 3.2.7
p000138,autoexpress.co.uk,ap.lijit.com,request,2.6-202606,openrtb.field.undefined,error,device.geo.state,3.2.19
p000138,autoexpress.co.uk,ap.lijit.com,request,2.6-202606,openrtb.field.undefined,error,imp[0].adunitcode,3.2.4
p000138,autoexpress.co.uk,ap.lijit.com,request,2.6-202606,openrtb.field.deprecated,warning,imp[0].video.placement,Section 3.2.7
p000139,cityam.com,ap.lijit.com,request,2.6-202606,openrtb.field.undefined,error,imp[0].adunitcode,3.2.4
p000140,cityam.com,ap.lijit.com,request,2.6-202606,openrtb.field.undefined,error,imp[0].adunitcode,3.2.4
p000141,cityam.com,ap.lijit.com,request,2.6-202606,openrtb.field.undefined,error,imp[0].adunitcode,3.2.4
p000142,cityam.com,ap.lijit.com,request,2.6-202606,openrtb.field.undefined,error,imp[0].adunitcode,3.2.4
p000143,cityam.com,ap.lijit.com,request,2.6-202606,openrtb.field.undefined,error,imp[0].adunitcode,3.2.4
p000144,cityam.com,ap.lijit.com,request,2.6-202606,openrtb.field.undefined,error,imp[0].adunitcode,3.2.4
p000145,cityam.com,ap.lijit.com,request,2.6-202606,openrtb.field.undefined,error,imp[0].adunitcode,3.2.4
p000146,cityam.com,ap.lijit.com,request,2.6-202606,openrtb.field.undefined,error,imp[0].adunitcode,3.2.4
p000147,cityam.com,ap.lijit.com,request,2.6-202606,openrtb.field.undefined,error,imp[0].adunitcode,3.2.4
p000148,cityam.com,ap.lijit.com,request,2.6-202606,openrtb.field.undefined,error,imp[0].adunitcode,3.2.4
p000149,cycletrader.com,ap.lijit.com,request,2.6-202606,openrtb.field.undefined,error,imp[0].adunitcode,3.2.4
p000149,cycletrader.com,ap.lijit.com,request,2.6-202606,openrtb.field.undefined,error,imp[1].adunitcode,3.2.4
p000149,cycletrader.com,ap.lijit.com,request,2.6-202606,openrtb.field.undefined,error,imp[2].adunitcode,3.2.4
p000149,cycletrader.com,ap.lijit.com,request,2.6-202606,openrtb.field.undefined,error,imp[3].adunitcode,3.2.4
p000150,cycletrader.com,ap.lijit.com,request,2.6-202606,openrtb.field.undefined,error,imp[0].adunitcode,3.2.4
p000150,cycletrader.com,ap.lijit.com,request,2.6-202606,openrtb.field.undefined,error,imp[1].adunitcode,3.2.4
p000150,cycletrader.com,ap.lijit.com,request,2.6-202606,openrtb.field.undefined,error,imp[2].adunitcode,3.2.4
p000151,cycletrader.com,ap.lijit.com,request,2.6-202606,openrtb.field.undefined,error,imp[0].adunitcode,3.2.4
p000151,cycletrader.com,ap.lijit.com,request,2.6-202606,openrtb.field.undefined,error,imp[1].adunitcode,3.2.4
p000151,cycletrader.com,ap.lijit.com,request,2.6-202606,openrtb.field.undefined,error,imp[2].adunitcode,3.2.4
p000151,cycletrader.com,ap.lijit.com,request,2.6-202606,openrtb.field.undefined,error,imp[3].adunitcode,3.2.4
p000152,cycletrader.com,ap.lijit.com,request,2.6-202606,openrtb.field.undefined,error,imp[0].adunitcode,3.2.4
p000152,cycletrader.com,ap.lijit.com,request,2.6-202606,openrtb.field.undefined,error,imp[1].adunitcode,3.2.4
p000152,cycletrader.com,ap.lijit.com,request,2.6-202606,openrtb.field.undefined,error,imp[2].adunitcode,3.2.4
p000152,cycletrader.com,ap.lijit.com,request,2.6-202606,openrtb.field.undefined,error,imp[3].adunitcode,3.2.4
p000153,cycletrader.com,ap.lijit.com,request,2.6-202606,openrtb.field.undefined,error,imp[0].adunitcode,3.2.4
p000153,cycletrader.com,ap.lijit.com,request,2.6-202606,openrtb.field.undefined,error,imp[1].adunitcode,3.2.4
p000153,cycletrader.com,ap.lijit.com,request,2.6-202606,openrtb.field.undefined,error,imp[2].adunitcode,3.2.4
p000153,cycletrader.com,ap.lijit.com,request,2.6-202606,openrtb.field.undefined,error,imp[3].adunitcode,3.2.4
p000153,cycletrader.com,ap.lijit.com,request,2.6-202606,openrtb.field.undefined,error,imp[4].adunitcode,3.2.4
p000153,cycletrader.com,ap.lijit.com,request,2.6-202606,openrtb.field.undefined,error,imp[5].adunitcode,3.2.4
p000153,cycletrader.com,ap.lijit.com,request,2.6-202606,openrtb.field.undefined,error,imp[6].adunitcode,3.2.4
p000153,cycletrader.com,ap.lijit.com,request,2.6-202606,openrtb.field.undefined,error,imp[7].adunitcode,3.2.4
p000153,cycletrader.com,ap.lijit.com,request,2.6-202606,openrtb.field.undefined,error,imp[8].adunitcode,3.2.4
p000153,cycletrader.com,ap.lijit.com,request,2.6-202606,openrtb.field.undefined,error,imp[9].adunitcode,3.2.4
p000153,cycletrader.com,ap.lijit.com,request,2.6-202606,openrtb.field.undefined,error,imp[10].adunitcode,3.2.4
p000153,cycletrader.com,ap.lijit.com,request,2.6-202606,openrtb.field.undefined,error,imp[11].adunitcode,3.2.4
p000153,cycletrader.com,ap.lijit.com,request,2.6-202606,openrtb.field.undefined,error,imp[12].adunitcode,3.2.4
p000153,cycletrader.com,ap.lijit.com,request,2.6-202606,openrtb.field.undefined,error,imp[13].adunitcode,3.2.4
p000154,elespectador.com,ap.lijit.com,request,2.6-202606,openrtb.field.undefined,error,imp[0].adunitcode,3.2.4
p000154,elespectador.com,ap.lijit.com,request,2.6-202606,openrtb.field.undefined,error,imp[1].adunitcode,3.2.4
p000154,elespectador.com,ap.lijit.com,request,2.6-202606,openrtb.field.undefined,error,imp[2].adunitcode,3.2.4
p000154,elespectador.com,ap.lijit.com,request,2.6-202606,openrtb.field.deprecated,warning,imp[2].video.placement,Section 3.2.7
p000154,elespectador.com,ap.lijit.com,request,2.6-202606,openrtb.field.undefined,error,imp[3].adunitcode,3.2.4
p000154,elespectador.com,ap.lijit.com,request,2.6-202606,openrtb.field.deprecated,warning,imp[3].video.placement,Section 3.2.7
p000154,elespectador.com,ap.lijit.com,request,2.6-202606,openrtb.field.moved,error,regs.ext.gdpr,Section 3.2.3
p000154,elespectador.com,ap.lijit.com,request,2.6-202606,openrtb.field.moved,error,user.ext.consent,Section 3.2.20
p000155,elespectador.com,ap.lijit.com,request,2.6-202606,openrtb.field.undefined,error,imp[0].adunitcode,3.2.4
p000155,elespectador.com,ap.lijit.com,request,2.6-202606,openrtb.field.moved,error,regs.ext.gdpr,Section 3.2.3
p000155,elespectador.com,ap.lijit.com,request,2.6-202606,openrtb.field.moved,error,user.ext.consent,Section 3.2.20
p000156,elespectador.com,ap.lijit.com,request,2.6-202606,openrtb.field.undefined,error,imp[0].adunitcode,3.2.4
p000156,elespectador.com,ap.lijit.com,request,2.6-202606,openrtb.field.undefined,error,imp[1].adunitcode,3.2.4
p000156,elespectador.com,ap.lijit.com,request,2.6-202606,openrtb.field.moved,error,regs.ext.gdpr,Section 3.2.3
p000156,elespectador.com,ap.lijit.com,request,2.6-202606,openrtb.field.moved,error,user.ext.consent,Section 3.2.20
p000157,elespectador.com,ap.lijit.com,request,2.6-202606,openrtb.field.undefined,error,imp[0].adunitcode,3.2.4
p000157,elespectador.com,ap.lijit.com,request,2.6-202606,openrtb.field.moved,error,regs.ext.gdpr,Section 3.2.3
p000157,elespectador.com,ap.lijit.com,request,2.6-202606,openrtb.field.moved,error,user.ext.consent,Section 3.2.20
p000158,elespectador.com,ap.lijit.com,request,2.6-202606,openrtb.field.undefined,error,imp[0].adunitcode,3.2.4
p000158,elespectador.com,ap.lijit.com,request,2.6-202606,openrtb.field.moved,error,regs.ext.gdpr,Section 3.2.3
p000158,elespectador.com,ap.lijit.com,request,2.6-202606,openrtb.field.moved,error,user.ext.consent,Section 3.2.20
p000159,elespectador.com,ap.lijit.com,request,2.6-202606,openrtb.field.undefined,error,imp[0].adunitcode,3.2.4
p000159,elespectador.com,ap.lijit.com,request,2.6-202606,openrtb.field.undefined,error,imp[1].adunitcode,3.2.4
p000159,elespectador.com,ap.lijit.com,request,2.6-202606,openrtb.field.moved,error,regs.ext.gdpr,Section 3.2.3
p000159,elespectador.com,ap.lijit.com,request,2.6-202606,openrtb.field.moved,error,user.ext.consent,Section 3.2.20
p000160,elespectador.com,ap.lijit.com,request,2.6-202606,openrtb.field.undefined,error,imp[0].adunitcode,3.2.4
p000160,elespectador.com,ap.lijit.com,request,2.6-202606,openrtb.field.moved,error,regs.ext.gdpr,Section 3.2.3
p000160,elespectador.com,ap.lijit.com,request,2.6-202606,openrtb.field.moved,error,user.ext.consent,Section 3.2.20
p000161,elespectador.com,ap.lijit.com,request,2.6-202606,openrtb.field.undefined,error,imp[0].adunitcode,3.2.4
p000161,elespectador.com,ap.lijit.com,request,2.6-202606,openrtb.field.undefined,error,imp[1].adunitcode,3.2.4
p000161,elespectador.com,ap.lijit.com,request,2.6-202606,openrtb.field.undefined,error,imp[2].adunitcode,3.2.4
p000161,elespectador.com,ap.lijit.com,request,2.6-202606,openrtb.field.deprecated,warning,imp[2].video.placement,Section 3.2.7
p000161,elespectador.com,ap.lijit.com,request,2.6-202606,openrtb.field.undefined,error,imp[3].adunitcode,3.2.4
p000161,elespectador.com,ap.lijit.com,request,2.6-202606,openrtb.field.deprecated,warning,imp[3].video.placement,Section 3.2.7
p000161,elespectador.com,ap.lijit.com,request,2.6-202606,openrtb.field.moved,error,regs.ext.gdpr,Section 3.2.3
p000161,elespectador.com,ap.lijit.com,request,2.6-202606,openrtb.field.moved,error,user.ext.consent,Section 3.2.20
p000162,elespectador.com,ap.lijit.com,request,2.6-202606,openrtb.field.undefined,error,imp[0].adunitcode,3.2.4
p000162,elespectador.com,ap.lijit.com,request,2.6-202606,openrtb.field.moved,error,regs.ext.gdpr,Section 3.2.3
p000162,elespectador.com,ap.lijit.com,request,2.6-202606,openrtb.field.moved,error,user.ext.consent,Section 3.2.20
p000163,elespectador.com,ap.lijit.com,request,2.6-202606,openrtb.field.undefined,error,imp[0].adunitcode,3.2.4
p000163,elespectador.com,ap.lijit.com,request,2.6-202606,openrtb.field.moved,error,regs.ext.gdpr,Section 3.2.3
p000163,elespectador.com,ap.lijit.com,request,2.6-202606,openrtb.field.moved,error,user.ext.consent,Section 3.2.20
p000164,elespectador.com,ap.lijit.com,request,2.6-202606,openrtb.field.undefined,error,imp[0].adunitcode,3.2.4
p000164,elespectador.com,ap.lijit.com,request,2.6-202606,openrtb.field.moved,error,regs.ext.gdpr,Section 3.2.3
p000164,elespectador.com,ap.lijit.com,request,2.6-202606,openrtb.field.moved,error,user.ext.consent,Section 3.2.20
p000165,elespectador.com,ap.lijit.com,request,2.6-202606,openrtb.field.undefined,error,imp[0].adunitcode,3.2.4
p000165,elespectador.com,ap.lijit.com,request,2.6-202606,openrtb.field.undefined,error,imp[1].adunitcode,3.2.4
p000165,elespectador.com,ap.lijit.com,request,2.6-202606,openrtb.field.deprecated,warning,imp[1].video.placement,Section 3.2.7
p000165,elespectador.com,ap.lijit.com,request,2.6-202606,openrtb.field.undefined,error,imp[2].adunitcode,3.2.4
p000165,elespectador.com,ap.lijit.com,request,2.6-202606,openrtb.field.deprecated,warning,imp[2].video.placement,Section 3.2.7
p000165,elespectador.com,ap.lijit.com,request,2.6-202606,openrtb.field.moved,error,regs.ext.gdpr,Section 3.2.3
p000165,elespectador.com,ap.lijit.com,request,2.6-202606,openrtb.field.moved,error,user.ext.consent,Section 3.2.20
p000166,epravda.com.ua,ap.lijit.com,request,2.6-202606,openrtb.field.undefined,error,imp[0].adunitcode,3.2.4
p000167,epravda.com.ua,ap.lijit.com,request,2.6-202606,openrtb.field.undefined,error,imp[0].adunitcode,3.2.4
p000168,fox11online.com,ap.lijit.com,request,2.6-202606,openrtb.field.undefined,error,imp[0].adunitcode,3.2.4
p000169,fox11online.com,ap.lijit.com,request,2.6-202606,openrtb.field.undefined,error,imp[0].adunitcode,3.2.4
p000170,fox11online.com,ap.lijit.com,request,2.6-202606,openrtb.field.undefined,error,imp[0].adunitcode,3.2.4
p000170,fox11online.com,ap.lijit.com,request,2.6-202606,openrtb.field.deprecated,warning,imp[0].video.placement,Section 3.2.7
p000170,fox11online.com,ap.lijit.com,request,2.6-202606,openrtb.field.undefined,error,imp[1].adunitcode,3.2.4
p000170,fox11online.com,ap.lijit.com,request,2.6-202606,openrtb.field.deprecated,warning,imp[1].video.placement,Section 3.2.7
p000170,fox11online.com,ap.lijit.com,request,2.6-202606,openrtb.field.undefined,error,imp[2].adunitcode,3.2.4
p000170,fox11online.com,ap.lijit.com,request,2.6-202606,openrtb.field.deprecated,warning,imp[2].video.placement,Section 3.2.7
p000170,fox11online.com,ap.lijit.com,request,2.6-202606,openrtb.field.undefined,error,imp[3].adunitcode,3.2.4
p000170,fox11online.com,ap.lijit.com,request,2.6-202606,openrtb.field.deprecated,warning,imp[3].video.placement,Section 3.2.7
p000170,fox11online.com,ap.lijit.com,request,2.6-202606,openrtb.field.undefined,error,imp[4].adunitcode,3.2.4
p000170,fox11online.com,ap.lijit.com,request,2.6-202606,openrtb.field.deprecated,warning,imp[4].video.placement,Section 3.2.7
p000171,fox11online.com,ap.lijit.com,request,2.6-202606,openrtb.field.undefined,error,imp[0].adunitcode,3.2.4
p000171,fox11online.com,ap.lijit.com,request,2.6-202606,openrtb.field.undefined,error,imp[1].adunitcode,3.2.4
p000171,fox11online.com,ap.lijit.com,request,2.6-202606,openrtb.field.undefined,error,imp[2].adunitcode,3.2.4
p000171,fox11online.com,ap.lijit.com,request,2.6-202606,openrtb.field.undefined,error,imp[3].adunitcode,3.2.4
p000171,fox11online.com,ap.lijit.com,request,2.6-202606,openrtb.field.undefined,error,imp[4].adunitcode,3.2.4
p000171,fox11online.com,ap.lijit.com,request,2.6-202606,openrtb.field.undefined,error,imp[5].adunitcode,3.2.4
p000171,fox11online.com,ap.lijit.com,request,2.6-202606,openrtb.field.undefined,error,imp[6].adunitcode,3.2.4
p000171,fox11online.com,ap.lijit.com,request,2.6-202606,openrtb.field.undefined,error,imp[7].adunitcode,3.2.4
p000171,fox11online.com,ap.lijit.com,request,2.6-202606,openrtb.field.undefined,error,imp[8].adunitcode,3.2.4
p000171,fox11online.com,ap.lijit.com,request,2.6-202606,openrtb.field.undefined,error,imp[9].adunitcode,3.2.4
p000171,fox11online.com,ap.lijit.com,request,2.6-202606,openrtb.field.undefined,error,imp[10].adunitcode,3.2.4
p000171,fox11online.com,ap.lijit.com,request,2.6-202606,openrtb.field.undefined,error,imp[11].adunitcode,3.2.4
p000172,fox11online.com,ap.lijit.com,request,2.6-202606,openrtb.field.undefined,error,imp[0].adunitcode,3.2.4
p000172,fox11online.com,ap.lijit.com,request,2.6-202606,openrtb.field.deprecated,warning,imp[0].video.placement,Section 3.2.7
p000172,fox11online.com,ap.lijit.com,request,2.6-202606,openrtb.field.undefined,error,imp[1].adunitcode,3.2.4
p000172,fox11online.com,ap.lijit.com,request,2.6-202606,openrtb.field.deprecated,warning,imp[1].video.placement,Section 3.2.7
p000172,fox11online.com,ap.lijit.com,request,2.6-202606,openrtb.field.undefined,error,imp[2].adunitcode,3.2.4
p000172,fox11online.com,ap.lijit.com,request,2.6-202606,openrtb.field.deprecated,warning,imp[2].video.placement,Section 3.2.7
p000172,fox11online.com,ap.lijit.com,request,2.6-202606,openrtb.field.undefined,error,imp[3].adunitcode,3.2.4
p000172,fox11online.com,ap.lijit.com,request,2.6-202606,openrtb.field.deprecated,warning,imp[3].video.placement,Section 3.2.7
p000172,fox11online.com,ap.lijit.com,request,2.6-202606,openrtb.field.undefined,error,imp[4].adunitcode,3.2.4
p000172,fox11online.com,ap.lijit.com,request,2.6-202606,openrtb.field.deprecated,warning,imp[4].video.placement,Section 3.2.7
p000173,fox11online.com,ap.lijit.com,request,2.6-202606,openrtb.field.undefined,error,imp[0].adunitcode,3.2.4
p000173,fox11online.com,ap.lijit.com,request,2.6-202606,openrtb.field.undefined,error,imp[1].adunitcode,3.2.4
p000173,fox11online.com,ap.lijit.com,request,2.6-202606,openrtb.field.undefined,error,imp[2].adunitcode,3.2.4
p000173,fox11online.com,ap.lijit.com,request,2.6-202606,openrtb.field.undefined,error,imp[3].adunitcode,3.2.4
p000173,fox11online.com,ap.lijit.com,request,2.6-202606,openrtb.field.undefined,error,imp[4].adunitcode,3.2.4
p000173,fox11online.com,ap.lijit.com,request,2.6-202606,openrtb.field.undefined,error,imp[5].adunitcode,3.2.4
p000174,genealogy.com,ap.lijit.com,request,2.6-202606,openrtb.field.undefined,error,imp[0].adunitcode,3.2.4
p000175,genealogy.com,ap.lijit.com,request,2.6-202606,openrtb.field.undefined,error,imp[0].adunitcode,3.2.4
p000176,genealogy.com,ap.lijit.com,request,2.6-202606,openrtb.field.undefined,error,imp[0].adunitcode,3.2.4
p000177,genealogy.com,ap.lijit.com,request,2.6-202606,openrtb.field.undefined,error,imp[0].adunitcode,3.2.4
p000178,haberler.com,ap.lijit.com,request,2.6-202606,openrtb.field.undefined,error,imp[0].adunitcode,3.2.4
p000179,haberler.com,ap.lijit.com,request,2.6-202606,openrtb.field.undefined,error,imp[0].adunitcode,3.2.4
p000180,haberler.com,ap.lijit.com,request,2.6-202606,openrtb.field.undefined,error,imp[0].adunitcode,3.2.4
p000180,haberler.com,ap.lijit.com,request,2.6-202606,openrtb.field.deprecated,warning,imp[0].video.placement,Section 3.2.7
p000181,haberler.com,ap.lijit.com,request,2.6-202606,openrtb.field.undefined,error,imp[0].adunitcode,3.2.4
p000182,haberler.com,ap.lijit.com,request,2.6-202606,openrtb.field.undefined,error,imp[0].adunitcode,3.2.4
p000183,howlongtobeat.com,ap.lijit.com,request,2.6-202606,openrtb.field.undefined,error,imp[0].adunitcode,3.2.4
p000183,howlongtobeat.com,ap.lijit.com,request,2.6-202606,openrtb.field.undefined,error,imp[1].adunitcode,3.2.4
p000183,howlongtobeat.com,ap.lijit.com,request,2.6-202606,openrtb.field.undefined,error,imp[2].adunitcode,3.2.4
p000183,howlongtobeat.com,ap.lijit.com,request,2.6-202606,openrtb.field.undefined,error,imp[3].adunitcode,3.2.4
p000184,moly.hu,ap.lijit.com,request,2.6-202606,openrtb.field.undefined,error,imp[0].adunitcode,3.2.4
p000184,moly.hu,ap.lijit.com,request,2.6-202606,openrtb.field.undefined,error,imp[1].adunitcode,3.2.4
p000184,moly.hu,ap.lijit.com,request,2.6-202606,openrtb.field.undefined,error,imp[2].adunitcode,3.2.4
p000184,moly.hu,ap.lijit.com,request,2.6-202606,openrtb.field.undefined,error,imp[3].adunitcode,3.2.4
p000184,moly.hu,ap.lijit.com,request,2.6-202606,openrtb.field.undefined,error,imp[4].adunitcode,3.2.4
p000184,moly.hu,ap.lijit.com,request,2.6-202606,openrtb.field.undefined,error,imp[5].adunitcode,3.2.4
p000184,moly.hu,ap.lijit.com,request,2.6-202606,openrtb.field.undefined,error,imp[6].adunitcode,3.2.4
p000184,moly.hu,ap.lijit.com,request,2.6-202606,openrtb.field.undefined,error,imp[7].adunitcode,3.2.4
p000184,moly.hu,ap.lijit.com,request,2.6-202606,openrtb.field.undefined,error,imp[8].adunitcode,3.2.4
p000184,moly.hu,ap.lijit.com,request,2.6-202606,openrtb.field.undefined,error,imp[9].adunitcode,3.2.4
p000184,moly.hu,ap.lijit.com,request,2.6-202606,openrtb.field.moved,error,regs.ext.gdpr,Section 3.2.3
p000185,montgomeryadvertiser.com,ap.lijit.com,request,2.6-202606,openrtb.field.undefined,error,device.geo.state,3.2.19
p000185,montgomeryadvertiser.com,ap.lijit.com,request,2.6-202606,openrtb.field.undefined,error,imp[0].adunitcode,3.2.4
p000185,montgomeryadvertiser.com,ap.lijit.com,request,2.6-202606,openrtb.field.deprecated,warning,imp[0].video.placement,Section 3.2.7
p000186,moly.hu,ap.lijit.com,request,2.6-202606,openrtb.field.undefined,error,imp[0].adunitcode,3.2.4
p000186,moly.hu,ap.lijit.com,request,2.6-202606,openrtb.field.undefined,error,imp[1].adunitcode,3.2.4
p000186,moly.hu,ap.lijit.com,request,2.6-202606,openrtb.field.undefined,error,imp[2].adunitcode,3.2.4
p000186,moly.hu,ap.lijit.com,request,2.6-202606,openrtb.field.undefined,error,imp[3].adunitcode,3.2.4
p000186,moly.hu,ap.lijit.com,request,2.6-202606,openrtb.field.undefined,error,imp[4].adunitcode,3.2.4
p000186,moly.hu,ap.lijit.com,request,2.6-202606,openrtb.field.undefined,error,imp[5].adunitcode,3.2.4
p000186,moly.hu,ap.lijit.com,request,2.6-202606,openrtb.field.undefined,error,imp[6].adunitcode,3.2.4
p000186,moly.hu,ap.lijit.com,request,2.6-202606,openrtb.field.undefined,error,imp[7].adunitcode,3.2.4
p000186,moly.hu,ap.lijit.com,request,2.6-202606,openrtb.field.undefined,error,imp[8].adunitcode,3.2.4
p000186,moly.hu,ap.lijit.com,request,2.6-202606,openrtb.field.undefined,error,imp[9].adunitcode,3.2.4
p000186,moly.hu,ap.lijit.com,request,2.6-202606,openrtb.field.moved,error,regs.ext.gdpr,Section 3.2.3
p000187,mthai.com,ap.lijit.com,request,2.6-202606,openrtb.field.undefined,error,imp[0].adunitcode,3.2.4
p000188,mthai.com,ap.lijit.com,request,2.6-202606,openrtb.field.undefined,error,imp[0].adunitcode,3.2.4
p000189,mthai.com,ap.lijit.com,request,2.6-202606,openrtb.field.undefined,error,imp[0].adunitcode,3.2.4
p000190,mthai.com,ap.lijit.com,request,2.6-202606,openrtb.field.undefined,error,imp[0].adunitcode,3.2.4
p000191,mthai.com,ap.lijit.com,request,2.6-202606,openrtb.field.undefined,error,imp[0].adunitcode,3.2.4
p000192,mthai.com,ap.lijit.com,request,2.6-202606,openrtb.field.undefined,error,imp[0].adunitcode,3.2.4
p000193,mthai.com,ap.lijit.com,request,2.6-202606,openrtb.field.undefined,error,imp[0].adunitcode,3.2.4
p000194,mthai.com,ap.lijit.com,request,2.6-202606,openrtb.field.undefined,error,imp[0].adunitcode,3.2.4
p000195,nationaltoday.com,ap.lijit.com,request,2.6-202606,openrtb.field.undefined,error,imp[0].adunitcode,3.2.4
p000195,nationaltoday.com,ap.lijit.com,request,2.6-202606,openrtb.field.undefined,error,imp[1].adunitcode,3.2.4
p000195,nationaltoday.com,ap.lijit.com,request,2.6-202606,openrtb.field.undefined,error,imp[2].adunitcode,3.2.4
p000195,nationaltoday.com,ap.lijit.com,request,2.6-202606,openrtb.field.undefined,error,imp[3].adunitcode,3.2.4
p000195,nationaltoday.com,ap.lijit.com,request,2.6-202606,openrtb.field.undefined,error,imp[4].adunitcode,3.2.4
p000195,nationaltoday.com,ap.lijit.com,request,2.6-202606,openrtb.field.undefined,error,imp[5].adunitcode,3.2.4
p000195,nationaltoday.com,ap.lijit.com,request,2.6-202606,openrtb.field.undefined,error,imp[6].adunitcode,3.2.4
p000195,nationaltoday.com,ap.lijit.com,request,2.6-202606,openrtb.field.undefined,error,imp[7].adunitcode,3.2.4
p000195,nationaltoday.com,ap.lijit.com,request,2.6-202606,openrtb.field.undefined,error,imp[8].adunitcode,3.2.4
p000195,nationaltoday.com,ap.lijit.com,request,2.6-202606,openrtb.field.undefined,error,imp[9].adunitcode,3.2.4
p000195,nationaltoday.com,ap.lijit.com,request,2.6-202606,openrtb.field.undefined,error,imp[10].adunitcode,3.2.4
p000195,nationaltoday.com,ap.lijit.com,request,2.6-202606,openrtb.field.undefined,error,imp[11].adunitcode,3.2.4
p000195,nationaltoday.com,ap.lijit.com,request,2.6-202606,openrtb.field.undefined,error,imp[12].adunitcode,3.2.4
p000195,nationaltoday.com,ap.lijit.com,request,2.6-202606,openrtb.field.moved,error,regs.ext.gdpr,Section 3.2.3
p000196,nationaltoday.com,ap.lijit.com,request,2.6-202606,openrtb.field.undefined,error,imp[0].adunitcode,3.2.4
p000196,nationaltoday.com,ap.lijit.com,request,2.6-202606,openrtb.field.undefined,error,imp[1].adunitcode,3.2.4
p000196,nationaltoday.com,ap.lijit.com,request,2.6-202606,openrtb.field.undefined,error,imp[2].adunitcode,3.2.4
p000196,nationaltoday.com,ap.lijit.com,request,2.6-202606,openrtb.field.moved,error,regs.ext.gdpr,Section 3.2.3
p000197,myjoyonline.com,ap.lijit.com,request,2.6-202606,openrtb.field.undefined,error,imp[0].adunitcode,3.2.4
p000197,myjoyonline.com,ap.lijit.com,request,2.6-202606,openrtb.field.moved,error,regs.ext.gdpr,Section 3.2.3
p000198,nationaltoday.com,ap.lijit.com,request,2.6-202606,openrtb.field.undefined,error,imp[0].adunitcode,3.2.4
p000198,nationaltoday.com,ap.lijit.com,request,2.6-202606,openrtb.field.undefined,error,imp[1].adunitcode,3.2.4
p000198,nationaltoday.com,ap.lijit.com,request,2.6-202606,openrtb.field.undefined,error,imp[2].adunitcode,3.2.4
p000198,nationaltoday.com,ap.lijit.com,request,2.6-202606,openrtb.field.undefined,error,imp[3].adunitcode,3.2.4
p000198,nationaltoday.com,ap.lijit.com,request,2.6-202606,openrtb.field.undefined,error,imp[4].adunitcode,3.2.4
p000198,nationaltoday.com,ap.lijit.com,request,2.6-202606,openrtb.field.undefined,error,imp[5].adunitcode,3.2.4
p000198,nationaltoday.com,ap.lijit.com,request,2.6-202606,openrtb.field.undefined,error,imp[6].adunitcode,3.2.4
p000198,nationaltoday.com,ap.lijit.com,request,2.6-202606,openrtb.field.undefined,error,imp[7].adunitcode,3.2.4
p000198,nationaltoday.com,ap.lijit.com,request,2.6-202606,openrtb.field.undefined,error,imp[8].adunitcode,3.2.4
p000198,nationaltoday.com,ap.lijit.com,request,2.6-202606,openrtb.field.undefined,error,imp[9].adunitcode,3.2.4
p000198,nationaltoday.com,ap.lijit.com,request,2.6-202606,openrtb.field.undefined,error,imp[10].adunitcode,3.2.4
p000198,nationaltoday.com,ap.lijit.com,request,2.6-202606,openrtb.field.undefined,error,imp[11].adunitcode,3.2.4
p000198,nationaltoday.com,ap.lijit.com,request,2.6-202606,openrtb.field.undefined,error,imp[12].adunitcode,3.2.4
p000198,nationaltoday.com,ap.lijit.com,request,2.6-202606,openrtb.field.moved,error,regs.ext.gdpr,Section 3.2.3
p000199,nesn.com,ap.lijit.com,request,2.6-202606,openrtb.field.undefined,error,imp[0].adunitcode,3.2.4
p000200,nesn.com,ap.lijit.com,request,2.6-202606,openrtb.field.undefined,error,imp[0].adunitcode,3.2.4
p000201,nesn.com,ap.lijit.com,request,2.6-202606,openrtb.field.undefined,error,imp[0].adunitcode,3.2.4
p000201,nesn.com,ap.lijit.com,request,2.6-202606,openrtb.field.undefined,error,imp[1].adunitcode,3.2.4
p000201,nesn.com,ap.lijit.com,request,2.6-202606,openrtb.field.undefined,error,imp[2].adunitcode,3.2.4
p000202,teletica.com,ap.lijit.com,request,2.6-202606,openrtb.field.undefined,error,imp[0].adunitcode,3.2.4
p000202,teletica.com,ap.lijit.com,request,2.6-202606,openrtb.field.moved,error,regs.ext.gdpr,Section 3.2.3
p000202,teletica.com,ap.lijit.com,request,2.6-202606,openrtb.field.moved,error,user.ext.consent,Section 3.2.20
p000203,teletica.com,ap.lijit.com,request,2.6-202606,openrtb.field.undefined,error,imp[0].adunitcode,3.2.4
p000203,teletica.com,ap.lijit.com,request,2.6-202606,openrtb.field.moved,error,regs.ext.gdpr,Section 3.2.3
p000203,teletica.com,ap.lijit.com,request,2.6-202606,openrtb.field.moved,error,user.ext.consent,Section 3.2.20
p000204,sozcu.com.tr,ap.lijit.com,request,2.6-202606,openrtb.field.undefined,error,imp[0].adunitcode,3.2.4
p000204,sozcu.com.tr,ap.lijit.com,request,2.6-202606,openrtb.field.deprecated,warning,imp[0].video.placement,Section 3.2.7
p000205,teletica.com,ap.lijit.com,request,2.6-202606,openrtb.field.undefined,error,imp[0].adunitcode,3.2.4
p000205,teletica.com,ap.lijit.com,request,2.6-202606,openrtb.field.moved,error,regs.ext.gdpr,Section 3.2.3
p000205,teletica.com,ap.lijit.com,request,2.6-202606,openrtb.field.moved,error,user.ext.consent,Section 3.2.20
p000206,sozcu.com.tr,ap.lijit.com,request,2.6-202606,openrtb.field.undefined,error,imp[0].adunitcode,3.2.4
p000206,sozcu.com.tr,ap.lijit.com,request,2.6-202606,openrtb.field.deprecated,warning,imp[0].video.placement,Section 3.2.7
p000207,teletica.com,ap.lijit.com,request,2.6-202606,openrtb.field.undefined,error,imp[0].adunitcode,3.2.4
p000207,teletica.com,ap.lijit.com,request,2.6-202606,openrtb.field.moved,error,regs.ext.gdpr,Section 3.2.3
p000207,teletica.com,ap.lijit.com,request,2.6-202606,openrtb.field.moved,error,user.ext.consent,Section 3.2.20
p000208,upi.com,ap.lijit.com,request,2.6-202606,openrtb.field.undefined,error,imp[0].adunitcode,3.2.4
p000208,upi.com,ap.lijit.com,request,2.6-202606,openrtb.field.undefined,error,imp[1].adunitcode,3.2.4
p000208,upi.com,ap.lijit.com,request,2.6-202606,openrtb.field.undefined,error,imp[2].adunitcode,3.2.4
p000208,upi.com,ap.lijit.com,request,2.6-202606,openrtb.field.undefined,error,imp[3].adunitcode,3.2.4
p000208,upi.com,ap.lijit.com,request,2.6-202606,openrtb.field.undefined,error,imp[4].adunitcode,3.2.4
p000208,upi.com,ap.lijit.com,request,2.6-202606,openrtb.field.undefined,error,imp[5].adunitcode,3.2.4
p000208,upi.com,ap.lijit.com,request,2.6-202606,openrtb.field.undefined,error,imp[6].adunitcode,3.2.4
p000209,upi.com,ap.lijit.com,request,2.6-202606,openrtb.field.undefined,error,imp[0].adunitcode,3.2.4
p000209,upi.com,ap.lijit.com,request,2.6-202606,openrtb.field.undefined,error,imp[1].adunitcode,3.2.4
p000209,upi.com,ap.lijit.com,request,2.6-202606,openrtb.field.undefined,error,imp[2].adunitcode,3.2.4
p000209,upi.com,ap.lijit.com,request,2.6-202606,openrtb.field.undefined,error,imp[3].adunitcode,3.2.4
p000210,urbandictionary.com,ap.lijit.com,request,2.6-202606,openrtb.field.undefined,error,imp[0].adunitcode,3.2.4
p000210,urbandictionary.com,ap.lijit.com,request,2.6-202606,openrtb.field.undefined,error,imp[1].adunitcode,3.2.4
p000210,urbandictionary.com,ap.lijit.com,request,2.6-202606,openrtb.field.undefined,error,imp[2].adunitcode,3.2.4
p000210,urbandictionary.com,ap.lijit.com,request,2.6-202606,openrtb.field.undefined,error,imp[3].adunitcode,3.2.4
p000211,urbandictionary.com,ap.lijit.com,request,2.6-202606,openrtb.field.undefined,error,imp[0].adunitcode,3.2.4
p000212,urbandictionary.com,ap.lijit.com,request,2.6-202606,openrtb.field.undefined,error,imp[0].adunitcode,3.2.4
p000249,oneindia.com,api.w.inmobi.com,request,2.6-202606,openrtb.field.undefined,error,user.interests,3.2.20
p000250,oneindia.com,api.w.inmobi.com,request,2.6-202606,openrtb.field.undefined,error,user.interests,3.2.20
p000251,oneindia.com,api.w.inmobi.com,request,2.6-202606,openrtb.field.undefined,error,user.interests,3.2.20
p000252,oneindia.com,api.w.inmobi.com,request,2.6-202606,openrtb.field.undefined,error,user.interests,3.2.20
p000255,socialblade.com,api.w.inmobi.com,request,2.6-202606,openrtb.field.undefined,error,imp[0].battr,3.2.4
p000255,socialblade.com,api.w.inmobi.com,request,2.6-202606,openrtb.field.undefined,error,imp[1].battr,3.2.4
p000255,socialblade.com,api.w.inmobi.com,request,2.6-202606,openrtb.field.undefined,error,imp[2].battr,3.2.4
p000255,socialblade.com,api.w.inmobi.com,request,2.6-202606,openrtb.field.undefined,error,imp[3].battr,3.2.4
p000255,socialblade.com,api.w.inmobi.com,request,2.6-202606,openrtb.field.undefined,error,imp[4].battr,3.2.4
p000255,socialblade.com,api.w.inmobi.com,request,2.6-202606,openrtb.field.undefined,error,imp[5].battr,3.2.4
p000255,socialblade.com,api.w.inmobi.com,request,2.6-202606,openrtb.field.undefined,error,imp[6].battr,3.2.4
p000255,socialblade.com,api.w.inmobi.com,request,2.6-202606,openrtb.field.deprecated,warning,imp[6].video.placement,Section 3.2.7
p000255,socialblade.com,api.w.inmobi.com,request,2.6-202606,openrtb.value.invalid,error,imp[6].video.skip,3.2.7
p000259,vice.com,api.w.inmobi.com,request,2.6-202606,openrtb.field.undefined,error,imp[0].battr,3.2.4
p000259,vice.com,api.w.inmobi.com,request,2.6-202606,openrtb.field.undefined,error,imp[1].battr,3.2.4
p000259,vice.com,api.w.inmobi.com,request,2.6-202606,openrtb.field.undefined,error,imp[2].battr,3.2.4
p000260,vice.com,api.w.inmobi.com,request,2.6-202606,openrtb.field.undefined,error,imp[0].battr,3.2.4
p000260,vice.com,api.w.inmobi.com,request,2.6-202606,openrtb.field.undefined,error,imp[1].battr,3.2.4
p000272,tio.ch,app.readpeak.com,request,2.5,openrtb.field.undefined,error,imp[0].tagId,3.2.4
p000273,tio.ch,app.readpeak.com,request,2.5,openrtb.field.undefined,error,imp[0].tagId,3.2.4
p000274,tio.ch,app.readpeak.com,request,2.5,openrtb.field.undefined,error,imp[0].tagId,3.2.4
p000275,tio.ch,app.readpeak.com,request,2.5,openrtb.field.undefined,error,imp[0].tagId,3.2.4
p000276,tio.ch,app.readpeak.com,request,2.5,openrtb.field.undefined,error,imp[0].tagId,3.2.4
p000285,montgomeryadvertiser.com,bid.contextweb.com,request,2.6-202606,openrtb.field.deprecated,warning,imp[0].video.placement,Section 3.2.7
p000285,montgomeryadvertiser.com,bid.contextweb.com,request,2.6-202606,openrtb.value.invalid,error,imp[0].video.skip,3.2.7
p000286,nesn.com,bid.contextweb.com,request,2.6-202606,openrtb.field.deprecated,warning,imp[0].video.placement,Section 3.2.7
p000286,nesn.com,bid.contextweb.com,request,2.6-202606,openrtb.value.invalid,error,imp[0].video.skip,3.2.7
p000287,nesn.com,bid.contextweb.com,request,2.6-202606,openrtb.field.deprecated,warning,imp[0].video.placement,Section 3.2.7
p000287,nesn.com,bid.contextweb.com,request,2.6-202606,openrtb.value.invalid,error,imp[0].video.skip,3.2.7
p000288,tennessean.com,bid.contextweb.com,request,2.6-202606,openrtb.field.deprecated,warning,imp[0].video.placement,Section 3.2.7
p000288,tennessean.com,bid.contextweb.com,request,2.6-202606,openrtb.value.invalid,error,imp[0].video.skip,3.2.7
p000289,tennessean.com,bid.contextweb.com,request,2.6-202606,openrtb.field.deprecated,warning,imp[0].video.placement,Section 3.2.7
p000289,tennessean.com,bid.contextweb.com,request,2.6-202606,openrtb.value.invalid,error,imp[0].video.skip,3.2.7
p000298,cornucopia.se,bid.sparteo.com,request,2.6-202606,openrtb.field.moved,error,regs.ext.gdpr,Section 3.2.3
p000299,cornucopia.se,bid.sparteo.com,request,2.6-202606,openrtb.field.moved,error,regs.ext.gdpr,Section 3.2.3
p000300,falstaff.com,bid.sparteo.com,request,2.6-202606,openrtb.field.moved,error,regs.ext.gdpr,Section 3.2.3
p000317,vivitusuerte.com,bid.sparteo.com,request,2.6-202606,openrtb.field.moved,error,regs.ext.gdpr,Section 3.2.3
p000318,chl.ca,bid.sparteo.com,response,2.6-202606,openrtb.bid.mtype_missing,warning,seatbid[0].bid[0].mtype,4.2.3
p000318,chl.ca,bid.sparteo.com,response,2.6-202606,openrtb.bid.mtype_missing,warning,seatbid[0].bid[1].mtype,4.2.3
p000318,chl.ca,bid.sparteo.com,response,2.6-202606,openrtb.bid.mtype_missing,warning,seatbid[0].bid[2].mtype,4.2.3
p000319,chl.ca,bid.sparteo.com,response,2.6-202606,openrtb.bid.mtype_missing,warning,seatbid[0].bid[0].mtype,4.2.3
p000320,cityam.com,bid.sparteo.com,response,2.6-202606,openrtb.bid.mtype_missing,warning,seatbid[0].bid[0].mtype,4.2.3
p000321,cityam.com,bid.sparteo.com,response,2.6-202606,openrtb.bid.mtype_missing,warning,seatbid[0].bid[0].mtype,4.2.3
p000322,cityam.com,bid.sparteo.com,response,2.6-202606,openrtb.bid.mtype_missing,warning,seatbid[0].bid[0].mtype,4.2.3
p000323,cityam.com,bid.sparteo.com,response,2.6-202606,openrtb.bid.mtype_missing,warning,seatbid[0].bid[0].mtype,4.2.3
p000324,cityam.com,bid.sparteo.com,response,2.6-202606,openrtb.bid.mtype_missing,warning,seatbid[0].bid[0].mtype,4.2.3
p000325,cornucopia.se,bid.sparteo.com,response,2.6-202606,openrtb.response.seatbid_or_nbr.required,error,seatbid,4.2.1
p000326,cornucopia.se,bid.sparteo.com,response,2.6-202606,openrtb.response.seatbid_or_nbr.required,error,seatbid,4.2.1
p000327,falstaff.com,bid.sparteo.com,response,2.6-202606,openrtb.bid.mtype_missing,warning,seatbid[0].bid[0].mtype,4.2.3
p000328,haberler.com,bid.sparteo.com,response,2.6-202606,openrtb.response.seatbid_or_nbr.required,error,seatbid,4.2.1
p000329,haberler.com,bid.sparteo.com,response,2.6-202606,openrtb.response.seatbid_or_nbr.required,error,seatbid,4.2.1
p000330,mthai.com,bid.sparteo.com,response,2.6-202606,openrtb.response.seatbid_or_nbr.required,error,seatbid,4.2.1
p000331,mthai.com,bid.sparteo.com,response,2.6-202606,openrtb.response.seatbid_or_nbr.required,error,seatbid,4.2.1
p000332,philstar.com,bid.sparteo.com,response,2.6-202606,openrtb.bid.mtype_missing,warning,seatbid[0].bid[0].mtype,4.2.3
p000332,philstar.com,bid.sparteo.com,response,2.6-202606,openrtb.bid.mtype_missing,warning,seatbid[0].bid[1].mtype,4.2.3
p000332,philstar.com,bid.sparteo.com,response,2.6-202606,openrtb.bid.mtype_missing,warning,seatbid[0].bid[2].mtype,4.2.3
p000333,philstar.com,bid.sparteo.com,response,2.6-202606,openrtb.bid.mtype_missing,warning,seatbid[0].bid[0].mtype,4.2.3
p000333,philstar.com,bid.sparteo.com,response,2.6-202606,openrtb.bid.mtype_missing,warning,seatbid[0].bid[1].mtype,4.2.3
p000333,philstar.com,bid.sparteo.com,response,2.6-202606,openrtb.bid.mtype_missing,warning,seatbid[0].bid[2].mtype,4.2.3
p000333,philstar.com,bid.sparteo.com,response,2.6-202606,openrtb.bid.mtype_missing,warning,seatbid[0].bid[3].mtype,4.2.3
p000334,realtimetrains.co.uk,bid.sparteo.com,response,2.6-202606,openrtb.response.seatbid_or_nbr.required,error,seatbid,4.2.1
p000335,realtimetrains.co.uk,bid.sparteo.com,response,2.6-202606,openrtb.response.seatbid_or_nbr.required,error,seatbid,4.2.1
p000336,rediff.com,bid.sparteo.com,response,2.6-202606,openrtb.response.seatbid_or_nbr.required,error,seatbid,4.2.1
p000337,rediff.com,bid.sparteo.com,response,2.6-202606,openrtb.response.seatbid_or_nbr.required,error,seatbid,4.2.1
p000338,rediff.com,bid.sparteo.com,response,2.6-202606,openrtb.response.seatbid_or_nbr.required,error,seatbid,4.2.1
p000339,vietstock.vn,bid.sparteo.com,response,2.6-202606,openrtb.response.seatbid_or_nbr.required,error,seatbid,4.2.1
p000340,vietstock.vn,bid.sparteo.com,response,2.6-202606,openrtb.response.seatbid_or_nbr.required,error,seatbid,4.2.1
p000341,vivitusuerte.com,bid.sparteo.com,response,2.6-202606,openrtb.response.seatbid_or_nbr.required,error,seatbid,4.2.1
p000342,barcablaugranes.com,btlr.sharethrough.com,request,2.6-202606,openrtb.type.mismatch,error,site.ref,3.2.13
p000343,barcablaugranes.com,btlr.sharethrough.com,request,2.6-202606,openrtb.type.mismatch,error,site.ref,3.2.13
p000344,barcablaugranes.com,btlr.sharethrough.com,request,2.6-202606,openrtb.type.mismatch,error,site.ref,3.2.13
p000345,barcablaugranes.com,btlr.sharethrough.com,request,2.6-202606,openrtb.type.mismatch,error,site.ref,3.2.13
p000346,barcablaugranes.com,btlr.sharethrough.com,request,2.6-202606,openrtb.type.mismatch,error,site.ref,3.2.13
p000347,barcablaugranes.com,btlr.sharethrough.com,request,2.6-202606,openrtb.type.mismatch,error,site.ref,3.2.13
p000348,barcablaugranes.com,btlr.sharethrough.com,request,2.6-202606,openrtb.type.mismatch,error,site.ref,3.2.13
p000349,barcablaugranes.com,btlr.sharethrough.com,request,2.6-202606,openrtb.type.mismatch,error,site.ref,3.2.13
p000350,barcablaugranes.com,btlr.sharethrough.com,request,2.6-202606,openrtb.type.mismatch,error,site.ref,3.2.13
p000351,barcablaugranes.com,btlr.sharethrough.com,request,2.6-202606,openrtb.type.mismatch,error,site.ref,3.2.13
p000352,barcablaugranes.com,btlr.sharethrough.com,request,2.6-202606,openrtb.type.mismatch,error,site.ref,3.2.13
p000353,barcablaugranes.com,btlr.sharethrough.com,request,2.6-202606,openrtb.type.mismatch,error,site.ref,3.2.13
p000354,barcablaugranes.com,btlr.sharethrough.com,request,2.6-202606,openrtb.type.mismatch,error,site.ref,3.2.13
p000355,barcablaugranes.com,btlr.sharethrough.com,request,2.6-202606,openrtb.type.mismatch,error,site.ref,3.2.13
p000356,coindesk.com,btlr.sharethrough.com,request,2.6-202606,openrtb.type.mismatch,error,site.ref,3.2.13
p000357,coindesk.com,btlr.sharethrough.com,request,2.6-202606,openrtb.type.mismatch,error,site.ref,3.2.13
p000358,coindesk.com,btlr.sharethrough.com,request,2.6-202606,openrtb.type.mismatch,error,site.ref,3.2.13
p000359,coindesk.com,btlr.sharethrough.com,request,2.6-202606,openrtb.type.mismatch,error,site.ref,3.2.13
p000360,coindesk.com,btlr.sharethrough.com,request,2.6-202606,openrtb.type.mismatch,error,site.ref,3.2.13
p000361,coindesk.com,btlr.sharethrough.com,request,2.6-202606,openrtb.type.mismatch,error,site.ref,3.2.13
p000362,cupofjo.com,btlr.sharethrough.com,request,2.6-202606,openrtb.type.mismatch,error,site.ref,3.2.13
p000363,cupofjo.com,btlr.sharethrough.com,request,2.6-202606,openrtb.type.mismatch,error,site.ref,3.2.13
p000364,cupofjo.com,btlr.sharethrough.com,request,2.6-202606,openrtb.type.mismatch,error,site.ref,3.2.13
p000365,cupofjo.com,btlr.sharethrough.com,request,2.6-202606,openrtb.type.mismatch,error,site.ref,3.2.13
p000366,cupofjo.com,btlr.sharethrough.com,request,2.6-202606,openrtb.field.deprecated,warning,imp[0].video.placement,Section 3.2.7
p000366,cupofjo.com,btlr.sharethrough.com,request,2.6-202606,openrtb.field.undefined,error,imp[0].video.topframe,3.2.7
p000366,cupofjo.com,btlr.sharethrough.com,request,2.6-202606,openrtb.type.mismatch,error,site.ref,3.2.13
p000367,cupofjo.com,btlr.sharethrough.com,request,2.6-202606,openrtb.field.deprecated,warning,imp[0].video.placement,Section 3.2.7
p000367,cupofjo.com,btlr.sharethrough.com,request,2.6-202606,openrtb.field.undefined,error,imp[0].video.topframe,3.2.7
p000367,cupofjo.com,btlr.sharethrough.com,request,2.6-202606,openrtb.type.mismatch,error,site.ref,3.2.13
p000368,dailykos.com,btlr.sharethrough.com,request,2.6-202606,openrtb.type.mismatch,error,site.ref,3.2.13
p000369,dailykos.com,btlr.sharethrough.com,request,2.6-202606,openrtb.type.mismatch,error,site.ref,3.2.13
p000370,dailykos.com,btlr.sharethrough.com,request,2.6-202606,openrtb.type.mismatch,error,site.ref,3.2.13
p000371,dailykos.com,btlr.sharethrough.com,request,2.6-202606,openrtb.type.mismatch,error,site.ref,3.2.13
p000372,dailykos.com,btlr.sharethrough.com,request,2.6-202606,openrtb.type.mismatch,error,site.ref,3.2.13
p000373,dailykos.com,btlr.sharethrough.com,request,2.6-202606,openrtb.type.mismatch,error,site.ref,3.2.13
p000374,dailykos.com,btlr.sharethrough.com,request,2.6-202606,openrtb.type.mismatch,error,site.ref,3.2.13
p000375,dailykos.com,btlr.sharethrough.com,request,2.6-202606,openrtb.type.mismatch,error,site.ref,3.2.13
p000376,dailykos.com,btlr.sharethrough.com,request,2.6-202606,openrtb.type.mismatch,error,site.ref,3.2.13
p000377,dailykos.com,btlr.sharethrough.com,request,2.6-202606,openrtb.type.mismatch,error,site.ref,3.2.13
p000378,elespectador.com,btlr.sharethrough.com,request,2.6-202606,openrtb.field.moved,error,regs.ext.gdpr,Section 3.2.3
p000378,elespectador.com,btlr.sharethrough.com,request,2.6-202606,openrtb.type.mismatch,error,site.ref,3.2.13
p000378,elespectador.com,btlr.sharethrough.com,request,2.6-202606,openrtb.field.moved,error,user.ext.consent,Section 3.2.20
p000379,elespectador.com,btlr.sharethrough.com,request,2.6-202606,openrtb.field.deprecated,warning,imp[0].video.placement,Section 3.2.7
p000379,elespectador.com,btlr.sharethrough.com,request,2.6-202606,openrtb.field.undefined,error,imp[0].video.topframe,3.2.7
p000379,elespectador.com,btlr.sharethrough.com,request,2.6-202606,openrtb.field.moved,error,regs.ext.gdpr,Section 3.2.3
p000379,elespectador.com,btlr.sharethrough.com,request,2.6-202606,openrtb.type.mismatch,error,site.ref,3.2.13
p000379,elespectador.com,btlr.sharethrough.com,request,2.6-202606,openrtb.field.moved,error,user.ext.consent,Section 3.2.20
p000380,elespectador.com,btlr.sharethrough.com,request,2.6-202606,openrtb.field.deprecated,warning,imp[0].video.placement,Section 3.2.7
p000380,elespectador.com,btlr.sharethrough.com,request,2.6-202606,openrtb.field.undefined,error,imp[0].video.topframe,3.2.7
p000380,elespectador.com,btlr.sharethrough.com,request,2.6-202606,openrtb.field.moved,error,regs.ext.gdpr,Section 3.2.3
p000380,elespectador.com,btlr.sharethrough.com,request,2.6-202606,openrtb.type.mismatch,error,site.ref,3.2.13
p000380,elespectador.com,btlr.sharethrough.com,request,2.6-202606,openrtb.field.moved,error,user.ext.consent,Section 3.2.20
p000381,elespectador.com,btlr.sharethrough.com,request,2.6-202606,openrtb.field.moved,error,regs.ext.gdpr,Section 3.2.3
p000381,elespectador.com,btlr.sharethrough.com,request,2.6-202606,openrtb.type.mismatch,error,site.ref,3.2.13
p000381,elespectador.com,btlr.sharethrough.com,request,2.6-202606,openrtb.field.moved,error,user.ext.consent,Section 3.2.20
p000382,elespectador.com,btlr.sharethrough.com,request,2.6-202606,openrtb.field.deprecated,warning,imp[0].video.placement,Section 3.2.7
p000382,elespectador.com,btlr.sharethrough.com,request,2.6-202606,openrtb.field.undefined,error,imp[0].video.topframe,3.2.7
p000382,elespectador.com,btlr.sharethrough.com,request,2.6-202606,openrtb.field.moved,error,regs.ext.gdpr,Section 3.2.3
p000382,elespectador.com,btlr.sharethrough.com,request,2.6-202606,openrtb.type.mismatch,error,site.ref,3.2.13
p000382,elespectador.com,btlr.sharethrough.com,request,2.6-202606,openrtb.field.moved,error,user.ext.consent,Section 3.2.20
p000383,elespectador.com,btlr.sharethrough.com,request,2.6-202606,openrtb.field.deprecated,warning,imp[0].video.placement,Section 3.2.7
p000383,elespectador.com,btlr.sharethrough.com,request,2.6-202606,openrtb.field.undefined,error,imp[0].video.topframe,3.2.7
p000383,elespectador.com,btlr.sharethrough.com,request,2.6-202606,openrtb.field.moved,error,regs.ext.gdpr,Section 3.2.3
p000383,elespectador.com,btlr.sharethrough.com,request,2.6-202606,openrtb.type.mismatch,error,site.ref,3.2.13
p000383,elespectador.com,btlr.sharethrough.com,request,2.6-202606,openrtb.field.moved,error,user.ext.consent,Section 3.2.20
p000384,elespectador.com,btlr.sharethrough.com,request,2.6-202606,openrtb.field.moved,error,regs.ext.gdpr,Section 3.2.3
p000384,elespectador.com,btlr.sharethrough.com,request,2.6-202606,openrtb.type.mismatch,error,site.ref,3.2.13
p000384,elespectador.com,btlr.sharethrough.com,request,2.6-202606,openrtb.field.moved,error,user.ext.consent,Section 3.2.20
p000385,elespectador.com,btlr.sharethrough.com,request,2.6-202606,openrtb.field.deprecated,warning,imp[0].video.placement,Section 3.2.7
p000385,elespectador.com,btlr.sharethrough.com,request,2.6-202606,openrtb.field.undefined,error,imp[0].video.topframe,3.2.7
p000385,elespectador.com,btlr.sharethrough.com,request,2.6-202606,openrtb.field.moved,error,regs.ext.gdpr,Section 3.2.3
p000385,elespectador.com,btlr.sharethrough.com,request,2.6-202606,openrtb.type.mismatch,error,site.ref,3.2.13
p000385,elespectador.com,btlr.sharethrough.com,request,2.6-202606,openrtb.field.moved,error,user.ext.consent,Section 3.2.20
p000386,elespectador.com,btlr.sharethrough.com,request,2.6-202606,openrtb.field.deprecated,warning,imp[0].video.placement,Section 3.2.7
p000386,elespectador.com,btlr.sharethrough.com,request,2.6-202606,openrtb.field.undefined,error,imp[0].video.topframe,3.2.7
p000386,elespectador.com,btlr.sharethrough.com,request,2.6-202606,openrtb.field.moved,error,regs.ext.gdpr,Section 3.2.3
p000386,elespectador.com,btlr.sharethrough.com,request,2.6-202606,openrtb.type.mismatch,error,site.ref,3.2.13
p000386,elespectador.com,btlr.sharethrough.com,request,2.6-202606,openrtb.field.moved,error,user.ext.consent,Section 3.2.20
p000387,fox11online.com,btlr.sharethrough.com,request,2.6-202606,openrtb.field.deprecated,warning,imp[0].video.placement,Section 3.2.7
p000387,fox11online.com,btlr.sharethrough.com,request,2.6-202606,openrtb.field.undefined,error,imp[0].video.topframe,3.2.7
p000387,fox11online.com,btlr.sharethrough.com,request,2.6-202606,openrtb.field.moved,error,regs.ext.gdpr,Section 3.2.3
p000387,fox11online.com,btlr.sharethrough.com,request,2.6-202606,openrtb.type.mismatch,error,site.ref,3.2.13
p000388,fox11online.com,btlr.sharethrough.com,request,2.6-202606,openrtb.field.moved,error,regs.ext.gdpr,Section 3.2.3
p000388,fox11online.com,btlr.sharethrough.com,request,2.6-202606,openrtb.type.mismatch,error,site.ref,3.2.13
p000389,fox11online.com,btlr.sharethrough.com,request,2.6-202606,openrtb.field.moved,error,regs.ext.gdpr,Section 3.2.3
p000389,fox11online.com,btlr.sharethrough.com,request,2.6-202606,openrtb.type.mismatch,error,site.ref,3.2.13
p000390,fox11online.com,btlr.sharethrough.com,request,2.6-202606,openrtb.field.moved,error,regs.ext.gdpr,Section 3.2.3
p000390,fox11online.com,btlr.sharethrough.com,request,2.6-202606,openrtb.type.mismatch,error,site.ref,3.2.13
p000391,fox11online.com,btlr.sharethrough.com,request,2.6-202606,openrtb.field.moved,error,regs.ext.gdpr,Section 3.2.3
p000391,fox11online.com,btlr.sharethrough.com,request,2.6-202606,openrtb.type.mismatch,error,site.ref,3.2.13
p000392,fox11online.com,btlr.sharethrough.com,request,2.6-202606,openrtb.field.moved,error,regs.ext.gdpr,Section 3.2.3
p000392,fox11online.com,btlr.sharethrough.com,request,2.6-202606,openrtb.type.mismatch,error,site.ref,3.2.13
p000393,fox11online.com,btlr.sharethrough.com,request,2.6-202606,openrtb.field.moved,error,regs.ext.gdpr,Section 3.2.3
p000393,fox11online.com,btlr.sharethrough.com,request,2.6-202606,openrtb.type.mismatch,error,site.ref,3.2.13
p000394,fox11online.com,btlr.sharethrough.com,request,2.6-202606,openrtb.field.moved,error,regs.ext.gdpr,Section 3.2.3
p000394,fox11online.com,btlr.sharethrough.com,request,2.6-202606,openrtb.type.mismatch,error,site.ref,3.2.13
p000395,fox11online.com,btlr.sharethrough.com,request,2.6-202606,openrtb.field.moved,error,regs.ext.gdpr,Section 3.2.3
p000395,fox11online.com,btlr.sharethrough.com,request,2.6-202606,openrtb.type.mismatch,error,site.ref,3.2.13
p000396,fox11online.com,btlr.sharethrough.com,request,2.6-202606,openrtb.field.deprecated,warning,imp[0].video.placement,Section 3.2.7
p000396,fox11online.com,btlr.sharethrough.com,request,2.6-202606,openrtb.field.undefined,error,imp[0].video.topframe,3.2.7
p000396,fox11online.com,btlr.sharethrough.com,request,2.6-202606,openrtb.field.moved,error,regs.ext.gdpr,Section 3.2.3
p000396,fox11online.com,btlr.sharethrough.com,request,2.6-202606,openrtb.type.mismatch,error,site.ref,3.2.13
p000397,fox11online.com,btlr.sharethrough.com,request,2.6-202606,openrtb.field.moved,error,regs.ext.gdpr,Section 3.2.3
p000397,fox11online.com,btlr.sharethrough.com,request,2.6-202606,openrtb.type.mismatch,error,site.ref,3.2.13
p000398,fox11online.com,btlr.sharethrough.com,request,2.6-202606,openrtb.field.moved,error,regs.ext.gdpr,Section 3.2.3
p000398,fox11online.com,btlr.sharethrough.com,request,2.6-202606,openrtb.type.mismatch,error,site.ref,3.2.13
p000399,fox11online.com,btlr.sharethrough.com,request,2.6-202606,openrtb.field.moved,error,regs.ext.gdpr,Section 3.2.3
p000399,fox11online.com,btlr.sharethrough.com,request,2.6-202606,openrtb.type.mismatch,error,site.ref,3.2.13
p000400,fox11online.com,btlr.sharethrough.com,request,2.6-202606,openrtb.type.mismatch,error,site.ref,3.2.13
p000401,fox11online.com,btlr.sharethrough.com,request,2.6-202606,openrtb.type.mismatch,error,site.ref,3.2.13
p000402,fox11online.com,btlr.sharethrough.com,request,2.6-202606,openrtb.type.mismatch,error,site.ref,3.2.13
p000403,halfbakedharvest.com,btlr.sharethrough.com,request,2.6-202606,openrtb.type.mismatch,error,site.ref,3.2.13
p000404,halfbakedharvest.com,btlr.sharethrough.com,request,2.6-202606,openrtb.type.mismatch,error,site.ref,3.2.13
p000405,halfbakedharvest.com,btlr.sharethrough.com,request,2.6-202606,openrtb.field.deprecated,warning,imp[0].video.placement,Section 3.2.7
p000405,halfbakedharvest.com,btlr.sharethrough.com,request,2.6-202606,openrtb.field.undefined,error,imp[0].video.topframe,3.2.7
p000405,halfbakedharvest.com,btlr.sharethrough.com,request,2.6-202606,openrtb.type.mismatch,error,site.ref,3.2.13
p000406,halfbakedharvest.com,btlr.sharethrough.com,request,2.6-202606,openrtb.type.mismatch,error,site.ref,3.2.13
p000407,halfbakedharvest.com,btlr.sharethrough.com,request,2.6-202606,openrtb.field.deprecated,warning,imp[0].video.placement,Section 3.2.7
p000407,halfbakedharvest.com,btlr.sharethrough.com,request,2.6-202606,openrtb.field.undefined,error,imp[0].video.topframe,3.2.7
p000407,halfbakedharvest.com,btlr.sharethrough.com,request,2.6-202606,openrtb.type.mismatch,error,site.ref,3.2.13
p000408,halfbakedharvest.com,btlr.sharethrough.com,request,2.6-202606,openrtb.type.mismatch,error,site.ref,3.2.13
p000409,halfbakedharvest.com,btlr.sharethrough.com,request,2.6-202606,openrtb.field.deprecated,warning,imp[0].video.placement,Section 3.2.7
p000409,halfbakedharvest.com,btlr.sharethrough.com,request,2.6-202606,openrtb.field.undefined,error,imp[0].video.topframe,3.2.7
p000409,halfbakedharvest.com,btlr.sharethrough.com,request,2.6-202606,openrtb.type.mismatch,error,site.ref,3.2.13
p000410,halfbakedharvest.com,btlr.sharethrough.com,request,2.6-202606,openrtb.type.mismatch,error,site.ref,3.2.13
p000411,halfbakedharvest.com,btlr.sharethrough.com,request,2.6-202606,openrtb.type.mismatch,error,site.ref,3.2.13
p000412,halfbakedharvest.com,btlr.sharethrough.com,request,2.6-202606,openrtb.field.deprecated,warning,imp[0].video.placement,Section 3.2.7
p000412,halfbakedharvest.com,btlr.sharethrough.com,request,2.6-202606,openrtb.field.undefined,error,imp[0].video.topframe,3.2.7
p000412,halfbakedharvest.com,btlr.sharethrough.com,request,2.6-202606,openrtb.type.mismatch,error,site.ref,3.2.13
p000413,halfbakedharvest.com,btlr.sharethrough.com,request,2.6-202606,openrtb.field.deprecated,warning,imp[0].video.placement,Section 3.2.7
p000413,halfbakedharvest.com,btlr.sharethrough.com,request,2.6-202606,openrtb.field.undefined,error,imp[0].video.topframe,3.2.7
p000413,halfbakedharvest.com,btlr.sharethrough.com,request,2.6-202606,openrtb.type.mismatch,error,site.ref,3.2.13
p000414,iheart.com,btlr.sharethrough.com,request,2.6-202606,openrtb.type.mismatch,error,site.ref,3.2.13
p000415,iheart.com,btlr.sharethrough.com,request,2.6-202606,openrtb.field.deprecated,warning,imp[0].video.placement,Section 3.2.7
p000415,iheart.com,btlr.sharethrough.com,request,2.6-202606,openrtb.field.undefined,error,imp[0].video.topframe,3.2.7
p000415,iheart.com,btlr.sharethrough.com,request,2.6-202606,openrtb.type.mismatch,error,site.ref,3.2.13
p000416,iheart.com,btlr.sharethrough.com,request,2.6-202606,openrtb.type.mismatch,error,site.ref,3.2.13
p000417,mthai.com,btlr.sharethrough.com,request,2.6-202606,openrtb.type.mismatch,error,site.ref,3.2.13
p000418,mthai.com,btlr.sharethrough.com,request,2.6-202606,openrtb.type.mismatch,error,site.ref,3.2.13
p000419,mthai.com,btlr.sharethrough.com,request,2.6-202606,openrtb.type.mismatch,error,site.ref,3.2.13
p000420,mthai.com,btlr.sharethrough.com,request,2.6-202606,openrtb.type.mismatch,error,site.ref,3.2.13
p000421,mthai.com,btlr.sharethrough.com,request,2.6-202606,openrtb.type.mismatch,error,site.ref,3.2.13
p000422,mthai.com,btlr.sharethrough.com,request,2.6-202606,openrtb.type.mismatch,error,site.ref,3.2.13
p000423,mthai.com,btlr.sharethrough.com,request,2.6-202606,openrtb.type.mismatch,error,site.ref,3.2.13
p000424,mthai.com,btlr.sharethrough.com,request,2.6-202606,openrtb.type.mismatch,error,site.ref,3.2.13
p000425,nesn.com,btlr.sharethrough.com,request,2.6-202606,openrtb.type.mismatch,error,imp[0].bidfloor,3.2.4
p000425,nesn.com,btlr.sharethrough.com,request,2.6-202606,openrtb.type.mismatch,error,site.ref,3.2.13
p000426,nesn.com,btlr.sharethrough.com,request,2.6-202606,openrtb.type.mismatch,error,site.ref,3.2.13
p000427,nesn.com,btlr.sharethrough.com,request,2.6-202606,openrtb.type.mismatch,error,site.ref,3.2.13
p000428,nesn.com,btlr.sharethrough.com,request,2.6-202606,openrtb.type.mismatch,error,imp[0].bidfloor,3.2.4
p000428,nesn.com,btlr.sharethrough.com,request,2.6-202606,openrtb.type.mismatch,error,site.ref,3.2.13
p000429,ranker.com,btlr.sharethrough.com,request,2.6-202606,openrtb.type.mismatch,error,site.ref,3.2.13
p000430,ranker.com,btlr.sharethrough.com,request,2.6-202606,openrtb.type.mismatch,error,site.ref,3.2.13
p000431,ranker.com,btlr.sharethrough.com,request,2.6-202606,openrtb.type.mismatch,error,site.ref,3.2.13
p000432,ranker.com,btlr.sharethrough.com,request,2.6-202606,openrtb.type.mismatch,error,site.ref,3.2.13
p000433,ranker.com,btlr.sharethrough.com,request,2.6-202606,openrtb.field.deprecated,warning,imp[0].video.placement,Section 3.2.7
p000433,ranker.com,btlr.sharethrough.com,request,2.6-202606,openrtb.field.undefined,error,imp[0].video.topframe,3.2.7
p000433,ranker.com,btlr.sharethrough.com,request,2.6-202606,openrtb.type.mismatch,error,site.ref,3.2.13
p000434,ranker.com,btlr.sharethrough.com,request,2.6-202606,openrtb.type.mismatch,error,site.ref,3.2.13
p000435,ranker.com,btlr.sharethrough.com,request,2.6-202606,openrtb.type.mismatch,error,site.ref,3.2.13
p000436,ranker.com,btlr.sharethrough.com,request,2.6-202606,openrtb.field.deprecated,warning,imp[0].video.placement,Section 3.2.7
p000436,ranker.com,btlr.sharethrough.com,request,2.6-202606,openrtb.field.undefined,error,imp[0].video.topframe,3.2.7
p000436,ranker.com,btlr.sharethrough.com,request,2.6-202606,openrtb.type.mismatch,error,site.ref,3.2.13
p000437,ranker.com,btlr.sharethrough.com,request,2.6-202606,openrtb.field.deprecated,warning,imp[0].video.placement,Section 3.2.7
p000437,ranker.com,btlr.sharethrough.com,request,2.6-202606,openrtb.field.undefined,error,imp[0].video.topframe,3.2.7
p000437,ranker.com,btlr.sharethrough.com,request,2.6-202606,openrtb.type.mismatch,error,site.ref,3.2.13
p000438,ranker.com,btlr.sharethrough.com,request,2.6-202606,openrtb.field.deprecated,warning,imp[0].video.placement,Section 3.2.7
p000438,ranker.com,btlr.sharethrough.com,request,2.6-202606,openrtb.field.undefined,error,imp[0].video.topframe,3.2.7
p000438,ranker.com,btlr.sharethrough.com,request,2.6-202606,openrtb.type.mismatch,error,site.ref,3.2.13
p000439,ranker.com,btlr.sharethrough.com,request,2.6-202606,openrtb.field.deprecated,warning,imp[0].video.placement,Section 3.2.7
p000439,ranker.com,btlr.sharethrough.com,request,2.6-202606,openrtb.field.undefined,error,imp[0].video.topframe,3.2.7
p000439,ranker.com,btlr.sharethrough.com,request,2.6-202606,openrtb.type.mismatch,error,site.ref,3.2.13
p000440,salon.com,btlr.sharethrough.com,request,2.6-202606,openrtb.type.mismatch,error,site.ref,3.2.13
p000441,salon.com,btlr.sharethrough.com,request,2.6-202606,openrtb.type.mismatch,error,site.ref,3.2.13
p000442,socialblade.com,btlr.sharethrough.com,request,2.6-202606,openrtb.type.mismatch,error,site.ref,3.2.13
p000443,socialblade.com,btlr.sharethrough.com,request,2.6-202606,openrtb.type.mismatch,error,site.ref,3.2.13
p000444,socialblade.com,btlr.sharethrough.com,request,2.6-202606,openrtb.type.mismatch,error,site.ref,3.2.13
p000445,socialblade.com,btlr.sharethrough.com,request,2.6-202606,openrtb.type.mismatch,error,site.ref,3.2.13
p000446,socialblade.com,btlr.sharethrough.com,request,2.6-202606,openrtb.type.mismatch,error,site.ref,3.2.13
p000447,socialblade.com,btlr.sharethrough.com,request,2.6-202606,openrtb.type.mismatch,error,site.ref,3.2.13
p000448,socialblade.com,btlr.sharethrough.com,request,2.6-202606,openrtb.field.deprecated,warning,imp[0].video.placement,Section 3.2.7
p000448,socialblade.com,btlr.sharethrough.com,request,2.6-202606,openrtb.field.undefined,error,imp[0].video.topframe,3.2.7
p000448,socialblade.com,btlr.sharethrough.com,request,2.6-202606,openrtb.type.mismatch,error,site.ref,3.2.13
p000449,salon.com,btlr.sharethrough.com,request,2.6-202606,openrtb.type.mismatch,error,site.ref,3.2.13
p000450,salon.com,btlr.sharethrough.com,request,2.6-202606,openrtb.type.mismatch,error,site.ref,3.2.13
p000451,salon.com,btlr.sharethrough.com,request,2.6-202606,openrtb.type.mismatch,error,site.ref,3.2.13
p000452,salon.com,btlr.sharethrough.com,request,2.6-202606,openrtb.field.deprecated,warning,imp[0].video.placement,Section 3.2.7
p000452,salon.com,btlr.sharethrough.com,request,2.6-202606,openrtb.field.undefined,error,imp[0].video.topframe,3.2.7
p000452,salon.com,btlr.sharethrough.com,request,2.6-202606,openrtb.type.mismatch,error,site.ref,3.2.13
p000453,salon.com,btlr.sharethrough.com,request,2.6-202606,openrtb.type.mismatch,error,site.ref,3.2.13
p000454,salon.com,btlr.sharethrough.com,request,2.6-202606,openrtb.field.deprecated,warning,imp[0].video.placement,Section 3.2.7
p000454,salon.com,btlr.sharethrough.com,request,2.6-202606,openrtb.field.undefined,error,imp[0].video.topframe,3.2.7
p000454,salon.com,btlr.sharethrough.com,request,2.6-202606,openrtb.type.mismatch,error,site.ref,3.2.13
p000455,salon.com,btlr.sharethrough.com,request,2.6-202606,openrtb.type.mismatch,error,site.ref,3.2.13
p000456,salon.com,btlr.sharethrough.com,request,2.6-202606,openrtb.field.deprecated,warning,imp[0].video.placement,Section 3.2.7
p000456,salon.com,btlr.sharethrough.com,request,2.6-202606,openrtb.field.undefined,error,imp[0].video.topframe,3.2.7
p000456,salon.com,btlr.sharethrough.com,request,2.6-202606,openrtb.type.mismatch,error,site.ref,3.2.13
p000457,salon.com,btlr.sharethrough.com,request,2.6-202606,openrtb.type.mismatch,error,site.ref,3.2.13
p000458,salon.com,btlr.sharethrough.com,request,2.6-202606,openrtb.type.mismatch,error,site.ref,3.2.13
p000459,salon.com,btlr.sharethrough.com,request,2.6-202606,openrtb.type.mismatch,error,site.ref,3.2.13
p000460,salon.com,btlr.sharethrough.com,request,2.6-202606,openrtb.type.mismatch,error,site.ref,3.2.13
p000461,salon.com,btlr.sharethrough.com,request,2.6-202606,openrtb.type.mismatch,error,site.ref,3.2.13
p000462,salon.com,btlr.sharethrough.com,request,2.6-202606,openrtb.field.deprecated,warning,imp[0].video.placement,Section 3.2.7
p000462,salon.com,btlr.sharethrough.com,request,2.6-202606,openrtb.field.undefined,error,imp[0].video.topframe,3.2.7
p000462,salon.com,btlr.sharethrough.com,request,2.6-202606,openrtb.type.mismatch,error,site.ref,3.2.13
p000463,salon.com,btlr.sharethrough.com,request,2.6-202606,openrtb.field.deprecated,warning,imp[0].video.placement,Section 3.2.7
p000463,salon.com,btlr.sharethrough.com,request,2.6-202606,openrtb.field.undefined,error,imp[0].video.topframe,3.2.7
p000463,salon.com,btlr.sharethrough.com,request,2.6-202606,openrtb.type.mismatch,error,site.ref,3.2.13
p000464,salon.com,btlr.sharethrough.com,request,2.6-202606,openrtb.field.deprecated,warning,imp[0].video.placement,Section 3.2.7
p000464,salon.com,btlr.sharethrough.com,request,2.6-202606,openrtb.field.undefined,error,imp[0].video.topframe,3.2.7
p000464,salon.com,btlr.sharethrough.com,request,2.6-202606,openrtb.type.mismatch,error,site.ref,3.2.13
p000465,salon.com,btlr.sharethrough.com,request,2.6-202606,openrtb.field.deprecated,warning,imp[0].video.placement,Section 3.2.7
p000465,salon.com,btlr.sharethrough.com,request,2.6-202606,openrtb.field.undefined,error,imp[0].video.topframe,3.2.7
p000465,salon.com,btlr.sharethrough.com,request,2.6-202606,openrtb.type.mismatch,error,site.ref,3.2.13
p000466,salon.com,btlr.sharethrough.com,request,2.6-202606,openrtb.field.deprecated,warning,imp[0].video.placement,Section 3.2.7
p000466,salon.com,btlr.sharethrough.com,request,2.6-202606,openrtb.field.undefined,error,imp[0].video.topframe,3.2.7
p000466,salon.com,btlr.sharethrough.com,request,2.6-202606,openrtb.type.mismatch,error,site.ref,3.2.13
p000478,urbandictionary.com,btlr.sharethrough.com,request,2.6-202606,openrtb.type.mismatch,error,site.ref,3.2.13
p000479,urbandictionary.com,btlr.sharethrough.com,request,2.6-202606,openrtb.type.mismatch,error,site.ref,3.2.13
p000480,urbandictionary.com,btlr.sharethrough.com,request,2.6-202606,openrtb.type.mismatch,error,site.ref,3.2.13
p000481,urbandictionary.com,btlr.sharethrough.com,request,2.6-202606,openrtb.type.mismatch,error,site.ref,3.2.13
p000482,urbandictionary.com,btlr.sharethrough.com,request,2.6-202606,openrtb.type.mismatch,error,site.ref,3.2.13
p000483,urbandictionary.com,btlr.sharethrough.com,request,2.6-202606,openrtb.type.mismatch,error,site.ref,3.2.13
p000488,webdesignerdepot.com,btlr.sharethrough.com,request,2.6-202606,openrtb.type.mismatch,error,site.ref,3.2.13
p000489,webdesignerdepot.com,btlr.sharethrough.com,request,2.6-202606,openrtb.field.deprecated,warning,imp[0].video.placement,Section 3.2.7
p000489,webdesignerdepot.com,btlr.sharethrough.com,request,2.6-202606,openrtb.field.undefined,error,imp[0].video.topframe,3.2.7
p000489,webdesignerdepot.com,btlr.sharethrough.com,request,2.6-202606,openrtb.type.mismatch,error,site.ref,3.2.13
p000490,webdesignerdepot.com,btlr.sharethrough.com,request,2.6-202606,openrtb.type.mismatch,error,site.ref,3.2.13
p000491,webdesignerdepot.com,btlr.sharethrough.com,request,2.6-202606,openrtb.field.deprecated,warning,imp[0].video.placement,Section 3.2.7
p000491,webdesignerdepot.com,btlr.sharethrough.com,request,2.6-202606,openrtb.field.undefined,error,imp[0].video.topframe,3.2.7
p000491,webdesignerdepot.com,btlr.sharethrough.com,request,2.6-202606,openrtb.type.mismatch,error,site.ref,3.2.13
p000492,webdesignerdepot.com,btlr.sharethrough.com,request,2.6-202606,openrtb.type.mismatch,error,site.ref,3.2.13
p000493,dailykos.com,btlr.sharethrough.com,response,2.6-202606,openrtb.bid.mtype_missing,warning,seatbid[0].bid[0].mtype,4.2.3
p000494,nesn.com,btlr.sharethrough.com,response,2.6-202606,openrtb.bid.mtype_missing,warning,seatbid[0].bid[0].mtype,4.2.3
p000495,upi.com,btlr.sharethrough.com,response,2.6-202606,openrtb.bid.mtype_missing,warning,seatbid[0].bid[0].mtype,4.2.3
p000496,upi.com,btlr.sharethrough.com,response,2.6-202606,openrtb.bid.mtype_missing,warning,seatbid[0].bid[0].mtype,4.2.3
p000497,autoguide.com,c2shb.pubgw.yahoo.com,request,2.6-202606,openrtb.field.moved,error,regs.ext.gdpr,Section 3.2.3
p000498,autoguide.com,c2shb.pubgw.yahoo.com,request,2.6-202606,openrtb.field.moved,error,regs.ext.gdpr,Section 3.2.3
p000499,autoguide.com,c2shb.pubgw.yahoo.com,request,2.6-202606,openrtb.field.moved,error,regs.ext.gdpr,Section 3.2.3
p000500,autoguide.com,c2shb.pubgw.yahoo.com,request,2.6-202606,openrtb.field.moved,error,regs.ext.gdpr,Section 3.2.3
p000501,autoguide.com,c2shb.pubgw.yahoo.com,request,2.6-202606,openrtb.field.moved,error,regs.ext.gdpr,Section 3.2.3
p000502,autoguide.com,c2shb.pubgw.yahoo.com,request,2.6-202606,openrtb.field.moved,error,regs.ext.gdpr,Section 3.2.3
p000503,autoguide.com,c2shb.pubgw.yahoo.com,request,2.6-202606,openrtb.field.moved,error,regs.ext.gdpr,Section 3.2.3
p000504,autoguide.com,c2shb.pubgw.yahoo.com,request,2.6-202606,openrtb.field.moved,error,regs.ext.gdpr,Section 3.2.3
p000505,autoguide.com,c2shb.pubgw.yahoo.com,request,2.6-202606,openrtb.field.moved,error,regs.ext.gdpr,Section 3.2.3
p000506,autoguide.com,c2shb.pubgw.yahoo.com,request,2.6-202606,openrtb.field.moved,error,regs.ext.gdpr,Section 3.2.3
p000507,autoguide.com,c2shb.pubgw.yahoo.com,request,2.6-202606,openrtb.field.moved,error,regs.ext.gdpr,Section 3.2.3
p000508,autoguide.com,c2shb.pubgw.yahoo.com,request,2.6-202606,openrtb.field.moved,error,regs.ext.gdpr,Section 3.2.3
p000509,autoguide.com,c2shb.pubgw.yahoo.com,request,2.6-202606,openrtb.field.moved,error,regs.ext.gdpr,Section 3.2.3
p000510,autoguide.com,c2shb.pubgw.yahoo.com,request,2.6-202606,openrtb.field.moved,error,regs.ext.gdpr,Section 3.2.3
p000511,autoguide.com,c2shb.pubgw.yahoo.com,request,2.6-202606,openrtb.field.moved,error,regs.ext.gdpr,Section 3.2.3
p000512,autoguide.com,c2shb.pubgw.yahoo.com,request,2.6-202606,openrtb.field.moved,error,regs.ext.gdpr,Section 3.2.3
p000513,autoguide.com,c2shb.pubgw.yahoo.com,request,2.6-202606,openrtb.field.moved,error,regs.ext.gdpr,Section 3.2.3
p000514,autoguide.com,c2shb.pubgw.yahoo.com,request,2.6-202606,openrtb.field.moved,error,regs.ext.gdpr,Section 3.2.3
p000515,autoguide.com,c2shb.pubgw.yahoo.com,request,2.6-202606,openrtb.field.moved,error,regs.ext.gdpr,Section 3.2.3
p000516,autoguide.com,c2shb.pubgw.yahoo.com,request,2.6-202606,openrtb.field.moved,error,regs.ext.gdpr,Section 3.2.3
p000517,autoguide.com,c2shb.pubgw.yahoo.com,request,2.6-202606,openrtb.field.moved,error,regs.ext.gdpr,Section 3.2.3
p000518,autoguide.com,c2shb.pubgw.yahoo.com,request,2.6-202606,openrtb.field.moved,error,regs.ext.gdpr,Section 3.2.3
p000519,autoguide.com,c2shb.pubgw.yahoo.com,request,2.6-202606,openrtb.field.moved,error,regs.ext.gdpr,Section 3.2.3
p000520,autoguide.com,c2shb.pubgw.yahoo.com,request,2.6-202606,openrtb.field.moved,error,regs.ext.gdpr,Section 3.2.3
p000521,autoguide.com,c2shb.pubgw.yahoo.com,request,2.6-202606,openrtb.field.moved,error,regs.ext.gdpr,Section 3.2.3
p000522,autoguide.com,c2shb.pubgw.yahoo.com,request,2.6-202606,openrtb.field.moved,error,regs.ext.gdpr,Section 3.2.3
p000523,autoguide.com,c2shb.pubgw.yahoo.com,request,2.6-202606,openrtb.field.moved,error,regs.ext.gdpr,Section 3.2.3
p000524,autoguide.com,c2shb.pubgw.yahoo.com,request,2.6-202606,openrtb.field.moved,error,regs.ext.gdpr,Section 3.2.3
p000525,autoguide.com,c2shb.pubgw.yahoo.com,request,2.6-202606,openrtb.field.moved,error,regs.ext.gdpr,Section 3.2.3
p000526,autoguide.com,c2shb.pubgw.yahoo.com,request,2.6-202606,openrtb.field.moved,error,regs.ext.gdpr,Section 3.2.3
p000527,autoguide.com,c2shb.pubgw.yahoo.com,request,2.6-202606,openrtb.field.moved,error,regs.ext.gdpr,Section 3.2.3
p000528,autoguide.com,c2shb.pubgw.yahoo.com,request,2.6-202606,openrtb.field.moved,error,regs.ext.gdpr,Section 3.2.3
p000529,autoguide.com,c2shb.pubgw.yahoo.com,request,2.6-202606,openrtb.field.moved,error,regs.ext.gdpr,Section 3.2.3
p000530,autoguide.com,c2shb.pubgw.yahoo.com,request,2.6-202606,openrtb.field.moved,error,regs.ext.gdpr,Section 3.2.3
p000531,autoguide.com,c2shb.pubgw.yahoo.com,request,2.6-202606,openrtb.field.moved,error,regs.ext.gdpr,Section 3.2.3
p000532,autoguide.com,c2shb.pubgw.yahoo.com,request,2.6-202606,openrtb.field.moved,error,regs.ext.gdpr,Section 3.2.3
p000533,autoguide.com,c2shb.pubgw.yahoo.com,request,2.6-202606,openrtb.field.moved,error,regs.ext.gdpr,Section 3.2.3
p000534,autoguide.com,c2shb.pubgw.yahoo.com,request,2.6-202606,openrtb.field.moved,error,regs.ext.gdpr,Section 3.2.3
p000535,autoguide.com,c2shb.pubgw.yahoo.com,request,2.6-202606,openrtb.field.moved,error,regs.ext.gdpr,Section 3.2.3
p000536,autoguide.com,c2shb.pubgw.yahoo.com,request,2.6-202606,openrtb.field.moved,error,regs.ext.gdpr,Section 3.2.3
p000537,autoguide.com,c2shb.pubgw.yahoo.com,request,2.6-202606,openrtb.field.moved,error,regs.ext.gdpr,Section 3.2.3
p000538,autoguide.com,c2shb.pubgw.yahoo.com,request,2.6-202606,openrtb.field.moved,error,regs.ext.gdpr,Section 3.2.3
p000539,autoguide.com,c2shb.pubgw.yahoo.com,request,2.6-202606,openrtb.field.moved,error,regs.ext.gdpr,Section 3.2.3
p000540,barcablaugranes.com,c2shb.pubgw.yahoo.com,request,2.6-202606,openrtb.field.moved,error,regs.ext.gdpr,Section 3.2.3
p000540,barcablaugranes.com,c2shb.pubgw.yahoo.com,request,2.6-202606,openrtb.field.moved,error,user.ext.consent,Section 3.2.20
p000541,barcablaugranes.com,c2shb.pubgw.yahoo.com,request,2.6-202606,openrtb.field.moved,error,regs.ext.gdpr,Section 3.2.3
p000541,barcablaugranes.com,c2shb.pubgw.yahoo.com,request,2.6-202606,openrtb.field.moved,error,user.ext.consent,Section 3.2.20
p000542,barcablaugranes.com,c2shb.pubgw.yahoo.com,request,2.6-202606,openrtb.field.moved,error,regs.ext.gdpr,Section 3.2.3
p000542,barcablaugranes.com,c2shb.pubgw.yahoo.com,request,2.6-202606,openrtb.field.moved,error,user.ext.consent,Section 3.2.20
p000543,barcablaugranes.com,c2shb.pubgw.yahoo.com,request,2.6-202606,openrtb.field.moved,error,regs.ext.gdpr,Section 3.2.3
p000543,barcablaugranes.com,c2shb.pubgw.yahoo.com,request,2.6-202606,openrtb.field.moved,error,user.ext.consent,Section 3.2.20
p000544,barcablaugranes.com,c2shb.pubgw.yahoo.com,request,2.6-202606,openrtb.field.moved,error,regs.ext.gdpr,Section 3.2.3
p000544,barcablaugranes.com,c2shb.pubgw.yahoo.com,request,2.6-202606,openrtb.field.moved,error,user.ext.consent,Section 3.2.20
p000545,barcablaugranes.com,c2shb.pubgw.yahoo.com,request,2.6-202606,openrtb.field.moved,error,regs.ext.gdpr,Section 3.2.3
p000545,barcablaugranes.com,c2shb.pubgw.yahoo.com,request,2.6-202606,openrtb.field.moved,error,user.ext.consent,Section 3.2.20
p000546,barcablaugranes.com,c2shb.pubgw.yahoo.com,request,2.6-202606,openrtb.field.moved,error,regs.ext.gdpr,Section 3.2.3
p000546,barcablaugranes.com,c2shb.pubgw.yahoo.com,request,2.6-202606,openrtb.field.moved,error,user.ext.consent,Section 3.2.20
p000547,barcablaugranes.com,c2shb.pubgw.yahoo.com,request,2.6-202606,openrtb.field.moved,error,regs.ext.gdpr,Section 3.2.3
p000547,barcablaugranes.com,c2shb.pubgw.yahoo.com,request,2.6-202606,openrtb.field.moved,error,user.ext.consent,Section 3.2.20
p000548,barcablaugranes.com,c2shb.pubgw.yahoo.com,request,2.6-202606,openrtb.field.moved,error,regs.ext.gdpr,Section 3.2.3
p000548,barcablaugranes.com,c2shb.pubgw.yahoo.com,request,2.6-202606,openrtb.field.moved,error,user.ext.consent,Section 3.2.20
p000549,barcablaugranes.com,c2shb.pubgw.yahoo.com,request,2.6-202606,openrtb.field.moved,error,regs.ext.gdpr,Section 3.2.3
p000549,barcablaugranes.com,c2shb.pubgw.yahoo.com,request,2.6-202606,openrtb.field.moved,error,user.ext.consent,Section 3.2.20
p000550,barcablaugranes.com,c2shb.pubgw.yahoo.com,request,2.6-202606,openrtb.field.moved,error,regs.ext.gdpr,Section 3.2.3
p000550,barcablaugranes.com,c2shb.pubgw.yahoo.com,request,2.6-202606,openrtb.field.moved,error,user.ext.consent,Section 3.2.20
p000551,barcablaugranes.com,c2shb.pubgw.yahoo.com,request,2.6-202606,openrtb.field.moved,error,regs.ext.gdpr,Section 3.2.3
p000551,barcablaugranes.com,c2shb.pubgw.yahoo.com,request,2.6-202606,openrtb.field.moved,error,user.ext.consent,Section 3.2.20
p000552,barcablaugranes.com,c2shb.pubgw.yahoo.com,request,2.6-202606,openrtb.field.moved,error,regs.ext.gdpr,Section 3.2.3
p000552,barcablaugranes.com,c2shb.pubgw.yahoo.com,request,2.6-202606,openrtb.field.moved,error,user.ext.consent,Section 3.2.20
p000553,barcablaugranes.com,c2shb.pubgw.yahoo.com,request,2.6-202606,openrtb.field.moved,error,regs.ext.gdpr,Section 3.2.3
p000553,barcablaugranes.com,c2shb.pubgw.yahoo.com,request,2.6-202606,openrtb.field.moved,error,user.ext.consent,Section 3.2.20
p000554,chicagotribune.com,c2shb.pubgw.yahoo.com,request,2.6-202606,openrtb.field.deprecated,warning,imp[0].video.placement,Section 3.2.7
p000554,chicagotribune.com,c2shb.pubgw.yahoo.com,request,2.6-202606,openrtb.field.moved,error,regs.ext.gdpr,Section 3.2.3
p000554,chicagotribune.com,c2shb.pubgw.yahoo.com,request,2.6-202606,openrtb.field.moved,error,user.ext.consent,Section 3.2.20
p000555,chicagotribune.com,c2shb.pubgw.yahoo.com,request,2.6-202606,openrtb.field.deprecated,warning,imp[0].video.placement,Section 3.2.7
p000555,chicagotribune.com,c2shb.pubgw.yahoo.com,request,2.6-202606,openrtb.field.moved,error,regs.ext.gdpr,Section 3.2.3
p000555,chicagotribune.com,c2shb.pubgw.yahoo.com,request,2.6-202606,openrtb.field.moved,error,user.ext.consent,Section 3.2.20
p000556,chicagotribune.com,c2shb.pubgw.yahoo.com,request,2.6-202606,openrtb.field.deprecated,warning,imp[0].video.placement,Section 3.2.7
p000556,chicagotribune.com,c2shb.pubgw.yahoo.com,request,2.6-202606,openrtb.field.moved,error,regs.ext.gdpr,Section 3.2.3
p000556,chicagotribune.com,c2shb.pubgw.yahoo.com,request,2.6-202606,openrtb.field.moved,error,user.ext.consent,Section 3.2.20
p000557,chicagotribune.com,c2shb.pubgw.yahoo.com,request,2.6-202606,openrtb.field.deprecated,warning,imp[0].video.placement,Section 3.2.7
p000557,chicagotribune.com,c2shb.pubgw.yahoo.com,request,2.6-202606,openrtb.field.moved,error,regs.ext.gdpr,Section 3.2.3
p000557,chicagotribune.com,c2shb.pubgw.yahoo.com,request,2.6-202606,openrtb.field.moved,error,user.ext.consent,Section 3.2.20
p000558,chicagotribune.com,c2shb.pubgw.yahoo.com,request,2.6-202606,openrtb.field.deprecated,warning,imp[0].video.placement,Section 3.2.7
p000558,chicagotribune.com,c2shb.pubgw.yahoo.com,request,2.6-202606,openrtb.field.moved,error,regs.ext.gdpr,Section 3.2.3
p000558,chicagotribune.com,c2shb.pubgw.yahoo.com,request,2.6-202606,openrtb.field.moved,error,user.ext.consent,Section 3.2.20
p000559,cupofjo.com,c2shb.pubgw.yahoo.com,request,2.6-202606,openrtb.field.moved,error,regs.ext.gdpr,Section 3.2.3
p000559,cupofjo.com,c2shb.pubgw.yahoo.com,request,2.6-202606,openrtb.field.moved,error,user.ext.consent,Section 3.2.20
p000560,cupofjo.com,c2shb.pubgw.yahoo.com,request,2.6-202606,openrtb.field.moved,error,regs.ext.gdpr,Section 3.2.3
p000560,cupofjo.com,c2shb.pubgw.yahoo.com,request,2.6-202606,openrtb.field.moved,error,user.ext.consent,Section 3.2.20
p000561,cupofjo.com,c2shb.pubgw.yahoo.com,request,2.6-202606,openrtb.field.moved,error,regs.ext.gdpr,Section 3.2.3
p000561,cupofjo.com,c2shb.pubgw.yahoo.com,request,2.6-202606,openrtb.field.moved,error,user.ext.consent,Section 3.2.20
p000562,cupofjo.com,c2shb.pubgw.yahoo.com,request,2.6-202606,openrtb.field.moved,error,regs.ext.gdpr,Section 3.2.3
p000562,cupofjo.com,c2shb.pubgw.yahoo.com,request,2.6-202606,openrtb.field.moved,error,user.ext.consent,Section 3.2.20
p000563,cupofjo.com,c2shb.pubgw.yahoo.com,request,2.6-202606,openrtb.field.deprecated,warning,imp[0].video.placement,Section 3.2.7
p000563,cupofjo.com,c2shb.pubgw.yahoo.com,request,2.6-202606,openrtb.field.moved,error,regs.ext.gdpr,Section 3.2.3
p000563,cupofjo.com,c2shb.pubgw.yahoo.com,request,2.6-202606,openrtb.field.moved,error,user.ext.consent,Section 3.2.20
p000564,cupofjo.com,c2shb.pubgw.yahoo.com,request,2.6-202606,openrtb.field.deprecated,warning,imp[0].video.placement,Section 3.2.7
p000564,cupofjo.com,c2shb.pubgw.yahoo.com,request,2.6-202606,openrtb.field.moved,error,regs.ext.gdpr,Section 3.2.3
p000564,cupofjo.com,c2shb.pubgw.yahoo.com,request,2.6-202606,openrtb.field.moved,error,user.ext.consent,Section 3.2.20
p000565,fncstatic.com,c2shb.pubgw.yahoo.com,request,2.6-202606,openrtb.field.moved,error,regs.ext.gdpr,Section 3.2.3
p000565,fncstatic.com,c2shb.pubgw.yahoo.com,request,2.6-202606,openrtb.field.moved,error,user.ext.consent,Section 3.2.20
p000566,fncstatic.com,c2shb.pubgw.yahoo.com,request,2.6-202606,openrtb.field.moved,error,regs.ext.gdpr,Section 3.2.3
p000566,fncstatic.com,c2shb.pubgw.yahoo.com,request,2.6-202606,openrtb.field.moved,error,user.ext.consent,Section 3.2.20
p000567,fncstatic.com,c2shb.pubgw.yahoo.com,request,2.6-202606,openrtb.field.moved,error,regs.ext.gdpr,Section 3.2.3
p000567,fncstatic.com,c2shb.pubgw.yahoo.com,request,2.6-202606,openrtb.field.moved,error,user.ext.consent,Section 3.2.20
p000568,fncstatic.com,c2shb.pubgw.yahoo.com,request,2.6-202606,openrtb.field.moved,error,regs.ext.gdpr,Section 3.2.3
p000568,fncstatic.com,c2shb.pubgw.yahoo.com,request,2.6-202606,openrtb.field.moved,error,user.ext.consent,Section 3.2.20
p000569,fncstatic.com,c2shb.pubgw.yahoo.com,request,2.6-202606,openrtb.field.moved,error,regs.ext.gdpr,Section 3.2.3
p000569,fncstatic.com,c2shb.pubgw.yahoo.com,request,2.6-202606,openrtb.field.moved,error,user.ext.consent,Section 3.2.20
p000570,nesn.com,c2shb.pubgw.yahoo.com,request,2.6-202606,openrtb.field.deprecated,warning,imp[0].video.placement,Section 3.2.7
p000570,nesn.com,c2shb.pubgw.yahoo.com,request,2.6-202606,openrtb.field.moved,error,regs.ext.gdpr,Section 3.2.3
p000570,nesn.com,c2shb.pubgw.yahoo.com,request,2.6-202606,openrtb.field.moved,error,user.ext.consent,Section 3.2.20
p000571,nesn.com,c2shb.pubgw.yahoo.com,request,2.6-202606,openrtb.field.deprecated,warning,imp[0].video.placement,Section 3.2.7
p000571,nesn.com,c2shb.pubgw.yahoo.com,request,2.6-202606,openrtb.field.moved,error,regs.ext.gdpr,Section 3.2.3
p000571,nesn.com,c2shb.pubgw.yahoo.com,request,2.6-202606,openrtb.field.moved,error,user.ext.consent,Section 3.2.20
p000572,ranker.com,c2shb.pubgw.yahoo.com,request,2.6-202606,openrtb.field.moved,error,regs.ext.gdpr,Section 3.2.3
p000572,ranker.com,c2shb.pubgw.yahoo.com,request,2.6-202606,openrtb.field.moved,error,user.ext.consent,Section 3.2.20
p000573,ranker.com,c2shb.pubgw.yahoo.com,request,2.6-202606,openrtb.field.moved,error,regs.ext.gdpr,Section 3.2.3
p000573,ranker.com,c2shb.pubgw.yahoo.com,request,2.6-202606,openrtb.field.moved,error,user.ext.consent,Section 3.2.20
p000574,ranker.com,c2shb.pubgw.yahoo.com,request,2.6-202606,openrtb.field.moved,error,regs.ext.gdpr,Section 3.2.3
p000574,ranker.com,c2shb.pubgw.yahoo.com,request,2.6-202606,openrtb.field.moved,error,user.ext.consent,Section 3.2.20
p000575,ranker.com,c2shb.pubgw.yahoo.com,request,2.6-202606,openrtb.field.moved,error,regs.ext.gdpr,Section 3.2.3
p000575,ranker.com,c2shb.pubgw.yahoo.com,request,2.6-202606,openrtb.field.moved,error,user.ext.consent,Section 3.2.20
p000576,ranker.com,c2shb.pubgw.yahoo.com,request,2.6-202606,openrtb.field.deprecated,warning,imp[0].video.placement,Section 3.2.7
p000576,ranker.com,c2shb.pubgw.yahoo.com,request,2.6-202606,openrtb.field.moved,error,regs.ext.gdpr,Section 3.2.3
p000576,ranker.com,c2shb.pubgw.yahoo.com,request,2.6-202606,openrtb.field.moved,error,user.ext.consent,Section 3.2.20
p000577,ranker.com,c2shb.pubgw.yahoo.com,request,2.6-202606,openrtb.field.moved,error,regs.ext.gdpr,Section 3.2.3
p000577,ranker.com,c2shb.pubgw.yahoo.com,request,2.6-202606,openrtb.field.moved,error,user.ext.consent,Section 3.2.20
p000578,ranker.com,c2shb.pubgw.yahoo.com,request,2.6-202606,openrtb.field.moved,error,regs.ext.gdpr,Section 3.2.3
p000578,ranker.com,c2shb.pubgw.yahoo.com,request,2.6-202606,openrtb.field.moved,error,user.ext.consent,Section 3.2.20
p000579,ranker.com,c2shb.pubgw.yahoo.com,request,2.6-202606,openrtb.field.deprecated,warning,imp[0].video.placement,Section 3.2.7
p000579,ranker.com,c2shb.pubgw.yahoo.com,request,2.6-202606,openrtb.field.moved,error,regs.ext.gdpr,Section 3.2.3
p000579,ranker.com,c2shb.pubgw.yahoo.com,request,2.6-202606,openrtb.field.moved,error,user.ext.consent,Section 3.2.20
p000580,ranker.com,c2shb.pubgw.yahoo.com,request,2.6-202606,openrtb.field.deprecated,warning,imp[0].video.placement,Section 3.2.7
p000580,ranker.com,c2shb.pubgw.yahoo.com,request,2.6-202606,openrtb.field.moved,error,regs.ext.gdpr,Section 3.2.3
p000580,ranker.com,c2shb.pubgw.yahoo.com,request,2.6-202606,openrtb.field.moved,error,user.ext.consent,Section 3.2.20
p000581,ranker.com,c2shb.pubgw.yahoo.com,request,2.6-202606,openrtb.field.deprecated,warning,imp[0].video.placement,Section 3.2.7
p000581,ranker.com,c2shb.pubgw.yahoo.com,request,2.6-202606,openrtb.field.moved,error,regs.ext.gdpr,Section 3.2.3
p000581,ranker.com,c2shb.pubgw.yahoo.com,request,2.6-202606,openrtb.field.moved,error,user.ext.consent,Section 3.2.20
p000582,ranker.com,c2shb.pubgw.yahoo.com,request,2.6-202606,openrtb.field.deprecated,warning,imp[0].video.placement,Section 3.2.7
p000582,ranker.com,c2shb.pubgw.yahoo.com,request,2.6-202606,openrtb.field.moved,error,regs.ext.gdpr,Section 3.2.3
p000582,ranker.com,c2shb.pubgw.yahoo.com,request,2.6-202606,openrtb.field.moved,error,user.ext.consent,Section 3.2.20
p000583,salon.com,c2shb.pubgw.yahoo.com,request,2.6-202606,openrtb.field.moved,error,regs.ext.gdpr,Section 3.2.3
p000583,salon.com,c2shb.pubgw.yahoo.com,request,2.6-202606,openrtb.field.moved,error,user.ext.consent,Section 3.2.20
p000584,salon.com,c2shb.pubgw.yahoo.com,request,2.6-202606,openrtb.field.moved,error,regs.ext.gdpr,Section 3.2.3
p000584,salon.com,c2shb.pubgw.yahoo.com,request,2.6-202606,openrtb.field.moved,error,user.ext.consent,Section 3.2.20
p000585,self.com,c2shb.pubgw.yahoo.com,request,2.6-202606,openrtb.field.moved,error,regs.ext.gdpr,Section 3.2.3
p000585,self.com,c2shb.pubgw.yahoo.com,request,2.6-202606,openrtb.field.moved,error,user.ext.consent,Section 3.2.20
p000586,self.com,c2shb.pubgw.yahoo.com,request,2.6-202606,openrtb.field.moved,error,regs.ext.gdpr,Section 3.2.3
p000586,self.com,c2shb.pubgw.yahoo.com,request,2.6-202606,openrtb.field.moved,error,user.ext.consent,Section 3.2.20
p000587,socialblade.com,c2shb.pubgw.yahoo.com,request,2.6-202606,openrtb.field.undefined,error,imp[0].data,3.2.4
p000588,socialblade.com,c2shb.pubgw.yahoo.com,request,2.6-202606,openrtb.field.undefined,error,imp[0].data,3.2.4
p000589,socialblade.com,c2shb.pubgw.yahoo.com,request,2.6-202606,openrtb.field.undefined,error,imp[0].data,3.2.4
p000590,socialblade.com,c2shb.pubgw.yahoo.com,request,2.6-202606,openrtb.field.undefined,error,imp[0].data,3.2.4
p000591,socialblade.com,c2shb.pubgw.yahoo.com,request,2.6-202606,openrtb.field.undefined,error,imp[0].data,3.2.4
p000592,socialblade.com,c2shb.pubgw.yahoo.com,request,2.6-202606,openrtb.field.undefined,error,imp[0].data,3.2.4
p000593,socialblade.com,c2shb.pubgw.yahoo.com,request,2.6-202606,openrtb.field.undefined,error,imp[0].data,3.2.4
p000593,socialblade.com,c2shb.pubgw.yahoo.com,request,2.6-202606,openrtb.field.deprecated,warning,imp[0].video.placement,Section 3.2.7
p000594,self.com,c2shb.pubgw.yahoo.com,request,2.6-202606,openrtb.field.moved,error,regs.ext.gdpr,Section 3.2.3
p000594,self.com,c2shb.pubgw.yahoo.com,request,2.6-202606,openrtb.field.moved,error,user.ext.consent,Section 3.2.20
p000595,salon.com,c2shb.pubgw.yahoo.com,request,2.6-202606,openrtb.field.moved,error,regs.ext.gdpr,Section 3.2.3
p000595,salon.com,c2shb.pubgw.yahoo.com,request,2.6-202606,openrtb.field.moved,error,user.ext.consent,Section 3.2.20
p000596,salon.com,c2shb.pubgw.yahoo.com,request,2.6-202606,openrtb.field.moved,error,regs.ext.gdpr,Section 3.2.3
p000596,salon.com,c2shb.pubgw.yahoo.com,request,2.6-202606,openrtb.field.moved,error,user.ext.consent,Section 3.2.20
p000597,salon.com,c2shb.pubgw.yahoo.com,request,2.6-202606,openrtb.field.moved,error,regs.ext.gdpr,Section 3.2.3
p000597,salon.com,c2shb.pubgw.yahoo.com,request,2.6-202606,openrtb.field.moved,error,user.ext.consent,Section 3.2.20
p000598,salon.com,c2shb.pubgw.yahoo.com,request,2.6-202606,openrtb.field.deprecated,warning,imp[0].video.placement,Section 3.2.7
p000598,salon.com,c2shb.pubgw.yahoo.com,request,2.6-202606,openrtb.field.moved,error,regs.ext.gdpr,Section 3.2.3
p000598,salon.com,c2shb.pubgw.yahoo.com,request,2.6-202606,openrtb.field.moved,error,user.ext.consent,Section 3.2.20
p000599,salon.com,c2shb.pubgw.yahoo.com,request,2.6-202606,openrtb.field.moved,error,regs.ext.gdpr,Section 3.2.3
p000599,salon.com,c2shb.pubgw.yahoo.com,request,2.6-202606,openrtb.field.moved,error,user.ext.consent,Section 3.2.20
p000600,salon.com,c2shb.pubgw.yahoo.com,request,2.6-202606,openrtb.field.deprecated,warning,imp[0].video.placement,Section 3.2.7
p000600,salon.com,c2shb.pubgw.yahoo.com,request,2.6-202606,openrtb.field.moved,error,regs.ext.gdpr,Section 3.2.3
p000600,salon.com,c2shb.pubgw.yahoo.com,request,2.6-202606,openrtb.field.moved,error,user.ext.consent,Section 3.2.20
p000601,salon.com,c2shb.pubgw.yahoo.com,request,2.6-202606,openrtb.field.moved,error,regs.ext.gdpr,Section 3.2.3
p000601,salon.com,c2shb.pubgw.yahoo.com,request,2.6-202606,openrtb.field.moved,error,user.ext.consent,Section 3.2.20
p000602,salon.com,c2shb.pubgw.yahoo.com,request,2.6-202606,openrtb.field.deprecated,warning,imp[0].video.placement,Section 3.2.7
p000602,salon.com,c2shb.pubgw.yahoo.com,request,2.6-202606,openrtb.field.moved,error,regs.ext.gdpr,Section 3.2.3
p000602,salon.com,c2shb.pubgw.yahoo.com,request,2.6-202606,openrtb.field.moved,error,user.ext.consent,Section 3.2.20
p000603,salon.com,c2shb.pubgw.yahoo.com,request,2.6-202606,openrtb.field.moved,error,regs.ext.gdpr,Section 3.2.3
p000603,salon.com,c2shb.pubgw.yahoo.com,request,2.6-202606,openrtb.field.moved,error,user.ext.consent,Section 3.2.20
p000604,salon.com,c2shb.pubgw.yahoo.com,request,2.6-202606,openrtb.field.moved,error,regs.ext.gdpr,Section 3.2.3
p000604,salon.com,c2shb.pubgw.yahoo.com,request,2.6-202606,openrtb.field.moved,error,user.ext.consent,Section 3.2.20
p000605,salon.com,c2shb.pubgw.yahoo.com,request,2.6-202606,openrtb.field.moved,error,regs.ext.gdpr,Section 3.2.3
p000605,salon.com,c2shb.pubgw.yahoo.com,request,2.6-202606,openrtb.field.moved,error,user.ext.consent,Section 3.2.20
p000606,salon.com,c2shb.pubgw.yahoo.com,request,2.6-202606,openrtb.field.moved,error,regs.ext.gdpr,Section 3.2.3
p000606,salon.com,c2shb.pubgw.yahoo.com,request,2.6-202606,openrtb.field.moved,error,user.ext.consent,Section 3.2.20
p000607,salon.com,c2shb.pubgw.yahoo.com,request,2.6-202606,openrtb.field.moved,error,regs.ext.gdpr,Section 3.2.3
p000607,salon.com,c2shb.pubgw.yahoo.com,request,2.6-202606,openrtb.field.moved,error,user.ext.consent,Section 3.2.20
p000608,salon.com,c2shb.pubgw.yahoo.com,request,2.6-202606,openrtb.field.deprecated,warning,imp[0].video.placement,Section 3.2.7
p000608,salon.com,c2shb.pubgw.yahoo.com,request,2.6-202606,openrtb.field.moved,error,regs.ext.gdpr,Section 3.2.3
p000608,salon.com,c2shb.pubgw.yahoo.com,request,2.6-202606,openrtb.field.moved,error,user.ext.consent,Section 3.2.20
p000609,salon.com,c2shb.pubgw.yahoo.com,request,2.6-202606,openrtb.field.deprecated,warning,imp[0].video.placement,Section 3.2.7
p000609,salon.com,c2shb.pubgw.yahoo.com,request,2.6-202606,openrtb.field.moved,error,regs.ext.gdpr,Section 3.2.3
p000609,salon.com,c2shb.pubgw.yahoo.com,request,2.6-202606,openrtb.field.moved,error,user.ext.consent,Section 3.2.20
p000610,salon.com,c2shb.pubgw.yahoo.com,request,2.6-202606,openrtb.field.deprecated,warning,imp[0].video.placement,Section 3.2.7
p000610,salon.com,c2shb.pubgw.yahoo.com,request,2.6-202606,openrtb.field.moved,error,regs.ext.gdpr,Section 3.2.3
p000610,salon.com,c2shb.pubgw.yahoo.com,request,2.6-202606,openrtb.field.moved,error,user.ext.consent,Section 3.2.20
p000611,salon.com,c2shb.pubgw.yahoo.com,request,2.6-202606,openrtb.field.deprecated,warning,imp[0].video.placement,Section 3.2.7
p000611,salon.com,c2shb.pubgw.yahoo.com,request,2.6-202606,openrtb.field.moved,error,regs.ext.gdpr,Section 3.2.3
p000611,salon.com,c2shb.pubgw.yahoo.com,request,2.6-202606,openrtb.field.moved,error,user.ext.consent,Section 3.2.20
p000612,salon.com,c2shb.pubgw.yahoo.com,request,2.6-202606,openrtb.field.deprecated,warning,imp[0].video.placement,Section 3.2.7
p000612,salon.com,c2shb.pubgw.yahoo.com,request,2.6-202606,openrtb.field.moved,error,regs.ext.gdpr,Section 3.2.3
p000612,salon.com,c2shb.pubgw.yahoo.com,request,2.6-202606,openrtb.field.moved,error,user.ext.consent,Section 3.2.20
p000613,self.com,c2shb.pubgw.yahoo.com,request,2.6-202606,openrtb.field.moved,error,regs.ext.gdpr,Section 3.2.3
p000613,self.com,c2shb.pubgw.yahoo.com,request,2.6-202606,openrtb.field.moved,error,user.ext.consent,Section 3.2.20
p000614,self.com,c2shb.pubgw.yahoo.com,request,2.6-202606,openrtb.field.moved,error,regs.ext.gdpr,Section 3.2.3
p000614,self.com,c2shb.pubgw.yahoo.com,request,2.6-202606,openrtb.field.moved,error,user.ext.consent,Section 3.2.20
p000615,self.com,c2shb.pubgw.yahoo.com,request,2.6-202606,openrtb.field.moved,error,regs.ext.gdpr,Section 3.2.3
p000615,self.com,c2shb.pubgw.yahoo.com,request,2.6-202606,openrtb.field.moved,error,user.ext.consent,Section 3.2.20
p000616,self.com,c2shb.pubgw.yahoo.com,request,2.6-202606,openrtb.field.moved,error,regs.ext.gdpr,Section 3.2.3
p000616,self.com,c2shb.pubgw.yahoo.com,request,2.6-202606,openrtb.field.moved,error,user.ext.consent,Section 3.2.20
p000617,self.com,c2shb.pubgw.yahoo.com,request,2.6-202606,openrtb.field.moved,error,regs.ext.gdpr,Section 3.2.3
p000617,self.com,c2shb.pubgw.yahoo.com,request,2.6-202606,openrtb.field.moved,error,user.ext.consent,Section 3.2.20
p000618,self.com,c2shb.pubgw.yahoo.com,request,2.6-202606,openrtb.field.moved,error,regs.ext.gdpr,Section 3.2.3
p000618,self.com,c2shb.pubgw.yahoo.com,request,2.6-202606,openrtb.field.moved,error,user.ext.consent,Section 3.2.20
p000619,upi.com,c2shb.pubgw.yahoo.com,request,2.6-202606,openrtb.field.undefined,error,imp[0].data,3.2.4
p000619,upi.com,c2shb.pubgw.yahoo.com,request,2.6-202606,openrtb.field.undefined,error,user.eids[3]._ref,3.2.27
p000620,upi.com,c2shb.pubgw.yahoo.com,request,2.6-202606,openrtb.field.undefined,error,imp[0].data,3.2.4
p000620,upi.com,c2shb.pubgw.yahoo.com,request,2.6-202606,openrtb.field.undefined,error,user.eids[3]._ref,3.2.27
p000621,upi.com,c2shb.pubgw.yahoo.com,request,2.6-202606,openrtb.field.undefined,error,imp[0].data,3.2.4
p000621,upi.com,c2shb.pubgw.yahoo.com,request,2.6-202606,openrtb.field.undefined,error,user.eids[3]._ref,3.2.27
p000622,upi.com,c2shb.pubgw.yahoo.com,request,2.6-202606,openrtb.field.undefined,error,imp[0].data,3.2.4
p000622,upi.com,c2shb.pubgw.yahoo.com,request,2.6-202606,openrtb.field.undefined,error,user.eids[3]._ref,3.2.27
p000623,upi.com,c2shb.pubgw.yahoo.com,request,2.6-202606,openrtb.field.undefined,error,imp[0].data,3.2.4
p000623,upi.com,c2shb.pubgw.yahoo.com,request,2.6-202606,openrtb.field.undefined,error,user.eids[3]._ref,3.2.27
p000624,upi.com,c2shb.pubgw.yahoo.com,request,2.6-202606,openrtb.field.undefined,error,imp[0].data,3.2.4
p000624,upi.com,c2shb.pubgw.yahoo.com,request,2.6-202606,openrtb.field.undefined,error,user.eids[3]._ref,3.2.27
p000625,upi.com,c2shb.pubgw.yahoo.com,request,2.6-202606,openrtb.field.undefined,error,imp[0].data,3.2.4
p000625,upi.com,c2shb.pubgw.yahoo.com,request,2.6-202606,openrtb.field.undefined,error,user.eids[3]._ref,3.2.27
p000626,upi.com,c2shb.pubgw.yahoo.com,request,2.6-202606,openrtb.field.undefined,error,imp[0].data,3.2.4
p000626,upi.com,c2shb.pubgw.yahoo.com,request,2.6-202606,openrtb.field.undefined,error,user.eids[3]._ref,3.2.27
p000627,upi.com,c2shb.pubgw.yahoo.com,request,2.6-202606,openrtb.field.undefined,error,imp[0].data,3.2.4
p000627,upi.com,c2shb.pubgw.yahoo.com,request,2.6-202606,openrtb.field.undefined,error,user.eids[3]._ref,3.2.27
p000628,upi.com,c2shb.pubgw.yahoo.com,request,2.6-202606,openrtb.field.undefined,error,imp[0].data,3.2.4
p000628,upi.com,c2shb.pubgw.yahoo.com,request,2.6-202606,openrtb.field.undefined,error,user.eids[3]._ref,3.2.27
p000629,upi.com,c2shb.pubgw.yahoo.com,request,2.6-202606,openrtb.field.undefined,error,imp[0].data,3.2.4
p000629,upi.com,c2shb.pubgw.yahoo.com,request,2.6-202606,openrtb.field.undefined,error,user.eids[3]._ref,3.2.27
p000630,upi.com,c2shb.pubgw.yahoo.com,request,2.6-202606,openrtb.field.undefined,error,imp[0].data,3.2.4
p000630,upi.com,c2shb.pubgw.yahoo.com,request,2.6-202606,openrtb.field.undefined,error,user.eids[3]._ref,3.2.27
p000631,upi.com,c2shb.pubgw.yahoo.com,request,2.6-202606,openrtb.field.undefined,error,imp[0].data,3.2.4
p000631,upi.com,c2shb.pubgw.yahoo.com,request,2.6-202606,openrtb.field.undefined,error,user.eids[3]._ref,3.2.27
p000632,upi.com,c2shb.pubgw.yahoo.com,request,2.6-202606,openrtb.field.undefined,error,imp[0].data,3.2.4
p000632,upi.com,c2shb.pubgw.yahoo.com,request,2.6-202606,openrtb.field.undefined,error,user.eids[3]._ref,3.2.27
p000633,upi.com,c2shb.pubgw.yahoo.com,request,2.6-202606,openrtb.field.undefined,error,imp[0].data,3.2.4
p000633,upi.com,c2shb.pubgw.yahoo.com,request,2.6-202606,openrtb.field.undefined,error,user.eids[3]._ref,3.2.27
p000634,upi.com,c2shb.pubgw.yahoo.com,request,2.6-202606,openrtb.field.undefined,error,imp[0].data,3.2.4
p000634,upi.com,c2shb.pubgw.yahoo.com,request,2.6-202606,openrtb.field.undefined,error,user.eids[3]._ref,3.2.27
p000635,upi.com,c2shb.pubgw.yahoo.com,request,2.6-202606,openrtb.field.undefined,error,imp[0].data,3.2.4
p000635,upi.com,c2shb.pubgw.yahoo.com,request,2.6-202606,openrtb.field.undefined,error,user.eids[3]._ref,3.2.27
p000636,upi.com,c2shb.pubgw.yahoo.com,request,2.6-202606,openrtb.field.undefined,error,imp[0].data,3.2.4
p000636,upi.com,c2shb.pubgw.yahoo.com,request,2.6-202606,openrtb.field.undefined,error,user.eids[3]._ref,3.2.27
p000637,upi.com,c2shb.pubgw.yahoo.com,request,2.6-202606,openrtb.field.undefined,error,imp[0].data,3.2.4
p000637,upi.com,c2shb.pubgw.yahoo.com,request,2.6-202606,openrtb.field.undefined,error,user.eids[3]._ref,3.2.27
p000638,upi.com,c2shb.pubgw.yahoo.com,request,2.6-202606,openrtb.field.undefined,error,imp[0].data,3.2.4
p000638,upi.com,c2shb.pubgw.yahoo.com,request,2.6-202606,openrtb.field.undefined,error,user.eids[3]._ref,3.2.27
p000639,upi.com,c2shb.pubgw.yahoo.com,request,2.6-202606,openrtb.field.undefined,error,imp[0].data,3.2.4
p000639,upi.com,c2shb.pubgw.yahoo.com,request,2.6-202606,openrtb.field.undefined,error,user.eids[4]._ref,3.2.27
p000640,upi.com,c2shb.pubgw.yahoo.com,request,2.6-202606,openrtb.field.undefined,error,imp[0].data,3.2.4
p000640,upi.com,c2shb.pubgw.yahoo.com,request,2.6-202606,openrtb.field.undefined,error,user.eids[4]._ref,3.2.27
p000641,upi.com,c2shb.pubgw.yahoo.com,request,2.6-202606,openrtb.field.undefined,error,imp[0].data,3.2.4
p000641,upi.com,c2shb.pubgw.yahoo.com,request,2.6-202606,openrtb.field.undefined,error,user.eids[4]._ref,3.2.27
p000642,upi.com,c2shb.pubgw.yahoo.com,request,2.6-202606,openrtb.field.undefined,error,imp[0].data,3.2.4
p000642,upi.com,c2shb.pubgw.yahoo.com,request,2.6-202606,openrtb.field.undefined,error,user.eids[4]._ref,3.2.27
p000643,upi.com,c2shb.pubgw.yahoo.com,request,2.6-202606,openrtb.field.undefined,error,imp[0].data,3.2.4
p000643,upi.com,c2shb.pubgw.yahoo.com,request,2.6-202606,openrtb.field.undefined,error,user.eids[4]._ref,3.2.27
p000644,upi.com,c2shb.pubgw.yahoo.com,request,2.6-202606,openrtb.field.undefined,error,imp[0].data,3.2.4
p000644,upi.com,c2shb.pubgw.yahoo.com,request,2.6-202606,openrtb.field.undefined,error,user.eids[4]._ref,3.2.27
p000645,upi.com,c2shb.pubgw.yahoo.com,request,2.6-202606,openrtb.field.undefined,error,imp[0].data,3.2.4
p000645,upi.com,c2shb.pubgw.yahoo.com,request,2.6-202606,openrtb.field.undefined,error,user.eids[4]._ref,3.2.27
p000646,upi.com,c2shb.pubgw.yahoo.com,request,2.6-202606,openrtb.field.undefined,error,imp[0].data,3.2.4
p000646,upi.com,c2shb.pubgw.yahoo.com,request,2.6-202606,openrtb.field.undefined,error,user.eids[4]._ref,3.2.27
p000647,upi.com,c2shb.pubgw.yahoo.com,request,2.6-202606,openrtb.field.undefined,error,imp[0].data,3.2.4
p000647,upi.com,c2shb.pubgw.yahoo.com,request,2.6-202606,openrtb.field.undefined,error,user.eids[4]._ref,3.2.27
p000648,upi.com,c2shb.pubgw.yahoo.com,request,2.6-202606,openrtb.field.undefined,error,imp[0].data,3.2.4
p000648,upi.com,c2shb.pubgw.yahoo.com,request,2.6-202606,openrtb.field.undefined,error,user.eids[4]._ref,3.2.27
p000649,upi.com,c2shb.pubgw.yahoo.com,request,2.6-202606,openrtb.field.undefined,error,imp[0].data,3.2.4
p000649,upi.com,c2shb.pubgw.yahoo.com,request,2.6-202606,openrtb.field.undefined,error,user.eids[4]._ref,3.2.27
p000650,upi.com,c2shb.pubgw.yahoo.com,request,2.6-202606,openrtb.field.undefined,error,imp[0].data,3.2.4
p000650,upi.com,c2shb.pubgw.yahoo.com,request,2.6-202606,openrtb.field.undefined,error,user.eids[4]._ref,3.2.27
p000651,upi.com,c2shb.pubgw.yahoo.com,request,2.6-202606,openrtb.field.undefined,error,imp[0].data,3.2.4
p000651,upi.com,c2shb.pubgw.yahoo.com,request,2.6-202606,openrtb.field.undefined,error,user.eids[4]._ref,3.2.27
p000652,autoguide.com,c2shb.pubgw.yahoo.com,response,2.6-202606,openrtb.bid.mtype_missing,warning,seatbid[0].bid[0].mtype,4.2.3
p000653,autoguide.com,c2shb.pubgw.yahoo.com,response,2.6-202606,openrtb.bid.mtype_missing,warning,seatbid[0].bid[0].mtype,4.2.3
p000654,autoguide.com,c2shb.pubgw.yahoo.com,response,2.6-202606,openrtb.bid.mtype_missing,warning,seatbid[0].bid[0].mtype,4.2.3
p000655,autoguide.com,c2shb.pubgw.yahoo.com,response,2.6-202606,openrtb.bid.mtype_missing,warning,seatbid[0].bid[0].mtype,4.2.3
p000659,autoguide.com,c2shb.pubgw.yahoo.com,response,2.6-202606,openrtb.bid.mtype_missing,warning,seatbid[0].bid[0].mtype,4.2.3
p000660,autoguide.com,c2shb.pubgw.yahoo.com,response,2.6-202606,openrtb.bid.mtype_missing,warning,seatbid[0].bid[0].mtype,4.2.3
p000661,autoguide.com,c2shb.pubgw.yahoo.com,response,2.6-202606,openrtb.bid.mtype_missing,warning,seatbid[0].bid[0].mtype,4.2.3
p000670,autoguide.com,c2shb.pubgw.yahoo.com,response,2.6-202606,openrtb.bid.mtype_missing,warning,seatbid[0].bid[0].mtype,4.2.3
p000672,autoguide.com,c2shb.pubgw.yahoo.com,response,2.6-202606,openrtb.bid.mtype_missing,warning,seatbid[0].bid[0].mtype,4.2.3
p000673,autoguide.com,c2shb.pubgw.yahoo.com,response,2.6-202606,openrtb.bid.mtype_missing,warning,seatbid[0].bid[0].mtype,4.2.3
p000674,autoguide.com,c2shb.pubgw.yahoo.com,response,2.6-202606,openrtb.bid.mtype_missing,warning,seatbid[0].bid[0].mtype,4.2.3
p000688,autoguide.com,c2shb.pubgw.yahoo.com,response,2.6-202606,openrtb.bid.mtype_missing,warning,seatbid[0].bid[0].mtype,4.2.3
p000694,autoguide.com,c2shb.pubgw.yahoo.com,response,2.6-202606,openrtb.bid.mtype_missing,warning,seatbid[0].bid[0].mtype,4.2.3
p000695,barcablaugranes.com,c2shb.pubgw.yahoo.com,response,2.6-202606,openrtb.bid.mtype_missing,warning,seatbid[0].bid[0].mtype,4.2.3
p000696,barcablaugranes.com,c2shb.pubgw.yahoo.com,response,2.6-202606,openrtb.bid.mtype_missing,warning,seatbid[0].bid[0].mtype,4.2.3
p000697,barcablaugranes.com,c2shb.pubgw.yahoo.com,response,2.6-202606,openrtb.bid.mtype_missing,warning,seatbid[0].bid[0].mtype,4.2.3
p000698,barcablaugranes.com,c2shb.pubgw.yahoo.com,response,2.6-202606,openrtb.bid.mtype_missing,warning,seatbid[0].bid[0].mtype,4.2.3
p000699,barcablaugranes.com,c2shb.pubgw.yahoo.com,response,2.6-202606,openrtb.bid.mtype_missing,warning,seatbid[0].bid[0].mtype,4.2.3
p000700,barcablaugranes.com,c2shb.pubgw.yahoo.com,response,2.6-202606,openrtb.bid.mtype_missing,warning,seatbid[0].bid[0].mtype,4.2.3
p000705,barcablaugranes.com,c2shb.pubgw.yahoo.com,response,2.6-202606,openrtb.bid.mtype_missing,warning,seatbid[0].bid[0].mtype,4.2.3
p000706,barcablaugranes.com,c2shb.pubgw.yahoo.com,response,2.6-202606,openrtb.bid.mtype_missing,warning,seatbid[0].bid[0].mtype,4.2.3
p000707,barcablaugranes.com,c2shb.pubgw.yahoo.com,response,2.6-202606,openrtb.bid.mtype_missing,warning,seatbid[0].bid[0].mtype,4.2.3
p000708,barcablaugranes.com,c2shb.pubgw.yahoo.com,response,2.6-202606,openrtb.bid.mtype_missing,warning,seatbid[0].bid[0].mtype,4.2.3
p000715,cupofjo.com,c2shb.pubgw.yahoo.com,response,2.6-202606,openrtb.bid.mtype_missing,warning,seatbid[0].bid[0].mtype,4.2.3
p000717,cupofjo.com,c2shb.pubgw.yahoo.com,response,2.6-202606,openrtb.bid.mtype_missing,warning,seatbid[0].bid[0].mtype,4.2.3
p000718,cupofjo.com,c2shb.pubgw.yahoo.com,response,2.6-202606,openrtb.bid.mtype_missing,warning,seatbid[0].bid[0].mtype,4.2.3
p000720,fncstatic.com,c2shb.pubgw.yahoo.com,response,2.6-202606,openrtb.bid.mtype_missing,warning,seatbid[0].bid[0].mtype,4.2.3
p000722,fncstatic.com,c2shb.pubgw.yahoo.com,response,2.6-202606,openrtb.bid.mtype_missing,warning,seatbid[0].bid[0].mtype,4.2.3
p000723,fncstatic.com,c2shb.pubgw.yahoo.com,response,2.6-202606,openrtb.bid.mtype_missing,warning,seatbid[0].bid[0].mtype,4.2.3
p000739,salon.com,c2shb.pubgw.yahoo.com,response,2.6-202606,openrtb.bid.mtype_missing,warning,seatbid[0].bid[0].mtype,4.2.3
p000740,self.com,c2shb.pubgw.yahoo.com,response,2.6-202606,openrtb.bid.mtype_missing,warning,seatbid[0].bid[0].mtype,4.2.3
p000741,self.com,c2shb.pubgw.yahoo.com,response,2.6-202606,openrtb.bid.mtype_missing,warning,seatbid[0].bid[0].mtype,4.2.3
p000742,self.com,c2shb.pubgw.yahoo.com,response,2.6-202606,openrtb.bid.mtype_missing,warning,seatbid[0].bid[0].mtype,4.2.3
p000751,salon.com,c2shb.pubgw.yahoo.com,response,2.6-202606,openrtb.bid.mtype_missing,warning,seatbid[0].bid[0].mtype,4.2.3
p000752,salon.com,c2shb.pubgw.yahoo.com,response,2.6-202606,openrtb.bid.mtype_missing,warning,seatbid[0].bid[0].mtype,4.2.3
p000768,self.com,c2shb.pubgw.yahoo.com,response,2.6-202606,openrtb.bid.mtype_missing,warning,seatbid[0].bid[0].mtype,4.2.3
p000769,self.com,c2shb.pubgw.yahoo.com,response,2.6-202606,openrtb.bid.mtype_missing,warning,seatbid[0].bid[0].mtype,4.2.3
p000770,self.com,c2shb.pubgw.yahoo.com,response,2.6-202606,openrtb.bid.mtype_missing,warning,seatbid[0].bid[0].mtype,4.2.3
p000771,self.com,c2shb.pubgw.yahoo.com,response,2.6-202606,openrtb.bid.mtype_missing,warning,seatbid[0].bid[0].mtype,4.2.3
p000773,self.com,c2shb.pubgw.yahoo.com,response,2.6-202606,openrtb.bid.mtype_missing,warning,seatbid[0].bid[0].mtype,4.2.3
p000776,upi.com,c2shb.pubgw.yahoo.com,response,2.6-202606,openrtb.bid.mtype_missing,warning,seatbid[0].bid[0].mtype,4.2.3
p000783,upi.com,c2shb.pubgw.yahoo.com,response,2.6-202606,openrtb.bid.mtype_missing,warning,seatbid[0].bid[0].mtype,4.2.3
p000790,upi.com,c2shb.pubgw.yahoo.com,response,2.6-202606,openrtb.bid.mtype_missing,warning,seatbid[0].bid[0].mtype,4.2.3
p000794,upi.com,c2shb.pubgw.yahoo.com,response,2.6-202606,openrtb.bid.mtype_missing,warning,seatbid[0].bid[0].mtype,4.2.3
p000795,upi.com,c2shb.pubgw.yahoo.com,response,2.6-202606,openrtb.bid.mtype_missing,warning,seatbid[0].bid[0].mtype,4.2.3
p000796,upi.com,c2shb.pubgw.yahoo.com,response,2.6-202606,openrtb.bid.mtype_missing,warning,seatbid[0].bid[0].mtype,4.2.3
p000797,upi.com,c2shb.pubgw.yahoo.com,response,2.6-202606,openrtb.bid.mtype_missing,warning,seatbid[0].bid[0].mtype,4.2.3
p000798,upi.com,c2shb.pubgw.yahoo.com,response,2.6-202606,openrtb.bid.mtype_missing,warning,seatbid[0].bid[0].mtype,4.2.3
p000802,upi.com,c2shb.pubgw.yahoo.com,response,2.6-202606,openrtb.bid.mtype_missing,warning,seatbid[0].bid[0].mtype,4.2.3
p000803,upi.com,c2shb.pubgw.yahoo.com,response,2.6-202606,openrtb.bid.mtype_missing,warning,seatbid[0].bid[0].mtype,4.2.3
p000805,upi.com,c2shb.pubgw.yahoo.com,response,2.6-202606,openrtb.bid.mtype_missing,warning,seatbid[0].bid[0].mtype,4.2.3
p000807,myjoyonline.com,cpm.vuukle.net,request,2.6-202606,openrtb.field.moved,error,regs.ext.gdpr,Section 3.2.3
p000808,csfd.cz,dale.performax.cz,request,2.6-202606,openrtb.field.moved,error,regs.ext.gdpr,Section 3.2.3
p000808,csfd.cz,dale.performax.cz,request,2.6-202606,openrtb.field.moved,error,user.ext.consent,Section 3.2.20
p000809,csfd.cz,dale.performax.cz,request,2.6-202606,openrtb.field.moved,error,regs.ext.gdpr,Section 3.2.3
p000809,csfd.cz,dale.performax.cz,request,2.6-202606,openrtb.field.moved,error,user.ext.consent,Section 3.2.20
p000810,autoguide.com,direct.adsrvr.org,request,2.6-202606,openrtb.field.moved,error,regs.ext.gdpr,Section 3.2.3
p000810,autoguide.com,direct.adsrvr.org,request,2.6-202606,openrtb.type.mismatch,error,site.ref,3.2.13
p000811,autoguide.com,direct.adsrvr.org,request,2.6-202606,openrtb.field.moved,error,regs.ext.gdpr,Section 3.2.3
p000811,autoguide.com,direct.adsrvr.org,request,2.6-202606,openrtb.type.mismatch,error,site.ref,3.2.13
p000812,autoguide.com,direct.adsrvr.org,request,2.6-202606,openrtb.field.moved,error,regs.ext.gdpr,Section 3.2.3
p000812,autoguide.com,direct.adsrvr.org,request,2.6-202606,openrtb.type.mismatch,error,site.ref,3.2.13
p000813,autoguide.com,direct.adsrvr.org,request,2.6-202606,openrtb.field.moved,error,regs.ext.gdpr,Section 3.2.3
p000813,autoguide.com,direct.adsrvr.org,request,2.6-202606,openrtb.type.mismatch,error,site.ref,3.2.13
p000814,autoguide.com,direct.adsrvr.org,request,2.6-202606,openrtb.field.moved,error,regs.ext.gdpr,Section 3.2.3
p000814,autoguide.com,direct.adsrvr.org,request,2.6-202606,openrtb.type.mismatch,error,site.ref,3.2.13
p000815,autoguide.com,direct.adsrvr.org,request,2.6-202606,openrtb.field.moved,error,regs.ext.gdpr,Section 3.2.3
p000815,autoguide.com,direct.adsrvr.org,request,2.6-202606,openrtb.type.mismatch,error,site.ref,3.2.13
p000816,autoguide.com,direct.adsrvr.org,request,2.6-202606,openrtb.field.moved,error,regs.ext.gdpr,Section 3.2.3
p000816,autoguide.com,direct.adsrvr.org,request,2.6-202606,openrtb.type.mismatch,error,site.ref,3.2.13
p000817,autoguide.com,direct.adsrvr.org,request,2.6-202606,openrtb.field.moved,error,regs.ext.gdpr,Section 3.2.3
p000817,autoguide.com,direct.adsrvr.org,request,2.6-202606,openrtb.type.mismatch,error,site.ref,3.2.13
p000818,autoguide.com,direct.adsrvr.org,request,2.6-202606,openrtb.field.moved,error,regs.ext.gdpr,Section 3.2.3
p000818,autoguide.com,direct.adsrvr.org,request,2.6-202606,openrtb.type.mismatch,error,site.ref,3.2.13
p000819,autoguide.com,direct.adsrvr.org,request,2.6-202606,openrtb.field.moved,error,regs.ext.gdpr,Section 3.2.3
p000819,autoguide.com,direct.adsrvr.org,request,2.6-202606,openrtb.type.mismatch,error,site.ref,3.2.13
p000820,autoguide.com,direct.adsrvr.org,request,2.6-202606,openrtb.field.moved,error,regs.ext.gdpr,Section 3.2.3
p000820,autoguide.com,direct.adsrvr.org,request,2.6-202606,openrtb.type.mismatch,error,site.ref,3.2.13
p000821,autoguide.com,direct.adsrvr.org,request,2.6-202606,openrtb.field.moved,error,regs.ext.gdpr,Section 3.2.3
p000821,autoguide.com,direct.adsrvr.org,request,2.6-202606,openrtb.type.mismatch,error,site.ref,3.2.13
p000822,autoguide.com,direct.adsrvr.org,request,2.6-202606,openrtb.field.moved,error,regs.ext.gdpr,Section 3.2.3
p000822,autoguide.com,direct.adsrvr.org,request,2.6-202606,openrtb.type.mismatch,error,site.ref,3.2.13
p000823,autoguide.com,direct.adsrvr.org,request,2.6-202606,openrtb.field.moved,error,regs.ext.gdpr,Section 3.2.3
p000823,autoguide.com,direct.adsrvr.org,request,2.6-202606,openrtb.type.mismatch,error,site.ref,3.2.13
p000824,autoguide.com,direct.adsrvr.org,request,2.6-202606,openrtb.field.moved,error,regs.ext.gdpr,Section 3.2.3
p000824,autoguide.com,direct.adsrvr.org,request,2.6-202606,openrtb.type.mismatch,error,site.ref,3.2.13
p000825,autoguide.com,direct.adsrvr.org,request,2.6-202606,openrtb.field.moved,error,regs.ext.gdpr,Section 3.2.3
p000825,autoguide.com,direct.adsrvr.org,request,2.6-202606,openrtb.type.mismatch,error,site.ref,3.2.13
p000826,businessinsider.com,direct.adsrvr.org,request,2.6-202606,openrtb.type.mismatch,error,site.ref,3.2.13
p000827,businessinsider.com,direct.adsrvr.org,request,2.6-202606,openrtb.type.mismatch,error,site.ref,3.2.13
p000828,businessinsider.com,direct.adsrvr.org,request,2.6-202606,openrtb.type.mismatch,error,site.ref,3.2.13
p000829,businessinsider.com,direct.adsrvr.org,request,2.6-202606,openrtb.type.mismatch,error,site.ref,3.2.13
p000830,chicagotribune.com,direct.adsrvr.org,request,2.6-202606,openrtb.type.mismatch,error,site.ref,3.2.13
p000831,chl.ca,direct.adsrvr.org,request,2.6-202606,openrtb.type.mismatch,error,site.ref,3.2.13
p000832,chicagotribune.com,direct.adsrvr.org,request,2.6-202606,openrtb.type.mismatch,error,site.ref,3.2.13
p000833,chicagotribune.com,direct.adsrvr.org,request,2.6-202606,openrtb.type.mismatch,error,site.ref,3.2.13
p000834,chicagotribune.com,direct.adsrvr.org,request,2.6-202606,openrtb.type.mismatch,error,site.ref,3.2.13
p000835,chicagotribune.com,direct.adsrvr.org,request,2.6-202606,openrtb.type.mismatch,error,site.ref,3.2.13
p000836,chicagotribune.com,direct.adsrvr.org,request,2.6-202606,openrtb.type.mismatch,error,site.ref,3.2.13
p000837,chl.ca,direct.adsrvr.org,request,2.6-202606,openrtb.type.mismatch,error,site.ref,3.2.13
p000838,chicagotribune.com,direct.adsrvr.org,request,2.6-202606,openrtb.type.mismatch,error,site.ref,3.2.13
p000839,chicagotribune.com,direct.adsrvr.org,request,2.6-202606,openrtb.type.mismatch,error,device.geo.metro,3.2.19
p000839,chicagotribune.com,direct.adsrvr.org,request,2.6-202606,openrtb.field.deprecated,warning,imp[0].video.placement,Section 3.2.7
p000839,chicagotribune.com,direct.adsrvr.org,request,2.6-202606,openrtb.field.moved,error,regs.ext.gdpr,Section 3.2.3
p000839,chicagotribune.com,direct.adsrvr.org,request,2.6-202606,openrtb.field.moved,error,user.ext.consent,Section 3.2.20
p000840,chicagotribune.com,direct.adsrvr.org,request,2.6-202606,openrtb.type.mismatch,error,device.geo.metro,3.2.19
p000840,chicagotribune.com,direct.adsrvr.org,request,2.6-202606,openrtb.field.moved,error,regs.ext.gdpr,Section 3.2.3
p000840,chicagotribune.com,direct.adsrvr.org,request,2.6-202606,openrtb.field.moved,error,user.ext.consent,Section 3.2.20
p000841,chicagotribune.com,direct.adsrvr.org,request,2.6-202606,openrtb.type.mismatch,error,device.geo.metro,3.2.19
p000841,chicagotribune.com,direct.adsrvr.org,request,2.6-202606,openrtb.field.moved,error,regs.ext.gdpr,Section 3.2.3
p000841,chicagotribune.com,direct.adsrvr.org,request,2.6-202606,openrtb.field.moved,error,user.ext.consent,Section 3.2.20
p000842,chicagotribune.com,direct.adsrvr.org,request,2.6-202606,openrtb.type.mismatch,error,device.geo.metro,3.2.19
p000842,chicagotribune.com,direct.adsrvr.org,request,2.6-202606,openrtb.field.deprecated,warning,imp[0].video.placement,Section 3.2.7
p000842,chicagotribune.com,direct.adsrvr.org,request,2.6-202606,openrtb.field.moved,error,regs.ext.gdpr,Section 3.2.3
p000842,chicagotribune.com,direct.adsrvr.org,request,2.6-202606,openrtb.field.moved,error,user.ext.consent,Section 3.2.20
p000843,coindesk.com,direct.adsrvr.org,request,2.6-202606,openrtb.type.mismatch,error,site.ref,3.2.13
p000844,coindesk.com,direct.adsrvr.org,request,2.6-202606,openrtb.type.mismatch,error,site.ref,3.2.13
p000845,cupofjo.com,direct.adsrvr.org,request,2.6-202606,openrtb.type.mismatch,error,site.ref,3.2.13
p000846,cupofjo.com,direct.adsrvr.org,request,2.6-202606,openrtb.type.mismatch,error,site.ref,3.2.13
p000847,cupofjo.com,direct.adsrvr.org,request,2.6-202606,openrtb.type.mismatch,error,site.ref,3.2.13
p000848,cupofjo.com,direct.adsrvr.org,request,2.6-202606,openrtb.type.mismatch,error,site.ref,3.2.13
p000849,cupofjo.com,direct.adsrvr.org,request,2.6-202606,openrtb.field.deprecated,warning,imp[0].video.placement,Section 3.2.7
p000849,cupofjo.com,direct.adsrvr.org,request,2.6-202606,openrtb.value.invalid,error,imp[0].video.skip,3.2.7
p000849,cupofjo.com,direct.adsrvr.org,request,2.6-202606,openrtb.type.mismatch,error,site.ref,3.2.13
p000850,cupofjo.com,direct.adsrvr.org,request,2.6-202606,openrtb.field.deprecated,warning,imp[0].video.placement,Section 3.2.7
p000850,cupofjo.com,direct.adsrvr.org,request,2.6-202606,openrtb.value.invalid,error,imp[0].video.skip,3.2.7
p000850,cupofjo.com,direct.adsrvr.org,request,2.6-202606,openrtb.type.mismatch,error,site.ref,3.2.13
p000851,dailykos.com,direct.adsrvr.org,request,2.6-202606,openrtb.type.mismatch,error,site.ref,3.2.13
p000852,dailykos.com,direct.adsrvr.org,request,2.6-202606,openrtb.type.mismatch,error,site.ref,3.2.13
p000853,dailykos.com,direct.adsrvr.org,request,2.6-202606,openrtb.type.mismatch,error,site.ref,3.2.13
p000854,dailykos.com,direct.adsrvr.org,request,2.6-202606,openrtb.type.mismatch,error,site.ref,3.2.13
p000855,dailykos.com,direct.adsrvr.org,request,2.6-202606,openrtb.type.mismatch,error,site.ref,3.2.13
p000856,fncstatic.com,direct.adsrvr.org,request,2.6-202606,openrtb.value.invalid,error,device.connectiontype,3.2.18
p000856,fncstatic.com,direct.adsrvr.org,request,2.6-202606,openrtb.type.mismatch,error,site.ref,3.2.13
p000857,fncstatic.com,direct.adsrvr.org,request,2.6-202606,openrtb.value.invalid,error,device.connectiontype,3.2.18
p000857,fncstatic.com,direct.adsrvr.org,request,2.6-202606,openrtb.type.mismatch,error,site.ref,3.2.13
p000858,fncstatic.com,direct.adsrvr.org,request,2.6-202606,openrtb.value.invalid,error,device.connectiontype,3.2.18
p000858,fncstatic.com,direct.adsrvr.org,request,2.6-202606,openrtb.type.mismatch,error,site.ref,3.2.13
p000859,fncstatic.com,direct.adsrvr.org,request,2.6-202606,openrtb.value.invalid,error,device.connectiontype,3.2.18
p000859,fncstatic.com,direct.adsrvr.org,request,2.6-202606,openrtb.type.mismatch,error,site.ref,3.2.13
p000860,fncstatic.com,direct.adsrvr.org,request,2.6-202606,openrtb.value.invalid,error,device.connectiontype,3.2.18
p000860,fncstatic.com,direct.adsrvr.org,request,2.6-202606,openrtb.type.mismatch,error,site.ref,3.2.13
p000861,fncstatic.com,direct.adsrvr.org,request,2.6-202606,openrtb.value.invalid,error,device.connectiontype,3.2.18
p000861,fncstatic.com,direct.adsrvr.org,request,2.6-202606,openrtb.type.mismatch,error,site.ref,3.2.13
p000862,fncstatic.com,direct.adsrvr.org,request,2.6-202606,openrtb.value.invalid,error,device.connectiontype,3.2.18
p000862,fncstatic.com,direct.adsrvr.org,request,2.6-202606,openrtb.type.mismatch,error,site.ref,3.2.13
p000863,fox11online.com,direct.adsrvr.org,request,2.6-202606,openrtb.field.deprecated,warning,imp[0].video.placement,Section 3.2.7
p000863,fox11online.com,direct.adsrvr.org,request,2.6-202606,openrtb.field.moved,error,regs.ext.gdpr,Section 3.2.3
p000863,fox11online.com,direct.adsrvr.org,request,2.6-202606,openrtb.type.mismatch,error,site.ref,3.2.13
p000864,fox11online.com,direct.adsrvr.org,request,2.6-202606,openrtb.field.moved,error,regs.ext.gdpr,Section 3.2.3
p000864,fox11online.com,direct.adsrvr.org,request,2.6-202606,openrtb.type.mismatch,error,site.ref,3.2.13
p000865,fox11online.com,direct.adsrvr.org,request,2.6-202606,openrtb.field.deprecated,warning,imp[0].video.placement,Section 3.2.7
p000865,fox11online.com,direct.adsrvr.org,request,2.6-202606,openrtb.field.moved,error,regs.ext.gdpr,Section 3.2.3
p000865,fox11online.com,direct.adsrvr.org,request,2.6-202606,openrtb.type.mismatch,error,site.ref,3.2.13
p000866,fox11online.com,direct.adsrvr.org,request,2.6-202606,openrtb.field.moved,error,regs.ext.gdpr,Section 3.2.3
p000866,fox11online.com,direct.adsrvr.org,request,2.6-202606,openrtb.type.mismatch,error,site.ref,3.2.13
p000867,fox11online.com,direct.adsrvr.org,request,2.6-202606,openrtb.field.deprecated,warning,imp[0].video.placement,Section 3.2.7
p000867,fox11online.com,direct.adsrvr.org,request,2.6-202606,openrtb.type.mismatch,error,site.ref,3.2.13
p000868,halfbakedharvest.com,direct.adsrvr.org,request,2.6-202606,openrtb.type.mismatch,error,site.ref,3.2.13
p000869,halfbakedharvest.com,direct.adsrvr.org,request,2.6-202606,openrtb.type.mismatch,error,site.ref,3.2.13
p000870,halfbakedharvest.com,direct.adsrvr.org,request,2.6-202606,openrtb.field.deprecated,warning,imp[0].video.placement,Section 3.2.7
p000870,halfbakedharvest.com,direct.adsrvr.org,request,2.6-202606,openrtb.value.invalid,error,imp[0].video.skip,3.2.7
p000870,halfbakedharvest.com,direct.adsrvr.org,request,2.6-202606,openrtb.type.mismatch,error,site.ref,3.2.13
p000871,halfbakedharvest.com,direct.adsrvr.org,request,2.6-202606,openrtb.field.deprecated,warning,imp[1].video.placement,Section 3.2.7
p000871,halfbakedharvest.com,direct.adsrvr.org,request,2.6-202606,openrtb.value.invalid,error,imp[1].video.skip,3.2.7
p000871,halfbakedharvest.com,direct.adsrvr.org,request,2.6-202606,openrtb.type.mismatch,error,site.ref,3.2.13
p000872,halfbakedharvest.com,direct.adsrvr.org,request,2.6-202606,openrtb.type.mismatch,error,site.ref,3.2.13
p000873,halfbakedharvest.com,direct.adsrvr.org,request,2.6-202606,openrtb.field.deprecated,warning,imp[0].video.placement,Section 3.2.7
p000873,halfbakedharvest.com,direct.adsrvr.org,request,2.6-202606,openrtb.value.invalid,error,imp[0].video.skip,3.2.7
p000873,halfbakedharvest.com,direct.adsrvr.org,request,2.6-202606,openrtb.type.mismatch,error,site.ref,3.2.13
p000874,halfbakedharvest.com,direct.adsrvr.org,request,2.6-202606,openrtb.type.mismatch,error,site.ref,3.2.13
p000875,halfbakedharvest.com,direct.adsrvr.org,request,2.6-202606,openrtb.type.mismatch,error,site.ref,3.2.13
p000876,halfbakedharvest.com,direct.adsrvr.org,request,2.6-202606,openrtb.field.deprecated,warning,imp[0].video.placement,Section 3.2.7
p000876,halfbakedharvest.com,direct.adsrvr.org,request,2.6-202606,openrtb.value.invalid,error,imp[0].video.skip,3.2.7
p000876,halfbakedharvest.com,direct.adsrvr.org,request,2.6-202606,openrtb.type.mismatch,error,site.ref,3.2.13
p000877,halfbakedharvest.com,direct.adsrvr.org,request,2.6-202606,openrtb.field.deprecated,warning,imp[0].video.placement,Section 3.2.7
p000877,halfbakedharvest.com,direct.adsrvr.org,request,2.6-202606,openrtb.value.invalid,error,imp[0].video.skip,3.2.7
p000877,halfbakedharvest.com,direct.adsrvr.org,request,2.6-202606,openrtb.type.mismatch,error,site.ref,3.2.13
p000878,howlongtobeat.com,direct.adsrvr.org,request,2.6-202606,openrtb.type.mismatch,error,site.publisher.id,3.2.15
p000879,imore.com,direct.adsrvr.org,request,2.6-202606,openrtb.field.moved,error,regs.ext.gdpr,Section 3.2.3
p000879,imore.com,direct.adsrvr.org,request,2.6-202606,openrtb.type.mismatch,error,site.ref,3.2.13
p000880,iheart.com,direct.adsrvr.org,request,2.6-202606,openrtb.field.deprecated,warning,imp[1].video.placement,Section 3.2.7
p000880,iheart.com,direct.adsrvr.org,request,2.6-202606,openrtb.value.invalid,error,imp[1].video.skip,3.2.7
p000880,iheart.com,direct.adsrvr.org,request,2.6-202606,openrtb.type.mismatch,error,site.ref,3.2.13
p000881,imore.com,direct.adsrvr.org,request,2.6-202606,openrtb.field.moved,error,regs.ext.gdpr,Section 3.2.3
p000881,imore.com,direct.adsrvr.org,request,2.6-202606,openrtb.type.mismatch,error,site.ref,3.2.13
p000882,imore.com,direct.adsrvr.org,request,2.6-202606,openrtb.field.moved,error,regs.ext.gdpr,Section 3.2.3
p000882,imore.com,direct.adsrvr.org,request,2.6-202606,openrtb.type.mismatch,error,site.ref,3.2.13
p000883,kptv.com,direct.adsrvr.org,request,2.6-202606,openrtb.type.mismatch,error,site.ref,3.2.13
p000884,kptv.com,direct.adsrvr.org,request,2.6-202606,openrtb.type.mismatch,error,site.ref,3.2.13
p000885,kptv.com,direct.adsrvr.org,request,2.6-202606,openrtb.type.mismatch,error,site.ref,3.2.13
p000886,kptv.com,direct.adsrvr.org,request,2.6-202606,openrtb.type.mismatch,error,site.ref,3.2.13
p000887,kptv.com,direct.adsrvr.org,request,2.6-202606,openrtb.type.mismatch,error,site.ref,3.2.13
p000888,kptv.com,direct.adsrvr.org,request,2.6-202606,openrtb.type.mismatch,error,site.ref,3.2.13
p000889,kptv.com,direct.adsrvr.org,request,2.6-202606,openrtb.type.mismatch,error,site.ref,3.2.13
p000890,kptv.com,direct.adsrvr.org,request,2.6-202606,openrtb.type.mismatch,error,site.ref,3.2.13
p000891,kptv.com,direct.adsrvr.org,request,2.6-202606,openrtb.type.mismatch,error,site.ref,3.2.13
p000892,kptv.com,direct.adsrvr.org,request,2.6-202606,openrtb.type.mismatch,error,site.ref,3.2.13
p000893,kptv.com,direct.adsrvr.org,request,2.6-202606,openrtb.type.mismatch,error,site.ref,3.2.13
p000894,kptv.com,direct.adsrvr.org,request,2.6-202606,openrtb.type.mismatch,error,site.ref,3.2.13
p000895,kptv.com,direct.adsrvr.org,request,2.6-202606,openrtb.type.mismatch,error,site.ref,3.2.13
p000896,moly.hu,direct.adsrvr.org,request,2.6-202606,openrtb.field.moved,error,regs.ext.gdpr,Section 3.2.3
p000897,moly.hu,direct.adsrvr.org,request,2.6-202606,openrtb.field.moved,error,regs.ext.gdpr,Section 3.2.3
p000897,moly.hu,direct.adsrvr.org,request,2.6-202606,openrtb.type.mismatch,error,site.ref,3.2.13
p000898,namemc.com,direct.adsrvr.org,request,2.6-202606,openrtb.field.moved,error,regs.ext.gdpr,Section 3.2.3
p000898,namemc.com,direct.adsrvr.org,request,2.6-202606,openrtb.type.mismatch,error,site.ref,3.2.13
p000899,namemc.com,direct.adsrvr.org,request,2.6-202606,openrtb.field.deprecated,warning,imp[0].video.placement,Section 3.2.7
p000899,namemc.com,direct.adsrvr.org,request,2.6-202606,openrtb.type.mismatch,error,site.ref,3.2.13
p000900,nationaltoday.com,direct.adsrvr.org,request,2.6-202606,openrtb.field.moved,error,regs.ext.gdpr,Section 3.2.3
p000901,nationaltoday.com,direct.adsrvr.org,request,2.6-202606,openrtb.field.moved,error,regs.ext.gdpr,Section 3.2.3
p000902,nationaltoday.com,direct.adsrvr.org,request,2.6-202606,openrtb.field.moved,error,regs.ext.gdpr,Section 3.2.3
p000903,nationaltoday.com,direct.adsrvr.org,request,2.6-202606,openrtb.field.deprecated,warning,imp[0].video.placement,Section 3.2.7
p000903,nationaltoday.com,direct.adsrvr.org,request,2.6-202606,openrtb.type.mismatch,error,site.ref,3.2.13
p000904,nesn.com,direct.adsrvr.org,request,2.6-202606,openrtb.type.mismatch,error,site.ref,3.2.13
p000905,nesn.com,direct.adsrvr.org,request,2.6-202606,openrtb.type.mismatch,error,site.ref,3.2.13
p000906,nationaltoday.com,direct.adsrvr.org,request,2.6-202606,openrtb.field.deprecated,warning,imp[0].video.placement,Section 3.2.7
p000906,nationaltoday.com,direct.adsrvr.org,request,2.6-202606,openrtb.type.mismatch,error,site.ref,3.2.13
p000907,nationaltoday.com,direct.adsrvr.org,request,2.6-202606,openrtb.field.deprecated,warning,imp[0].video.placement,Section 3.2.7
p000907,nationaltoday.com,direct.adsrvr.org,request,2.6-202606,openrtb.type.mismatch,error,site.ref,3.2.13
p000908,nesn.com,direct.adsrvr.org,request,2.6-202606,openrtb.type.mismatch,error,site.ref,3.2.13
p000909,nesn.com,direct.adsrvr.org,request,2.6-202606,openrtb.field.deprecated,warning,imp[0].video.placement,Section 3.2.7
p000909,nesn.com,direct.adsrvr.org,request,2.6-202606,openrtb.type.mismatch,error,site.ref,3.2.13
p000910,nesn.com,direct.adsrvr.org,request,2.6-202606,openrtb.field.deprecated,warning,imp[0].video.placement,Section 3.2.7
p000910,nesn.com,direct.adsrvr.org,request,2.6-202606,openrtb.type.mismatch,error,site.ref,3.2.13
p000911,outsideonline.com,direct.adsrvr.org,request,2.6-202606,openrtb.field.moved,error,regs.ext.gdpr,Section 3.2.3
p000911,outsideonline.com,direct.adsrvr.org,request,2.6-202606,openrtb.type.mismatch,error,site.ref,3.2.13
p000912,outsideonline.com,direct.adsrvr.org,request,2.6-202606,openrtb.field.moved,error,regs.ext.gdpr,Section 3.2.3
p000912,outsideonline.com,direct.adsrvr.org,request,2.6-202606,openrtb.type.mismatch,error,site.ref,3.2.13
p000913,outsideonline.com,direct.adsrvr.org,request,2.6-202606,openrtb.field.moved,error,regs.ext.gdpr,Section 3.2.3
p000913,outsideonline.com,direct.adsrvr.org,request,2.6-202606,openrtb.type.mismatch,error,site.ref,3.2.13
p000914,outsideonline.com,direct.adsrvr.org,request,2.6-202606,openrtb.field.moved,error,regs.ext.gdpr,Section 3.2.3
p000914,outsideonline.com,direct.adsrvr.org,request,2.6-202606,openrtb.type.mismatch,error,site.ref,3.2.13
p000915,outsideonline.com,direct.adsrvr.org,request,2.6-202606,openrtb.field.moved,error,regs.ext.gdpr,Section 3.2.3
p000915,outsideonline.com,direct.adsrvr.org,request,2.6-202606,openrtb.type.mismatch,error,site.ref,3.2.13
p000916,outsideonline.com,direct.adsrvr.org,request,2.6-202606,openrtb.field.moved,error,regs.ext.gdpr,Section 3.2.3
p000916,outsideonline.com,direct.adsrvr.org,request,2.6-202606,openrtb.type.mismatch,error,site.ref,3.2.13
p000917,outsideonline.com,direct.adsrvr.org,request,2.6-202606,openrtb.field.moved,error,regs.ext.gdpr,Section 3.2.3
p000917,outsideonline.com,direct.adsrvr.org,request,2.6-202606,openrtb.type.mismatch,error,site.ref,3.2.13
p000918,outsideonline.com,direct.adsrvr.org,request,2.6-202606,openrtb.field.moved,error,regs.ext.gdpr,Section 3.2.3
p000918,outsideonline.com,direct.adsrvr.org,request,2.6-202606,openrtb.type.mismatch,error,site.ref,3.2.13
p000919,outsideonline.com,direct.adsrvr.org,request,2.6-202606,openrtb.field.moved,error,regs.ext.gdpr,Section 3.2.3
p000919,outsideonline.com,direct.adsrvr.org,request,2.6-202606,openrtb.type.mismatch,error,site.ref,3.2.13
p000920,outsideonline.com,direct.adsrvr.org,request,2.6-202606,openrtb.field.moved,error,regs.ext.gdpr,Section 3.2.3
p000920,outsideonline.com,direct.adsrvr.org,request,2.6-202606,openrtb.type.mismatch,error,site.ref,3.2.13
p000921,outsideonline.com,direct.adsrvr.org,request,2.6-202606,openrtb.field.moved,error,regs.ext.gdpr,Section 3.2.3
p000921,outsideonline.com,direct.adsrvr.org,request,2.6-202606,openrtb.type.mismatch,error,site.ref,3.2.13
p000922,outsideonline.com,direct.adsrvr.org,request,2.6-202606,openrtb.field.moved,error,regs.ext.gdpr,Section 3.2.3
p000922,outsideonline.com,direct.adsrvr.org,request,2.6-202606,openrtb.type.mismatch,error,site.ref,3.2.13
p000923,outsideonline.com,direct.adsrvr.org,request,2.6-202606,openrtb.field.moved,error,regs.ext.gdpr,Section 3.2.3
p000923,outsideonline.com,direct.adsrvr.org,request,2.6-202606,openrtb.type.mismatch,error,site.ref,3.2.13
p000924,outsideonline.com,direct.adsrvr.org,request,2.6-202606,openrtb.field.moved,error,regs.ext.gdpr,Section 3.2.3
p000924,outsideonline.com,direct.adsrvr.org,request,2.6-202606,openrtb.type.mismatch,error,site.ref,3.2.13
p000925,outsideonline.com,direct.adsrvr.org,request,2.6-202606,openrtb.field.moved,error,regs.ext.gdpr,Section 3.2.3
p000925,outsideonline.com,direct.adsrvr.org,request,2.6-202606,openrtb.type.mismatch,error,site.ref,3.2.13
p000926,outsideonline.com,direct.adsrvr.org,request,2.6-202606,openrtb.field.moved,error,regs.ext.gdpr,Section 3.2.3
p000926,outsideonline.com,direct.adsrvr.org,request,2.6-202606,openrtb.type.mismatch,error,site.ref,3.2.13
p000927,pilotonline.com,direct.adsrvr.org,request,2.6-202606,openrtb.type.mismatch,error,site.ref,3.2.13
p000928,pilotonline.com,direct.adsrvr.org,request,2.6-202606,openrtb.type.mismatch,error,site.ref,3.2.13
p000929,pilotonline.com,direct.adsrvr.org,request,2.6-202606,openrtb.type.mismatch,error,site.ref,3.2.13
p000930,pilotonline.com,direct.adsrvr.org,request,2.6-202606,openrtb.type.mismatch,error,site.ref,3.2.13
p000931,pilotonline.com,direct.adsrvr.org,request,2.6-202606,openrtb.type.mismatch,error,site.ref,3.2.13
p000932,pilotonline.com,direct.adsrvr.org,request,2.6-202606,openrtb.type.mismatch,error,site.ref,3.2.13
p000933,pilotonline.com,direct.adsrvr.org,request,2.6-202606,openrtb.type.mismatch,error,site.ref,3.2.13
p000934,pilotonline.com,direct.adsrvr.org,request,2.6-202606,openrtb.type.mismatch,error,device.geo.metro,3.2.19
p000934,pilotonline.com,direct.adsrvr.org,request,2.6-202606,openrtb.field.deprecated,warning,imp[0].video.placement,Section 3.2.7
p000934,pilotonline.com,direct.adsrvr.org,request,2.6-202606,openrtb.field.moved,error,regs.ext.gdpr,Section 3.2.3
p000934,pilotonline.com,direct.adsrvr.org,request,2.6-202606,openrtb.field.moved,error,user.ext.consent,Section 3.2.20
p000935,pilotonline.com,direct.adsrvr.org,request,2.6-202606,openrtb.type.mismatch,error,device.geo.metro,3.2.19
p000935,pilotonline.com,direct.adsrvr.org,request,2.6-202606,openrtb.field.moved,error,regs.ext.gdpr,Section 3.2.3
p000935,pilotonline.com,direct.adsrvr.org,request,2.6-202606,openrtb.field.moved,error,user.ext.consent,Section 3.2.20
p000936,pilotonline.com,direct.adsrvr.org,request,2.6-202606,openrtb.type.mismatch,error,device.geo.metro,3.2.19
p000936,pilotonline.com,direct.adsrvr.org,request,2.6-202606,openrtb.field.moved,error,regs.ext.gdpr,Section 3.2.3
p000936,pilotonline.com,direct.adsrvr.org,request,2.6-202606,openrtb.field.moved,error,user.ext.consent,Section 3.2.20
p000937,pilotonline.com,direct.adsrvr.org,request,2.6-202606,openrtb.type.mismatch,error,device.geo.metro,3.2.19
p000937,pilotonline.com,direct.adsrvr.org,request,2.6-202606,openrtb.field.deprecated,warning,imp[0].video.placement,Section 3.2.7
p000937,pilotonline.com,direct.adsrvr.org,request,2.6-202606,openrtb.field.moved,error,regs.ext.gdpr,Section 3.2.3
p000937,pilotonline.com,direct.adsrvr.org,request,2.6-202606,openrtb.field.moved,error,user.ext.consent,Section 3.2.20
p000938,pilotonline.com,direct.adsrvr.org,request,2.6-202606,openrtb.type.mismatch,error,device.geo.metro,3.2.19
p000938,pilotonline.com,direct.adsrvr.org,request,2.6-202606,openrtb.field.moved,error,regs.ext.gdpr,Section 3.2.3
p000938,pilotonline.com,direct.adsrvr.org,request,2.6-202606,openrtb.field.moved,error,user.ext.consent,Section 3.2.20
p000939,psychcentral.com,direct.adsrvr.org,request,2.6-202606,openrtb.value.invalid,error,device.connectiontype,3.2.18
p000939,psychcentral.com,direct.adsrvr.org,request,2.6-202606,openrtb.field.deprecated,warning,imp[0].video.placement,Section 3.2.7
p000939,psychcentral.com,direct.adsrvr.org,request,2.6-202606,openrtb.type.mismatch,error,site.ref,3.2.13
p000940,ranker.com,direct.adsrvr.org,request,2.6-202606,openrtb.type.mismatch,error,site.ref,3.2.13
p000941,ranker.com,direct.adsrvr.org,request,2.6-202606,openrtb.type.mismatch,error,site.ref,3.2.13
p000942,ranker.com,direct.adsrvr.org,request,2.6-202606,openrtb.type.mismatch,error,site.ref,3.2.13
p000943,ranker.com,direct.adsrvr.org,request,2.6-202606,openrtb.field.deprecated,warning,imp[1].video.placement,Section 3.2.7
p000943,ranker.com,direct.adsrvr.org,request,2.6-202606,openrtb.value.invalid,error,imp[1].video.skip,3.2.7
p000943,ranker.com,direct.adsrvr.org,request,2.6-202606,openrtb.type.mismatch,error,site.ref,3.2.13
p000944,ranker.com,direct.adsrvr.org,request,2.6-202606,openrtb.type.mismatch,error,site.ref,3.2.13
p000945,ranker.com,direct.adsrvr.org,request,2.6-202606,openrtb.type.mismatch,error,site.ref,3.2.13
p000946,ranker.com,direct.adsrvr.org,request,2.6-202606,openrtb.field.deprecated,warning,imp[0].video.placement,Section 3.2.7
p000946,ranker.com,direct.adsrvr.org,request,2.6-202606,openrtb.value.invalid,error,imp[0].video.skip,3.2.7
p000946,ranker.com,direct.adsrvr.org,request,2.6-202606,openrtb.type.mismatch,error,site.ref,3.2.13
p000947,ranker.com,direct.adsrvr.org,request,2.6-202606,openrtb.field.deprecated,warning,imp[0].video.placement,Section 3.2.7
p000947,ranker.com,direct.adsrvr.org,request,2.6-202606,openrtb.value.invalid,error,imp[0].video.skip,3.2.7
p000947,ranker.com,direct.adsrvr.org,request,2.6-202606,openrtb.type.mismatch,error,site.ref,3.2.13
p000948,ranker.com,direct.adsrvr.org,request,2.6-202606,openrtb.field.deprecated,warning,imp[0].video.placement,Section 3.2.7
p000948,ranker.com,direct.adsrvr.org,request,2.6-202606,openrtb.value.invalid,error,imp[0].video.skip,3.2.7
p000948,ranker.com,direct.adsrvr.org,request,2.6-202606,openrtb.type.mismatch,error,site.ref,3.2.13
p000949,ranker.com,direct.adsrvr.org,request,2.6-202606,openrtb.field.deprecated,warning,imp[0].video.placement,Section 3.2.7
p000949,ranker.com,direct.adsrvr.org,request,2.6-202606,openrtb.value.invalid,error,imp[0].video.skip,3.2.7
p000949,ranker.com,direct.adsrvr.org,request,2.6-202606,openrtb.type.mismatch,error,site.ref,3.2.13
p000950,rawstory.com,direct.adsrvr.org,request,2.6-202606,openrtb.field.moved,error,regs.ext.gdpr,Section 3.2.3
p000950,rawstory.com,direct.adsrvr.org,request,2.6-202606,openrtb.type.mismatch,error,site.ref,3.2.13
p000950,rawstory.com,direct.adsrvr.org,request,2.6-202606,openrtb.field.moved,error,user.ext.consent,Section 3.2.20
p000951,rawstory.com,direct.adsrvr.org,request,2.6-202606,openrtb.field.moved,error,regs.ext.gdpr,Section 3.2.3
p000951,rawstory.com,direct.adsrvr.org,request,2.6-202606,openrtb.type.mismatch,error,site.ref,3.2.13
p000951,rawstory.com,direct.adsrvr.org,request,2.6-202606,openrtb.field.moved,error,user.ext.consent,Section 3.2.20
p000952,realtimetrains.co.uk,direct.adsrvr.org,request,2.6-202606,openrtb.type.mismatch,error,site.ref,3.2.13
p000953,realtimetrains.co.uk,direct.adsrvr.org,request,2.6-202606,openrtb.type.mismatch,error,site.ref,3.2.13
p000954,rawstory.com,direct.adsrvr.org,request,2.6-202606,openrtb.field.moved,error,regs.ext.gdpr,Section 3.2.3
p000954,rawstory.com,direct.adsrvr.org,request,2.6-202606,openrtb.type.mismatch,error,site.ref,3.2.13
p000954,rawstory.com,direct.adsrvr.org,request,2.6-202606,openrtb.field.moved,error,user.ext.consent,Section 3.2.20
p000955,rawstory.com,direct.adsrvr.org,request,2.6-202606,openrtb.type.mismatch,error,device.geo.metro,3.2.19
p000955,rawstory.com,direct.adsrvr.org,request,2.6-202606,openrtb.field.moved,error,regs.ext.gdpr,Section 3.2.3
p000955,rawstory.com,direct.adsrvr.org,request,2.6-202606,openrtb.field.moved,error,user.ext.consent,Section 3.2.20
p000956,rawstory.com,direct.adsrvr.org,request,2.6-202606,openrtb.field.moved,error,regs.ext.gdpr,Section 3.2.3
p000956,rawstory.com,direct.adsrvr.org,request,2.6-202606,openrtb.type.mismatch,error,site.ref,3.2.13
p000956,rawstory.com,direct.adsrvr.org,request,2.6-202606,openrtb.field.moved,error,user.ext.consent,Section 3.2.20
p000957,rawstory.com,direct.adsrvr.org,request,2.6-202606,openrtb.type.mismatch,error,device.geo.metro,3.2.19
p000957,rawstory.com,direct.adsrvr.org,request,2.6-202606,openrtb.field.moved,error,regs.ext.gdpr,Section 3.2.3
p000957,rawstory.com,direct.adsrvr.org,request,2.6-202606,openrtb.field.moved,error,user.ext.consent,Section 3.2.20
p000958,rawstory.com,direct.adsrvr.org,request,2.6-202606,openrtb.type.mismatch,error,device.geo.metro,3.2.19
p000958,rawstory.com,direct.adsrvr.org,request,2.6-202606,openrtb.field.moved,error,regs.ext.gdpr,Section 3.2.3
p000958,rawstory.com,direct.adsrvr.org,request,2.6-202606,openrtb.field.moved,error,user.ext.consent,Section 3.2.20
p000959,rawstory.com,direct.adsrvr.org,request,2.6-202606,openrtb.type.mismatch,error,device.geo.metro,3.2.19
p000959,rawstory.com,direct.adsrvr.org,request,2.6-202606,openrtb.field.moved,error,regs.ext.gdpr,Section 3.2.3
p000959,rawstory.com,direct.adsrvr.org,request,2.6-202606,openrtb.field.moved,error,user.ext.consent,Section 3.2.20
p000960,salon.com,direct.adsrvr.org,request,2.6-202606,openrtb.type.mismatch,error,site.ref,3.2.13
p000961,salon.com,direct.adsrvr.org,request,2.6-202606,openrtb.type.mismatch,error,site.ref,3.2.13
p000965,salon.com,direct.adsrvr.org,request,2.6-202606,openrtb.type.mismatch,error,site.ref,3.2.13
p000966,salon.com,direct.adsrvr.org,request,2.6-202606,openrtb.type.mismatch,error,site.ref,3.2.13
p000967,salon.com,direct.adsrvr.org,request,2.6-202606,openrtb.type.mismatch,error,site.ref,3.2.13
p000968,salon.com,direct.adsrvr.org,request,2.6-202606,openrtb.field.deprecated,warning,imp[0].video.placement,Section 3.2.7
p000968,salon.com,direct.adsrvr.org,request,2.6-202606,openrtb.value.invalid,error,imp[0].video.skip,3.2.7
p000968,salon.com,direct.adsrvr.org,request,2.6-202606,openrtb.type.mismatch,error,site.ref,3.2.13
p000969,salon.com,direct.adsrvr.org,request,2.6-202606,openrtb.type.mismatch,error,site.ref,3.2.13
p000970,salon.com,direct.adsrvr.org,request,2.6-202606,openrtb.field.deprecated,warning,imp[0].video.placement,Section 3.2.7
p000970,salon.com,direct.adsrvr.org,request,2.6-202606,openrtb.value.invalid,error,imp[0].video.skip,3.2.7
p000970,salon.com,direct.adsrvr.org,request,2.6-202606,openrtb.type.mismatch,error,site.ref,3.2.13
p000971,salon.com,direct.adsrvr.org,request,2.6-202606,openrtb.field.deprecated,warning,imp[1].video.placement,Section 3.2.7
p000971,salon.com,direct.adsrvr.org,request,2.6-202606,openrtb.value.invalid,error,imp[1].video.skip,3.2.7
p000971,salon.com,direct.adsrvr.org,request,2.6-202606,openrtb.type.mismatch,error,site.ref,3.2.13
p000972,salon.com,direct.adsrvr.org,request,2.6-202606,openrtb.type.mismatch,error,site.ref,3.2.13
p000973,salon.com,direct.adsrvr.org,request,2.6-202606,openrtb.type.mismatch,error,site.ref,3.2.13
p000974,salon.com,direct.adsrvr.org,request,2.6-202606,openrtb.type.mismatch,error,site.ref,3.2.13
p000975,salon.com,direct.adsrvr.org,request,2.6-202606,openrtb.type.mismatch,error,site.ref,3.2.13
p000976,salon.com,direct.adsrvr.org,request,2.6-202606,openrtb.type.mismatch,error,site.ref,3.2.13
p000977,salon.com,direct.adsrvr.org,request,2.6-202606,openrtb.field.deprecated,warning,imp[0].video.placement,Section 3.2.7
p000977,salon.com,direct.adsrvr.org,request,2.6-202606,openrtb.value.invalid,error,imp[0].video.skip,3.2.7
p000977,salon.com,direct.adsrvr.org,request,2.6-202606,openrtb.type.mismatch,error,site.ref,3.2.13
p000978,salon.com,direct.adsrvr.org,request,2.6-202606,openrtb.field.deprecated,warning,imp[0].video.placement,Section 3.2.7
p000978,salon.com,direct.adsrvr.org,request,2.6-202606,openrtb.value.invalid,error,imp[0].video.skip,3.2.7
p000978,salon.com,direct.adsrvr.org,request,2.6-202606,openrtb.type.mismatch,error,site.ref,3.2.13
p000979,salon.com,direct.adsrvr.org,request,2.6-202606,openrtb.field.deprecated,warning,imp[0].video.placement,Section 3.2.7
p000979,salon.com,direct.adsrvr.org,request,2.6-202606,openrtb.value.invalid,error,imp[0].video.skip,3.2.7
p000979,salon.com,direct.adsrvr.org,request,2.6-202606,openrtb.type.mismatch,error,site.ref,3.2.13
p000980,salon.com,direct.adsrvr.org,request,2.6-202606,openrtb.field.deprecated,warning,imp[0].video.placement,Section 3.2.7
p000980,salon.com,direct.adsrvr.org,request,2.6-202606,openrtb.value.invalid,error,imp[0].video.skip,3.2.7
p000980,salon.com,direct.adsrvr.org,request,2.6-202606,openrtb.type.mismatch,error,site.ref,3.2.13
p000981,salon.com,direct.adsrvr.org,request,2.6-202606,openrtb.field.deprecated,warning,imp[0].video.placement,Section 3.2.7
p000981,salon.com,direct.adsrvr.org,request,2.6-202606,openrtb.value.invalid,error,imp[0].video.skip,3.2.7
p000981,salon.com,direct.adsrvr.org,request,2.6-202606,openrtb.type.mismatch,error,site.ref,3.2.13
p000982,self.com,direct.adsrvr.org,request,2.6-202606,openrtb.fields.mutually_exclusive,error,site.keywords,3.2.13
p000983,self.com,direct.adsrvr.org,request,2.6-202606,openrtb.fields.mutually_exclusive,error,site.keywords,3.2.13
p000984,self.com,direct.adsrvr.org,request,2.6-202606,openrtb.fields.mutually_exclusive,error,site.keywords,3.2.13
p000985,self.com,direct.adsrvr.org,request,2.6-202606,openrtb.fields.mutually_exclusive,error,site.keywords,3.2.13
p000986,self.com,direct.adsrvr.org,request,2.6-202606,openrtb.fields.mutually_exclusive,error,site.keywords,3.2.13
p000987,self.com,direct.adsrvr.org,request,2.6-202606,openrtb.fields.mutually_exclusive,error,site.keywords,3.2.13
p000988,thesun.ie,direct.adsrvr.org,request,2.6-202606,openrtb.field.moved,error,regs.ext.gdpr,Section 3.2.3
p000988,thesun.ie,direct.adsrvr.org,request,2.6-202606,openrtb.type.mismatch,error,site.ref,3.2.13
p000989,thesun.ie,direct.adsrvr.org,request,2.6-202606,openrtb.field.moved,error,regs.ext.gdpr,Section 3.2.3
p000989,thesun.ie,direct.adsrvr.org,request,2.6-202606,openrtb.type.mismatch,error,site.ref,3.2.13
p000990,thesun.ie,direct.adsrvr.org,request,2.6-202606,openrtb.field.moved,error,regs.ext.gdpr,Section 3.2.3
p000990,thesun.ie,direct.adsrvr.org,request,2.6-202606,openrtb.type.mismatch,error,site.ref,3.2.13
p000991,tio.ch,direct.adsrvr.org,request,2.6-202606,openrtb.field.deprecated,warning,imp[0].video.placement,Section 3.2.7
p000991,tio.ch,direct.adsrvr.org,request,2.6-202606,openrtb.value.invalid,error,imp[0].video.skip,3.2.7
p000991,tio.ch,direct.adsrvr.org,request,2.6-202606,openrtb.field.moved,error,regs.ext.gdpr,Section 3.2.3
p000991,tio.ch,direct.adsrvr.org,request,2.6-202606,openrtb.type.mismatch,error,site.ref,3.2.13
p000991,tio.ch,direct.adsrvr.org,request,2.6-202606,openrtb.field.moved,error,user.ext.consent,Section 3.2.20
p000992,tio.ch,direct.adsrvr.org,request,2.6-202606,openrtb.field.moved,error,regs.ext.gdpr,Section 3.2.3
p000992,tio.ch,direct.adsrvr.org,request,2.6-202606,openrtb.type.mismatch,error,site.ref,3.2.13
p000992,tio.ch,direct.adsrvr.org,request,2.6-202606,openrtb.field.moved,error,user.ext.consent,Section 3.2.20
p000993,tio.ch,direct.adsrvr.org,request,2.6-202606,openrtb.field.moved,error,regs.ext.gdpr,Section 3.2.3
p000993,tio.ch,direct.adsrvr.org,request,2.6-202606,openrtb.type.mismatch,error,site.ref,3.2.13
p000993,tio.ch,direct.adsrvr.org,request,2.6-202606,openrtb.field.moved,error,user.ext.consent,Section 3.2.20
p000994,tio.ch,direct.adsrvr.org,request,2.6-202606,openrtb.field.moved,error,regs.ext.gdpr,Section 3.2.3
p000994,tio.ch,direct.adsrvr.org,request,2.6-202606,openrtb.type.mismatch,error,site.ref,3.2.13
p000994,tio.ch,direct.adsrvr.org,request,2.6-202606,openrtb.field.moved,error,user.ext.consent,Section 3.2.20
p000995,tio.ch,direct.adsrvr.org,request,2.6-202606,openrtb.field.moved,error,regs.ext.gdpr,Section 3.2.3
p000995,tio.ch,direct.adsrvr.org,request,2.6-202606,openrtb.type.mismatch,error,site.ref,3.2.13
p000995,tio.ch,direct.adsrvr.org,request,2.6-202606,openrtb.field.moved,error,user.ext.consent,Section 3.2.20
p000996,thesun.ie,direct.adsrvr.org,request,2.6-202606,openrtb.field.moved,error,regs.ext.gdpr,Section 3.2.3
p000996,thesun.ie,direct.adsrvr.org,request,2.6-202606,openrtb.type.mismatch,error,site.ref,3.2.13
p000997,tio.ch,direct.adsrvr.org,request,2.6-202606,openrtb.field.moved,error,regs.ext.gdpr,Section 3.2.3
p000997,tio.ch,direct.adsrvr.org,request,2.6-202606,openrtb.type.mismatch,error,site.ref,3.2.13
p000997,tio.ch,direct.adsrvr.org,request,2.6-202606,openrtb.field.moved,error,user.ext.consent,Section 3.2.20
p000998,thesun.ie,direct.adsrvr.org,request,2.6-202606,openrtb.field.deprecated,warning,imp[0].video.placement,Section 3.2.7
p000998,thesun.ie,direct.adsrvr.org,request,2.6-202606,openrtb.field.moved,error,regs.ext.gdpr,Section 3.2.3
p000998,thesun.ie,direct.adsrvr.org,request,2.6-202606,openrtb.type.mismatch,error,site.ref,3.2.13
p000999,thesun.ie,direct.adsrvr.org,request,2.6-202606,openrtb.field.moved,error,regs.ext.gdpr,Section 3.2.3
p000999,thesun.ie,direct.adsrvr.org,request,2.6-202606,openrtb.type.mismatch,error,site.ref,3.2.13
p001000,thesun.ie,direct.adsrvr.org,request,2.6-202606,openrtb.field.moved,error,regs.ext.gdpr,Section 3.2.3
p001000,thesun.ie,direct.adsrvr.org,request,2.6-202606,openrtb.type.mismatch,error,site.ref,3.2.13
p001001,thesun.ie,direct.adsrvr.org,request,2.6-202606,openrtb.field.deprecated,warning,imp[0].video.placement,Section 3.2.7
p001001,thesun.ie,direct.adsrvr.org,request,2.6-202606,openrtb.field.moved,error,regs.ext.gdpr,Section 3.2.3
p001001,thesun.ie,direct.adsrvr.org,request,2.6-202606,openrtb.type.mismatch,error,site.ref,3.2.13
p001002,thesun.ie,direct.adsrvr.org,request,2.6-202606,openrtb.field.moved,error,regs.ext.gdpr,Section 3.2.3
p001002,thesun.ie,direct.adsrvr.org,request,2.6-202606,openrtb.type.mismatch,error,site.ref,3.2.13
p001003,treehugger.com,direct.adsrvr.org,request,2.6-202606,openrtb.type.mismatch,error,site.ref,3.2.13
p001004,treehugger.com,direct.adsrvr.org,request,2.6-202606,openrtb.type.mismatch,error,site.ref,3.2.13
p001005,upi.com,direct.adsrvr.org,request,2.6-202606,openrtb.field.undefined,error,imp[0].battr,3.2.4
p001005,upi.com,direct.adsrvr.org,request,2.6-202606,openrtb.field.undefined,error,imp[1].battr,3.2.4
p001005,upi.com,direct.adsrvr.org,request,2.6-202606,openrtb.field.undefined,error,imp[2].battr,3.2.4
p001005,upi.com,direct.adsrvr.org,request,2.6-202606,openrtb.field.undefined,error,imp[3].battr,3.2.4
p001005,upi.com,direct.adsrvr.org,request,2.6-202606,openrtb.field.undefined,error,imp[4].battr,3.2.4
p001005,upi.com,direct.adsrvr.org,request,2.6-202606,openrtb.field.undefined,error,imp[5].battr,3.2.4
p001005,upi.com,direct.adsrvr.org,request,2.6-202606,openrtb.field.undefined,error,imp[6].battr,3.2.4
p001005,upi.com,direct.adsrvr.org,request,2.6-202606,openrtb.type.mismatch,error,site.publisher.id,3.2.15
p001006,upi.com,direct.adsrvr.org,request,2.6-202606,openrtb.field.undefined,error,imp[0].battr,3.2.4
p001006,upi.com,direct.adsrvr.org,request,2.6-202606,openrtb.field.undefined,error,imp[1].battr,3.2.4
p001006,upi.com,direct.adsrvr.org,request,2.6-202606,openrtb.field.undefined,error,imp[2].battr,3.2.4
p001006,upi.com,direct.adsrvr.org,request,2.6-202606,openrtb.field.undefined,error,imp[3].battr,3.2.4
p001006,upi.com,direct.adsrvr.org,request,2.6-202606,openrtb.type.mismatch,error,site.publisher.id,3.2.15
p001007,urbandictionary.com,direct.adsrvr.org,request,2.6-202606,openrtb.type.mismatch,error,site.ref,3.2.13
p001008,urbandictionary.com,direct.adsrvr.org,request,2.6-202606,openrtb.type.mismatch,error,site.ref,3.2.13
p001009,urbandictionary.com,direct.adsrvr.org,request,2.6-202606,openrtb.type.mismatch,error,site.ref,3.2.13
p001010,vice.com,direct.adsrvr.org,request,2.6-202606,openrtb.field.undefined,error,imp[0].battr,3.2.4
p001010,vice.com,direct.adsrvr.org,request,2.6-202606,openrtb.field.undefined,error,imp[1].battr,3.2.4
p001010,vice.com,direct.adsrvr.org,request,2.6-202606,openrtb.field.undefined,error,imp[2].battr,3.2.4
p001011,vice.com,direct.adsrvr.org,request,2.6-202606,openrtb.field.undefined,error,imp[0].battr,3.2.4
p001011,vice.com,direct.adsrvr.org,request,2.6-202606,openrtb.field.undefined,error,imp[1].battr,3.2.4
p001012,webdesignerdepot.com,direct.adsrvr.org,request,2.6-202606,openrtb.type.mismatch,error,site.ref,3.2.13
p001013,webdesignerdepot.com,direct.adsrvr.org,request,2.6-202606,openrtb.field.deprecated,warning,imp[0].video.placement,Section 3.2.7
p001013,webdesignerdepot.com,direct.adsrvr.org,request,2.6-202606,openrtb.value.invalid,error,imp[0].video.skip,3.2.7
p001013,webdesignerdepot.com,direct.adsrvr.org,request,2.6-202606,openrtb.type.mismatch,error,site.ref,3.2.13
p001014,webdesignerdepot.com,direct.adsrvr.org,request,2.6-202606,openrtb.field.deprecated,warning,imp[1].video.placement,Section 3.2.7
p001014,webdesignerdepot.com,direct.adsrvr.org,request,2.6-202606,openrtb.value.invalid,error,imp[1].video.skip,3.2.7
p001014,webdesignerdepot.com,direct.adsrvr.org,request,2.6-202606,openrtb.type.mismatch,error,site.ref,3.2.13
p001015,webdesignerdepot.com,direct.adsrvr.org,request,2.6-202606,openrtb.type.mismatch,error,site.ref,3.2.13
p001108,em.com.br,display.bidder.taboola.com,request,2.6-202606,openrtb.type.mismatch,error,imp[0].bidfloor,3.2.4
p001108,em.com.br,display.bidder.taboola.com,request,2.6-202606,openrtb.type.mismatch,error,imp[1].bidfloor,3.2.4
p001108,em.com.br,display.bidder.taboola.com,request,2.6-202606,openrtb.type.mismatch,error,imp[2].bidfloor,3.2.4
p001108,em.com.br,display.bidder.taboola.com,request,2.6-202606,openrtb.type.mismatch,error,imp[3].bidfloor,3.2.4
p001108,em.com.br,display.bidder.taboola.com,request,2.6-202606,openrtb.type.mismatch,error,imp[4].bidfloor,3.2.4
p001108,em.com.br,display.bidder.taboola.com,request,2.6-202606,openrtb.type.mismatch,error,imp[5].bidfloor,3.2.4
p001108,em.com.br,display.bidder.taboola.com,request,2.6-202606,openrtb.field.required,error,imp[5].video.mimes,3.2.7
p001108,em.com.br,display.bidder.taboola.com,request,2.6-202606,openrtb.type.mismatch,error,imp[6].bidfloor,3.2.4
p001108,em.com.br,display.bidder.taboola.com,request,2.6-202606,openrtb.field.required,error,imp[6].video.mimes,3.2.7
p001108,em.com.br,display.bidder.taboola.com,request,2.6-202606,openrtb.type.mismatch,error,imp[7].bidfloor,3.2.4
p001108,em.com.br,display.bidder.taboola.com,request,2.6-202606,openrtb.field.required,error,imp[7].video.mimes,3.2.7
p001108,em.com.br,display.bidder.taboola.com,request,2.6-202606,openrtb.type.mismatch,error,imp[8].bidfloor,3.2.4
p001108,em.com.br,display.bidder.taboola.com,request,2.6-202606,openrtb.field.required,error,imp[8].video.mimes,3.2.7
p001108,em.com.br,display.bidder.taboola.com,request,2.6-202606,openrtb.type.mismatch,error,imp[9].bidfloor,3.2.4
p001108,em.com.br,display.bidder.taboola.com,request,2.6-202606,openrtb.type.mismatch,error,imp[10].bidfloor,3.2.4
p001109,em.com.br,display.bidder.taboola.com,request,2.6-202606,openrtb.type.mismatch,error,imp[0].bidfloor,3.2.4
p001110,em.com.br,display.bidder.taboola.com,request,2.6-202606,openrtb.type.mismatch,error,imp[0].bidfloor,3.2.4
p001111,em.com.br,display.bidder.taboola.com,request,2.6-202606,openrtb.type.mismatch,error,imp[0].bidfloor,3.2.4
p001112,em.com.br,display.bidder.taboola.com,request,2.6-202606,openrtb.type.mismatch,error,imp[0].bidfloor,3.2.4
p001112,em.com.br,display.bidder.taboola.com,request,2.6-202606,openrtb.type.mismatch,error,imp[1].bidfloor,3.2.4
p001112,em.com.br,display.bidder.taboola.com,request,2.6-202606,openrtb.type.mismatch,error,imp[2].bidfloor,3.2.4
p001112,em.com.br,display.bidder.taboola.com,request,2.6-202606,openrtb.type.mismatch,error,imp[3].bidfloor,3.2.4
p001112,em.com.br,display.bidder.taboola.com,request,2.6-202606,openrtb.type.mismatch,error,imp[4].bidfloor,3.2.4
p001112,em.com.br,display.bidder.taboola.com,request,2.6-202606,openrtb.type.mismatch,error,imp[5].bidfloor,3.2.4
p001112,em.com.br,display.bidder.taboola.com,request,2.6-202606,openrtb.field.required,error,imp[5].video.mimes,3.2.7
p001112,em.com.br,display.bidder.taboola.com,request,2.6-202606,openrtb.type.mismatch,error,imp[6].bidfloor,3.2.4
p001112,em.com.br,display.bidder.taboola.com,request,2.6-202606,openrtb.field.required,error,imp[6].video.mimes,3.2.7
p001112,em.com.br,display.bidder.taboola.com,request,2.6-202606,openrtb.type.mismatch,error,imp[7].bidfloor,3.2.4
p001112,em.com.br,display.bidder.taboola.com,request,2.6-202606,openrtb.field.required,error,imp[7].video.mimes,3.2.7
p001112,em.com.br,display.bidder.taboola.com,request,2.6-202606,openrtb.type.mismatch,error,imp[8].bidfloor,3.2.4
p001112,em.com.br,display.bidder.taboola.com,request,2.6-202606,openrtb.field.required,error,imp[8].video.mimes,3.2.7
p001112,em.com.br,display.bidder.taboola.com,request,2.6-202606,openrtb.type.mismatch,error,imp[9].bidfloor,3.2.4
p001112,em.com.br,display.bidder.taboola.com,request,2.6-202606,openrtb.type.mismatch,error,imp[10].bidfloor,3.2.4
p001113,fox11online.com,display.bidder.taboola.com,request,2.6-202606,openrtb.field.moved,error,regs.ext.gdpr,Section 3.2.3
p001114,fox11online.com,display.bidder.taboola.com,request,2.6-202606,openrtb.field.moved,error,regs.ext.gdpr,Section 3.2.3
p001115,loksatta.com,display.bidder.taboola.com,request,2.6-202606,openrtb.type.mismatch,error,imp[0].bidfloor,3.2.4
p001115,loksatta.com,display.bidder.taboola.com,request,2.6-202606,openrtb.type.mismatch,error,imp[1].bidfloor,3.2.4
p001115,loksatta.com,display.bidder.taboola.com,request,2.6-202606,openrtb.type.mismatch,error,imp[2].bidfloor,3.2.4
p001115,loksatta.com,display.bidder.taboola.com,request,2.6-202606,openrtb.type.mismatch,error,imp[3].bidfloor,3.2.4
p001115,loksatta.com,display.bidder.taboola.com,request,2.6-202606,openrtb.type.mismatch,error,imp[4].bidfloor,3.2.4
p001115,loksatta.com,display.bidder.taboola.com,request,2.6-202606,openrtb.type.mismatch,error,imp[5].bidfloor,3.2.4
p001115,loksatta.com,display.bidder.taboola.com,request,2.6-202606,openrtb.type.mismatch,error,imp[6].bidfloor,3.2.4
p001115,loksatta.com,display.bidder.taboola.com,request,2.6-202606,openrtb.type.mismatch,error,imp[7].bidfloor,3.2.4
p001120,nbcconnecticut.com,display.bidder.taboola.com,request,2.6-202606,openrtb.type.mismatch,error,imp[0].bidfloor,3.2.4
p001120,nbcconnecticut.com,display.bidder.taboola.com,request,2.6-202606,openrtb.type.mismatch,error,user.buyeruid,3.2.20
p001121,nbcconnecticut.com,display.bidder.taboola.com,request,2.6-202606,openrtb.type.mismatch,error,imp[0].bidfloor,3.2.4
p001121,nbcconnecticut.com,display.bidder.taboola.com,request,2.6-202606,openrtb.type.mismatch,error,user.buyeruid,3.2.20
p001122,nbcconnecticut.com,display.bidder.taboola.com,request,2.6-202606,openrtb.type.mismatch,error,imp[0].bidfloor,3.2.4
p001122,nbcconnecticut.com,display.bidder.taboola.com,request,2.6-202606,openrtb.type.mismatch,error,user.buyeruid,3.2.20
p001123,nbcconnecticut.com,display.bidder.taboola.com,request,2.6-202606,openrtb.type.mismatch,error,imp[0].bidfloor,3.2.4
p001123,nbcconnecticut.com,display.bidder.taboola.com,request,2.6-202606,openrtb.type.mismatch,error,user.buyeruid,3.2.20
p001124,nbcconnecticut.com,display.bidder.taboola.com,request,2.6-202606,openrtb.type.mismatch,error,imp[0].bidfloor,3.2.4
p001124,nbcconnecticut.com,display.bidder.taboola.com,request,2.6-202606,openrtb.type.mismatch,error,user.buyeruid,3.2.20
p001125,nbcconnecticut.com,display.bidder.taboola.com,request,2.6-202606,openrtb.type.mismatch,error,imp[0].bidfloor,3.2.4
p001125,nbcconnecticut.com,display.bidder.taboola.com,request,2.6-202606,openrtb.type.mismatch,error,user.buyeruid,3.2.20
p001126,nbcconnecticut.com,display.bidder.taboola.com,request,2.6-202606,openrtb.type.mismatch,error,imp[0].bidfloor,3.2.4
p001126,nbcconnecticut.com,display.bidder.taboola.com,request,2.6-202606,openrtb.type.mismatch,error,user.buyeruid,3.2.20
p001127,nbcconnecticut.com,display.bidder.taboola.com,request,2.6-202606,openrtb.type.mismatch,error,imp[0].bidfloor,3.2.4
p001127,nbcconnecticut.com,display.bidder.taboola.com,request,2.6-202606,openrtb.type.mismatch,error,user.buyeruid,3.2.20
p001128,nbcconnecticut.com,display.bidder.taboola.com,request,2.6-202606,openrtb.type.mismatch,error,imp[0].bidfloor,3.2.4
p001128,nbcconnecticut.com,display.bidder.taboola.com,request,2.6-202606,openrtb.type.mismatch,error,user.buyeruid,3.2.20
p001129,rawstory.com,display.bidder.taboola.com,request,2.6-202606,openrtb.field.moved,error,regs.ext.gdpr,Section 3.2.3
p001129,rawstory.com,display.bidder.taboola.com,request,2.6-202606,openrtb.field.moved,error,user.ext.consent,Section 3.2.20
p001130,rawstory.com,display.bidder.taboola.com,request,2.6-202606,openrtb.field.moved,error,regs.ext.gdpr,Section 3.2.3
p001130,rawstory.com,display.bidder.taboola.com,request,2.6-202606,openrtb.field.moved,error,user.ext.consent,Section 3.2.20
p001131,rawstory.com,display.bidder.taboola.com,request,2.6-202606,openrtb.field.moved,error,regs.ext.gdpr,Section 3.2.3
p001131,rawstory.com,display.bidder.taboola.com,request,2.6-202606,openrtb.field.moved,error,user.ext.consent,Section 3.2.20
p001132,rawstory.com,display.bidder.taboola.com,request,2.6-202606,openrtb.field.moved,error,regs.ext.gdpr,Section 3.2.3
p001132,rawstory.com,display.bidder.taboola.com,request,2.6-202606,openrtb.field.moved,error,user.ext.consent,Section 3.2.20
p001133,sozcu.com.tr,display.bidder.taboola.com,request,2.6-202606,openrtb.type.mismatch,error,imp[0].bidfloor,3.2.4
p001133,sozcu.com.tr,display.bidder.taboola.com,request,2.6-202606,openrtb.type.mismatch,error,imp[1].bidfloor,3.2.4
p001133,sozcu.com.tr,display.bidder.taboola.com,request,2.6-202606,openrtb.type.mismatch,error,imp[2].bidfloor,3.2.4
p001133,sozcu.com.tr,display.bidder.taboola.com,request,2.6-202606,openrtb.type.mismatch,error,imp[3].bidfloor,3.2.4
p001133,sozcu.com.tr,display.bidder.taboola.com,request,2.6-202606,openrtb.type.mismatch,error,site.id,3.2.13
p001133,sozcu.com.tr,display.bidder.taboola.com,request,2.6-202606,openrtb.type.mismatch,error,site.name,3.2.13
p001133,sozcu.com.tr,display.bidder.taboola.com,request,2.6-202606,openrtb.type.mismatch,error,site.publisher.id,3.2.15
p001133,sozcu.com.tr,display.bidder.taboola.com,request,2.6-202606,openrtb.type.mismatch,error,user.buyeruid,3.2.20
p001134,sozcu.com.tr,display.bidder.taboola.com,request,2.6-202606,openrtb.type.mismatch,error,imp[0].bidfloor,3.2.4
p001134,sozcu.com.tr,display.bidder.taboola.com,request,2.6-202606,openrtb.type.mismatch,error,site.id,3.2.13
p001134,sozcu.com.tr,display.bidder.taboola.com,request,2.6-202606,openrtb.type.mismatch,error,site.name,3.2.13
p001134,sozcu.com.tr,display.bidder.taboola.com,request,2.6-202606,openrtb.type.mismatch,error,site.publisher.id,3.2.15
p001134,sozcu.com.tr,display.bidder.taboola.com,request,2.6-202606,openrtb.type.mismatch,error,user.buyeruid,3.2.20
p001135,sozcu.com.tr,display.bidder.taboola.com,request,2.6-202606,openrtb.type.mismatch,error,imp[0].bidfloor,3.2.4
p001135,sozcu.com.tr,display.bidder.taboola.com,request,2.6-202606,openrtb.type.mismatch,error,site.id,3.2.13
p001135,sozcu.com.tr,display.bidder.taboola.com,request,2.6-202606,openrtb.type.mismatch,error,site.name,3.2.13
p001135,sozcu.com.tr,display.bidder.taboola.com,request,2.6-202606,openrtb.type.mismatch,error,site.publisher.id,3.2.15
p001136,sozcu.com.tr,display.bidder.taboola.com,request,2.6-202606,openrtb.type.mismatch,error,imp[0].bidfloor,3.2.4
p001136,sozcu.com.tr,display.bidder.taboola.com,request,2.6-202606,openrtb.type.mismatch,error,site.id,3.2.13
p001136,sozcu.com.tr,display.bidder.taboola.com,request,2.6-202606,openrtb.type.mismatch,error,site.name,3.2.13
p001136,sozcu.com.tr,display.bidder.taboola.com,request,2.6-202606,openrtb.type.mismatch,error,site.publisher.id,3.2.15
p001137,sozcu.com.tr,display.bidder.taboola.com,request,2.6-202606,openrtb.type.mismatch,error,imp[0].bidfloor,3.2.4
p001137,sozcu.com.tr,display.bidder.taboola.com,request,2.6-202606,openrtb.type.mismatch,error,imp[1].bidfloor,3.2.4
p001137,sozcu.com.tr,display.bidder.taboola.com,request,2.6-202606,openrtb.type.mismatch,error,imp[2].bidfloor,3.2.4
p001137,sozcu.com.tr,display.bidder.taboola.com,request,2.6-202606,openrtb.type.mismatch,error,imp[3].bidfloor,3.2.4
p001137,sozcu.com.tr,display.bidder.taboola.com,request,2.6-202606,openrtb.type.mismatch,error,site.id,3.2.13
p001137,sozcu.com.tr,display.bidder.taboola.com,request,2.6-202606,openrtb.type.mismatch,error,site.name,3.2.13
p001137,sozcu.com.tr,display.bidder.taboola.com,request,2.6-202606,openrtb.type.mismatch,error,site.publisher.id,3.2.15
p001138,sozcu.com.tr,display.bidder.taboola.com,request,2.6-202606,openrtb.type.mismatch,error,imp[0].bidfloor,3.2.4
p001138,sozcu.com.tr,display.bidder.taboola.com,request,2.6-202606,openrtb.type.mismatch,error,site.id,3.2.13
p001138,sozcu.com.tr,display.bidder.taboola.com,request,2.6-202606,openrtb.type.mismatch,error,site.name,3.2.13
p001138,sozcu.com.tr,display.bidder.taboola.com,request,2.6-202606,openrtb.type.mismatch,error,site.publisher.id,3.2.15
p001139,sozcu.com.tr,display.bidder.taboola.com,request,2.6-202606,openrtb.type.mismatch,error,imp[0].bidfloor,3.2.4
p001139,sozcu.com.tr,display.bidder.taboola.com,request,2.6-202606,openrtb.type.mismatch,error,site.id,3.2.13
p001139,sozcu.com.tr,display.bidder.taboola.com,request,2.6-202606,openrtb.type.mismatch,error,site.name,3.2.13
p001139,sozcu.com.tr,display.bidder.taboola.com,request,2.6-202606,openrtb.type.mismatch,error,site.publisher.id,3.2.15
p001142,em.com.br,display.bidder.taboola.com,response,2.6-202606,openrtb.bid.mtype_missing,warning,seatbid[0].bid[0].mtype,4.2.3
p001142,em.com.br,display.bidder.taboola.com,response,2.6-202606,openrtb.bid.mtype_missing,warning,seatbid[0].bid[1].mtype,4.2.3
p001142,em.com.br,display.bidder.taboola.com,response,2.6-202606,openrtb.bid.mtype_missing,warning,seatbid[0].bid[2].mtype,4.2.3
p001142,em.com.br,display.bidder.taboola.com,response,2.6-202606,openrtb.bid.mtype_missing,warning,seatbid[0].bid[3].mtype,4.2.3
p001142,em.com.br,display.bidder.taboola.com,response,2.6-202606,openrtb.bid.mtype_missing,warning,seatbid[0].bid[4].mtype,4.2.3
p001142,em.com.br,display.bidder.taboola.com,response,2.6-202606,openrtb.bid.mtype_missing,warning,seatbid[0].bid[5].mtype,4.2.3
p001142,em.com.br,display.bidder.taboola.com,response,2.6-202606,openrtb.bid.mtype_missing,warning,seatbid[0].bid[6].mtype,4.2.3
p001142,em.com.br,display.bidder.taboola.com,response,2.6-202606,openrtb.bid.mtype_missing,warning,seatbid[0].bid[7].mtype,4.2.3
p001142,em.com.br,display.bidder.taboola.com,response,2.6-202606,openrtb.bid.mtype_missing,warning,seatbid[0].bid[8].mtype,4.2.3
p001142,em.com.br,display.bidder.taboola.com,response,2.6-202606,openrtb.bid.mtype_missing,warning,seatbid[0].bid[9].mtype,4.2.3
p001142,em.com.br,display.bidder.taboola.com,response,2.6-202606,openrtb.bid.mtype_missing,warning,seatbid[0].bid[10].mtype,4.2.3
p001143,em.com.br,display.bidder.taboola.com,response,2.6-202606,openrtb.bid.mtype_missing,warning,seatbid[0].bid[0].mtype,4.2.3
p001144,em.com.br,display.bidder.taboola.com,response,2.6-202606,openrtb.bid.mtype_missing,warning,seatbid[0].bid[0].mtype,4.2.3
p001145,em.com.br,display.bidder.taboola.com,response,2.6-202606,openrtb.bid.mtype_missing,warning,seatbid[0].bid[0].mtype,4.2.3
p001146,em.com.br,display.bidder.taboola.com,response,2.6-202606,openrtb.bid.mtype_missing,warning,seatbid[0].bid[0].mtype,4.2.3
p001146,em.com.br,display.bidder.taboola.com,response,2.6-202606,openrtb.bid.mtype_missing,warning,seatbid[0].bid[1].mtype,4.2.3
p001146,em.com.br,display.bidder.taboola.com,response,2.6-202606,openrtb.bid.mtype_missing,warning,seatbid[0].bid[2].mtype,4.2.3
p001146,em.com.br,display.bidder.taboola.com,response,2.6-202606,openrtb.bid.mtype_missing,warning,seatbid[0].bid[3].mtype,4.2.3
p001146,em.com.br,display.bidder.taboola.com,response,2.6-202606,openrtb.bid.mtype_missing,warning,seatbid[0].bid[4].mtype,4.2.3
p001147,montgomeryadvertiser.com,display.bidder.taboola.com,response,2.6-202606,openrtb.bid.mtype_missing,warning,seatbid[0].bid[0].mtype,4.2.3
p001148,autoexpress.co.uk,elb.the-ozone-project.com,request,2.5,openrtb.field.undefined,error,imp[0].placementId,3.2.4
p001149,autoexpress.co.uk,elb.the-ozone-project.com,request,2.5,openrtb.field.undefined,error,imp[0].placementId,3.2.4
p001150,autoexpress.co.uk,elb.the-ozone-project.com,request,2.5,openrtb.field.undefined,error,imp[0].placementId,3.2.4
p001151,autoexpress.co.uk,elb.the-ozone-project.com,request,2.5,openrtb.field.undefined,error,imp[0].placementId,3.2.4
p001152,autoexpress.co.uk,elb.the-ozone-project.com,request,2.5,openrtb.field.undefined,error,imp[0].placementId,3.2.4
p001153,autoexpress.co.uk,elb.the-ozone-project.com,request,2.5,openrtb.field.undefined,error,imp[0].placementId,3.2.4
p001154,businessinsider.com,elb.the-ozone-project.com,request,2.5,openrtb.field.undefined,error,imp[0].placementId,3.2.4
p001155,businessinsider.com,elb.the-ozone-project.com,request,2.5,openrtb.field.undefined,error,imp[0].floor,3.2.4
p001155,businessinsider.com,elb.the-ozone-project.com,request,2.5,openrtb.field.undefined,error,imp[0].placementId,3.2.4
p001156,businessinsider.com,elb.the-ozone-project.com,request,2.5,openrtb.field.undefined,error,imp[0].floor,3.2.4
p001156,businessinsider.com,elb.the-ozone-project.com,request,2.5,openrtb.field.undefined,error,imp[0].placementId,3.2.4
p001157,businessinsider.com,elb.the-ozone-project.com,request,2.5,openrtb.field.undefined,error,imp[0].floor,3.2.4
p001157,businessinsider.com,elb.the-ozone-project.com,request,2.5,openrtb.field.undefined,error,imp[0].placementId,3.2.4
p001158,giantfreakinrobot.com,elb.the-ozone-project.com,request,2.5,openrtb.field.undefined,error,imp[0].placementId,3.2.4
p001159,giantfreakinrobot.com,elb.the-ozone-project.com,request,2.5,openrtb.field.undefined,error,imp[0].placementId,3.2.4
p001159,giantfreakinrobot.com,elb.the-ozone-project.com,request,2.5,openrtb.field.undefined,error,imp[0].video.plcmt,3.2.7
p001159,giantfreakinrobot.com,elb.the-ozone-project.com,request,2.5,openrtb.field.undefined,error,imp[1].placementId,3.2.4
p001160,giantfreakinrobot.com,elb.the-ozone-project.com,request,2.5,openrtb.field.undefined,error,imp[0].placementId,3.2.4
p001160,giantfreakinrobot.com,elb.the-ozone-project.com,request,2.5,openrtb.field.undefined,error,imp[1].placementId,3.2.4
p001161,howlongtobeat.com,elb.the-ozone-project.com,request,2.5,openrtb.field.undefined,error,imp[0].placementId,3.2.4
p001161,howlongtobeat.com,elb.the-ozone-project.com,request,2.5,openrtb.field.undefined,error,imp[1].placementId,3.2.4
p001161,howlongtobeat.com,elb.the-ozone-project.com,request,2.5,openrtb.field.undefined,error,imp[2].placementId,3.2.4
p001161,howlongtobeat.com,elb.the-ozone-project.com,request,2.5,openrtb.field.undefined,error,imp[3].placementId,3.2.4
p001162,nesn.com,elb.the-ozone-project.com,request,2.5,openrtb.field.undefined,error,device.sua,3.2.18
p001162,nesn.com,elb.the-ozone-project.com,request,2.5,openrtb.field.undefined,error,imp[0].placementId,3.2.4
p001163,nesn.com,elb.the-ozone-project.com,request,2.5,openrtb.field.undefined,error,device.sua,3.2.18
p001163,nesn.com,elb.the-ozone-project.com,request,2.5,openrtb.field.undefined,error,imp[0].placementId,3.2.4
p001164,nesn.com,elb.the-ozone-project.com,request,2.5,openrtb.field.undefined,error,device.sua,3.2.18
p001164,nesn.com,elb.the-ozone-project.com,request,2.5,openrtb.field.undefined,error,imp[0].placementId,3.2.4
p001164,nesn.com,elb.the-ozone-project.com,request,2.5,openrtb.field.undefined,error,imp[1].placementId,3.2.4
p001164,nesn.com,elb.the-ozone-project.com,request,2.5,openrtb.field.undefined,error,imp[2].placementId,3.2.4
p001165,nintendoeverything.com,elb.the-ozone-project.com,request,2.5,openrtb.field.undefined,error,imp[0].placementId,3.2.4
p001165,nintendoeverything.com,elb.the-ozone-project.com,request,2.5,openrtb.field.undefined,error,imp[1].placementId,3.2.4
p001165,nintendoeverything.com,elb.the-ozone-project.com,request,2.5,openrtb.field.undefined,error,imp[2].placementId,3.2.4
p001165,nintendoeverything.com,elb.the-ozone-project.com,request,2.5,openrtb.field.undefined,error,imp[2].video.plcmt,3.2.7
p001166,nintendoeverything.com,elb.the-ozone-project.com,request,2.5,openrtb.field.undefined,error,imp[0].placementId,3.2.4
p001166,nintendoeverything.com,elb.the-ozone-project.com,request,2.5,openrtb.field.undefined,error,imp[1].placementId,3.2.4
p001166,nintendoeverything.com,elb.the-ozone-project.com,request,2.5,openrtb.field.undefined,error,imp[2].placementId,3.2.4
p001166,nintendoeverything.com,elb.the-ozone-project.com,request,2.5,openrtb.field.undefined,error,imp[2].video.plcmt,3.2.7
p001166,nintendoeverything.com,elb.the-ozone-project.com,request,2.5,openrtb.field.undefined,error,imp[3].placementId,3.2.4
p001166,nintendoeverything.com,elb.the-ozone-project.com,request,2.5,openrtb.field.undefined,error,imp[4].placementId,3.2.4
p001166,nintendoeverything.com,elb.the-ozone-project.com,request,2.5,openrtb.field.undefined,error,imp[4].video.plcmt,3.2.7
p001166,nintendoeverything.com,elb.the-ozone-project.com,request,2.5,openrtb.field.undefined,error,imp[5].placementId,3.2.4
p001167,nintendoeverything.com,elb.the-ozone-project.com,request,2.5,openrtb.field.undefined,error,imp[0].placementId,3.2.4
p001167,nintendoeverything.com,elb.the-ozone-project.com,request,2.5,openrtb.field.undefined,error,imp[1].placementId,3.2.4
p001167,nintendoeverything.com,elb.the-ozone-project.com,request,2.5,openrtb.field.undefined,error,imp[1].video.plcmt,3.2.7
p001167,nintendoeverything.com,elb.the-ozone-project.com,request,2.5,openrtb.field.undefined,error,imp[2].placementId,3.2.4
p001168,nintendoeverything.com,elb.the-ozone-project.com,request,2.5,openrtb.field.undefined,error,imp[0].placementId,3.2.4
p001168,nintendoeverything.com,elb.the-ozone-project.com,request,2.5,openrtb.field.undefined,error,imp[0].video.plcmt,3.2.7
p001168,nintendoeverything.com,elb.the-ozone-project.com,request,2.5,openrtb.field.undefined,error,imp[1].placementId,3.2.4
p001169,nintendoeverything.com,elb.the-ozone-project.com,request,2.5,openrtb.field.undefined,error,imp[0].placementId,3.2.4
p001169,nintendoeverything.com,elb.the-ozone-project.com,request,2.5,openrtb.field.undefined,error,imp[1].placementId,3.2.4
p001169,nintendoeverything.com,elb.the-ozone-project.com,request,2.5,openrtb.field.undefined,error,imp[1].video.plcmt,3.2.7
p001170,nintendoeverything.com,elb.the-ozone-project.com,request,2.5,openrtb.field.undefined,error,imp[0].placementId,3.2.4
p001170,nintendoeverything.com,elb.the-ozone-project.com,request,2.5,openrtb.field.undefined,error,imp[1].placementId,3.2.4
p001170,nintendoeverything.com,elb.the-ozone-project.com,request,2.5,openrtb.field.undefined,error,imp[2].placementId,3.2.4
p001170,nintendoeverything.com,elb.the-ozone-project.com,request,2.5,openrtb.field.undefined,error,imp[2].video.plcmt,3.2.7
p001170,nintendoeverything.com,elb.the-ozone-project.com,request,2.5,openrtb.field.undefined,error,imp[3].placementId,3.2.4
p001170,nintendoeverything.com,elb.the-ozone-project.com,request,2.5,openrtb.field.undefined,error,imp[4].placementId,3.2.4
p001170,nintendoeverything.com,elb.the-ozone-project.com,request,2.5,openrtb.field.undefined,error,imp[4].video.plcmt,3.2.7
p001170,nintendoeverything.com,elb.the-ozone-project.com,request,2.5,openrtb.field.undefined,error,imp[5].placementId,3.2.4
p001170,nintendoeverything.com,elb.the-ozone-project.com,request,2.5,openrtb.field.undefined,error,imp[6].placementId,3.2.4
p001170,nintendoeverything.com,elb.the-ozone-project.com,request,2.5,openrtb.field.undefined,error,imp[7].placementId,3.2.4
p001170,nintendoeverything.com,elb.the-ozone-project.com,request,2.5,openrtb.field.undefined,error,imp[7].video.plcmt,3.2.7
p001170,nintendoeverything.com,elb.the-ozone-project.com,request,2.5,openrtb.field.undefined,error,imp[8].placementId,3.2.4
p001171,nintendoeverything.com,elb.the-ozone-project.com,request,2.5,openrtb.field.undefined,error,imp[0].placementId,3.2.4
p001171,nintendoeverything.com,elb.the-ozone-project.com,request,2.5,openrtb.field.undefined,error,imp[0].video.plcmt,3.2.7
p001171,nintendoeverything.com,elb.the-ozone-project.com,request,2.5,openrtb.field.undefined,error,imp[1].placementId,3.2.4
p001172,nintendoeverything.com,elb.the-ozone-project.com,request,2.5,openrtb.field.undefined,error,imp[0].placementId,3.2.4
p001172,nintendoeverything.com,elb.the-ozone-project.com,request,2.5,openrtb.field.undefined,error,imp[0].video.plcmt,3.2.7
p001173,nintendoeverything.com,elb.the-ozone-project.com,request,2.5,openrtb.field.undefined,error,imp[0].placementId,3.2.4
p001173,nintendoeverything.com,elb.the-ozone-project.com,request,2.5,openrtb.field.undefined,error,imp[0].video.plcmt,3.2.7
p001174,thesun.ie,elb.the-ozone-project.com,request,2.5,openrtb.field.undefined,error,imp[0].floor,3.2.4
p001174,thesun.ie,elb.the-ozone-project.com,request,2.5,openrtb.field.undefined,error,imp[0].placementId,3.2.4
p001174,thesun.ie,elb.the-ozone-project.com,request,2.5,openrtb.field.undefined,error,imp[1].floor,3.2.4
p001174,thesun.ie,elb.the-ozone-project.com,request,2.5,openrtb.field.undefined,error,imp[1].placementId,3.2.4
p001174,thesun.ie,elb.the-ozone-project.com,request,2.5,openrtb.field.undefined,error,imp[2].floor,3.2.4
p001174,thesun.ie,elb.the-ozone-project.com,request,2.5,openrtb.field.undefined,error,imp[2].placementId,3.2.4
p001174,thesun.ie,elb.the-ozone-project.com,request,2.5,openrtb.field.undefined,error,imp[3].floor,3.2.4
p001174,thesun.ie,elb.the-ozone-project.com,request,2.5,openrtb.field.undefined,error,imp[3].placementId,3.2.4
p001174,thesun.ie,elb.the-ozone-project.com,request,2.5,openrtb.field.undefined,error,imp[4].floor,3.2.4
p001174,thesun.ie,elb.the-ozone-project.com,request,2.5,openrtb.field.undefined,error,imp[4].placementId,3.2.4
p001174,thesun.ie,elb.the-ozone-project.com,request,2.5,openrtb.field.undefined,error,imp[5].floor,3.2.4
p001174,thesun.ie,elb.the-ozone-project.com,request,2.5,openrtb.field.undefined,error,imp[5].placementId,3.2.4
p001174,thesun.ie,elb.the-ozone-project.com,request,2.5,openrtb.field.undefined,error,imp[6].floor,3.2.4
p001174,thesun.ie,elb.the-ozone-project.com,request,2.5,openrtb.field.undefined,error,imp[6].placementId,3.2.4
p001174,thesun.ie,elb.the-ozone-project.com,request,2.5,openrtb.field.undefined,error,imp[7].floor,3.2.4
p001174,thesun.ie,elb.the-ozone-project.com,request,2.5,openrtb.field.undefined,error,imp[7].placementId,3.2.4
p001174,thesun.ie,elb.the-ozone-project.com,request,2.5,openrtb.field.undefined,error,imp[8].floor,3.2.4
p001174,thesun.ie,elb.the-ozone-project.com,request,2.5,openrtb.field.undefined,error,imp[8].placementId,3.2.4
p001174,thesun.ie,elb.the-ozone-project.com,request,2.5,openrtb.field.undefined,error,imp[9].floor,3.2.4
p001174,thesun.ie,elb.the-ozone-project.com,request,2.5,openrtb.field.undefined,error,imp[9].placementId,3.2.4
p001175,thesun.ie,elb.the-ozone-project.com,request,2.5,openrtb.field.undefined,error,imp[0].floor,3.2.4
p001175,thesun.ie,elb.the-ozone-project.com,request,2.5,openrtb.field.undefined,error,imp[0].placementId,3.2.4
p001175,thesun.ie,elb.the-ozone-project.com,request,2.5,openrtb.field.undefined,error,imp[1].floor,3.2.4
p001175,thesun.ie,elb.the-ozone-project.com,request,2.5,openrtb.field.undefined,error,imp[1].placementId,3.2.4
p001176,thesun.ie,elb.the-ozone-project.com,request,2.5,openrtb.field.undefined,error,imp[0].floor,3.2.4
p001176,thesun.ie,elb.the-ozone-project.com,request,2.5,openrtb.field.undefined,error,imp[0].placementId,3.2.4
p001176,thesun.ie,elb.the-ozone-project.com,request,2.5,openrtb.field.undefined,error,imp[1].floor,3.2.4
p001176,thesun.ie,elb.the-ozone-project.com,request,2.5,openrtb.field.undefined,error,imp[1].placementId,3.2.4
p001177,thesun.ie,elb.the-ozone-project.com,request,2.5,openrtb.field.undefined,error,imp[0].floor,3.2.4
p001177,thesun.ie,elb.the-ozone-project.com,request,2.5,openrtb.field.undefined,error,imp[0].placementId,3.2.4
p001177,thesun.ie,elb.the-ozone-project.com,request,2.5,openrtb.field.undefined,error,imp[1].floor,3.2.4
p001177,thesun.ie,elb.the-ozone-project.com,request,2.5,openrtb.field.undefined,error,imp[1].placementId,3.2.4
p001177,thesun.ie,elb.the-ozone-project.com,request,2.5,openrtb.field.undefined,error,imp[2].floor,3.2.4
p001177,thesun.ie,elb.the-ozone-project.com,request,2.5,openrtb.field.undefined,error,imp[2].placementId,3.2.4
p001177,thesun.ie,elb.the-ozone-project.com,request,2.5,openrtb.field.undefined,error,imp[3].floor,3.2.4
p001177,thesun.ie,elb.the-ozone-project.com,request,2.5,openrtb.field.undefined,error,imp[3].placementId,3.2.4
p001177,thesun.ie,elb.the-ozone-project.com,request,2.5,openrtb.field.undefined,error,imp[4].floor,3.2.4
p001177,thesun.ie,elb.the-ozone-project.com,request,2.5,openrtb.field.undefined,error,imp[4].placementId,3.2.4
p001177,thesun.ie,elb.the-ozone-project.com,request,2.5,openrtb.field.undefined,error,imp[5].floor,3.2.4
p001177,thesun.ie,elb.the-ozone-project.com,request,2.5,openrtb.field.undefined,error,imp[5].placementId,3.2.4
p001177,thesun.ie,elb.the-ozone-project.com,request,2.5,openrtb.field.undefined,error,imp[6].floor,3.2.4
p001177,thesun.ie,elb.the-ozone-project.com,request,2.5,openrtb.field.undefined,error,imp[6].placementId,3.2.4
p001177,thesun.ie,elb.the-ozone-project.com,request,2.5,openrtb.field.undefined,error,imp[7].floor,3.2.4
p001177,thesun.ie,elb.the-ozone-project.com,request,2.5,openrtb.field.undefined,error,imp[7].placementId,3.2.4
p001177,thesun.ie,elb.the-ozone-project.com,request,2.5,openrtb.field.undefined,error,imp[8].floor,3.2.4
p001177,thesun.ie,elb.the-ozone-project.com,request,2.5,openrtb.field.undefined,error,imp[8].placementId,3.2.4
p001178,thesun.ie,elb.the-ozone-project.com,request,2.5,openrtb.field.undefined,error,imp[0].floor,3.2.4
p001178,thesun.ie,elb.the-ozone-project.com,request,2.5,openrtb.field.undefined,error,imp[0].placementId,3.2.4
p001178,thesun.ie,elb.the-ozone-project.com,request,2.5,openrtb.field.undefined,error,imp[0].video.plcmt,3.2.7
p001179,thesun.ie,elb.the-ozone-project.com,request,2.5,openrtb.field.undefined,error,imp[0].floor,3.2.4
p001179,thesun.ie,elb.the-ozone-project.com,request,2.5,openrtb.field.undefined,error,imp[0].placementId,3.2.4
p001179,thesun.ie,elb.the-ozone-project.com,request,2.5,openrtb.field.undefined,error,imp[1].floor,3.2.4
p001179,thesun.ie,elb.the-ozone-project.com,request,2.5,openrtb.field.undefined,error,imp[1].placementId,3.2.4
p001180,thesun.ie,elb.the-ozone-project.com,request,2.5,openrtb.field.undefined,error,imp[0].floor,3.2.4
p001180,thesun.ie,elb.the-ozone-project.com,request,2.5,openrtb.field.undefined,error,imp[0].placementId,3.2.4
p001180,thesun.ie,elb.the-ozone-project.com,request,2.5,openrtb.field.undefined,error,imp[1].floor,3.2.4
p001180,thesun.ie,elb.the-ozone-project.com,request,2.5,openrtb.field.undefined,error,imp[1].placementId,3.2.4
p001181,thesun.ie,elb.the-ozone-project.com,request,2.5,openrtb.field.undefined,error,imp[0].floor,3.2.4
p001181,thesun.ie,elb.the-ozone-project.com,request,2.5,openrtb.field.undefined,error,imp[0].placementId,3.2.4
p001181,thesun.ie,elb.the-ozone-project.com,request,2.5,openrtb.field.undefined,error,imp[0].video.plcmt,3.2.7
p001182,thesun.ie,elb.the-ozone-project.com,request,2.5,openrtb.field.undefined,error,imp[0].floor,3.2.4
p001182,thesun.ie,elb.the-ozone-project.com,request,2.5,openrtb.field.undefined,error,imp[0].placementId,3.2.4
p001182,thesun.ie,elb.the-ozone-project.com,request,2.5,openrtb.field.undefined,error,imp[1].floor,3.2.4
p001182,thesun.ie,elb.the-ozone-project.com,request,2.5,openrtb.field.undefined,error,imp[1].placementId,3.2.4
p001183,autoexpress.co.uk,elb.the-ozone-project.com,response,2.6-202606,openrtb.bid.mtype_missing,warning,seatbid[0].bid[0].mtype,4.2.3
p001184,autoexpress.co.uk,elb.the-ozone-project.com,response,2.6-202606,openrtb.bid.mtype_missing,warning,seatbid[0].bid[0].mtype,4.2.3
p001185,autoexpress.co.uk,elb.the-ozone-project.com,response,2.6-202606,openrtb.bid.mtype_missing,warning,seatbid[0].bid[0].mtype,4.2.3
p001186,autoexpress.co.uk,elb.the-ozone-project.com,response,2.6-202606,openrtb.bid.mtype_missing,warning,seatbid[0].bid[0].mtype,4.2.3
p001187,autoexpress.co.uk,elb.the-ozone-project.com,response,2.6-202606,openrtb.bid.mtype_missing,warning,seatbid[0].bid[0].mtype,4.2.3
p001188,autoexpress.co.uk,elb.the-ozone-project.com,response,2.6-202606,openrtb.bid.mtype_missing,warning,seatbid[0].bid[0].mtype,4.2.3
p001196,howlongtobeat.com,elb.the-ozone-project.com,response,2.6-202606,openrtb.bid.mtype_missing,warning,seatbid[0].bid[0].mtype,4.2.3
p001196,howlongtobeat.com,elb.the-ozone-project.com,response,2.6-202606,openrtb.bid.mtype_missing,warning,seatbid[0].bid[1].mtype,4.2.3
p001196,howlongtobeat.com,elb.the-ozone-project.com,response,2.6-202606,openrtb.bid.mtype_missing,warning,seatbid[0].bid[2].mtype,4.2.3
p001196,howlongtobeat.com,elb.the-ozone-project.com,response,2.6-202606,openrtb.bid.mtype_missing,warning,seatbid[0].bid[3].mtype,4.2.3
p001197,nesn.com,elb.the-ozone-project.com,response,2.6-202606,openrtb.bid.mtype_missing,warning,seatbid[0].bid[0].mtype,4.2.3
p001198,nesn.com,elb.the-ozone-project.com,response,2.6-202606,openrtb.bid.mtype_missing,warning,seatbid[0].bid[0].mtype,4.2.3
p001199,nesn.com,elb.the-ozone-project.com,response,2.6-202606,openrtb.bid.mtype_missing,warning,seatbid[0].bid[0].mtype,4.2.3
p001199,nesn.com,elb.the-ozone-project.com,response,2.6-202606,openrtb.bid.mtype_missing,warning,seatbid[0].bid[1].mtype,4.2.3
p001199,nesn.com,elb.the-ozone-project.com,response,2.6-202606,openrtb.bid.mtype_missing,warning,seatbid[0].bid[2].mtype,4.2.3
p001209,thesun.ie,elb.the-ozone-project.com,response,2.6-202606,openrtb.bid.mtype_missing,warning,seatbid[0].bid[0].mtype,4.2.3
p001209,thesun.ie,elb.the-ozone-project.com,response,2.6-202606,openrtb.bid.mtype_missing,warning,seatbid[1].bid[0].mtype,4.2.3
p001210,thesun.ie,elb.the-ozone-project.com,response,2.6-202606,openrtb.bid.mtype_missing,warning,seatbid[0].bid[0].mtype,4.2.3
p001211,thesun.ie,elb.the-ozone-project.com,response,2.6-202606,openrtb.bid.mtype_missing,warning,seatbid[0].bid[0].mtype,4.2.3
p001211,thesun.ie,elb.the-ozone-project.com,response,2.6-202606,openrtb.bid.mtype_missing,warning,seatbid[1].bid[0].mtype,4.2.3
p001212,thesun.ie,elb.the-ozone-project.com,response,2.6-202606,openrtb.bid.mtype_missing,warning,seatbid[0].bid[0].mtype,4.2.3
p001213,genealogy.com,ex.ingage.tech,request,2.6-202606,openrtb.type.mismatch,error,site.ref,3.2.13
p001214,genealogy.com,ex.ingage.tech,request,2.6-202606,openrtb.type.mismatch,error,site.ref,3.2.13
p001215,genealogy.com,ex.ingage.tech,request,2.6-202606,openrtb.type.mismatch,error,site.ref,3.2.13
p001216,genealogy.com,ex.ingage.tech,request,2.6-202606,openrtb.type.mismatch,error,site.ref,3.2.13
p001217,nationaltoday.com,ex.ingage.tech,request,2.6-202606,openrtb.field.moved,error,regs.ext.gdpr,Section 3.2.3
p001217,nationaltoday.com,ex.ingage.tech,request,2.6-202606,openrtb.type.mismatch,error,site.ref,3.2.13
p001218,nationaltoday.com,ex.ingage.tech,request,2.6-202606,openrtb.field.moved,error,regs.ext.gdpr,Section 3.2.3
p001218,nationaltoday.com,ex.ingage.tech,request,2.6-202606,openrtb.type.mismatch,error,site.ref,3.2.13
p001219,nationaltoday.com,ex.ingage.tech,request,2.6-202606,openrtb.field.moved,error,regs.ext.gdpr,Section 3.2.3
p001219,nationaltoday.com,ex.ingage.tech,request,2.6-202606,openrtb.type.mismatch,error,site.ref,3.2.13
p001220,upi.com,ex.ingage.tech,request,2.6-202606,openrtb.type.mismatch,error,site.ref,3.2.13
p001221,upi.com,ex.ingage.tech,request,2.6-202606,openrtb.type.mismatch,error,site.ref,3.2.13
p001230,fox11online.com,exchange.postrelease.com,request,2.6-202606,openrtb.field.deprecated,warning,imp[0].video.placement,Section 3.2.7
p001231,fox11online.com,exchange.postrelease.com,request,2.6-202606,openrtb.field.deprecated,warning,imp[0].video.placement,Section 3.2.7
p001261,chl.ca,exchange.postrelease.com,response,2.6-202606,openrtb.field.undefined,error,seatbid[0].syncUrls,4.2.2
p001262,urbandictionary.com,exchange.postrelease.com,response,2.6-202606,openrtb.field.undefined,error,seatbid[0].syncUrls,4.2.2
p001263,urbandictionary.com,exchange.postrelease.com,response,2.6-202606,openrtb.field.undefined,error,seatbid[0].syncUrls,4.2.2
p001272,nationaltoday.com,fast.nexx360.io,request,2.5,openrtb.field.undefined,error,device.sua,3.2.18
p001272,nationaltoday.com,fast.nexx360.io,request,2.5,openrtb.field.undefined,error,regs.gpp,3.2.3
p001272,nationaltoday.com,fast.nexx360.io,request,2.5,openrtb.field.undefined,error,regs.gpp_sid,3.2.3
p001273,nationaltoday.com,fast.nexx360.io,request,2.5,openrtb.field.undefined,error,device.sua,3.2.18
p001273,nationaltoday.com,fast.nexx360.io,request,2.5,openrtb.field.undefined,error,regs.gpp,3.2.3
p001273,nationaltoday.com,fast.nexx360.io,request,2.5,openrtb.field.undefined,error,regs.gpp_sid,3.2.3
p001274,nationaltoday.com,fast.nexx360.io,request,2.5,openrtb.field.undefined,error,device.sua,3.2.18
p001274,nationaltoday.com,fast.nexx360.io,request,2.5,openrtb.field.undefined,error,regs.gpp,3.2.3
p001274,nationaltoday.com,fast.nexx360.io,request,2.5,openrtb.field.undefined,error,regs.gpp_sid,3.2.3
p001276,tio.ch,fast.nexx360.io,request,2.5,openrtb.field.undefined,error,device.sua,3.2.18
p001276,tio.ch,fast.nexx360.io,request,2.5,openrtb.field.undefined,error,imp[0].video.plcmt,3.2.7
p001277,tio.ch,fast.nexx360.io,request,2.5,openrtb.field.undefined,error,device.sua,3.2.18
p001277,tio.ch,fast.nexx360.io,request,2.5,openrtb.field.undefined,error,imp[0].video.plcmt,3.2.7
p001278,tio.ch,fast.nexx360.io,request,2.5,openrtb.field.undefined,error,device.sua,3.2.18
p001279,tio.ch,fast.nexx360.io,request,2.5,openrtb.field.undefined,error,device.sua,3.2.18
p001280,tio.ch,fast.nexx360.io,request,2.5,openrtb.field.undefined,error,device.sua,3.2.18
p001281,tio.ch,fast.nexx360.io,request,2.5,openrtb.field.undefined,error,device.sua,3.2.18
p001282,tio.ch,fast.nexx360.io,request,2.5,openrtb.field.undefined,error,device.sua,3.2.18
p001283,tio.ch,fast.nexx360.io,request,2.5,openrtb.field.undefined,error,device.sua,3.2.18
p001284,tio.ch,fast.nexx360.io,request,2.5,openrtb.field.undefined,error,device.sua,3.2.18
p001285,tio.ch,fast.nexx360.io,request,2.5,openrtb.field.undefined,error,device.sua,3.2.18
p001286,tio.ch,fast.nexx360.io,request,2.5,openrtb.field.undefined,error,device.sua,3.2.18
p001287,tio.ch,fast.nexx360.io,request,2.5,openrtb.field.undefined,error,device.sua,3.2.18
p001288,tio.ch,fast.nexx360.io,request,2.5,openrtb.field.undefined,error,device.sua,3.2.18
p001289,tio.ch,fast.nexx360.io,request,2.5,openrtb.field.undefined,error,device.sua,3.2.18
p001290,tio.ch,fast.nexx360.io,request,2.5,openrtb.field.undefined,error,device.sua,3.2.18
p001291,vivitusuerte.com,fast.nexx360.io,request,2.5,openrtb.field.undefined,error,device.sua,3.2.18
p001292,elespectador.com,fast.nexx360.io,response,2.6-202606,openrtb.bid.mtype_missing,warning,seatbid[0].bid[0].mtype,4.2.3
p001293,elespectador.com,fast.nexx360.io,response,2.6-202606,openrtb.bid.mtype_missing,warning,seatbid[0].bid[0].mtype,4.2.3
p001294,elespectador.com,fast.nexx360.io,response,2.6-202606,openrtb.bid.mtype_missing,warning,seatbid[0].bid[0].mtype,4.2.3
p001295,elespectador.com,fast.nexx360.io,response,2.6-202606,openrtb.bid.mtype_missing,warning,seatbid[0].bid[0].mtype,4.2.3
p001296,elespectador.com,fast.nexx360.io,response,2.6-202606,openrtb.bid.mtype_missing,warning,seatbid[0].bid[0].mtype,4.2.3
p001297,elespectador.com,fast.nexx360.io,response,2.6-202606,openrtb.bid.mtype_missing,warning,seatbid[0].bid[0].mtype,4.2.3
p001298,elespectador.com,fast.nexx360.io,response,2.6-202606,openrtb.bid.mtype_missing,warning,seatbid[0].bid[0].mtype,4.2.3
p001299,elespectador.com,fast.nexx360.io,response,2.6-202606,openrtb.bid.mtype_missing,warning,seatbid[0].bid[0].mtype,4.2.3
p001300,nationaltoday.com,fast.nexx360.io,response,2.6-202606,openrtb.response.seatbid_or_nbr.required,error,seatbid,4.2.1
p001301,nationaltoday.com,fast.nexx360.io,response,2.6-202606,openrtb.response.seatbid_or_nbr.required,error,seatbid,4.2.1
p001302,nationaltoday.com,fast.nexx360.io,response,2.6-202606,openrtb.response.seatbid_or_nbr.required,error,seatbid,4.2.1
p001303,tio.ch,fast.nexx360.io,response,2.6-202606,openrtb.response.seatbid_or_nbr.required,error,seatbid,4.2.1
p001304,tio.ch,fast.nexx360.io,response,2.6-202606,openrtb.response.seatbid_or_nbr.required,error,seatbid,4.2.1
p001305,tio.ch,fast.nexx360.io,response,2.6-202606,openrtb.response.seatbid_or_nbr.required,error,seatbid,4.2.1
p001306,tio.ch,fast.nexx360.io,response,2.6-202606,openrtb.response.seatbid_or_nbr.required,error,seatbid,4.2.1
p001307,tio.ch,fast.nexx360.io,response,2.6-202606,openrtb.response.seatbid_or_nbr.required,error,seatbid,4.2.1
p001308,tio.ch,fast.nexx360.io,response,2.6-202606,openrtb.response.seatbid_or_nbr.required,error,seatbid,4.2.1
p001309,tio.ch,fast.nexx360.io,response,2.6-202606,openrtb.response.seatbid_or_nbr.required,error,seatbid,4.2.1
p001310,tio.ch,fast.nexx360.io,response,2.6-202606,openrtb.response.seatbid_or_nbr.required,error,seatbid,4.2.1
p001311,tio.ch,fast.nexx360.io,response,2.6-202606,openrtb.response.seatbid_or_nbr.required,error,seatbid,4.2.1
p001312,tio.ch,fast.nexx360.io,response,2.6-202606,openrtb.response.seatbid_or_nbr.required,error,seatbid,4.2.1
p001313,tio.ch,fast.nexx360.io,response,2.6-202606,openrtb.response.seatbid_or_nbr.required,error,seatbid,4.2.1
p001314,tio.ch,fast.nexx360.io,response,2.6-202606,openrtb.response.seatbid_or_nbr.required,error,seatbid,4.2.1
p001315,tio.ch,fast.nexx360.io,response,2.6-202606,openrtb.response.seatbid_or_nbr.required,error,seatbid,4.2.1
p001316,tio.ch,fast.nexx360.io,response,2.6-202606,openrtb.response.seatbid_or_nbr.required,error,seatbid,4.2.1
p001317,tio.ch,fast.nexx360.io,response,2.6-202606,openrtb.response.seatbid_or_nbr.required,error,seatbid,4.2.1
p001318,vivitusuerte.com,fast.nexx360.io,response,2.6-202606,openrtb.response.seatbid_or_nbr.required,error,seatbid,4.2.1
p001343,cityam.com,fastlane.rubiconproject.com,request,2.6-202606,openrtb.field.moved,error,regs.ext.gdpr,Section 3.2.3
p001344,cityam.com,fastlane.rubiconproject.com,request,2.6-202606,openrtb.field.moved,error,regs.ext.gdpr,Section 3.2.3
p001345,elespectador.com,fastlane.rubiconproject.com,request,2.6-202606,openrtb.field.moved,error,regs.ext.gdpr,Section 3.2.3
p001345,elespectador.com,fastlane.rubiconproject.com,request,2.6-202606,openrtb.field.moved,error,user.ext.consent,Section 3.2.20
p001346,elespectador.com,fastlane.rubiconproject.com,request,2.6-202606,openrtb.field.deprecated,warning,imp[0].video.placement,Section 3.2.7
p001346,elespectador.com,fastlane.rubiconproject.com,request,2.6-202606,openrtb.field.deprecated,warning,imp[1].video.placement,Section 3.2.7
p001346,elespectador.com,fastlane.rubiconproject.com,request,2.6-202606,openrtb.field.moved,error,regs.ext.gdpr,Section 3.2.3
p001346,elespectador.com,fastlane.rubiconproject.com,request,2.6-202606,openrtb.field.moved,error,user.ext.consent,Section 3.2.20
p001347,elespectador.com,fastlane.rubiconproject.com,request,2.6-202606,openrtb.field.moved,error,regs.ext.gdpr,Section 3.2.3
p001347,elespectador.com,fastlane.rubiconproject.com,request,2.6-202606,openrtb.field.moved,error,user.ext.consent,Section 3.2.20
p001348,elespectador.com,fastlane.rubiconproject.com,request,2.6-202606,openrtb.field.deprecated,warning,imp[0].video.placement,Section 3.2.7
p001348,elespectador.com,fastlane.rubiconproject.com,request,2.6-202606,openrtb.field.deprecated,warning,imp[1].video.placement,Section 3.2.7
p001348,elespectador.com,fastlane.rubiconproject.com,request,2.6-202606,openrtb.field.moved,error,regs.ext.gdpr,Section 3.2.3
p001348,elespectador.com,fastlane.rubiconproject.com,request,2.6-202606,openrtb.field.moved,error,user.ext.consent,Section 3.2.20
p001349,elespectador.com,fastlane.rubiconproject.com,request,2.6-202606,openrtb.field.moved,error,regs.ext.gdpr,Section 3.2.3
p001349,elespectador.com,fastlane.rubiconproject.com,request,2.6-202606,openrtb.field.moved,error,user.ext.consent,Section 3.2.20
p001350,elespectador.com,fastlane.rubiconproject.com,request,2.6-202606,openrtb.field.deprecated,warning,imp[0].video.placement,Section 3.2.7
p001350,elespectador.com,fastlane.rubiconproject.com,request,2.6-202606,openrtb.field.deprecated,warning,imp[1].video.placement,Section 3.2.7
p001350,elespectador.com,fastlane.rubiconproject.com,request,2.6-202606,openrtb.field.moved,error,regs.ext.gdpr,Section 3.2.3
p001350,elespectador.com,fastlane.rubiconproject.com,request,2.6-202606,openrtb.field.moved,error,user.ext.consent,Section 3.2.20
p001358,falstaff.com,fastlane.rubiconproject.com,request,2.6-202606,openrtb.field.moved,error,regs.ext.gdpr,Section 3.2.3
p001359,fox11online.com,fastlane.rubiconproject.com,request,2.6-202606,openrtb.field.deprecated,warning,imp[0].video.placement,Section 3.2.7
p001359,fox11online.com,fastlane.rubiconproject.com,request,2.6-202606,openrtb.field.moved,error,regs.ext.gdpr,Section 3.2.3
p001360,fox11online.com,fastlane.rubiconproject.com,request,2.6-202606,openrtb.field.moved,error,regs.ext.gdpr,Section 3.2.3
p001363,fox11online.com,fastlane.rubiconproject.com,request,2.6-202606,openrtb.field.deprecated,warning,imp[0].video.placement,Section 3.2.7
p001363,fox11online.com,fastlane.rubiconproject.com,request,2.6-202606,openrtb.field.moved,error,regs.ext.gdpr,Section 3.2.3
p001364,fox11online.com,fastlane.rubiconproject.com,request,2.6-202606,openrtb.field.moved,error,regs.ext.gdpr,Section 3.2.3
p001366,iheart.com,fastlane.rubiconproject.com,request,2.6-202606,openrtb.field.deprecated,warning,imp[0].video.placement,Section 3.2.7
p001366,iheart.com,fastlane.rubiconproject.com,request,2.6-202606,openrtb.value.invalid,error,imp[0].video.skip,3.2.7
p001384,outsideonline.com,fastlane.rubiconproject.com,request,2.6-202606,openrtb.field.moved,error,regs.ext.gdpr,Section 3.2.3
p001385,outsideonline.com,fastlane.rubiconproject.com,request,2.6-202606,openrtb.field.moved,error,regs.ext.gdpr,Section 3.2.3
p001386,outsideonline.com,fastlane.rubiconproject.com,request,2.6-202606,openrtb.field.moved,error,regs.ext.gdpr,Section 3.2.3
p001387,outsideonline.com,fastlane.rubiconproject.com,request,2.6-202606,openrtb.field.moved,error,regs.ext.gdpr,Section 3.2.3
p001388,outsideonline.com,fastlane.rubiconproject.com,request,2.6-202606,openrtb.field.moved,error,regs.ext.gdpr,Section 3.2.3
p001389,outsideonline.com,fastlane.rubiconproject.com,request,2.6-202606,openrtb.field.moved,error,regs.ext.gdpr,Section 3.2.3
p001390,outsideonline.com,fastlane.rubiconproject.com,request,2.6-202606,openrtb.field.moved,error,regs.ext.gdpr,Section 3.2.3
p001391,outsideonline.com,fastlane.rubiconproject.com,request,2.6-202606,openrtb.field.moved,error,regs.ext.gdpr,Section 3.2.3
p001392,outsideonline.com,fastlane.rubiconproject.com,request,2.6-202606,openrtb.field.moved,error,regs.ext.gdpr,Section 3.2.3
p001393,outsideonline.com,fastlane.rubiconproject.com,request,2.6-202606,openrtb.field.moved,error,regs.ext.gdpr,Section 3.2.3
p001394,outsideonline.com,fastlane.rubiconproject.com,request,2.6-202606,openrtb.field.moved,error,regs.ext.gdpr,Section 3.2.3
p001395,outsideonline.com,fastlane.rubiconproject.com,request,2.6-202606,openrtb.field.moved,error,regs.ext.gdpr,Section 3.2.3
p001396,outsideonline.com,fastlane.rubiconproject.com,request,2.6-202606,openrtb.field.moved,error,regs.ext.gdpr,Section 3.2.3
p001397,outsideonline.com,fastlane.rubiconproject.com,request,2.6-202606,openrtb.field.moved,error,regs.ext.gdpr,Section 3.2.3
p001398,outsideonline.com,fastlane.rubiconproject.com,request,2.6-202606,openrtb.field.moved,error,regs.ext.gdpr,Section 3.2.3
p001399,outsideonline.com,fastlane.rubiconproject.com,request,2.6-202606,openrtb.field.moved,error,regs.ext.gdpr,Section 3.2.3
p001400,rawstory.com,fastlane.rubiconproject.com,request,2.6-202606,openrtb.field.moved,error,regs.ext.gdpr,Section 3.2.3
p001400,rawstory.com,fastlane.rubiconproject.com,request,2.6-202606,openrtb.field.moved,error,user.ext.consent,Section 3.2.20
p001401,rawstory.com,fastlane.rubiconproject.com,request,2.6-202606,openrtb.field.moved,error,regs.ext.gdpr,Section 3.2.3
p001401,rawstory.com,fastlane.rubiconproject.com,request,2.6-202606,openrtb.field.moved,error,user.ext.consent,Section 3.2.20
p001402,rawstory.com,fastlane.rubiconproject.com,request,2.6-202606,openrtb.field.moved,error,regs.ext.gdpr,Section 3.2.3
p001402,rawstory.com,fastlane.rubiconproject.com,request,2.6-202606,openrtb.field.moved,error,user.ext.consent,Section 3.2.20
p001403,rawstory.com,fastlane.rubiconproject.com,request,2.6-202606,openrtb.field.moved,error,regs.ext.gdpr,Section 3.2.3
p001403,rawstory.com,fastlane.rubiconproject.com,request,2.6-202606,openrtb.field.moved,error,user.ext.consent,Section 3.2.20
p001408,barcablaugranes.com,fastlane.rubiconproject.com,response,2.6-202606,openrtb.field.required,error,seatbid[0].bid,4.2.2
p001409,barcablaugranes.com,fastlane.rubiconproject.com,response,2.6-202606,openrtb.field.required,error,seatbid[0].bid,4.2.2
p001410,barcablaugranes.com,fastlane.rubiconproject.com,response,2.6-202606,openrtb.field.required,error,seatbid[0].bid,4.2.2
p001412,barcablaugranes.com,fastlane.rubiconproject.com,response,2.6-202606,openrtb.field.required,error,seatbid[0].bid,4.2.2
p001413,barcablaugranes.com,fastlane.rubiconproject.com,response,2.6-202606,openrtb.field.required,error,seatbid[0].bid,4.2.2
p001414,barcablaugranes.com,fastlane.rubiconproject.com,response,2.6-202606,openrtb.field.required,error,seatbid[0].bid,4.2.2
p001416,barcablaugranes.com,fastlane.rubiconproject.com,response,2.6-202606,openrtb.field.required,error,seatbid[0].bid,4.2.2
p001417,barcablaugranes.com,fastlane.rubiconproject.com,response,2.6-202606,openrtb.field.required,error,seatbid[0].bid,4.2.2
p001420,barcablaugranes.com,fastlane.rubiconproject.com,response,2.6-202606,openrtb.field.required,error,seatbid[0].bid,4.2.2
p001421,barcablaugranes.com,fastlane.rubiconproject.com,response,2.6-202606,openrtb.field.required,error,seatbid[0].bid,4.2.2
p001422,barcablaugranes.com,fastlane.rubiconproject.com,response,2.6-202606,openrtb.field.required,error,seatbid[0].bid,4.2.2
p001423,barcablaugranes.com,fastlane.rubiconproject.com,response,2.6-202606,openrtb.field.required,error,seatbid[0].bid,4.2.2
p001424,barcablaugranes.com,fastlane.rubiconproject.com,response,2.6-202606,openrtb.field.required,error,seatbid[0].bid,4.2.2
p001425,barcablaugranes.com,fastlane.rubiconproject.com,response,2.6-202606,openrtb.field.required,error,seatbid[0].bid,4.2.2
p001426,barcablaugranes.com,fastlane.rubiconproject.com,response,2.6-202606,openrtb.field.required,error,seatbid[0].bid,4.2.2
p001427,barcablaugranes.com,fastlane.rubiconproject.com,response,2.6-202606,openrtb.field.required,error,seatbid[0].bid,4.2.2
p001428,barcablaugranes.com,fastlane.rubiconproject.com,response,2.6-202606,openrtb.field.required,error,seatbid[0].bid,4.2.2
p001429,barcablaugranes.com,fastlane.rubiconproject.com,response,2.6-202606,openrtb.field.required,error,seatbid[0].bid,4.2.2
p001430,barcablaugranes.com,fastlane.rubiconproject.com,response,2.6-202606,openrtb.field.required,error,seatbid[0].bid,4.2.2
p001433,elespectador.com,fastlane.rubiconproject.com,response,2.6-202606,openrtb.field.required,error,seatbid[0].bid,4.2.2
p001434,elespectador.com,fastlane.rubiconproject.com,response,2.6-202606,openrtb.field.required,error,seatbid[0].bid,4.2.2
p001435,elespectador.com,fastlane.rubiconproject.com,response,2.6-202606,openrtb.field.required,error,seatbid[0].bid,4.2.2
p001436,elespectador.com,fastlane.rubiconproject.com,response,2.6-202606,openrtb.field.required,error,seatbid[0].bid,4.2.2
p001437,elespectador.com,fastlane.rubiconproject.com,response,2.6-202606,openrtb.field.required,error,seatbid[0].bid,4.2.2
p001438,elespectador.com,fastlane.rubiconproject.com,response,2.6-202606,openrtb.field.required,error,seatbid[0].bid,4.2.2
p001446,falstaff.com,fastlane.rubiconproject.com,response,2.6-202606,openrtb.field.required,error,seatbid[0].bid,4.2.2
p001447,fox11online.com,fastlane.rubiconproject.com,response,2.6-202606,openrtb.field.required,error,seatbid[0].bid,4.2.2
p001448,fox11online.com,fastlane.rubiconproject.com,response,2.6-202606,openrtb.field.required,error,seatbid[0].bid,4.2.2
p001449,fox11online.com,fastlane.rubiconproject.com,response,2.6-202606,openrtb.field.required,error,seatbid[0].bid,4.2.2
p001450,fox11online.com,fastlane.rubiconproject.com,response,2.6-202606,openrtb.field.required,error,seatbid[0].bid,4.2.2
p001451,fox11online.com,fastlane.rubiconproject.com,response,2.6-202606,openrtb.field.required,error,seatbid[0].bid,4.2.2
p001452,fox11online.com,fastlane.rubiconproject.com,response,2.6-202606,openrtb.field.required,error,seatbid[0].bid,4.2.2
p001453,iheart.com,fastlane.rubiconproject.com,response,2.6-202606,openrtb.field.required,error,seatbid[0].bid,4.2.2
p001454,iheart.com,fastlane.rubiconproject.com,response,2.6-202606,openrtb.field.required,error,seatbid[0].bid,4.2.2
p001455,mthai.com,fastlane.rubiconproject.com,response,2.6-202606,openrtb.field.required,error,seatbid[0].bid,4.2.2
p001456,mthai.com,fastlane.rubiconproject.com,response,2.6-202606,openrtb.field.required,error,seatbid[0].bid,4.2.2
p001457,mthai.com,fastlane.rubiconproject.com,response,2.6-202606,openrtb.field.required,error,seatbid[0].bid,4.2.2
p001458,mthai.com,fastlane.rubiconproject.com,response,2.6-202606,openrtb.field.required,error,seatbid[0].bid,4.2.2
p001459,mthai.com,fastlane.rubiconproject.com,response,2.6-202606,openrtb.field.required,error,seatbid[0].bid,4.2.2
p001460,mthai.com,fastlane.rubiconproject.com,response,2.6-202606,openrtb.field.required,error,seatbid[0].bid,4.2.2
p001461,mthai.com,fastlane.rubiconproject.com,response,2.6-202606,openrtb.field.required,error,seatbid[0].bid,4.2.2
p001462,mthai.com,fastlane.rubiconproject.com,response,2.6-202606,openrtb.field.required,error,seatbid[0].bid,4.2.2
p001464,nbcconnecticut.com,fastlane.rubiconproject.com,response,2.6-202606,openrtb.field.required,error,seatbid[0].bid,4.2.2
p001466,nbcconnecticut.com,fastlane.rubiconproject.com,response,2.6-202606,openrtb.field.required,error,seatbid[0].bid,4.2.2
p001467,nbcconnecticut.com,fastlane.rubiconproject.com,response,2.6-202606,openrtb.field.required,error,seatbid[0].bid,4.2.2
p001468,nbcconnecticut.com,fastlane.rubiconproject.com,response,2.6-202606,openrtb.field.required,error,seatbid[0].bid,4.2.2
p001469,nbcconnecticut.com,fastlane.rubiconproject.com,response,2.6-202606,openrtb.field.required,error,seatbid[0].bid,4.2.2
p001470,nbcconnecticut.com,fastlane.rubiconproject.com,response,2.6-202606,openrtb.field.required,error,seatbid[0].bid,4.2.2
p001471,nbcconnecticut.com,fastlane.rubiconproject.com,response,2.6-202606,openrtb.field.required,error,seatbid[0].bid,4.2.2
p001472,outsideonline.com,fastlane.rubiconproject.com,response,2.6-202606,openrtb.field.required,error,seatbid[0].bid,4.2.2
p001473,outsideonline.com,fastlane.rubiconproject.com,response,2.6-202606,openrtb.field.required,error,seatbid[0].bid,4.2.2
p001477,outsideonline.com,fastlane.rubiconproject.com,response,2.6-202606,openrtb.field.required,error,seatbid[0].bid,4.2.2
p001483,outsideonline.com,fastlane.rubiconproject.com,response,2.6-202606,openrtb.field.required,error,seatbid[0].bid,4.2.2
p001484,outsideonline.com,fastlane.rubiconproject.com,response,2.6-202606,openrtb.field.required,error,seatbid[0].bid,4.2.2
p001485,outsideonline.com,fastlane.rubiconproject.com,response,2.6-202606,openrtb.field.required,error,seatbid[0].bid,4.2.2
p001486,outsideonline.com,fastlane.rubiconproject.com,response,2.6-202606,openrtb.field.required,error,seatbid[0].bid,4.2.2
p001495,tio.ch,goldlayer-api.prod.gbads.net,request,2.5,openrtb.field.undefined,error,device.sua,3.2.18
p001495,tio.ch,goldlayer-api.prod.gbads.net,request,2.5,openrtb.field.undefined,error,imp[0].video.plcmt,3.2.7
p001496,tio.ch,goldlayer-api.prod.gbads.net,request,2.5,openrtb.field.undefined,error,device.sua,3.2.18
p001497,tio.ch,goldlayer-api.prod.gbads.net,request,2.5,openrtb.field.undefined,error,device.sua,3.2.18
p001498,tio.ch,goldlayer-api.prod.gbads.net,request,2.5,openrtb.field.undefined,error,device.sua,3.2.18
p001499,tio.ch,goldlayer-api.prod.gbads.net,request,2.5,openrtb.field.undefined,error,device.sua,3.2.18
p001500,tio.ch,goldlayer-api.prod.gbads.net,request,2.5,openrtb.field.undefined,error,device.sua,3.2.18
p001501,tio.ch,goldlayer-api.prod.gbads.net,response,2.6-202606,openrtb.response.seatbid_or_nbr.required,error,seatbid,4.2.1
p001502,tio.ch,goldlayer-api.prod.gbads.net,response,2.6-202606,openrtb.response.seatbid_or_nbr.required,error,seatbid,4.2.1
p001503,tio.ch,goldlayer-api.prod.gbads.net,response,2.6-202606,openrtb.response.seatbid_or_nbr.required,error,seatbid,4.2.1
p001504,tio.ch,goldlayer-api.prod.gbads.net,response,2.6-202606,openrtb.response.seatbid_or_nbr.required,error,seatbid,4.2.1
p001505,tio.ch,goldlayer-api.prod.gbads.net,response,2.6-202606,openrtb.response.seatbid_or_nbr.required,error,seatbid,4.2.1
p001506,tio.ch,goldlayer-api.prod.gbads.net,response,2.6-202606,openrtb.response.seatbid_or_nbr.required,error,seatbid,4.2.1
p001509,csfd.cz,grid-bidder.criteo.com,request,2.6-202606,openrtb.field.moved,error,regs.ext.gdpr,Section 3.2.3
p001509,csfd.cz,grid-bidder.criteo.com,request,2.6-202606,openrtb.field.moved,error,user.ext.consent,Section 3.2.20
p001512,cupofjo.com,grid-bidder.criteo.com,request,2.6-202606,openrtb.field.deprecated,warning,imp[0].video.placement,Section 3.2.7
p001512,cupofjo.com,grid-bidder.criteo.com,request,2.6-202606,openrtb.value.invalid,error,imp[0].video.skip,3.2.7
p001513,csfd.cz,grid-bidder.criteo.com,request,2.6-202606,openrtb.field.moved,error,regs.ext.gdpr,Section 3.2.3
p001513,csfd.cz,grid-bidder.criteo.com,request,2.6-202606,openrtb.field.moved,error,user.ext.consent,Section 3.2.20
p001516,cupofjo.com,grid-bidder.criteo.com,request,2.6-202606,openrtb.field.deprecated,warning,imp[0].video.placement,Section 3.2.7
p001516,cupofjo.com,grid-bidder.criteo.com,request,2.6-202606,openrtb.value.invalid,error,imp[0].video.skip,3.2.7
p001521,futbol-11.com,grid-bidder.criteo.com,request,2.6-202606,openrtb.field.moved,error,regs.ext.gdpr,Section 3.2.3
p001528,halfbakedharvest.com,grid-bidder.criteo.com,request,2.6-202606,openrtb.field.deprecated,warning,imp[0].video.placement,Section 3.2.7
p001528,halfbakedharvest.com,grid-bidder.criteo.com,request,2.6-202606,openrtb.value.invalid,error,imp[0].video.skip,3.2.7
p001529,halfbakedharvest.com,grid-bidder.criteo.com,request,2.6-202606,openrtb.field.deprecated,warning,imp[0].video.placement,Section 3.2.7
p001529,halfbakedharvest.com,grid-bidder.criteo.com,request,2.6-202606,openrtb.value.invalid,error,imp[0].video.skip,3.2.7
p001529,halfbakedharvest.com,grid-bidder.criteo.com,request,2.6-202606,openrtb.field.required,error,imp[1].native.request,3.2.9
p001529,halfbakedharvest.com,grid-bidder.criteo.com,request,2.6-202606,openrtb.field.undefined,error,imp[1].native.request_native,3.2.9
p001529,halfbakedharvest.com,grid-bidder.criteo.com,request,2.6-202606,openrtb.type.mismatch,error,site.publisher.id,3.2.15
p001530,halfbakedharvest.com,grid-bidder.criteo.com,request,2.6-202606,openrtb.field.required,error,imp[0].native.request,3.2.9
p001530,halfbakedharvest.com,grid-bidder.criteo.com,request,2.6-202606,openrtb.field.undefined,error,imp[0].native.request_native,3.2.9
p001530,halfbakedharvest.com,grid-bidder.criteo.com,request,2.6-202606,openrtb.type.mismatch,error,site.publisher.id,3.2.15
p001531,halfbakedharvest.com,grid-bidder.criteo.com,request,2.6-202606,openrtb.field.deprecated,warning,imp[0].video.placement,Section 3.2.7
p001531,halfbakedharvest.com,grid-bidder.criteo.com,request,2.6-202606,openrtb.value.invalid,error,imp[0].video.skip,3.2.7
p001534,halfbakedharvest.com,grid-bidder.criteo.com,request,2.6-202606,openrtb.field.deprecated,warning,imp[0].video.placement,Section 3.2.7
p001534,halfbakedharvest.com,grid-bidder.criteo.com,request,2.6-202606,openrtb.value.invalid,error,imp[0].video.skip,3.2.7
p001535,halfbakedharvest.com,grid-bidder.criteo.com,request,2.6-202606,openrtb.field.deprecated,warning,imp[0].video.placement,Section 3.2.7
p001535,halfbakedharvest.com,grid-bidder.criteo.com,request,2.6-202606,openrtb.value.invalid,error,imp[0].video.skip,3.2.7
p001536,moly.hu,grid-bidder.criteo.com,request,2.6-202606,openrtb.field.moved,error,regs.ext.gdpr,Section 3.2.3
p001538,moly.hu,grid-bidder.criteo.com,request,2.6-202606,openrtb.field.moved,error,regs.ext.gdpr,Section 3.2.3
p001540,namemc.com,grid-bidder.criteo.com,request,2.6-202606,openrtb.field.moved,error,regs.ext.gdpr,Section 3.2.3
p001541,purposegames.com,grid-bidder.criteo.com,request,2.6-202606,openrtb.field.moved,error,regs.ext.gdpr,Section 3.2.3
p001543,purposegames.com,grid-bidder.criteo.com,request,2.6-202606,openrtb.field.moved,error,regs.ext.gdpr,Section 3.2.3
p001546,ranker.com,grid-bidder.criteo.com,request,2.6-202606,openrtb.field.deprecated,warning,imp[0].video.placement,Section 3.2.7
p001546,ranker.com,grid-bidder.criteo.com,request,2.6-202606,openrtb.value.invalid,error,imp[0].video.skip,3.2.7
p001546,ranker.com,grid-bidder.criteo.com,request,2.6-202606,openrtb.field.required,error,imp[1].native.request,3.2.9
p001546,ranker.com,grid-bidder.criteo.com,request,2.6-202606,openrtb.field.undefined,error,imp[1].native.request_native,3.2.9
p001546,ranker.com,grid-bidder.criteo.com,request,2.6-202606,openrtb.type.mismatch,error,site.publisher.id,3.2.15
p001547,ranker.com,grid-bidder.criteo.com,request,2.6-202606,openrtb.field.required,error,imp[0].native.request,3.2.9
p001547,ranker.com,grid-bidder.criteo.com,request,2.6-202606,openrtb.field.undefined,error,imp[0].native.request_native,3.2.9
p001547,ranker.com,grid-bidder.criteo.com,request,2.6-202606,openrtb.type.mismatch,error,site.publisher.id,3.2.15
p001548,ranker.com,grid-bidder.criteo.com,request,2.6-202606,openrtb.field.required,error,imp[0].native.request,3.2.9
p001548,ranker.com,grid-bidder.criteo.com,request,2.6-202606,openrtb.field.undefined,error,imp[0].native.request_native,3.2.9
p001548,ranker.com,grid-bidder.criteo.com,request,2.6-202606,openrtb.type.mismatch,error,site.publisher.id,3.2.15
p001549,ranker.com,grid-bidder.criteo.com,request,2.6-202606,openrtb.field.deprecated,warning,imp[0].video.placement,Section 3.2.7
p001549,ranker.com,grid-bidder.criteo.com,request,2.6-202606,openrtb.value.invalid,error,imp[0].video.skip,3.2.7
p001550,ranker.com,grid-bidder.criteo.com,request,2.6-202606,openrtb.field.deprecated,warning,imp[0].video.placement,Section 3.2.7
p001550,ranker.com,grid-bidder.criteo.com,request,2.6-202606,openrtb.value.invalid,error,imp[0].video.skip,3.2.7
p001551,ranker.com,grid-bidder.criteo.com,request,2.6-202606,openrtb.field.deprecated,warning,imp[0].video.placement,Section 3.2.7
p001551,ranker.com,grid-bidder.criteo.com,request,2.6-202606,openrtb.value.invalid,error,imp[0].video.skip,3.2.7
p001552,ranker.com,grid-bidder.criteo.com,request,2.6-202606,openrtb.field.deprecated,warning,imp[0].video.placement,Section 3.2.7
p001552,ranker.com,grid-bidder.criteo.com,request,2.6-202606,openrtb.value.invalid,error,imp[0].video.skip,3.2.7
p001558,salon.com,grid-bidder.criteo.com,request,2.6-202606,openrtb.field.deprecated,warning,imp[0].video.placement,Section 3.2.7
p001558,salon.com,grid-bidder.criteo.com,request,2.6-202606,openrtb.value.invalid,error,imp[0].video.skip,3.2.7
p001559,salon.com,grid-bidder.criteo.com,request,2.6-202606,openrtb.field.required,error,imp[0].native.request,3.2.9
p001559,salon.com,grid-bidder.criteo.com,request,2.6-202606,openrtb.field.undefined,error,imp[0].native.request_native,3.2.9
p001559,salon.com,grid-bidder.criteo.com,request,2.6-202606,openrtb.type.mismatch,error,site.publisher.id,3.2.15
p001560,salon.com,grid-bidder.criteo.com,request,2.6-202606,openrtb.field.deprecated,warning,imp[0].video.placement,Section 3.2.7
p001560,salon.com,grid-bidder.criteo.com,request,2.6-202606,openrtb.value.invalid,error,imp[0].video.skip,3.2.7
p001561,salon.com,grid-bidder.criteo.com,request,2.6-202606,openrtb.field.deprecated,warning,imp[0].video.placement,Section 3.2.7
p001561,salon.com,grid-bidder.criteo.com,request,2.6-202606,openrtb.value.invalid,error,imp[0].video.skip,3.2.7
p001561,salon.com,grid-bidder.criteo.com,request,2.6-202606,openrtb.field.required,error,imp[1].native.request,3.2.9
p001561,salon.com,grid-bidder.criteo.com,request,2.6-202606,openrtb.field.undefined,error,imp[1].native.request_native,3.2.9
p001561,salon.com,grid-bidder.criteo.com,request,2.6-202606,openrtb.type.mismatch,error,site.publisher.id,3.2.15
p001562,salon.com,grid-bidder.criteo.com,request,2.6-202606,openrtb.field.required,error,imp[0].native.request,3.2.9
p001562,salon.com,grid-bidder.criteo.com,request,2.6-202606,openrtb.field.undefined,error,imp[0].native.request_native,3.2.9
p001562,salon.com,grid-bidder.criteo.com,request,2.6-202606,openrtb.type.mismatch,error,site.publisher.id,3.2.15
p001563,salon.com,grid-bidder.criteo.com,request,2.6-202606,openrtb.field.required,error,imp[0].native.request,3.2.9
p001563,salon.com,grid-bidder.criteo.com,request,2.6-202606,openrtb.field.undefined,error,imp[0].native.request_native,3.2.9
p001563,salon.com,grid-bidder.criteo.com,request,2.6-202606,openrtb.type.mismatch,error,site.publisher.id,3.2.15
p001564,salon.com,grid-bidder.criteo.com,request,2.6-202606,openrtb.field.required,error,imp[0].native.request,3.2.9
p001564,salon.com,grid-bidder.criteo.com,request,2.6-202606,openrtb.field.undefined,error,imp[0].native.request_native,3.2.9
p001564,salon.com,grid-bidder.criteo.com,request,2.6-202606,openrtb.type.mismatch,error,site.publisher.id,3.2.15
p001565,salon.com,grid-bidder.criteo.com,request,2.6-202606,openrtb.field.required,error,imp[0].native.request,3.2.9
p001565,salon.com,grid-bidder.criteo.com,request,2.6-202606,openrtb.field.undefined,error,imp[0].native.request_native,3.2.9
p001565,salon.com,grid-bidder.criteo.com,request,2.6-202606,openrtb.type.mismatch,error,site.publisher.id,3.2.15
p001566,salon.com,grid-bidder.criteo.com,request,2.6-202606,openrtb.field.required,error,imp[0].native.request,3.2.9
p001566,salon.com,grid-bidder.criteo.com,request,2.6-202606,openrtb.field.undefined,error,imp[0].native.request_native,3.2.9
p001566,salon.com,grid-bidder.criteo.com,request,2.6-202606,openrtb.type.mismatch,error,site.publisher.id,3.2.15
p001567,salon.com,grid-bidder.criteo.com,request,2.6-202606,openrtb.field.deprecated,warning,imp[0].video.placement,Section 3.2.7
p001567,salon.com,grid-bidder.criteo.com,request,2.6-202606,openrtb.value.invalid,error,imp[0].video.skip,3.2.7
p001568,salon.com,grid-bidder.criteo.com,request,2.6-202606,openrtb.field.deprecated,warning,imp[0].video.placement,Section 3.2.7
p001568,salon.com,grid-bidder.criteo.com,request,2.6-202606,openrtb.value.invalid,error,imp[0].video.skip,3.2.7
p001569,salon.com,grid-bidder.criteo.com,request,2.6-202606,openrtb.field.deprecated,warning,imp[0].video.placement,Section 3.2.7
p001569,salon.com,grid-bidder.criteo.com,request,2.6-202606,openrtb.value.invalid,error,imp[0].video.skip,3.2.7
p001570,salon.com,grid-bidder.criteo.com,request,2.6-202606,openrtb.field.deprecated,warning,imp[0].video.placement,Section 3.2.7
p001570,salon.com,grid-bidder.criteo.com,request,2.6-202606,openrtb.value.invalid,error,imp[0].video.skip,3.2.7
p001571,salon.com,grid-bidder.criteo.com,request,2.6-202606,openrtb.field.deprecated,warning,imp[0].video.placement,Section 3.2.7
p001571,salon.com,grid-bidder.criteo.com,request,2.6-202606,openrtb.value.invalid,error,imp[0].video.skip,3.2.7
p001575,webdesignerdepot.com,grid-bidder.criteo.com,request,2.6-202606,openrtb.field.deprecated,warning,imp[0].video.placement,Section 3.2.7
p001575,webdesignerdepot.com,grid-bidder.criteo.com,request,2.6-202606,openrtb.value.invalid,error,imp[0].video.skip,3.2.7
p001576,webdesignerdepot.com,grid-bidder.criteo.com,request,2.6-202606,openrtb.field.deprecated,warning,imp[0].video.placement,Section 3.2.7
p001576,webdesignerdepot.com,grid-bidder.criteo.com,request,2.6-202606,openrtb.value.invalid,error,imp[0].video.skip,3.2.7
p001576,webdesignerdepot.com,grid-bidder.criteo.com,request,2.6-202606,openrtb.field.required,error,imp[1].native.request,3.2.9
p001576,webdesignerdepot.com,grid-bidder.criteo.com,request,2.6-202606,openrtb.field.undefined,error,imp[1].native.request_native,3.2.9
p001576,webdesignerdepot.com,grid-bidder.criteo.com,request,2.6-202606,openrtb.type.mismatch,error,site.publisher.id,3.2.15
p001577,webdesignerdepot.com,grid-bidder.criteo.com,request,2.6-202606,openrtb.field.required,error,imp[0].native.request,3.2.9
p001577,webdesignerdepot.com,grid-bidder.criteo.com,request,2.6-202606,openrtb.field.undefined,error,imp[0].native.request_native,3.2.9
p001577,webdesignerdepot.com,grid-bidder.criteo.com,request,2.6-202606,openrtb.type.mismatch,error,site.publisher.id,3.2.15
p001578,webdesignerdepot.com,grid-bidder.criteo.com,request,2.6-202606,openrtb.field.deprecated,warning,imp[0].video.placement,Section 3.2.7
p001578,webdesignerdepot.com,grid-bidder.criteo.com,request,2.6-202606,openrtb.value.invalid,error,imp[0].video.skip,3.2.7
p001579,webdesignerdepot.com,grid-bidder.criteo.com,request,2.6-202606,openrtb.field.deprecated,warning,imp[0].video.placement,Section 3.2.7
p001579,webdesignerdepot.com,grid-bidder.criteo.com,request,2.6-202606,openrtb.value.invalid,error,imp[0].video.skip,3.2.7
p001580,cupofjo.com,grid-bidder.criteo.com,response,2.6-202606,openrtb.field.undefined,error,seatbid[0].bid[0].auid,4.2.3
p001580,cupofjo.com,grid-bidder.criteo.com,response,2.6-202606,openrtb.field.undefined,error,seatbid[0].bid[0].content_type,4.2.3
p001580,cupofjo.com,grid-bidder.criteo.com,response,2.6-202606,openrtb.bid.mtype_missing,warning,seatbid[0].bid[0].mtype,4.2.3
p001581,futbol-11.com,grid-bidder.criteo.com,response,2.6-202606,openrtb.field.undefined,error,seatbid[0].bid[0].content_type,4.2.3
p001581,futbol-11.com,grid-bidder.criteo.com,response,2.6-202606,openrtb.bid.mtype_missing,warning,seatbid[0].bid[0].mtype,4.2.3
p001582,halfbakedharvest.com,grid-bidder.criteo.com,response,2.6-202606,openrtb.field.undefined,error,seatbid[0].bid[0].auid,4.2.3
p001582,halfbakedharvest.com,grid-bidder.criteo.com,response,2.6-202606,openrtb.field.undefined,error,seatbid[0].bid[0].content_type,4.2.3
p001583,salon.com,grid-bidder.criteo.com,response,2.6-202606,openrtb.bid.mtype_missing,warning,seatbid[0].bid[0].mtype,4.2.3
p001584,salon.com,grid-bidder.criteo.com,response,2.6-202606,openrtb.bid.mtype_missing,warning,seatbid[0].bid[0].mtype,4.2.3
p001585,eonline.com,hb.emxdgt.com,request,2.6-202606,openrtb.type.mismatch,error,cur,3.2.1
p001585,eonline.com,hb.emxdgt.com,request,2.6-202606,openrtb.field.undefined,error,imp[0].tid,3.2.4
p001585,eonline.com,hb.emxdgt.com,request,2.6-202606,openrtb.field.undefined,error,imp[0].video.context,3.2.7
p001585,eonline.com,hb.emxdgt.com,request,2.6-202606,openrtb.field.undefined,error,imp[0].video.floor,3.2.7
p001585,eonline.com,hb.emxdgt.com,request,2.6-202606,openrtb.field.deprecated,warning,imp[0].video.placement,Section 3.2.7
p001585,eonline.com,hb.emxdgt.com,request,2.6-202606,openrtb.field.undefined,error,imp[0].video.playerSize,3.2.7
p001585,eonline.com,hb.emxdgt.com,request,2.6-202606,openrtb.value.invalid,error,imp[0].video.skip,3.2.7
p001585,eonline.com,hb.emxdgt.com,request,2.6-202606,openrtb.field.undefined,error,version,3.2.1
p001586,eonline.com,hb.emxdgt.com,request,2.6-202606,openrtb.type.mismatch,error,cur,3.2.1
p001586,eonline.com,hb.emxdgt.com,request,2.6-202606,openrtb.field.undefined,error,imp[0].tid,3.2.4
p001586,eonline.com,hb.emxdgt.com,request,2.6-202606,openrtb.field.undefined,error,imp[0].video.context,3.2.7
p001586,eonline.com,hb.emxdgt.com,request,2.6-202606,openrtb.field.undefined,error,imp[0].video.floor,3.2.7
p001586,eonline.com,hb.emxdgt.com,request,2.6-202606,openrtb.field.deprecated,warning,imp[0].video.placement,Section 3.2.7
p001586,eonline.com,hb.emxdgt.com,request,2.6-202606,openrtb.field.undefined,error,imp[0].video.playerSize,3.2.7
p001586,eonline.com,hb.emxdgt.com,request,2.6-202606,openrtb.value.invalid,error,imp[0].video.skip,3.2.7
p001586,eonline.com,hb.emxdgt.com,request,2.6-202606,openrtb.field.undefined,error,version,3.2.1
p001587,eonline.com,hb.emxdgt.com,request,2.6-202606,openrtb.type.mismatch,error,cur,3.2.1
p001587,eonline.com,hb.emxdgt.com,request,2.6-202606,openrtb.field.undefined,error,imp[0].tid,3.2.4
p001587,eonline.com,hb.emxdgt.com,request,2.6-202606,openrtb.field.undefined,error,imp[0].video.context,3.2.7
p001587,eonline.com,hb.emxdgt.com,request,2.6-202606,openrtb.field.undefined,error,imp[0].video.floor,3.2.7
p001587,eonline.com,hb.emxdgt.com,request,2.6-202606,openrtb.field.deprecated,warning,imp[0].video.placement,Section 3.2.7
p001587,eonline.com,hb.emxdgt.com,request,2.6-202606,openrtb.field.undefined,error,imp[0].video.playerSize,3.2.7
p001587,eonline.com,hb.emxdgt.com,request,2.6-202606,openrtb.value.invalid,error,imp[0].video.skip,3.2.7
p001587,eonline.com,hb.emxdgt.com,request,2.6-202606,openrtb.field.undefined,error,version,3.2.1
p001588,eonline.com,hb.emxdgt.com,request,2.6-202606,openrtb.type.mismatch,error,cur,3.2.1
p001588,eonline.com,hb.emxdgt.com,request,2.6-202606,openrtb.field.undefined,error,imp[0].tid,3.2.4
p001588,eonline.com,hb.emxdgt.com,request,2.6-202606,openrtb.field.undefined,error,imp[0].video.context,3.2.7
p001588,eonline.com,hb.emxdgt.com,request,2.6-202606,openrtb.field.undefined,error,imp[0].video.floor,3.2.7
p001588,eonline.com,hb.emxdgt.com,request,2.6-202606,openrtb.field.deprecated,warning,imp[0].video.placement,Section 3.2.7
p001588,eonline.com,hb.emxdgt.com,request,2.6-202606,openrtb.field.undefined,error,imp[0].video.playerSize,3.2.7
p001588,eonline.com,hb.emxdgt.com,request,2.6-202606,openrtb.value.invalid,error,imp[0].video.skip,3.2.7
p001588,eonline.com,hb.emxdgt.com,request,2.6-202606,openrtb.field.undefined,error,version,3.2.1
p001589,eonline.com,hb.emxdgt.com,request,2.6-202606,openrtb.type.mismatch,error,cur,3.2.1
p001589,eonline.com,hb.emxdgt.com,request,2.6-202606,openrtb.field.undefined,error,imp[0].tid,3.2.4
p001589,eonline.com,hb.emxdgt.com,request,2.6-202606,openrtb.field.undefined,error,imp[0].video.context,3.2.7
p001589,eonline.com,hb.emxdgt.com,request,2.6-202606,openrtb.field.undefined,error,imp[0].video.floor,3.2.7
p001589,eonline.com,hb.emxdgt.com,request,2.6-202606,openrtb.field.deprecated,warning,imp[0].video.placement,Section 3.2.7
p001589,eonline.com,hb.emxdgt.com,request,2.6-202606,openrtb.field.undefined,error,imp[0].video.playerSize,3.2.7
p001589,eonline.com,hb.emxdgt.com,request,2.6-202606,openrtb.value.invalid,error,imp[0].video.skip,3.2.7
p001589,eonline.com,hb.emxdgt.com,request,2.6-202606,openrtb.field.undefined,error,version,3.2.1
p001590,eonline.com,hb.emxdgt.com,request,2.6-202606,openrtb.type.mismatch,error,cur,3.2.1
p001590,eonline.com,hb.emxdgt.com,request,2.6-202606,openrtb.field.undefined,error,imp[0].tid,3.2.4
p001590,eonline.com,hb.emxdgt.com,request,2.6-202606,openrtb.field.undefined,error,imp[0].video.context,3.2.7
p001590,eonline.com,hb.emxdgt.com,request,2.6-202606,openrtb.field.undefined,error,imp[0].video.floor,3.2.7
p001590,eonline.com,hb.emxdgt.com,request,2.6-202606,openrtb.field.deprecated,warning,imp[0].video.placement,Section 3.2.7
p001590,eonline.com,hb.emxdgt.com,request,2.6-202606,openrtb.field.undefined,error,imp[0].video.playerSize,3.2.7
p001590,eonline.com,hb.emxdgt.com,request,2.6-202606,openrtb.value.invalid,error,imp[0].video.skip,3.2.7
p001590,eonline.com,hb.emxdgt.com,request,2.6-202606,openrtb.field.undefined,error,version,3.2.1
p001591,nesn.com,hb.emxdgt.com,request,2.6-202606,openrtb.type.mismatch,error,cur,3.2.1
p001591,nesn.com,hb.emxdgt.com,request,2.6-202606,openrtb.field.undefined,error,imp[0].tid,3.2.4
p001591,nesn.com,hb.emxdgt.com,request,2.6-202606,openrtb.field.undefined,error,imp[0].video.context,3.2.7
p001591,nesn.com,hb.emxdgt.com,request,2.6-202606,openrtb.field.undefined,error,imp[0].video.floor,3.2.7
p001591,nesn.com,hb.emxdgt.com,request,2.6-202606,openrtb.field.deprecated,warning,imp[0].video.placement,Section 3.2.7
p001591,nesn.com,hb.emxdgt.com,request,2.6-202606,openrtb.field.undefined,error,imp[0].video.playerSize,3.2.7
p001591,nesn.com,hb.emxdgt.com,request,2.6-202606,openrtb.value.invalid,error,imp[0].video.skip,3.2.7
p001591,nesn.com,hb.emxdgt.com,request,2.6-202606,openrtb.field.undefined,error,version,3.2.1
p001592,nesn.com,hb.emxdgt.com,request,2.6-202606,openrtb.type.mismatch,error,cur,3.2.1
p001592,nesn.com,hb.emxdgt.com,request,2.6-202606,openrtb.field.undefined,error,imp[0].tid,3.2.4
p001592,nesn.com,hb.emxdgt.com,request,2.6-202606,openrtb.field.undefined,error,imp[0].video.context,3.2.7
p001592,nesn.com,hb.emxdgt.com,request,2.6-202606,openrtb.field.undefined,error,imp[0].video.floor,3.2.7
p001592,nesn.com,hb.emxdgt.com,request,2.6-202606,openrtb.field.deprecated,warning,imp[0].video.placement,Section 3.2.7
p001592,nesn.com,hb.emxdgt.com,request,2.6-202606,openrtb.field.undefined,error,imp[0].video.playerSize,3.2.7
p001592,nesn.com,hb.emxdgt.com,request,2.6-202606,openrtb.value.invalid,error,imp[0].video.skip,3.2.7
p001592,nesn.com,hb.emxdgt.com,request,2.6-202606,openrtb.field.undefined,error,version,3.2.1
p001593,barcablaugranes.com,hbopenbid.pubmatic.com,request,2.6-202606,openrtb.type.mismatch,error,device.geo.metro,3.2.19
p001593,barcablaugranes.com,hbopenbid.pubmatic.com,request,2.6-202606,openrtb.field.deprecated,warning,imp[0].video.placement,Section 3.2.7
p001593,barcablaugranes.com,hbopenbid.pubmatic.com,request,2.6-202606,openrtb.field.moved,error,regs.ext.gdpr,Section 3.2.3
p001594,chicagotribune.com,hbopenbid.pubmatic.com,request,2.6-202606,openrtb.type.mismatch,error,device.geo.metro,3.2.19
p001594,chicagotribune.com,hbopenbid.pubmatic.com,request,2.6-202606,openrtb.field.deprecated,warning,imp[0].video.placement,Section 3.2.7
p001594,chicagotribune.com,hbopenbid.pubmatic.com,request,2.6-202606,openrtb.field.deprecated,warning,imp[1].video.placement,Section 3.2.7
p001594,chicagotribune.com,hbopenbid.pubmatic.com,request,2.6-202606,openrtb.field.moved,error,regs.ext.gdpr,Section 3.2.3
p001594,chicagotribune.com,hbopenbid.pubmatic.com,request,2.6-202606,openrtb.field.moved,error,user.ext.consent,Section 3.2.20
p001595,cityam.com,hbopenbid.pubmatic.com,request,2.6-202606,openrtb.type.mismatch,error,device.geo.metro,3.2.19
p001595,cityam.com,hbopenbid.pubmatic.com,request,2.6-202606,openrtb.field.deprecated,warning,imp[0].video.placement,Section 3.2.7
p001595,cityam.com,hbopenbid.pubmatic.com,request,2.6-202606,openrtb.field.moved,error,regs.ext.gdpr,Section 3.2.3
p001595,cityam.com,hbopenbid.pubmatic.com,request,2.6-202606,openrtb.field.moved,error,user.ext.consent,Section 3.2.20
p001596,cornucopia.se,hbopenbid.pubmatic.com,request,2.6-202606,openrtb.field.moved,error,regs.ext.gdpr,Section 3.2.3
p001597,cornucopia.se,hbopenbid.pubmatic.com,request,2.6-202606,openrtb.field.moved,error,regs.ext.gdpr,Section 3.2.3
p001598,cornucopia.se,hbopenbid.pubmatic.com,request,2.6-202606,openrtb.field.moved,error,regs.ext.gdpr,Section 3.2.3
p001599,cornucopia.se,hbopenbid.pubmatic.com,request,2.6-202606,openrtb.field.moved,error,regs.ext.gdpr,Section 3.2.3
p001602,cornucopia.se,hbopenbid.pubmatic.com,request,2.6-202606,openrtb.field.moved,error,regs.ext.gdpr,Section 3.2.3
p001605,cupofjo.com,hbopenbid.pubmatic.com,request,2.6-202606,openrtb.field.deprecated,warning,imp[0].video.placement,Section 3.2.7
p001605,cupofjo.com,hbopenbid.pubmatic.com,request,2.6-202606,openrtb.value.invalid,error,imp[0].video.skip,3.2.7
p001606,cupofjo.com,hbopenbid.pubmatic.com,request,2.6-202606,openrtb.field.deprecated,warning,imp[0].video.placement,Section 3.2.7
p001606,cupofjo.com,hbopenbid.pubmatic.com,request,2.6-202606,openrtb.value.invalid,error,imp[0].video.skip,3.2.7
p001607,cupofjo.com,hbopenbid.pubmatic.com,request,2.6-202606,openrtb.field.deprecated,warning,imp[0].video.placement,Section 3.2.7
p001607,cupofjo.com,hbopenbid.pubmatic.com,request,2.6-202606,openrtb.value.invalid,error,imp[0].video.skip,3.2.7
p001608,eonline.com,hbopenbid.pubmatic.com,request,2.6-202606,openrtb.field.deprecated,warning,imp[0].video.placement,Section 3.2.7
p001608,eonline.com,hbopenbid.pubmatic.com,request,2.6-202606,openrtb.value.invalid,error,imp[0].video.skip,3.2.7
p001609,eonline.com,hbopenbid.pubmatic.com,request,2.6-202606,openrtb.field.deprecated,warning,imp[0].video.placement,Section 3.2.7
p001609,eonline.com,hbopenbid.pubmatic.com,request,2.6-202606,openrtb.value.invalid,error,imp[0].video.skip,3.2.7
p001610,eonline.com,hbopenbid.pubmatic.com,request,2.6-202606,openrtb.field.deprecated,warning,imp[0].video.placement,Section 3.2.7
p001610,eonline.com,hbopenbid.pubmatic.com,request,2.6-202606,openrtb.value.invalid,error,imp[0].video.skip,3.2.7
p001611,eonline.com,hbopenbid.pubmatic.com,request,2.6-202606,openrtb.field.deprecated,warning,imp[0].video.placement,Section 3.2.7
p001611,eonline.com,hbopenbid.pubmatic.com,request,2.6-202606,openrtb.value.invalid,error,imp[0].video.skip,3.2.7
p001612,eonline.com,hbopenbid.pubmatic.com,request,2.6-202606,openrtb.field.deprecated,warning,imp[0].video.placement,Section 3.2.7
p001612,eonline.com,hbopenbid.pubmatic.com,request,2.6-202606,openrtb.value.invalid,error,imp[0].video.skip,3.2.7
p001613,eonline.com,hbopenbid.pubmatic.com,request,2.6-202606,openrtb.field.deprecated,warning,imp[0].video.placement,Section 3.2.7
p001613,eonline.com,hbopenbid.pubmatic.com,request,2.6-202606,openrtb.value.invalid,error,imp[0].video.skip,3.2.7
p001614,eonline.com,hbopenbid.pubmatic.com,request,2.6-202606,openrtb.field.deprecated,warning,imp[0].video.placement,Section 3.2.7
p001614,eonline.com,hbopenbid.pubmatic.com,request,2.6-202606,openrtb.value.invalid,error,imp[0].video.skip,3.2.7
p001615,fncstatic.com,hbopenbid.pubmatic.com,request,2.6-202606,openrtb.field.deprecated,warning,imp[1].video.placement,Section 3.2.7
p001617,fncstatic.com,hbopenbid.pubmatic.com,request,2.6-202606,openrtb.field.deprecated,warning,imp[0].video.placement,Section 3.2.7
p001622,fox11online.com,hbopenbid.pubmatic.com,request,2.6-202606,openrtb.field.deprecated,warning,imp[0].video.placement,Section 3.2.7
p001622,fox11online.com,hbopenbid.pubmatic.com,request,2.6-202606,openrtb.value.invalid,error,imp[0].video.skip,3.2.7
p001623,fox11online.com,hbopenbid.pubmatic.com,request,2.6-202606,openrtb.field.deprecated,warning,imp[0].video.placement,Section 3.2.7
p001623,fox11online.com,hbopenbid.pubmatic.com,request,2.6-202606,openrtb.value.invalid,error,imp[0].video.skip,3.2.7
p001624,fox11online.com,hbopenbid.pubmatic.com,request,2.6-202606,openrtb.field.deprecated,warning,imp[0].video.placement,Section 3.2.7
p001624,fox11online.com,hbopenbid.pubmatic.com,request,2.6-202606,openrtb.value.invalid,error,imp[0].video.skip,3.2.7
p001625,fox11online.com,hbopenbid.pubmatic.com,request,2.6-202606,openrtb.field.deprecated,warning,imp[0].video.placement,Section 3.2.7
p001625,fox11online.com,hbopenbid.pubmatic.com,request,2.6-202606,openrtb.value.invalid,error,imp[0].video.skip,3.2.7
p001626,fox11online.com,hbopenbid.pubmatic.com,request,2.6-202606,openrtb.field.deprecated,warning,imp[0].video.placement,Section 3.2.7
p001626,fox11online.com,hbopenbid.pubmatic.com,request,2.6-202606,openrtb.value.invalid,error,imp[0].video.skip,3.2.7
p001627,fox11online.com,hbopenbid.pubmatic.com,request,2.6-202606,openrtb.field.deprecated,warning,imp[0].video.placement,Section 3.2.7
p001627,fox11online.com,hbopenbid.pubmatic.com,request,2.6-202606,openrtb.value.invalid,error,imp[0].video.skip,3.2.7
p001629,fox11online.com,hbopenbid.pubmatic.com,request,2.6-202606,openrtb.field.deprecated,warning,imp[0].video.placement,Section 3.2.7
p001630,fox11online.com,hbopenbid.pubmatic.com,request,2.6-202606,openrtb.field.deprecated,warning,imp[0].video.placement,Section 3.2.7
p001631,futbol-11.com,hbopenbid.pubmatic.com,request,2.6-202606,openrtb.field.moved,error,regs.ext.gdpr,Section 3.2.3
p001634,halfbakedharvest.com,hbopenbid.pubmatic.com,request,2.6-202606,openrtb.field.deprecated,warning,imp[0].video.placement,Section 3.2.7
p001634,halfbakedharvest.com,hbopenbid.pubmatic.com,request,2.6-202606,openrtb.value.invalid,error,imp[0].video.skip,3.2.7
p001635,halfbakedharvest.com,hbopenbid.pubmatic.com,request,2.6-202606,openrtb.field.deprecated,warning,imp[0].video.placement,Section 3.2.7
p001635,halfbakedharvest.com,hbopenbid.pubmatic.com,request,2.6-202606,openrtb.value.invalid,error,imp[0].video.skip,3.2.7
p001637,halfbakedharvest.com,hbopenbid.pubmatic.com,request,2.6-202606,openrtb.field.deprecated,warning,imp[0].video.placement,Section 3.2.7
p001637,halfbakedharvest.com,hbopenbid.pubmatic.com,request,2.6-202606,openrtb.value.invalid,error,imp[0].video.skip,3.2.7
p001638,halfbakedharvest.com,hbopenbid.pubmatic.com,request,2.6-202606,openrtb.field.deprecated,warning,imp[0].video.placement,Section 3.2.7
p001638,halfbakedharvest.com,hbopenbid.pubmatic.com,request,2.6-202606,openrtb.value.invalid,error,imp[0].video.skip,3.2.7
p001641,halfbakedharvest.com,hbopenbid.pubmatic.com,request,2.6-202606,openrtb.field.deprecated,warning,imp[0].video.placement,Section 3.2.7
p001641,halfbakedharvest.com,hbopenbid.pubmatic.com,request,2.6-202606,openrtb.value.invalid,error,imp[0].video.skip,3.2.7
p001642,halfbakedharvest.com,hbopenbid.pubmatic.com,request,2.6-202606,openrtb.field.deprecated,warning,imp[0].video.placement,Section 3.2.7
p001642,halfbakedharvest.com,hbopenbid.pubmatic.com,request,2.6-202606,openrtb.value.invalid,error,imp[0].video.skip,3.2.7
p001643,halfbakedharvest.com,hbopenbid.pubmatic.com,request,2.6-202606,openrtb.field.deprecated,warning,imp[0].video.placement,Section 3.2.7
p001643,halfbakedharvest.com,hbopenbid.pubmatic.com,request,2.6-202606,openrtb.value.invalid,error,imp[0].video.skip,3.2.7
p001660,namemc.com,hbopenbid.pubmatic.com,request,2.6-202606,openrtb.field.moved,error,regs.ext.gdpr,Section 3.2.3
p001662,myjoyonline.com,hbopenbid.pubmatic.com,request,2.6-202606,openrtb.field.moved,error,regs.ext.gdpr,Section 3.2.3
p001663,nationaltoday.com,hbopenbid.pubmatic.com,request,2.6-202606,openrtb.field.deprecated,warning,imp[0].video.placement,Section 3.2.7
p001664,nationaltoday.com,hbopenbid.pubmatic.com,request,2.6-202606,openrtb.field.deprecated,warning,imp[0].video.placement,Section 3.2.7
p001665,nationaltoday.com,hbopenbid.pubmatic.com,request,2.6-202606,openrtb.field.deprecated,warning,imp[0].video.placement,Section 3.2.7
p001666,nesn.com,hbopenbid.pubmatic.com,request,2.6-202606,openrtb.field.deprecated,warning,imp[0].video.placement,Section 3.2.7
p001666,nesn.com,hbopenbid.pubmatic.com,request,2.6-202606,openrtb.value.invalid,error,imp[0].video.skip,3.2.7
p001667,nesn.com,hbopenbid.pubmatic.com,request,2.6-202606,openrtb.field.deprecated,warning,imp[0].video.placement,Section 3.2.7
p001667,nesn.com,hbopenbid.pubmatic.com,request,2.6-202606,openrtb.value.invalid,error,imp[0].video.skip,3.2.7
p001668,philstar.com,hbopenbid.pubmatic.com,request,2.6-202606,openrtb.type.mismatch,error,site.publisher.id,3.2.15
p001669,pilotonline.com,hbopenbid.pubmatic.com,request,2.6-202606,openrtb.type.mismatch,error,device.geo.metro,3.2.19
p001669,pilotonline.com,hbopenbid.pubmatic.com,request,2.6-202606,openrtb.field.deprecated,warning,imp[0].video.placement,Section 3.2.7
p001669,pilotonline.com,hbopenbid.pubmatic.com,request,2.6-202606,openrtb.field.deprecated,warning,imp[1].video.placement,Section 3.2.7
p001669,pilotonline.com,hbopenbid.pubmatic.com,request,2.6-202606,openrtb.field.moved,error,regs.ext.gdpr,Section 3.2.3
p001669,pilotonline.com,hbopenbid.pubmatic.com,request,2.6-202606,openrtb.field.moved,error,user.ext.consent,Section 3.2.20
p001670,purposegames.com,hbopenbid.pubmatic.com,request,2.6-202606,openrtb.field.moved,error,regs.ext.gdpr,Section 3.2.3
p001672,purposegames.com,hbopenbid.pubmatic.com,request,2.6-202606,openrtb.field.moved,error,regs.ext.gdpr,Section 3.2.3
p001675,ranker.com,hbopenbid.pubmatic.com,request,2.6-202606,openrtb.field.deprecated,warning,imp[0].video.placement,Section 3.2.7
p001675,ranker.com,hbopenbid.pubmatic.com,request,2.6-202606,openrtb.value.invalid,error,imp[0].video.skip,3.2.7
p001678,ranker.com,hbopenbid.pubmatic.com,request,2.6-202606,openrtb.field.deprecated,warning,imp[0].video.placement,Section 3.2.7
p001678,ranker.com,hbopenbid.pubmatic.com,request,2.6-202606,openrtb.value.invalid,error,imp[0].video.skip,3.2.7
p001679,ranker.com,hbopenbid.pubmatic.com,request,2.6-202606,openrtb.field.deprecated,warning,imp[0].video.placement,Section 3.2.7
p001679,ranker.com,hbopenbid.pubmatic.com,request,2.6-202606,openrtb.value.invalid,error,imp[0].video.skip,3.2.7
p001680,ranker.com,hbopenbid.pubmatic.com,request,2.6-202606,openrtb.field.deprecated,warning,imp[0].video.placement,Section 3.2.7
p001680,ranker.com,hbopenbid.pubmatic.com,request,2.6-202606,openrtb.value.invalid,error,imp[0].video.skip,3.2.7
p001681,ranker.com,hbopenbid.pubmatic.com,request,2.6-202606,openrtb.field.deprecated,warning,imp[0].video.placement,Section 3.2.7
p001681,ranker.com,hbopenbid.pubmatic.com,request,2.6-202606,openrtb.value.invalid,error,imp[0].video.skip,3.2.7
p001682,rawstory.com,hbopenbid.pubmatic.com,request,2.6-202606,openrtb.type.mismatch,error,device.geo.metro,3.2.19
p001682,rawstory.com,hbopenbid.pubmatic.com,request,2.6-202606,openrtb.field.moved,error,regs.ext.gdpr,Section 3.2.3
p001682,rawstory.com,hbopenbid.pubmatic.com,request,2.6-202606,openrtb.field.moved,error,user.ext.consent,Section 3.2.20
p001683,rawstory.com,hbopenbid.pubmatic.com,request,2.6-202606,openrtb.type.mismatch,error,device.geo.metro,3.2.19
p001683,rawstory.com,hbopenbid.pubmatic.com,request,2.6-202606,openrtb.field.moved,error,regs.ext.gdpr,Section 3.2.3
p001683,rawstory.com,hbopenbid.pubmatic.com,request,2.6-202606,openrtb.field.moved,error,user.ext.consent,Section 3.2.20
p001689,salon.com,hbopenbid.pubmatic.com,request,2.6-202606,openrtb.field.deprecated,warning,imp[0].video.placement,Section 3.2.7
p001689,salon.com,hbopenbid.pubmatic.com,request,2.6-202606,openrtb.value.invalid,error,imp[0].video.skip,3.2.7
p001691,salon.com,hbopenbid.pubmatic.com,request,2.6-202606,openrtb.field.deprecated,warning,imp[0].video.placement,Section 3.2.7
p001691,salon.com,hbopenbid.pubmatic.com,request,2.6-202606,openrtb.value.invalid,error,imp[0].video.skip,3.2.7
p001692,salon.com,hbopenbid.pubmatic.com,request,2.6-202606,openrtb.field.deprecated,warning,imp[0].video.placement,Section 3.2.7
p001692,salon.com,hbopenbid.pubmatic.com,request,2.6-202606,openrtb.value.invalid,error,imp[0].video.skip,3.2.7
p001698,salon.com,hbopenbid.pubmatic.com,request,2.6-202606,openrtb.field.deprecated,warning,imp[0].video.placement,Section 3.2.7
p001698,salon.com,hbopenbid.pubmatic.com,request,2.6-202606,openrtb.value.invalid,error,imp[0].video.skip,3.2.7
p001699,salon.com,hbopenbid.pubmatic.com,request,2.6-202606,openrtb.field.deprecated,warning,imp[0].video.placement,Section 3.2.7
p001699,salon.com,hbopenbid.pubmatic.com,request,2.6-202606,openrtb.value.invalid,error,imp[0].video.skip,3.2.7
p001700,salon.com,hbopenbid.pubmatic.com,request,2.6-202606,openrtb.field.deprecated,warning,imp[0].video.placement,Section 3.2.7
p001700,salon.com,hbopenbid.pubmatic.com,request,2.6-202606,openrtb.value.invalid,error,imp[0].video.skip,3.2.7
p001701,salon.com,hbopenbid.pubmatic.com,request,2.6-202606,openrtb.field.deprecated,warning,imp[0].video.placement,Section 3.2.7
p001701,salon.com,hbopenbid.pubmatic.com,request,2.6-202606,openrtb.value.invalid,error,imp[0].video.skip,3.2.7
p001702,salon.com,hbopenbid.pubmatic.com,request,2.6-202606,openrtb.field.deprecated,warning,imp[0].video.placement,Section 3.2.7
p001702,salon.com,hbopenbid.pubmatic.com,request,2.6-202606,openrtb.value.invalid,error,imp[0].video.skip,3.2.7
p001703,sozcu.com.tr,hbopenbid.pubmatic.com,request,2.6-202606,openrtb.field.deprecated,warning,imp[0].video.placement,Section 3.2.7
p001703,sozcu.com.tr,hbopenbid.pubmatic.com,request,2.6-202606,openrtb.value.invalid,error,imp[0].video.skip,3.2.7
p001704,sozcu.com.tr,hbopenbid.pubmatic.com,request,2.6-202606,openrtb.field.deprecated,warning,imp[0].video.placement,Section 3.2.7
p001704,sozcu.com.tr,hbopenbid.pubmatic.com,request,2.6-202606,openrtb.value.invalid,error,imp[0].video.skip,3.2.7
p001705,sozcu.com.tr,hbopenbid.pubmatic.com,request,2.6-202606,openrtb.field.deprecated,warning,imp[0].video.placement,Section 3.2.7
p001705,sozcu.com.tr,hbopenbid.pubmatic.com,request,2.6-202606,openrtb.value.invalid,error,imp[0].video.skip,3.2.7
p001706,thesun.ie,hbopenbid.pubmatic.com,request,2.6-202606,openrtb.type.mismatch,error,device.geo.metro,3.2.19
p001706,thesun.ie,hbopenbid.pubmatic.com,request,2.6-202606,openrtb.field.deprecated,warning,imp[0].video.placement,Section 3.2.7
p001706,thesun.ie,hbopenbid.pubmatic.com,request,2.6-202606,openrtb.field.moved,error,regs.ext.gdpr,Section 3.2.3
p001706,thesun.ie,hbopenbid.pubmatic.com,request,2.6-202606,openrtb.field.moved,error,user.ext.consent,Section 3.2.20
p001707,upi.com,hbopenbid.pubmatic.com,request,2.6-202606,openrtb.field.deprecated,warning,imp[0].video.placement,Section 3.2.7
p001708,upi.com,hbopenbid.pubmatic.com,request,2.6-202606,openrtb.field.deprecated,warning,imp[0].video.placement,Section 3.2.7
p001709,upi.com,hbopenbid.pubmatic.com,request,2.6-202606,openrtb.field.deprecated,warning,imp[0].video.placement,Section 3.2.7
p001710,upi.com,hbopenbid.pubmatic.com,request,2.6-202606,openrtb.field.deprecated,warning,imp[0].video.placement,Section 3.2.7
p001711,upi.com,hbopenbid.pubmatic.com,request,2.6-202606,openrtb.field.deprecated,warning,imp[0].video.placement,Section 3.2.7
p001713,webdesignerdepot.com,hbopenbid.pubmatic.com,request,2.6-202606,openrtb.field.deprecated,warning,imp[0].video.placement,Section 3.2.7
p001713,webdesignerdepot.com,hbopenbid.pubmatic.com,request,2.6-202606,openrtb.value.invalid,error,imp[0].video.skip,3.2.7
p001714,webdesignerdepot.com,hbopenbid.pubmatic.com,request,2.6-202606,openrtb.field.deprecated,warning,imp[0].video.placement,Section 3.2.7
p001714,webdesignerdepot.com,hbopenbid.pubmatic.com,request,2.6-202606,openrtb.value.invalid,error,imp[0].video.skip,3.2.7
p001731,autoguide.com,htlb.casalemedia.com,request,2.6-202606,openrtb.field.moved,error,regs.ext.gdpr,Section 3.2.3
p001732,autoguide.com,htlb.casalemedia.com,request,2.6-202606,openrtb.field.moved,error,regs.ext.gdpr,Section 3.2.3
p001733,autoguide.com,htlb.casalemedia.com,request,2.6-202606,openrtb.field.moved,error,regs.ext.gdpr,Section 3.2.3
p001734,autoguide.com,htlb.casalemedia.com,request,2.6-202606,openrtb.field.moved,error,regs.ext.gdpr,Section 3.2.3
p001735,autoguide.com,htlb.casalemedia.com,request,2.6-202606,openrtb.field.moved,error,regs.ext.gdpr,Section 3.2.3
p001736,autoguide.com,htlb.casalemedia.com,request,2.6-202606,openrtb.field.moved,error,regs.ext.gdpr,Section 3.2.3
p001737,autoguide.com,htlb.casalemedia.com,request,2.6-202606,openrtb.field.moved,error,regs.ext.gdpr,Section 3.2.3
p001738,autoguide.com,htlb.casalemedia.com,request,2.6-202606,openrtb.field.moved,error,regs.ext.gdpr,Section 3.2.3
p001739,autoguide.com,htlb.casalemedia.com,request,2.6-202606,openrtb.field.moved,error,regs.ext.gdpr,Section 3.2.3
p001740,autoguide.com,htlb.casalemedia.com,request,2.6-202606,openrtb.field.moved,error,regs.ext.gdpr,Section 3.2.3
p001741,autoguide.com,htlb.casalemedia.com,request,2.6-202606,openrtb.field.moved,error,regs.ext.gdpr,Section 3.2.3
p001742,autoguide.com,htlb.casalemedia.com,request,2.6-202606,openrtb.field.moved,error,regs.ext.gdpr,Section 3.2.3
p001743,autoguide.com,htlb.casalemedia.com,request,2.6-202606,openrtb.field.moved,error,regs.ext.gdpr,Section 3.2.3
p001744,autoguide.com,htlb.casalemedia.com,request,2.6-202606,openrtb.field.moved,error,regs.ext.gdpr,Section 3.2.3
p001745,autoguide.com,htlb.casalemedia.com,request,2.6-202606,openrtb.field.moved,error,regs.ext.gdpr,Section 3.2.3
p001746,autoguide.com,htlb.casalemedia.com,request,2.6-202606,openrtb.field.moved,error,regs.ext.gdpr,Section 3.2.3
p001761,chl.ca,htlb.casalemedia.com,request,2.6-202606,openrtb.field.undefined,error,user.eids[4].rti_partner,3.2.27
p001762,chicagotribune.com,htlb.casalemedia.com,request,2.6-202606,openrtb.field.deprecated,warning,imp[0].video.placement,Section 3.2.7
p001762,chicagotribune.com,htlb.casalemedia.com,request,2.6-202606,openrtb.field.undefined,error,imp[0].video.playerSize,3.2.7
p001764,chicagotribune.com,htlb.casalemedia.com,request,2.6-202606,openrtb.field.deprecated,warning,imp[0].video.placement,Section 3.2.7
p001764,chicagotribune.com,htlb.casalemedia.com,request,2.6-202606,openrtb.field.undefined,error,imp[0].video.playerSize,3.2.7
p001767,chicagotribune.com,htlb.casalemedia.com,request,2.6-202606,openrtb.field.deprecated,warning,imp[0].video.placement,Section 3.2.7
p001767,chicagotribune.com,htlb.casalemedia.com,request,2.6-202606,openrtb.field.undefined,error,imp[0].video.playerSize,3.2.7
p001770,chl.ca,htlb.casalemedia.com,request,2.6-202606,openrtb.field.undefined,error,user.eids[7].rti_partner,3.2.27
p001772,chicagotribune.com,htlb.casalemedia.com,request,2.6-202606,openrtb.field.deprecated,warning,imp[0].video.placement,Section 3.2.7
p001772,chicagotribune.com,htlb.casalemedia.com,request,2.6-202606,openrtb.field.undefined,error,imp[0].video.playerSize,3.2.7
p001772,chicagotribune.com,htlb.casalemedia.com,request,2.6-202606,openrtb.field.undefined,error,user.eids[10].uids[0].stype,3.2.28
p001773,chicagotribune.com,htlb.casalemedia.com,request,2.6-202606,openrtb.field.deprecated,warning,imp[0].video.placement,Section 3.2.7
p001773,chicagotribune.com,htlb.casalemedia.com,request,2.6-202606,openrtb.field.undefined,error,imp[0].video.playerSize,3.2.7
p001773,chicagotribune.com,htlb.casalemedia.com,request,2.6-202606,openrtb.field.undefined,error,user.eids[12].uids[0].stype,3.2.28
p001775,cityam.com,htlb.casalemedia.com,request,2.6-202606,openrtb.field.moved,error,regs.ext.gdpr,Section 3.2.3
p001777,cornucopia.se,htlb.casalemedia.com,request,2.6-202606,openrtb.field.moved,error,regs.ext.gdpr,Section 3.2.3
p001778,cornucopia.se,htlb.casalemedia.com,request,2.6-202606,openrtb.field.moved,error,regs.ext.gdpr,Section 3.2.3
p001781,csfd.cz,htlb.casalemedia.com,request,2.6-202606,openrtb.field.moved,error,regs.ext.gdpr,Section 3.2.3
p001781,csfd.cz,htlb.casalemedia.com,request,2.6-202606,openrtb.field.moved,error,user.ext.consent,Section 3.2.20
p001784,cupofjo.com,htlb.casalemedia.com,request,2.6-202606,openrtb.field.deprecated,warning,imp[0].video.placement,Section 3.2.7
p001784,cupofjo.com,htlb.casalemedia.com,request,2.6-202606,openrtb.field.undefined,error,imp[0].video.playerSize,3.2.7
p001784,cupofjo.com,htlb.casalemedia.com,request,2.6-202606,openrtb.value.invalid,error,imp[0].video.skip,3.2.7
p001785,csfd.cz,htlb.casalemedia.com,request,2.6-202606,openrtb.field.moved,error,regs.ext.gdpr,Section 3.2.3
p001785,csfd.cz,htlb.casalemedia.com,request,2.6-202606,openrtb.field.moved,error,user.ext.consent,Section 3.2.20
p001788,cupofjo.com,htlb.casalemedia.com,request,2.6-202606,openrtb.field.deprecated,warning,imp[0].video.placement,Section 3.2.7
p001788,cupofjo.com,htlb.casalemedia.com,request,2.6-202606,openrtb.field.undefined,error,imp[0].video.playerSize,3.2.7
p001788,cupofjo.com,htlb.casalemedia.com,request,2.6-202606,openrtb.value.invalid,error,imp[0].video.skip,3.2.7
p001789,cupofjo.com,htlb.casalemedia.com,request,2.6-202606,openrtb.field.deprecated,warning,imp[0].video.placement,Section 3.2.7
p001789,cupofjo.com,htlb.casalemedia.com,request,2.6-202606,openrtb.field.undefined,error,imp[0].video.playerSize,3.2.7
p001789,cupofjo.com,htlb.casalemedia.com,request,2.6-202606,openrtb.value.invalid,error,imp[0].video.skip,3.2.7
p001794,dailykos.com,htlb.casalemedia.com,request,2.6-202606,openrtb.field.undefined,error,user.eids[7].rti_partner,3.2.27
p001798,elespectador.com,htlb.casalemedia.com,request,2.6-202606,openrtb.type.mismatch,error,site.publisher.id,3.2.15
p001799,elespectador.com,htlb.casalemedia.com,request,2.6-202606,openrtb.type.mismatch,error,site.publisher.id,3.2.15
p001800,elespectador.com,htlb.casalemedia.com,request,2.6-202606,openrtb.type.mismatch,error,site.publisher.id,3.2.15
p001801,elespectador.com,htlb.casalemedia.com,request,2.6-202606,openrtb.type.mismatch,error,site.publisher.id,3.2.15
p001802,elespectador.com,htlb.casalemedia.com,request,2.6-202606,openrtb.type.mismatch,error,site.publisher.id,3.2.15
p001803,elespectador.com,htlb.casalemedia.com,request,2.6-202606,openrtb.type.mismatch,error,site.publisher.id,3.2.15
p001804,elespectador.com,htlb.casalemedia.com,request,2.6-202606,openrtb.type.mismatch,error,site.publisher.id,3.2.15
p001805,elespectador.com,htlb.casalemedia.com,request,2.6-202606,openrtb.type.mismatch,error,site.publisher.id,3.2.15
p001814,fncstatic.com,htlb.casalemedia.com,request,2.6-202606,openrtb.field.deprecated,warning,imp[0].video.placement,Section 3.2.7
p001814,fncstatic.com,htlb.casalemedia.com,request,2.6-202606,openrtb.field.undefined,error,imp[0].video.playerSize,3.2.7
p001816,fncstatic.com,htlb.casalemedia.com,request,2.6-202606,openrtb.field.deprecated,warning,imp[0].video.placement,Section 3.2.7
p001816,fncstatic.com,htlb.casalemedia.com,request,2.6-202606,openrtb.field.undefined,error,imp[0].video.playerSize,3.2.7
p001821,fox11online.com,htlb.casalemedia.com,request,2.6-202606,openrtb.field.deprecated,warning,imp[0].video.placement,Section 3.2.7
p001821,fox11online.com,htlb.casalemedia.com,request,2.6-202606,openrtb.field.undefined,error,imp[0].video.playerSize,3.2.7
p001821,fox11online.com,htlb.casalemedia.com,request,2.6-202606,openrtb.field.moved,error,regs.ext.gdpr,Section 3.2.3
p001822,fox11online.com,htlb.casalemedia.com,request,2.6-202606,openrtb.field.moved,error,regs.ext.gdpr,Section 3.2.3
p001823,fox11online.com,htlb.casalemedia.com,request,2.6-202606,openrtb.field.deprecated,warning,imp[0].video.placement,Section 3.2.7
p001823,fox11online.com,htlb.casalemedia.com,request,2.6-202606,openrtb.field.undefined,error,imp[0].video.playerSize,3.2.7
p001823,fox11online.com,htlb.casalemedia.com,request,2.6-202606,openrtb.field.moved,error,regs.ext.gdpr,Section 3.2.3
p001824,fox11online.com,htlb.casalemedia.com,request,2.6-202606,openrtb.field.moved,error,regs.ext.gdpr,Section 3.2.3
p001825,fox11online.com,htlb.casalemedia.com,request,2.6-202606,openrtb.field.deprecated,warning,imp[0].video.placement,Section 3.2.7
p001825,fox11online.com,htlb.casalemedia.com,request,2.6-202606,openrtb.field.undefined,error,imp[0].video.playerSize,3.2.7
p001827,fox11online.com,htlb.casalemedia.com,request,2.6-202606,openrtb.field.deprecated,warning,imp[0].video.placement,Section 3.2.7
p001827,fox11online.com,htlb.casalemedia.com,request,2.6-202606,openrtb.field.undefined,error,imp[0].video.playerSize,3.2.7
p001829,fox11online.com,htlb.casalemedia.com,request,2.6-202606,openrtb.field.deprecated,warning,imp[0].video.placement,Section 3.2.7
p001829,fox11online.com,htlb.casalemedia.com,request,2.6-202606,openrtb.field.undefined,error,imp[0].video.playerSize,3.2.7
p001830,giantfreakinrobot.com,htlb.casalemedia.com,request,2.6-202606,openrtb.type.mismatch,error,user.eids[3].uids[0].id,3.2.28
p001831,giantfreakinrobot.com,htlb.casalemedia.com,request,2.6-202606,openrtb.field.deprecated,warning,imp[0].video.placement,Section 3.2.7
p001831,giantfreakinrobot.com,htlb.casalemedia.com,request,2.6-202606,openrtb.value.invalid,error,imp[0].video.skip,3.2.7
p001835,halfbakedharvest.com,htlb.casalemedia.com,request,2.6-202606,openrtb.field.deprecated,warning,imp[0].video.placement,Section 3.2.7
p001835,halfbakedharvest.com,htlb.casalemedia.com,request,2.6-202606,openrtb.field.undefined,error,imp[0].video.playerSize,3.2.7
p001835,halfbakedharvest.com,htlb.casalemedia.com,request,2.6-202606,openrtb.value.invalid,error,imp[0].video.skip,3.2.7
p001836,halfbakedharvest.com,htlb.casalemedia.com,request,2.6-202606,openrtb.field.deprecated,warning,imp[1].video.placement,Section 3.2.7
p001836,halfbakedharvest.com,htlb.casalemedia.com,request,2.6-202606,openrtb.field.undefined,error,imp[1].video.playerSize,3.2.7
p001836,halfbakedharvest.com,htlb.casalemedia.com,request,2.6-202606,openrtb.value.invalid,error,imp[1].video.skip,3.2.7
p001839,halfbakedharvest.com,htlb.casalemedia.com,request,2.6-202606,openrtb.field.deprecated,warning,imp[0].video.placement,Section 3.2.7
p001839,halfbakedharvest.com,htlb.casalemedia.com,request,2.6-202606,openrtb.field.undefined,error,imp[0].video.playerSize,3.2.7
p001839,halfbakedharvest.com,htlb.casalemedia.com,request,2.6-202606,openrtb.value.invalid,error,imp[0].video.skip,3.2.7
p001840,halfbakedharvest.com,htlb.casalemedia.com,request,2.6-202606,openrtb.field.deprecated,warning,imp[0].video.placement,Section 3.2.7
p001840,halfbakedharvest.com,htlb.casalemedia.com,request,2.6-202606,openrtb.field.undefined,error,imp[0].video.playerSize,3.2.7
p001840,halfbakedharvest.com,htlb.casalemedia.com,request,2.6-202606,openrtb.value.invalid,error,imp[0].video.skip,3.2.7
p001843,halfbakedharvest.com,htlb.casalemedia.com,request,2.6-202606,openrtb.field.deprecated,warning,imp[0].video.placement,Section 3.2.7
p001843,halfbakedharvest.com,htlb.casalemedia.com,request,2.6-202606,openrtb.field.undefined,error,imp[0].video.playerSize,3.2.7
p001843,halfbakedharvest.com,htlb.casalemedia.com,request,2.6-202606,openrtb.value.invalid,error,imp[0].video.skip,3.2.7
p001845,halfbakedharvest.com,htlb.casalemedia.com,request,2.6-202606,openrtb.field.deprecated,warning,imp[0].video.placement,Section 3.2.7
p001845,halfbakedharvest.com,htlb.casalemedia.com,request,2.6-202606,openrtb.field.undefined,error,imp[0].video.playerSize,3.2.7
p001845,halfbakedharvest.com,htlb.casalemedia.com,request,2.6-202606,openrtb.value.invalid,error,imp[0].video.skip,3.2.7
p001846,halfbakedharvest.com,htlb.casalemedia.com,request,2.6-202606,openrtb.field.deprecated,warning,imp[0].video.placement,Section 3.2.7
p001846,halfbakedharvest.com,htlb.casalemedia.com,request,2.6-202606,openrtb.field.undefined,error,imp[0].video.playerSize,3.2.7
p001846,halfbakedharvest.com,htlb.casalemedia.com,request,2.6-202606,openrtb.value.invalid,error,imp[0].video.skip,3.2.7
p001848,imore.com,htlb.casalemedia.com,request,2.6-202606,openrtb.field.moved,error,regs.ext.gdpr,Section 3.2.3
p001849,iheart.com,htlb.casalemedia.com,request,2.6-202606,openrtb.field.deprecated,warning,imp[2].video.placement,Section 3.2.7
p001849,iheart.com,htlb.casalemedia.com,request,2.6-202606,openrtb.field.undefined,error,imp[2].video.playerSize,3.2.7
p001849,iheart.com,htlb.casalemedia.com,request,2.6-202606,openrtb.value.invalid,error,imp[2].video.skip,3.2.7
p001850,imore.com,htlb.casalemedia.com,request,2.6-202606,openrtb.field.moved,error,regs.ext.gdpr,Section 3.2.3
p001851,imore.com,htlb.casalemedia.com,request,2.6-202606,openrtb.field.moved,error,regs.ext.gdpr,Section 3.2.3
p001866,moly.hu,htlb.casalemedia.com,request,2.6-202606,openrtb.field.moved,error,regs.ext.gdpr,Section 3.2.3
p001867,montgomeryadvertiser.com,htlb.casalemedia.com,request,2.6-202606,openrtb.field.undefined,error,device.geo.state,3.2.19
p001867,montgomeryadvertiser.com,htlb.casalemedia.com,request,2.6-202606,openrtb.field.deprecated,warning,imp[0].video.placement,Section 3.2.7
p001867,montgomeryadvertiser.com,htlb.casalemedia.com,request,2.6-202606,openrtb.field.undefined,error,imp[0].video.playerSize,3.2.7
p001869,moly.hu,htlb.casalemedia.com,request,2.6-202606,openrtb.field.moved,error,regs.ext.gdpr,Section 3.2.3
p001871,namemc.com,htlb.casalemedia.com,request,2.6-202606,openrtb.field.moved,error,regs.ext.gdpr,Section 3.2.3
p001872,namemc.com,htlb.casalemedia.com,request,2.6-202606,openrtb.field.deprecated,warning,imp[0].video.placement,Section 3.2.7
p001872,namemc.com,htlb.casalemedia.com,request,2.6-202606,openrtb.field.undefined,error,imp[0].video.playerSize,3.2.7
p001873,namemc.com,htlb.casalemedia.com,request,2.6-202606,openrtb.field.deprecated,warning,imp[0].video.placement,Section 3.2.7
p001873,namemc.com,htlb.casalemedia.com,request,2.6-202606,openrtb.field.undefined,error,imp[0].video.playerSize,3.2.7
p001896,nintendoeverything.com,htlb.casalemedia.com,request,2.6-202606,openrtb.field.deprecated,warning,imp[2].video.placement,Section 3.2.7
p001896,nintendoeverything.com,htlb.casalemedia.com,request,2.6-202606,openrtb.field.undefined,error,imp[2].video.playerSize,3.2.7
p001896,nintendoeverything.com,htlb.casalemedia.com,request,2.6-202606,openrtb.value.invalid,error,imp[2].video.skip,3.2.7
p001896,nintendoeverything.com,htlb.casalemedia.com,request,2.6-202606,openrtb.type.mismatch,error,user.eids[3].uids[0].id,3.2.28
p001897,nintendoeverything.com,htlb.casalemedia.com,request,2.6-202606,openrtb.field.deprecated,warning,imp[3].video.placement,Section 3.2.7
p001897,nintendoeverything.com,htlb.casalemedia.com,request,2.6-202606,openrtb.field.undefined,error,imp[3].video.playerSize,3.2.7
p001897,nintendoeverything.com,htlb.casalemedia.com,request,2.6-202606,openrtb.value.invalid,error,imp[3].video.skip,3.2.7
p001897,nintendoeverything.com,htlb.casalemedia.com,request,2.6-202606,openrtb.field.deprecated,warning,imp[4].video.placement,Section 3.2.7
p001897,nintendoeverything.com,htlb.casalemedia.com,request,2.6-202606,openrtb.field.undefined,error,imp[4].video.playerSize,3.2.7
p001897,nintendoeverything.com,htlb.casalemedia.com,request,2.6-202606,openrtb.value.invalid,error,imp[4].video.skip,3.2.7
p001897,nintendoeverything.com,htlb.casalemedia.com,request,2.6-202606,openrtb.type.mismatch,error,user.eids[4].uids[0].id,3.2.28
p001898,nintendoeverything.com,htlb.casalemedia.com,request,2.6-202606,openrtb.field.deprecated,warning,imp[1].video.placement,Section 3.2.7
p001898,nintendoeverything.com,htlb.casalemedia.com,request,2.6-202606,openrtb.field.undefined,error,imp[1].video.playerSize,3.2.7
p001898,nintendoeverything.com,htlb.casalemedia.com,request,2.6-202606,openrtb.value.invalid,error,imp[1].video.skip,3.2.7
p001898,nintendoeverything.com,htlb.casalemedia.com,request,2.6-202606,openrtb.type.mismatch,error,user.eids[12].uids[0].id,3.2.28
p001899,nintendoeverything.com,htlb.casalemedia.com,request,2.6-202606,openrtb.field.deprecated,warning,imp[1].video.placement,Section 3.2.7
p001899,nintendoeverything.com,htlb.casalemedia.com,request,2.6-202606,openrtb.field.undefined,error,imp[1].video.playerSize,3.2.7
p001899,nintendoeverything.com,htlb.casalemedia.com,request,2.6-202606,openrtb.value.invalid,error,imp[1].video.skip,3.2.7
p001899,nintendoeverything.com,htlb.casalemedia.com,request,2.6-202606,openrtb.type.mismatch,error,user.eids[12].uids[0].id,3.2.28
p001902,nintendoeverything.com,htlb.casalemedia.com,request,2.6-202606,openrtb.field.deprecated,warning,imp[1].video.placement,Section 3.2.7
p001902,nintendoeverything.com,htlb.casalemedia.com,request,2.6-202606,openrtb.field.undefined,error,imp[1].video.playerSize,3.2.7
p001902,nintendoeverything.com,htlb.casalemedia.com,request,2.6-202606,openrtb.value.invalid,error,imp[1].video.skip,3.2.7
p001902,nintendoeverything.com,htlb.casalemedia.com,request,2.6-202606,openrtb.type.mismatch,error,user.eids[12].uids[0].id,3.2.28
p001903,nintendoeverything.com,htlb.casalemedia.com,request,2.6-202606,openrtb.field.deprecated,warning,imp[4].video.placement,Section 3.2.7
p001903,nintendoeverything.com,htlb.casalemedia.com,request,2.6-202606,openrtb.field.undefined,error,imp[4].video.playerSize,3.2.7
p001903,nintendoeverything.com,htlb.casalemedia.com,request,2.6-202606,openrtb.value.invalid,error,imp[4].video.skip,3.2.7
p001903,nintendoeverything.com,htlb.casalemedia.com,request,2.6-202606,openrtb.field.deprecated,warning,imp[5].video.placement,Section 3.2.7
p001903,nintendoeverything.com,htlb.casalemedia.com,request,2.6-202606,openrtb.field.undefined,error,imp[5].video.playerSize,3.2.7
p001903,nintendoeverything.com,htlb.casalemedia.com,request,2.6-202606,openrtb.value.invalid,error,imp[5].video.skip,3.2.7
p001903,nintendoeverything.com,htlb.casalemedia.com,request,2.6-202606,openrtb.field.deprecated,warning,imp[6].video.placement,Section 3.2.7
p001903,nintendoeverything.com,htlb.casalemedia.com,request,2.6-202606,openrtb.field.undefined,error,imp[6].video.playerSize,3.2.7
p001903,nintendoeverything.com,htlb.casalemedia.com,request,2.6-202606,openrtb.value.invalid,error,imp[6].video.skip,3.2.7
p001903,nintendoeverything.com,htlb.casalemedia.com,request,2.6-202606,openrtb.type.mismatch,error,user.eids[15].uids[0].id,3.2.28
p001904,nintendoeverything.com,htlb.casalemedia.com,request,2.6-202606,openrtb.field.deprecated,warning,imp[1].video.placement,Section 3.2.7
p001904,nintendoeverything.com,htlb.casalemedia.com,request,2.6-202606,openrtb.field.undefined,error,imp[1].video.playerSize,3.2.7
p001904,nintendoeverything.com,htlb.casalemedia.com,request,2.6-202606,openrtb.value.invalid,error,imp[1].video.skip,3.2.7
p001904,nintendoeverything.com,htlb.casalemedia.com,request,2.6-202606,openrtb.type.mismatch,error,user.eids[14].uids[0].id,3.2.28
p001905,nintendoeverything.com,htlb.casalemedia.com,request,2.6-202606,openrtb.field.deprecated,warning,imp[0].video.placement,Section 3.2.7
p001905,nintendoeverything.com,htlb.casalemedia.com,request,2.6-202606,openrtb.field.undefined,error,imp[0].video.playerSize,3.2.7
p001905,nintendoeverything.com,htlb.casalemedia.com,request,2.6-202606,openrtb.type.mismatch,error,user.eids[14].uids[0].id,3.2.28
p001906,nintendoeverything.com,htlb.casalemedia.com,request,2.6-202606,openrtb.field.deprecated,warning,imp[0].video.placement,Section 3.2.7
p001906,nintendoeverything.com,htlb.casalemedia.com,request,2.6-202606,openrtb.field.undefined,error,imp[0].video.playerSize,3.2.7
p001906,nintendoeverything.com,htlb.casalemedia.com,request,2.6-202606,openrtb.type.mismatch,error,user.eids[14].uids[0].id,3.2.28
p001909,outsideonline.com,htlb.casalemedia.com,request,2.6-202606,openrtb.field.moved,error,regs.ext.gdpr,Section 3.2.3
p001910,outsideonline.com,htlb.casalemedia.com,request,2.6-202606,openrtb.field.moved,error,regs.ext.gdpr,Section 3.2.3
p001911,outsideonline.com,htlb.casalemedia.com,request,2.6-202606,openrtb.field.moved,error,regs.ext.gdpr,Section 3.2.3
p001912,outsideonline.com,htlb.casalemedia.com,request,2.6-202606,openrtb.field.moved,error,regs.ext.gdpr,Section 3.2.3
p001913,outsideonline.com,htlb.casalemedia.com,request,2.6-202606,openrtb.field.moved,error,regs.ext.gdpr,Section 3.2.3
p001914,outsideonline.com,htlb.casalemedia.com,request,2.6-202606,openrtb.field.moved,error,regs.ext.gdpr,Section 3.2.3
p001915,outsideonline.com,htlb.casalemedia.com,request,2.6-202606,openrtb.field.moved,error,regs.ext.gdpr,Section 3.2.3
p001916,outsideonline.com,htlb.casalemedia.com,request,2.6-202606,openrtb.field.moved,error,regs.ext.gdpr,Section 3.2.3
p001917,outsideonline.com,htlb.casalemedia.com,request,2.6-202606,openrtb.field.moved,error,regs.ext.gdpr,Section 3.2.3
p001918,outsideonline.com,htlb.casalemedia.com,request,2.6-202606,openrtb.field.moved,error,regs.ext.gdpr,Section 3.2.3
p001919,outsideonline.com,htlb.casalemedia.com,request,2.6-202606,openrtb.field.moved,error,regs.ext.gdpr,Section 3.2.3
p001920,outsideonline.com,htlb.casalemedia.com,request,2.6-202606,openrtb.field.moved,error,regs.ext.gdpr,Section 3.2.3
p001922,pilotonline.com,htlb.casalemedia.com,request,2.6-202606,openrtb.field.deprecated,warning,imp[0].video.placement,Section 3.2.7
p001922,pilotonline.com,htlb.casalemedia.com,request,2.6-202606,openrtb.field.undefined,error,imp[0].video.playerSize,3.2.7
p001924,philstar.com,htlb.casalemedia.com,request,2.6-202606,openrtb.type.mismatch,error,site.publisher.id,3.2.15
p001925,pilotonline.com,htlb.casalemedia.com,request,2.6-202606,openrtb.field.deprecated,warning,imp[0].video.placement,Section 3.2.7
p001925,pilotonline.com,htlb.casalemedia.com,request,2.6-202606,openrtb.field.undefined,error,imp[0].video.playerSize,3.2.7
p001929,pilotonline.com,htlb.casalemedia.com,request,2.6-202606,openrtb.field.deprecated,warning,imp[0].video.placement,Section 3.2.7
p001929,pilotonline.com,htlb.casalemedia.com,request,2.6-202606,openrtb.field.undefined,error,imp[0].video.playerSize,3.2.7
p001932,psychcentral.com,htlb.casalemedia.com,request,2.6-202606,openrtb.field.deprecated,warning,imp[0].video.placement,Section 3.2.7
p001932,psychcentral.com,htlb.casalemedia.com,request,2.6-202606,openrtb.field.undefined,error,imp[0].video.playerSize,3.2.7
p001933,purposegames.com,htlb.casalemedia.com,request,2.6-202606,openrtb.field.moved,error,regs.ext.gdpr,Section 3.2.3
p001935,purposegames.com,htlb.casalemedia.com,request,2.6-202606,openrtb.field.moved,error,regs.ext.gdpr,Section 3.2.3
p001938,ranker.com,htlb.casalemedia.com,request,2.6-202606,openrtb.field.deprecated,warning,imp[1].video.placement,Section 3.2.7
p001938,ranker.com,htlb.casalemedia.com,request,2.6-202606,openrtb.field.undefined,error,imp[1].video.playerSize,3.2.7
p001938,ranker.com,htlb.casalemedia.com,request,2.6-202606,openrtb.value.invalid,error,imp[1].video.skip,3.2.7
p001941,ranker.com,htlb.casalemedia.com,request,2.6-202606,openrtb.field.deprecated,warning,imp[0].video.placement,Section 3.2.7
p001941,ranker.com,htlb.casalemedia.com,request,2.6-202606,openrtb.field.undefined,error,imp[0].video.playerSize,3.2.7
p001941,ranker.com,htlb.casalemedia.com,request,2.6-202606,openrtb.value.invalid,error,imp[0].video.skip,3.2.7
p001942,ranker.com,htlb.casalemedia.com,request,2.6-202606,openrtb.field.deprecated,warning,imp[0].video.placement,Section 3.2.7
p001942,ranker.com,htlb.casalemedia.com,request,2.6-202606,openrtb.field.undefined,error,imp[0].video.playerSize,3.2.7
p001942,ranker.com,htlb.casalemedia.com,request,2.6-202606,openrtb.value.invalid,error,imp[0].video.skip,3.2.7
p001943,ranker.com,htlb.casalemedia.com,request,2.6-202606,openrtb.field.deprecated,warning,imp[0].video.placement,Section 3.2.7
p001943,ranker.com,htlb.casalemedia.com,request,2.6-202606,openrtb.field.undefined,error,imp[0].video.playerSize,3.2.7
p001943,ranker.com,htlb.casalemedia.com,request,2.6-202606,openrtb.value.invalid,error,imp[0].video.skip,3.2.7
p001944,ranker.com,htlb.casalemedia.com,request,2.6-202606,openrtb.field.deprecated,warning,imp[0].video.placement,Section 3.2.7
p001944,ranker.com,htlb.casalemedia.com,request,2.6-202606,openrtb.field.undefined,error,imp[0].video.playerSize,3.2.7
p001944,ranker.com,htlb.casalemedia.com,request,2.6-202606,openrtb.value.invalid,error,imp[0].video.skip,3.2.7
p001945,rawstory.com,htlb.casalemedia.com,request,2.6-202606,openrtb.field.moved,error,regs.ext.gdpr,Section 3.2.3
p001945,rawstory.com,htlb.casalemedia.com,request,2.6-202606,openrtb.field.moved,error,user.ext.consent,Section 3.2.20
p001946,rawstory.com,htlb.casalemedia.com,request,2.6-202606,openrtb.field.moved,error,regs.ext.gdpr,Section 3.2.3
p001946,rawstory.com,htlb.casalemedia.com,request,2.6-202606,openrtb.field.moved,error,user.ext.consent,Section 3.2.20
p001947,rawstory.com,htlb.casalemedia.com,request,2.6-202606,openrtb.field.moved,error,regs.ext.gdpr,Section 3.2.3
p001947,rawstory.com,htlb.casalemedia.com,request,2.6-202606,openrtb.field.moved,error,user.ext.consent,Section 3.2.20
p001948,rawstory.com,htlb.casalemedia.com,request,2.6-202606,openrtb.field.moved,error,regs.ext.gdpr,Section 3.2.3
p001948,rawstory.com,htlb.casalemedia.com,request,2.6-202606,openrtb.field.moved,error,user.ext.consent,Section 3.2.20
p001952,self.com,htlb.casalemedia.com,request,2.6-202606,openrtb.field.undefined,error,imp[0].video.language,3.2.7
p001952,self.com,htlb.casalemedia.com,request,2.6-202606,openrtb.field.deprecated,warning,imp[0].video.placement,Section 3.2.7
p001952,self.com,htlb.casalemedia.com,request,2.6-202606,openrtb.field.undefined,error,imp[0].video.playerSize,3.2.7
p001952,self.com,htlb.casalemedia.com,request,2.6-202606,openrtb.field.undefined,error,imp[0].video.size_id,3.2.7
p001954,socialblade.com,htlb.casalemedia.com,request,2.6-202606,openrtb.field.deprecated,warning,imp[6].video.placement,Section 3.2.7
p001954,socialblade.com,htlb.casalemedia.com,request,2.6-202606,openrtb.field.undefined,error,imp[6].video.playerSize,3.2.7
p001954,socialblade.com,htlb.casalemedia.com,request,2.6-202606,openrtb.value.invalid,error,imp[6].video.skip,3.2.7
p001959,salon.com,htlb.casalemedia.com,request,2.6-202606,openrtb.field.deprecated,warning,imp[0].video.placement,Section 3.2.7
p001959,salon.com,htlb.casalemedia.com,request,2.6-202606,openrtb.field.undefined,error,imp[0].video.playerSize,3.2.7
p001959,salon.com,htlb.casalemedia.com,request,2.6-202606,openrtb.value.invalid,error,imp[0].video.skip,3.2.7
p001961,salon.com,htlb.casalemedia.com,request,2.6-202606,openrtb.field.deprecated,warning,imp[0].video.placement,Section 3.2.7
p001961,salon.com,htlb.casalemedia.com,request,2.6-202606,openrtb.field.undefined,error,imp[0].video.playerSize,3.2.7
p001961,salon.com,htlb.casalemedia.com,request,2.6-202606,openrtb.value.invalid,error,imp[0].video.skip,3.2.7
p001962,salon.com,htlb.casalemedia.com,request,2.6-202606,openrtb.field.deprecated,warning,imp[1].video.placement,Section 3.2.7
p001962,salon.com,htlb.casalemedia.com,request,2.6-202606,openrtb.field.undefined,error,imp[1].video.playerSize,3.2.7
p001962,salon.com,htlb.casalemedia.com,request,2.6-202606,openrtb.value.invalid,error,imp[1].video.skip,3.2.7
p001968,salon.com,htlb.casalemedia.com,request,2.6-202606,openrtb.field.deprecated,warning,imp[0].video.placement,Section 3.2.7
p001968,salon.com,htlb.casalemedia.com,request,2.6-202606,openrtb.field.undefined,error,imp[0].video.playerSize,3.2.7
p001968,salon.com,htlb.casalemedia.com,request,2.6-202606,openrtb.value.invalid,error,imp[0].video.skip,3.2.7
p001969,salon.com,htlb.casalemedia.com,request,2.6-202606,openrtb.field.deprecated,warning,imp[0].video.placement,Section 3.2.7
p001969,salon.com,htlb.casalemedia.com,request,2.6-202606,openrtb.field.undefined,error,imp[0].video.playerSize,3.2.7
p001969,salon.com,htlb.casalemedia.com,request,2.6-202606,openrtb.value.invalid,error,imp[0].video.skip,3.2.7
p001970,salon.com,htlb.casalemedia.com,request,2.6-202606,openrtb.field.deprecated,warning,imp[0].video.placement,Section 3.2.7
p001970,salon.com,htlb.casalemedia.com,request,2.6-202606,openrtb.field.undefined,error,imp[0].video.playerSize,3.2.7
p001970,salon.com,htlb.casalemedia.com,request,2.6-202606,openrtb.value.invalid,error,imp[0].video.skip,3.2.7
p001971,salon.com,htlb.casalemedia.com,request,2.6-202606,openrtb.field.deprecated,warning,imp[0].video.placement,Section 3.2.7
p001971,salon.com,htlb.casalemedia.com,request,2.6-202606,openrtb.field.undefined,error,imp[0].video.playerSize,3.2.7
p001971,salon.com,htlb.casalemedia.com,request,2.6-202606,openrtb.value.invalid,error,imp[0].video.skip,3.2.7
p001972,salon.com,htlb.casalemedia.com,request,2.6-202606,openrtb.field.deprecated,warning,imp[0].video.placement,Section 3.2.7
p001972,salon.com,htlb.casalemedia.com,request,2.6-202606,openrtb.field.undefined,error,imp[0].video.playerSize,3.2.7
p001972,salon.com,htlb.casalemedia.com,request,2.6-202606,openrtb.value.invalid,error,imp[0].video.skip,3.2.7
p001973,self.com,htlb.casalemedia.com,request,2.6-202606,openrtb.field.undefined,error,imp[0].video.language,3.2.7
p001973,self.com,htlb.casalemedia.com,request,2.6-202606,openrtb.field.deprecated,warning,imp[0].video.placement,Section 3.2.7
p001973,self.com,htlb.casalemedia.com,request,2.6-202606,openrtb.field.undefined,error,imp[0].video.playerSize,3.2.7
p001973,self.com,htlb.casalemedia.com,request,2.6-202606,openrtb.field.undefined,error,imp[0].video.size_id,3.2.7
p001980,teletica.com,htlb.casalemedia.com,request,2.6-202606,openrtb.field.moved,error,regs.ext.gdpr,Section 3.2.3
p001980,teletica.com,htlb.casalemedia.com,request,2.6-202606,openrtb.field.moved,error,user.ext.consent,Section 3.2.20
p001981,teletica.com,htlb.casalemedia.com,request,2.6-202606,openrtb.field.moved,error,regs.ext.gdpr,Section 3.2.3
p001981,teletica.com,htlb.casalemedia.com,request,2.6-202606,openrtb.field.moved,error,user.ext.consent,Section 3.2.20
p001982,teletica.com,htlb.casalemedia.com,request,2.6-202606,openrtb.field.moved,error,regs.ext.gdpr,Section 3.2.3
p001982,teletica.com,htlb.casalemedia.com,request,2.6-202606,openrtb.field.moved,error,user.ext.consent,Section 3.2.20
p001983,tennessean.com,htlb.casalemedia.com,request,2.6-202606,openrtb.field.undefined,error,device.geo.state,3.2.19
p001983,tennessean.com,htlb.casalemedia.com,request,2.6-202606,openrtb.field.deprecated,warning,imp[0].video.placement,Section 3.2.7
p001983,tennessean.com,htlb.casalemedia.com,request,2.6-202606,openrtb.field.undefined,error,imp[0].video.playerSize,3.2.7
p001987,thesun.ie,htlb.casalemedia.com,request,2.6-202606,openrtb.field.moved,error,regs.ext.gdpr,Section 3.2.3
p001987,thesun.ie,htlb.casalemedia.com,request,2.6-202606,openrtb.field.undefined,error,user.eids[2].rti_partner,3.2.27
p001988,thesun.ie,htlb.casalemedia.com,request,2.6-202606,openrtb.field.moved,error,regs.ext.gdpr,Section 3.2.3
p001988,thesun.ie,htlb.casalemedia.com,request,2.6-202606,openrtb.field.undefined,error,user.eids[2].rti_partner,3.2.27
p001989,thesun.ie,htlb.casalemedia.com,request,2.6-202606,openrtb.field.moved,error,regs.ext.gdpr,Section 3.2.3
p001990,tio.ch,htlb.casalemedia.com,request,2.6-202606,openrtb.field.deprecated,warning,imp[0].video.placement,Section 3.2.7
p001990,tio.ch,htlb.casalemedia.com,request,2.6-202606,openrtb.field.undefined,error,imp[0].video.playerSize,3.2.7
p001990,tio.ch,htlb.casalemedia.com,request,2.6-202606,openrtb.value.invalid,error,imp[0].video.skip,3.2.7
p001990,tio.ch,htlb.casalemedia.com,request,2.6-202606,openrtb.field.undefined,error,imp[0].video.video,3.2.7
p001990,tio.ch,htlb.casalemedia.com,request,2.6-202606,openrtb.field.moved,error,regs.ext.gdpr,Section 3.2.3
p001990,tio.ch,htlb.casalemedia.com,request,2.6-202606,openrtb.field.moved,error,user.ext.consent,Section 3.2.20
p001991,tio.ch,htlb.casalemedia.com,request,2.6-202606,openrtb.field.moved,error,regs.ext.gdpr,Section 3.2.3
p001991,tio.ch,htlb.casalemedia.com,request,2.6-202606,openrtb.field.moved,error,user.ext.consent,Section 3.2.20
p001992,tio.ch,htlb.casalemedia.com,request,2.6-202606,openrtb.field.moved,error,regs.ext.gdpr,Section 3.2.3
p001992,tio.ch,htlb.casalemedia.com,request,2.6-202606,openrtb.field.moved,error,user.ext.consent,Section 3.2.20
p001993,tio.ch,htlb.casalemedia.com,request,2.6-202606,openrtb.field.moved,error,regs.ext.gdpr,Section 3.2.3
p001993,tio.ch,htlb.casalemedia.com,request,2.6-202606,openrtb.field.moved,error,user.ext.consent,Section 3.2.20
p001994,tio.ch,htlb.casalemedia.com,request,2.6-202606,openrtb.field.moved,error,regs.ext.gdpr,Section 3.2.3
p001994,tio.ch,htlb.casalemedia.com,request,2.6-202606,openrtb.field.moved,error,user.ext.consent,Section 3.2.20
p001995,thesun.ie,htlb.casalemedia.com,request,2.6-202606,openrtb.field.moved,error,regs.ext.gdpr,Section 3.2.3
p001996,tio.ch,htlb.casalemedia.com,request,2.6-202606,openrtb.field.moved,error,regs.ext.gdpr,Section 3.2.3
p001996,tio.ch,htlb.casalemedia.com,request,2.6-202606,openrtb.field.moved,error,user.ext.consent,Section 3.2.20
p001997,thesun.ie,htlb.casalemedia.com,request,2.6-202606,openrtb.field.deprecated,warning,imp[0].video.placement,Section 3.2.7
p001997,thesun.ie,htlb.casalemedia.com,request,2.6-202606,openrtb.field.undefined,error,imp[0].video.playerSize,3.2.7
p001997,thesun.ie,htlb.casalemedia.com,request,2.6-202606,openrtb.field.moved,error,regs.ext.gdpr,Section 3.2.3
p001998,thesun.ie,htlb.casalemedia.com,request,2.6-202606,openrtb.field.moved,error,regs.ext.gdpr,Section 3.2.3
p001998,thesun.ie,htlb.casalemedia.com,request,2.6-202606,openrtb.field.undefined,error,user.eids[2].rti_partner,3.2.27
p001999,thesun.ie,htlb.casalemedia.com,request,2.6-202606,openrtb.field.moved,error,regs.ext.gdpr,Section 3.2.3
p001999,thesun.ie,htlb.casalemedia.com,request,2.6-202606,openrtb.field.undefined,error,user.eids[2].rti_partner,3.2.27
p002000,thesun.ie,htlb.casalemedia.com,request,2.6-202606,openrtb.field.deprecated,warning,imp[0].video.placement,Section 3.2.7
p002000,thesun.ie,htlb.casalemedia.com,request,2.6-202606,openrtb.field.undefined,error,imp[0].video.playerSize,3.2.7
p002000,thesun.ie,htlb.casalemedia.com,request,2.6-202606,openrtb.field.moved,error,regs.ext.gdpr,Section 3.2.3
p002000,thesun.ie,htlb.casalemedia.com,request,2.6-202606,openrtb.field.undefined,error,user.eids[2].rti_partner,3.2.27
p002001,thesun.ie,htlb.casalemedia.com,request,2.6-202606,openrtb.field.moved,error,regs.ext.gdpr,Section 3.2.3
p002001,thesun.ie,htlb.casalemedia.com,request,2.6-202606,openrtb.field.undefined,error,user.eids[2].rti_partner,3.2.27
p002002,treehugger.com,htlb.casalemedia.com,request,2.6-202606,openrtb.field.undefined,error,user.eids[2].rti_partner,3.2.27
p002004,upi.com,htlb.casalemedia.com,request,2.6-202606,openrtb.field.undefined,error,user.eids[4]._ref,3.2.27
p002005,upi.com,htlb.casalemedia.com,request,2.6-202606,openrtb.field.deprecated,warning,imp[0].video.placement,Section 3.2.7
p002005,upi.com,htlb.casalemedia.com,request,2.6-202606,openrtb.field.undefined,error,imp[0].video.playerSize,3.2.7
p002006,upi.com,htlb.casalemedia.com,request,2.6-202606,openrtb.field.deprecated,warning,imp[0].video.placement,Section 3.2.7
p002006,upi.com,htlb.casalemedia.com,request,2.6-202606,openrtb.field.undefined,error,imp[0].video.playerSize,3.2.7
p002007,upi.com,htlb.casalemedia.com,request,2.6-202606,openrtb.field.deprecated,warning,imp[0].video.placement,Section 3.2.7
p002007,upi.com,htlb.casalemedia.com,request,2.6-202606,openrtb.field.undefined,error,imp[0].video.playerSize,3.2.7
p002008,upi.com,htlb.casalemedia.com,request,2.6-202606,openrtb.field.undefined,error,user.eids[4]._ref,3.2.27
p002017,webdesignerdepot.com,htlb.casalemedia.com,request,2.6-202606,openrtb.field.deprecated,warning,imp[0].video.placement,Section 3.2.7
p002017,webdesignerdepot.com,htlb.casalemedia.com,request,2.6-202606,openrtb.field.undefined,error,imp[0].video.playerSize,3.2.7
p002017,webdesignerdepot.com,htlb.casalemedia.com,request,2.6-202606,openrtb.value.invalid,error,imp[0].video.skip,3.2.7
p002018,webdesignerdepot.com,htlb.casalemedia.com,request,2.6-202606,openrtb.field.deprecated,warning,imp[1].video.placement,Section 3.2.7
p002018,webdesignerdepot.com,htlb.casalemedia.com,request,2.6-202606,openrtb.field.undefined,error,imp[1].video.playerSize,3.2.7
p002018,webdesignerdepot.com,htlb.casalemedia.com,request,2.6-202606,openrtb.value.invalid,error,imp[1].video.skip,3.2.7
p002038,barcablaugranes.com,htlb.casalemedia.com,response,2.6-202606,openrtb.response.seatbid_or_nbr.required,error,seatbid,4.2.1
p002045,barcablaugranes.com,htlb.casalemedia.com,response,2.6-202606,openrtb.response.seatbid_or_nbr.required,error,seatbid,4.2.1
p002055,chl.ca,htlb.casalemedia.com,response,2.6-202606,openrtb.response.seatbid_or_nbr.required,error,seatbid,4.2.1
p002061,cupofjo.com,htlb.casalemedia.com,response,2.6-202606,openrtb.response.seatbid_or_nbr.required,error,seatbid,4.2.1
p002062,cupofjo.com,htlb.casalemedia.com,response,2.6-202606,openrtb.response.seatbid_or_nbr.required,error,seatbid,4.2.1
p002063,cupofjo.com,htlb.casalemedia.com,response,2.6-202606,openrtb.response.seatbid_or_nbr.required,error,seatbid,4.2.1
p002064,cupofjo.com,htlb.casalemedia.com,response,2.6-202606,openrtb.response.seatbid_or_nbr.required,error,seatbid,4.2.1
p002065,cupofjo.com,htlb.casalemedia.com,response,2.6-202606,openrtb.response.seatbid_or_nbr.required,error,seatbid,4.2.1
p002066,cupofjo.com,htlb.casalemedia.com,response,2.6-202606,openrtb.response.seatbid_or_nbr.required,error,seatbid,4.2.1
p002067,cupofjo.com,htlb.casalemedia.com,response,2.6-202606,openrtb.response.seatbid_or_nbr.required,error,seatbid,4.2.1
p002068,dailykos.com,htlb.casalemedia.com,response,2.6-202606,openrtb.response.seatbid_or_nbr.required,error,seatbid,4.2.1
p002070,dailykos.com,htlb.casalemedia.com,response,2.6-202606,openrtb.response.seatbid_or_nbr.required,error,seatbid,4.2.1
p002079,eonline.com,htlb.casalemedia.com,response,2.6-202606,openrtb.response.seatbid_or_nbr.required,error,seatbid,4.2.1
p002081,eonline.com,htlb.casalemedia.com,response,2.6-202606,openrtb.response.seatbid_or_nbr.required,error,seatbid,4.2.1
p002082,eonline.com,htlb.casalemedia.com,response,2.6-202606,openrtb.response.seatbid_or_nbr.required,error,seatbid,4.2.1
p002089,fox11online.com,htlb.casalemedia.com,response,2.6-202606,openrtb.response.seatbid_or_nbr.required,error,seatbid,4.2.1
p002092,fox11online.com,htlb.casalemedia.com,response,2.6-202606,openrtb.response.seatbid_or_nbr.required,error,seatbid,4.2.1
p002093,fox11online.com,htlb.casalemedia.com,response,2.6-202606,openrtb.response.seatbid_or_nbr.required,error,seatbid,4.2.1
p002094,giantfreakinrobot.com,htlb.casalemedia.com,response,2.6-202606,openrtb.bid.mtype_missing,warning,seatbid[0].bid[0].mtype,4.2.3
p002096,halfbakedharvest.com,htlb.casalemedia.com,response,2.6-202606,openrtb.response.seatbid_or_nbr.required,error,seatbid,4.2.1
p002097,halfbakedharvest.com,htlb.casalemedia.com,response,2.6-202606,openrtb.response.seatbid_or_nbr.required,error,seatbid,4.2.1
p002098,halfbakedharvest.com,htlb.casalemedia.com,response,2.6-202606,openrtb.response.seatbid_or_nbr.required,error,seatbid,4.2.1
p002099,halfbakedharvest.com,htlb.casalemedia.com,response,2.6-202606,openrtb.response.seatbid_or_nbr.required,error,seatbid,4.2.1
p002100,hokkaido-np.co.jp,htlb.casalemedia.com,response,2.6-202606,openrtb.response.seatbid_or_nbr.required,error,seatbid,4.2.1
p002101,halfbakedharvest.com,htlb.casalemedia.com,response,2.6-202606,openrtb.response.seatbid_or_nbr.required,error,seatbid,4.2.1
p002102,halfbakedharvest.com,htlb.casalemedia.com,response,2.6-202606,openrtb.response.seatbid_or_nbr.required,error,seatbid,4.2.1
p002103,halfbakedharvest.com,htlb.casalemedia.com,response,2.6-202606,openrtb.response.seatbid_or_nbr.required,error,seatbid,4.2.1
p002104,halfbakedharvest.com,htlb.casalemedia.com,response,2.6-202606,openrtb.response.seatbid_or_nbr.required,error,seatbid,4.2.1
p002105,halfbakedharvest.com,htlb.casalemedia.com,response,2.6-202606,openrtb.response.seatbid_or_nbr.required,error,seatbid,4.2.1
p002108,halfbakedharvest.com,htlb.casalemedia.com,response,2.6-202606,openrtb.response.seatbid_or_nbr.required,error,seatbid,4.2.1
p002121,montgomeryadvertiser.com,htlb.casalemedia.com,response,2.6-202606,openrtb.response.seatbid_or_nbr.required,error,seatbid,4.2.1
p002124,namemc.com,htlb.casalemedia.com,response,2.6-202606,openrtb.response.seatbid_or_nbr.required,error,seatbid,4.2.1
p002125,namemc.com,htlb.casalemedia.com,response,2.6-202606,openrtb.response.seatbid_or_nbr.required,error,seatbid,4.2.1
p002126,nbcconnecticut.com,htlb.casalemedia.com,response,2.6-202606,openrtb.response.seatbid_or_nbr.required,error,seatbid,4.2.1
p002127,nbcconnecticut.com,htlb.casalemedia.com,response,2.6-202606,openrtb.response.seatbid_or_nbr.required,error,seatbid,4.2.1
p002128,nbcconnecticut.com,htlb.casalemedia.com,response,2.6-202606,openrtb.response.seatbid_or_nbr.required,error,seatbid,4.2.1
p002129,nbcconnecticut.com,htlb.casalemedia.com,response,2.6-202606,openrtb.response.seatbid_or_nbr.required,error,seatbid,4.2.1
p002130,nbcconnecticut.com,htlb.casalemedia.com,response,2.6-202606,openrtb.response.seatbid_or_nbr.required,error,seatbid,4.2.1
p002131,nbcconnecticut.com,htlb.casalemedia.com,response,2.6-202606,openrtb.response.seatbid_or_nbr.required,error,seatbid,4.2.1
p002132,nbcconnecticut.com,htlb.casalemedia.com,response,2.6-202606,openrtb.response.seatbid_or_nbr.required,error,seatbid,4.2.1
p002133,nbcconnecticut.com,htlb.casalemedia.com,response,2.6-202606,openrtb.response.seatbid_or_nbr.required,error,seatbid,4.2.1
p002134,nbcconnecticut.com,htlb.casalemedia.com,response,2.6-202606,openrtb.response.seatbid_or_nbr.required,error,seatbid,4.2.1
p002135,nbcconnecticut.com,htlb.casalemedia.com,response,2.6-202606,openrtb.response.seatbid_or_nbr.required,error,seatbid,4.2.1
p002136,nbcconnecticut.com,htlb.casalemedia.com,response,2.6-202606,openrtb.response.seatbid_or_nbr.required,error,seatbid,4.2.1
p002137,nbcconnecticut.com,htlb.casalemedia.com,response,2.6-202606,openrtb.response.seatbid_or_nbr.required,error,seatbid,4.2.1
p002138,nbcconnecticut.com,htlb.casalemedia.com,response,2.6-202606,openrtb.response.seatbid_or_nbr.required,error,seatbid,4.2.1
p002139,nbcconnecticut.com,htlb.casalemedia.com,response,2.6-202606,openrtb.response.seatbid_or_nbr.required,error,seatbid,4.2.1
p002141,nbcconnecticut.com,htlb.casalemedia.com,response,2.6-202606,openrtb.response.seatbid_or_nbr.required,error,seatbid,4.2.1
p002142,nbcconnecticut.com,htlb.casalemedia.com,response,2.6-202606,openrtb.response.seatbid_or_nbr.required,error,seatbid,4.2.1
p002146,nintendoeverything.com,htlb.casalemedia.com,response,2.6-202606,openrtb.response.seatbid_or_nbr.required,error,seatbid,4.2.1
p002147,nintendoeverything.com,htlb.casalemedia.com,response,2.6-202606,openrtb.response.seatbid_or_nbr.required,error,seatbid,4.2.1
p002148,nintendoeverything.com,htlb.casalemedia.com,response,2.6-202606,openrtb.response.seatbid_or_nbr.required,error,seatbid,4.2.1
p002149,nintendoeverything.com,htlb.casalemedia.com,response,2.6-202606,openrtb.response.seatbid_or_nbr.required,error,seatbid,4.2.1
p002153,nintendoeverything.com,htlb.casalemedia.com,response,2.6-202606,openrtb.response.seatbid_or_nbr.required,error,seatbid,4.2.1
p002155,nintendoeverything.com,htlb.casalemedia.com,response,2.6-202606,openrtb.response.seatbid_or_nbr.required,error,seatbid,4.2.1
p002159,outsideonline.com,htlb.casalemedia.com,response,2.6-202606,openrtb.response.seatbid_or_nbr.required,error,seatbid,4.2.1
p002167,outsideonline.com,htlb.casalemedia.com,response,2.6-202606,openrtb.response.seatbid_or_nbr.required,error,seatbid,4.2.1
p002169,outsideonline.com,htlb.casalemedia.com,response,2.6-202606,openrtb.response.seatbid_or_nbr.required,error,seatbid,4.2.1
p002170,outsideonline.com,htlb.casalemedia.com,response,2.6-202606,openrtb.response.seatbid_or_nbr.required,error,seatbid,4.2.1
p002174,ranker.com,htlb.casalemedia.com,response,2.6-202606,openrtb.response.seatbid_or_nbr.required,error,seatbid,4.2.1
p002176,ranker.com,htlb.casalemedia.com,response,2.6-202606,openrtb.response.seatbid_or_nbr.required,error,seatbid,4.2.1
p002177,ranker.com,htlb.casalemedia.com,response,2.6-202606,openrtb.response.seatbid_or_nbr.required,error,seatbid,4.2.1
p002178,ranker.com,htlb.casalemedia.com,response,2.6-202606,openrtb.response.seatbid_or_nbr.required,error,seatbid,4.2.1
p002179,ranker.com,htlb.casalemedia.com,response,2.6-202606,openrtb.response.seatbid_or_nbr.required,error,seatbid,4.2.1
p002180,ranker.com,htlb.casalemedia.com,response,2.6-202606,openrtb.response.seatbid_or_nbr.required,error,seatbid,4.2.1
p002181,ranker.com,htlb.casalemedia.com,response,2.6-202606,openrtb.response.seatbid_or_nbr.required,error,seatbid,4.2.1
p002182,ranker.com,htlb.casalemedia.com,response,2.6-202606,openrtb.response.seatbid_or_nbr.required,error,seatbid,4.2.1
p002183,ranker.com,htlb.casalemedia.com,response,2.6-202606,openrtb.response.seatbid_or_nbr.required,error,seatbid,4.2.1
p002184,ranker.com,htlb.casalemedia.com,response,2.6-202606,openrtb.response.seatbid_or_nbr.required,error,seatbid,4.2.1
p002192,self.com,htlb.casalemedia.com,response,2.6-202606,openrtb.response.seatbid_or_nbr.required,error,seatbid,4.2.1
p002195,socialblade.com,htlb.casalemedia.com,response,2.6-202606,openrtb.response.seatbid_or_nbr.required,error,seatbid,4.2.1
p002196,salon.com,htlb.casalemedia.com,response,2.6-202606,openrtb.response.seatbid_or_nbr.required,error,seatbid,4.2.1
p002197,salon.com,htlb.casalemedia.com,response,2.6-202606,openrtb.response.seatbid_or_nbr.required,error,seatbid,4.2.1
p002198,salon.com,htlb.casalemedia.com,response,2.6-202606,openrtb.response.seatbid_or_nbr.required,error,seatbid,4.2.1
p002199,salon.com,htlb.casalemedia.com,response,2.6-202606,openrtb.response.seatbid_or_nbr.required,error,seatbid,4.2.1
p002200,salon.com,htlb.casalemedia.com,response,2.6-202606,openrtb.response.seatbid_or_nbr.required,error,seatbid,4.2.1
p002201,salon.com,htlb.casalemedia.com,response,2.6-202606,openrtb.response.seatbid_or_nbr.required,error,seatbid,4.2.1
p002202,salon.com,htlb.casalemedia.com,response,2.6-202606,openrtb.response.seatbid_or_nbr.required,error,seatbid,4.2.1
p002203,salon.com,htlb.casalemedia.com,response,2.6-202606,openrtb.response.seatbid_or_nbr.required,error,seatbid,4.2.1
p002204,salon.com,htlb.casalemedia.com,response,2.6-202606,openrtb.response.seatbid_or_nbr.required,error,seatbid,4.2.1
p002205,salon.com,htlb.casalemedia.com,response,2.6-202606,openrtb.response.seatbid_or_nbr.required,error,seatbid,4.2.1
p002206,salon.com,htlb.casalemedia.com,response,2.6-202606,openrtb.response.seatbid_or_nbr.required,error,seatbid,4.2.1
p002207,salon.com,htlb.casalemedia.com,response,2.6-202606,openrtb.response.seatbid_or_nbr.required,error,seatbid,4.2.1
p002208,salon.com,htlb.casalemedia.com,response,2.6-202606,openrtb.response.seatbid_or_nbr.required,error,seatbid,4.2.1
p002209,salon.com,htlb.casalemedia.com,response,2.6-202606,openrtb.response.seatbid_or_nbr.required,error,seatbid,4.2.1
p002210,salon.com,htlb.casalemedia.com,response,2.6-202606,openrtb.response.seatbid_or_nbr.required,error,seatbid,4.2.1
p002211,salon.com,htlb.casalemedia.com,response,2.6-202606,openrtb.response.seatbid_or_nbr.required,error,seatbid,4.2.1
p002212,salon.com,htlb.casalemedia.com,response,2.6-202606,openrtb.response.seatbid_or_nbr.required,error,seatbid,4.2.1
p002213,self.com,htlb.casalemedia.com,response,2.6-202606,openrtb.response.seatbid_or_nbr.required,error,seatbid,4.2.1
p002220,teletica.com,htlb.casalemedia.com,response,2.6-202606,openrtb.response.seatbid_or_nbr.required,error,seatbid,4.2.1
p002221,teletica.com,htlb.casalemedia.com,response,2.6-202606,openrtb.response.seatbid_or_nbr.required,error,seatbid,4.2.1
p002223,tennessean.com,htlb.casalemedia.com,response,2.6-202606,openrtb.response.seatbid_or_nbr.required,error,seatbid,4.2.1
p002226,thestar.com,htlb.casalemedia.com,response,2.6-202606,openrtb.response.seatbid_or_nbr.required,error,seatbid,4.2.1
p002227,thesun.ie,htlb.casalemedia.com,response,2.6-202606,openrtb.response.seatbid_or_nbr.required,error,seatbid,4.2.1
p002228,thesun.ie,htlb.casalemedia.com,response,2.6-202606,openrtb.response.seatbid_or_nbr.required,error,seatbid,4.2.1
p002229,thesun.ie,htlb.casalemedia.com,response,2.6-202606,openrtb.response.seatbid_or_nbr.required,error,seatbid,4.2.1
p002230,tio.ch,htlb.casalemedia.com,response,2.6-202606,openrtb.response.seatbid_or_nbr.required,error,seatbid,4.2.1
p002231,tio.ch,htlb.casalemedia.com,response,2.6-202606,openrtb.response.seatbid_or_nbr.required,error,seatbid,4.2.1
p002232,tio.ch,htlb.casalemedia.com,response,2.6-202606,openrtb.response.seatbid_or_nbr.required,error,seatbid,4.2.1
p002233,tio.ch,htlb.casalemedia.com,response,2.6-202606,openrtb.response.seatbid_or_nbr.required,error,seatbid,4.2.1
p002234,tio.ch,htlb.casalemedia.com,response,2.6-202606,openrtb.response.seatbid_or_nbr.required,error,seatbid,4.2.1
p002235,tio.ch,htlb.casalemedia.com,response,2.6-202606,openrtb.response.seatbid_or_nbr.required,error,seatbid,4.2.1
p002236,thesun.ie,htlb.casalemedia.com,response,2.6-202606,openrtb.response.seatbid_or_nbr.required,error,seatbid,4.2.1
p002237,thesun.ie,htlb.casalemedia.com,response,2.6-202606,openrtb.response.seatbid_or_nbr.required,error,seatbid,4.2.1
p002238,thesun.ie,htlb.casalemedia.com,response,2.6-202606,openrtb.response.seatbid_or_nbr.required,error,seatbid,4.2.1
p002239,thesun.ie,htlb.casalemedia.com,response,2.6-202606,openrtb.response.seatbid_or_nbr.required,error,seatbid,4.2.1
p002240,thesun.ie,htlb.casalemedia.com,response,2.6-202606,openrtb.response.seatbid_or_nbr.required,error,seatbid,4.2.1
p002241,thesun.ie,htlb.casalemedia.com,response,2.6-202606,openrtb.response.seatbid_or_nbr.required,error,seatbid,4.2.1
p002242,treehugger.com,htlb.casalemedia.com,response,2.6-202606,openrtb.response.seatbid_or_nbr.required,error,seatbid,4.2.1
p002243,treehugger.com,htlb.casalemedia.com,response,2.6-202606,openrtb.response.seatbid_or_nbr.required,error,seatbid,4.2.1
p002245,upi.com,htlb.casalemedia.com,response,2.6-202606,openrtb.response.seatbid_or_nbr.required,error,seatbid,4.2.1
p002246,upi.com,htlb.casalemedia.com,response,2.6-202606,openrtb.response.seatbid_or_nbr.required,error,seatbid,4.2.1
p002247,upi.com,htlb.casalemedia.com,response,2.6-202606,openrtb.response.seatbid_or_nbr.required,error,seatbid,4.2.1
p002249,urbandictionary.com,htlb.casalemedia.com,response,2.6-202606,openrtb.response.seatbid_or_nbr.required,error,seatbid,4.2.1
p002250,urbandictionary.com,htlb.casalemedia.com,response,2.6-202606,openrtb.response.seatbid_or_nbr.required,error,seatbid,4.2.1
p002251,urbandictionary.com,htlb.casalemedia.com,response,2.6-202606,openrtb.response.seatbid_or_nbr.required,error,seatbid,4.2.1
p002252,vice.com,htlb.casalemedia.com,response,2.6-202606,openrtb.response.seatbid_or_nbr.required,error,seatbid,4.2.1
p002253,vice.com,htlb.casalemedia.com,response,2.6-202606,openrtb.response.seatbid_or_nbr.required,error,seatbid,4.2.1
p002254,webdesignerdepot.com,htlb.casalemedia.com,response,2.6-202606,openrtb.response.seatbid_or_nbr.required,error,seatbid,4.2.1
p002255,webdesignerdepot.com,htlb.casalemedia.com,response,2.6-202606,openrtb.response.seatbid_or_nbr.required,error,seatbid,4.2.1
p002256,webdesignerdepot.com,htlb.casalemedia.com,response,2.6-202606,openrtb.response.seatbid_or_nbr.required,error,seatbid,4.2.1
p002257,webdesignerdepot.com,htlb.casalemedia.com,response,2.6-202606,openrtb.response.seatbid_or_nbr.required,error,seatbid,4.2.1
p002258,tio.ch,i.connectad.io,request,2.5,openrtb.field.undefined,error,device.sua,3.2.18
p002259,tio.ch,i.connectad.io,request,2.5,openrtb.field.undefined,error,device.sua,3.2.18
p002260,tio.ch,i.connectad.io,request,2.5,openrtb.field.undefined,error,device.sua,3.2.18
p002261,tio.ch,i.connectad.io,request,2.5,openrtb.field.undefined,error,device.sua,3.2.18
p002262,tio.ch,i.connectad.io,request,2.5,openrtb.field.undefined,error,device.sua,3.2.18
p002263,dhnet.be,ib.adnxs-simple.com,request,2.5,openrtb.field.undefined,error,device.sua,3.2.18
p002264,dhnet.be,ib.adnxs-simple.com,request,2.5,openrtb.field.undefined,error,device.sua,3.2.18
p002265,dhnet.be,ib.adnxs-simple.com,request,2.5,openrtb.field.undefined,error,device.sua,3.2.18
p002266,dhnet.be,ib.adnxs-simple.com,request,2.5,openrtb.field.undefined,error,device.sua,3.2.18
p002267,autoexpress.co.uk,ib.adnxs.com,request,2.6-202606,openrtb.field.undefined,error,device.geo.state,3.2.19
p002267,autoexpress.co.uk,ib.adnxs.com,request,2.6-202606,openrtb.field.deprecated,warning,imp[0].video.placement,Section 3.2.7
p002268,autoexpress.co.uk,ib.adnxs.com,request,2.6-202606,openrtb.field.undefined,error,device.geo.state,3.2.19
p002268,autoexpress.co.uk,ib.adnxs.com,request,2.6-202606,openrtb.field.deprecated,warning,imp[0].video.placement,Section 3.2.7
p002271,cifraclub.com,ib.adnxs.com,request,2.6-202606,openrtb.field.undefined,error,site.ownerdomain,3.2.13
p002273,cityam.com,ib.adnxs.com,request,2.6-202606,openrtb.field.moved,error,regs.ext.gdpr,Section 3.2.3
p002282,cifraclub.com,ib.adnxs.com,request,2.6-202606,openrtb.field.undefined,error,site.ownerdomain,3.2.13
p002291,genealogy.com,ib.adnxs.com,request,2.6-202606,openrtb.field.undefined,error,device.geo.state,3.2.19
p002291,genealogy.com,ib.adnxs.com,request,2.6-202606,openrtb.field.deprecated,warning,imp[0].video.placement,Section 3.2.7
p002292,genealogy.com,ib.adnxs.com,request,2.6-202606,openrtb.field.undefined,error,device.geo.state,3.2.19
p002292,genealogy.com,ib.adnxs.com,request,2.6-202606,openrtb.field.deprecated,warning,imp[0].video.placement,Section 3.2.7
p002293,genealogy.com,ib.adnxs.com,request,2.6-202606,openrtb.field.undefined,error,device.geo.state,3.2.19
p002293,genealogy.com,ib.adnxs.com,request,2.6-202606,openrtb.field.deprecated,warning,imp[0].video.placement,Section 3.2.7
p002294,genealogy.com,ib.adnxs.com,request,2.6-202606,openrtb.field.undefined,error,device.geo.state,3.2.19
p002294,genealogy.com,ib.adnxs.com,request,2.6-202606,openrtb.field.deprecated,warning,imp[0].video.placement,Section 3.2.7
p002295,genealogy.com,ib.adnxs.com,request,2.6-202606,openrtb.field.undefined,error,device.geo.state,3.2.19
p002295,genealogy.com,ib.adnxs.com,request,2.6-202606,openrtb.field.deprecated,warning,imp[0].video.placement,Section 3.2.7
p002296,genealogy.com,ib.adnxs.com,request,2.6-202606,openrtb.field.undefined,error,device.geo.state,3.2.19
p002296,genealogy.com,ib.adnxs.com,request,2.6-202606,openrtb.field.deprecated,warning,imp[0].video.placement,Section 3.2.7
p002297,sozcu.com.tr,ib.adnxs.com,request,2.6-202606,openrtb.field.moved,error,regs.ext.gdpr,Section 3.2.3
p002298,sozcu.com.tr,ib.adnxs.com,request,2.6-202606,openrtb.field.moved,error,regs.ext.gdpr,Section 3.2.3
p002298,sozcu.com.tr,ib.adnxs.com,request,2.6-202606,openrtb.field.moved,error,user.ext.consent,Section 3.2.20
p002299,sozcu.com.tr,ib.adnxs.com,request,2.6-202606,openrtb.field.moved,error,regs.ext.gdpr,Section 3.2.3
p002300,teletica.com,ib.adnxs.com,request,2.6-202606,openrtb.value.invalid,error,imp[0].video.skip,3.2.7
p002300,teletica.com,ib.adnxs.com,request,2.6-202606,openrtb.field.moved,error,regs.ext.gdpr,Section 3.2.3
p002300,teletica.com,ib.adnxs.com,request,2.6-202606,openrtb.field.moved,error,user.ext.consent,Section 3.2.20
p002301,teletica.com,ib.adnxs.com,request,2.6-202606,openrtb.value.invalid,error,imp[0].video.skip,3.2.7
p002301,teletica.com,ib.adnxs.com,request,2.6-202606,openrtb.field.moved,error,regs.ext.gdpr,Section 3.2.3
p002301,teletica.com,ib.adnxs.com,request,2.6-202606,openrtb.field.moved,error,user.ext.consent,Section 3.2.20
p002302,thesun.ie,ib.adnxs.com,request,2.6-202606,openrtb.field.moved,error,regs.ext.gdpr,Section 3.2.3
p002303,thesun.ie,ib.adnxs.com,request,2.6-202606,openrtb.field.moved,error,regs.ext.gdpr,Section 3.2.3
p002304,thesun.ie,ib.adnxs.com,request,2.6-202606,openrtb.field.moved,error,regs.ext.gdpr,Section 3.2.3
p002305,thesun.ie,ib.adnxs.com,request,2.6-202606,openrtb.field.moved,error,regs.ext.gdpr,Section 3.2.3
p002306,thesun.ie,ib.adnxs.com,request,2.6-202606,openrtb.field.deprecated,warning,imp[0].video.placement,Section 3.2.7
p002306,thesun.ie,ib.adnxs.com,request,2.6-202606,openrtb.field.moved,error,regs.ext.gdpr,Section 3.2.3
p002307,thesun.ie,ib.adnxs.com,request,2.6-202606,openrtb.field.moved,error,regs.ext.gdpr,Section 3.2.3
p002308,thesun.ie,ib.adnxs.com,request,2.6-202606,openrtb.field.moved,error,regs.ext.gdpr,Section 3.2.3
p002309,thesun.ie,ib.adnxs.com,request,2.6-202606,openrtb.field.deprecated,warning,imp[0].video.placement,Section 3.2.7
p002309,thesun.ie,ib.adnxs.com,request,2.6-202606,openrtb.field.moved,error,regs.ext.gdpr,Section 3.2.3
p002310,thesun.ie,ib.adnxs.com,request,2.6-202606,openrtb.field.moved,error,regs.ext.gdpr,Section 3.2.3
p002313,upi.com,ib.adnxs.com,request,2.6-202606,openrtb.field.undefined,error,geo,3.2.1
p002313,upi.com,ib.adnxs.com,request,2.6-202606,openrtb.field.undefined,error,imp[0].battr,3.2.4
p002313,upi.com,ib.adnxs.com,request,2.6-202606,openrtb.field.undefined,error,imp[1].battr,3.2.4
p002313,upi.com,ib.adnxs.com,request,2.6-202606,openrtb.field.undefined,error,imp[2].battr,3.2.4
p002313,upi.com,ib.adnxs.com,request,2.6-202606,openrtb.field.undefined,error,imp[3].battr,3.2.4
p002313,upi.com,ib.adnxs.com,request,2.6-202606,openrtb.field.undefined,error,imp[4].battr,3.2.4
p002313,upi.com,ib.adnxs.com,request,2.6-202606,openrtb.field.undefined,error,imp[5].battr,3.2.4
p002313,upi.com,ib.adnxs.com,request,2.6-202606,openrtb.field.undefined,error,imp[6].battr,3.2.4
p002314,upi.com,ib.adnxs.com,request,2.6-202606,openrtb.field.undefined,error,geo,3.2.1
p002314,upi.com,ib.adnxs.com,request,2.6-202606,openrtb.field.undefined,error,imp[0].battr,3.2.4
p002314,upi.com,ib.adnxs.com,request,2.6-202606,openrtb.field.undefined,error,imp[1].battr,3.2.4
p002314,upi.com,ib.adnxs.com,request,2.6-202606,openrtb.field.undefined,error,imp[2].battr,3.2.4
p002314,upi.com,ib.adnxs.com,request,2.6-202606,openrtb.field.undefined,error,imp[3].battr,3.2.4
p002315,vivitusuerte.com,ib.adnxs.com,request,2.6-202606,openrtb.value.invalid,error,imp[0].video.skip,3.2.7
p002315,vivitusuerte.com,ib.adnxs.com,request,2.6-202606,openrtb.field.moved,error,regs.ext.gdpr,Section 3.2.3
p002315,vivitusuerte.com,ib.adnxs.com,request,2.6-202606,openrtb.field.moved,error,user.ext.consent,Section 3.2.20
p002316,vivitusuerte.com,ib.adnxs.com,request,2.6-202606,openrtb.value.invalid,error,imp[0].video.skip,3.2.7
p002316,vivitusuerte.com,ib.adnxs.com,request,2.6-202606,openrtb.field.moved,error,regs.ext.gdpr,Section 3.2.3
p002316,vivitusuerte.com,ib.adnxs.com,request,2.6-202606,openrtb.field.moved,error,user.ext.consent,Section 3.2.20
p002317,vivitusuerte.com,ib.adnxs.com,request,2.6-202606,openrtb.value.invalid,error,imp[0].video.skip,3.2.7
p002317,vivitusuerte.com,ib.adnxs.com,request,2.6-202606,openrtb.field.moved,error,regs.ext.gdpr,Section 3.2.3
p002317,vivitusuerte.com,ib.adnxs.com,request,2.6-202606,openrtb.field.moved,error,user.ext.consent,Section 3.2.20
p002318,vivitusuerte.com,ib.adnxs.com,request,2.6-202606,openrtb.value.invalid,error,imp[0].video.skip,3.2.7
p002318,vivitusuerte.com,ib.adnxs.com,request,2.6-202606,openrtb.field.moved,error,regs.ext.gdpr,Section 3.2.3
p002318,vivitusuerte.com,ib.adnxs.com,request,2.6-202606,openrtb.field.moved,error,user.ext.consent,Section 3.2.20
p002319,vivitusuerte.com,ib.adnxs.com,request,2.6-202606,openrtb.value.invalid,error,imp[0].video.skip,3.2.7
p002319,vivitusuerte.com,ib.adnxs.com,request,2.6-202606,openrtb.field.moved,error,regs.ext.gdpr,Section 3.2.3
p002319,vivitusuerte.com,ib.adnxs.com,request,2.6-202606,openrtb.field.moved,error,user.ext.consent,Section 3.2.20
p002320,vivitusuerte.com,ib.adnxs.com,request,2.6-202606,openrtb.value.invalid,error,imp[0].video.skip,3.2.7
p002320,vivitusuerte.com,ib.adnxs.com,request,2.6-202606,openrtb.field.moved,error,regs.ext.gdpr,Section 3.2.3
p002320,vivitusuerte.com,ib.adnxs.com,request,2.6-202606,openrtb.field.moved,error,user.ext.consent,Section 3.2.20
p002321,vivitusuerte.com,ib.adnxs.com,request,2.6-202606,openrtb.value.invalid,error,imp[0].video.skip,3.2.7
p002321,vivitusuerte.com,ib.adnxs.com,request,2.6-202606,openrtb.field.moved,error,regs.ext.gdpr,Section 3.2.3
p002321,vivitusuerte.com,ib.adnxs.com,request,2.6-202606,openrtb.field.moved,error,user.ext.consent,Section 3.2.20
p002322,vivitusuerte.com,ib.adnxs.com,request,2.6-202606,openrtb.value.invalid,error,imp[0].video.skip,3.2.7
p002322,vivitusuerte.com,ib.adnxs.com,request,2.6-202606,openrtb.field.moved,error,regs.ext.gdpr,Section 3.2.3
p002322,vivitusuerte.com,ib.adnxs.com,request,2.6-202606,openrtb.field.moved,error,user.ext.consent,Section 3.2.20
p002323,vivitusuerte.com,ib.adnxs.com,request,2.6-202606,openrtb.value.invalid,error,imp[0].video.skip,3.2.7
p002323,vivitusuerte.com,ib.adnxs.com,request,2.6-202606,openrtb.field.moved,error,regs.ext.gdpr,Section 3.2.3
p002323,vivitusuerte.com,ib.adnxs.com,request,2.6-202606,openrtb.field.moved,error,user.ext.consent,Section 3.2.20
p002324,vivitusuerte.com,ib.adnxs.com,request,2.6-202606,openrtb.value.invalid,error,imp[0].video.skip,3.2.7
p002324,vivitusuerte.com,ib.adnxs.com,request,2.6-202606,openrtb.field.moved,error,regs.ext.gdpr,Section 3.2.3
p002324,vivitusuerte.com,ib.adnxs.com,request,2.6-202606,openrtb.field.moved,error,user.ext.consent,Section 3.2.20
p002325,chl.ca,ib.adnxs.com,response,2.6-202606,openrtb.bid.mtype_missing,warning,seatbid[0].bid[0].mtype,4.2.3
p002325,chl.ca,ib.adnxs.com,response,2.6-202606,openrtb.bid.mtype_missing,warning,seatbid[1].bid[0].mtype,4.2.3
p002325,chl.ca,ib.adnxs.com,response,2.6-202606,openrtb.bid.mtype_missing,warning,seatbid[2].bid[0].mtype,4.2.3
p002325,chl.ca,ib.adnxs.com,response,2.6-202606,openrtb.bid.mtype_missing,warning,seatbid[3].bid[0].mtype,4.2.3
p002326,cifraclub.com,ib.adnxs.com,response,2.6-202606,openrtb.bid.mtype_missing,warning,seatbid[0].bid[0].mtype,4.2.3
p002327,coindesk.com,ib.adnxs.com,response,2.6-202606,openrtb.bid.mtype_missing,warning,seatbid[0].bid[0].mtype,4.2.3
p002327,coindesk.com,ib.adnxs.com,response,2.6-202606,openrtb.bid.mtype_missing,warning,seatbid[1].bid[0].mtype,4.2.3
p002328,cityam.com,ib.adnxs.com,response,2.6-202606,openrtb.bid.mtype_missing,warning,seatbid[0].bid[0].mtype,4.2.3
p002328,cityam.com,ib.adnxs.com,response,2.6-202606,openrtb.bid.mtype_missing,warning,seatbid[1].bid[0].mtype,4.2.3
p002328,cityam.com,ib.adnxs.com,response,2.6-202606,openrtb.bid.mtype_missing,warning,seatbid[2].bid[0].mtype,4.2.3
p002328,cityam.com,ib.adnxs.com,response,2.6-202606,openrtb.bid.mtype_missing,warning,seatbid[3].bid[0].mtype,4.2.3
p002328,cityam.com,ib.adnxs.com,response,2.6-202606,openrtb.bid.mtype_missing,warning,seatbid[4].bid[0].mtype,4.2.3
p002328,cityam.com,ib.adnxs.com,response,2.6-202606,openrtb.bid.mtype_missing,warning,seatbid[5].bid[0].mtype,4.2.3
p002328,cityam.com,ib.adnxs.com,response,2.6-202606,openrtb.bid.mtype_missing,warning,seatbid[6].bid[0].mtype,4.2.3
p002329,cityam.com,ib.adnxs.com,response,2.6-202606,openrtb.bid.mtype_missing,warning,seatbid[0].bid[0].mtype,4.2.3
p002330,cifraclub.com,ib.adnxs.com,response,2.6-202606,openrtb.bid.mtype_missing,warning,seatbid[0].bid[0].mtype,4.2.3
p002330,cifraclub.com,ib.adnxs.com,response,2.6-202606,openrtb.bid.mtype_missing,warning,seatbid[1].bid[0].mtype,4.2.3
p002331,coindesk.com,ib.adnxs.com,response,2.6-202606,openrtb.bid.mtype_missing,warning,seatbid[0].bid[0].mtype,4.2.3
p002332,fox11online.com,ib.adnxs.com,response,2.6-202606,openrtb.bid.mtype_missing,warning,seatbid[0].bid[0].mtype,4.2.3
p002333,fox11online.com,ib.adnxs.com,response,2.6-202606,openrtb.bid.mtype_missing,warning,seatbid[0].bid[0].mtype,4.2.3
p002334,sozcu.com.tr,ib.adnxs.com,response,2.6-202606,openrtb.bid.mtype_missing,warning,seatbid[0].bid[0].mtype,4.2.3
p002335,sozcu.com.tr,ib.adnxs.com,response,2.6-202606,openrtb.bid.mtype_missing,warning,seatbid[0].bid[0].mtype,4.2.3
p002336,sozcu.com.tr,ib.adnxs.com,response,2.6-202606,openrtb.bid.mtype_missing,warning,seatbid[0].bid[0].mtype,4.2.3
p002337,thesun.ie,ib.adnxs.com,response,2.6-202606,openrtb.bid.mtype_missing,warning,seatbid[0].bid[0].mtype,4.2.3
p002339,csfd.cz,ice.360yield-basic.com,request,2.6-202606,openrtb.field.moved,error,regs.ext.gdpr,Section 3.2.3
p002339,csfd.cz,ice.360yield-basic.com,request,2.6-202606,openrtb.field.moved,error,user.ext.consent,Section 3.2.20
p002340,falstaff.com,ittr-us-e.eskimi.com,request,2.5,openrtb.field.undefined,error,device.sua,3.2.18
p002341,sozcu.com.tr,ittr-us-e.eskimi.com,request,2.5,openrtb.field.undefined,error,device.sua,3.2.18
p002342,sozcu.com.tr,ittr-us-e.eskimi.com,request,2.5,openrtb.field.undefined,error,device.sua,3.2.18
p002343,sozcu.com.tr,ittr-us-e.eskimi.com,request,2.5,openrtb.field.undefined,error,device.sua,3.2.18
p002346,imore.com,mweb-hb.presage.io,request,2.6-202606,openrtb.field.moved,error,regs.ext.gdpr,Section 3.2.3
p002348,imore.com,mweb-hb.presage.io,request,2.6-202606,openrtb.field.moved,error,regs.ext.gdpr,Section 3.2.3
p002349,imore.com,mweb-hb.presage.io,request,2.6-202606,openrtb.field.moved,error,regs.ext.gdpr,Section 3.2.3
p002350,nationaltoday.com,mweb-hb.presage.io,request,2.6-202606,openrtb.field.moved,error,regs.ext.gdpr,Section 3.2.3
p002351,nationaltoday.com,mweb-hb.presage.io,request,2.6-202606,openrtb.field.moved,error,regs.ext.gdpr,Section 3.2.3
p002352,nationaltoday.com,mweb-hb.presage.io,request,2.6-202606,openrtb.field.moved,error,regs.ext.gdpr,Section 3.2.3
p002356,philstar.com,mweb-hb.presage.io,request,2.6-202606,openrtb.field.moved,error,regs.ext.gdpr,Section 3.2.3
p002356,philstar.com,mweb-hb.presage.io,request,2.6-202606,openrtb.field.moved,error,user.ext.consent,Section 3.2.20
p002357,socialblade.com,mweb-hb.presage.io,request,2.6-202606,openrtb.field.undefined,error,imp[0].battr,3.2.4
p002357,socialblade.com,mweb-hb.presage.io,request,2.6-202606,openrtb.field.undefined,error,imp[1].battr,3.2.4
p002357,socialblade.com,mweb-hb.presage.io,request,2.6-202606,openrtb.field.undefined,error,imp[2].battr,3.2.4
p002358,tio.ch,mweb-hb.presage.io,request,2.6-202606,openrtb.field.moved,error,regs.ext.gdpr,Section 3.2.3
p002358,tio.ch,mweb-hb.presage.io,request,2.6-202606,openrtb.field.moved,error,user.ext.consent,Section 3.2.20
p002359,tio.ch,mweb-hb.presage.io,request,2.6-202606,openrtb.field.moved,error,regs.ext.gdpr,Section 3.2.3
p002359,tio.ch,mweb-hb.presage.io,request,2.6-202606,openrtb.field.moved,error,user.ext.consent,Section 3.2.20
p002360,tio.ch,mweb-hb.presage.io,request,2.6-202606,openrtb.field.moved,error,regs.ext.gdpr,Section 3.2.3
p002360,tio.ch,mweb-hb.presage.io,request,2.6-202606,openrtb.field.moved,error,user.ext.consent,Section 3.2.20
p002361,tio.ch,mweb-hb.presage.io,request,2.6-202606,openrtb.field.moved,error,regs.ext.gdpr,Section 3.2.3
p002361,tio.ch,mweb-hb.presage.io,request,2.6-202606,openrtb.field.moved,error,user.ext.consent,Section 3.2.20
p002362,tio.ch,mweb-hb.presage.io,request,2.6-202606,openrtb.field.moved,error,regs.ext.gdpr,Section 3.2.3
p002362,tio.ch,mweb-hb.presage.io,request,2.6-202606,openrtb.field.moved,error,user.ext.consent,Section 3.2.20
p002396,pilotonline.com,npid.amspbs.com,response,2.6-202606,openrtb.response.seatbid_or_nbr.required,error,seatbid,4.2.1
p002402,oneindia.com,o.clickiocdn.com,request,2.6-202606,openrtb.field.undefined,error,user.interests,3.2.20
p002403,oneindia.com,o.clickiocdn.com,request,2.6-202606,openrtb.field.undefined,error,user.interests,3.2.20
p002404,oneindia.com,o.clickiocdn.com,request,2.6-202606,openrtb.field.undefined,error,user.interests,3.2.20
p002405,oneindia.com,o.clickiocdn.com,request,2.6-202606,openrtb.field.undefined,error,user.interests,3.2.20
p002432,liveinternet.ru,pb.adriver.ru,request,2.6-202606,openrtb.field.undefined,error,user.buyerid,3.2.20
p002433,liveinternet.ru,pb.adriver.ru,request,2.6-202606,openrtb.field.undefined,error,user.buyerid,3.2.20
p002438,cupofjo.com,pbs-raptive-us.ay.delivery,request,2.6-202606,openrtb.field.deprecated,warning,imp[0].video.placement,Section 3.2.7
p002438,cupofjo.com,pbs-raptive-us.ay.delivery,request,2.6-202606,openrtb.value.invalid,error,imp[0].video.skip,3.2.7
p002439,cupofjo.com,pbs-raptive-us.ay.delivery,request,2.6-202606,openrtb.field.deprecated,warning,imp[0].video.placement,Section 3.2.7
p002439,cupofjo.com,pbs-raptive-us.ay.delivery,request,2.6-202606,openrtb.value.invalid,error,imp[0].video.skip,3.2.7
p002442,halfbakedharvest.com,pbs-raptive-us.ay.delivery,request,2.6-202606,openrtb.field.deprecated,warning,imp[0].video.placement,Section 3.2.7
p002442,halfbakedharvest.com,pbs-raptive-us.ay.delivery,request,2.6-202606,openrtb.value.invalid,error,imp[0].video.skip,3.2.7
p002443,halfbakedharvest.com,pbs-raptive-us.ay.delivery,request,2.6-202606,openrtb.field.deprecated,warning,imp[1].video.placement,Section 3.2.7
p002443,halfbakedharvest.com,pbs-raptive-us.ay.delivery,request,2.6-202606,openrtb.value.invalid,error,imp[1].video.skip,3.2.7
p002443,halfbakedharvest.com,pbs-raptive-us.ay.delivery,request,2.6-202606,openrtb.field.deprecated,warning,imp[3].video.placement,Section 3.2.7
p002443,halfbakedharvest.com,pbs-raptive-us.ay.delivery,request,2.6-202606,openrtb.value.invalid,error,imp[3].video.skip,3.2.7
p002443,halfbakedharvest.com,pbs-raptive-us.ay.delivery,request,2.6-202606,openrtb.field.deprecated,warning,imp[5].video.placement,Section 3.2.7
p002443,halfbakedharvest.com,pbs-raptive-us.ay.delivery,request,2.6-202606,openrtb.value.invalid,error,imp[5].video.skip,3.2.7
p002445,halfbakedharvest.com,pbs-raptive-us.ay.delivery,request,2.6-202606,openrtb.field.deprecated,warning,imp[0].video.placement,Section 3.2.7
p002445,halfbakedharvest.com,pbs-raptive-us.ay.delivery,request,2.6-202606,openrtb.value.invalid,error,imp[0].video.skip,3.2.7
p002448,halfbakedharvest.com,pbs-raptive-us.ay.delivery,request,2.6-202606,openrtb.field.deprecated,warning,imp[0].video.placement,Section 3.2.7
p002448,halfbakedharvest.com,pbs-raptive-us.ay.delivery,request,2.6-202606,openrtb.value.invalid,error,imp[0].video.skip,3.2.7
p002449,halfbakedharvest.com,pbs-raptive-us.ay.delivery,request,2.6-202606,openrtb.field.deprecated,warning,imp[0].video.placement,Section 3.2.7
p002449,halfbakedharvest.com,pbs-raptive-us.ay.delivery,request,2.6-202606,openrtb.value.invalid,error,imp[0].video.skip,3.2.7
p002453,ranker.com,pbs-raptive-us.ay.delivery,request,2.6-202606,openrtb.field.deprecated,warning,imp[1].video.placement,Section 3.2.7
p002453,ranker.com,pbs-raptive-us.ay.delivery,request,2.6-202606,openrtb.value.invalid,error,imp[1].video.skip,3.2.7
p002453,ranker.com,pbs-raptive-us.ay.delivery,request,2.6-202606,openrtb.field.deprecated,warning,imp[3].video.placement,Section 3.2.7
p002453,ranker.com,pbs-raptive-us.ay.delivery,request,2.6-202606,openrtb.value.invalid,error,imp[3].video.skip,3.2.7
p002453,ranker.com,pbs-raptive-us.ay.delivery,request,2.6-202606,openrtb.field.deprecated,warning,imp[5].video.placement,Section 3.2.7
p002453,ranker.com,pbs-raptive-us.ay.delivery,request,2.6-202606,openrtb.value.invalid,error,imp[5].video.skip,3.2.7
p002456,ranker.com,pbs-raptive-us.ay.delivery,request,2.6-202606,openrtb.field.deprecated,warning,imp[0].video.placement,Section 3.2.7
p002456,ranker.com,pbs-raptive-us.ay.delivery,request,2.6-202606,openrtb.value.invalid,error,imp[0].video.skip,3.2.7
p002457,ranker.com,pbs-raptive-us.ay.delivery,request,2.6-202606,openrtb.field.deprecated,warning,imp[0].video.placement,Section 3.2.7
p002457,ranker.com,pbs-raptive-us.ay.delivery,request,2.6-202606,openrtb.value.invalid,error,imp[0].video.skip,3.2.7
p002458,ranker.com,pbs-raptive-us.ay.delivery,request,2.6-202606,openrtb.field.deprecated,warning,imp[0].video.placement,Section 3.2.7
p002458,ranker.com,pbs-raptive-us.ay.delivery,request,2.6-202606,openrtb.value.invalid,error,imp[0].video.skip,3.2.7
p002459,ranker.com,pbs-raptive-us.ay.delivery,request,2.6-202606,openrtb.field.deprecated,warning,imp[0].video.placement,Section 3.2.7
p002459,ranker.com,pbs-raptive-us.ay.delivery,request,2.6-202606,openrtb.value.invalid,error,imp[0].video.skip,3.2.7
p002465,salon.com,pbs-raptive-us.ay.delivery,request,2.6-202606,openrtb.field.deprecated,warning,imp[0].video.placement,Section 3.2.7
p002465,salon.com,pbs-raptive-us.ay.delivery,request,2.6-202606,openrtb.value.invalid,error,imp[0].video.skip,3.2.7
p002467,salon.com,pbs-raptive-us.ay.delivery,request,2.6-202606,openrtb.field.deprecated,warning,imp[0].video.placement,Section 3.2.7
p002467,salon.com,pbs-raptive-us.ay.delivery,request,2.6-202606,openrtb.value.invalid,error,imp[0].video.skip,3.2.7
p002468,salon.com,pbs-raptive-us.ay.delivery,request,2.6-202606,openrtb.field.deprecated,warning,imp[1].video.placement,Section 3.2.7
p002468,salon.com,pbs-raptive-us.ay.delivery,request,2.6-202606,openrtb.value.invalid,error,imp[1].video.skip,3.2.7
p002468,salon.com,pbs-raptive-us.ay.delivery,request,2.6-202606,openrtb.field.deprecated,warning,imp[3].video.placement,Section 3.2.7
p002468,salon.com,pbs-raptive-us.ay.delivery,request,2.6-202606,openrtb.value.invalid,error,imp[3].video.skip,3.2.7
p002468,salon.com,pbs-raptive-us.ay.delivery,request,2.6-202606,openrtb.field.deprecated,warning,imp[5].video.placement,Section 3.2.7
p002468,salon.com,pbs-raptive-us.ay.delivery,request,2.6-202606,openrtb.value.invalid,error,imp[5].video.skip,3.2.7
p002474,salon.com,pbs-raptive-us.ay.delivery,request,2.6-202606,openrtb.field.deprecated,warning,imp[0].video.placement,Section 3.2.7
p002474,salon.com,pbs-raptive-us.ay.delivery,request,2.6-202606,openrtb.value.invalid,error,imp[0].video.skip,3.2.7
p002475,salon.com,pbs-raptive-us.ay.delivery,request,2.6-202606,openrtb.field.deprecated,warning,imp[0].video.placement,Section 3.2.7
p002475,salon.com,pbs-raptive-us.ay.delivery,request,2.6-202606,openrtb.value.invalid,error,imp[0].video.skip,3.2.7
p002476,salon.com,pbs-raptive-us.ay.delivery,request,2.6-202606,openrtb.field.deprecated,warning,imp[0].video.placement,Section 3.2.7
p002476,salon.com,pbs-raptive-us.ay.delivery,request,2.6-202606,openrtb.value.invalid,error,imp[0].video.skip,3.2.7
p002477,salon.com,pbs-raptive-us.ay.delivery,request,2.6-202606,openrtb.field.deprecated,warning,imp[0].video.placement,Section 3.2.7
p002477,salon.com,pbs-raptive-us.ay.delivery,request,2.6-202606,openrtb.value.invalid,error,imp[0].video.skip,3.2.7
p002478,salon.com,pbs-raptive-us.ay.delivery,request,2.6-202606,openrtb.field.deprecated,warning,imp[0].video.placement,Section 3.2.7
p002478,salon.com,pbs-raptive-us.ay.delivery,request,2.6-202606,openrtb.value.invalid,error,imp[0].video.skip,3.2.7
p002480,webdesignerdepot.com,pbs-raptive-us.ay.delivery,request,2.6-202606,openrtb.field.deprecated,warning,imp[0].video.placement,Section 3.2.7
p002480,webdesignerdepot.com,pbs-raptive-us.ay.delivery,request,2.6-202606,openrtb.value.invalid,error,imp[0].video.skip,3.2.7
p002481,webdesignerdepot.com,pbs-raptive-us.ay.delivery,request,2.6-202606,openrtb.field.deprecated,warning,imp[1].video.placement,Section 3.2.7
p002481,webdesignerdepot.com,pbs-raptive-us.ay.delivery,request,2.6-202606,openrtb.value.invalid,error,imp[1].video.skip,3.2.7
p002481,webdesignerdepot.com,pbs-raptive-us.ay.delivery,request,2.6-202606,openrtb.field.deprecated,warning,imp[3].video.placement,Section 3.2.7
p002481,webdesignerdepot.com,pbs-raptive-us.ay.delivery,request,2.6-202606,openrtb.value.invalid,error,imp[3].video.skip,3.2.7
p002481,webdesignerdepot.com,pbs-raptive-us.ay.delivery,request,2.6-202606,openrtb.field.deprecated,warning,imp[5].video.placement,Section 3.2.7
p002481,webdesignerdepot.com,pbs-raptive-us.ay.delivery,request,2.6-202606,openrtb.value.invalid,error,imp[5].video.skip,3.2.7
p002483,webdesignerdepot.com,pbs-raptive-us.ay.delivery,request,2.6-202606,openrtb.field.deprecated,warning,imp[0].video.placement,Section 3.2.7
p002483,webdesignerdepot.com,pbs-raptive-us.ay.delivery,request,2.6-202606,openrtb.value.invalid,error,imp[0].video.skip,3.2.7
p002484,webdesignerdepot.com,pbs-raptive-us.ay.delivery,request,2.6-202606,openrtb.field.deprecated,warning,imp[0].video.placement,Section 3.2.7
p002484,webdesignerdepot.com,pbs-raptive-us.ay.delivery,request,2.6-202606,openrtb.value.invalid,error,imp[0].video.skip,3.2.7
p002486,cupofjo.com,pbs-raptive-us.ay.delivery,response,2.6-202606,openrtb.bid.mtype_missing,warning,seatbid[0].bid[0].mtype,4.2.3
p002489,cupofjo.com,pbs-raptive-us.ay.delivery,response,2.6-202606,openrtb.bid.mtype_missing,warning,seatbid[0].bid[0].mtype,4.2.3
p002489,cupofjo.com,pbs-raptive-us.ay.delivery,response,2.6-202606,openrtb.bid.mtype_missing,warning,seatbid[2].bid[0].mtype,4.2.3
p002491,halfbakedharvest.com,pbs-raptive-us.ay.delivery,response,2.6-202606,openrtb.bid.mtype_missing,warning,seatbid[1].bid[0].mtype,4.2.3
p002492,halfbakedharvest.com,pbs-raptive-us.ay.delivery,response,2.6-202606,openrtb.bid.mtype_missing,warning,seatbid[0].bid[0].mtype,4.2.3
p002493,halfbakedharvest.com,pbs-raptive-us.ay.delivery,response,2.6-202606,openrtb.bid.mtype_missing,warning,seatbid[2].bid[0].mtype,4.2.3
p002494,halfbakedharvest.com,pbs-raptive-us.ay.delivery,response,2.6-202606,openrtb.bid.mtype_missing,warning,seatbid[0].bid[0].mtype,4.2.3
p002494,halfbakedharvest.com,pbs-raptive-us.ay.delivery,response,2.6-202606,openrtb.bid.mtype_missing,warning,seatbid[1].bid[0].mtype,4.2.3
p002498,autoguide.com,pbs-us-east.ay.delivery,request,2.6-202606,openrtb.field.moved,error,regs.ext.gdpr,Section 3.2.3
p002499,autoguide.com,pbs-us-east.ay.delivery,request,2.6-202606,openrtb.field.moved,error,regs.ext.gdpr,Section 3.2.3
p002500,autoguide.com,pbs-us-east.ay.delivery,request,2.6-202606,openrtb.field.moved,error,regs.ext.gdpr,Section 3.2.3
p002501,autoguide.com,pbs-us-east.ay.delivery,request,2.6-202606,openrtb.field.moved,error,regs.ext.gdpr,Section 3.2.3
p002502,autoguide.com,pbs-us-east.ay.delivery,request,2.6-202606,openrtb.field.moved,error,regs.ext.gdpr,Section 3.2.3
p002503,autoguide.com,pbs-us-east.ay.delivery,request,2.6-202606,openrtb.field.moved,error,regs.ext.gdpr,Section 3.2.3
p002504,autoguide.com,pbs-us-east.ay.delivery,request,2.6-202606,openrtb.field.moved,error,regs.ext.gdpr,Section 3.2.3
p002505,autoguide.com,pbs-us-east.ay.delivery,request,2.6-202606,openrtb.field.moved,error,regs.ext.gdpr,Section 3.2.3
p002506,autoguide.com,pbs-us-east.ay.delivery,request,2.6-202606,openrtb.field.moved,error,regs.ext.gdpr,Section 3.2.3
p002507,autoguide.com,pbs-us-east.ay.delivery,request,2.6-202606,openrtb.field.moved,error,regs.ext.gdpr,Section 3.2.3
p002508,autoguide.com,pbs-us-east.ay.delivery,request,2.6-202606,openrtb.field.moved,error,regs.ext.gdpr,Section 3.2.3
p002509,autoguide.com,pbs-us-east.ay.delivery,request,2.6-202606,openrtb.field.moved,error,regs.ext.gdpr,Section 3.2.3
p002510,autoguide.com,pbs-us-east.ay.delivery,request,2.6-202606,openrtb.field.moved,error,regs.ext.gdpr,Section 3.2.3
p002511,autoguide.com,pbs-us-east.ay.delivery,request,2.6-202606,openrtb.field.moved,error,regs.ext.gdpr,Section 3.2.3
p002512,autoguide.com,pbs-us-east.ay.delivery,request,2.6-202606,openrtb.field.moved,error,regs.ext.gdpr,Section 3.2.3
p002513,autoguide.com,pbs-us-east.ay.delivery,request,2.6-202606,openrtb.field.moved,error,regs.ext.gdpr,Section 3.2.3
p002516,autoguide.com,pbs-us-east.ay.delivery,response,2.6-202606,openrtb.bid.mtype_missing,warning,seatbid[0].bid[0].mtype,4.2.3
p002517,autoguide.com,pbs-us-east.ay.delivery,response,2.6-202606,openrtb.bid.mtype_missing,warning,seatbid[3].bid[0].mtype,4.2.3
p002518,autoguide.com,pbs-us-east.ay.delivery,response,2.6-202606,openrtb.bid.mtype_missing,warning,seatbid[1].bid[0].mtype,4.2.3
p002519,autoguide.com,pbs-us-east.ay.delivery,response,2.6-202606,openrtb.bid.mtype_missing,warning,seatbid[2].bid[0].mtype,4.2.3
p002520,autoguide.com,pbs-us-east.ay.delivery,response,2.6-202606,openrtb.bid.mtype_missing,warning,seatbid[0].bid[0].mtype,4.2.3
p002521,autoguide.com,pbs-us-east.ay.delivery,response,2.6-202606,openrtb.bid.mtype_missing,warning,seatbid[2].bid[0].mtype,4.2.3
p002522,autoguide.com,pbs-us-east.ay.delivery,response,2.6-202606,openrtb.bid.mtype_missing,warning,seatbid[2].bid[0].mtype,4.2.3
p002523,autoguide.com,pbs-us-east.ay.delivery,response,2.6-202606,openrtb.bid.mtype_missing,warning,seatbid[0].bid[0].mtype,4.2.3
p002524,autoguide.com,pbs-us-east.ay.delivery,response,2.6-202606,openrtb.bid.mtype_missing,warning,seatbid[2].bid[0].mtype,4.2.3
p002525,autoguide.com,pbs-us-east.ay.delivery,response,2.6-202606,openrtb.bid.mtype_missing,warning,seatbid[0].bid[0].mtype,4.2.3
p002526,autoguide.com,pbs-us-east.ay.delivery,response,2.6-202606,openrtb.bid.mtype_missing,warning,seatbid[2].bid[0].mtype,4.2.3
p002527,autoguide.com,pbs-us-east.ay.delivery,response,2.6-202606,openrtb.bid.mtype_missing,warning,seatbid[1].bid[0].mtype,4.2.3
p002528,autoguide.com,pbs-us-east.ay.delivery,response,2.6-202606,openrtb.bid.mtype_missing,warning,seatbid[0].bid[0].mtype,4.2.3
p002528,autoguide.com,pbs-us-east.ay.delivery,response,2.6-202606,openrtb.bid.mtype_missing,warning,seatbid[1].bid[0].mtype,4.2.3
p002529,autoguide.com,pbs-us-east.ay.delivery,response,2.6-202606,openrtb.bid.mtype_missing,warning,seatbid[1].bid[0].mtype,4.2.3
p002530,autoguide.com,pbs-us-east.ay.delivery,response,2.6-202606,openrtb.bid.mtype_missing,warning,seatbid[0].bid[0].mtype,4.2.3
p002531,autoguide.com,pbs-us-east.ay.delivery,response,2.6-202606,openrtb.bid.mtype_missing,warning,seatbid[1].bid[0].mtype,4.2.3
p002531,autoguide.com,pbs-us-east.ay.delivery,response,2.6-202606,openrtb.bid.mtype_missing,warning,seatbid[1].bid[1].mtype,4.2.3
p002531,autoguide.com,pbs-us-east.ay.delivery,response,2.6-202606,openrtb.bid.mtype_missing,warning,seatbid[1].bid[2].mtype,4.2.3
p002531,autoguide.com,pbs-us-east.ay.delivery,response,2.6-202606,openrtb.bid.mtype_missing,warning,seatbid[1].bid[3].mtype,4.2.3
p002531,autoguide.com,pbs-us-east.ay.delivery,response,2.6-202606,openrtb.bid.mtype_missing,warning,seatbid[1].bid[4].mtype,4.2.3
p002531,autoguide.com,pbs-us-east.ay.delivery,response,2.6-202606,openrtb.bid.mtype_missing,warning,seatbid[1].bid[5].mtype,4.2.3
p002531,autoguide.com,pbs-us-east.ay.delivery,response,2.6-202606,openrtb.bid.mtype_missing,warning,seatbid[1].bid[6].mtype,4.2.3
p002531,autoguide.com,pbs-us-east.ay.delivery,response,2.6-202606,openrtb.bid.mtype_missing,warning,seatbid[1].bid[7].mtype,4.2.3
p002531,autoguide.com,pbs-us-east.ay.delivery,response,2.6-202606,openrtb.bid.mtype_missing,warning,seatbid[1].bid[8].mtype,4.2.3
p002531,autoguide.com,pbs-us-east.ay.delivery,response,2.6-202606,openrtb.bid.mtype_missing,warning,seatbid[1].bid[9].mtype,4.2.3
p002531,autoguide.com,pbs-us-east.ay.delivery,response,2.6-202606,openrtb.bid.mtype_missing,warning,seatbid[1].bid[10].mtype,4.2.3
p002531,autoguide.com,pbs-us-east.ay.delivery,response,2.6-202606,openrtb.bid.mtype_missing,warning,seatbid[1].bid[11].mtype,4.2.3
p002531,autoguide.com,pbs-us-east.ay.delivery,response,2.6-202606,openrtb.bid.mtype_missing,warning,seatbid[1].bid[12].mtype,4.2.3
p002531,autoguide.com,pbs-us-east.ay.delivery,response,2.6-202606,openrtb.bid.mtype_missing,warning,seatbid[1].bid[13].mtype,4.2.3
p002531,autoguide.com,pbs-us-east.ay.delivery,response,2.6-202606,openrtb.bid.mtype_missing,warning,seatbid[1].bid[14].mtype,4.2.3
p002531,autoguide.com,pbs-us-east.ay.delivery,response,2.6-202606,openrtb.bid.mtype_missing,warning,seatbid[1].bid[15].mtype,4.2.3
p002531,autoguide.com,pbs-us-east.ay.delivery,response,2.6-202606,openrtb.bid.mtype_missing,warning,seatbid[1].bid[16].mtype,4.2.3
p002531,autoguide.com,pbs-us-east.ay.delivery,response,2.6-202606,openrtb.bid.mtype_missing,warning,seatbid[1].bid[17].mtype,4.2.3
p002531,autoguide.com,pbs-us-east.ay.delivery,response,2.6-202606,openrtb.bid.mtype_missing,warning,seatbid[1].bid[18].mtype,4.2.3
p002531,autoguide.com,pbs-us-east.ay.delivery,response,2.6-202606,openrtb.bid.mtype_missing,warning,seatbid[1].bid[19].mtype,4.2.3
p002531,autoguide.com,pbs-us-east.ay.delivery,response,2.6-202606,openrtb.bid.mtype_missing,warning,seatbid[1].bid[20].mtype,4.2.3
p002531,autoguide.com,pbs-us-east.ay.delivery,response,2.6-202606,openrtb.bid.mtype_missing,warning,seatbid[1].bid[21].mtype,4.2.3
p002531,autoguide.com,pbs-us-east.ay.delivery,response,2.6-202606,openrtb.bid.mtype_missing,warning,seatbid[1].bid[22].mtype,4.2.3
p002531,autoguide.com,pbs-us-east.ay.delivery,response,2.6-202606,openrtb.bid.mtype_missing,warning,seatbid[1].bid[23].mtype,4.2.3
p002531,autoguide.com,pbs-us-east.ay.delivery,response,2.6-202606,openrtb.bid.mtype_missing,warning,seatbid[1].bid[24].mtype,4.2.3
p002531,autoguide.com,pbs-us-east.ay.delivery,response,2.6-202606,openrtb.bid.mtype_missing,warning,seatbid[1].bid[25].mtype,4.2.3
p002531,autoguide.com,pbs-us-east.ay.delivery,response,2.6-202606,openrtb.bid.mtype_missing,warning,seatbid[1].bid[26].mtype,4.2.3
p002531,autoguide.com,pbs-us-east.ay.delivery,response,2.6-202606,openrtb.bid.mtype_missing,warning,seatbid[1].bid[27].mtype,4.2.3
p002533,vivitusuerte.com,pbs.360yield.com,request,2.6-202606,openrtb.field.moved,error,regs.ext.gdpr,Section 3.2.3
p002535,futbol-11.com,pbs.anyadx.live,request,2.6-202606,openrtb.field.deprecated,warning,imp[0].video.placement,Section 3.2.7
p002535,futbol-11.com,pbs.anyadx.live,request,2.6-202606,openrtb.request.tmax_implausible,warning,tmax,3.2.1
p002543,coindesk.com,pbs.intergient.com,response,2.6-202606,openrtb.bid.mtype_missing,warning,seatbid[0].bid[0].mtype,4.2.3
p002543,coindesk.com,pbs.intergient.com,response,2.6-202606,openrtb.bid.mtype_missing,warning,seatbid[6].bid[0].mtype,4.2.3
p002543,coindesk.com,pbs.intergient.com,response,2.6-202606,openrtb.bid.mtype_missing,warning,seatbid[6].bid[1].mtype,4.2.3
p002544,coindesk.com,pbs.intergient.com,response,2.6-202606,openrtb.bid.mtype_missing,warning,seatbid[3].bid[0].mtype,4.2.3
p002544,coindesk.com,pbs.intergient.com,response,2.6-202606,openrtb.bid.mtype_missing,warning,seatbid[3].bid[1].mtype,4.2.3
p002547,dailykos.com,pbs.intergient.com,response,2.6-202606,openrtb.bid.mtype_missing,warning,seatbid[1].bid[0].mtype,4.2.3
p002549,andhrajyothy.com,pbs.nextmillmedia.com,request,2.6-202606,openrtb.type.mismatch,error,site.ref,3.2.13
p002550,andhrajyothy.com,pbs.nextmillmedia.com,request,2.6-202606,openrtb.type.mismatch,error,site.ref,3.2.13
p002551,fox11online.com,pbs.nextmillmedia.com,request,2.6-202606,openrtb.field.deprecated,warning,imp[0].video.placement,Section 3.2.7
p002551,fox11online.com,pbs.nextmillmedia.com,request,2.6-202606,openrtb.type.mismatch,error,site.ref,3.2.13
p002552,fox11online.com,pbs.nextmillmedia.com,request,2.6-202606,openrtb.type.mismatch,error,site.ref,3.2.13
p002553,fox11online.com,pbs.nextmillmedia.com,request,2.6-202606,openrtb.field.deprecated,warning,imp[0].video.placement,Section 3.2.7
p002553,fox11online.com,pbs.nextmillmedia.com,request,2.6-202606,openrtb.type.mismatch,error,site.ref,3.2.13
p002554,fox11online.com,pbs.nextmillmedia.com,request,2.6-202606,openrtb.type.mismatch,error,site.ref,3.2.13
p002555,rediff.com,pbs.nextmillmedia.com,request,2.6-202606,openrtb.type.mismatch,error,site.ref,3.2.13
p002556,rediff.com,pbs.nextmillmedia.com,request,2.6-202606,openrtb.type.mismatch,error,site.ref,3.2.13
p002557,rediff.com,pbs.nextmillmedia.com,request,2.6-202606,openrtb.type.mismatch,error,site.ref,3.2.13
p002560,psychcentral.com,pbs2418030.adspsp.com,request,2.5,openrtb.field.undefined,error,device.sua,3.2.18
p002561,psychcentral.com,pbs2418030.adspsp.com,request,2.5,openrtb.field.undefined,error,device.sua,3.2.18
p002562,psychcentral.com,pbs2418030.adspsp.com,request,2.5,openrtb.field.undefined,error,device.sua,3.2.18
p002563,psychcentral.com,pbs2418030.adspsp.com,request,2.5,openrtb.field.undefined,error,device.sua,3.2.18
p002564,psychcentral.com,pbs2418030.adspsp.com,request,2.5,openrtb.field.undefined,error,device.sua,3.2.18
p002565,psychcentral.com,pbs2418030.adspsp.com,request,2.5,openrtb.field.undefined,error,device.sua,3.2.18
p002566,psychcentral.com,pbs2418030.adspsp.com,request,2.5,openrtb.field.undefined,error,device.sua,3.2.18
p002577,csfd.cz,prebid-eu.creativecdn.com,request,2.6-202606,openrtb.field.moved,error,regs.ext.gdpr,Section 3.2.3
p002577,csfd.cz,prebid-eu.creativecdn.com,request,2.6-202606,openrtb.field.moved,error,user.ext.consent,Section 3.2.20
p002578,csfd.cz,prebid-eu.creativecdn.com,request,2.6-202606,openrtb.type.mismatch,error,imp[2].native.request,3.2.9
p002578,csfd.cz,prebid-eu.creativecdn.com,request,2.6-202606,openrtb.type.mismatch,error,imp[11].native.request,3.2.9
p002578,csfd.cz,prebid-eu.creativecdn.com,request,2.6-202606,openrtb.type.mismatch,error,imp[16].native.request,3.2.9
p002578,csfd.cz,prebid-eu.creativecdn.com,request,2.6-202606,openrtb.type.mismatch,error,imp[19].native.request,3.2.9
p002578,csfd.cz,prebid-eu.creativecdn.com,request,2.6-202606,openrtb.type.mismatch,error,imp[21].native.request,3.2.9
p002578,csfd.cz,prebid-eu.creativecdn.com,request,2.6-202606,openrtb.type.mismatch,error,imp[23].native.request,3.2.9
p002578,csfd.cz,prebid-eu.creativecdn.com,request,2.6-202606,openrtb.field.moved,error,regs.ext.gdpr,Section 3.2.3
p002578,csfd.cz,prebid-eu.creativecdn.com,request,2.6-202606,openrtb.field.moved,error,user.ext.consent,Section 3.2.20
p002579,csfd.cz,prebid-eu.creativecdn.com,request,2.6-202606,openrtb.field.moved,error,regs.ext.gdpr,Section 3.2.3
p002579,csfd.cz,prebid-eu.creativecdn.com,request,2.6-202606,openrtb.field.moved,error,user.ext.consent,Section 3.2.20
p002580,elespectador.com,prebid-eu.creativecdn.com,request,2.6-202606,openrtb.field.moved,error,user.ext.consent,Section 3.2.20
p002581,elespectador.com,prebid-eu.creativecdn.com,request,2.6-202606,openrtb.field.moved,error,user.ext.consent,Section 3.2.20
p002582,elespectador.com,prebid-eu.creativecdn.com,request,2.6-202606,openrtb.field.moved,error,user.ext.consent,Section 3.2.20
p002585,haberler.com,prebid-eu.creativecdn.com,request,2.6-202606,openrtb.type.mismatch,error,imp[1].native.request,3.2.9
p002586,haberler.com,prebid-eu.creativecdn.com,request,2.6-202606,openrtb.type.mismatch,error,imp[1].native.request,3.2.9
p002598,prosport.ro,prebid-eu.creativecdn.com,request,2.6-202606,openrtb.field.moved,error,regs.ext.gdpr,Section 3.2.3
p002598,prosport.ro,prebid-eu.creativecdn.com,request,2.6-202606,openrtb.field.moved,error,user.ext.consent,Section 3.2.20
p002599,prosport.ro,prebid-eu.creativecdn.com,request,2.6-202606,openrtb.field.moved,error,regs.ext.gdpr,Section 3.2.3
p002599,prosport.ro,prebid-eu.creativecdn.com,request,2.6-202606,openrtb.field.moved,error,user.ext.consent,Section 3.2.20
p002600,prosport.ro,prebid-eu.creativecdn.com,request,2.6-202606,openrtb.field.moved,error,regs.ext.gdpr,Section 3.2.3
p002600,prosport.ro,prebid-eu.creativecdn.com,request,2.6-202606,openrtb.field.moved,error,user.ext.consent,Section 3.2.20
p002602,sozcu.com.tr,prebid-eu.creativecdn.com,request,2.6-202606,openrtb.field.moved,error,regs.ext.gdpr,Section 3.2.3
p002602,sozcu.com.tr,prebid-eu.creativecdn.com,request,2.6-202606,openrtb.field.moved,error,user.ext.consent,Section 3.2.20
p002613,vivitusuerte.com,prebid-server.pbstck.com,request,2.6-202606,openrtb.field.moved,error,regs.ext.gdpr,Section 3.2.3
p002614,philstar.com,prebid-server.pbstck.com,response,2.6-202606,openrtb.field.undefined,error,seatbid[0].bid[0].cpm,4.2.3
p002614,philstar.com,prebid-server.pbstck.com,response,2.6-202606,openrtb.field.undefined,error,seatbid[0].bid[0].creativeId,4.2.3
p002614,philstar.com,prebid-server.pbstck.com,response,2.6-202606,openrtb.field.undefined,error,seatbid[0].bid[0].netRevenue,4.2.3
p002614,philstar.com,prebid-server.pbstck.com,response,2.6-202606,openrtb.field.undefined,error,seatbid[0].bid[0].ttl,4.2.3
p002615,philstar.com,prebid-server.pbstck.com,response,2.6-202606,openrtb.field.undefined,error,seatbid[0].bid[0].cpm,4.2.3
p002615,philstar.com,prebid-server.pbstck.com,response,2.6-202606,openrtb.field.undefined,error,seatbid[0].bid[0].creativeId,4.2.3
p002615,philstar.com,prebid-server.pbstck.com,response,2.6-202606,openrtb.field.undefined,error,seatbid[0].bid[0].netRevenue,4.2.3
p002615,philstar.com,prebid-server.pbstck.com,response,2.6-202606,openrtb.field.undefined,error,seatbid[0].bid[0].ttl,4.2.3
p002616,vivitusuerte.com,prebid-server.pbstck.com,response,2.6-202606,openrtb.field.undefined,error,seatbid[0].bid[0].cpm,4.2.3
p002616,vivitusuerte.com,prebid-server.pbstck.com,response,2.6-202606,openrtb.field.undefined,error,seatbid[0].bid[0].creativeId,4.2.3
p002616,vivitusuerte.com,prebid-server.pbstck.com,response,2.6-202606,openrtb.field.undefined,error,seatbid[0].bid[0].netRevenue,4.2.3
p002616,vivitusuerte.com,prebid-server.pbstck.com,response,2.6-202606,openrtb.field.undefined,error,seatbid[0].bid[0].ttl,4.2.3
p002617,autoexpress.co.uk,prebid-server.rubiconproject.com,request,2.6-202606,openrtb.field.undefined,error,device.geo.state,3.2.19
p002617,autoexpress.co.uk,prebid-server.rubiconproject.com,request,2.6-202606,openrtb.field.deprecated,warning,imp[0].video.placement,Section 3.2.7
p002618,autoexpress.co.uk,prebid-server.rubiconproject.com,request,2.6-202606,openrtb.field.undefined,error,device.geo.state,3.2.19
p002618,autoexpress.co.uk,prebid-server.rubiconproject.com,request,2.6-202606,openrtb.field.deprecated,warning,imp[0].video.placement,Section 3.2.7
p002619,businessinsider.com,prebid-server.rubiconproject.com,request,2.6-202606,openrtb.type.mismatch,error,site.publisher.id,3.2.15
p002620,barcablaugranes.com,prebid-server.rubiconproject.com,request,2.6-202606,openrtb.type.mismatch,error,site.publisher.id,3.2.15
p002621,barcablaugranes.com,prebid-server.rubiconproject.com,request,2.6-202606,openrtb.type.mismatch,error,site.publisher.id,3.2.15
p002622,barcablaugranes.com,prebid-server.rubiconproject.com,request,2.6-202606,openrtb.type.mismatch,error,site.publisher.id,3.2.15
p002623,businessinsider.com,prebid-server.rubiconproject.com,request,2.6-202606,openrtb.type.mismatch,error,site.publisher.id,3.2.15
p002624,barcablaugranes.com,prebid-server.rubiconproject.com,request,2.6-202606,openrtb.type.mismatch,error,site.publisher.id,3.2.15
p002625,businessinsider.com,prebid-server.rubiconproject.com,request,2.6-202606,openrtb.type.mismatch,error,site.publisher.id,3.2.15
p002626,businessinsider.com,prebid-server.rubiconproject.com,request,2.6-202606,openrtb.type.mismatch,error,site.publisher.id,3.2.15
p002627,barcablaugranes.com,prebid-server.rubiconproject.com,request,2.6-202606,openrtb.type.mismatch,error,site.publisher.id,3.2.15
p002628,barcablaugranes.com,prebid-server.rubiconproject.com,request,2.6-202606,openrtb.type.mismatch,error,site.publisher.id,3.2.15
p002629,barcablaugranes.com,prebid-server.rubiconproject.com,request,2.6-202606,openrtb.type.mismatch,error,site.publisher.id,3.2.15
p002630,barcablaugranes.com,prebid-server.rubiconproject.com,request,2.6-202606,openrtb.type.mismatch,error,site.publisher.id,3.2.15
p002631,barcablaugranes.com,prebid-server.rubiconproject.com,request,2.6-202606,openrtb.type.mismatch,error,site.publisher.id,3.2.15
p002632,chicagotribune.com,prebid-server.rubiconproject.com,request,2.6-202606,openrtb.field.deprecated,warning,imp[0].video.placement,Section 3.2.7
p002633,chicagotribune.com,prebid-server.rubiconproject.com,request,2.6-202606,openrtb.field.deprecated,warning,imp[0].video.placement,Section 3.2.7
p002634,chicagotribune.com,prebid-server.rubiconproject.com,request,2.6-202606,openrtb.field.deprecated,warning,imp[0].video.placement,Section 3.2.7
p002635,chicagotribune.com,prebid-server.rubiconproject.com,request,2.6-202606,openrtb.field.deprecated,warning,imp[0].video.placement,Section 3.2.7
p002636,chicagotribune.com,prebid-server.rubiconproject.com,request,2.6-202606,openrtb.field.deprecated,warning,imp[0].video.placement,Section 3.2.7
p002637,cityam.com,prebid-server.rubiconproject.com,request,2.6-202606,openrtb.field.moved,error,regs.ext.gdpr,Section 3.2.3
p002637,cityam.com,prebid-server.rubiconproject.com,request,2.6-202606,openrtb.type.mismatch,error,site.publisher.id,3.2.15
p002638,cupofjo.com,prebid-server.rubiconproject.com,request,2.6-202606,openrtb.field.deprecated,warning,imp[0].video.placement,Section 3.2.7
p002638,cupofjo.com,prebid-server.rubiconproject.com,request,2.6-202606,openrtb.value.invalid,error,imp[0].video.skip,3.2.7
p002639,cupofjo.com,prebid-server.rubiconproject.com,request,2.6-202606,openrtb.field.deprecated,warning,imp[0].video.placement,Section 3.2.7
p002639,cupofjo.com,prebid-server.rubiconproject.com,request,2.6-202606,openrtb.value.invalid,error,imp[0].video.skip,3.2.7
p002640,cupofjo.com,prebid-server.rubiconproject.com,request,2.6-202606,openrtb.field.deprecated,warning,imp[0].video.placement,Section 3.2.7
p002640,cupofjo.com,prebid-server.rubiconproject.com,request,2.6-202606,openrtb.value.invalid,error,imp[0].video.skip,3.2.7
p002641,dhnet.be,prebid-server.rubiconproject.com,request,2.6-202606,openrtb.field.moved,error,regs.ext.gdpr,Section 3.2.3
p002641,dhnet.be,prebid-server.rubiconproject.com,request,2.6-202606,openrtb.field.moved,error,user.ext.consent,Section 3.2.20
p002642,dhnet.be,prebid-server.rubiconproject.com,request,2.6-202606,openrtb.field.moved,error,regs.ext.gdpr,Section 3.2.3
p002642,dhnet.be,prebid-server.rubiconproject.com,request,2.6-202606,openrtb.field.moved,error,user.ext.consent,Section 3.2.20
p002643,eonline.com,prebid-server.rubiconproject.com,request,2.6-202606,openrtb.field.deprecated,warning,imp[0].video.placement,Section 3.2.7
p002643,eonline.com,prebid-server.rubiconproject.com,request,2.6-202606,openrtb.value.invalid,error,imp[0].video.skip,3.2.7
p002644,eonline.com,prebid-server.rubiconproject.com,request,2.6-202606,openrtb.field.deprecated,warning,imp[0].video.placement,Section 3.2.7
p002644,eonline.com,prebid-server.rubiconproject.com,request,2.6-202606,openrtb.value.invalid,error,imp[0].video.skip,3.2.7
p002645,eonline.com,prebid-server.rubiconproject.com,request,2.6-202606,openrtb.field.deprecated,warning,imp[0].video.placement,Section 3.2.7
p002645,eonline.com,prebid-server.rubiconproject.com,request,2.6-202606,openrtb.value.invalid,error,imp[0].video.skip,3.2.7
p002646,eonline.com,prebid-server.rubiconproject.com,request,2.6-202606,openrtb.field.deprecated,warning,imp[0].video.placement,Section 3.2.7
p002646,eonline.com,prebid-server.rubiconproject.com,request,2.6-202606,openrtb.value.invalid,error,imp[0].video.skip,3.2.7
p002647,eonline.com,prebid-server.rubiconproject.com,request,2.6-202606,openrtb.field.deprecated,warning,imp[0].video.placement,Section 3.2.7
p002647,eonline.com,prebid-server.rubiconproject.com,request,2.6-202606,openrtb.value.invalid,error,imp[0].video.skip,3.2.7
p002648,eonline.com,prebid-server.rubiconproject.com,request,2.6-202606,openrtb.field.deprecated,warning,imp[0].video.placement,Section 3.2.7
p002648,eonline.com,prebid-server.rubiconproject.com,request,2.6-202606,openrtb.value.invalid,error,imp[0].video.skip,3.2.7
p002649,fncstatic.com,prebid-server.rubiconproject.com,request,2.6-202606,openrtb.field.deprecated,warning,imp[0].video.placement,Section 3.2.7
p002649,fncstatic.com,prebid-server.rubiconproject.com,request,2.6-202606,openrtb.field.undefined,error,publisher,3.2.1
p002650,fncstatic.com,prebid-server.rubiconproject.com,request,2.6-202606,openrtb.field.deprecated,warning,imp[0].video.placement,Section 3.2.7
p002650,fncstatic.com,prebid-server.rubiconproject.com,request,2.6-202606,openrtb.field.undefined,error,publisher,3.2.1
p002651,fox11online.com,prebid-server.rubiconproject.com,request,2.6-202606,openrtb.field.deprecated,warning,imp[0].video.placement,Section 3.2.7
p002651,fox11online.com,prebid-server.rubiconproject.com,request,2.6-202606,openrtb.value.invalid,error,imp[0].video.skip,3.2.7
p002652,fox11online.com,prebid-server.rubiconproject.com,request,2.6-202606,openrtb.field.deprecated,warning,imp[0].video.placement,Section 3.2.7
p002652,fox11online.com,prebid-server.rubiconproject.com,request,2.6-202606,openrtb.value.invalid,error,imp[0].video.skip,3.2.7
p002653,fox11online.com,prebid-server.rubiconproject.com,request,2.6-202606,openrtb.field.deprecated,warning,imp[0].video.placement,Section 3.2.7
p002653,fox11online.com,prebid-server.rubiconproject.com,request,2.6-202606,openrtb.value.invalid,error,imp[0].video.skip,3.2.7
p002654,fox11online.com,prebid-server.rubiconproject.com,request,2.6-202606,openrtb.field.deprecated,warning,imp[0].video.placement,Section 3.2.7
p002654,fox11online.com,prebid-server.rubiconproject.com,request,2.6-202606,openrtb.value.invalid,error,imp[0].video.skip,3.2.7
p002655,fox11online.com,prebid-server.rubiconproject.com,request,2.6-202606,openrtb.field.deprecated,warning,imp[0].video.placement,Section 3.2.7
p002655,fox11online.com,prebid-server.rubiconproject.com,request,2.6-202606,openrtb.value.invalid,error,imp[0].video.skip,3.2.7
p002656,fox11online.com,prebid-server.rubiconproject.com,request,2.6-202606,openrtb.field.deprecated,warning,imp[0].video.placement,Section 3.2.7
p002656,fox11online.com,prebid-server.rubiconproject.com,request,2.6-202606,openrtb.value.invalid,error,imp[0].video.skip,3.2.7
p002657,fox11online.com,prebid-server.rubiconproject.com,request,2.6-202606,openrtb.field.deprecated,warning,imp[0].video.placement,Section 3.2.7
p002657,fox11online.com,prebid-server.rubiconproject.com,request,2.6-202606,openrtb.type.mismatch,error,site.content.cat,3.2.16
p002657,fox11online.com,prebid-server.rubiconproject.com,request,2.6-202606,openrtb.field.undefined,error,site.content.pagecat,3.2.16
p002658,fox11online.com,prebid-server.rubiconproject.com,request,2.6-202606,openrtb.field.deprecated,warning,imp[0].video.placement,Section 3.2.7
p002658,fox11online.com,prebid-server.rubiconproject.com,request,2.6-202606,openrtb.type.mismatch,error,site.content.cat,3.2.16
p002658,fox11online.com,prebid-server.rubiconproject.com,request,2.6-202606,openrtb.field.undefined,error,site.content.pagecat,3.2.16
p002659,fox11online.com,prebid-server.rubiconproject.com,request,2.6-202606,openrtb.field.deprecated,warning,imp[0].video.placement,Section 3.2.7
p002659,fox11online.com,prebid-server.rubiconproject.com,request,2.6-202606,openrtb.type.mismatch,error,site.content.cat,3.2.16
p002659,fox11online.com,prebid-server.rubiconproject.com,request,2.6-202606,openrtb.field.undefined,error,site.content.pagecat,3.2.16
p002660,fox11online.com,prebid-server.rubiconproject.com,request,2.6-202606,openrtb.field.deprecated,warning,imp[0].video.placement,Section 3.2.7
p002660,fox11online.com,prebid-server.rubiconproject.com,request,2.6-202606,openrtb.value.invalid,error,imp[0].video.skip,3.2.7
p002661,fox11online.com,prebid-server.rubiconproject.com,request,2.6-202606,openrtb.field.deprecated,warning,imp[0].video.placement,Section 3.2.7
p002661,fox11online.com,prebid-server.rubiconproject.com,request,2.6-202606,openrtb.value.invalid,error,imp[0].video.skip,3.2.7
p002662,fox11online.com,prebid-server.rubiconproject.com,request,2.6-202606,openrtb.field.deprecated,warning,imp[0].video.placement,Section 3.2.7
p002662,fox11online.com,prebid-server.rubiconproject.com,request,2.6-202606,openrtb.value.invalid,error,imp[0].video.skip,3.2.7
p002663,fox11online.com,prebid-server.rubiconproject.com,request,2.6-202606,openrtb.field.deprecated,warning,imp[0].video.placement,Section 3.2.7
p002663,fox11online.com,prebid-server.rubiconproject.com,request,2.6-202606,openrtb.value.invalid,error,imp[0].video.skip,3.2.7
p002664,genealogy.com,prebid-server.rubiconproject.com,request,2.6-202606,openrtb.field.undefined,error,device.geo.state,3.2.19
p002664,genealogy.com,prebid-server.rubiconproject.com,request,2.6-202606,openrtb.field.deprecated,warning,imp[0].video.placement,Section 3.2.7
p002664,genealogy.com,prebid-server.rubiconproject.com,request,2.6-202606,openrtb.value.invalid,error,imp[0].video.skip,3.2.7
p002665,genealogy.com,prebid-server.rubiconproject.com,request,2.6-202606,openrtb.field.undefined,error,device.geo.state,3.2.19
p002665,genealogy.com,prebid-server.rubiconproject.com,request,2.6-202606,openrtb.field.deprecated,warning,imp[0].video.placement,Section 3.2.7
p002665,genealogy.com,prebid-server.rubiconproject.com,request,2.6-202606,openrtb.value.invalid,error,imp[0].video.skip,3.2.7
p002666,genealogy.com,prebid-server.rubiconproject.com,request,2.6-202606,openrtb.field.undefined,error,device.geo.state,3.2.19
p002666,genealogy.com,prebid-server.rubiconproject.com,request,2.6-202606,openrtb.field.deprecated,warning,imp[0].video.placement,Section 3.2.7
p002666,genealogy.com,prebid-server.rubiconproject.com,request,2.6-202606,openrtb.value.invalid,error,imp[0].video.skip,3.2.7
p002667,giantfreakinrobot.com,prebid-server.rubiconproject.com,request,2.6-202606,openrtb.field.deprecated,warning,imp[0].video.placement,Section 3.2.7
p002667,giantfreakinrobot.com,prebid-server.rubiconproject.com,request,2.6-202606,openrtb.value.invalid,error,imp[0].video.skip,3.2.7
p002668,genealogy.com,prebid-server.rubiconproject.com,request,2.6-202606,openrtb.field.undefined,error,device.geo.state,3.2.19
p002668,genealogy.com,prebid-server.rubiconproject.com,request,2.6-202606,openrtb.field.deprecated,warning,imp[0].video.placement,Section 3.2.7
p002668,genealogy.com,prebid-server.rubiconproject.com,request,2.6-202606,openrtb.value.invalid,error,imp[0].video.skip,3.2.7
p002669,genealogy.com,prebid-server.rubiconproject.com,request,2.6-202606,openrtb.field.undefined,error,device.geo.state,3.2.19
p002669,genealogy.com,prebid-server.rubiconproject.com,request,2.6-202606,openrtb.field.deprecated,warning,imp[0].video.placement,Section 3.2.7
p002669,genealogy.com,prebid-server.rubiconproject.com,request,2.6-202606,openrtb.value.invalid,error,imp[0].video.skip,3.2.7
p002670,halfbakedharvest.com,prebid-server.rubiconproject.com,request,2.6-202606,openrtb.field.deprecated,warning,imp[0].video.placement,Section 3.2.7
p002670,halfbakedharvest.com,prebid-server.rubiconproject.com,request,2.6-202606,openrtb.value.invalid,error,imp[0].video.skip,3.2.7
p002673,haberler.com,prebid-server.rubiconproject.com,request,2.6-202606,openrtb.field.deprecated,warning,imp[0].video.placement,Section 3.2.7
p002674,halfbakedharvest.com,prebid-server.rubiconproject.com,request,2.6-202606,openrtb.field.deprecated,warning,imp[0].video.placement,Section 3.2.7
p002674,halfbakedharvest.com,prebid-server.rubiconproject.com,request,2.6-202606,openrtb.value.invalid,error,imp[0].video.skip,3.2.7
p002675,halfbakedharvest.com,prebid-server.rubiconproject.com,request,2.6-202606,openrtb.field.deprecated,warning,imp[0].video.placement,Section 3.2.7
p002675,halfbakedharvest.com,prebid-server.rubiconproject.com,request,2.6-202606,openrtb.value.invalid,error,imp[0].video.skip,3.2.7
p002676,haberler.com,prebid-server.rubiconproject.com,request,2.6-202606,openrtb.field.undefined,error,imp[0].data,3.2.4
p002676,haberler.com,prebid-server.rubiconproject.com,request,2.6-202606,openrtb.field.deprecated,warning,imp[0].video.placement,Section 3.2.7
p002676,haberler.com,prebid-server.rubiconproject.com,request,2.6-202606,openrtb.value.invalid,error,imp[0].video.skip,3.2.7
p002676,haberler.com,prebid-server.rubiconproject.com,request,2.6-202606,openrtb.field.undefined,error,keywords,3.2.1
p002676,haberler.com,prebid-server.rubiconproject.com,request,2.6-202606,openrtb.field.moved,error,regs.ext.gdpr,Section 3.2.3
p002677,halfbakedharvest.com,prebid-server.rubiconproject.com,request,2.6-202606,openrtb.field.deprecated,warning,imp[0].video.placement,Section 3.2.7
p002677,halfbakedharvest.com,prebid-server.rubiconproject.com,request,2.6-202606,openrtb.value.invalid,error,imp[0].video.skip,3.2.7
p002678,halfbakedharvest.com,prebid-server.rubiconproject.com,request,2.6-202606,openrtb.field.deprecated,warning,imp[0].video.placement,Section 3.2.7
p002678,halfbakedharvest.com,prebid-server.rubiconproject.com,request,2.6-202606,openrtb.value.invalid,error,imp[0].video.skip,3.2.7
p002679,halfbakedharvest.com,prebid-server.rubiconproject.com,request,2.6-202606,openrtb.field.deprecated,warning,imp[0].video.placement,Section 3.2.7
p002679,halfbakedharvest.com,prebid-server.rubiconproject.com,request,2.6-202606,openrtb.value.invalid,error,imp[0].video.skip,3.2.7
p002681,montgomeryadvertiser.com,prebid-server.rubiconproject.com,request,2.6-202606,openrtb.field.undefined,error,device.geo.state,3.2.19
p002681,montgomeryadvertiser.com,prebid-server.rubiconproject.com,request,2.6-202606,openrtb.field.deprecated,warning,imp[0].video.placement,Section 3.2.7
p002681,montgomeryadvertiser.com,prebid-server.rubiconproject.com,request,2.6-202606,openrtb.value.invalid,error,imp[0].video.skip,3.2.7
p002682,namemc.com,prebid-server.rubiconproject.com,request,2.6-202606,openrtb.field.deprecated,warning,imp[0].video.placement,Section 3.2.7
p002682,namemc.com,prebid-server.rubiconproject.com,request,2.6-202606,openrtb.type.mismatch,error,site.content.cat,3.2.16
p002682,namemc.com,prebid-server.rubiconproject.com,request,2.6-202606,openrtb.field.undefined,error,site.content.pagecat,3.2.16
p002683,namemc.com,prebid-server.rubiconproject.com,request,2.6-202606,openrtb.field.deprecated,warning,imp[0].video.placement,Section 3.2.7
p002683,namemc.com,prebid-server.rubiconproject.com,request,2.6-202606,openrtb.type.mismatch,error,site.content.cat,3.2.16
p002683,namemc.com,prebid-server.rubiconproject.com,request,2.6-202606,openrtb.field.undefined,error,site.content.pagecat,3.2.16
p002684,nationaltoday.com,prebid-server.rubiconproject.com,request,2.6-202606,openrtb.field.deprecated,warning,imp[0].video.placement,Section 3.2.7
p002684,nationaltoday.com,prebid-server.rubiconproject.com,request,2.6-202606,openrtb.type.mismatch,error,site.content.cat,3.2.16
p002684,nationaltoday.com,prebid-server.rubiconproject.com,request,2.6-202606,openrtb.field.undefined,error,site.content.pagecat,3.2.16
p002685,nationaltoday.com,prebid-server.rubiconproject.com,request,2.6-202606,openrtb.field.deprecated,warning,imp[0].video.placement,Section 3.2.7
p002685,nationaltoday.com,prebid-server.rubiconproject.com,request,2.6-202606,openrtb.type.mismatch,error,site.content.cat,3.2.16
p002685,nationaltoday.com,prebid-server.rubiconproject.com,request,2.6-202606,openrtb.field.undefined,error,site.content.pagecat,3.2.16
p002686,nationaltoday.com,prebid-server.rubiconproject.com,request,2.6-202606,openrtb.field.deprecated,warning,imp[0].video.placement,Section 3.2.7
p002686,nationaltoday.com,prebid-server.rubiconproject.com,request,2.6-202606,openrtb.type.mismatch,error,site.content.cat,3.2.16
p002686,nationaltoday.com,prebid-server.rubiconproject.com,request,2.6-202606,openrtb.field.undefined,error,site.content.pagecat,3.2.16
p002687,nationaltoday.com,prebid-server.rubiconproject.com,request,2.6-202606,openrtb.field.deprecated,warning,imp[0].video.placement,Section 3.2.7
p002687,nationaltoday.com,prebid-server.rubiconproject.com,request,2.6-202606,openrtb.type.mismatch,error,site.content.cat,3.2.16
p002687,nationaltoday.com,prebid-server.rubiconproject.com,request,2.6-202606,openrtb.field.undefined,error,site.content.pagecat,3.2.16
p002688,nationaltoday.com,prebid-server.rubiconproject.com,request,2.6-202606,openrtb.field.deprecated,warning,imp[0].video.placement,Section 3.2.7
p002688,nationaltoday.com,prebid-server.rubiconproject.com,request,2.6-202606,openrtb.type.mismatch,error,site.content.cat,3.2.16
p002688,nationaltoday.com,prebid-server.rubiconproject.com,request,2.6-202606,openrtb.field.undefined,error,site.content.pagecat,3.2.16
p002689,nationaltoday.com,prebid-server.rubiconproject.com,request,2.6-202606,openrtb.field.deprecated,warning,imp[0].video.placement,Section 3.2.7
p002689,nationaltoday.com,prebid-server.rubiconproject.com,request,2.6-202606,openrtb.type.mismatch,error,site.content.cat,3.2.16
p002689,nationaltoday.com,prebid-server.rubiconproject.com,request,2.6-202606,openrtb.field.undefined,error,site.content.pagecat,3.2.16
p002690,nesn.com,prebid-server.rubiconproject.com,request,2.6-202606,openrtb.field.deprecated,warning,imp[0].video.placement,Section 3.2.7
p002690,nesn.com,prebid-server.rubiconproject.com,request,2.6-202606,openrtb.field.deprecated,warning,imp[1].video.placement,Section 3.2.7
p002691,nesn.com,prebid-server.rubiconproject.com,request,2.6-202606,openrtb.field.deprecated,warning,imp[0].video.placement,Section 3.2.7
p002692,nesn.com,prebid-server.rubiconproject.com,request,2.6-202606,openrtb.field.deprecated,warning,imp[0].video.placement,Section 3.2.7
p002693,nesn.com,prebid-server.rubiconproject.com,request,2.6-202606,openrtb.field.deprecated,warning,imp[0].video.placement,Section 3.2.7
p002693,nesn.com,prebid-server.rubiconproject.com,request,2.6-202606,openrtb.field.deprecated,warning,imp[1].video.placement,Section 3.2.7
p002694,nintendoeverything.com,prebid-server.rubiconproject.com,request,2.6-202606,openrtb.field.deprecated,warning,imp[0].video.placement,Section 3.2.7
p002694,nintendoeverything.com,prebid-server.rubiconproject.com,request,2.6-202606,openrtb.value.invalid,error,imp[0].video.skip,3.2.7
p002695,nintendoeverything.com,prebid-server.rubiconproject.com,request,2.6-202606,openrtb.field.deprecated,warning,imp[0].video.placement,Section 3.2.7
p002695,nintendoeverything.com,prebid-server.rubiconproject.com,request,2.6-202606,openrtb.value.invalid,error,imp[0].video.skip,3.2.7
p002695,nintendoeverything.com,prebid-server.rubiconproject.com,request,2.6-202606,openrtb.field.deprecated,warning,imp[1].video.placement,Section 3.2.7
p002695,nintendoeverything.com,prebid-server.rubiconproject.com,request,2.6-202606,openrtb.value.invalid,error,imp[1].video.skip,3.2.7
p002696,nintendoeverything.com,prebid-server.rubiconproject.com,request,2.6-202606,openrtb.field.deprecated,warning,imp[0].video.placement,Section 3.2.7
p002696,nintendoeverything.com,prebid-server.rubiconproject.com,request,2.6-202606,openrtb.value.invalid,error,imp[0].video.skip,3.2.7
p002697,nintendoeverything.com,prebid-server.rubiconproject.com,request,2.6-202606,openrtb.field.deprecated,warning,imp[0].video.placement,Section 3.2.7
p002697,nintendoeverything.com,prebid-server.rubiconproject.com,request,2.6-202606,openrtb.value.invalid,error,imp[0].video.skip,3.2.7
p002698,nintendoeverything.com,prebid-server.rubiconproject.com,request,2.6-202606,openrtb.field.deprecated,warning,imp[0].video.placement,Section 3.2.7
p002698,nintendoeverything.com,prebid-server.rubiconproject.com,request,2.6-202606,openrtb.value.invalid,error,imp[0].video.skip,3.2.7
p002699,nintendoeverything.com,prebid-server.rubiconproject.com,request,2.6-202606,openrtb.field.deprecated,warning,imp[0].video.placement,Section 3.2.7
p002699,nintendoeverything.com,prebid-server.rubiconproject.com,request,2.6-202606,openrtb.value.invalid,error,imp[0].video.skip,3.2.7
p002699,nintendoeverything.com,prebid-server.rubiconproject.com,request,2.6-202606,openrtb.field.deprecated,warning,imp[1].video.placement,Section 3.2.7
p002699,nintendoeverything.com,prebid-server.rubiconproject.com,request,2.6-202606,openrtb.value.invalid,error,imp[1].video.skip,3.2.7
p002699,nintendoeverything.com,prebid-server.rubiconproject.com,request,2.6-202606,openrtb.field.deprecated,warning,imp[2].video.placement,Section 3.2.7
p002699,nintendoeverything.com,prebid-server.rubiconproject.com,request,2.6-202606,openrtb.value.invalid,error,imp[2].video.skip,3.2.7
p002700,nintendoeverything.com,prebid-server.rubiconproject.com,request,2.6-202606,openrtb.field.deprecated,warning,imp[0].video.placement,Section 3.2.7
p002700,nintendoeverything.com,prebid-server.rubiconproject.com,request,2.6-202606,openrtb.value.invalid,error,imp[0].video.skip,3.2.7
p002701,nintendoeverything.com,prebid-server.rubiconproject.com,request,2.6-202606,openrtb.field.deprecated,warning,imp[0].video.placement,Section 3.2.7
p002702,nintendoeverything.com,prebid-server.rubiconproject.com,request,2.6-202606,openrtb.field.deprecated,warning,imp[0].video.placement,Section 3.2.7
p002703,outsideonline.com,prebid-server.rubiconproject.com,request,2.6-202606,openrtb.field.moved,error,regs.ext.gdpr,Section 3.2.3
p002703,outsideonline.com,prebid-server.rubiconproject.com,request,2.6-202606,openrtb.type.mismatch,error,site.publisher.id,3.2.15
p002704,outsideonline.com,prebid-server.rubiconproject.com,request,2.6-202606,openrtb.field.moved,error,regs.ext.gdpr,Section 3.2.3
p002704,outsideonline.com,prebid-server.rubiconproject.com,request,2.6-202606,openrtb.type.mismatch,error,site.publisher.id,3.2.15
p002705,outsideonline.com,prebid-server.rubiconproject.com,request,2.6-202606,openrtb.field.moved,error,regs.ext.gdpr,Section 3.2.3
p002705,outsideonline.com,prebid-server.rubiconproject.com,request,2.6-202606,openrtb.type.mismatch,error,site.publisher.id,3.2.15
p002706,outsideonline.com,prebid-server.rubiconproject.com,request,2.6-202606,openrtb.field.moved,error,regs.ext.gdpr,Section 3.2.3
p002706,outsideonline.com,prebid-server.rubiconproject.com,request,2.6-202606,openrtb.type.mismatch,error,site.publisher.id,3.2.15
p002707,outsideonline.com,prebid-server.rubiconproject.com,request,2.6-202606,openrtb.field.moved,error,regs.ext.gdpr,Section 3.2.3
p002707,outsideonline.com,prebid-server.rubiconproject.com,request,2.6-202606,openrtb.type.mismatch,error,site.publisher.id,3.2.15
p002708,outsideonline.com,prebid-server.rubiconproject.com,request,2.6-202606,openrtb.field.moved,error,regs.ext.gdpr,Section 3.2.3
p002708,outsideonline.com,prebid-server.rubiconproject.com,request,2.6-202606,openrtb.type.mismatch,error,site.publisher.id,3.2.15
p002709,outsideonline.com,prebid-server.rubiconproject.com,request,2.6-202606,openrtb.field.moved,error,regs.ext.gdpr,Section 3.2.3
p002709,outsideonline.com,prebid-server.rubiconproject.com,request,2.6-202606,openrtb.type.mismatch,error,site.publisher.id,3.2.15
p002710,outsideonline.com,prebid-server.rubiconproject.com,request,2.6-202606,openrtb.field.moved,error,regs.ext.gdpr,Section 3.2.3
p002710,outsideonline.com,prebid-server.rubiconproject.com,request,2.6-202606,openrtb.type.mismatch,error,site.publisher.id,3.2.15
p002711,outsideonline.com,prebid-server.rubiconproject.com,request,2.6-202606,openrtb.field.moved,error,regs.ext.gdpr,Section 3.2.3
p002711,outsideonline.com,prebid-server.rubiconproject.com,request,2.6-202606,openrtb.type.mismatch,error,site.publisher.id,3.2.15
p002712,outsideonline.com,prebid-server.rubiconproject.com,request,2.6-202606,openrtb.field.moved,error,regs.ext.gdpr,Section 3.2.3
p002712,outsideonline.com,prebid-server.rubiconproject.com,request,2.6-202606,openrtb.type.mismatch,error,site.publisher.id,3.2.15
p002713,outsideonline.com,prebid-server.rubiconproject.com,request,2.6-202606,openrtb.field.moved,error,regs.ext.gdpr,Section 3.2.3
p002713,outsideonline.com,prebid-server.rubiconproject.com,request,2.6-202606,openrtb.type.mismatch,error,site.publisher.id,3.2.15
p002714,outsideonline.com,prebid-server.rubiconproject.com,request,2.6-202606,openrtb.field.moved,error,regs.ext.gdpr,Section 3.2.3
p002714,outsideonline.com,prebid-server.rubiconproject.com,request,2.6-202606,openrtb.type.mismatch,error,site.publisher.id,3.2.15
p002715,outsideonline.com,prebid-server.rubiconproject.com,request,2.6-202606,openrtb.field.moved,error,regs.ext.gdpr,Section 3.2.3
p002715,outsideonline.com,prebid-server.rubiconproject.com,request,2.6-202606,openrtb.type.mismatch,error,site.publisher.id,3.2.15
p002716,outsideonline.com,prebid-server.rubiconproject.com,request,2.6-202606,openrtb.field.moved,error,regs.ext.gdpr,Section 3.2.3
p002716,outsideonline.com,prebid-server.rubiconproject.com,request,2.6-202606,openrtb.type.mismatch,error,site.publisher.id,3.2.15
p002717,outsideonline.com,prebid-server.rubiconproject.com,request,2.6-202606,openrtb.field.moved,error,regs.ext.gdpr,Section 3.2.3
p002717,outsideonline.com,prebid-server.rubiconproject.com,request,2.6-202606,openrtb.type.mismatch,error,site.publisher.id,3.2.15
p002718,outsideonline.com,prebid-server.rubiconproject.com,request,2.6-202606,openrtb.field.moved,error,regs.ext.gdpr,Section 3.2.3
p002718,outsideonline.com,prebid-server.rubiconproject.com,request,2.6-202606,openrtb.type.mismatch,error,site.publisher.id,3.2.15
p002719,pilotonline.com,prebid-server.rubiconproject.com,request,2.6-202606,openrtb.field.deprecated,warning,imp[0].video.placement,Section 3.2.7
p002720,pilotonline.com,prebid-server.rubiconproject.com,request,2.6-202606,openrtb.field.deprecated,warning,imp[0].video.placement,Section 3.2.7
p002721,pilotonline.com,prebid-server.rubiconproject.com,request,2.6-202606,openrtb.field.deprecated,warning,imp[0].video.placement,Section 3.2.7
p002722,psychcentral.com,prebid-server.rubiconproject.com,request,2.6-202606,openrtb.field.deprecated,warning,imp[0].video.placement,Section 3.2.7
p002726,ranker.com,prebid-server.rubiconproject.com,request,2.6-202606,openrtb.field.deprecated,warning,imp[0].video.placement,Section 3.2.7
p002726,ranker.com,prebid-server.rubiconproject.com,request,2.6-202606,openrtb.value.invalid,error,imp[0].video.skip,3.2.7
p002727,ranker.com,prebid-server.rubiconproject.com,request,2.6-202606,openrtb.field.deprecated,warning,imp[0].video.placement,Section 3.2.7
p002727,ranker.com,prebid-server.rubiconproject.com,request,2.6-202606,openrtb.value.invalid,error,imp[0].video.skip,3.2.7
p002728,ranker.com,prebid-server.rubiconproject.com,request,2.6-202606,openrtb.field.deprecated,warning,imp[0].video.placement,Section 3.2.7
p002728,ranker.com,prebid-server.rubiconproject.com,request,2.6-202606,openrtb.value.invalid,error,imp[0].video.skip,3.2.7
p002729,ranker.com,prebid-server.rubiconproject.com,request,2.6-202606,openrtb.field.deprecated,warning,imp[0].video.placement,Section 3.2.7
p002729,ranker.com,prebid-server.rubiconproject.com,request,2.6-202606,openrtb.value.invalid,error,imp[0].video.skip,3.2.7
p002730,self.com,prebid-server.rubiconproject.com,request,2.6-202606,openrtb.field.deprecated,warning,imp[0].video.placement,Section 3.2.7
p002730,self.com,prebid-server.rubiconproject.com,request,2.6-202606,openrtb.fields.mutually_exclusive,error,site.keywords,3.2.13
p002731,socialblade.com,prebid-server.rubiconproject.com,request,2.6-202606,openrtb.field.undefined,error,imp[0].battr,3.2.4
p002731,socialblade.com,prebid-server.rubiconproject.com,request,2.6-202606,openrtb.field.deprecated,warning,imp[0].video.placement,Section 3.2.7
p002731,socialblade.com,prebid-server.rubiconproject.com,request,2.6-202606,openrtb.value.invalid,error,imp[0].video.skip,3.2.7
p002732,salon.com,prebid-server.rubiconproject.com,request,2.6-202606,openrtb.field.deprecated,warning,imp[0].video.placement,Section 3.2.7
p002732,salon.com,prebid-server.rubiconproject.com,request,2.6-202606,openrtb.value.invalid,error,imp[0].video.skip,3.2.7
p002734,salon.com,prebid-server.rubiconproject.com,request,2.6-202606,openrtb.field.deprecated,warning,imp[0].video.placement,Section 3.2.7
p002734,salon.com,prebid-server.rubiconproject.com,request,2.6-202606,openrtb.value.invalid,error,imp[0].video.skip,3.2.7
p002741,salon.com,prebid-server.rubiconproject.com,request,2.6-202606,openrtb.field.deprecated,warning,imp[0].video.placement,Section 3.2.7
p002741,salon.com,prebid-server.rubiconproject.com,request,2.6-202606,openrtb.value.invalid,error,imp[0].video.skip,3.2.7
p002742,salon.com,prebid-server.rubiconproject.com,request,2.6-202606,openrtb.field.deprecated,warning,imp[0].video.placement,Section 3.2.7
p002742,salon.com,prebid-server.rubiconproject.com,request,2.6-202606,openrtb.value.invalid,error,imp[0].video.skip,3.2.7
p002743,salon.com,prebid-server.rubiconproject.com,request,2.6-202606,openrtb.field.deprecated,warning,imp[0].video.placement,Section 3.2.7
p002743,salon.com,prebid-server.rubiconproject.com,request,2.6-202606,openrtb.value.invalid,error,imp[0].video.skip,3.2.7
p002744,salon.com,prebid-server.rubiconproject.com,request,2.6-202606,openrtb.field.deprecated,warning,imp[0].video.placement,Section 3.2.7
p002744,salon.com,prebid-server.rubiconproject.com,request,2.6-202606,openrtb.value.invalid,error,imp[0].video.skip,3.2.7
p002745,salon.com,prebid-server.rubiconproject.com,request,2.6-202606,openrtb.field.deprecated,warning,imp[0].video.placement,Section 3.2.7
p002745,salon.com,prebid-server.rubiconproject.com,request,2.6-202606,openrtb.value.invalid,error,imp[0].video.skip,3.2.7
p002746,self.com,prebid-server.rubiconproject.com,request,2.6-202606,openrtb.field.deprecated,warning,imp[0].video.placement,Section 3.2.7
p002746,self.com,prebid-server.rubiconproject.com,request,2.6-202606,openrtb.fields.mutually_exclusive,error,site.keywords,3.2.13
p002747,sozcu.com.tr,prebid-server.rubiconproject.com,request,2.6-202606,openrtb.field.deprecated,warning,imp[0].video.placement,Section 3.2.7
p002747,sozcu.com.tr,prebid-server.rubiconproject.com,request,2.6-202606,openrtb.field.moved,error,regs.ext.gdpr,Section 3.2.3
p002748,sozcu.com.tr,prebid-server.rubiconproject.com,request,2.6-202606,openrtb.field.deprecated,warning,imp[0].video.placement,Section 3.2.7
p002749,sozcu.com.tr,prebid-server.rubiconproject.com,request,2.6-202606,openrtb.field.deprecated,warning,imp[0].video.placement,Section 3.2.7
p002749,sozcu.com.tr,prebid-server.rubiconproject.com,request,2.6-202606,openrtb.field.moved,error,regs.ext.gdpr,Section 3.2.3
p002750,sozcu.com.tr,prebid-server.rubiconproject.com,request,2.6-202606,openrtb.field.deprecated,warning,imp[0].video.placement,Section 3.2.7
p002751,tennessean.com,prebid-server.rubiconproject.com,request,2.6-202606,openrtb.field.deprecated,warning,imp[0].video.placement,Section 3.2.7
p002751,tennessean.com,prebid-server.rubiconproject.com,request,2.6-202606,openrtb.value.invalid,error,imp[0].video.skip,3.2.7
p002752,tennessean.com,prebid-server.rubiconproject.com,request,2.6-202606,openrtb.field.deprecated,warning,imp[0].video.placement,Section 3.2.7
p002752,tennessean.com,prebid-server.rubiconproject.com,request,2.6-202606,openrtb.value.invalid,error,imp[0].video.skip,3.2.7
p002753,thesun.ie,prebid-server.rubiconproject.com,request,2.6-202606,openrtb.field.moved,error,regs.ext.gdpr,Section 3.2.3
p002753,thesun.ie,prebid-server.rubiconproject.com,request,2.6-202606,openrtb.type.mismatch,error,site.publisher.id,3.2.15
p002754,thesun.ie,prebid-server.rubiconproject.com,request,2.6-202606,openrtb.field.moved,error,regs.ext.gdpr,Section 3.2.3
p002754,thesun.ie,prebid-server.rubiconproject.com,request,2.6-202606,openrtb.type.mismatch,error,site.publisher.id,3.2.15
p002755,thesun.ie,prebid-server.rubiconproject.com,request,2.6-202606,openrtb.field.moved,error,regs.ext.gdpr,Section 3.2.3
p002755,thesun.ie,prebid-server.rubiconproject.com,request,2.6-202606,openrtb.type.mismatch,error,site.publisher.id,3.2.15
p002756,tio.ch,prebid-server.rubiconproject.com,request,2.6-202606,openrtb.field.deprecated,warning,imp[0].video.placement,Section 3.2.7
p002756,tio.ch,prebid-server.rubiconproject.com,request,2.6-202606,openrtb.value.invalid,error,imp[0].video.skip,3.2.7
p002756,tio.ch,prebid-server.rubiconproject.com,request,2.6-202606,openrtb.field.moved,error,regs.ext.gdpr,Section 3.2.3
p002756,tio.ch,prebid-server.rubiconproject.com,request,2.6-202606,openrtb.field.moved,error,user.ext.consent,Section 3.2.20
p002757,thesun.ie,prebid-server.rubiconproject.com,request,2.6-202606,openrtb.field.moved,error,regs.ext.gdpr,Section 3.2.3
p002757,thesun.ie,prebid-server.rubiconproject.com,request,2.6-202606,openrtb.type.mismatch,error,site.publisher.id,3.2.15
p002758,thesun.ie,prebid-server.rubiconproject.com,request,2.6-202606,openrtb.field.deprecated,warning,imp[0].video.placement,Section 3.2.7
p002758,thesun.ie,prebid-server.rubiconproject.com,request,2.6-202606,openrtb.field.moved,error,regs.ext.gdpr,Section 3.2.3
p002759,thesun.ie,prebid-server.rubiconproject.com,request,2.6-202606,openrtb.field.moved,error,regs.ext.gdpr,Section 3.2.3
p002759,thesun.ie,prebid-server.rubiconproject.com,request,2.6-202606,openrtb.type.mismatch,error,site.publisher.id,3.2.15
p002760,thesun.ie,prebid-server.rubiconproject.com,request,2.6-202606,openrtb.field.moved,error,regs.ext.gdpr,Section 3.2.3
p002760,thesun.ie,prebid-server.rubiconproject.com,request,2.6-202606,openrtb.type.mismatch,error,site.publisher.id,3.2.15
p002761,thesun.ie,prebid-server.rubiconproject.com,request,2.6-202606,openrtb.field.deprecated,warning,imp[0].video.placement,Section 3.2.7
p002761,thesun.ie,prebid-server.rubiconproject.com,request,2.6-202606,openrtb.field.moved,error,regs.ext.gdpr,Section 3.2.3
p002762,thesun.ie,prebid-server.rubiconproject.com,request,2.6-202606,openrtb.field.moved,error,regs.ext.gdpr,Section 3.2.3
p002762,thesun.ie,prebid-server.rubiconproject.com,request,2.6-202606,openrtb.type.mismatch,error,site.publisher.id,3.2.15
p002763,upi.com,prebid-server.rubiconproject.com,request,2.6-202606,openrtb.field.deprecated,warning,imp[0].video.placement,Section 3.2.7
p002763,upi.com,prebid-server.rubiconproject.com,request,2.6-202606,openrtb.field.undefined,error,site.content.pagecat,3.2.16
p002764,upi.com,prebid-server.rubiconproject.com,request,2.6-202606,openrtb.field.deprecated,warning,imp[0].video.placement,Section 3.2.7
p002764,upi.com,prebid-server.rubiconproject.com,request,2.6-202606,openrtb.field.undefined,error,site.content.pagecat,3.2.16
p002765,upi.com,prebid-server.rubiconproject.com,request,2.6-202606,openrtb.field.deprecated,warning,imp[0].video.placement,Section 3.2.7
p002765,upi.com,prebid-server.rubiconproject.com,request,2.6-202606,openrtb.field.undefined,error,site.content.pagecat,3.2.16
p002766,upi.com,prebid-server.rubiconproject.com,request,2.6-202606,openrtb.field.deprecated,warning,imp[0].video.placement,Section 3.2.7
p002766,upi.com,prebid-server.rubiconproject.com,request,2.6-202606,openrtb.field.undefined,error,site.content.pagecat,3.2.16
p002767,upi.com,prebid-server.rubiconproject.com,request,2.6-202606,openrtb.field.deprecated,warning,imp[0].video.placement,Section 3.2.7
p002767,upi.com,prebid-server.rubiconproject.com,request,2.6-202606,openrtb.field.undefined,error,site.content.pagecat,3.2.16
p002768,upi.com,prebid-server.rubiconproject.com,request,2.6-202606,openrtb.field.deprecated,warning,imp[0].video.placement,Section 3.2.7
p002768,upi.com,prebid-server.rubiconproject.com,request,2.6-202606,openrtb.field.undefined,error,site.content.pagecat,3.2.16
p002769,upi.com,prebid-server.rubiconproject.com,request,2.6-202606,openrtb.field.deprecated,warning,imp[0].video.placement,Section 3.2.7
p002769,upi.com,prebid-server.rubiconproject.com,request,2.6-202606,openrtb.field.undefined,error,site.content.pagecat,3.2.16
p002770,upi.com,prebid-server.rubiconproject.com,request,2.6-202606,openrtb.field.deprecated,warning,imp[0].video.placement,Section 3.2.7
p002770,upi.com,prebid-server.rubiconproject.com,request,2.6-202606,openrtb.field.undefined,error,site.content.pagecat,3.2.16
p002771,upi.com,prebid-server.rubiconproject.com,request,2.6-202606,openrtb.field.deprecated,warning,imp[0].video.placement,Section 3.2.7
p002771,upi.com,prebid-server.rubiconproject.com,request,2.6-202606,openrtb.field.undefined,error,site.content.pagecat,3.2.16
p002772,upi.com,prebid-server.rubiconproject.com,request,2.6-202606,openrtb.field.deprecated,warning,imp[0].video.placement,Section 3.2.7
p002772,upi.com,prebid-server.rubiconproject.com,request,2.6-202606,openrtb.field.undefined,error,site.content.pagecat,3.2.16
p002773,vivitusuerte.com,prebid-server.rubiconproject.com,request,2.6-202606,openrtb.value.invalid,error,imp[0].video.skip,3.2.7
p002773,vivitusuerte.com,prebid-server.rubiconproject.com,request,2.6-202606,openrtb.field.moved,error,regs.ext.gdpr,Section 3.2.3
p002773,vivitusuerte.com,prebid-server.rubiconproject.com,request,2.6-202606,openrtb.field.moved,error,user.ext.consent,Section 3.2.20
p002774,vivitusuerte.com,prebid-server.rubiconproject.com,request,2.6-202606,openrtb.value.invalid,error,imp[0].video.skip,3.2.7
p002774,vivitusuerte.com,prebid-server.rubiconproject.com,request,2.6-202606,openrtb.field.moved,error,regs.ext.gdpr,Section 3.2.3
p002774,vivitusuerte.com,prebid-server.rubiconproject.com,request,2.6-202606,openrtb.field.moved,error,user.ext.consent,Section 3.2.20
p002775,vivitusuerte.com,prebid-server.rubiconproject.com,request,2.6-202606,openrtb.value.invalid,error,imp[0].video.skip,3.2.7
p002775,vivitusuerte.com,prebid-server.rubiconproject.com,request,2.6-202606,openrtb.field.moved,error,regs.ext.gdpr,Section 3.2.3
p002775,vivitusuerte.com,prebid-server.rubiconproject.com,request,2.6-202606,openrtb.field.moved,error,user.ext.consent,Section 3.2.20
p002776,vivitusuerte.com,prebid-server.rubiconproject.com,request,2.6-202606,openrtb.value.invalid,error,imp[0].video.skip,3.2.7
p002776,vivitusuerte.com,prebid-server.rubiconproject.com,request,2.6-202606,openrtb.field.moved,error,regs.ext.gdpr,Section 3.2.3
p002776,vivitusuerte.com,prebid-server.rubiconproject.com,request,2.6-202606,openrtb.field.moved,error,user.ext.consent,Section 3.2.20
p002777,vivitusuerte.com,prebid-server.rubiconproject.com,request,2.6-202606,openrtb.value.invalid,error,imp[0].video.skip,3.2.7
p002777,vivitusuerte.com,prebid-server.rubiconproject.com,request,2.6-202606,openrtb.field.moved,error,regs.ext.gdpr,Section 3.2.3
p002777,vivitusuerte.com,prebid-server.rubiconproject.com,request,2.6-202606,openrtb.field.moved,error,user.ext.consent,Section 3.2.20
p002778,webdesignerdepot.com,prebid-server.rubiconproject.com,request,2.6-202606,openrtb.field.deprecated,warning,imp[0].video.placement,Section 3.2.7
p002778,webdesignerdepot.com,prebid-server.rubiconproject.com,request,2.6-202606,openrtb.value.invalid,error,imp[0].video.skip,3.2.7
p002801,cityam.com,prebid-server.rubiconproject.com,response,2.6-202606,openrtb.bid.mtype_missing,warning,seatbid[0].bid[0].mtype,4.2.3
p002801,cityam.com,prebid-server.rubiconproject.com,response,2.6-202606,openrtb.bid.mtype_missing,warning,seatbid[0].bid[1].mtype,4.2.3
p002801,cityam.com,prebid-server.rubiconproject.com,response,2.6-202606,openrtb.bid.mtype_missing,warning,seatbid[0].bid[2].mtype,4.2.3
p002801,cityam.com,prebid-server.rubiconproject.com,response,2.6-202606,openrtb.bid.mtype_missing,warning,seatbid[0].bid[3].mtype,4.2.3
p002801,cityam.com,prebid-server.rubiconproject.com,response,2.6-202606,openrtb.bid.mtype_missing,warning,seatbid[0].bid[4].mtype,4.2.3
p002801,cityam.com,prebid-server.rubiconproject.com,response,2.6-202606,openrtb.bid.mtype_missing,warning,seatbid[0].bid[5].mtype,4.2.3
p002801,cityam.com,prebid-server.rubiconproject.com,response,2.6-202606,openrtb.bid.mtype_missing,warning,seatbid[0].bid[6].mtype,4.2.3
p002860,nintendoeverything.com,prebid-server.rubiconproject.com,response,2.6-202606,openrtb.field.deprecated,warning,seatbid[0].bid[0].api,4.2.3
p002860,nintendoeverything.com,prebid-server.rubiconproject.com,response,2.6-202606,openrtb.field.deprecated,warning,seatbid[0].bid[1].api,4.2.3
p002865,outsideonline.com,prebid-server.rubiconproject.com,response,2.6-202606,openrtb.bid.mtype_missing,warning,seatbid[0].bid[0].mtype,4.2.3
p002866,outsideonline.com,prebid-server.rubiconproject.com,response,2.6-202606,openrtb.bid.mtype_missing,warning,seatbid[0].bid[0].mtype,4.2.3
p002867,outsideonline.com,prebid-server.rubiconproject.com,response,2.6-202606,openrtb.bid.mtype_missing,warning,seatbid[1].bid[0].mtype,4.2.3
p002868,outsideonline.com,prebid-server.rubiconproject.com,response,2.6-202606,openrtb.bid.mtype_missing,warning,seatbid[1].bid[0].mtype,4.2.3
p002869,outsideonline.com,prebid-server.rubiconproject.com,response,2.6-202606,openrtb.bid.mtype_missing,warning,seatbid[0].bid[0].mtype,4.2.3
p002871,outsideonline.com,prebid-server.rubiconproject.com,response,2.6-202606,openrtb.bid.mtype_missing,warning,seatbid[0].bid[0].mtype,4.2.3
p002872,outsideonline.com,prebid-server.rubiconproject.com,response,2.6-202606,openrtb.bid.mtype_missing,warning,seatbid[0].bid[0].mtype,4.2.3
p002873,outsideonline.com,prebid-server.rubiconproject.com,response,2.6-202606,openrtb.bid.mtype_missing,warning,seatbid[0].bid[0].mtype,4.2.3
p002874,outsideonline.com,prebid-server.rubiconproject.com,response,2.6-202606,openrtb.bid.mtype_missing,warning,seatbid[1].bid[0].mtype,4.2.3
p002875,outsideonline.com,prebid-server.rubiconproject.com,response,2.6-202606,openrtb.bid.mtype_missing,warning,seatbid[0].bid[0].mtype,4.2.3
p002876,outsideonline.com,prebid-server.rubiconproject.com,response,2.6-202606,openrtb.bid.mtype_missing,warning,seatbid[1].bid[0].mtype,4.2.3
p002877,outsideonline.com,prebid-server.rubiconproject.com,response,2.6-202606,openrtb.bid.mtype_missing,warning,seatbid[0].bid[0].mtype,4.2.3
p002878,outsideonline.com,prebid-server.rubiconproject.com,response,2.6-202606,openrtb.bid.mtype_missing,warning,seatbid[0].bid[0].mtype,4.2.3
p002879,outsideonline.com,prebid-server.rubiconproject.com,response,2.6-202606,openrtb.bid.mtype_missing,warning,seatbid[0].bid[0].mtype,4.2.3
p002880,outsideonline.com,prebid-server.rubiconproject.com,response,2.6-202606,openrtb.bid.mtype_missing,warning,seatbid[1].bid[0].mtype,4.2.3
p002909,sozcu.com.tr,prebid-server.rubiconproject.com,response,2.6-202606,openrtb.field.deprecated,warning,seatbid[0].bid[0].api,4.2.3
p002943,em.com.br,prebid-us.creativecdn.com,request,2.6-202606,openrtb.type.mismatch,error,imp[5].native.request,3.2.9
p002943,em.com.br,prebid-us.creativecdn.com,request,2.6-202606,openrtb.type.mismatch,error,imp[6].native.request,3.2.9
p002943,em.com.br,prebid-us.creativecdn.com,request,2.6-202606,openrtb.type.mismatch,error,imp[7].native.request,3.2.9
p002943,em.com.br,prebid-us.creativecdn.com,request,2.6-202606,openrtb.type.mismatch,error,imp[8].native.request,3.2.9
p002947,em.com.br,prebid-us.creativecdn.com,request,2.6-202606,openrtb.type.mismatch,error,imp[5].native.request,3.2.9
p002947,em.com.br,prebid-us.creativecdn.com,request,2.6-202606,openrtb.type.mismatch,error,imp[6].native.request,3.2.9
p002947,em.com.br,prebid-us.creativecdn.com,request,2.6-202606,openrtb.type.mismatch,error,imp[7].native.request,3.2.9
p002947,em.com.br,prebid-us.creativecdn.com,request,2.6-202606,openrtb.type.mismatch,error,imp[8].native.request,3.2.9
p002949,mthai.com,prebid.ad.smaato.net,request,2.6-202606,openrtb.field.moved,error,regs.ext.gdpr,Section 3.2.3
p002949,mthai.com,prebid.ad.smaato.net,request,2.6-202606,openrtb.field.moved,error,user.ext.consent,Section 3.2.20
p002950,mthai.com,prebid.ad.smaato.net,request,2.6-202606,openrtb.field.moved,error,regs.ext.gdpr,Section 3.2.3
p002950,mthai.com,prebid.ad.smaato.net,request,2.6-202606,openrtb.field.moved,error,user.ext.consent,Section 3.2.20
p002951,mthai.com,prebid.ad.smaato.net,request,2.6-202606,openrtb.field.moved,error,regs.ext.gdpr,Section 3.2.3
p002951,mthai.com,prebid.ad.smaato.net,request,2.6-202606,openrtb.field.moved,error,user.ext.consent,Section 3.2.20
p002952,mthai.com,prebid.ad.smaato.net,request,2.6-202606,openrtb.field.moved,error,regs.ext.gdpr,Section 3.2.3
p002953,mthai.com,prebid.ad.smaato.net,request,2.6-202606,openrtb.field.moved,error,regs.ext.gdpr,Section 3.2.3
p002954,mthai.com,prebid.ad.smaato.net,request,2.6-202606,openrtb.field.moved,error,regs.ext.gdpr,Section 3.2.3
p002955,mthai.com,prebid.ad.smaato.net,request,2.6-202606,openrtb.field.moved,error,regs.ext.gdpr,Section 3.2.3
p002956,tennessean.com,prebid.ad.smaato.net,request,2.6-202606,openrtb.field.undefined,error,device.geo.state,3.2.19
p002956,tennessean.com,prebid.ad.smaato.net,request,2.6-202606,openrtb.field.deprecated,warning,imp[0].video.placement,Section 3.2.7
p002957,nationaltoday.com,prebid.dblks.net,request,2.6-202606,openrtb.field.undefined,error,device.buyerid,3.2.18
p002957,nationaltoday.com,prebid.dblks.net,request,2.6-202606,openrtb.field.undefined,error,imp[0].floor,3.2.4
p002957,nationaltoday.com,prebid.dblks.net,request,2.6-202606,openrtb.field.undefined,error,imp[0].ortb2,3.2.4
p002957,nationaltoday.com,prebid.dblks.net,request,2.6-202606,openrtb.field.undefined,error,imp[0].placement_id,3.2.4
p002957,nationaltoday.com,prebid.dblks.net,request,2.6-202606,openrtb.type.mismatch,error,imp[0].secure,3.2.4
p002957,nationaltoday.com,prebid.dblks.net,request,2.6-202606,openrtb.field.undefined,error,imp[1].floor,3.2.4
p002957,nationaltoday.com,prebid.dblks.net,request,2.6-202606,openrtb.field.undefined,error,imp[1].ortb2,3.2.4
p002957,nationaltoday.com,prebid.dblks.net,request,2.6-202606,openrtb.field.undefined,error,imp[1].placement_id,3.2.4
p002957,nationaltoday.com,prebid.dblks.net,request,2.6-202606,openrtb.type.mismatch,error,imp[1].secure,3.2.4
p002957,nationaltoday.com,prebid.dblks.net,request,2.6-202606,openrtb.field.undefined,error,imp[2].floor,3.2.4
p002957,nationaltoday.com,prebid.dblks.net,request,2.6-202606,openrtb.field.undefined,error,imp[2].ortb2,3.2.4
p002957,nationaltoday.com,prebid.dblks.net,request,2.6-202606,openrtb.field.undefined,error,imp[2].placement_id,3.2.4
p002957,nationaltoday.com,prebid.dblks.net,request,2.6-202606,openrtb.type.mismatch,error,imp[2].secure,3.2.4
p002957,nationaltoday.com,prebid.dblks.net,request,2.6-202606,openrtb.field.undefined,error,site.schain,3.2.13
p002958,nationaltoday.com,prebid.dblks.net,request,2.6-202606,openrtb.field.undefined,error,device.buyerid,3.2.18
p002958,nationaltoday.com,prebid.dblks.net,request,2.6-202606,openrtb.field.undefined,error,imp[0].floor,3.2.4
p002958,nationaltoday.com,prebid.dblks.net,request,2.6-202606,openrtb.field.undefined,error,imp[0].ortb2,3.2.4
p002958,nationaltoday.com,prebid.dblks.net,request,2.6-202606,openrtb.field.undefined,error,imp[0].placement_id,3.2.4
p002958,nationaltoday.com,prebid.dblks.net,request,2.6-202606,openrtb.type.mismatch,error,imp[0].secure,3.2.4
p002958,nationaltoday.com,prebid.dblks.net,request,2.6-202606,openrtb.field.undefined,error,site.schain,3.2.13
p002959,nationaltoday.com,prebid.dblks.net,request,2.6-202606,openrtb.field.undefined,error,device.buyerid,3.2.18
p002959,nationaltoday.com,prebid.dblks.net,request,2.6-202606,openrtb.field.undefined,error,imp[0].floor,3.2.4
p002959,nationaltoday.com,prebid.dblks.net,request,2.6-202606,openrtb.field.undefined,error,imp[0].ortb2,3.2.4
p002959,nationaltoday.com,prebid.dblks.net,request,2.6-202606,openrtb.field.undefined,error,imp[0].placement_id,3.2.4
p002959,nationaltoday.com,prebid.dblks.net,request,2.6-202606,openrtb.type.mismatch,error,imp[0].secure,3.2.4
p002959,nationaltoday.com,prebid.dblks.net,request,2.6-202606,openrtb.field.undefined,error,imp[1].floor,3.2.4
p002959,nationaltoday.com,prebid.dblks.net,request,2.6-202606,openrtb.field.undefined,error,imp[1].ortb2,3.2.4
p002959,nationaltoday.com,prebid.dblks.net,request,2.6-202606,openrtb.field.undefined,error,imp[1].placement_id,3.2.4
p002959,nationaltoday.com,prebid.dblks.net,request,2.6-202606,openrtb.type.mismatch,error,imp[1].secure,3.2.4
p002959,nationaltoday.com,prebid.dblks.net,request,2.6-202606,openrtb.field.undefined,error,imp[2].floor,3.2.4
p002959,nationaltoday.com,prebid.dblks.net,request,2.6-202606,openrtb.field.undefined,error,imp[2].ortb2,3.2.4
p002959,nationaltoday.com,prebid.dblks.net,request,2.6-202606,openrtb.field.undefined,error,imp[2].placement_id,3.2.4
p002959,nationaltoday.com,prebid.dblks.net,request,2.6-202606,openrtb.type.mismatch,error,imp[2].secure,3.2.4
p002959,nationaltoday.com,prebid.dblks.net,request,2.6-202606,openrtb.field.undefined,error,imp[3].floor,3.2.4
p002959,nationaltoday.com,prebid.dblks.net,request,2.6-202606,openrtb.field.undefined,error,imp[3].ortb2,3.2.4
p002959,nationaltoday.com,prebid.dblks.net,request,2.6-202606,openrtb.field.undefined,error,imp[3].placement_id,3.2.4
p002959,nationaltoday.com,prebid.dblks.net,request,2.6-202606,openrtb.type.mismatch,error,imp[3].secure,3.2.4
p002959,nationaltoday.com,prebid.dblks.net,request,2.6-202606,openrtb.field.undefined,error,site.schain,3.2.13
p002960,nationaltoday.com,prebid.dblks.net,response,2.6-202606,openrtb.response.seatbid_or_nbr.required,error,seatbid,4.2.1
p002961,nationaltoday.com,prebid.dblks.net,response,2.6-202606,openrtb.response.seatbid_or_nbr.required,error,seatbid,4.2.1
p002964,carsdirect.com,prebid.media.net,request,2.6-202606,openrtb.type.mismatch,error,id,3.2.1
p002964,carsdirect.com,prebid.media.net,request,2.6-202606,openrtb.field.undefined,error,imp[0].all,3.2.4
p002964,carsdirect.com,prebid.media.net,request,2.6-202606,openrtb.type.mismatch,error,imp[0].banner,3.2.4
p002964,carsdirect.com,prebid.media.net,request,2.6-202606,openrtb.field.undefined,error,imp[0].bidfloors,3.2.4
p002964,carsdirect.com,prebid.media.net,request,2.6-202606,openrtb.field.undefined,error,imp[0].ortb2Imp,3.2.4
p002964,carsdirect.com,prebid.media.net,request,2.6-202606,openrtb.field.undefined,error,ortb2,3.2.1
p002964,carsdirect.com,prebid.media.net,request,2.6-202606,openrtb.field.undefined,error,site.canonical_url,3.2.13
p002964,carsdirect.com,prebid.media.net,request,2.6-202606,openrtb.field.undefined,error,site.isTop,3.2.13
p002964,carsdirect.com,prebid.media.net,request,2.6-202606,openrtb.field.undefined,error,site.topMostLocation,3.2.13
p002965,carsdirect.com,prebid.media.net,request,2.6-202606,openrtb.type.mismatch,error,id,3.2.1
p002965,carsdirect.com,prebid.media.net,request,2.6-202606,openrtb.field.undefined,error,imp[0].all,3.2.4
p002965,carsdirect.com,prebid.media.net,request,2.6-202606,openrtb.type.mismatch,error,imp[0].banner,3.2.4
p002965,carsdirect.com,prebid.media.net,request,2.6-202606,openrtb.field.undefined,error,imp[0].bidfloors,3.2.4
p002965,carsdirect.com,prebid.media.net,request,2.6-202606,openrtb.field.undefined,error,imp[0].ortb2Imp,3.2.4
p002965,carsdirect.com,prebid.media.net,request,2.6-202606,openrtb.field.undefined,error,ortb2,3.2.1
p002965,carsdirect.com,prebid.media.net,request,2.6-202606,openrtb.field.undefined,error,site.canonical_url,3.2.13
p002965,carsdirect.com,prebid.media.net,request,2.6-202606,openrtb.field.undefined,error,site.isTop,3.2.13
p002965,carsdirect.com,prebid.media.net,request,2.6-202606,openrtb.field.undefined,error,site.topMostLocation,3.2.13
p002966,carsdirect.com,prebid.media.net,request,2.6-202606,openrtb.type.mismatch,error,id,3.2.1
p002966,carsdirect.com,prebid.media.net,request,2.6-202606,openrtb.field.undefined,error,imp[0].all,3.2.4
p002966,carsdirect.com,prebid.media.net,request,2.6-202606,openrtb.type.mismatch,error,imp[0].banner,3.2.4
p002966,carsdirect.com,prebid.media.net,request,2.6-202606,openrtb.field.undefined,error,imp[0].bidfloors,3.2.4
p002966,carsdirect.com,prebid.media.net,request,2.6-202606,openrtb.field.undefined,error,imp[0].ortb2Imp,3.2.4
p002966,carsdirect.com,prebid.media.net,request,2.6-202606,openrtb.field.undefined,error,imp[1].all,3.2.4
p002966,carsdirect.com,prebid.media.net,request,2.6-202606,openrtb.type.mismatch,error,imp[1].banner,3.2.4
p002966,carsdirect.com,prebid.media.net,request,2.6-202606,openrtb.field.undefined,error,imp[1].bidfloors,3.2.4
p002966,carsdirect.com,prebid.media.net,request,2.6-202606,openrtb.field.undefined,error,imp[1].ortb2Imp,3.2.4
p002966,carsdirect.com,prebid.media.net,request,2.6-202606,openrtb.field.undefined,error,ortb2,3.2.1
p002966,carsdirect.com,prebid.media.net,request,2.6-202606,openrtb.field.undefined,error,site.canonical_url,3.2.13
p002966,carsdirect.com,prebid.media.net,request,2.6-202606,openrtb.field.undefined,error,site.isTop,3.2.13
p002966,carsdirect.com,prebid.media.net,request,2.6-202606,openrtb.field.undefined,error,site.topMostLocation,3.2.13
p002967,chl.ca,prebid.media.net,request,2.6-202606,openrtb.field.undefined,error,imp[0].all,3.2.4
p002967,chl.ca,prebid.media.net,request,2.6-202606,openrtb.type.mismatch,error,imp[0].banner,3.2.4
p002967,chl.ca,prebid.media.net,request,2.6-202606,openrtb.field.undefined,error,imp[0].ortb2Imp,3.2.4
p002967,chl.ca,prebid.media.net,request,2.6-202606,openrtb.field.undefined,error,imp[0].transactionId,3.2.4
p002967,chl.ca,prebid.media.net,request,2.6-202606,openrtb.field.undefined,error,imp[1].all,3.2.4
p002967,chl.ca,prebid.media.net,request,2.6-202606,openrtb.type.mismatch,error,imp[1].banner,3.2.4
p002967,chl.ca,prebid.media.net,request,2.6-202606,openrtb.field.undefined,error,imp[1].ortb2Imp,3.2.4
p002967,chl.ca,prebid.media.net,request,2.6-202606,openrtb.field.undefined,error,imp[1].transactionId,3.2.4
p002967,chl.ca,prebid.media.net,request,2.6-202606,openrtb.field.undefined,error,imp[2].all,3.2.4
p002967,chl.ca,prebid.media.net,request,2.6-202606,openrtb.type.mismatch,error,imp[2].banner,3.2.4
p002967,chl.ca,prebid.media.net,request,2.6-202606,openrtb.field.undefined,error,imp[2].ortb2Imp,3.2.4
p002967,chl.ca,prebid.media.net,request,2.6-202606,openrtb.field.undefined,error,imp[2].transactionId,3.2.4
p002967,chl.ca,prebid.media.net,request,2.6-202606,openrtb.field.undefined,error,imp[3].all,3.2.4
p002967,chl.ca,prebid.media.net,request,2.6-202606,openrtb.type.mismatch,error,imp[3].banner,3.2.4
p002967,chl.ca,prebid.media.net,request,2.6-202606,openrtb.field.undefined,error,imp[3].ortb2Imp,3.2.4
p002967,chl.ca,prebid.media.net,request,2.6-202606,openrtb.field.undefined,error,imp[3].transactionId,3.2.4
p002967,chl.ca,prebid.media.net,request,2.6-202606,openrtb.field.undefined,error,ortb2,3.2.1
p002967,chl.ca,prebid.media.net,request,2.6-202606,openrtb.field.undefined,error,site.canonical_url,3.2.13
p002967,chl.ca,prebid.media.net,request,2.6-202606,openrtb.field.undefined,error,site.isTop,3.2.13
p002967,chl.ca,prebid.media.net,request,2.6-202606,openrtb.field.undefined,error,site.topMostLocation,3.2.13
p002968,chicagotribune.com,prebid.media.net,request,2.6-202606,openrtb.field.undefined,error,imp[0].all,3.2.4
p002968,chicagotribune.com,prebid.media.net,request,2.6-202606,openrtb.field.undefined,error,imp[0].bidfloors,3.2.4
p002968,chicagotribune.com,prebid.media.net,request,2.6-202606,openrtb.field.undefined,error,imp[0].ortb2Imp,3.2.4
p002968,chicagotribune.com,prebid.media.net,request,2.6-202606,openrtb.field.undefined,error,imp[0].transactionId,3.2.4
p002968,chicagotribune.com,prebid.media.net,request,2.6-202606,openrtb.field.undefined,error,imp[0].video.context,3.2.7
p002968,chicagotribune.com,prebid.media.net,request,2.6-202606,openrtb.field.deprecated,warning,imp[0].video.placement,Section 3.2.7
p002968,chicagotribune.com,prebid.media.net,request,2.6-202606,openrtb.field.undefined,error,imp[0].video.playerSize,3.2.7
p002968,chicagotribune.com,prebid.media.net,request,2.6-202606,openrtb.field.undefined,error,imp[1].all,3.2.4
p002968,chicagotribune.com,prebid.media.net,request,2.6-202606,openrtb.field.undefined,error,imp[1].bidfloors,3.2.4
p002968,chicagotribune.com,prebid.media.net,request,2.6-202606,openrtb.field.undefined,error,imp[1].ortb2Imp,3.2.4
p002968,chicagotribune.com,prebid.media.net,request,2.6-202606,openrtb.field.undefined,error,imp[1].transactionId,3.2.4
p002968,chicagotribune.com,prebid.media.net,request,2.6-202606,openrtb.field.undefined,error,imp[1].video.context,3.2.7
p002968,chicagotribune.com,prebid.media.net,request,2.6-202606,openrtb.field.deprecated,warning,imp[1].video.placement,Section 3.2.7
p002968,chicagotribune.com,prebid.media.net,request,2.6-202606,openrtb.field.undefined,error,imp[1].video.playerSize,3.2.7
p002968,chicagotribune.com,prebid.media.net,request,2.6-202606,openrtb.field.undefined,error,imp[2].all,3.2.4
p002968,chicagotribune.com,prebid.media.net,request,2.6-202606,openrtb.field.undefined,error,imp[2].bidfloors,3.2.4
p002968,chicagotribune.com,prebid.media.net,request,2.6-202606,openrtb.field.undefined,error,imp[2].ortb2Imp,3.2.4
p002968,chicagotribune.com,prebid.media.net,request,2.6-202606,openrtb.field.undefined,error,imp[2].transactionId,3.2.4
p002968,chicagotribune.com,prebid.media.net,request,2.6-202606,openrtb.field.undefined,error,imp[2].video.context,3.2.7
p002968,chicagotribune.com,prebid.media.net,request,2.6-202606,openrtb.field.deprecated,warning,imp[2].video.placement,Section 3.2.7
p002968,chicagotribune.com,prebid.media.net,request,2.6-202606,openrtb.field.undefined,error,imp[2].video.playerSize,3.2.7
p002968,chicagotribune.com,prebid.media.net,request,2.6-202606,openrtb.field.undefined,error,ortb2,3.2.1
p002968,chicagotribune.com,prebid.media.net,request,2.6-202606,openrtb.field.undefined,error,site.canonical_url,3.2.13
p002968,chicagotribune.com,prebid.media.net,request,2.6-202606,openrtb.field.undefined,error,site.isTop,3.2.13
p002968,chicagotribune.com,prebid.media.net,request,2.6-202606,openrtb.field.undefined,error,site.topMostLocation,3.2.13
p002969,chicagotribune.com,prebid.media.net,request,2.6-202606,openrtb.field.undefined,error,imp[0].all,3.2.4
p002969,chicagotribune.com,prebid.media.net,request,2.6-202606,openrtb.field.undefined,error,imp[0].bidfloors,3.2.4
p002969,chicagotribune.com,prebid.media.net,request,2.6-202606,openrtb.field.undefined,error,imp[0].ortb2Imp,3.2.4
p002969,chicagotribune.com,prebid.media.net,request,2.6-202606,openrtb.field.undefined,error,imp[0].transactionId,3.2.4
p002969,chicagotribune.com,prebid.media.net,request,2.6-202606,openrtb.field.undefined,error,imp[0].video.context,3.2.7
p002969,chicagotribune.com,prebid.media.net,request,2.6-202606,openrtb.field.deprecated,warning,imp[0].video.placement,Section 3.2.7
p002969,chicagotribune.com,prebid.media.net,request,2.6-202606,openrtb.field.undefined,error,imp[0].video.playerSize,3.2.7
p002969,chicagotribune.com,prebid.media.net,request,2.6-202606,openrtb.field.undefined,error,imp[1].all,3.2.4
p002969,chicagotribune.com,prebid.media.net,request,2.6-202606,openrtb.field.undefined,error,imp[1].bidfloors,3.2.4
p002969,chicagotribune.com,prebid.media.net,request,2.6-202606,openrtb.field.undefined,error,imp[1].ortb2Imp,3.2.4
p002969,chicagotribune.com,prebid.media.net,request,2.6-202606,openrtb.field.undefined,error,imp[1].transactionId,3.2.4
p002969,chicagotribune.com,prebid.media.net,request,2.6-202606,openrtb.field.undefined,error,imp[1].video.context,3.2.7
p002969,chicagotribune.com,prebid.media.net,request,2.6-202606,openrtb.field.deprecated,warning,imp[1].video.placement,Section 3.2.7
p002969,chicagotribune.com,prebid.media.net,request,2.6-202606,openrtb.field.undefined,error,imp[1].video.playerSize,3.2.7
p002969,chicagotribune.com,prebid.media.net,request,2.6-202606,openrtb.field.undefined,error,imp[2].all,3.2.4
p002969,chicagotribune.com,prebid.media.net,request,2.6-202606,openrtb.field.undefined,error,imp[2].bidfloors,3.2.4
p002969,chicagotribune.com,prebid.media.net,request,2.6-202606,openrtb.field.undefined,error,imp[2].ortb2Imp,3.2.4
p002969,chicagotribune.com,prebid.media.net,request,2.6-202606,openrtb.field.undefined,error,imp[2].transactionId,3.2.4
p002969,chicagotribune.com,prebid.media.net,request,2.6-202606,openrtb.field.undefined,error,imp[2].video.context,3.2.7
p002969,chicagotribune.com,prebid.media.net,request,2.6-202606,openrtb.field.deprecated,warning,imp[2].video.placement,Section 3.2.7
p002969,chicagotribune.com,prebid.media.net,request,2.6-202606,openrtb.field.undefined,error,imp[2].video.playerSize,3.2.7
p002969,chicagotribune.com,prebid.media.net,request,2.6-202606,openrtb.field.undefined,error,ortb2,3.2.1
p002969,chicagotribune.com,prebid.media.net,request,2.6-202606,openrtb.field.undefined,error,site.canonical_url,3.2.13
p002969,chicagotribune.com,prebid.media.net,request,2.6-202606,openrtb.field.undefined,error,site.isTop,3.2.13
p002969,chicagotribune.com,prebid.media.net,request,2.6-202606,openrtb.field.undefined,error,site.topMostLocation,3.2.13
p002970,carsdirect.com,prebid.media.net,request,2.6-202606,openrtb.type.mismatch,error,id,3.2.1
p002970,carsdirect.com,prebid.media.net,request,2.6-202606,openrtb.field.undefined,error,imp[0].all,3.2.4
p002970,carsdirect.com,prebid.media.net,request,2.6-202606,openrtb.type.mismatch,error,imp[0].banner,3.2.4
p002970,carsdirect.com,prebid.media.net,request,2.6-202606,openrtb.field.undefined,error,imp[0].bidfloors,3.2.4
p002970,carsdirect.com,prebid.media.net,request,2.6-202606,openrtb.field.undefined,error,imp[0].ortb2Imp,3.2.4
p002970,carsdirect.com,prebid.media.net,request,2.6-202606,openrtb.field.undefined,error,imp[1].all,3.2.4
p002970,carsdirect.com,prebid.media.net,request,2.6-202606,openrtb.type.mismatch,error,imp[1].banner,3.2.4
p002970,carsdirect.com,prebid.media.net,request,2.6-202606,openrtb.field.undefined,error,imp[1].bidfloors,3.2.4
p002970,carsdirect.com,prebid.media.net,request,2.6-202606,openrtb.field.undefined,error,imp[1].ortb2Imp,3.2.4
p002970,carsdirect.com,prebid.media.net,request,2.6-202606,openrtb.field.undefined,error,imp[2].all,3.2.4
p002970,carsdirect.com,prebid.media.net,request,2.6-202606,openrtb.type.mismatch,error,imp[2].banner,3.2.4
p002970,carsdirect.com,prebid.media.net,request,2.6-202606,openrtb.field.undefined,error,imp[2].bidfloors,3.2.4
p002970,carsdirect.com,prebid.media.net,request,2.6-202606,openrtb.field.undefined,error,imp[2].ortb2Imp,3.2.4
p002970,carsdirect.com,prebid.media.net,request,2.6-202606,openrtb.field.undefined,error,ortb2,3.2.1
p002970,carsdirect.com,prebid.media.net,request,2.6-202606,openrtb.field.undefined,error,site.canonical_url,3.2.13
p002970,carsdirect.com,prebid.media.net,request,2.6-202606,openrtb.field.undefined,error,site.isTop,3.2.13
p002970,carsdirect.com,prebid.media.net,request,2.6-202606,openrtb.field.undefined,error,site.topMostLocation,3.2.13
p002971,carsdirect.com,prebid.media.net,request,2.6-202606,openrtb.type.mismatch,error,id,3.2.1
p002971,carsdirect.com,prebid.media.net,request,2.6-202606,openrtb.field.undefined,error,imp[0].all,3.2.4
p002971,carsdirect.com,prebid.media.net,request,2.6-202606,openrtb.type.mismatch,error,imp[0].banner,3.2.4
p002971,carsdirect.com,prebid.media.net,request,2.6-202606,openrtb.field.undefined,error,imp[0].ortb2Imp,3.2.4
p002971,carsdirect.com,prebid.media.net,request,2.6-202606,openrtb.field.undefined,error,ortb2,3.2.1
p002971,carsdirect.com,prebid.media.net,request,2.6-202606,openrtb.field.undefined,error,site.canonical_url,3.2.13
p002971,carsdirect.com,prebid.media.net,request,2.6-202606,openrtb.field.undefined,error,site.isTop,3.2.13
p002971,carsdirect.com,prebid.media.net,request,2.6-202606,openrtb.field.undefined,error,site.topMostLocation,3.2.13
p002972,carsdirect.com,prebid.media.net,request,2.6-202606,openrtb.type.mismatch,error,id,3.2.1
p002972,carsdirect.com,prebid.media.net,request,2.6-202606,openrtb.field.undefined,error,imp[0].all,3.2.4
p002972,carsdirect.com,prebid.media.net,request,2.6-202606,openrtb.type.mismatch,error,imp[0].banner,3.2.4
p002972,carsdirect.com,prebid.media.net,request,2.6-202606,openrtb.field.undefined,error,imp[0].bidfloors,3.2.4
p002972,carsdirect.com,prebid.media.net,request,2.6-202606,openrtb.field.undefined,error,imp[0].ortb2Imp,3.2.4
p002972,carsdirect.com,prebid.media.net,request,2.6-202606,openrtb.field.undefined,error,ortb2,3.2.1
p002972,carsdirect.com,prebid.media.net,request,2.6-202606,openrtb.field.undefined,error,site.canonical_url,3.2.13
p002972,carsdirect.com,prebid.media.net,request,2.6-202606,openrtb.field.undefined,error,site.isTop,3.2.13
p002972,carsdirect.com,prebid.media.net,request,2.6-202606,openrtb.field.undefined,error,site.topMostLocation,3.2.13
p002973,carsdirect.com,prebid.media.net,request,2.6-202606,openrtb.type.mismatch,error,id,3.2.1
p002973,carsdirect.com,prebid.media.net,request,2.6-202606,openrtb.field.undefined,error,imp[0].all,3.2.4
p002973,carsdirect.com,prebid.media.net,request,2.6-202606,openrtb.type.mismatch,error,imp[0].banner,3.2.4
p002973,carsdirect.com,prebid.media.net,request,2.6-202606,openrtb.field.undefined,error,imp[0].bidfloors,3.2.4
p002973,carsdirect.com,prebid.media.net,request,2.6-202606,openrtb.field.undefined,error,imp[0].ortb2Imp,3.2.4
p002973,carsdirect.com,prebid.media.net,request,2.6-202606,openrtb.field.undefined,error,ortb2,3.2.1
p002973,carsdirect.com,prebid.media.net,request,2.6-202606,openrtb.field.undefined,error,site.canonical_url,3.2.13
p002973,carsdirect.com,prebid.media.net,request,2.6-202606,openrtb.field.undefined,error,site.isTop,3.2.13
p002973,carsdirect.com,prebid.media.net,request,2.6-202606,openrtb.field.undefined,error,site.topMostLocation,3.2.13
p002974,chl.ca,prebid.media.net,request,2.6-202606,openrtb.field.undefined,error,imp[0].all,3.2.4
p002974,chl.ca,prebid.media.net,request,2.6-202606,openrtb.type.mismatch,error,imp[0].banner,3.2.4
p002974,chl.ca,prebid.media.net,request,2.6-202606,openrtb.field.undefined,error,imp[0].bidfloors,3.2.4
p002974,chl.ca,prebid.media.net,request,2.6-202606,openrtb.field.undefined,error,imp[0].ortb2Imp,3.2.4
p002974,chl.ca,prebid.media.net,request,2.6-202606,openrtb.field.undefined,error,imp[0].transactionId,3.2.4
p002974,chl.ca,prebid.media.net,request,2.6-202606,openrtb.field.undefined,error,imp[1].all,3.2.4
p002974,chl.ca,prebid.media.net,request,2.6-202606,openrtb.type.mismatch,error,imp[1].banner,3.2.4
p002974,chl.ca,prebid.media.net,request,2.6-202606,openrtb.field.undefined,error,imp[1].bidfloors,3.2.4
p002974,chl.ca,prebid.media.net,request,2.6-202606,openrtb.field.undefined,error,imp[1].ortb2Imp,3.2.4
p002974,chl.ca,prebid.media.net,request,2.6-202606,openrtb.field.undefined,error,imp[1].transactionId,3.2.4
p002974,chl.ca,prebid.media.net,request,2.6-202606,openrtb.field.undefined,error,imp[2].all,3.2.4
p002974,chl.ca,prebid.media.net,request,2.6-202606,openrtb.type.mismatch,error,imp[2].banner,3.2.4
p002974,chl.ca,prebid.media.net,request,2.6-202606,openrtb.field.undefined,error,imp[2].bidfloors,3.2.4
p002974,chl.ca,prebid.media.net,request,2.6-202606,openrtb.field.undefined,error,imp[2].ortb2Imp,3.2.4
p002974,chl.ca,prebid.media.net,request,2.6-202606,openrtb.field.undefined,error,imp[2].transactionId,3.2.4
p002974,chl.ca,prebid.media.net,request,2.6-202606,openrtb.field.undefined,error,imp[3].all,3.2.4
p002974,chl.ca,prebid.media.net,request,2.6-202606,openrtb.type.mismatch,error,imp[3].banner,3.2.4
p002974,chl.ca,prebid.media.net,request,2.6-202606,openrtb.field.undefined,error,imp[3].bidfloors,3.2.4
p002974,chl.ca,prebid.media.net,request,2.6-202606,openrtb.field.undefined,error,imp[3].ortb2Imp,3.2.4
p002974,chl.ca,prebid.media.net,request,2.6-202606,openrtb.field.undefined,error,imp[3].transactionId,3.2.4
p002974,chl.ca,prebid.media.net,request,2.6-202606,openrtb.field.undefined,error,imp[4].all,3.2.4
p002974,chl.ca,prebid.media.net,request,2.6-202606,openrtb.type.mismatch,error,imp[4].banner,3.2.4
p002974,chl.ca,prebid.media.net,request,2.6-202606,openrtb.field.undefined,error,imp[4].bidfloors,3.2.4
p002974,chl.ca,prebid.media.net,request,2.6-202606,openrtb.field.undefined,error,imp[4].ortb2Imp,3.2.4
p002974,chl.ca,prebid.media.net,request,2.6-202606,openrtb.field.undefined,error,imp[4].transactionId,3.2.4
p002974,chl.ca,prebid.media.net,request,2.6-202606,openrtb.field.undefined,error,ortb2,3.2.1
p002974,chl.ca,prebid.media.net,request,2.6-202606,openrtb.field.undefined,error,site.canonical_url,3.2.13
p002974,chl.ca,prebid.media.net,request,2.6-202606,openrtb.field.undefined,error,site.isTop,3.2.13
p002974,chl.ca,prebid.media.net,request,2.6-202606,openrtb.field.undefined,error,site.topMostLocation,3.2.13
p002975,chicagotribune.com,prebid.media.net,request,2.6-202606,openrtb.field.undefined,error,imp[0].all,3.2.4
p002975,chicagotribune.com,prebid.media.net,request,2.6-202606,openrtb.field.undefined,error,imp[0].bidfloors,3.2.4
p002975,chicagotribune.com,prebid.media.net,request,2.6-202606,openrtb.field.undefined,error,imp[0].ortb2Imp,3.2.4
p002975,chicagotribune.com,prebid.media.net,request,2.6-202606,openrtb.field.undefined,error,imp[0].transactionId,3.2.4
p002975,chicagotribune.com,prebid.media.net,request,2.6-202606,openrtb.field.undefined,error,imp[0].video.context,3.2.7
p002975,chicagotribune.com,prebid.media.net,request,2.6-202606,openrtb.field.deprecated,warning,imp[0].video.placement,Section 3.2.7
p002975,chicagotribune.com,prebid.media.net,request,2.6-202606,openrtb.field.undefined,error,imp[0].video.playerSize,3.2.7
p002975,chicagotribune.com,prebid.media.net,request,2.6-202606,openrtb.field.undefined,error,imp[1].all,3.2.4
p002975,chicagotribune.com,prebid.media.net,request,2.6-202606,openrtb.field.undefined,error,imp[1].bidfloors,3.2.4
p002975,chicagotribune.com,prebid.media.net,request,2.6-202606,openrtb.field.undefined,error,imp[1].ortb2Imp,3.2.4
p002975,chicagotribune.com,prebid.media.net,request,2.6-202606,openrtb.field.undefined,error,imp[1].transactionId,3.2.4
p002975,chicagotribune.com,prebid.media.net,request,2.6-202606,openrtb.field.undefined,error,imp[1].video.context,3.2.7
p002975,chicagotribune.com,prebid.media.net,request,2.6-202606,openrtb.field.deprecated,warning,imp[1].video.placement,Section 3.2.7
p002975,chicagotribune.com,prebid.media.net,request,2.6-202606,openrtb.field.undefined,error,imp[1].video.playerSize,3.2.7
p002975,chicagotribune.com,prebid.media.net,request,2.6-202606,openrtb.field.undefined,error,imp[2].all,3.2.4
p002975,chicagotribune.com,prebid.media.net,request,2.6-202606,openrtb.field.undefined,error,imp[2].bidfloors,3.2.4
p002975,chicagotribune.com,prebid.media.net,request,2.6-202606,openrtb.field.undefined,error,imp[2].ortb2Imp,3.2.4
p002975,chicagotribune.com,prebid.media.net,request,2.6-202606,openrtb.field.undefined,error,imp[2].transactionId,3.2.4
p002975,chicagotribune.com,prebid.media.net,request,2.6-202606,openrtb.field.undefined,error,imp[2].video.context,3.2.7
p002975,chicagotribune.com,prebid.media.net,request,2.6-202606,openrtb.field.deprecated,warning,imp[2].video.placement,Section 3.2.7
p002975,chicagotribune.com,prebid.media.net,request,2.6-202606,openrtb.field.undefined,error,imp[2].video.playerSize,3.2.7
p002975,chicagotribune.com,prebid.media.net,request,2.6-202606,openrtb.field.undefined,error,ortb2,3.2.1
p002975,chicagotribune.com,prebid.media.net,request,2.6-202606,openrtb.field.undefined,error,site.canonical_url,3.2.13
p002975,chicagotribune.com,prebid.media.net,request,2.6-202606,openrtb.field.undefined,error,site.isTop,3.2.13
p002975,chicagotribune.com,prebid.media.net,request,2.6-202606,openrtb.field.undefined,error,site.topMostLocation,3.2.13
p002976,carsdirect.com,prebid.media.net,request,2.6-202606,openrtb.type.mismatch,error,id,3.2.1
p002976,carsdirect.com,prebid.media.net,request,2.6-202606,openrtb.field.undefined,error,imp[0].all,3.2.4
p002976,carsdirect.com,prebid.media.net,request,2.6-202606,openrtb.type.mismatch,error,imp[0].banner,3.2.4
p002976,carsdirect.com,prebid.media.net,request,2.6-202606,openrtb.field.undefined,error,imp[0].bidfloors,3.2.4
p002976,carsdirect.com,prebid.media.net,request,2.6-202606,openrtb.field.undefined,error,imp[0].ortb2Imp,3.2.4
p002976,carsdirect.com,prebid.media.net,request,2.6-202606,openrtb.field.undefined,error,ortb2,3.2.1
p002976,carsdirect.com,prebid.media.net,request,2.6-202606,openrtb.field.undefined,error,site.canonical_url,3.2.13
p002976,carsdirect.com,prebid.media.net,request,2.6-202606,openrtb.field.undefined,error,site.isTop,3.2.13
p002976,carsdirect.com,prebid.media.net,request,2.6-202606,openrtb.field.undefined,error,site.topMostLocation,3.2.13
p002977,chicagotribune.com,prebid.media.net,request,2.6-202606,openrtb.field.undefined,error,imp[0].all,3.2.4
p002977,chicagotribune.com,prebid.media.net,request,2.6-202606,openrtb.field.undefined,error,imp[0].bidfloors,3.2.4
p002977,chicagotribune.com,prebid.media.net,request,2.6-202606,openrtb.field.undefined,error,imp[0].ortb2Imp,3.2.4
p002977,chicagotribune.com,prebid.media.net,request,2.6-202606,openrtb.field.undefined,error,imp[0].transactionId,3.2.4
p002977,chicagotribune.com,prebid.media.net,request,2.6-202606,openrtb.field.undefined,error,imp[0].video.context,3.2.7
p002977,chicagotribune.com,prebid.media.net,request,2.6-202606,openrtb.field.deprecated,warning,imp[0].video.placement,Section 3.2.7
p002977,chicagotribune.com,prebid.media.net,request,2.6-202606,openrtb.field.undefined,error,imp[0].video.playerSize,3.2.7
p002977,chicagotribune.com,prebid.media.net,request,2.6-202606,openrtb.field.undefined,error,imp[1].all,3.2.4
p002977,chicagotribune.com,prebid.media.net,request,2.6-202606,openrtb.field.undefined,error,imp[1].bidfloors,3.2.4
p002977,chicagotribune.com,prebid.media.net,request,2.6-202606,openrtb.field.undefined,error,imp[1].ortb2Imp,3.2.4
p002977,chicagotribune.com,prebid.media.net,request,2.6-202606,openrtb.field.undefined,error,imp[1].transactionId,3.2.4
p002977,chicagotribune.com,prebid.media.net,request,2.6-202606,openrtb.field.undefined,error,imp[1].video.context,3.2.7
p002977,chicagotribune.com,prebid.media.net,request,2.6-202606,openrtb.field.deprecated,warning,imp[1].video.placement,Section 3.2.7
p002977,chicagotribune.com,prebid.media.net,request,2.6-202606,openrtb.field.undefined,error,imp[1].video.playerSize,3.2.7
p002977,chicagotribune.com,prebid.media.net,request,2.6-202606,openrtb.field.undefined,error,imp[2].all,3.2.4
p002977,chicagotribune.com,prebid.media.net,request,2.6-202606,openrtb.field.undefined,error,imp[2].bidfloors,3.2.4
p002977,chicagotribune.com,prebid.media.net,request,2.6-202606,openrtb.field.undefined,error,imp[2].ortb2Imp,3.2.4
p002977,chicagotribune.com,prebid.media.net,request,2.6-202606,openrtb.field.undefined,error,imp[2].transactionId,3.2.4
p002977,chicagotribune.com,prebid.media.net,request,2.6-202606,openrtb.field.undefined,error,imp[2].video.context,3.2.7
p002977,chicagotribune.com,prebid.media.net,request,2.6-202606,openrtb.field.deprecated,warning,imp[2].video.placement,Section 3.2.7
p002977,chicagotribune.com,prebid.media.net,request,2.6-202606,openrtb.field.undefined,error,imp[2].video.playerSize,3.2.7
p002977,chicagotribune.com,prebid.media.net,request,2.6-202606,openrtb.field.undefined,error,ortb2,3.2.1
p002977,chicagotribune.com,prebid.media.net,request,2.6-202606,openrtb.field.undefined,error,site.canonical_url,3.2.13
p002977,chicagotribune.com,prebid.media.net,request,2.6-202606,openrtb.field.undefined,error,site.isTop,3.2.13
p002977,chicagotribune.com,prebid.media.net,request,2.6-202606,openrtb.field.undefined,error,site.topMostLocation,3.2.13
p002978,cityam.com,prebid.media.net,request,2.6-202606,openrtb.field.undefined,error,imp[0].all,3.2.4
p002978,cityam.com,prebid.media.net,request,2.6-202606,openrtb.type.mismatch,error,imp[0].banner,3.2.4
p002978,cityam.com,prebid.media.net,request,2.6-202606,openrtb.field.undefined,error,imp[0].ortb2Imp,3.2.4
p002978,cityam.com,prebid.media.net,request,2.6-202606,openrtb.field.undefined,error,imp[0].transactionId,3.2.4
p002978,cityam.com,prebid.media.net,request,2.6-202606,openrtb.field.undefined,error,imp[1].all,3.2.4
p002978,cityam.com,prebid.media.net,request,2.6-202606,openrtb.type.mismatch,error,imp[1].banner,3.2.4
p002978,cityam.com,prebid.media.net,request,2.6-202606,openrtb.field.undefined,error,imp[1].ortb2Imp,3.2.4
p002978,cityam.com,prebid.media.net,request,2.6-202606,openrtb.field.undefined,error,imp[1].transactionId,3.2.4
p002978,cityam.com,prebid.media.net,request,2.6-202606,openrtb.field.undefined,error,imp[2].all,3.2.4
p002978,cityam.com,prebid.media.net,request,2.6-202606,openrtb.type.mismatch,error,imp[2].banner,3.2.4
p002978,cityam.com,prebid.media.net,request,2.6-202606,openrtb.field.undefined,error,imp[2].ortb2Imp,3.2.4
p002978,cityam.com,prebid.media.net,request,2.6-202606,openrtb.field.undefined,error,imp[2].transactionId,3.2.4
p002978,cityam.com,prebid.media.net,request,2.6-202606,openrtb.field.undefined,error,imp[3].all,3.2.4
p002978,cityam.com,prebid.media.net,request,2.6-202606,openrtb.type.mismatch,error,imp[3].banner,3.2.4
p002978,cityam.com,prebid.media.net,request,2.6-202606,openrtb.field.undefined,error,imp[3].ortb2Imp,3.2.4
p002978,cityam.com,prebid.media.net,request,2.6-202606,openrtb.field.undefined,error,imp[3].transactionId,3.2.4
p002978,cityam.com,prebid.media.net,request,2.6-202606,openrtb.field.undefined,error,imp[4].all,3.2.4
p002978,cityam.com,prebid.media.net,request,2.6-202606,openrtb.type.mismatch,error,imp[4].banner,3.2.4
p002978,cityam.com,prebid.media.net,request,2.6-202606,openrtb.field.undefined,error,imp[4].ortb2Imp,3.2.4
p002978,cityam.com,prebid.media.net,request,2.6-202606,openrtb.field.undefined,error,imp[4].transactionId,3.2.4
p002978,cityam.com,prebid.media.net,request,2.6-202606,openrtb.field.undefined,error,imp[5].all,3.2.4
p002978,cityam.com,prebid.media.net,request,2.6-202606,openrtb.type.mismatch,error,imp[5].banner,3.2.4
p002978,cityam.com,prebid.media.net,request,2.6-202606,openrtb.field.undefined,error,imp[5].ortb2Imp,3.2.4
p002978,cityam.com,prebid.media.net,request,2.6-202606,openrtb.field.undefined,error,imp[5].transactionId,3.2.4
p002978,cityam.com,prebid.media.net,request,2.6-202606,openrtb.field.undefined,error,imp[6].all,3.2.4
p002978,cityam.com,prebid.media.net,request,2.6-202606,openrtb.type.mismatch,error,imp[6].banner,3.2.4
p002978,cityam.com,prebid.media.net,request,2.6-202606,openrtb.field.undefined,error,imp[6].ortb2Imp,3.2.4
p002978,cityam.com,prebid.media.net,request,2.6-202606,openrtb.field.undefined,error,imp[6].transactionId,3.2.4
p002978,cityam.com,prebid.media.net,request,2.6-202606,openrtb.field.undefined,error,ortb2,3.2.1
p002978,cityam.com,prebid.media.net,request,2.6-202606,openrtb.field.undefined,error,site.canonical_url,3.2.13
p002978,cityam.com,prebid.media.net,request,2.6-202606,openrtb.field.undefined,error,site.isTop,3.2.13
p002978,cityam.com,prebid.media.net,request,2.6-202606,openrtb.field.undefined,error,site.topMostLocation,3.2.13
p002979,cycletrader.com,prebid.media.net,request,2.6-202606,openrtb.field.undefined,error,imp[0].all,3.2.4
p002979,cycletrader.com,prebid.media.net,request,2.6-202606,openrtb.type.mismatch,error,imp[0].banner,3.2.4
p002979,cycletrader.com,prebid.media.net,request,2.6-202606,openrtb.field.undefined,error,imp[0].ortb2Imp,3.2.4
p002979,cycletrader.com,prebid.media.net,request,2.6-202606,openrtb.field.undefined,error,imp[0].transactionId,3.2.4
p002979,cycletrader.com,prebid.media.net,request,2.6-202606,openrtb.field.undefined,error,imp[1].all,3.2.4
p002979,cycletrader.com,prebid.media.net,request,2.6-202606,openrtb.type.mismatch,error,imp[1].banner,3.2.4
p002979,cycletrader.com,prebid.media.net,request,2.6-202606,openrtb.field.undefined,error,imp[1].ortb2Imp,3.2.4
p002979,cycletrader.com,prebid.media.net,request,2.6-202606,openrtb.field.undefined,error,imp[1].transactionId,3.2.4
p002979,cycletrader.com,prebid.media.net,request,2.6-202606,openrtb.field.undefined,error,ortb2,3.2.1
p002979,cycletrader.com,prebid.media.net,request,2.6-202606,openrtb.field.undefined,error,site.canonical_url,3.2.13
p002979,cycletrader.com,prebid.media.net,request,2.6-202606,openrtb.field.undefined,error,site.isTop,3.2.13
p002979,cycletrader.com,prebid.media.net,request,2.6-202606,openrtb.field.undefined,error,site.topMostLocation,3.2.13
p002980,cycletrader.com,prebid.media.net,request,2.6-202606,openrtb.field.undefined,error,imp[0].all,3.2.4
p002980,cycletrader.com,prebid.media.net,request,2.6-202606,openrtb.type.mismatch,error,imp[0].banner,3.2.4
p002980,cycletrader.com,prebid.media.net,request,2.6-202606,openrtb.field.undefined,error,imp[0].ortb2Imp,3.2.4
p002980,cycletrader.com,prebid.media.net,request,2.6-202606,openrtb.field.undefined,error,imp[0].transactionId,3.2.4
p002980,cycletrader.com,prebid.media.net,request,2.6-202606,openrtb.field.undefined,error,ortb2,3.2.1
p002980,cycletrader.com,prebid.media.net,request,2.6-202606,openrtb.field.undefined,error,site.canonical_url,3.2.13
p002980,cycletrader.com,prebid.media.net,request,2.6-202606,openrtb.field.undefined,error,site.isTop,3.2.13
p002980,cycletrader.com,prebid.media.net,request,2.6-202606,openrtb.field.undefined,error,site.topMostLocation,3.2.13
p002981,cycletrader.com,prebid.media.net,request,2.6-202606,openrtb.field.undefined,error,imp[0].all,3.2.4
p002981,cycletrader.com,prebid.media.net,request,2.6-202606,openrtb.type.mismatch,error,imp[0].banner,3.2.4
p002981,cycletrader.com,prebid.media.net,request,2.6-202606,openrtb.field.undefined,error,imp[0].ortb2Imp,3.2.4
p002981,cycletrader.com,prebid.media.net,request,2.6-202606,openrtb.field.undefined,error,imp[0].transactionId,3.2.4
p002981,cycletrader.com,prebid.media.net,request,2.6-202606,openrtb.field.undefined,error,ortb2,3.2.1
p002981,cycletrader.com,prebid.media.net,request,2.6-202606,openrtb.field.undefined,error,site.canonical_url,3.2.13
p002981,cycletrader.com,prebid.media.net,request,2.6-202606,openrtb.field.undefined,error,site.isTop,3.2.13
p002981,cycletrader.com,prebid.media.net,request,2.6-202606,openrtb.field.undefined,error,site.topMostLocation,3.2.13
p002982,dailykos.com,prebid.media.net,request,2.6-202606,openrtb.field.undefined,error,imp[0].all,3.2.4
p002982,dailykos.com,prebid.media.net,request,2.6-202606,openrtb.type.mismatch,error,imp[0].banner,3.2.4
p002982,dailykos.com,prebid.media.net,request,2.6-202606,openrtb.field.undefined,error,imp[0].bidfloors,3.2.4
p002982,dailykos.com,prebid.media.net,request,2.6-202606,openrtb.field.undefined,error,imp[0].ortb2Imp,3.2.4
p002982,dailykos.com,prebid.media.net,request,2.6-202606,openrtb.field.undefined,error,imp[0].transactionId,3.2.4
p002982,dailykos.com,prebid.media.net,request,2.6-202606,openrtb.field.undefined,error,ortb2,3.2.1
p002982,dailykos.com,prebid.media.net,request,2.6-202606,openrtb.field.undefined,error,site.canonical_url,3.2.13
p002982,dailykos.com,prebid.media.net,request,2.6-202606,openrtb.field.undefined,error,site.isTop,3.2.13
p002982,dailykos.com,prebid.media.net,request,2.6-202606,openrtb.field.undefined,error,site.topMostLocation,3.2.13
p002983,cycletrader.com,prebid.media.net,request,2.6-202606,openrtb.field.undefined,error,imp[0].all,3.2.4
p002983,cycletrader.com,prebid.media.net,request,2.6-202606,openrtb.type.mismatch,error,imp[0].banner,3.2.4
p002983,cycletrader.com,prebid.media.net,request,2.6-202606,openrtb.field.undefined,error,imp[0].ortb2Imp,3.2.4
p002983,cycletrader.com,prebid.media.net,request,2.6-202606,openrtb.field.undefined,error,imp[0].transactionId,3.2.4
p002983,cycletrader.com,prebid.media.net,request,2.6-202606,openrtb.field.undefined,error,imp[1].all,3.2.4
p002983,cycletrader.com,prebid.media.net,request,2.6-202606,openrtb.type.mismatch,error,imp[1].banner,3.2.4
p002983,cycletrader.com,prebid.media.net,request,2.6-202606,openrtb.field.undefined,error,imp[1].ortb2Imp,3.2.4
p002983,cycletrader.com,prebid.media.net,request,2.6-202606,openrtb.field.undefined,error,imp[1].transactionId,3.2.4
p002983,cycletrader.com,prebid.media.net,request,2.6-202606,openrtb.field.undefined,error,ortb2,3.2.1
p002983,cycletrader.com,prebid.media.net,request,2.6-202606,openrtb.field.undefined,error,site.canonical_url,3.2.13
p002983,cycletrader.com,prebid.media.net,request,2.6-202606,openrtb.field.undefined,error,site.isTop,3.2.13
p002983,cycletrader.com,prebid.media.net,request,2.6-202606,openrtb.field.undefined,error,site.topMostLocation,3.2.13
p002984,cycletrader.com,prebid.media.net,request,2.6-202606,openrtb.field.undefined,error,imp[0].all,3.2.4
p002984,cycletrader.com,prebid.media.net,request,2.6-202606,openrtb.type.mismatch,error,imp[0].banner,3.2.4
p002984,cycletrader.com,prebid.media.net,request,2.6-202606,openrtb.field.undefined,error,imp[0].ortb2Imp,3.2.4
p002984,cycletrader.com,prebid.media.net,request,2.6-202606,openrtb.field.undefined,error,imp[0].transactionId,3.2.4
p002984,cycletrader.com,prebid.media.net,request,2.6-202606,openrtb.field.undefined,error,imp[1].all,3.2.4
p002984,cycletrader.com,prebid.media.net,request,2.6-202606,openrtb.type.mismatch,error,imp[1].banner,3.2.4
p002984,cycletrader.com,prebid.media.net,request,2.6-202606,openrtb.field.undefined,error,imp[1].ortb2Imp,3.2.4
p002984,cycletrader.com,prebid.media.net,request,2.6-202606,openrtb.field.undefined,error,imp[1].transactionId,3.2.4
p002984,cycletrader.com,prebid.media.net,request,2.6-202606,openrtb.field.undefined,error,imp[2].all,3.2.4
p002984,cycletrader.com,prebid.media.net,request,2.6-202606,openrtb.type.mismatch,error,imp[2].banner,3.2.4
p002984,cycletrader.com,prebid.media.net,request,2.6-202606,openrtb.field.undefined,error,imp[2].ortb2Imp,3.2.4
p002984,cycletrader.com,prebid.media.net,request,2.6-202606,openrtb.field.undefined,error,imp[2].transactionId,3.2.4
p002984,cycletrader.com,prebid.media.net,request,2.6-202606,openrtb.field.undefined,error,ortb2,3.2.1
p002984,cycletrader.com,prebid.media.net,request,2.6-202606,openrtb.field.undefined,error,site.canonical_url,3.2.13
p002984,cycletrader.com,prebid.media.net,request,2.6-202606,openrtb.field.undefined,error,site.isTop,3.2.13
p002984,cycletrader.com,prebid.media.net,request,2.6-202606,openrtb.field.undefined,error,site.topMostLocation,3.2.13
p002985,dailykos.com,prebid.media.net,request,2.6-202606,openrtb.field.undefined,error,imp[0].all,3.2.4
p002985,dailykos.com,prebid.media.net,request,2.6-202606,openrtb.type.mismatch,error,imp[0].banner,3.2.4
p002985,dailykos.com,prebid.media.net,request,2.6-202606,openrtb.field.undefined,error,imp[0].bidfloors,3.2.4
p002985,dailykos.com,prebid.media.net,request,2.6-202606,openrtb.field.undefined,error,imp[0].ortb2Imp,3.2.4
p002985,dailykos.com,prebid.media.net,request,2.6-202606,openrtb.field.undefined,error,imp[0].transactionId,3.2.4
p002985,dailykos.com,prebid.media.net,request,2.6-202606,openrtb.field.undefined,error,imp[1].all,3.2.4
p002985,dailykos.com,prebid.media.net,request,2.6-202606,openrtb.type.mismatch,error,imp[1].banner,3.2.4
p002985,dailykos.com,prebid.media.net,request,2.6-202606,openrtb.field.undefined,error,imp[1].bidfloors,3.2.4
p002985,dailykos.com,prebid.media.net,request,2.6-202606,openrtb.field.undefined,error,imp[1].ortb2Imp,3.2.4
p002985,dailykos.com,prebid.media.net,request,2.6-202606,openrtb.field.undefined,error,imp[1].transactionId,3.2.4
p002985,dailykos.com,prebid.media.net,request,2.6-202606,openrtb.field.undefined,error,imp[2].all,3.2.4
p002985,dailykos.com,prebid.media.net,request,2.6-202606,openrtb.type.mismatch,error,imp[2].banner,3.2.4
p002985,dailykos.com,prebid.media.net,request,2.6-202606,openrtb.field.undefined,error,imp[2].bidfloors,3.2.4
p002985,dailykos.com,prebid.media.net,request,2.6-202606,openrtb.field.undefined,error,imp[2].ortb2Imp,3.2.4
p002985,dailykos.com,prebid.media.net,request,2.6-202606,openrtb.field.undefined,error,imp[2].transactionId,3.2.4
p002985,dailykos.com,prebid.media.net,request,2.6-202606,openrtb.field.undefined,error,imp[3].all,3.2.4
p002985,dailykos.com,prebid.media.net,request,2.6-202606,openrtb.type.mismatch,error,imp[3].banner,3.2.4
p002985,dailykos.com,prebid.media.net,request,2.6-202606,openrtb.field.undefined,error,imp[3].bidfloors,3.2.4
p002985,dailykos.com,prebid.media.net,request,2.6-202606,openrtb.field.undefined,error,imp[3].ortb2Imp,3.2.4
p002985,dailykos.com,prebid.media.net,request,2.6-202606,openrtb.field.undefined,error,imp[3].transactionId,3.2.4
p002985,dailykos.com,prebid.media.net,request,2.6-202606,openrtb.field.undefined,error,ortb2,3.2.1
p002985,dailykos.com,prebid.media.net,request,2.6-202606,openrtb.field.undefined,error,site.canonical_url,3.2.13
p002985,dailykos.com,prebid.media.net,request,2.6-202606,openrtb.field.undefined,error,site.isTop,3.2.13
p002985,dailykos.com,prebid.media.net,request,2.6-202606,openrtb.field.undefined,error,site.topMostLocation,3.2.13
p002986,dailykos.com,prebid.media.net,request,2.6-202606,openrtb.field.undefined,error,imp[0].all,3.2.4
p002986,dailykos.com,prebid.media.net,request,2.6-202606,openrtb.type.mismatch,error,imp[0].banner,3.2.4
p002986,dailykos.com,prebid.media.net,request,2.6-202606,openrtb.field.undefined,error,imp[0].bidfloors,3.2.4
p002986,dailykos.com,prebid.media.net,request,2.6-202606,openrtb.field.undefined,error,imp[0].ortb2Imp,3.2.4
p002986,dailykos.com,prebid.media.net,request,2.6-202606,openrtb.field.undefined,error,imp[0].transactionId,3.2.4
p002986,dailykos.com,prebid.media.net,request,2.6-202606,openrtb.field.undefined,error,ortb2,3.2.1
p002986,dailykos.com,prebid.media.net,request,2.6-202606,openrtb.field.undefined,error,site.canonical_url,3.2.13
p002986,dailykos.com,prebid.media.net,request,2.6-202606,openrtb.field.undefined,error,site.isTop,3.2.13
p002986,dailykos.com,prebid.media.net,request,2.6-202606,openrtb.field.undefined,error,site.topMostLocation,3.2.13
p002987,dailykos.com,prebid.media.net,request,2.6-202606,openrtb.field.undefined,error,imp[0].all,3.2.4
p002987,dailykos.com,prebid.media.net,request,2.6-202606,openrtb.type.mismatch,error,imp[0].banner,3.2.4
p002987,dailykos.com,prebid.media.net,request,2.6-202606,openrtb.field.undefined,error,imp[0].bidfloors,3.2.4
p002987,dailykos.com,prebid.media.net,request,2.6-202606,openrtb.field.undefined,error,imp[0].ortb2Imp,3.2.4
p002987,dailykos.com,prebid.media.net,request,2.6-202606,openrtb.field.undefined,error,imp[0].transactionId,3.2.4
p002987,dailykos.com,prebid.media.net,request,2.6-202606,openrtb.field.undefined,error,imp[1].all,3.2.4
p002987,dailykos.com,prebid.media.net,request,2.6-202606,openrtb.type.mismatch,error,imp[1].banner,3.2.4
p002987,dailykos.com,prebid.media.net,request,2.6-202606,openrtb.field.undefined,error,imp[1].bidfloors,3.2.4
p002987,dailykos.com,prebid.media.net,request,2.6-202606,openrtb.field.undefined,error,imp[1].ortb2Imp,3.2.4
p002987,dailykos.com,prebid.media.net,request,2.6-202606,openrtb.field.undefined,error,imp[1].transactionId,3.2.4
p002987,dailykos.com,prebid.media.net,request,2.6-202606,openrtb.field.undefined,error,ortb2,3.2.1
p002987,dailykos.com,prebid.media.net,request,2.6-202606,openrtb.field.undefined,error,site.canonical_url,3.2.13
p002987,dailykos.com,prebid.media.net,request,2.6-202606,openrtb.field.undefined,error,site.isTop,3.2.13
p002987,dailykos.com,prebid.media.net,request,2.6-202606,openrtb.field.undefined,error,site.topMostLocation,3.2.13
p002988,dailykos.com,prebid.media.net,request,2.6-202606,openrtb.field.undefined,error,imp[0].all,3.2.4
p002988,dailykos.com,prebid.media.net,request,2.6-202606,openrtb.type.mismatch,error,imp[0].banner,3.2.4
p002988,dailykos.com,prebid.media.net,request,2.6-202606,openrtb.field.undefined,error,imp[0].bidfloors,3.2.4
p002988,dailykos.com,prebid.media.net,request,2.6-202606,openrtb.field.undefined,error,imp[0].ortb2Imp,3.2.4
p002988,dailykos.com,prebid.media.net,request,2.6-202606,openrtb.field.undefined,error,imp[0].transactionId,3.2.4
p002988,dailykos.com,prebid.media.net,request,2.6-202606,openrtb.field.undefined,error,imp[1].all,3.2.4
p002988,dailykos.com,prebid.media.net,request,2.6-202606,openrtb.type.mismatch,error,imp[1].banner,3.2.4
p002988,dailykos.com,prebid.media.net,request,2.6-202606,openrtb.field.undefined,error,imp[1].bidfloors,3.2.4
p002988,dailykos.com,prebid.media.net,request,2.6-202606,openrtb.field.undefined,error,imp[1].ortb2Imp,3.2.4
p002988,dailykos.com,prebid.media.net,request,2.6-202606,openrtb.field.undefined,error,imp[1].transactionId,3.2.4
p002988,dailykos.com,prebid.media.net,request,2.6-202606,openrtb.field.undefined,error,ortb2,3.2.1
p002988,dailykos.com,prebid.media.net,request,2.6-202606,openrtb.field.undefined,error,site.canonical_url,3.2.13
p002988,dailykos.com,prebid.media.net,request,2.6-202606,openrtb.field.undefined,error,site.isTop,3.2.13
p002988,dailykos.com,prebid.media.net,request,2.6-202606,openrtb.field.undefined,error,site.topMostLocation,3.2.13
p002989,elespectador.com,prebid.media.net,request,2.6-202606,openrtb.field.undefined,error,imp[0].all,3.2.4
p002989,elespectador.com,prebid.media.net,request,2.6-202606,openrtb.type.mismatch,error,imp[0].banner,3.2.4
p002989,elespectador.com,prebid.media.net,request,2.6-202606,openrtb.field.undefined,error,imp[0].ortb2Imp,3.2.4
p002989,elespectador.com,prebid.media.net,request,2.6-202606,openrtb.field.undefined,error,imp[0].transactionId,3.2.4
p002989,elespectador.com,prebid.media.net,request,2.6-202606,openrtb.field.undefined,error,ortb2,3.2.1
p002989,elespectador.com,prebid.media.net,request,2.6-202606,openrtb.field.undefined,error,site.canonical_url,3.2.13
p002989,elespectador.com,prebid.media.net,request,2.6-202606,openrtb.field.undefined,error,site.isTop,3.2.13
p002989,elespectador.com,prebid.media.net,request,2.6-202606,openrtb.field.undefined,error,site.topMostLocation,3.2.13
p002990,elespectador.com,prebid.media.net,request,2.6-202606,openrtb.field.undefined,error,imp[0].all,3.2.4
p002990,elespectador.com,prebid.media.net,request,2.6-202606,openrtb.type.mismatch,error,imp[0].banner,3.2.4
p002990,elespectador.com,prebid.media.net,request,2.6-202606,openrtb.field.undefined,error,imp[0].ortb2Imp,3.2.4
p002990,elespectador.com,prebid.media.net,request,2.6-202606,openrtb.field.undefined,error,imp[0].transactionId,3.2.4
p002990,elespectador.com,prebid.media.net,request,2.6-202606,openrtb.field.undefined,error,ortb2,3.2.1
p002990,elespectador.com,prebid.media.net,request,2.6-202606,openrtb.field.undefined,error,site.canonical_url,3.2.13
p002990,elespectador.com,prebid.media.net,request,2.6-202606,openrtb.field.undefined,error,site.isTop,3.2.13
p002990,elespectador.com,prebid.media.net,request,2.6-202606,openrtb.field.undefined,error,site.topMostLocation,3.2.13
p002991,elespectador.com,prebid.media.net,request,2.6-202606,openrtb.field.undefined,error,imp[0].all,3.2.4
p002991,elespectador.com,prebid.media.net,request,2.6-202606,openrtb.type.mismatch,error,imp[0].banner,3.2.4
p002991,elespectador.com,prebid.media.net,request,2.6-202606,openrtb.field.undefined,error,imp[0].ortb2Imp,3.2.4
p002991,elespectador.com,prebid.media.net,request,2.6-202606,openrtb.field.undefined,error,imp[0].transactionId,3.2.4
p002991,elespectador.com,prebid.media.net,request,2.6-202606,openrtb.field.undefined,error,ortb2,3.2.1
p002991,elespectador.com,prebid.media.net,request,2.6-202606,openrtb.field.undefined,error,site.canonical_url,3.2.13
p002991,elespectador.com,prebid.media.net,request,2.6-202606,openrtb.field.undefined,error,site.isTop,3.2.13
p002991,elespectador.com,prebid.media.net,request,2.6-202606,openrtb.field.undefined,error,site.topMostLocation,3.2.13
p002992,elespectador.com,prebid.media.net,request,2.6-202606,openrtb.field.undefined,error,imp[0].all,3.2.4
p002992,elespectador.com,prebid.media.net,request,2.6-202606,openrtb.type.mismatch,error,imp[0].banner,3.2.4
p002992,elespectador.com,prebid.media.net,request,2.6-202606,openrtb.field.undefined,error,imp[0].ortb2Imp,3.2.4
p002992,elespectador.com,prebid.media.net,request,2.6-202606,openrtb.field.undefined,error,imp[0].transactionId,3.2.4
p002992,elespectador.com,prebid.media.net,request,2.6-202606,openrtb.field.undefined,error,ortb2,3.2.1
p002992,elespectador.com,prebid.media.net,request,2.6-202606,openrtb.field.undefined,error,site.canonical_url,3.2.13
p002992,elespectador.com,prebid.media.net,request,2.6-202606,openrtb.field.undefined,error,site.isTop,3.2.13
p002992,elespectador.com,prebid.media.net,request,2.6-202606,openrtb.field.undefined,error,site.topMostLocation,3.2.13
p002993,elespectador.com,prebid.media.net,request,2.6-202606,openrtb.field.undefined,error,imp[0].all,3.2.4
p002993,elespectador.com,prebid.media.net,request,2.6-202606,openrtb.type.mismatch,error,imp[0].banner,3.2.4
p002993,elespectador.com,prebid.media.net,request,2.6-202606,openrtb.field.undefined,error,imp[0].ortb2Imp,3.2.4
p002993,elespectador.com,prebid.media.net,request,2.6-202606,openrtb.field.undefined,error,imp[0].transactionId,3.2.4
p002993,elespectador.com,prebid.media.net,request,2.6-202606,openrtb.field.undefined,error,ortb2,3.2.1
p002993,elespectador.com,prebid.media.net,request,2.6-202606,openrtb.field.undefined,error,site.canonical_url,3.2.13
p002993,elespectador.com,prebid.media.net,request,2.6-202606,openrtb.field.undefined,error,site.isTop,3.2.13
p002993,elespectador.com,prebid.media.net,request,2.6-202606,openrtb.field.undefined,error,site.topMostLocation,3.2.13
p002994,elespectador.com,prebid.media.net,request,2.6-202606,openrtb.field.undefined,error,imp[0].all,3.2.4
p002994,elespectador.com,prebid.media.net,request,2.6-202606,openrtb.type.mismatch,error,imp[0].banner,3.2.4
p002994,elespectador.com,prebid.media.net,request,2.6-202606,openrtb.field.undefined,error,imp[0].ortb2Imp,3.2.4
p002994,elespectador.com,prebid.media.net,request,2.6-202606,openrtb.field.undefined,error,imp[0].transactionId,3.2.4
p002994,elespectador.com,prebid.media.net,request,2.6-202606,openrtb.field.undefined,error,ortb2,3.2.1
p002994,elespectador.com,prebid.media.net,request,2.6-202606,openrtb.field.undefined,error,site.canonical_url,3.2.13
p002994,elespectador.com,prebid.media.net,request,2.6-202606,openrtb.field.undefined,error,site.isTop,3.2.13
p002994,elespectador.com,prebid.media.net,request,2.6-202606,openrtb.field.undefined,error,site.topMostLocation,3.2.13
p002995,elespectador.com,prebid.media.net,request,2.6-202606,openrtb.field.undefined,error,imp[0].all,3.2.4
p002995,elespectador.com,prebid.media.net,request,2.6-202606,openrtb.type.mismatch,error,imp[0].banner,3.2.4
p002995,elespectador.com,prebid.media.net,request,2.6-202606,openrtb.field.undefined,error,imp[0].ortb2Imp,3.2.4
p002995,elespectador.com,prebid.media.net,request,2.6-202606,openrtb.field.undefined,error,imp[0].transactionId,3.2.4
p002995,elespectador.com,prebid.media.net,request,2.6-202606,openrtb.field.undefined,error,ortb2,3.2.1
p002995,elespectador.com,prebid.media.net,request,2.6-202606,openrtb.field.undefined,error,site.canonical_url,3.2.13
p002995,elespectador.com,prebid.media.net,request,2.6-202606,openrtb.field.undefined,error,site.isTop,3.2.13
p002995,elespectador.com,prebid.media.net,request,2.6-202606,openrtb.field.undefined,error,site.topMostLocation,3.2.13
p002996,elespectador.com,prebid.media.net,request,2.6-202606,openrtb.field.undefined,error,imp[0].all,3.2.4
p002996,elespectador.com,prebid.media.net,request,2.6-202606,openrtb.type.mismatch,error,imp[0].banner,3.2.4
p002996,elespectador.com,prebid.media.net,request,2.6-202606,openrtb.field.undefined,error,imp[0].ortb2Imp,3.2.4
p002996,elespectador.com,prebid.media.net,request,2.6-202606,openrtb.field.undefined,error,imp[0].transactionId,3.2.4
p002996,elespectador.com,prebid.media.net,request,2.6-202606,openrtb.field.undefined,error,ortb2,3.2.1
p002996,elespectador.com,prebid.media.net,request,2.6-202606,openrtb.field.undefined,error,site.canonical_url,3.2.13
p002996,elespectador.com,prebid.media.net,request,2.6-202606,openrtb.field.undefined,error,site.isTop,3.2.13
p002996,elespectador.com,prebid.media.net,request,2.6-202606,openrtb.field.undefined,error,site.topMostLocation,3.2.13
p002997,eonline.com,prebid.media.net,request,2.6-202606,openrtb.field.undefined,error,imp[0].all,3.2.4
p002997,eonline.com,prebid.media.net,request,2.6-202606,openrtb.field.undefined,error,imp[0].bidfloors,3.2.4
p002997,eonline.com,prebid.media.net,request,2.6-202606,openrtb.field.undefined,error,imp[0].ortb2Imp,3.2.4
p002997,eonline.com,prebid.media.net,request,2.6-202606,openrtb.field.undefined,error,imp[0].transactionId,3.2.4
p002997,eonline.com,prebid.media.net,request,2.6-202606,openrtb.field.undefined,error,imp[0].video.context,3.2.7
p002997,eonline.com,prebid.media.net,request,2.6-202606,openrtb.field.deprecated,warning,imp[0].video.placement,Section 3.2.7
p002997,eonline.com,prebid.media.net,request,2.6-202606,openrtb.field.undefined,error,imp[0].video.playerSize,3.2.7
p002997,eonline.com,prebid.media.net,request,2.6-202606,openrtb.value.invalid,error,imp[0].video.skip,3.2.7
p002997,eonline.com,prebid.media.net,request,2.6-202606,openrtb.field.undefined,error,ortb2,3.2.1
p002997,eonline.com,prebid.media.net,request,2.6-202606,openrtb.field.undefined,error,site.canonical_url,3.2.13
p002997,eonline.com,prebid.media.net,request,2.6-202606,openrtb.field.undefined,error,site.isTop,3.2.13
p002997,eonline.com,prebid.media.net,request,2.6-202606,openrtb.field.undefined,error,site.og_url,3.2.13
p002997,eonline.com,prebid.media.net,request,2.6-202606,openrtb.field.undefined,error,site.topMostLocation,3.2.13
p002998,eonline.com,prebid.media.net,request,2.6-202606,openrtb.field.undefined,error,imp[0].all,3.2.4
p002998,eonline.com,prebid.media.net,request,2.6-202606,openrtb.field.undefined,error,imp[0].bidfloors,3.2.4
p002998,eonline.com,prebid.media.net,request,2.6-202606,openrtb.field.undefined,error,imp[0].ortb2Imp,3.2.4
p002998,eonline.com,prebid.media.net,request,2.6-202606,openrtb.field.undefined,error,imp[0].transactionId,3.2.4
p002998,eonline.com,prebid.media.net,request,2.6-202606,openrtb.field.undefined,error,imp[0].video.context,3.2.7
p002998,eonline.com,prebid.media.net,request,2.6-202606,openrtb.field.deprecated,warning,imp[0].video.placement,Section 3.2.7
p002998,eonline.com,prebid.media.net,request,2.6-202606,openrtb.field.undefined,error,imp[0].video.playerSize,3.2.7
p002998,eonline.com,prebid.media.net,request,2.6-202606,openrtb.value.invalid,error,imp[0].video.skip,3.2.7
p002998,eonline.com,prebid.media.net,request,2.6-202606,openrtb.field.undefined,error,ortb2,3.2.1
p002998,eonline.com,prebid.media.net,request,2.6-202606,openrtb.field.undefined,error,site.canonical_url,3.2.13
p002998,eonline.com,prebid.media.net,request,2.6-202606,openrtb.field.undefined,error,site.isTop,3.2.13
p002998,eonline.com,prebid.media.net,request,2.6-202606,openrtb.field.undefined,error,site.og_url,3.2.13
p002998,eonline.com,prebid.media.net,request,2.6-202606,openrtb.field.undefined,error,site.topMostLocation,3.2.13
p002999,eonline.com,prebid.media.net,request,2.6-202606,openrtb.field.undefined,error,imp[0].all,3.2.4
p002999,eonline.com,prebid.media.net,request,2.6-202606,openrtb.field.undefined,error,imp[0].bidfloors,3.2.4
p002999,eonline.com,prebid.media.net,request,2.6-202606,openrtb.field.undefined,error,imp[0].ortb2Imp,3.2.4
p002999,eonline.com,prebid.media.net,request,2.6-202606,openrtb.field.undefined,error,imp[0].transactionId,3.2.4
p002999,eonline.com,prebid.media.net,request,2.6-202606,openrtb.field.undefined,error,imp[0].video.context,3.2.7
p002999,eonline.com,prebid.media.net,request,2.6-202606,openrtb.field.deprecated,warning,imp[0].video.placement,Section 3.2.7
p002999,eonline.com,prebid.media.net,request,2.6-202606,openrtb.field.undefined,error,imp[0].video.playerSize,3.2.7
p002999,eonline.com,prebid.media.net,request,2.6-202606,openrtb.value.invalid,error,imp[0].video.skip,3.2.7
p002999,eonline.com,prebid.media.net,request,2.6-202606,openrtb.field.undefined,error,ortb2,3.2.1
p002999,eonline.com,prebid.media.net,request,2.6-202606,openrtb.field.undefined,error,site.canonical_url,3.2.13
p002999,eonline.com,prebid.media.net,request,2.6-202606,openrtb.field.undefined,error,site.isTop,3.2.13
p002999,eonline.com,prebid.media.net,request,2.6-202606,openrtb.field.undefined,error,site.og_url,3.2.13
p002999,eonline.com,prebid.media.net,request,2.6-202606,openrtb.field.undefined,error,site.topMostLocation,3.2.13
p002999,eonline.com,prebid.media.net,request,2.6-202606,openrtb.field.undefined,error,site.twitter_url,3.2.13
p003000,eonline.com,prebid.media.net,request,2.6-202606,openrtb.field.undefined,error,imp[0].all,3.2.4
p003000,eonline.com,prebid.media.net,request,2.6-202606,openrtb.field.undefined,error,imp[0].bidfloors,3.2.4
p003000,eonline.com,prebid.media.net,request,2.6-202606,openrtb.field.undefined,error,imp[0].ortb2Imp,3.2.4
p003000,eonline.com,prebid.media.net,request,2.6-202606,openrtb.field.undefined,error,imp[0].transactionId,3.2.4
p003000,eonline.com,prebid.media.net,request,2.6-202606,openrtb.field.undefined,error,imp[0].video.context,3.2.7
p003000,eonline.com,prebid.media.net,request,2.6-202606,openrtb.field.deprecated,warning,imp[0].video.placement,Section 3.2.7
p003000,eonline.com,prebid.media.net,request,2.6-202606,openrtb.field.undefined,error,imp[0].video.playerSize,3.2.7
p003000,eonline.com,prebid.media.net,request,2.6-202606,openrtb.value.invalid,error,imp[0].video.skip,3.2.7
p003000,eonline.com,prebid.media.net,request,2.6-202606,openrtb.field.undefined,error,ortb2,3.2.1
p003000,eonline.com,prebid.media.net,request,2.6-202606,openrtb.field.undefined,error,site.canonical_url,3.2.13
p003000,eonline.com,prebid.media.net,request,2.6-202606,openrtb.field.undefined,error,site.isTop,3.2.13
p003000,eonline.com,prebid.media.net,request,2.6-202606,openrtb.field.undefined,error,site.og_url,3.2.13
p003000,eonline.com,prebid.media.net,request,2.6-202606,openrtb.field.undefined,error,site.topMostLocation,3.2.13
p003000,eonline.com,prebid.media.net,request,2.6-202606,openrtb.field.undefined,error,site.twitter_url,3.2.13
p003001,eonline.com,prebid.media.net,request,2.6-202606,openrtb.field.undefined,error,imp[0].all,3.2.4
p003001,eonline.com,prebid.media.net,request,2.6-202606,openrtb.field.undefined,error,imp[0].bidfloors,3.2.4
p003001,eonline.com,prebid.media.net,request,2.6-202606,openrtb.field.undefined,error,imp[0].ortb2Imp,3.2.4
p003001,eonline.com,prebid.media.net,request,2.6-202606,openrtb.field.undefined,error,imp[0].transactionId,3.2.4
p003001,eonline.com,prebid.media.net,request,2.6-202606,openrtb.field.undefined,error,imp[0].video.context,3.2.7
p003001,eonline.com,prebid.media.net,request,2.6-202606,openrtb.field.deprecated,warning,imp[0].video.placement,Section 3.2.7
p003001,eonline.com,prebid.media.net,request,2.6-202606,openrtb.field.undefined,error,imp[0].video.playerSize,3.2.7
p003001,eonline.com,prebid.media.net,request,2.6-202606,openrtb.value.invalid,error,imp[0].video.skip,3.2.7
p003001,eonline.com,prebid.media.net,request,2.6-202606,openrtb.field.undefined,error,ortb2,3.2.1
p003001,eonline.com,prebid.media.net,request,2.6-202606,openrtb.field.undefined,error,site.canonical_url,3.2.13
p003001,eonline.com,prebid.media.net,request,2.6-202606,openrtb.field.undefined,error,site.isTop,3.2.13
p003001,eonline.com,prebid.media.net,request,2.6-202606,openrtb.field.undefined,error,site.og_url,3.2.13
p003001,eonline.com,prebid.media.net,request,2.6-202606,openrtb.field.undefined,error,site.topMostLocation,3.2.13
p003001,eonline.com,prebid.media.net,request,2.6-202606,openrtb.field.undefined,error,site.twitter_url,3.2.13
p003002,eonline.com,prebid.media.net,request,2.6-202606,openrtb.field.undefined,error,imp[0].all,3.2.4
p003002,eonline.com,prebid.media.net,request,2.6-202606,openrtb.field.undefined,error,imp[0].bidfloors,3.2.4
p003002,eonline.com,prebid.media.net,request,2.6-202606,openrtb.field.undefined,error,imp[0].ortb2Imp,3.2.4
p003002,eonline.com,prebid.media.net,request,2.6-202606,openrtb.field.undefined,error,imp[0].transactionId,3.2.4
p003002,eonline.com,prebid.media.net,request,2.6-202606,openrtb.field.undefined,error,imp[0].video.context,3.2.7
p003002,eonline.com,prebid.media.net,request,2.6-202606,openrtb.field.deprecated,warning,imp[0].video.placement,Section 3.2.7
p003002,eonline.com,prebid.media.net,request,2.6-202606,openrtb.field.undefined,error,imp[0].video.playerSize,3.2.7
p003002,eonline.com,prebid.media.net,request,2.6-202606,openrtb.value.invalid,error,imp[0].video.skip,3.2.7
p003002,eonline.com,prebid.media.net,request,2.6-202606,openrtb.field.undefined,error,ortb2,3.2.1
p003002,eonline.com,prebid.media.net,request,2.6-202606,openrtb.field.undefined,error,site.canonical_url,3.2.13
p003002,eonline.com,prebid.media.net,request,2.6-202606,openrtb.field.undefined,error,site.isTop,3.2.13
p003002,eonline.com,prebid.media.net,request,2.6-202606,openrtb.field.undefined,error,site.og_url,3.2.13
p003002,eonline.com,prebid.media.net,request,2.6-202606,openrtb.field.undefined,error,site.topMostLocation,3.2.13
p003002,eonline.com,prebid.media.net,request,2.6-202606,openrtb.field.undefined,error,site.twitter_url,3.2.13
p003003,eonline.com,prebid.media.net,request,2.6-202606,openrtb.field.undefined,error,imp[0].all,3.2.4
p003003,eonline.com,prebid.media.net,request,2.6-202606,openrtb.field.undefined,error,imp[0].bidfloors,3.2.4
p003003,eonline.com,prebid.media.net,request,2.6-202606,openrtb.field.undefined,error,imp[0].ortb2Imp,3.2.4
p003003,eonline.com,prebid.media.net,request,2.6-202606,openrtb.field.undefined,error,imp[0].transactionId,3.2.4
p003003,eonline.com,prebid.media.net,request,2.6-202606,openrtb.field.undefined,error,imp[0].video.context,3.2.7
p003003,eonline.com,prebid.media.net,request,2.6-202606,openrtb.field.deprecated,warning,imp[0].video.placement,Section 3.2.7
p003003,eonline.com,prebid.media.net,request,2.6-202606,openrtb.field.undefined,error,imp[0].video.playerSize,3.2.7
p003003,eonline.com,prebid.media.net,request,2.6-202606,openrtb.value.invalid,error,imp[0].video.skip,3.2.7
p003003,eonline.com,prebid.media.net,request,2.6-202606,openrtb.field.undefined,error,ortb2,3.2.1
p003003,eonline.com,prebid.media.net,request,2.6-202606,openrtb.field.undefined,error,site.canonical_url,3.2.13
p003003,eonline.com,prebid.media.net,request,2.6-202606,openrtb.field.undefined,error,site.isTop,3.2.13
p003003,eonline.com,prebid.media.net,request,2.6-202606,openrtb.field.undefined,error,site.og_url,3.2.13
p003003,eonline.com,prebid.media.net,request,2.6-202606,openrtb.field.undefined,error,site.topMostLocation,3.2.13
p003003,eonline.com,prebid.media.net,request,2.6-202606,openrtb.field.undefined,error,site.twitter_url,3.2.13
p003004,eonline.com,prebid.media.net,request,2.6-202606,openrtb.field.undefined,error,imp[0].all,3.2.4
p003004,eonline.com,prebid.media.net,request,2.6-202606,openrtb.field.undefined,error,imp[0].bidfloors,3.2.4
p003004,eonline.com,prebid.media.net,request,2.6-202606,openrtb.field.undefined,error,imp[0].ortb2Imp,3.2.4
p003004,eonline.com,prebid.media.net,request,2.6-202606,openrtb.field.undefined,error,imp[0].transactionId,3.2.4
p003004,eonline.com,prebid.media.net,request,2.6-202606,openrtb.field.undefined,error,imp[0].video.context,3.2.7
p003004,eonline.com,prebid.media.net,request,2.6-202606,openrtb.field.deprecated,warning,imp[0].video.placement,Section 3.2.7
p003004,eonline.com,prebid.media.net,request,2.6-202606,openrtb.field.undefined,error,imp[0].video.playerSize,3.2.7
p003004,eonline.com,prebid.media.net,request,2.6-202606,openrtb.value.invalid,error,imp[0].video.skip,3.2.7
p003004,eonline.com,prebid.media.net,request,2.6-202606,openrtb.field.undefined,error,ortb2,3.2.1
p003004,eonline.com,prebid.media.net,request,2.6-202606,openrtb.field.undefined,error,site.canonical_url,3.2.13
p003004,eonline.com,prebid.media.net,request,2.6-202606,openrtb.field.undefined,error,site.isTop,3.2.13
p003004,eonline.com,prebid.media.net,request,2.6-202606,openrtb.field.undefined,error,site.og_url,3.2.13
p003004,eonline.com,prebid.media.net,request,2.6-202606,openrtb.field.undefined,error,site.topMostLocation,3.2.13
p003004,eonline.com,prebid.media.net,request,2.6-202606,openrtb.field.undefined,error,site.twitter_url,3.2.13
p003005,eonline.com,prebid.media.net,request,2.6-202606,openrtb.field.undefined,error,imp[0].all,3.2.4
p003005,eonline.com,prebid.media.net,request,2.6-202606,openrtb.field.undefined,error,imp[0].bidfloors,3.2.4
p003005,eonline.com,prebid.media.net,request,2.6-202606,openrtb.field.undefined,error,imp[0].ortb2Imp,3.2.4
p003005,eonline.com,prebid.media.net,request,2.6-202606,openrtb.field.undefined,error,imp[0].transactionId,3.2.4
p003005,eonline.com,prebid.media.net,request,2.6-202606,openrtb.field.undefined,error,imp[0].video.context,3.2.7
p003005,eonline.com,prebid.media.net,request,2.6-202606,openrtb.field.deprecated,warning,imp[0].video.placement,Section 3.2.7
p003005,eonline.com,prebid.media.net,request,2.6-202606,openrtb.field.undefined,error,imp[0].video.playerSize,3.2.7
p003005,eonline.com,prebid.media.net,request,2.6-202606,openrtb.value.invalid,error,imp[0].video.skip,3.2.7
p003005,eonline.com,prebid.media.net,request,2.6-202606,openrtb.field.undefined,error,ortb2,3.2.1
p003005,eonline.com,prebid.media.net,request,2.6-202606,openrtb.field.undefined,error,site.canonical_url,3.2.13
p003005,eonline.com,prebid.media.net,request,2.6-202606,openrtb.field.undefined,error,site.isTop,3.2.13
p003005,eonline.com,prebid.media.net,request,2.6-202606,openrtb.field.undefined,error,site.og_url,3.2.13
p003005,eonline.com,prebid.media.net,request,2.6-202606,openrtb.field.undefined,error,site.topMostLocation,3.2.13
p003005,eonline.com,prebid.media.net,request,2.6-202606,openrtb.field.undefined,error,site.twitter_url,3.2.13
p003006,fox11online.com,prebid.media.net,request,2.6-202606,openrtb.field.undefined,error,imp[0].all,3.2.4
p003006,fox11online.com,prebid.media.net,request,2.6-202606,openrtb.field.undefined,error,imp[0].bidfloors,3.2.4
p003006,fox11online.com,prebid.media.net,request,2.6-202606,openrtb.field.undefined,error,imp[0].ortb2Imp,3.2.4
p003006,fox11online.com,prebid.media.net,request,2.6-202606,openrtb.field.undefined,error,imp[0].transactionId,3.2.4
p003006,fox11online.com,prebid.media.net,request,2.6-202606,openrtb.field.undefined,error,imp[0].video.context,3.2.7
p003006,fox11online.com,prebid.media.net,request,2.6-202606,openrtb.field.deprecated,warning,imp[0].video.placement,Section 3.2.7
p003006,fox11online.com,prebid.media.net,request,2.6-202606,openrtb.field.undefined,error,imp[0].video.playerSize,3.2.7
p003006,fox11online.com,prebid.media.net,request,2.6-202606,openrtb.field.undefined,error,ortb2,3.2.1
p003006,fox11online.com,prebid.media.net,request,2.6-202606,openrtb.field.undefined,error,site.canonical_url,3.2.13
p003006,fox11online.com,prebid.media.net,request,2.6-202606,openrtb.field.undefined,error,site.isTop,3.2.13
p003006,fox11online.com,prebid.media.net,request,2.6-202606,openrtb.field.undefined,error,site.topMostLocation,3.2.13
p003007,fox11online.com,prebid.media.net,request,2.6-202606,openrtb.field.undefined,error,imp[0].all,3.2.4
p003007,fox11online.com,prebid.media.net,request,2.6-202606,openrtb.type.mismatch,error,imp[0].banner,3.2.4
p003007,fox11online.com,prebid.media.net,request,2.6-202606,openrtb.field.undefined,error,imp[0].bidfloors,3.2.4
p003007,fox11online.com,prebid.media.net,request,2.6-202606,openrtb.field.undefined,error,imp[0].ortb2Imp,3.2.4
p003007,fox11online.com,prebid.media.net,request,2.6-202606,openrtb.field.undefined,error,imp[0].transactionId,3.2.4
p003007,fox11online.com,prebid.media.net,request,2.6-202606,openrtb.field.undefined,error,imp[1].all,3.2.4
p003007,fox11online.com,prebid.media.net,request,2.6-202606,openrtb.type.mismatch,error,imp[1].banner,3.2.4
p003007,fox11online.com,prebid.media.net,request,2.6-202606,openrtb.field.undefined,error,imp[1].bidfloors,3.2.4
p003007,fox11online.com,prebid.media.net,request,2.6-202606,openrtb.field.undefined,error,imp[1].ortb2Imp,3.2.4
p003007,fox11online.com,prebid.media.net,request,2.6-202606,openrtb.field.undefined,error,imp[1].transactionId,3.2.4
p003007,fox11online.com,prebid.media.net,request,2.6-202606,openrtb.field.undefined,error,imp[2].all,3.2.4
p003007,fox11online.com,prebid.media.net,request,2.6-202606,openrtb.type.mismatch,error,imp[2].banner,3.2.4
p003007,fox11online.com,prebid.media.net,request,2.6-202606,openrtb.field.undefined,error,imp[2].bidfloors,3.2.4
p003007,fox11online.com,prebid.media.net,request,2.6-202606,openrtb.field.undefined,error,imp[2].ortb2Imp,3.2.4
p003007,fox11online.com,prebid.media.net,request,2.6-202606,openrtb.field.undefined,error,imp[2].transactionId,3.2.4
p003007,fox11online.com,prebid.media.net,request,2.6-202606,openrtb.field.undefined,error,imp[3].all,3.2.4
p003007,fox11online.com,prebid.media.net,request,2.6-202606,openrtb.type.mismatch,error,imp[3].banner,3.2.4
p003007,fox11online.com,prebid.media.net,request,2.6-202606,openrtb.field.undefined,error,imp[3].bidfloors,3.2.4
p003007,fox11online.com,prebid.media.net,request,2.6-202606,openrtb.field.undefined,error,imp[3].ortb2Imp,3.2.4
p003007,fox11online.com,prebid.media.net,request,2.6-202606,openrtb.field.undefined,error,imp[3].transactionId,3.2.4
p003007,fox11online.com,prebid.media.net,request,2.6-202606,openrtb.field.undefined,error,imp[4].all,3.2.4
p003007,fox11online.com,prebid.media.net,request,2.6-202606,openrtb.type.mismatch,error,imp[4].banner,3.2.4
p003007,fox11online.com,prebid.media.net,request,2.6-202606,openrtb.field.undefined,error,imp[4].bidfloors,3.2.4
p003007,fox11online.com,prebid.media.net,request,2.6-202606,openrtb.field.undefined,error,imp[4].ortb2Imp,3.2.4
p003007,fox11online.com,prebid.media.net,request,2.6-202606,openrtb.field.undefined,error,imp[4].transactionId,3.2.4
p003007,fox11online.com,prebid.media.net,request,2.6-202606,openrtb.field.undefined,error,imp[5].all,3.2.4
p003007,fox11online.com,prebid.media.net,request,2.6-202606,openrtb.type.mismatch,error,imp[5].banner,3.2.4
p003007,fox11online.com,prebid.media.net,request,2.6-202606,openrtb.field.undefined,error,imp[5].bidfloors,3.2.4
p003007,fox11online.com,prebid.media.net,request,2.6-202606,openrtb.field.undefined,error,imp[5].ortb2Imp,3.2.4
p003007,fox11online.com,prebid.media.net,request,2.6-202606,openrtb.field.undefined,error,imp[5].transactionId,3.2.4
p003007,fox11online.com,prebid.media.net,request,2.6-202606,openrtb.field.undefined,error,imp[6].all,3.2.4
p003007,fox11online.com,prebid.media.net,request,2.6-202606,openrtb.type.mismatch,error,imp[6].banner,3.2.4
p003007,fox11online.com,prebid.media.net,request,2.6-202606,openrtb.field.undefined,error,imp[6].bidfloors,3.2.4
p003007,fox11online.com,prebid.media.net,request,2.6-202606,openrtb.field.undefined,error,imp[6].ortb2Imp,3.2.4
p003007,fox11online.com,prebid.media.net,request,2.6-202606,openrtb.field.undefined,error,imp[6].transactionId,3.2.4
p003007,fox11online.com,prebid.media.net,request,2.6-202606,openrtb.field.undefined,error,imp[7].all,3.2.4
p003007,fox11online.com,prebid.media.net,request,2.6-202606,openrtb.type.mismatch,error,imp[7].banner,3.2.4
p003007,fox11online.com,prebid.media.net,request,2.6-202606,openrtb.field.undefined,error,imp[7].bidfloors,3.2.4
p003007,fox11online.com,prebid.media.net,request,2.6-202606,openrtb.field.undefined,error,imp[7].ortb2Imp,3.2.4
p003007,fox11online.com,prebid.media.net,request,2.6-202606,openrtb.field.undefined,error,imp[7].transactionId,3.2.4
p003007,fox11online.com,prebid.media.net,request,2.6-202606,openrtb.field.undefined,error,ortb2,3.2.1
p003007,fox11online.com,prebid.media.net,request,2.6-202606,openrtb.field.undefined,error,site.canonical_url,3.2.13
p003007,fox11online.com,prebid.media.net,request,2.6-202606,openrtb.field.undefined,error,site.isTop,3.2.13
p003007,fox11online.com,prebid.media.net,request,2.6-202606,openrtb.field.undefined,error,site.topMostLocation,3.2.13
p003008,fox11online.com,prebid.media.net,request,2.6-202606,openrtb.field.undefined,error,imp[0].all,3.2.4
p003008,fox11online.com,prebid.media.net,request,2.6-202606,openrtb.field.undefined,error,imp[0].bidfloors,3.2.4
p003008,fox11online.com,prebid.media.net,request,2.6-202606,openrtb.field.undefined,error,imp[0].ortb2Imp,3.2.4
p003008,fox11online.com,prebid.media.net,request,2.6-202606,openrtb.field.undefined,error,imp[0].transactionId,3.2.4
p003008,fox11online.com,prebid.media.net,request,2.6-202606,openrtb.field.undefined,error,imp[0].video.context,3.2.7
p003008,fox11online.com,prebid.media.net,request,2.6-202606,openrtb.field.deprecated,warning,imp[0].video.placement,Section 3.2.7
p003008,fox11online.com,prebid.media.net,request,2.6-202606,openrtb.field.undefined,error,imp[0].video.playerSize,3.2.7
p003008,fox11online.com,prebid.media.net,request,2.6-202606,openrtb.value.invalid,error,imp[0].video.skip,3.2.7
p003008,fox11online.com,prebid.media.net,request,2.6-202606,openrtb.field.undefined,error,ortb2,3.2.1
p003008,fox11online.com,prebid.media.net,request,2.6-202606,openrtb.field.undefined,error,site.canonical_url,3.2.13
p003008,fox11online.com,prebid.media.net,request,2.6-202606,openrtb.field.undefined,error,site.isTop,3.2.13
p003008,fox11online.com,prebid.media.net,request,2.6-202606,openrtb.field.undefined,error,site.og_url,3.2.13
p003008,fox11online.com,prebid.media.net,request,2.6-202606,openrtb.field.undefined,error,site.topMostLocation,3.2.13
p003009,fox11online.com,prebid.media.net,request,2.6-202606,openrtb.field.undefined,error,imp[0].all,3.2.4
p003009,fox11online.com,prebid.media.net,request,2.6-202606,openrtb.field.undefined,error,imp[0].bidfloors,3.2.4
p003009,fox11online.com,prebid.media.net,request,2.6-202606,openrtb.field.undefined,error,imp[0].ortb2Imp,3.2.4
p003009,fox11online.com,prebid.media.net,request,2.6-202606,openrtb.field.undefined,error,imp[0].transactionId,3.2.4
p003009,fox11online.com,prebid.media.net,request,2.6-202606,openrtb.field.undefined,error,imp[0].video.context,3.2.7
p003009,fox11online.com,prebid.media.net,request,2.6-202606,openrtb.field.deprecated,warning,imp[0].video.placement,Section 3.2.7
p003009,fox11online.com,prebid.media.net,request,2.6-202606,openrtb.field.undefined,error,imp[0].video.playerSize,3.2.7
p003009,fox11online.com,prebid.media.net,request,2.6-202606,openrtb.value.invalid,error,imp[0].video.skip,3.2.7
p003009,fox11online.com,prebid.media.net,request,2.6-202606,openrtb.field.undefined,error,ortb2,3.2.1
p003009,fox11online.com,prebid.media.net,request,2.6-202606,openrtb.field.undefined,error,site.canonical_url,3.2.13
p003009,fox11online.com,prebid.media.net,request,2.6-202606,openrtb.field.undefined,error,site.isTop,3.2.13
p003009,fox11online.com,prebid.media.net,request,2.6-202606,openrtb.field.undefined,error,site.og_url,3.2.13
p003009,fox11online.com,prebid.media.net,request,2.6-202606,openrtb.field.undefined,error,site.topMostLocation,3.2.13
p003010,fox11online.com,prebid.media.net,request,2.6-202606,openrtb.field.undefined,error,imp[0].all,3.2.4
p003010,fox11online.com,prebid.media.net,request,2.6-202606,openrtb.field.undefined,error,imp[0].bidfloors,3.2.4
p003010,fox11online.com,prebid.media.net,request,2.6-202606,openrtb.field.undefined,error,imp[0].ortb2Imp,3.2.4
p003010,fox11online.com,prebid.media.net,request,2.6-202606,openrtb.field.undefined,error,imp[0].transactionId,3.2.4
p003010,fox11online.com,prebid.media.net,request,2.6-202606,openrtb.field.undefined,error,imp[0].video.context,3.2.7
p003010,fox11online.com,prebid.media.net,request,2.6-202606,openrtb.field.deprecated,warning,imp[0].video.placement,Section 3.2.7
p003010,fox11online.com,prebid.media.net,request,2.6-202606,openrtb.field.undefined,error,imp[0].video.playerSize,3.2.7
p003010,fox11online.com,prebid.media.net,request,2.6-202606,openrtb.field.undefined,error,ortb2,3.2.1
p003010,fox11online.com,prebid.media.net,request,2.6-202606,openrtb.field.undefined,error,site.canonical_url,3.2.13
p003010,fox11online.com,prebid.media.net,request,2.6-202606,openrtb.field.undefined,error,site.isTop,3.2.13
p003010,fox11online.com,prebid.media.net,request,2.6-202606,openrtb.field.undefined,error,site.topMostLocation,3.2.13
p003011,fox11online.com,prebid.media.net,request,2.6-202606,openrtb.field.undefined,error,imp[0].all,3.2.4
p003011,fox11online.com,prebid.media.net,request,2.6-202606,openrtb.type.mismatch,error,imp[0].banner,3.2.4
p003011,fox11online.com,prebid.media.net,request,2.6-202606,openrtb.field.undefined,error,imp[0].bidfloors,3.2.4
p003011,fox11online.com,prebid.media.net,request,2.6-202606,openrtb.field.undefined,error,imp[0].ortb2Imp,3.2.4
p003011,fox11online.com,prebid.media.net,request,2.6-202606,openrtb.field.undefined,error,imp[0].transactionId,3.2.4
p003011,fox11online.com,prebid.media.net,request,2.6-202606,openrtb.field.undefined,error,imp[1].all,3.2.4
p003011,fox11online.com,prebid.media.net,request,2.6-202606,openrtb.type.mismatch,error,imp[1].banner,3.2.4
p003011,fox11online.com,prebid.media.net,request,2.6-202606,openrtb.field.undefined,error,imp[1].bidfloors,3.2.4
p003011,fox11online.com,prebid.media.net,request,2.6-202606,openrtb.field.undefined,error,imp[1].ortb2Imp,3.2.4
p003011,fox11online.com,prebid.media.net,request,2.6-202606,openrtb.field.undefined,error,imp[1].transactionId,3.2.4
p003011,fox11online.com,prebid.media.net,request,2.6-202606,openrtb.field.undefined,error,imp[2].all,3.2.4
p003011,fox11online.com,prebid.media.net,request,2.6-202606,openrtb.type.mismatch,error,imp[2].banner,3.2.4
p003011,fox11online.com,prebid.media.net,request,2.6-202606,openrtb.field.undefined,error,imp[2].bidfloors,3.2.4
p003011,fox11online.com,prebid.media.net,request,2.6-202606,openrtb.field.undefined,error,imp[2].ortb2Imp,3.2.4
p003011,fox11online.com,prebid.media.net,request,2.6-202606,openrtb.field.undefined,error,imp[2].transactionId,3.2.4
p003011,fox11online.com,prebid.media.net,request,2.6-202606,openrtb.field.undefined,error,ortb2,3.2.1
p003011,fox11online.com,prebid.media.net,request,2.6-202606,openrtb.field.undefined,error,site.canonical_url,3.2.13
p003011,fox11online.com,prebid.media.net,request,2.6-202606,openrtb.field.undefined,error,site.isTop,3.2.13
p003011,fox11online.com,prebid.media.net,request,2.6-202606,openrtb.field.undefined,error,site.topMostLocation,3.2.13
p003012,fox11online.com,prebid.media.net,request,2.6-202606,openrtb.field.undefined,error,imp[0].all,3.2.4
p003012,fox11online.com,prebid.media.net,request,2.6-202606,openrtb.field.undefined,error,imp[0].bidfloors,3.2.4
p003012,fox11online.com,prebid.media.net,request,2.6-202606,openrtb.field.undefined,error,imp[0].ortb2Imp,3.2.4
p003012,fox11online.com,prebid.media.net,request,2.6-202606,openrtb.field.undefined,error,imp[0].transactionId,3.2.4
p003012,fox11online.com,prebid.media.net,request,2.6-202606,openrtb.field.undefined,error,imp[0].video.context,3.2.7
p003012,fox11online.com,prebid.media.net,request,2.6-202606,openrtb.field.deprecated,warning,imp[0].video.placement,Section 3.2.7
p003012,fox11online.com,prebid.media.net,request,2.6-202606,openrtb.field.undefined,error,imp[0].video.playerSize,3.2.7
p003012,fox11online.com,prebid.media.net,request,2.6-202606,openrtb.value.invalid,error,imp[0].video.skip,3.2.7
p003012,fox11online.com,prebid.media.net,request,2.6-202606,openrtb.field.undefined,error,ortb2,3.2.1
p003012,fox11online.com,prebid.media.net,request,2.6-202606,openrtb.field.undefined,error,site.canonical_url,3.2.13
p003012,fox11online.com,prebid.media.net,request,2.6-202606,openrtb.field.undefined,error,site.isTop,3.2.13
p003012,fox11online.com,prebid.media.net,request,2.6-202606,openrtb.field.undefined,error,site.og_url,3.2.13
p003012,fox11online.com,prebid.media.net,request,2.6-202606,openrtb.field.undefined,error,site.topMostLocation,3.2.13
p003013,fox11online.com,prebid.media.net,request,2.6-202606,openrtb.field.undefined,error,imp[0].all,3.2.4
p003013,fox11online.com,prebid.media.net,request,2.6-202606,openrtb.field.undefined,error,imp[0].bidfloors,3.2.4
p003013,fox11online.com,prebid.media.net,request,2.6-202606,openrtb.field.undefined,error,imp[0].ortb2Imp,3.2.4
p003013,fox11online.com,prebid.media.net,request,2.6-202606,openrtb.field.undefined,error,imp[0].transactionId,3.2.4
p003013,fox11online.com,prebid.media.net,request,2.6-202606,openrtb.field.undefined,error,imp[0].video.context,3.2.7
p003013,fox11online.com,prebid.media.net,request,2.6-202606,openrtb.field.deprecated,warning,imp[0].video.placement,Section 3.2.7
p003013,fox11online.com,prebid.media.net,request,2.6-202606,openrtb.field.undefined,error,imp[0].video.playerSize,3.2.7
p003013,fox11online.com,prebid.media.net,request,2.6-202606,openrtb.value.invalid,error,imp[0].video.skip,3.2.7
p003013,fox11online.com,prebid.media.net,request,2.6-202606,openrtb.field.undefined,error,ortb2,3.2.1
p003013,fox11online.com,prebid.media.net,request,2.6-202606,openrtb.field.undefined,error,site.canonical_url,3.2.13
p003013,fox11online.com,prebid.media.net,request,2.6-202606,openrtb.field.undefined,error,site.isTop,3.2.13
p003013,fox11online.com,prebid.media.net,request,2.6-202606,openrtb.field.undefined,error,site.og_url,3.2.13
p003013,fox11online.com,prebid.media.net,request,2.6-202606,openrtb.field.undefined,error,site.topMostLocation,3.2.13
p003014,futbol-11.com,prebid.media.net,request,2.6-202606,openrtb.type.mismatch,error,id,3.2.1
p003014,futbol-11.com,prebid.media.net,request,2.6-202606,openrtb.field.undefined,error,imp[0].all,3.2.4
p003014,futbol-11.com,prebid.media.net,request,2.6-202606,openrtb.type.mismatch,error,imp[0].banner,3.2.4
p003014,futbol-11.com,prebid.media.net,request,2.6-202606,openrtb.field.undefined,error,imp[0].bidfloors,3.2.4
p003014,futbol-11.com,prebid.media.net,request,2.6-202606,openrtb.field.undefined,error,imp[0].ortb2Imp,3.2.4
p003014,futbol-11.com,prebid.media.net,request,2.6-202606,openrtb.field.undefined,error,ortb2,3.2.1
p003014,futbol-11.com,prebid.media.net,request,2.6-202606,openrtb.field.undefined,error,site.isTop,3.2.13
p003014,futbol-11.com,prebid.media.net,request,2.6-202606,openrtb.field.undefined,error,site.topMostLocation,3.2.13
p003015,moly.hu,prebid.media.net,request,2.6-202606,openrtb.field.undefined,error,imp[0].all,3.2.4
p003015,moly.hu,prebid.media.net,request,2.6-202606,openrtb.type.mismatch,error,imp[0].banner,3.2.4
p003015,moly.hu,prebid.media.net,request,2.6-202606,openrtb.field.undefined,error,imp[0].ortb2Imp,3.2.4
p003015,moly.hu,prebid.media.net,request,2.6-202606,openrtb.field.undefined,error,imp[0].transactionId,3.2.4
p003015,moly.hu,prebid.media.net,request,2.6-202606,openrtb.field.undefined,error,imp[1].all,3.2.4
p003015,moly.hu,prebid.media.net,request,2.6-202606,openrtb.type.mismatch,error,imp[1].banner,3.2.4
p003015,moly.hu,prebid.media.net,request,2.6-202606,openrtb.field.undefined,error,imp[1].ortb2Imp,3.2.4
p003015,moly.hu,prebid.media.net,request,2.6-202606,openrtb.field.undefined,error,imp[1].transactionId,3.2.4
p003015,moly.hu,prebid.media.net,request,2.6-202606,openrtb.field.undefined,error,imp[2].all,3.2.4
p003015,moly.hu,prebid.media.net,request,2.6-202606,openrtb.type.mismatch,error,imp[2].banner,3.2.4
p003015,moly.hu,prebid.media.net,request,2.6-202606,openrtb.field.undefined,error,imp[2].ortb2Imp,3.2.4
p003015,moly.hu,prebid.media.net,request,2.6-202606,openrtb.field.undefined,error,imp[2].transactionId,3.2.4
p003015,moly.hu,prebid.media.net,request,2.6-202606,openrtb.field.undefined,error,ortb2,3.2.1
p003015,moly.hu,prebid.media.net,request,2.6-202606,openrtb.field.undefined,error,site.canonical_url,3.2.13
p003015,moly.hu,prebid.media.net,request,2.6-202606,openrtb.field.undefined,error,site.isTop,3.2.13
p003015,moly.hu,prebid.media.net,request,2.6-202606,openrtb.field.undefined,error,site.topMostLocation,3.2.13
p003016,montgomeryadvertiser.com,prebid.media.net,request,2.6-202606,openrtb.field.undefined,error,imp[0].all,3.2.4
p003016,montgomeryadvertiser.com,prebid.media.net,request,2.6-202606,openrtb.field.undefined,error,imp[0].bidfloors,3.2.4
p003016,montgomeryadvertiser.com,prebid.media.net,request,2.6-202606,openrtb.field.undefined,error,imp[0].ortb2Imp,3.2.4
p003016,montgomeryadvertiser.com,prebid.media.net,request,2.6-202606,openrtb.field.undefined,error,imp[0].transactionId,3.2.4
p003016,montgomeryadvertiser.com,prebid.media.net,request,2.6-202606,openrtb.field.undefined,error,imp[0].video.context,3.2.7
p003016,montgomeryadvertiser.com,prebid.media.net,request,2.6-202606,openrtb.field.deprecated,warning,imp[0].video.placement,Section 3.2.7
p003016,montgomeryadvertiser.com,prebid.media.net,request,2.6-202606,openrtb.field.undefined,error,imp[0].video.playerSize,3.2.7
p003016,montgomeryadvertiser.com,prebid.media.net,request,2.6-202606,openrtb.value.invalid,error,imp[0].video.skip,3.2.7
p003016,montgomeryadvertiser.com,prebid.media.net,request,2.6-202606,openrtb.field.undefined,error,ortb2,3.2.1
p003016,montgomeryadvertiser.com,prebid.media.net,request,2.6-202606,openrtb.field.undefined,error,site.canonical_url,3.2.13
p003016,montgomeryadvertiser.com,prebid.media.net,request,2.6-202606,openrtb.field.undefined,error,site.isTop,3.2.13
p003016,montgomeryadvertiser.com,prebid.media.net,request,2.6-202606,openrtb.field.undefined,error,site.og_url,3.2.13
p003016,montgomeryadvertiser.com,prebid.media.net,request,2.6-202606,openrtb.field.undefined,error,site.topMostLocation,3.2.13
p003017,moly.hu,prebid.media.net,request,2.6-202606,openrtb.field.undefined,error,imp[0].all,3.2.4
p003017,moly.hu,prebid.media.net,request,2.6-202606,openrtb.type.mismatch,error,imp[0].banner,3.2.4
p003017,moly.hu,prebid.media.net,request,2.6-202606,openrtb.field.undefined,error,imp[0].ortb2Imp,3.2.4
p003017,moly.hu,prebid.media.net,request,2.6-202606,openrtb.field.undefined,error,imp[0].transactionId,3.2.4
p003017,moly.hu,prebid.media.net,request,2.6-202606,openrtb.field.undefined,error,imp[1].all,3.2.4
p003017,moly.hu,prebid.media.net,request,2.6-202606,openrtb.type.mismatch,error,imp[1].banner,3.2.4
p003017,moly.hu,prebid.media.net,request,2.6-202606,openrtb.field.undefined,error,imp[1].ortb2Imp,3.2.4
p003017,moly.hu,prebid.media.net,request,2.6-202606,openrtb.field.undefined,error,imp[1].transactionId,3.2.4
p003017,moly.hu,prebid.media.net,request,2.6-202606,openrtb.field.undefined,error,imp[2].all,3.2.4
p003017,moly.hu,prebid.media.net,request,2.6-202606,openrtb.type.mismatch,error,imp[2].banner,3.2.4
p003017,moly.hu,prebid.media.net,request,2.6-202606,openrtb.field.undefined,error,imp[2].ortb2Imp,3.2.4
p003017,moly.hu,prebid.media.net,request,2.6-202606,openrtb.field.undefined,error,imp[2].transactionId,3.2.4
p003017,moly.hu,prebid.media.net,request,2.6-202606,openrtb.field.undefined,error,ortb2,3.2.1
p003017,moly.hu,prebid.media.net,request,2.6-202606,openrtb.field.undefined,error,site.canonical_url,3.2.13
p003017,moly.hu,prebid.media.net,request,2.6-202606,openrtb.field.undefined,error,site.isTop,3.2.13
p003017,moly.hu,prebid.media.net,request,2.6-202606,openrtb.field.undefined,error,site.topMostLocation,3.2.13
p003018,namemc.com,prebid.media.net,request,2.6-202606,openrtb.type.mismatch,error,id,3.2.1
p003018,namemc.com,prebid.media.net,request,2.6-202606,openrtb.field.undefined,error,imp[0].all,3.2.4
p003018,namemc.com,prebid.media.net,request,2.6-202606,openrtb.type.mismatch,error,imp[0].banner,3.2.4
p003018,namemc.com,prebid.media.net,request,2.6-202606,openrtb.field.undefined,error,imp[0].bidfloors,3.2.4
p003018,namemc.com,prebid.media.net,request,2.6-202606,openrtb.field.undefined,error,imp[0].ortb2Imp,3.2.4
p003018,namemc.com,prebid.media.net,request,2.6-202606,openrtb.field.undefined,error,imp[1].all,3.2.4
p003018,namemc.com,prebid.media.net,request,2.6-202606,openrtb.type.mismatch,error,imp[1].banner,3.2.4
p003018,namemc.com,prebid.media.net,request,2.6-202606,openrtb.field.undefined,error,imp[1].bidfloors,3.2.4
p003018,namemc.com,prebid.media.net,request,2.6-202606,openrtb.field.undefined,error,imp[1].ortb2Imp,3.2.4
p003018,namemc.com,prebid.media.net,request,2.6-202606,openrtb.field.undefined,error,imp[2].all,3.2.4
p003018,namemc.com,prebid.media.net,request,2.6-202606,openrtb.type.mismatch,error,imp[2].banner,3.2.4
p003018,namemc.com,prebid.media.net,request,2.6-202606,openrtb.field.undefined,error,imp[2].bidfloors,3.2.4
p003018,namemc.com,prebid.media.net,request,2.6-202606,openrtb.field.undefined,error,imp[2].ortb2Imp,3.2.4
p003018,namemc.com,prebid.media.net,request,2.6-202606,openrtb.field.undefined,error,imp[3].all,3.2.4
p003018,namemc.com,prebid.media.net,request,2.6-202606,openrtb.type.mismatch,error,imp[3].banner,3.2.4
p003018,namemc.com,prebid.media.net,request,2.6-202606,openrtb.field.undefined,error,imp[3].bidfloors,3.2.4
p003018,namemc.com,prebid.media.net,request,2.6-202606,openrtb.field.undefined,error,imp[3].ortb2Imp,3.2.4
p003018,namemc.com,prebid.media.net,request,2.6-202606,openrtb.field.undefined,error,imp[4].all,3.2.4
p003018,namemc.com,prebid.media.net,request,2.6-202606,openrtb.type.mismatch,error,imp[4].banner,3.2.4
p003018,namemc.com,prebid.media.net,request,2.6-202606,openrtb.field.undefined,error,imp[4].bidfloors,3.2.4
p003018,namemc.com,prebid.media.net,request,2.6-202606,openrtb.field.undefined,error,imp[4].ortb2Imp,3.2.4
p003018,namemc.com,prebid.media.net,request,2.6-202606,openrtb.field.undefined,error,imp[5].all,3.2.4
p003018,namemc.com,prebid.media.net,request,2.6-202606,openrtb.type.mismatch,error,imp[5].banner,3.2.4
p003018,namemc.com,prebid.media.net,request,2.6-202606,openrtb.field.undefined,error,imp[5].bidfloors,3.2.4
p003018,namemc.com,prebid.media.net,request,2.6-202606,openrtb.field.undefined,error,imp[5].ortb2Imp,3.2.4
p003018,namemc.com,prebid.media.net,request,2.6-202606,openrtb.field.undefined,error,imp[6].all,3.2.4
p003018,namemc.com,prebid.media.net,request,2.6-202606,openrtb.type.mismatch,error,imp[6].banner,3.2.4
p003018,namemc.com,prebid.media.net,request,2.6-202606,openrtb.field.undefined,error,imp[6].bidfloors,3.2.4
p003018,namemc.com,prebid.media.net,request,2.6-202606,openrtb.field.undefined,error,imp[6].ortb2Imp,3.2.4
p003018,namemc.com,prebid.media.net,request,2.6-202606,openrtb.field.undefined,error,imp[7].all,3.2.4
p003018,namemc.com,prebid.media.net,request,2.6-202606,openrtb.type.mismatch,error,imp[7].banner,3.2.4
p003018,namemc.com,prebid.media.net,request,2.6-202606,openrtb.field.undefined,error,imp[7].bidfloors,3.2.4
p003018,namemc.com,prebid.media.net,request,2.6-202606,openrtb.field.undefined,error,imp[7].ortb2Imp,3.2.4
p003018,namemc.com,prebid.media.net,request,2.6-202606,openrtb.field.undefined,error,ortb2,3.2.1
p003018,namemc.com,prebid.media.net,request,2.6-202606,openrtb.field.undefined,error,site.canonical_url,3.2.13
p003018,namemc.com,prebid.media.net,request,2.6-202606,openrtb.field.undefined,error,site.isTop,3.2.13
p003018,namemc.com,prebid.media.net,request,2.6-202606,openrtb.field.undefined,error,site.topMostLocation,3.2.13
p003019,nationaltoday.com,prebid.media.net,request,2.6-202606,openrtb.field.undefined,error,imp[0].all,3.2.4
p003019,nationaltoday.com,prebid.media.net,request,2.6-202606,openrtb.type.mismatch,error,imp[0].banner,3.2.4
p003019,nationaltoday.com,prebid.media.net,request,2.6-202606,openrtb.field.undefined,error,imp[0].ortb2Imp,3.2.4
p003019,nationaltoday.com,prebid.media.net,request,2.6-202606,openrtb.field.undefined,error,imp[0].transactionId,3.2.4
p003019,nationaltoday.com,prebid.media.net,request,2.6-202606,openrtb.field.undefined,error,imp[1].all,3.2.4
p003019,nationaltoday.com,prebid.media.net,request,2.6-202606,openrtb.type.mismatch,error,imp[1].banner,3.2.4
p003019,nationaltoday.com,prebid.media.net,request,2.6-202606,openrtb.field.undefined,error,imp[1].ortb2Imp,3.2.4
p003019,nationaltoday.com,prebid.media.net,request,2.6-202606,openrtb.field.undefined,error,imp[1].transactionId,3.2.4
p003019,nationaltoday.com,prebid.media.net,request,2.6-202606,openrtb.field.undefined,error,imp[2].all,3.2.4
p003019,nationaltoday.com,prebid.media.net,request,2.6-202606,openrtb.type.mismatch,error,imp[2].banner,3.2.4
p003019,nationaltoday.com,prebid.media.net,request,2.6-202606,openrtb.field.undefined,error,imp[2].ortb2Imp,3.2.4
p003019,nationaltoday.com,prebid.media.net,request,2.6-202606,openrtb.field.undefined,error,imp[2].transactionId,3.2.4
p003019,nationaltoday.com,prebid.media.net,request,2.6-202606,openrtb.field.undefined,error,ortb2,3.2.1
p003019,nationaltoday.com,prebid.media.net,request,2.6-202606,openrtb.field.undefined,error,site.canonical_url,3.2.13
p003019,nationaltoday.com,prebid.media.net,request,2.6-202606,openrtb.field.undefined,error,site.isTop,3.2.13
p003019,nationaltoday.com,prebid.media.net,request,2.6-202606,openrtb.field.undefined,error,site.topMostLocation,3.2.13
p003020,nationaltoday.com,prebid.media.net,request,2.6-202606,openrtb.field.undefined,error,imp[0].all,3.2.4
p003020,nationaltoday.com,prebid.media.net,request,2.6-202606,openrtb.type.mismatch,error,imp[0].banner,3.2.4
p003020,nationaltoday.com,prebid.media.net,request,2.6-202606,openrtb.field.undefined,error,imp[0].ortb2Imp,3.2.4
p003020,nationaltoday.com,prebid.media.net,request,2.6-202606,openrtb.field.undefined,error,imp[0].transactionId,3.2.4
p003020,nationaltoday.com,prebid.media.net,request,2.6-202606,openrtb.field.undefined,error,ortb2,3.2.1
p003020,nationaltoday.com,prebid.media.net,request,2.6-202606,openrtb.field.undefined,error,site.canonical_url,3.2.13
p003020,nationaltoday.com,prebid.media.net,request,2.6-202606,openrtb.field.undefined,error,site.isTop,3.2.13
p003020,nationaltoday.com,prebid.media.net,request,2.6-202606,openrtb.field.undefined,error,site.topMostLocation,3.2.13
p003021,nationaltoday.com,prebid.media.net,request,2.6-202606,openrtb.field.undefined,error,imp[0].all,3.2.4
p003021,nationaltoday.com,prebid.media.net,request,2.6-202606,openrtb.type.mismatch,error,imp[0].banner,3.2.4
p003021,nationaltoday.com,prebid.media.net,request,2.6-202606,openrtb.field.undefined,error,imp[0].ortb2Imp,3.2.4
p003021,nationaltoday.com,prebid.media.net,request,2.6-202606,openrtb.field.undefined,error,imp[0].transactionId,3.2.4
p003021,nationaltoday.com,prebid.media.net,request,2.6-202606,openrtb.field.undefined,error,imp[1].all,3.2.4
p003021,nationaltoday.com,prebid.media.net,request,2.6-202606,openrtb.type.mismatch,error,imp[1].banner,3.2.4
p003021,nationaltoday.com,prebid.media.net,request,2.6-202606,openrtb.field.undefined,error,imp[1].ortb2Imp,3.2.4
p003021,nationaltoday.com,prebid.media.net,request,2.6-202606,openrtb.field.undefined,error,imp[1].transactionId,3.2.4
p003021,nationaltoday.com,prebid.media.net,request,2.6-202606,openrtb.field.undefined,error,imp[2].all,3.2.4
p003021,nationaltoday.com,prebid.media.net,request,2.6-202606,openrtb.type.mismatch,error,imp[2].banner,3.2.4
p003021,nationaltoday.com,prebid.media.net,request,2.6-202606,openrtb.field.undefined,error,imp[2].ortb2Imp,3.2.4
p003021,nationaltoday.com,prebid.media.net,request,2.6-202606,openrtb.field.undefined,error,imp[2].transactionId,3.2.4
p003021,nationaltoday.com,prebid.media.net,request,2.6-202606,openrtb.field.undefined,error,imp[3].all,3.2.4
p003021,nationaltoday.com,prebid.media.net,request,2.6-202606,openrtb.type.mismatch,error,imp[3].banner,3.2.4
p003021,nationaltoday.com,prebid.media.net,request,2.6-202606,openrtb.field.undefined,error,imp[3].ortb2Imp,3.2.4
p003021,nationaltoday.com,prebid.media.net,request,2.6-202606,openrtb.field.undefined,error,imp[3].transactionId,3.2.4
p003021,nationaltoday.com,prebid.media.net,request,2.6-202606,openrtb.field.undefined,error,ortb2,3.2.1
p003021,nationaltoday.com,prebid.media.net,request,2.6-202606,openrtb.field.undefined,error,site.canonical_url,3.2.13
p003021,nationaltoday.com,prebid.media.net,request,2.6-202606,openrtb.field.undefined,error,site.isTop,3.2.13
p003021,nationaltoday.com,prebid.media.net,request,2.6-202606,openrtb.field.undefined,error,site.topMostLocation,3.2.13
p003022,nesn.com,prebid.media.net,request,2.6-202606,openrtb.field.undefined,error,imp[0].all,3.2.4
p003022,nesn.com,prebid.media.net,request,2.6-202606,openrtb.type.mismatch,error,imp[0].banner,3.2.4
p003022,nesn.com,prebid.media.net,request,2.6-202606,openrtb.field.undefined,error,imp[0].ortb2Imp,3.2.4
p003022,nesn.com,prebid.media.net,request,2.6-202606,openrtb.field.undefined,error,imp[0].transactionId,3.2.4
p003022,nesn.com,prebid.media.net,request,2.6-202606,openrtb.field.undefined,error,ortb2,3.2.1
p003022,nesn.com,prebid.media.net,request,2.6-202606,openrtb.field.undefined,error,site.canonical_url,3.2.13
p003022,nesn.com,prebid.media.net,request,2.6-202606,openrtb.field.undefined,error,site.isTop,3.2.13
p003022,nesn.com,prebid.media.net,request,2.6-202606,openrtb.field.undefined,error,site.og_url,3.2.13
p003022,nesn.com,prebid.media.net,request,2.6-202606,openrtb.field.undefined,error,site.topMostLocation,3.2.13
p003022,nesn.com,prebid.media.net,request,2.6-202606,openrtb.field.undefined,error,site.twitter_url,3.2.13
p003023,nesn.com,prebid.media.net,request,2.6-202606,openrtb.field.undefined,error,imp[0].all,3.2.4
p003023,nesn.com,prebid.media.net,request,2.6-202606,openrtb.type.mismatch,error,imp[0].banner,3.2.4
p003023,nesn.com,prebid.media.net,request,2.6-202606,openrtb.field.undefined,error,imp[0].ortb2Imp,3.2.4
p003023,nesn.com,prebid.media.net,request,2.6-202606,openrtb.field.undefined,error,imp[0].transactionId,3.2.4
p003023,nesn.com,prebid.media.net,request,2.6-202606,openrtb.field.undefined,error,ortb2,3.2.1
p003023,nesn.com,prebid.media.net,request,2.6-202606,openrtb.field.undefined,error,site.canonical_url,3.2.13
p003023,nesn.com,prebid.media.net,request,2.6-202606,openrtb.field.undefined,error,site.isTop,3.2.13
p003023,nesn.com,prebid.media.net,request,2.6-202606,openrtb.field.undefined,error,site.og_url,3.2.13
p003023,nesn.com,prebid.media.net,request,2.6-202606,openrtb.field.undefined,error,site.topMostLocation,3.2.13
p003023,nesn.com,prebid.media.net,request,2.6-202606,openrtb.field.undefined,error,site.twitter_url,3.2.13
p003024,nesn.com,prebid.media.net,request,2.6-202606,openrtb.field.undefined,error,imp[0].all,3.2.4
p003024,nesn.com,prebid.media.net,request,2.6-202606,openrtb.type.mismatch,error,imp[0].banner,3.2.4
p003024,nesn.com,prebid.media.net,request,2.6-202606,openrtb.field.undefined,error,imp[0].ortb2Imp,3.2.4
p003024,nesn.com,prebid.media.net,request,2.6-202606,openrtb.field.undefined,error,imp[0].transactionId,3.2.4
p003024,nesn.com,prebid.media.net,request,2.6-202606,openrtb.field.undefined,error,imp[1].all,3.2.4
p003024,nesn.com,prebid.media.net,request,2.6-202606,openrtb.type.mismatch,error,imp[1].banner,3.2.4
p003024,nesn.com,prebid.media.net,request,2.6-202606,openrtb.field.undefined,error,imp[1].ortb2Imp,3.2.4
p003024,nesn.com,prebid.media.net,request,2.6-202606,openrtb.field.undefined,error,imp[1].transactionId,3.2.4
p003024,nesn.com,prebid.media.net,request,2.6-202606,openrtb.field.undefined,error,imp[2].all,3.2.4
p003024,nesn.com,prebid.media.net,request,2.6-202606,openrtb.type.mismatch,error,imp[2].banner,3.2.4
p003024,nesn.com,prebid.media.net,request,2.6-202606,openrtb.field.undefined,error,imp[2].ortb2Imp,3.2.4
p003024,nesn.com,prebid.media.net,request,2.6-202606,openrtb.field.undefined,error,imp[2].transactionId,3.2.4
p003024,nesn.com,prebid.media.net,request,2.6-202606,openrtb.field.undefined,error,ortb2,3.2.1
p003024,nesn.com,prebid.media.net,request,2.6-202606,openrtb.field.undefined,error,site.canonical_url,3.2.13
p003024,nesn.com,prebid.media.net,request,2.6-202606,openrtb.field.undefined,error,site.isTop,3.2.13
p003024,nesn.com,prebid.media.net,request,2.6-202606,openrtb.field.undefined,error,site.og_url,3.2.13
p003024,nesn.com,prebid.media.net,request,2.6-202606,openrtb.field.undefined,error,site.topMostLocation,3.2.13
p003024,nesn.com,prebid.media.net,request,2.6-202606,openrtb.field.undefined,error,site.twitter_url,3.2.13
p003025,nesn.com,prebid.media.net,request,2.6-202606,openrtb.field.undefined,error,imp[0].all,3.2.4
p003025,nesn.com,prebid.media.net,request,2.6-202606,openrtb.field.undefined,error,imp[0].bidfloors,3.2.4
p003025,nesn.com,prebid.media.net,request,2.6-202606,openrtb.field.undefined,error,imp[0].ortb2Imp,3.2.4
p003025,nesn.com,prebid.media.net,request,2.6-202606,openrtb.field.undefined,error,imp[0].transactionId,3.2.4
p003025,nesn.com,prebid.media.net,request,2.6-202606,openrtb.field.undefined,error,imp[0].video.context,3.2.7
p003025,nesn.com,prebid.media.net,request,2.6-202606,openrtb.field.deprecated,warning,imp[0].video.placement,Section 3.2.7
p003025,nesn.com,prebid.media.net,request,2.6-202606,openrtb.field.undefined,error,imp[0].video.playerSize,3.2.7
p003025,nesn.com,prebid.media.net,request,2.6-202606,openrtb.field.undefined,error,imp[1].all,3.2.4
p003025,nesn.com,prebid.media.net,request,2.6-202606,openrtb.field.undefined,error,imp[1].bidfloors,3.2.4
p003025,nesn.com,prebid.media.net,request,2.6-202606,openrtb.field.undefined,error,imp[1].ortb2Imp,3.2.4
p003025,nesn.com,prebid.media.net,request,2.6-202606,openrtb.field.undefined,error,imp[1].transactionId,3.2.4
p003025,nesn.com,prebid.media.net,request,2.6-202606,openrtb.field.undefined,error,imp[1].video.context,3.2.7
p003025,nesn.com,prebid.media.net,request,2.6-202606,openrtb.field.deprecated,warning,imp[1].video.placement,Section 3.2.7
p003025,nesn.com,prebid.media.net,request,2.6-202606,openrtb.field.undefined,error,imp[1].video.playerSize,3.2.7
p003025,nesn.com,prebid.media.net,request,2.6-202606,openrtb.field.undefined,error,imp[2].all,3.2.4
p003025,nesn.com,prebid.media.net,request,2.6-202606,openrtb.field.undefined,error,imp[2].bidfloors,3.2.4
p003025,nesn.com,prebid.media.net,request,2.6-202606,openrtb.field.undefined,error,imp[2].ortb2Imp,3.2.4
p003025,nesn.com,prebid.media.net,request,2.6-202606,openrtb.field.undefined,error,imp[2].transactionId,3.2.4
p003025,nesn.com,prebid.media.net,request,2.6-202606,openrtb.field.undefined,error,imp[2].video.context,3.2.7
p003025,nesn.com,prebid.media.net,request,2.6-202606,openrtb.field.deprecated,warning,imp[2].video.placement,Section 3.2.7
p003025,nesn.com,prebid.media.net,request,2.6-202606,openrtb.field.undefined,error,imp[2].video.playerSize,3.2.7
p003025,nesn.com,prebid.media.net,request,2.6-202606,openrtb.field.undefined,error,ortb2,3.2.1
p003025,nesn.com,prebid.media.net,request,2.6-202606,openrtb.field.undefined,error,site.canonical_url,3.2.13
p003025,nesn.com,prebid.media.net,request,2.6-202606,openrtb.field.undefined,error,site.isTop,3.2.13
p003025,nesn.com,prebid.media.net,request,2.6-202606,openrtb.field.undefined,error,site.topMostLocation,3.2.13
p003026,nesn.com,prebid.media.net,request,2.6-202606,openrtb.field.undefined,error,imp[0].all,3.2.4
p003026,nesn.com,prebid.media.net,request,2.6-202606,openrtb.field.undefined,error,imp[0].bidfloors,3.2.4
p003026,nesn.com,prebid.media.net,request,2.6-202606,openrtb.field.undefined,error,imp[0].ortb2Imp,3.2.4
p003026,nesn.com,prebid.media.net,request,2.6-202606,openrtb.field.undefined,error,imp[0].transactionId,3.2.4
p003026,nesn.com,prebid.media.net,request,2.6-202606,openrtb.field.undefined,error,imp[0].video.context,3.2.7
p003026,nesn.com,prebid.media.net,request,2.6-202606,openrtb.field.deprecated,warning,imp[0].video.placement,Section 3.2.7
p003026,nesn.com,prebid.media.net,request,2.6-202606,openrtb.field.undefined,error,imp[0].video.playerSize,3.2.7
p003026,nesn.com,prebid.media.net,request,2.6-202606,openrtb.field.undefined,error,imp[1].all,3.2.4
p003026,nesn.com,prebid.media.net,request,2.6-202606,openrtb.field.undefined,error,imp[1].bidfloors,3.2.4
p003026,nesn.com,prebid.media.net,request,2.6-202606,openrtb.field.undefined,error,imp[1].ortb2Imp,3.2.4
p003026,nesn.com,prebid.media.net,request,2.6-202606,openrtb.field.undefined,error,imp[1].transactionId,3.2.4
p003026,nesn.com,prebid.media.net,request,2.6-202606,openrtb.field.undefined,error,imp[1].video.context,3.2.7
p003026,nesn.com,prebid.media.net,request,2.6-202606,openrtb.field.deprecated,warning,imp[1].video.placement,Section 3.2.7
p003026,nesn.com,prebid.media.net,request,2.6-202606,openrtb.field.undefined,error,imp[1].video.playerSize,3.2.7
p003026,nesn.com,prebid.media.net,request,2.6-202606,openrtb.field.undefined,error,imp[2].all,3.2.4
p003026,nesn.com,prebid.media.net,request,2.6-202606,openrtb.field.undefined,error,imp[2].bidfloors,3.2.4
p003026,nesn.com,prebid.media.net,request,2.6-202606,openrtb.field.undefined,error,imp[2].ortb2Imp,3.2.4
p003026,nesn.com,prebid.media.net,request,2.6-202606,openrtb.field.undefined,error,imp[2].transactionId,3.2.4
p003026,nesn.com,prebid.media.net,request,2.6-202606,openrtb.field.undefined,error,imp[2].video.context,3.2.7
p003026,nesn.com,prebid.media.net,request,2.6-202606,openrtb.field.deprecated,warning,imp[2].video.placement,Section 3.2.7
p003026,nesn.com,prebid.media.net,request,2.6-202606,openrtb.field.undefined,error,imp[2].video.playerSize,3.2.7
p003026,nesn.com,prebid.media.net,request,2.6-202606,openrtb.field.undefined,error,imp[3].all,3.2.4
p003026,nesn.com,prebid.media.net,request,2.6-202606,openrtb.field.undefined,error,imp[3].bidfloors,3.2.4
p003026,nesn.com,prebid.media.net,request,2.6-202606,openrtb.field.undefined,error,imp[3].ortb2Imp,3.2.4
p003026,nesn.com,prebid.media.net,request,2.6-202606,openrtb.field.undefined,error,imp[3].transactionId,3.2.4
p003026,nesn.com,prebid.media.net,request,2.6-202606,openrtb.field.undefined,error,imp[3].video.context,3.2.7
p003026,nesn.com,prebid.media.net,request,2.6-202606,openrtb.field.deprecated,warning,imp[3].video.placement,Section 3.2.7
p003026,nesn.com,prebid.media.net,request,2.6-202606,openrtb.field.undefined,error,imp[3].video.playerSize,3.2.7
p003026,nesn.com,prebid.media.net,request,2.6-202606,openrtb.field.undefined,error,imp[4].all,3.2.4
p003026,nesn.com,prebid.media.net,request,2.6-202606,openrtb.field.undefined,error,imp[4].bidfloors,3.2.4
p003026,nesn.com,prebid.media.net,request,2.6-202606,openrtb.field.undefined,error,imp[4].ortb2Imp,3.2.4
p003026,nesn.com,prebid.media.net,request,2.6-202606,openrtb.field.undefined,error,imp[4].transactionId,3.2.4
p003026,nesn.com,prebid.media.net,request,2.6-202606,openrtb.field.undefined,error,imp[4].video.context,3.2.7
p003026,nesn.com,prebid.media.net,request,2.6-202606,openrtb.field.deprecated,warning,imp[4].video.placement,Section 3.2.7
p003026,nesn.com,prebid.media.net,request,2.6-202606,openrtb.field.undefined,error,imp[4].video.playerSize,3.2.7
p003026,nesn.com,prebid.media.net,request,2.6-202606,openrtb.field.undefined,error,imp[5].all,3.2.4
p003026,nesn.com,prebid.media.net,request,2.6-202606,openrtb.field.undefined,error,imp[5].bidfloors,3.2.4
p003026,nesn.com,prebid.media.net,request,2.6-202606,openrtb.field.undefined,error,imp[5].ortb2Imp,3.2.4
p003026,nesn.com,prebid.media.net,request,2.6-202606,openrtb.field.undefined,error,imp[5].transactionId,3.2.4
p003026,nesn.com,prebid.media.net,request,2.6-202606,openrtb.field.undefined,error,imp[5].video.context,3.2.7
p003026,nesn.com,prebid.media.net,request,2.6-202606,openrtb.field.deprecated,warning,imp[5].video.placement,Section 3.2.7
p003026,nesn.com,prebid.media.net,request,2.6-202606,openrtb.field.undefined,error,imp[5].video.playerSize,3.2.7
p003026,nesn.com,prebid.media.net,request,2.6-202606,openrtb.field.undefined,error,imp[6].all,3.2.4
p003026,nesn.com,prebid.media.net,request,2.6-202606,openrtb.field.undefined,error,imp[6].bidfloors,3.2.4
p003026,nesn.com,prebid.media.net,request,2.6-202606,openrtb.field.undefined,error,imp[6].ortb2Imp,3.2.4
p003026,nesn.com,prebid.media.net,request,2.6-202606,openrtb.field.undefined,error,imp[6].transactionId,3.2.4
p003026,nesn.com,prebid.media.net,request,2.6-202606,openrtb.field.undefined,error,imp[6].video.context,3.2.7
p003026,nesn.com,prebid.media.net,request,2.6-202606,openrtb.field.deprecated,warning,imp[6].video.placement,Section 3.2.7
p003026,nesn.com,prebid.media.net,request,2.6-202606,openrtb.field.undefined,error,imp[6].video.playerSize,3.2.7
p003026,nesn.com,prebid.media.net,request,2.6-202606,openrtb.field.undefined,error,imp[7].all,3.2.4
p003026,nesn.com,prebid.media.net,request,2.6-202606,openrtb.field.undefined,error,imp[7].bidfloors,3.2.4
p003026,nesn.com,prebid.media.net,request,2.6-202606,openrtb.field.undefined,error,imp[7].ortb2Imp,3.2.4
p003026,nesn.com,prebid.media.net,request,2.6-202606,openrtb.field.undefined,error,imp[7].transactionId,3.2.4
p003026,nesn.com,prebid.media.net,request,2.6-202606,openrtb.field.undefined,error,imp[7].video.context,3.2.7
p003026,nesn.com,prebid.media.net,request,2.6-202606,openrtb.field.deprecated,warning,imp[7].video.placement,Section 3.2.7
p003026,nesn.com,prebid.media.net,request,2.6-202606,openrtb.field.undefined,error,imp[7].video.playerSize,3.2.7
p003026,nesn.com,prebid.media.net,request,2.6-202606,openrtb.field.undefined,error,imp[8].all,3.2.4
p003026,nesn.com,prebid.media.net,request,2.6-202606,openrtb.field.undefined,error,imp[8].bidfloors,3.2.4
p003026,nesn.com,prebid.media.net,request,2.6-202606,openrtb.field.undefined,error,imp[8].ortb2Imp,3.2.4
p003026,nesn.com,prebid.media.net,request,2.6-202606,openrtb.field.undefined,error,imp[8].transactionId,3.2.4
p003026,nesn.com,prebid.media.net,request,2.6-202606,openrtb.field.undefined,error,imp[8].video.context,3.2.7
p003026,nesn.com,prebid.media.net,request,2.6-202606,openrtb.field.deprecated,warning,imp[8].video.placement,Section 3.2.7
p003026,nesn.com,prebid.media.net,request,2.6-202606,openrtb.field.undefined,error,imp[8].video.playerSize,3.2.7
p003026,nesn.com,prebid.media.net,request,2.6-202606,openrtb.field.undefined,error,imp[9].all,3.2.4
p003026,nesn.com,prebid.media.net,request,2.6-202606,openrtb.field.undefined,error,imp[9].bidfloors,3.2.4
p003026,nesn.com,prebid.media.net,request,2.6-202606,openrtb.field.undefined,error,imp[9].ortb2Imp,3.2.4
p003026,nesn.com,prebid.media.net,request,2.6-202606,openrtb.field.undefined,error,imp[9].transactionId,3.2.4
p003026,nesn.com,prebid.media.net,request,2.6-202606,openrtb.field.undefined,error,imp[9].video.context,3.2.7
p003026,nesn.com,prebid.media.net,request,2.6-202606,openrtb.field.deprecated,warning,imp[9].video.placement,Section 3.2.7
p003026,nesn.com,prebid.media.net,request,2.6-202606,openrtb.field.undefined,error,imp[9].video.playerSize,3.2.7
p003026,nesn.com,prebid.media.net,request,2.6-202606,openrtb.field.undefined,error,ortb2,3.2.1
p003026,nesn.com,prebid.media.net,request,2.6-202606,openrtb.field.undefined,error,site.canonical_url,3.2.13
p003026,nesn.com,prebid.media.net,request,2.6-202606,openrtb.field.undefined,error,site.isTop,3.2.13
p003026,nesn.com,prebid.media.net,request,2.6-202606,openrtb.field.undefined,error,site.topMostLocation,3.2.13
p003027,nesn.com,prebid.media.net,request,2.6-202606,openrtb.field.undefined,error,imp[0].all,3.2.4
p003027,nesn.com,prebid.media.net,request,2.6-202606,openrtb.field.undefined,error,imp[0].bidfloors,3.2.4
p003027,nesn.com,prebid.media.net,request,2.6-202606,openrtb.field.undefined,error,imp[0].ortb2Imp,3.2.4
p003027,nesn.com,prebid.media.net,request,2.6-202606,openrtb.field.undefined,error,imp[0].transactionId,3.2.4
p003027,nesn.com,prebid.media.net,request,2.6-202606,openrtb.field.undefined,error,imp[0].video.context,3.2.7
p003027,nesn.com,prebid.media.net,request,2.6-202606,openrtb.field.deprecated,warning,imp[0].video.placement,Section 3.2.7
p003027,nesn.com,prebid.media.net,request,2.6-202606,openrtb.field.undefined,error,imp[0].video.playerSize,3.2.7
p003027,nesn.com,prebid.media.net,request,2.6-202606,openrtb.field.undefined,error,imp[1].all,3.2.4
p003027,nesn.com,prebid.media.net,request,2.6-202606,openrtb.field.undefined,error,imp[1].bidfloors,3.2.4
p003027,nesn.com,prebid.media.net,request,2.6-202606,openrtb.field.undefined,error,imp[1].ortb2Imp,3.2.4
p003027,nesn.com,prebid.media.net,request,2.6-202606,openrtb.field.undefined,error,imp[1].transactionId,3.2.4
p003027,nesn.com,prebid.media.net,request,2.6-202606,openrtb.field.undefined,error,imp[1].video.context,3.2.7
p003027,nesn.com,prebid.media.net,request,2.6-202606,openrtb.field.deprecated,warning,imp[1].video.placement,Section 3.2.7
p003027,nesn.com,prebid.media.net,request,2.6-202606,openrtb.field.undefined,error,imp[1].video.playerSize,3.2.7
p003027,nesn.com,prebid.media.net,request,2.6-202606,openrtb.field.undefined,error,imp[2].all,3.2.4
p003027,nesn.com,prebid.media.net,request,2.6-202606,openrtb.field.undefined,error,imp[2].bidfloors,3.2.4
p003027,nesn.com,prebid.media.net,request,2.6-202606,openrtb.field.undefined,error,imp[2].ortb2Imp,3.2.4
p003027,nesn.com,prebid.media.net,request,2.6-202606,openrtb.field.undefined,error,imp[2].transactionId,3.2.4
p003027,nesn.com,prebid.media.net,request,2.6-202606,openrtb.field.undefined,error,imp[2].video.context,3.2.7
p003027,nesn.com,prebid.media.net,request,2.6-202606,openrtb.field.deprecated,warning,imp[2].video.placement,Section 3.2.7
p003027,nesn.com,prebid.media.net,request,2.6-202606,openrtb.field.undefined,error,imp[2].video.playerSize,3.2.7
p003027,nesn.com,prebid.media.net,request,2.6-202606,openrtb.field.undefined,error,imp[3].all,3.2.4
p003027,nesn.com,prebid.media.net,request,2.6-202606,openrtb.field.undefined,error,imp[3].bidfloors,3.2.4
p003027,nesn.com,prebid.media.net,request,2.6-202606,openrtb.field.undefined,error,imp[3].ortb2Imp,3.2.4
p003027,nesn.com,prebid.media.net,request,2.6-202606,openrtb.field.undefined,error,imp[3].transactionId,3.2.4
p003027,nesn.com,prebid.media.net,request,2.6-202606,openrtb.field.undefined,error,imp[3].video.context,3.2.7
p003027,nesn.com,prebid.media.net,request,2.6-202606,openrtb.field.deprecated,warning,imp[3].video.placement,Section 3.2.7
p003027,nesn.com,prebid.media.net,request,2.6-202606,openrtb.field.undefined,error,imp[3].video.playerSize,3.2.7
p003027,nesn.com,prebid.media.net,request,2.6-202606,openrtb.field.undefined,error,imp[4].all,3.2.4
p003027,nesn.com,prebid.media.net,request,2.6-202606,openrtb.field.undefined,error,imp[4].bidfloors,3.2.4
p003027,nesn.com,prebid.media.net,request,2.6-202606,openrtb.field.undefined,error,imp[4].ortb2Imp,3.2.4
p003027,nesn.com,prebid.media.net,request,2.6-202606,openrtb.field.undefined,error,imp[4].transactionId,3.2.4
p003027,nesn.com,prebid.media.net,request,2.6-202606,openrtb.field.undefined,error,imp[4].video.context,3.2.7
p003027,nesn.com,prebid.media.net,request,2.6-202606,openrtb.field.deprecated,warning,imp[4].video.placement,Section 3.2.7
p003027,nesn.com,prebid.media.net,request,2.6-202606,openrtb.field.undefined,error,imp[4].video.playerSize,3.2.7
p003027,nesn.com,prebid.media.net,request,2.6-202606,openrtb.field.undefined,error,imp[5].all,3.2.4
p003027,nesn.com,prebid.media.net,request,2.6-202606,openrtb.field.undefined,error,imp[5].bidfloors,3.2.4
p003027,nesn.com,prebid.media.net,request,2.6-202606,openrtb.field.undefined,error,imp[5].ortb2Imp,3.2.4
p003027,nesn.com,prebid.media.net,request,2.6-202606,openrtb.field.undefined,error,imp[5].transactionId,3.2.4
p003027,nesn.com,prebid.media.net,request,2.6-202606,openrtb.field.undefined,error,imp[5].video.context,3.2.7
p003027,nesn.com,prebid.media.net,request,2.6-202606,openrtb.field.deprecated,warning,imp[5].video.placement,Section 3.2.7
p003027,nesn.com,prebid.media.net,request,2.6-202606,openrtb.field.undefined,error,imp[5].video.playerSize,3.2.7
p003027,nesn.com,prebid.media.net,request,2.6-202606,openrtb.field.undefined,error,imp[6].all,3.2.4
p003027,nesn.com,prebid.media.net,request,2.6-202606,openrtb.field.undefined,error,imp[6].bidfloors,3.2.4
p003027,nesn.com,prebid.media.net,request,2.6-202606,openrtb.field.undefined,error,imp[6].ortb2Imp,3.2.4
p003027,nesn.com,prebid.media.net,request,2.6-202606,openrtb.field.undefined,error,imp[6].transactionId,3.2.4
p003027,nesn.com,prebid.media.net,request,2.6-202606,openrtb.field.undefined,error,imp[6].video.context,3.2.7
p003027,nesn.com,prebid.media.net,request,2.6-202606,openrtb.field.deprecated,warning,imp[6].video.placement,Section 3.2.7
p003027,nesn.com,prebid.media.net,request,2.6-202606,openrtb.field.undefined,error,imp[6].video.playerSize,3.2.7
p003027,nesn.com,prebid.media.net,request,2.6-202606,openrtb.field.undefined,error,imp[7].all,3.2.4
p003027,nesn.com,prebid.media.net,request,2.6-202606,openrtb.field.undefined,error,imp[7].bidfloors,3.2.4
p003027,nesn.com,prebid.media.net,request,2.6-202606,openrtb.field.undefined,error,imp[7].ortb2Imp,3.2.4
p003027,nesn.com,prebid.media.net,request,2.6-202606,openrtb.field.undefined,error,imp[7].transactionId,3.2.4
p003027,nesn.com,prebid.media.net,request,2.6-202606,openrtb.field.undefined,error,imp[7].video.context,3.2.7
p003027,nesn.com,prebid.media.net,request,2.6-202606,openrtb.field.deprecated,warning,imp[7].video.placement,Section 3.2.7
p003027,nesn.com,prebid.media.net,request,2.6-202606,openrtb.field.undefined,error,imp[7].video.playerSize,3.2.7
p003027,nesn.com,prebid.media.net,request,2.6-202606,openrtb.field.undefined,error,imp[8].all,3.2.4
p003027,nesn.com,prebid.media.net,request,2.6-202606,openrtb.field.undefined,error,imp[8].bidfloors,3.2.4
p003027,nesn.com,prebid.media.net,request,2.6-202606,openrtb.field.undefined,error,imp[8].ortb2Imp,3.2.4
p003027,nesn.com,prebid.media.net,request,2.6-202606,openrtb.field.undefined,error,imp[8].transactionId,3.2.4
p003027,nesn.com,prebid.media.net,request,2.6-202606,openrtb.field.undefined,error,imp[8].video.context,3.2.7
p003027,nesn.com,prebid.media.net,request,2.6-202606,openrtb.field.deprecated,warning,imp[8].video.placement,Section 3.2.7
p003027,nesn.com,prebid.media.net,request,2.6-202606,openrtb.field.undefined,error,imp[8].video.playerSize,3.2.7
p003027,nesn.com,prebid.media.net,request,2.6-202606,openrtb.field.undefined,error,imp[9].all,3.2.4
p003027,nesn.com,prebid.media.net,request,2.6-202606,openrtb.field.undefined,error,imp[9].bidfloors,3.2.4
p003027,nesn.com,prebid.media.net,request,2.6-202606,openrtb.field.undefined,error,imp[9].ortb2Imp,3.2.4
p003027,nesn.com,prebid.media.net,request,2.6-202606,openrtb.field.undefined,error,imp[9].transactionId,3.2.4
p003027,nesn.com,prebid.media.net,request,2.6-202606,openrtb.field.undefined,error,imp[9].video.context,3.2.7
p003027,nesn.com,prebid.media.net,request,2.6-202606,openrtb.field.deprecated,warning,imp[9].video.placement,Section 3.2.7
p003027,nesn.com,prebid.media.net,request,2.6-202606,openrtb.field.undefined,error,imp[9].video.playerSize,3.2.7
p003027,nesn.com,prebid.media.net,request,2.6-202606,openrtb.field.undefined,error,ortb2,3.2.1
p003027,nesn.com,prebid.media.net,request,2.6-202606,openrtb.field.undefined,error,site.canonical_url,3.2.13
p003027,nesn.com,prebid.media.net,request,2.6-202606,openrtb.field.undefined,error,site.isTop,3.2.13
p003027,nesn.com,prebid.media.net,request,2.6-202606,openrtb.field.undefined,error,site.topMostLocation,3.2.13
p003028,nesn.com,prebid.media.net,request,2.6-202606,openrtb.field.undefined,error,imp[0].all,3.2.4
p003028,nesn.com,prebid.media.net,request,2.6-202606,openrtb.field.undefined,error,imp[0].bidfloors,3.2.4
p003028,nesn.com,prebid.media.net,request,2.6-202606,openrtb.field.undefined,error,imp[0].ortb2Imp,3.2.4
p003028,nesn.com,prebid.media.net,request,2.6-202606,openrtb.field.undefined,error,imp[0].transactionId,3.2.4
p003028,nesn.com,prebid.media.net,request,2.6-202606,openrtb.field.undefined,error,imp[0].video.context,3.2.7
p003028,nesn.com,prebid.media.net,request,2.6-202606,openrtb.field.deprecated,warning,imp[0].video.placement,Section 3.2.7
p003028,nesn.com,prebid.media.net,request,2.6-202606,openrtb.field.undefined,error,imp[0].video.playerSize,3.2.7
p003028,nesn.com,prebid.media.net,request,2.6-202606,openrtb.field.undefined,error,ortb2,3.2.1
p003028,nesn.com,prebid.media.net,request,2.6-202606,openrtb.field.undefined,error,site.canonical_url,3.2.13
p003028,nesn.com,prebid.media.net,request,2.6-202606,openrtb.field.undefined,error,site.isTop,3.2.13
p003028,nesn.com,prebid.media.net,request,2.6-202606,openrtb.field.undefined,error,site.topMostLocation,3.2.13
p003029,nesn.com,prebid.media.net,request,2.6-202606,openrtb.field.undefined,error,imp[0].all,3.2.4
p003029,nesn.com,prebid.media.net,request,2.6-202606,openrtb.field.undefined,error,imp[0].bidfloors,3.2.4
p003029,nesn.com,prebid.media.net,request,2.6-202606,openrtb.field.undefined,error,imp[0].ortb2Imp,3.2.4
p003029,nesn.com,prebid.media.net,request,2.6-202606,openrtb.field.undefined,error,imp[0].transactionId,3.2.4
p003029,nesn.com,prebid.media.net,request,2.6-202606,openrtb.field.undefined,error,imp[0].video.context,3.2.7
p003029,nesn.com,prebid.media.net,request,2.6-202606,openrtb.field.deprecated,warning,imp[0].video.placement,Section 3.2.7
p003029,nesn.com,prebid.media.net,request,2.6-202606,openrtb.field.undefined,error,imp[0].video.playerSize,3.2.7
p003029,nesn.com,prebid.media.net,request,2.6-202606,openrtb.field.undefined,error,imp[1].all,3.2.4
p003029,nesn.com,prebid.media.net,request,2.6-202606,openrtb.field.undefined,error,imp[1].bidfloors,3.2.4
p003029,nesn.com,prebid.media.net,request,2.6-202606,openrtb.field.undefined,error,imp[1].ortb2Imp,3.2.4
p003029,nesn.com,prebid.media.net,request,2.6-202606,openrtb.field.undefined,error,imp[1].transactionId,3.2.4
p003029,nesn.com,prebid.media.net,request,2.6-202606,openrtb.field.undefined,error,imp[1].video.context,3.2.7
p003029,nesn.com,prebid.media.net,request,2.6-202606,openrtb.field.deprecated,warning,imp[1].video.placement,Section 3.2.7
p003029,nesn.com,prebid.media.net,request,2.6-202606,openrtb.field.undefined,error,imp[1].video.playerSize,3.2.7
p003029,nesn.com,prebid.media.net,request,2.6-202606,openrtb.field.undefined,error,ortb2,3.2.1
p003029,nesn.com,prebid.media.net,request,2.6-202606,openrtb.field.undefined,error,site.canonical_url,3.2.13
p003029,nesn.com,prebid.media.net,request,2.6-202606,openrtb.field.undefined,error,site.isTop,3.2.13
p003029,nesn.com,prebid.media.net,request,2.6-202606,openrtb.field.undefined,error,site.topMostLocation,3.2.13
p003030,pilotonline.com,prebid.media.net,request,2.6-202606,openrtb.field.undefined,error,imp[0].all,3.2.4
p003030,pilotonline.com,prebid.media.net,request,2.6-202606,openrtb.field.undefined,error,imp[0].bidfloors,3.2.4
p003030,pilotonline.com,prebid.media.net,request,2.6-202606,openrtb.field.undefined,error,imp[0].ortb2Imp,3.2.4
p003030,pilotonline.com,prebid.media.net,request,2.6-202606,openrtb.field.undefined,error,imp[0].transactionId,3.2.4
p003030,pilotonline.com,prebid.media.net,request,2.6-202606,openrtb.field.undefined,error,imp[0].video.context,3.2.7
p003030,pilotonline.com,prebid.media.net,request,2.6-202606,openrtb.field.deprecated,warning,imp[0].video.placement,Section 3.2.7
p003030,pilotonline.com,prebid.media.net,request,2.6-202606,openrtb.field.undefined,error,imp[0].video.playerSize,3.2.7
p003030,pilotonline.com,prebid.media.net,request,2.6-202606,openrtb.field.undefined,error,ortb2,3.2.1
p003030,pilotonline.com,prebid.media.net,request,2.6-202606,openrtb.field.undefined,error,site.canonical_url,3.2.13
p003030,pilotonline.com,prebid.media.net,request,2.6-202606,openrtb.field.undefined,error,site.isTop,3.2.13
p003030,pilotonline.com,prebid.media.net,request,2.6-202606,openrtb.field.undefined,error,site.topMostLocation,3.2.13
p003031,philstar.com,prebid.media.net,request,2.6-202606,openrtb.field.undefined,error,imp[0].all,3.2.4
p003031,philstar.com,prebid.media.net,request,2.6-202606,openrtb.type.mismatch,error,imp[0].banner,3.2.4
p003031,philstar.com,prebid.media.net,request,2.6-202606,openrtb.field.undefined,error,imp[0].ortb2Imp,3.2.4
p003031,philstar.com,prebid.media.net,request,2.6-202606,openrtb.field.undefined,error,imp[0].transactionId,3.2.4
p003031,philstar.com,prebid.media.net,request,2.6-202606,openrtb.field.undefined,error,ortb2,3.2.1
p003031,philstar.com,prebid.media.net,request,2.6-202606,openrtb.field.undefined,error,site.canonical_url,3.2.13
p003031,philstar.com,prebid.media.net,request,2.6-202606,openrtb.field.undefined,error,site.isTop,3.2.13
p003031,philstar.com,prebid.media.net,request,2.6-202606,openrtb.field.undefined,error,site.og_url,3.2.13
p003031,philstar.com,prebid.media.net,request,2.6-202606,openrtb.field.undefined,error,site.topMostLocation,3.2.13
p003032,pilotonline.com,prebid.media.net,request,2.6-202606,openrtb.field.undefined,error,imp[0].all,3.2.4
p003032,pilotonline.com,prebid.media.net,request,2.6-202606,openrtb.field.undefined,error,imp[0].bidfloors,3.2.4
p003032,pilotonline.com,prebid.media.net,request,2.6-202606,openrtb.field.undefined,error,imp[0].ortb2Imp,3.2.4
p003032,pilotonline.com,prebid.media.net,request,2.6-202606,openrtb.field.undefined,error,imp[0].transactionId,3.2.4
p003032,pilotonline.com,prebid.media.net,request,2.6-202606,openrtb.field.undefined,error,imp[0].video.context,3.2.7
p003032,pilotonline.com,prebid.media.net,request,2.6-202606,openrtb.field.deprecated,warning,imp[0].video.placement,Section 3.2.7
p003032,pilotonline.com,prebid.media.net,request,2.6-202606,openrtb.field.undefined,error,imp[0].video.playerSize,3.2.7
p003032,pilotonline.com,prebid.media.net,request,2.6-202606,openrtb.field.undefined,error,ortb2,3.2.1
p003032,pilotonline.com,prebid.media.net,request,2.6-202606,openrtb.field.undefined,error,site.canonical_url,3.2.13
p003032,pilotonline.com,prebid.media.net,request,2.6-202606,openrtb.field.undefined,error,site.isTop,3.2.13
p003032,pilotonline.com,prebid.media.net,request,2.6-202606,openrtb.field.undefined,error,site.topMostLocation,3.2.13
p003033,pilotonline.com,prebid.media.net,request,2.6-202606,openrtb.field.undefined,error,imp[0].all,3.2.4
p003033,pilotonline.com,prebid.media.net,request,2.6-202606,openrtb.field.undefined,error,imp[0].bidfloors,3.2.4
p003033,pilotonline.com,prebid.media.net,request,2.6-202606,openrtb.field.undefined,error,imp[0].ortb2Imp,3.2.4
p003033,pilotonline.com,prebid.media.net,request,2.6-202606,openrtb.field.undefined,error,imp[0].transactionId,3.2.4
p003033,pilotonline.com,prebid.media.net,request,2.6-202606,openrtb.field.undefined,error,imp[0].video.context,3.2.7
p003033,pilotonline.com,prebid.media.net,request,2.6-202606,openrtb.field.deprecated,warning,imp[0].video.placement,Section 3.2.7
p003033,pilotonline.com,prebid.media.net,request,2.6-202606,openrtb.field.undefined,error,imp[0].video.playerSize,3.2.7
p003033,pilotonline.com,prebid.media.net,request,2.6-202606,openrtb.field.undefined,error,ortb2,3.2.1
p003033,pilotonline.com,prebid.media.net,request,2.6-202606,openrtb.field.undefined,error,site.canonical_url,3.2.13
p003033,pilotonline.com,prebid.media.net,request,2.6-202606,openrtb.field.undefined,error,site.isTop,3.2.13
p003033,pilotonline.com,prebid.media.net,request,2.6-202606,openrtb.field.undefined,error,site.topMostLocation,3.2.13
p003034,psychcentral.com,prebid.media.net,request,2.6-202606,openrtb.field.undefined,error,imp[0].all,3.2.4
p003034,psychcentral.com,prebid.media.net,request,2.6-202606,openrtb.field.undefined,error,imp[0].ortb2Imp,3.2.4
p003034,psychcentral.com,prebid.media.net,request,2.6-202606,openrtb.field.undefined,error,imp[0].transactionId,3.2.4
p003034,psychcentral.com,prebid.media.net,request,2.6-202606,openrtb.field.undefined,error,imp[0].video.context,3.2.7
p003034,psychcentral.com,prebid.media.net,request,2.6-202606,openrtb.field.deprecated,warning,imp[0].video.placement,Section 3.2.7
p003034,psychcentral.com,prebid.media.net,request,2.6-202606,openrtb.field.undefined,error,imp[0].video.playerSize,3.2.7
p003034,psychcentral.com,prebid.media.net,request,2.6-202606,openrtb.field.undefined,error,ortb2,3.2.1
p003034,psychcentral.com,prebid.media.net,request,2.6-202606,openrtb.field.undefined,error,site.canonical_url,3.2.13
p003034,psychcentral.com,prebid.media.net,request,2.6-202606,openrtb.field.undefined,error,site.isTop,3.2.13
p003034,psychcentral.com,prebid.media.net,request,2.6-202606,openrtb.field.undefined,error,site.og_url,3.2.13
p003034,psychcentral.com,prebid.media.net,request,2.6-202606,openrtb.field.undefined,error,site.topMostLocation,3.2.13
p003035,self.com,prebid.media.net,request,2.6-202606,openrtb.type.mismatch,error,id,3.2.1
p003035,self.com,prebid.media.net,request,2.6-202606,openrtb.field.undefined,error,imp[0].all,3.2.4
p003035,self.com,prebid.media.net,request,2.6-202606,openrtb.type.mismatch,error,imp[0].banner,3.2.4
p003035,self.com,prebid.media.net,request,2.6-202606,openrtb.field.undefined,error,imp[0].ortb2Imp,3.2.4
p003035,self.com,prebid.media.net,request,2.6-202606,openrtb.field.undefined,error,ortb2,3.2.1
p003035,self.com,prebid.media.net,request,2.6-202606,openrtb.field.undefined,error,site.canonical_url,3.2.13
p003035,self.com,prebid.media.net,request,2.6-202606,openrtb.field.undefined,error,site.isTop,3.2.13
p003035,self.com,prebid.media.net,request,2.6-202606,openrtb.field.undefined,error,site.topMostLocation,3.2.13
p003036,self.com,prebid.media.net,request,2.6-202606,openrtb.type.mismatch,error,id,3.2.1
p003036,self.com,prebid.media.net,request,2.6-202606,openrtb.field.undefined,error,imp[0].all,3.2.4
p003036,self.com,prebid.media.net,request,2.6-202606,openrtb.type.mismatch,error,imp[0].banner,3.2.4
p003036,self.com,prebid.media.net,request,2.6-202606,openrtb.field.undefined,error,imp[0].ortb2Imp,3.2.4
p003036,self.com,prebid.media.net,request,2.6-202606,openrtb.field.undefined,error,ortb2,3.2.1
p003036,self.com,prebid.media.net,request,2.6-202606,openrtb.field.undefined,error,site.canonical_url,3.2.13
p003036,self.com,prebid.media.net,request,2.6-202606,openrtb.field.undefined,error,site.isTop,3.2.13
p003036,self.com,prebid.media.net,request,2.6-202606,openrtb.field.undefined,error,site.topMostLocation,3.2.13
p003037,socialblade.com,prebid.media.net,request,2.6-202606,openrtb.field.undefined,error,imp[0].all,3.2.4
p003037,socialblade.com,prebid.media.net,request,2.6-202606,openrtb.type.mismatch,error,imp[0].banner,3.2.4
p003037,socialblade.com,prebid.media.net,request,2.6-202606,openrtb.field.undefined,error,imp[0].bidfloors,3.2.4
p003037,socialblade.com,prebid.media.net,request,2.6-202606,openrtb.field.undefined,error,imp[0].ortb2Imp,3.2.4
p003037,socialblade.com,prebid.media.net,request,2.6-202606,openrtb.field.undefined,error,imp[0].transactionId,3.2.4
p003037,socialblade.com,prebid.media.net,request,2.6-202606,openrtb.field.undefined,error,imp[1].all,3.2.4
p003037,socialblade.com,prebid.media.net,request,2.6-202606,openrtb.type.mismatch,error,imp[1].banner,3.2.4
p003037,socialblade.com,prebid.media.net,request,2.6-202606,openrtb.field.undefined,error,imp[1].bidfloors,3.2.4
p003037,socialblade.com,prebid.media.net,request,2.6-202606,openrtb.field.undefined,error,imp[1].ortb2Imp,3.2.4
p003037,socialblade.com,prebid.media.net,request,2.6-202606,openrtb.field.undefined,error,imp[1].transactionId,3.2.4
p003037,socialblade.com,prebid.media.net,request,2.6-202606,openrtb.field.undefined,error,imp[2].all,3.2.4
p003037,socialblade.com,prebid.media.net,request,2.6-202606,openrtb.type.mismatch,error,imp[2].banner,3.2.4
p003037,socialblade.com,prebid.media.net,request,2.6-202606,openrtb.field.undefined,error,imp[2].bidfloors,3.2.4
p003037,socialblade.com,prebid.media.net,request,2.6-202606,openrtb.field.undefined,error,imp[2].ortb2Imp,3.2.4
p003037,socialblade.com,prebid.media.net,request,2.6-202606,openrtb.field.undefined,error,imp[2].transactionId,3.2.4
p003037,socialblade.com,prebid.media.net,request,2.6-202606,openrtb.field.undefined,error,imp[3].all,3.2.4
p003037,socialblade.com,prebid.media.net,request,2.6-202606,openrtb.type.mismatch,error,imp[3].banner,3.2.4
p003037,socialblade.com,prebid.media.net,request,2.6-202606,openrtb.field.undefined,error,imp[3].bidfloors,3.2.4
p003037,socialblade.com,prebid.media.net,request,2.6-202606,openrtb.field.undefined,error,imp[3].ortb2Imp,3.2.4
p003037,socialblade.com,prebid.media.net,request,2.6-202606,openrtb.field.undefined,error,imp[3].transactionId,3.2.4
p003037,socialblade.com,prebid.media.net,request,2.6-202606,openrtb.field.undefined,error,imp[4].all,3.2.4
p003037,socialblade.com,prebid.media.net,request,2.6-202606,openrtb.type.mismatch,error,imp[4].banner,3.2.4
p003037,socialblade.com,prebid.media.net,request,2.6-202606,openrtb.field.undefined,error,imp[4].bidfloors,3.2.4
p003037,socialblade.com,prebid.media.net,request,2.6-202606,openrtb.field.undefined,error,imp[4].ortb2Imp,3.2.4
p003037,socialblade.com,prebid.media.net,request,2.6-202606,openrtb.field.undefined,error,imp[4].transactionId,3.2.4
p003037,socialblade.com,prebid.media.net,request,2.6-202606,openrtb.field.undefined,error,imp[5].all,3.2.4
p003037,socialblade.com,prebid.media.net,request,2.6-202606,openrtb.type.mismatch,error,imp[5].banner,3.2.4
p003037,socialblade.com,prebid.media.net,request,2.6-202606,openrtb.field.undefined,error,imp[5].bidfloors,3.2.4
p003037,socialblade.com,prebid.media.net,request,2.6-202606,openrtb.field.undefined,error,imp[5].ortb2Imp,3.2.4
p003037,socialblade.com,prebid.media.net,request,2.6-202606,openrtb.field.undefined,error,imp[5].transactionId,3.2.4
p003037,socialblade.com,prebid.media.net,request,2.6-202606,openrtb.field.undefined,error,imp[6].all,3.2.4
p003037,socialblade.com,prebid.media.net,request,2.6-202606,openrtb.field.undefined,error,imp[6].bidfloors,3.2.4
p003037,socialblade.com,prebid.media.net,request,2.6-202606,openrtb.field.undefined,error,imp[6].ortb2Imp,3.2.4
p003037,socialblade.com,prebid.media.net,request,2.6-202606,openrtb.field.undefined,error,imp[6].transactionId,3.2.4
p003037,socialblade.com,prebid.media.net,request,2.6-202606,openrtb.field.undefined,error,imp[6].video.context,3.2.7
p003037,socialblade.com,prebid.media.net,request,2.6-202606,openrtb.field.deprecated,warning,imp[6].video.placement,Section 3.2.7
p003037,socialblade.com,prebid.media.net,request,2.6-202606,openrtb.field.undefined,error,imp[6].video.playerSize,3.2.7
p003037,socialblade.com,prebid.media.net,request,2.6-202606,openrtb.value.invalid,error,imp[6].video.skip,3.2.7
p003037,socialblade.com,prebid.media.net,request,2.6-202606,openrtb.field.undefined,error,imp[6].video.skippable,3.2.7
p003037,socialblade.com,prebid.media.net,request,2.6-202606,openrtb.field.undefined,error,ortb2,3.2.1
p003037,socialblade.com,prebid.media.net,request,2.6-202606,openrtb.field.undefined,error,site.isTop,3.2.13
p003037,socialblade.com,prebid.media.net,request,2.6-202606,openrtb.field.undefined,error,site.topMostLocation,3.2.13
p003038,self.com,prebid.media.net,request,2.6-202606,openrtb.type.mismatch,error,id,3.2.1
p003038,self.com,prebid.media.net,request,2.6-202606,openrtb.field.undefined,error,imp[0].all,3.2.4
p003038,self.com,prebid.media.net,request,2.6-202606,openrtb.type.mismatch,error,imp[0].banner,3.2.4
p003038,self.com,prebid.media.net,request,2.6-202606,openrtb.field.undefined,error,imp[0].ortb2Imp,3.2.4
p003038,self.com,prebid.media.net,request,2.6-202606,openrtb.field.undefined,error,ortb2,3.2.1
p003038,self.com,prebid.media.net,request,2.6-202606,openrtb.field.undefined,error,site.canonical_url,3.2.13
p003038,self.com,prebid.media.net,request,2.6-202606,openrtb.field.undefined,error,site.isTop,3.2.13
p003038,self.com,prebid.media.net,request,2.6-202606,openrtb.field.undefined,error,site.topMostLocation,3.2.13
p003039,self.com,prebid.media.net,request,2.6-202606,openrtb.type.mismatch,error,id,3.2.1
p003039,self.com,prebid.media.net,request,2.6-202606,openrtb.field.undefined,error,imp[0].all,3.2.4
p003039,self.com,prebid.media.net,request,2.6-202606,openrtb.type.mismatch,error,imp[0].banner,3.2.4
p003039,self.com,prebid.media.net,request,2.6-202606,openrtb.field.undefined,error,imp[0].ortb2Imp,3.2.4
p003039,self.com,prebid.media.net,request,2.6-202606,openrtb.field.undefined,error,ortb2,3.2.1
p003039,self.com,prebid.media.net,request,2.6-202606,openrtb.field.undefined,error,site.canonical_url,3.2.13
p003039,self.com,prebid.media.net,request,2.6-202606,openrtb.field.undefined,error,site.isTop,3.2.13
p003039,self.com,prebid.media.net,request,2.6-202606,openrtb.field.undefined,error,site.topMostLocation,3.2.13
p003040,self.com,prebid.media.net,request,2.6-202606,openrtb.type.mismatch,error,id,3.2.1
p003040,self.com,prebid.media.net,request,2.6-202606,openrtb.field.undefined,error,imp[0].all,3.2.4
p003040,self.com,prebid.media.net,request,2.6-202606,openrtb.type.mismatch,error,imp[0].banner,3.2.4
p003040,self.com,prebid.media.net,request,2.6-202606,openrtb.field.undefined,error,imp[0].ortb2Imp,3.2.4
p003040,self.com,prebid.media.net,request,2.6-202606,openrtb.field.undefined,error,ortb2,3.2.1
p003040,self.com,prebid.media.net,request,2.6-202606,openrtb.field.undefined,error,site.canonical_url,3.2.13
p003040,self.com,prebid.media.net,request,2.6-202606,openrtb.field.undefined,error,site.isTop,3.2.13
p003040,self.com,prebid.media.net,request,2.6-202606,openrtb.field.undefined,error,site.topMostLocation,3.2.13
p003041,self.com,prebid.media.net,request,2.6-202606,openrtb.type.mismatch,error,id,3.2.1
p003041,self.com,prebid.media.net,request,2.6-202606,openrtb.field.undefined,error,imp[0].all,3.2.4
p003041,self.com,prebid.media.net,request,2.6-202606,openrtb.type.mismatch,error,imp[0].banner,3.2.4
p003041,self.com,prebid.media.net,request,2.6-202606,openrtb.field.undefined,error,imp[0].ortb2Imp,3.2.4
p003041,self.com,prebid.media.net,request,2.6-202606,openrtb.field.undefined,error,ortb2,3.2.1
p003041,self.com,prebid.media.net,request,2.6-202606,openrtb.field.undefined,error,site.canonical_url,3.2.13
p003041,self.com,prebid.media.net,request,2.6-202606,openrtb.field.undefined,error,site.isTop,3.2.13
p003041,self.com,prebid.media.net,request,2.6-202606,openrtb.field.undefined,error,site.topMostLocation,3.2.13
p003042,self.com,prebid.media.net,request,2.6-202606,openrtb.type.mismatch,error,id,3.2.1
p003042,self.com,prebid.media.net,request,2.6-202606,openrtb.field.undefined,error,imp[0].all,3.2.4
p003042,self.com,prebid.media.net,request,2.6-202606,openrtb.type.mismatch,error,imp[0].banner,3.2.4
p003042,self.com,prebid.media.net,request,2.6-202606,openrtb.field.undefined,error,imp[0].ortb2Imp,3.2.4
p003042,self.com,prebid.media.net,request,2.6-202606,openrtb.field.undefined,error,ortb2,3.2.1
p003042,self.com,prebid.media.net,request,2.6-202606,openrtb.field.undefined,error,site.canonical_url,3.2.13
p003042,self.com,prebid.media.net,request,2.6-202606,openrtb.field.undefined,error,site.isTop,3.2.13
p003042,self.com,prebid.media.net,request,2.6-202606,openrtb.field.undefined,error,site.topMostLocation,3.2.13
p003043,self.com,prebid.media.net,request,2.6-202606,openrtb.type.mismatch,error,id,3.2.1
p003043,self.com,prebid.media.net,request,2.6-202606,openrtb.field.undefined,error,imp[0].all,3.2.4
p003043,self.com,prebid.media.net,request,2.6-202606,openrtb.type.mismatch,error,imp[0].banner,3.2.4
p003043,self.com,prebid.media.net,request,2.6-202606,openrtb.field.undefined,error,imp[0].ortb2Imp,3.2.4
p003043,self.com,prebid.media.net,request,2.6-202606,openrtb.field.undefined,error,ortb2,3.2.1
p003043,self.com,prebid.media.net,request,2.6-202606,openrtb.field.undefined,error,site.canonical_url,3.2.13
p003043,self.com,prebid.media.net,request,2.6-202606,openrtb.field.undefined,error,site.isTop,3.2.13
p003043,self.com,prebid.media.net,request,2.6-202606,openrtb.field.undefined,error,site.topMostLocation,3.2.13
p003044,self.com,prebid.media.net,request,2.6-202606,openrtb.type.mismatch,error,id,3.2.1
p003044,self.com,prebid.media.net,request,2.6-202606,openrtb.field.undefined,error,imp[0].all,3.2.4
p003044,self.com,prebid.media.net,request,2.6-202606,openrtb.type.mismatch,error,imp[0].banner,3.2.4
p003044,self.com,prebid.media.net,request,2.6-202606,openrtb.field.undefined,error,imp[0].ortb2Imp,3.2.4
p003044,self.com,prebid.media.net,request,2.6-202606,openrtb.field.undefined,error,ortb2,3.2.1
p003044,self.com,prebid.media.net,request,2.6-202606,openrtb.field.undefined,error,site.canonical_url,3.2.13
p003044,self.com,prebid.media.net,request,2.6-202606,openrtb.field.undefined,error,site.isTop,3.2.13
p003044,self.com,prebid.media.net,request,2.6-202606,openrtb.field.undefined,error,site.topMostLocation,3.2.13
p003045,teletica.com,prebid.media.net,request,2.6-202606,openrtb.field.undefined,error,imp[0].all,3.2.4
p003045,teletica.com,prebid.media.net,request,2.6-202606,openrtb.type.mismatch,error,imp[0].banner,3.2.4
p003045,teletica.com,prebid.media.net,request,2.6-202606,openrtb.field.undefined,error,imp[0].bidfloors,3.2.4
p003045,teletica.com,prebid.media.net,request,2.6-202606,openrtb.field.undefined,error,imp[0].ortb2Imp,3.2.4
p003045,teletica.com,prebid.media.net,request,2.6-202606,openrtb.field.undefined,error,imp[0].transactionId,3.2.4
p003045,teletica.com,prebid.media.net,request,2.6-202606,openrtb.field.undefined,error,ortb2,3.2.1
p003045,teletica.com,prebid.media.net,request,2.6-202606,openrtb.field.undefined,error,site.canonical_url,3.2.13
p003045,teletica.com,prebid.media.net,request,2.6-202606,openrtb.field.undefined,error,site.isTop,3.2.13
p003045,teletica.com,prebid.media.net,request,2.6-202606,openrtb.field.undefined,error,site.topMostLocation,3.2.13
p003046,teletica.com,prebid.media.net,request,2.6-202606,openrtb.field.undefined,error,imp[0].all,3.2.4
p003046,teletica.com,prebid.media.net,request,2.6-202606,openrtb.type.mismatch,error,imp[0].banner,3.2.4
p003046,teletica.com,prebid.media.net,request,2.6-202606,openrtb.field.undefined,error,imp[0].bidfloors,3.2.4
p003046,teletica.com,prebid.media.net,request,2.6-202606,openrtb.field.undefined,error,imp[0].ortb2Imp,3.2.4
p003046,teletica.com,prebid.media.net,request,2.6-202606,openrtb.field.undefined,error,imp[0].transactionId,3.2.4
p003046,teletica.com,prebid.media.net,request,2.6-202606,openrtb.field.undefined,error,ortb2,3.2.1
p003046,teletica.com,prebid.media.net,request,2.6-202606,openrtb.field.undefined,error,site.canonical_url,3.2.13
p003046,teletica.com,prebid.media.net,request,2.6-202606,openrtb.field.undefined,error,site.isTop,3.2.13
p003046,teletica.com,prebid.media.net,request,2.6-202606,openrtb.field.undefined,error,site.topMostLocation,3.2.13
p003047,teletica.com,prebid.media.net,request,2.6-202606,openrtb.field.undefined,error,imp[0].all,3.2.4
p003047,teletica.com,prebid.media.net,request,2.6-202606,openrtb.type.mismatch,error,imp[0].banner,3.2.4
p003047,teletica.com,prebid.media.net,request,2.6-202606,openrtb.field.undefined,error,imp[0].bidfloors,3.2.4
p003047,teletica.com,prebid.media.net,request,2.6-202606,openrtb.field.undefined,error,imp[0].ortb2Imp,3.2.4
p003047,teletica.com,prebid.media.net,request,2.6-202606,openrtb.field.undefined,error,imp[0].transactionId,3.2.4
p003047,teletica.com,prebid.media.net,request,2.6-202606,openrtb.field.undefined,error,ortb2,3.2.1
p003047,teletica.com,prebid.media.net,request,2.6-202606,openrtb.field.undefined,error,site.canonical_url,3.2.13
p003047,teletica.com,prebid.media.net,request,2.6-202606,openrtb.field.undefined,error,site.isTop,3.2.13
p003047,teletica.com,prebid.media.net,request,2.6-202606,openrtb.field.undefined,error,site.topMostLocation,3.2.13
p003048,teletica.com,prebid.media.net,request,2.6-202606,openrtb.field.undefined,error,imp[0].all,3.2.4
p003048,teletica.com,prebid.media.net,request,2.6-202606,openrtb.type.mismatch,error,imp[0].banner,3.2.4
p003048,teletica.com,prebid.media.net,request,2.6-202606,openrtb.field.undefined,error,imp[0].bidfloors,3.2.4
p003048,teletica.com,prebid.media.net,request,2.6-202606,openrtb.field.undefined,error,imp[0].ortb2Imp,3.2.4
p003048,teletica.com,prebid.media.net,request,2.6-202606,openrtb.field.undefined,error,imp[0].transactionId,3.2.4
p003048,teletica.com,prebid.media.net,request,2.6-202606,openrtb.field.undefined,error,ortb2,3.2.1
p003048,teletica.com,prebid.media.net,request,2.6-202606,openrtb.field.undefined,error,site.canonical_url,3.2.13
p003048,teletica.com,prebid.media.net,request,2.6-202606,openrtb.field.undefined,error,site.isTop,3.2.13
p003048,teletica.com,prebid.media.net,request,2.6-202606,openrtb.field.undefined,error,site.topMostLocation,3.2.13
p003049,teletica.com,prebid.media.net,request,2.6-202606,openrtb.field.undefined,error,imp[0].all,3.2.4
p003049,teletica.com,prebid.media.net,request,2.6-202606,openrtb.field.undefined,error,imp[0].bidfloors,3.2.4
p003049,teletica.com,prebid.media.net,request,2.6-202606,openrtb.field.undefined,error,imp[0].ortb2Imp,3.2.4
p003049,teletica.com,prebid.media.net,request,2.6-202606,openrtb.field.undefined,error,imp[0].transactionId,3.2.4
p003049,teletica.com,prebid.media.net,request,2.6-202606,openrtb.field.undefined,error,imp[0].video.context,3.2.7
p003049,teletica.com,prebid.media.net,request,2.6-202606,openrtb.field.undefined,error,imp[0].video.frameworks,3.2.7
p003049,teletica.com,prebid.media.net,request,2.6-202606,openrtb.field.deprecated,warning,imp[0].video.placement,Section 3.2.7
p003049,teletica.com,prebid.media.net,request,2.6-202606,openrtb.field.undefined,error,imp[0].video.playerSize,3.2.7
p003049,teletica.com,prebid.media.net,request,2.6-202606,openrtb.field.undefined,error,imp[0].video.skippable,3.2.7
p003049,teletica.com,prebid.media.net,request,2.6-202606,openrtb.field.undefined,error,ortb2,3.2.1
p003049,teletica.com,prebid.media.net,request,2.6-202606,openrtb.field.undefined,error,site.canonical_url,3.2.13
p003049,teletica.com,prebid.media.net,request,2.6-202606,openrtb.field.undefined,error,site.isTop,3.2.13
p003049,teletica.com,prebid.media.net,request,2.6-202606,openrtb.field.undefined,error,site.topMostLocation,3.2.13
p003050,tennessean.com,prebid.media.net,request,2.6-202606,openrtb.field.undefined,error,imp[0].all,3.2.4
p003050,tennessean.com,prebid.media.net,request,2.6-202606,openrtb.field.undefined,error,imp[0].bidfloors,3.2.4
p003050,tennessean.com,prebid.media.net,request,2.6-202606,openrtb.field.undefined,error,imp[0].ortb2Imp,3.2.4
p003050,tennessean.com,prebid.media.net,request,2.6-202606,openrtb.field.undefined,error,imp[0].transactionId,3.2.4
p003050,tennessean.com,prebid.media.net,request,2.6-202606,openrtb.field.undefined,error,imp[0].video.context,3.2.7
p003050,tennessean.com,prebid.media.net,request,2.6-202606,openrtb.field.deprecated,warning,imp[0].video.placement,Section 3.2.7
p003050,tennessean.com,prebid.media.net,request,2.6-202606,openrtb.field.undefined,error,imp[0].video.playerSize,3.2.7
p003050,tennessean.com,prebid.media.net,request,2.6-202606,openrtb.value.invalid,error,imp[0].video.skip,3.2.7
p003050,tennessean.com,prebid.media.net,request,2.6-202606,openrtb.field.undefined,error,ortb2,3.2.1
p003050,tennessean.com,prebid.media.net,request,2.6-202606,openrtb.field.undefined,error,site.canonical_url,3.2.13
p003050,tennessean.com,prebid.media.net,request,2.6-202606,openrtb.field.undefined,error,site.isTop,3.2.13
p003050,tennessean.com,prebid.media.net,request,2.6-202606,openrtb.field.undefined,error,site.og_url,3.2.13
p003050,tennessean.com,prebid.media.net,request,2.6-202606,openrtb.field.undefined,error,site.topMostLocation,3.2.13
p003051,tennessean.com,prebid.media.net,request,2.6-202606,openrtb.field.undefined,error,imp[0].all,3.2.4
p003051,tennessean.com,prebid.media.net,request,2.6-202606,openrtb.field.undefined,error,imp[0].bidfloors,3.2.4
p003051,tennessean.com,prebid.media.net,request,2.6-202606,openrtb.field.undefined,error,imp[0].ortb2Imp,3.2.4
p003051,tennessean.com,prebid.media.net,request,2.6-202606,openrtb.field.undefined,error,imp[0].transactionId,3.2.4
p003051,tennessean.com,prebid.media.net,request,2.6-202606,openrtb.field.undefined,error,imp[0].video.context,3.2.7
p003051,tennessean.com,prebid.media.net,request,2.6-202606,openrtb.field.deprecated,warning,imp[0].video.placement,Section 3.2.7
p003051,tennessean.com,prebid.media.net,request,2.6-202606,openrtb.field.undefined,error,imp[0].video.playerSize,3.2.7
p003051,tennessean.com,prebid.media.net,request,2.6-202606,openrtb.field.undefined,error,ortb2,3.2.1
p003051,tennessean.com,prebid.media.net,request,2.6-202606,openrtb.field.undefined,error,site.canonical_url,3.2.13
p003051,tennessean.com,prebid.media.net,request,2.6-202606,openrtb.field.undefined,error,site.isTop,3.2.13
p003051,tennessean.com,prebid.media.net,request,2.6-202606,openrtb.field.undefined,error,site.topMostLocation,3.2.13
p003052,thesun.ie,prebid.media.net,request,2.6-202606,openrtb.type.mismatch,error,id,3.2.1
p003052,thesun.ie,prebid.media.net,request,2.6-202606,openrtb.field.undefined,error,imp[0].all,3.2.4
p003052,thesun.ie,prebid.media.net,request,2.6-202606,openrtb.type.mismatch,error,imp[0].banner,3.2.4
p003052,thesun.ie,prebid.media.net,request,2.6-202606,openrtb.field.undefined,error,imp[0].bidfloors,3.2.4
p003052,thesun.ie,prebid.media.net,request,2.6-202606,openrtb.field.undefined,error,imp[0].ortb2Imp,3.2.4
p003052,thesun.ie,prebid.media.net,request,2.6-202606,openrtb.field.undefined,error,imp[1].all,3.2.4
p003052,thesun.ie,prebid.media.net,request,2.6-202606,openrtb.type.mismatch,error,imp[1].banner,3.2.4
p003052,thesun.ie,prebid.media.net,request,2.6-202606,openrtb.field.undefined,error,imp[1].bidfloors,3.2.4
p003052,thesun.ie,prebid.media.net,request,2.6-202606,openrtb.field.undefined,error,imp[1].ortb2Imp,3.2.4
p003052,thesun.ie,prebid.media.net,request,2.6-202606,openrtb.field.undefined,error,imp[2].all,3.2.4
p003052,thesun.ie,prebid.media.net,request,2.6-202606,openrtb.type.mismatch,error,imp[2].banner,3.2.4
p003052,thesun.ie,prebid.media.net,request,2.6-202606,openrtb.field.undefined,error,imp[2].bidfloors,3.2.4
p003052,thesun.ie,prebid.media.net,request,2.6-202606,openrtb.field.undefined,error,imp[2].ortb2Imp,3.2.4
p003052,thesun.ie,prebid.media.net,request,2.6-202606,openrtb.field.undefined,error,imp[3].all,3.2.4
p003052,thesun.ie,prebid.media.net,request,2.6-202606,openrtb.type.mismatch,error,imp[3].banner,3.2.4
p003052,thesun.ie,prebid.media.net,request,2.6-202606,openrtb.field.undefined,error,imp[3].bidfloors,3.2.4
p003052,thesun.ie,prebid.media.net,request,2.6-202606,openrtb.field.undefined,error,imp[3].ortb2Imp,3.2.4
p003052,thesun.ie,prebid.media.net,request,2.6-202606,openrtb.field.undefined,error,imp[4].all,3.2.4
p003052,thesun.ie,prebid.media.net,request,2.6-202606,openrtb.type.mismatch,error,imp[4].banner,3.2.4
p003052,thesun.ie,prebid.media.net,request,2.6-202606,openrtb.field.undefined,error,imp[4].bidfloors,3.2.4
p003052,thesun.ie,prebid.media.net,request,2.6-202606,openrtb.field.undefined,error,imp[4].ortb2Imp,3.2.4
p003052,thesun.ie,prebid.media.net,request,2.6-202606,openrtb.field.undefined,error,imp[5].all,3.2.4
p003052,thesun.ie,prebid.media.net,request,2.6-202606,openrtb.type.mismatch,error,imp[5].banner,3.2.4
p003052,thesun.ie,prebid.media.net,request,2.6-202606,openrtb.field.undefined,error,imp[5].bidfloors,3.2.4
p003052,thesun.ie,prebid.media.net,request,2.6-202606,openrtb.field.undefined,error,imp[5].ortb2Imp,3.2.4
p003052,thesun.ie,prebid.media.net,request,2.6-202606,openrtb.field.undefined,error,imp[6].all,3.2.4
p003052,thesun.ie,prebid.media.net,request,2.6-202606,openrtb.type.mismatch,error,imp[6].banner,3.2.4
p003052,thesun.ie,prebid.media.net,request,2.6-202606,openrtb.field.undefined,error,imp[6].bidfloors,3.2.4
p003052,thesun.ie,prebid.media.net,request,2.6-202606,openrtb.field.undefined,error,imp[6].ortb2Imp,3.2.4
p003052,thesun.ie,prebid.media.net,request,2.6-202606,openrtb.field.undefined,error,imp[7].all,3.2.4
p003052,thesun.ie,prebid.media.net,request,2.6-202606,openrtb.type.mismatch,error,imp[7].banner,3.2.4
p003052,thesun.ie,prebid.media.net,request,2.6-202606,openrtb.field.undefined,error,imp[7].bidfloors,3.2.4
p003052,thesun.ie,prebid.media.net,request,2.6-202606,openrtb.field.undefined,error,imp[7].ortb2Imp,3.2.4
p003052,thesun.ie,prebid.media.net,request,2.6-202606,openrtb.field.undefined,error,imp[8].all,3.2.4
p003052,thesun.ie,prebid.media.net,request,2.6-202606,openrtb.type.mismatch,error,imp[8].banner,3.2.4
p003052,thesun.ie,prebid.media.net,request,2.6-202606,openrtb.field.undefined,error,imp[8].bidfloors,3.2.4
p003052,thesun.ie,prebid.media.net,request,2.6-202606,openrtb.field.undefined,error,imp[8].ortb2Imp,3.2.4
p003052,thesun.ie,prebid.media.net,request,2.6-202606,openrtb.field.undefined,error,imp[9].all,3.2.4
p003052,thesun.ie,prebid.media.net,request,2.6-202606,openrtb.type.mismatch,error,imp[9].banner,3.2.4
p003052,thesun.ie,prebid.media.net,request,2.6-202606,openrtb.field.undefined,error,imp[9].bidfloors,3.2.4
p003052,thesun.ie,prebid.media.net,request,2.6-202606,openrtb.field.undefined,error,imp[9].ortb2Imp,3.2.4
p003052,thesun.ie,prebid.media.net,request,2.6-202606,openrtb.field.undefined,error,ortb2,3.2.1
p003052,thesun.ie,prebid.media.net,request,2.6-202606,openrtb.field.undefined,error,site.canonical_url,3.2.13
p003052,thesun.ie,prebid.media.net,request,2.6-202606,openrtb.field.undefined,error,site.isTop,3.2.13
p003052,thesun.ie,prebid.media.net,request,2.6-202606,openrtb.field.undefined,error,site.topMostLocation,3.2.13
p003053,thesun.ie,prebid.media.net,request,2.6-202606,openrtb.type.mismatch,error,id,3.2.1
p003053,thesun.ie,prebid.media.net,request,2.6-202606,openrtb.field.undefined,error,imp[0].all,3.2.4
p003053,thesun.ie,prebid.media.net,request,2.6-202606,openrtb.type.mismatch,error,imp[0].banner,3.2.4
p003053,thesun.ie,prebid.media.net,request,2.6-202606,openrtb.field.undefined,error,imp[0].bidfloors,3.2.4
p003053,thesun.ie,prebid.media.net,request,2.6-202606,openrtb.field.undefined,error,imp[0].ortb2Imp,3.2.4
p003053,thesun.ie,prebid.media.net,request,2.6-202606,openrtb.field.undefined,error,imp[1].all,3.2.4
p003053,thesun.ie,prebid.media.net,request,2.6-202606,openrtb.type.mismatch,error,imp[1].banner,3.2.4
p003053,thesun.ie,prebid.media.net,request,2.6-202606,openrtb.field.undefined,error,imp[1].bidfloors,3.2.4
p003053,thesun.ie,prebid.media.net,request,2.6-202606,openrtb.field.undefined,error,imp[1].ortb2Imp,3.2.4
p003053,thesun.ie,prebid.media.net,request,2.6-202606,openrtb.field.undefined,error,ortb2,3.2.1
p003053,thesun.ie,prebid.media.net,request,2.6-202606,openrtb.field.undefined,error,site.canonical_url,3.2.13
p003053,thesun.ie,prebid.media.net,request,2.6-202606,openrtb.field.undefined,error,site.isTop,3.2.13
p003053,thesun.ie,prebid.media.net,request,2.6-202606,openrtb.field.undefined,error,site.topMostLocation,3.2.13
p003054,thesun.ie,prebid.media.net,request,2.6-202606,openrtb.type.mismatch,error,id,3.2.1
p003054,thesun.ie,prebid.media.net,request,2.6-202606,openrtb.field.undefined,error,imp[0].all,3.2.4
p003054,thesun.ie,prebid.media.net,request,2.6-202606,openrtb.type.mismatch,error,imp[0].banner,3.2.4
p003054,thesun.ie,prebid.media.net,request,2.6-202606,openrtb.field.undefined,error,imp[0].bidfloors,3.2.4
p003054,thesun.ie,prebid.media.net,request,2.6-202606,openrtb.field.undefined,error,imp[0].ortb2Imp,3.2.4
p003054,thesun.ie,prebid.media.net,request,2.6-202606,openrtb.field.undefined,error,imp[1].all,3.2.4
p003054,thesun.ie,prebid.media.net,request,2.6-202606,openrtb.type.mismatch,error,imp[1].banner,3.2.4
p003054,thesun.ie,prebid.media.net,request,2.6-202606,openrtb.field.undefined,error,imp[1].bidfloors,3.2.4
p003054,thesun.ie,prebid.media.net,request,2.6-202606,openrtb.field.undefined,error,imp[1].ortb2Imp,3.2.4
p003054,thesun.ie,prebid.media.net,request,2.6-202606,openrtb.field.undefined,error,ortb2,3.2.1
p003054,thesun.ie,prebid.media.net,request,2.6-202606,openrtb.field.undefined,error,site.canonical_url,3.2.13
p003054,thesun.ie,prebid.media.net,request,2.6-202606,openrtb.field.undefined,error,site.isTop,3.2.13
p003054,thesun.ie,prebid.media.net,request,2.6-202606,openrtb.field.undefined,error,site.topMostLocation,3.2.13
p003055,tio.ch,prebid.media.net,request,2.6-202606,openrtb.field.undefined,error,imp[0].all,3.2.4
p003055,tio.ch,prebid.media.net,request,2.6-202606,openrtb.field.undefined,error,imp[0].bidfloors,3.2.4
p003055,tio.ch,prebid.media.net,request,2.6-202606,openrtb.field.undefined,error,imp[0].ortb2Imp,3.2.4
p003055,tio.ch,prebid.media.net,request,2.6-202606,openrtb.field.undefined,error,imp[0].transactionId,3.2.4
p003055,tio.ch,prebid.media.net,request,2.6-202606,openrtb.field.undefined,error,imp[0].video.context,3.2.7
p003055,tio.ch,prebid.media.net,request,2.6-202606,openrtb.field.deprecated,warning,imp[0].video.placement,Section 3.2.7
p003055,tio.ch,prebid.media.net,request,2.6-202606,openrtb.field.undefined,error,imp[0].video.playerSize,3.2.7
p003055,tio.ch,prebid.media.net,request,2.6-202606,openrtb.value.invalid,error,imp[0].video.skip,3.2.7
p003055,tio.ch,prebid.media.net,request,2.6-202606,openrtb.field.undefined,error,imp[0].video.video,3.2.7
p003055,tio.ch,prebid.media.net,request,2.6-202606,openrtb.field.undefined,error,ortb2,3.2.1
p003055,tio.ch,prebid.media.net,request,2.6-202606,openrtb.field.undefined,error,site.canonical_url,3.2.13
p003055,tio.ch,prebid.media.net,request,2.6-202606,openrtb.field.undefined,error,site.isTop,3.2.13
p003055,tio.ch,prebid.media.net,request,2.6-202606,openrtb.field.undefined,error,site.topMostLocation,3.2.13
p003056,tio.ch,prebid.media.net,request,2.6-202606,openrtb.field.undefined,error,imp[0].all,3.2.4
p003056,tio.ch,prebid.media.net,request,2.6-202606,openrtb.type.mismatch,error,imp[0].banner,3.2.4
p003056,tio.ch,prebid.media.net,request,2.6-202606,openrtb.field.undefined,error,imp[0].bidfloors,3.2.4
p003056,tio.ch,prebid.media.net,request,2.6-202606,openrtb.field.undefined,error,imp[0].ortb2Imp,3.2.4
p003056,tio.ch,prebid.media.net,request,2.6-202606,openrtb.field.undefined,error,imp[0].transactionId,3.2.4
p003056,tio.ch,prebid.media.net,request,2.6-202606,openrtb.field.undefined,error,ortb2,3.2.1
p003056,tio.ch,prebid.media.net,request,2.6-202606,openrtb.field.undefined,error,site.canonical_url,3.2.13
p003056,tio.ch,prebid.media.net,request,2.6-202606,openrtb.field.undefined,error,site.isTop,3.2.13
p003056,tio.ch,prebid.media.net,request,2.6-202606,openrtb.field.undefined,error,site.topMostLocation,3.2.13
p003057,tio.ch,prebid.media.net,request,2.6-202606,openrtb.field.undefined,error,imp[0].all,3.2.4
p003057,tio.ch,prebid.media.net,request,2.6-202606,openrtb.type.mismatch,error,imp[0].banner,3.2.4
p003057,tio.ch,prebid.media.net,request,2.6-202606,openrtb.field.undefined,error,imp[0].bidfloors,3.2.4
p003057,tio.ch,prebid.media.net,request,2.6-202606,openrtb.field.undefined,error,imp[0].ortb2Imp,3.2.4
p003057,tio.ch,prebid.media.net,request,2.6-202606,openrtb.field.undefined,error,imp[0].transactionId,3.2.4
p003057,tio.ch,prebid.media.net,request,2.6-202606,openrtb.field.undefined,error,ortb2,3.2.1
p003057,tio.ch,prebid.media.net,request,2.6-202606,openrtb.field.undefined,error,site.canonical_url,3.2.13
p003057,tio.ch,prebid.media.net,request,2.6-202606,openrtb.field.undefined,error,site.isTop,3.2.13
p003057,tio.ch,prebid.media.net,request,2.6-202606,openrtb.field.undefined,error,site.topMostLocation,3.2.13
p003058,tio.ch,prebid.media.net,request,2.6-202606,openrtb.field.undefined,error,imp[0].all,3.2.4
p003058,tio.ch,prebid.media.net,request,2.6-202606,openrtb.type.mismatch,error,imp[0].banner,3.2.4
p003058,tio.ch,prebid.media.net,request,2.6-202606,openrtb.field.undefined,error,imp[0].bidfloors,3.2.4
p003058,tio.ch,prebid.media.net,request,2.6-202606,openrtb.field.undefined,error,imp[0].ortb2Imp,3.2.4
p003058,tio.ch,prebid.media.net,request,2.6-202606,openrtb.field.undefined,error,imp[0].transactionId,3.2.4
p003058,tio.ch,prebid.media.net,request,2.6-202606,openrtb.field.undefined,error,ortb2,3.2.1
p003058,tio.ch,prebid.media.net,request,2.6-202606,openrtb.field.undefined,error,site.canonical_url,3.2.13
p003058,tio.ch,prebid.media.net,request,2.6-202606,openrtb.field.undefined,error,site.isTop,3.2.13
p003058,tio.ch,prebid.media.net,request,2.6-202606,openrtb.field.undefined,error,site.topMostLocation,3.2.13
p003059,tio.ch,prebid.media.net,request,2.6-202606,openrtb.field.undefined,error,imp[0].all,3.2.4
p003059,tio.ch,prebid.media.net,request,2.6-202606,openrtb.type.mismatch,error,imp[0].banner,3.2.4
p003059,tio.ch,prebid.media.net,request,2.6-202606,openrtb.field.undefined,error,imp[0].bidfloors,3.2.4
p003059,tio.ch,prebid.media.net,request,2.6-202606,openrtb.field.undefined,error,imp[0].ortb2Imp,3.2.4
p003059,tio.ch,prebid.media.net,request,2.6-202606,openrtb.field.undefined,error,imp[0].transactionId,3.2.4
p003059,tio.ch,prebid.media.net,request,2.6-202606,openrtb.field.undefined,error,ortb2,3.2.1
p003059,tio.ch,prebid.media.net,request,2.6-202606,openrtb.field.undefined,error,site.canonical_url,3.2.13
p003059,tio.ch,prebid.media.net,request,2.6-202606,openrtb.field.undefined,error,site.isTop,3.2.13
p003059,tio.ch,prebid.media.net,request,2.6-202606,openrtb.field.undefined,error,site.topMostLocation,3.2.13
p003060,tio.ch,prebid.media.net,request,2.6-202606,openrtb.field.undefined,error,imp[0].all,3.2.4
p003060,tio.ch,prebid.media.net,request,2.6-202606,openrtb.type.mismatch,error,imp[0].banner,3.2.4
p003060,tio.ch,prebid.media.net,request,2.6-202606,openrtb.field.undefined,error,imp[0].bidfloors,3.2.4
p003060,tio.ch,prebid.media.net,request,2.6-202606,openrtb.field.undefined,error,imp[0].ortb2Imp,3.2.4
p003060,tio.ch,prebid.media.net,request,2.6-202606,openrtb.field.undefined,error,imp[0].transactionId,3.2.4
p003060,tio.ch,prebid.media.net,request,2.6-202606,openrtb.field.undefined,error,ortb2,3.2.1
p003060,tio.ch,prebid.media.net,request,2.6-202606,openrtb.field.undefined,error,site.canonical_url,3.2.13
p003060,tio.ch,prebid.media.net,request,2.6-202606,openrtb.field.undefined,error,site.isTop,3.2.13
p003060,tio.ch,prebid.media.net,request,2.6-202606,openrtb.field.undefined,error,site.topMostLocation,3.2.13
p003061,thesun.ie,prebid.media.net,request,2.6-202606,openrtb.type.mismatch,error,id,3.2.1
p003061,thesun.ie,prebid.media.net,request,2.6-202606,openrtb.field.undefined,error,imp[0].all,3.2.4
p003061,thesun.ie,prebid.media.net,request,2.6-202606,openrtb.type.mismatch,error,imp[0].banner,3.2.4
p003061,thesun.ie,prebid.media.net,request,2.6-202606,openrtb.field.undefined,error,imp[0].bidfloors,3.2.4
p003061,thesun.ie,prebid.media.net,request,2.6-202606,openrtb.field.undefined,error,imp[0].ortb2Imp,3.2.4
p003061,thesun.ie,prebid.media.net,request,2.6-202606,openrtb.field.undefined,error,imp[1].all,3.2.4
p003061,thesun.ie,prebid.media.net,request,2.6-202606,openrtb.type.mismatch,error,imp[1].banner,3.2.4
p003061,thesun.ie,prebid.media.net,request,2.6-202606,openrtb.field.undefined,error,imp[1].bidfloors,3.2.4
p003061,thesun.ie,prebid.media.net,request,2.6-202606,openrtb.field.undefined,error,imp[1].ortb2Imp,3.2.4
p003061,thesun.ie,prebid.media.net,request,2.6-202606,openrtb.field.undefined,error,imp[2].all,3.2.4
p003061,thesun.ie,prebid.media.net,request,2.6-202606,openrtb.type.mismatch,error,imp[2].banner,3.2.4
p003061,thesun.ie,prebid.media.net,request,2.6-202606,openrtb.field.undefined,error,imp[2].bidfloors,3.2.4
p003061,thesun.ie,prebid.media.net,request,2.6-202606,openrtb.field.undefined,error,imp[2].ortb2Imp,3.2.4
p003061,thesun.ie,prebid.media.net,request,2.6-202606,openrtb.field.undefined,error,imp[3].all,3.2.4
p003061,thesun.ie,prebid.media.net,request,2.6-202606,openrtb.type.mismatch,error,imp[3].banner,3.2.4
p003061,thesun.ie,prebid.media.net,request,2.6-202606,openrtb.field.undefined,error,imp[3].bidfloors,3.2.4
p003061,thesun.ie,prebid.media.net,request,2.6-202606,openrtb.field.undefined,error,imp[3].ortb2Imp,3.2.4
p003061,thesun.ie,prebid.media.net,request,2.6-202606,openrtb.field.undefined,error,imp[4].all,3.2.4
p003061,thesun.ie,prebid.media.net,request,2.6-202606,openrtb.type.mismatch,error,imp[4].banner,3.2.4
p003061,thesun.ie,prebid.media.net,request,2.6-202606,openrtb.field.undefined,error,imp[4].bidfloors,3.2.4
p003061,thesun.ie,prebid.media.net,request,2.6-202606,openrtb.field.undefined,error,imp[4].ortb2Imp,3.2.4
p003061,thesun.ie,prebid.media.net,request,2.6-202606,openrtb.field.undefined,error,imp[5].all,3.2.4
p003061,thesun.ie,prebid.media.net,request,2.6-202606,openrtb.type.mismatch,error,imp[5].banner,3.2.4
p003061,thesun.ie,prebid.media.net,request,2.6-202606,openrtb.field.undefined,error,imp[5].bidfloors,3.2.4
p003061,thesun.ie,prebid.media.net,request,2.6-202606,openrtb.field.undefined,error,imp[5].ortb2Imp,3.2.4
p003061,thesun.ie,prebid.media.net,request,2.6-202606,openrtb.field.undefined,error,imp[6].all,3.2.4
p003061,thesun.ie,prebid.media.net,request,2.6-202606,openrtb.type.mismatch,error,imp[6].banner,3.2.4
p003061,thesun.ie,prebid.media.net,request,2.6-202606,openrtb.field.undefined,error,imp[6].bidfloors,3.2.4
p003061,thesun.ie,prebid.media.net,request,2.6-202606,openrtb.field.undefined,error,imp[6].ortb2Imp,3.2.4
p003061,thesun.ie,prebid.media.net,request,2.6-202606,openrtb.field.undefined,error,imp[7].all,3.2.4
p003061,thesun.ie,prebid.media.net,request,2.6-202606,openrtb.type.mismatch,error,imp[7].banner,3.2.4
p003061,thesun.ie,prebid.media.net,request,2.6-202606,openrtb.field.undefined,error,imp[7].bidfloors,3.2.4
p003061,thesun.ie,prebid.media.net,request,2.6-202606,openrtb.field.undefined,error,imp[7].ortb2Imp,3.2.4
p003061,thesun.ie,prebid.media.net,request,2.6-202606,openrtb.field.undefined,error,imp[8].all,3.2.4
p003061,thesun.ie,prebid.media.net,request,2.6-202606,openrtb.type.mismatch,error,imp[8].banner,3.2.4
p003061,thesun.ie,prebid.media.net,request,2.6-202606,openrtb.field.undefined,error,imp[8].bidfloors,3.2.4
p003061,thesun.ie,prebid.media.net,request,2.6-202606,openrtb.field.undefined,error,imp[8].ortb2Imp,3.2.4
p003061,thesun.ie,prebid.media.net,request,2.6-202606,openrtb.field.undefined,error,ortb2,3.2.1
p003061,thesun.ie,prebid.media.net,request,2.6-202606,openrtb.field.undefined,error,site.canonical_url,3.2.13
p003061,thesun.ie,prebid.media.net,request,2.6-202606,openrtb.field.undefined,error,site.isTop,3.2.13
p003061,thesun.ie,prebid.media.net,request,2.6-202606,openrtb.field.undefined,error,site.topMostLocation,3.2.13
p003062,tio.ch,prebid.media.net,request,2.6-202606,openrtb.field.undefined,error,imp[0].all,3.2.4
p003062,tio.ch,prebid.media.net,request,2.6-202606,openrtb.type.mismatch,error,imp[0].banner,3.2.4
p003062,tio.ch,prebid.media.net,request,2.6-202606,openrtb.field.undefined,error,imp[0].bidfloors,3.2.4
p003062,tio.ch,prebid.media.net,request,2.6-202606,openrtb.field.undefined,error,imp[0].ortb2Imp,3.2.4
p003062,tio.ch,prebid.media.net,request,2.6-202606,openrtb.field.undefined,error,imp[0].transactionId,3.2.4
p003062,tio.ch,prebid.media.net,request,2.6-202606,openrtb.field.undefined,error,ortb2,3.2.1
p003062,tio.ch,prebid.media.net,request,2.6-202606,openrtb.field.undefined,error,site.canonical_url,3.2.13
p003062,tio.ch,prebid.media.net,request,2.6-202606,openrtb.field.undefined,error,site.isTop,3.2.13
p003062,tio.ch,prebid.media.net,request,2.6-202606,openrtb.field.undefined,error,site.topMostLocation,3.2.13
p003063,thesun.ie,prebid.media.net,request,2.6-202606,openrtb.type.mismatch,error,id,3.2.1
p003063,thesun.ie,prebid.media.net,request,2.6-202606,openrtb.field.undefined,error,imp[0].all,3.2.4
p003063,thesun.ie,prebid.media.net,request,2.6-202606,openrtb.field.undefined,error,imp[0].bidfloors,3.2.4
p003063,thesun.ie,prebid.media.net,request,2.6-202606,openrtb.field.undefined,error,imp[0].ortb2Imp,3.2.4
p003063,thesun.ie,prebid.media.net,request,2.6-202606,openrtb.field.undefined,error,imp[0].video.context,3.2.7
p003063,thesun.ie,prebid.media.net,request,2.6-202606,openrtb.field.deprecated,warning,imp[0].video.placement,Section 3.2.7
p003063,thesun.ie,prebid.media.net,request,2.6-202606,openrtb.field.undefined,error,imp[0].video.playerSize,3.2.7
p003063,thesun.ie,prebid.media.net,request,2.6-202606,openrtb.field.undefined,error,ortb2,3.2.1
p003063,thesun.ie,prebid.media.net,request,2.6-202606,openrtb.field.undefined,error,site.canonical_url,3.2.13
p003063,thesun.ie,prebid.media.net,request,2.6-202606,openrtb.field.undefined,error,site.isTop,3.2.13
p003063,thesun.ie,prebid.media.net,request,2.6-202606,openrtb.field.undefined,error,site.topMostLocation,3.2.13
p003064,thesun.ie,prebid.media.net,request,2.6-202606,openrtb.type.mismatch,error,id,3.2.1
p003064,thesun.ie,prebid.media.net,request,2.6-202606,openrtb.field.undefined,error,imp[0].all,3.2.4
p003064,thesun.ie,prebid.media.net,request,2.6-202606,openrtb.type.mismatch,error,imp[0].banner,3.2.4
p003064,thesun.ie,prebid.media.net,request,2.6-202606,openrtb.field.undefined,error,imp[0].bidfloors,3.2.4
p003064,thesun.ie,prebid.media.net,request,2.6-202606,openrtb.field.undefined,error,imp[0].ortb2Imp,3.2.4
p003064,thesun.ie,prebid.media.net,request,2.6-202606,openrtb.field.undefined,error,imp[1].all,3.2.4
p003064,thesun.ie,prebid.media.net,request,2.6-202606,openrtb.type.mismatch,error,imp[1].banner,3.2.4
p003064,thesun.ie,prebid.media.net,request,2.6-202606,openrtb.field.undefined,error,imp[1].bidfloors,3.2.4
p003064,thesun.ie,prebid.media.net,request,2.6-202606,openrtb.field.undefined,error,imp[1].ortb2Imp,3.2.4
p003064,thesun.ie,prebid.media.net,request,2.6-202606,openrtb.field.undefined,error,ortb2,3.2.1
p003064,thesun.ie,prebid.media.net,request,2.6-202606,openrtb.field.undefined,error,site.canonical_url,3.2.13
p003064,thesun.ie,prebid.media.net,request,2.6-202606,openrtb.field.undefined,error,site.isTop,3.2.13
p003064,thesun.ie,prebid.media.net,request,2.6-202606,openrtb.field.undefined,error,site.topMostLocation,3.2.13
p003065,thesun.ie,prebid.media.net,request,2.6-202606,openrtb.type.mismatch,error,id,3.2.1
p003065,thesun.ie,prebid.media.net,request,2.6-202606,openrtb.field.undefined,error,imp[0].all,3.2.4
p003065,thesun.ie,prebid.media.net,request,2.6-202606,openrtb.type.mismatch,error,imp[0].banner,3.2.4
p003065,thesun.ie,prebid.media.net,request,2.6-202606,openrtb.field.undefined,error,imp[0].bidfloors,3.2.4
p003065,thesun.ie,prebid.media.net,request,2.6-202606,openrtb.field.undefined,error,imp[0].ortb2Imp,3.2.4
p003065,thesun.ie,prebid.media.net,request,2.6-202606,openrtb.field.undefined,error,imp[1].all,3.2.4
p003065,thesun.ie,prebid.media.net,request,2.6-202606,openrtb.type.mismatch,error,imp[1].banner,3.2.4
p003065,thesun.ie,prebid.media.net,request,2.6-202606,openrtb.field.undefined,error,imp[1].bidfloors,3.2.4
p003065,thesun.ie,prebid.media.net,request,2.6-202606,openrtb.field.undefined,error,imp[1].ortb2Imp,3.2.4
p003065,thesun.ie,prebid.media.net,request,2.6-202606,openrtb.field.undefined,error,ortb2,3.2.1
p003065,thesun.ie,prebid.media.net,request,2.6-202606,openrtb.field.undefined,error,site.canonical_url,3.2.13
p003065,thesun.ie,prebid.media.net,request,2.6-202606,openrtb.field.undefined,error,site.isTop,3.2.13
p003065,thesun.ie,prebid.media.net,request,2.6-202606,openrtb.field.undefined,error,site.topMostLocation,3.2.13
p003066,thesun.ie,prebid.media.net,request,2.6-202606,openrtb.type.mismatch,error,id,3.2.1
p003066,thesun.ie,prebid.media.net,request,2.6-202606,openrtb.field.undefined,error,imp[0].all,3.2.4
p003066,thesun.ie,prebid.media.net,request,2.6-202606,openrtb.field.undefined,error,imp[0].bidfloors,3.2.4
p003066,thesun.ie,prebid.media.net,request,2.6-202606,openrtb.field.undefined,error,imp[0].ortb2Imp,3.2.4
p003066,thesun.ie,prebid.media.net,request,2.6-202606,openrtb.field.undefined,error,imp[0].video.context,3.2.7
p003066,thesun.ie,prebid.media.net,request,2.6-202606,openrtb.field.deprecated,warning,imp[0].video.placement,Section 3.2.7
p003066,thesun.ie,prebid.media.net,request,2.6-202606,openrtb.field.undefined,error,imp[0].video.playerSize,3.2.7
p003066,thesun.ie,prebid.media.net,request,2.6-202606,openrtb.field.undefined,error,ortb2,3.2.1
p003066,thesun.ie,prebid.media.net,request,2.6-202606,openrtb.field.undefined,error,site.canonical_url,3.2.13
p003066,thesun.ie,prebid.media.net,request,2.6-202606,openrtb.field.undefined,error,site.isTop,3.2.13
p003066,thesun.ie,prebid.media.net,request,2.6-202606,openrtb.field.undefined,error,site.topMostLocation,3.2.13
p003067,thesun.ie,prebid.media.net,request,2.6-202606,openrtb.type.mismatch,error,id,3.2.1
p003067,thesun.ie,prebid.media.net,request,2.6-202606,openrtb.field.undefined,error,imp[0].all,3.2.4
p003067,thesun.ie,prebid.media.net,request,2.6-202606,openrtb.type.mismatch,error,imp[0].banner,3.2.4
p003067,thesun.ie,prebid.media.net,request,2.6-202606,openrtb.field.undefined,error,imp[0].bidfloors,3.2.4
p003067,thesun.ie,prebid.media.net,request,2.6-202606,openrtb.field.undefined,error,imp[0].ortb2Imp,3.2.4
p003067,thesun.ie,prebid.media.net,request,2.6-202606,openrtb.field.undefined,error,imp[1].all,3.2.4
p003067,thesun.ie,prebid.media.net,request,2.6-202606,openrtb.type.mismatch,error,imp[1].banner,3.2.4
p003067,thesun.ie,prebid.media.net,request,2.6-202606,openrtb.field.undefined,error,imp[1].bidfloors,3.2.4
p003067,thesun.ie,prebid.media.net,request,2.6-202606,openrtb.field.undefined,error,imp[1].ortb2Imp,3.2.4
p003067,thesun.ie,prebid.media.net,request,2.6-202606,openrtb.field.undefined,error,ortb2,3.2.1
p003067,thesun.ie,prebid.media.net,request,2.6-202606,openrtb.field.undefined,error,site.canonical_url,3.2.13
p003067,thesun.ie,prebid.media.net,request,2.6-202606,openrtb.field.undefined,error,site.isTop,3.2.13
p003067,thesun.ie,prebid.media.net,request,2.6-202606,openrtb.field.undefined,error,site.topMostLocation,3.2.13
p003068,upi.com,prebid.media.net,request,2.6-202606,openrtb.field.undefined,error,imp[0].all,3.2.4
p003068,upi.com,prebid.media.net,request,2.6-202606,openrtb.type.mismatch,error,imp[0].banner,3.2.4
p003068,upi.com,prebid.media.net,request,2.6-202606,openrtb.field.undefined,error,imp[0].ortb2Imp,3.2.4
p003068,upi.com,prebid.media.net,request,2.6-202606,openrtb.field.undefined,error,imp[0].transactionId,3.2.4
p003068,upi.com,prebid.media.net,request,2.6-202606,openrtb.field.undefined,error,imp[1].all,3.2.4
p003068,upi.com,prebid.media.net,request,2.6-202606,openrtb.type.mismatch,error,imp[1].banner,3.2.4
p003068,upi.com,prebid.media.net,request,2.6-202606,openrtb.field.undefined,error,imp[1].ortb2Imp,3.2.4
p003068,upi.com,prebid.media.net,request,2.6-202606,openrtb.field.undefined,error,imp[1].transactionId,3.2.4
p003068,upi.com,prebid.media.net,request,2.6-202606,openrtb.field.undefined,error,imp[2].all,3.2.4
p003068,upi.com,prebid.media.net,request,2.6-202606,openrtb.type.mismatch,error,imp[2].banner,3.2.4
p003068,upi.com,prebid.media.net,request,2.6-202606,openrtb.field.undefined,error,imp[2].ortb2Imp,3.2.4
p003068,upi.com,prebid.media.net,request,2.6-202606,openrtb.field.undefined,error,imp[2].transactionId,3.2.4
p003068,upi.com,prebid.media.net,request,2.6-202606,openrtb.field.undefined,error,imp[3].all,3.2.4
p003068,upi.com,prebid.media.net,request,2.6-202606,openrtb.type.mismatch,error,imp[3].banner,3.2.4
p003068,upi.com,prebid.media.net,request,2.6-202606,openrtb.field.undefined,error,imp[3].ortb2Imp,3.2.4
p003068,upi.com,prebid.media.net,request,2.6-202606,openrtb.field.undefined,error,imp[3].transactionId,3.2.4
p003068,upi.com,prebid.media.net,request,2.6-202606,openrtb.field.undefined,error,imp[4].all,3.2.4
p003068,upi.com,prebid.media.net,request,2.6-202606,openrtb.type.mismatch,error,imp[4].banner,3.2.4
p003068,upi.com,prebid.media.net,request,2.6-202606,openrtb.field.undefined,error,imp[4].ortb2Imp,3.2.4
p003068,upi.com,prebid.media.net,request,2.6-202606,openrtb.field.undefined,error,imp[4].transactionId,3.2.4
p003068,upi.com,prebid.media.net,request,2.6-202606,openrtb.field.undefined,error,imp[5].all,3.2.4
p003068,upi.com,prebid.media.net,request,2.6-202606,openrtb.type.mismatch,error,imp[5].banner,3.2.4
p003068,upi.com,prebid.media.net,request,2.6-202606,openrtb.field.undefined,error,imp[5].ortb2Imp,3.2.4
p003068,upi.com,prebid.media.net,request,2.6-202606,openrtb.field.undefined,error,imp[5].transactionId,3.2.4
p003068,upi.com,prebid.media.net,request,2.6-202606,openrtb.field.undefined,error,imp[6].all,3.2.4
p003068,upi.com,prebid.media.net,request,2.6-202606,openrtb.type.mismatch,error,imp[6].banner,3.2.4
p003068,upi.com,prebid.media.net,request,2.6-202606,openrtb.field.undefined,error,imp[6].ortb2Imp,3.2.4
p003068,upi.com,prebid.media.net,request,2.6-202606,openrtb.field.undefined,error,imp[6].transactionId,3.2.4
p003068,upi.com,prebid.media.net,request,2.6-202606,openrtb.field.undefined,error,ortb2,3.2.1
p003068,upi.com,prebid.media.net,request,2.6-202606,openrtb.field.undefined,error,site.isTop,3.2.13
p003068,upi.com,prebid.media.net,request,2.6-202606,openrtb.field.undefined,error,site.topMostLocation,3.2.13
p003069,upi.com,prebid.media.net,request,2.6-202606,openrtb.field.undefined,error,imp[0].all,3.2.4
p003069,upi.com,prebid.media.net,request,2.6-202606,openrtb.type.mismatch,error,imp[0].banner,3.2.4
p003069,upi.com,prebid.media.net,request,2.6-202606,openrtb.field.undefined,error,imp[0].ortb2Imp,3.2.4
p003069,upi.com,prebid.media.net,request,2.6-202606,openrtb.field.undefined,error,imp[0].transactionId,3.2.4
p003069,upi.com,prebid.media.net,request,2.6-202606,openrtb.field.undefined,error,imp[1].all,3.2.4
p003069,upi.com,prebid.media.net,request,2.6-202606,openrtb.type.mismatch,error,imp[1].banner,3.2.4
p003069,upi.com,prebid.media.net,request,2.6-202606,openrtb.field.undefined,error,imp[1].ortb2Imp,3.2.4
p003069,upi.com,prebid.media.net,request,2.6-202606,openrtb.field.undefined,error,imp[1].transactionId,3.2.4
p003069,upi.com,prebid.media.net,request,2.6-202606,openrtb.field.undefined,error,imp[2].all,3.2.4
p003069,upi.com,prebid.media.net,request,2.6-202606,openrtb.type.mismatch,error,imp[2].banner,3.2.4
p003069,upi.com,prebid.media.net,request,2.6-202606,openrtb.field.undefined,error,imp[2].ortb2Imp,3.2.4
p003069,upi.com,prebid.media.net,request,2.6-202606,openrtb.field.undefined,error,imp[2].transactionId,3.2.4
p003069,upi.com,prebid.media.net,request,2.6-202606,openrtb.field.undefined,error,imp[3].all,3.2.4
p003069,upi.com,prebid.media.net,request,2.6-202606,openrtb.type.mismatch,error,imp[3].banner,3.2.4
p003069,upi.com,prebid.media.net,request,2.6-202606,openrtb.field.undefined,error,imp[3].ortb2Imp,3.2.4
p003069,upi.com,prebid.media.net,request,2.6-202606,openrtb.field.undefined,error,imp[3].transactionId,3.2.4
p003069,upi.com,prebid.media.net,request,2.6-202606,openrtb.field.undefined,error,ortb2,3.2.1
p003069,upi.com,prebid.media.net,request,2.6-202606,openrtb.field.undefined,error,site.isTop,3.2.13
p003069,upi.com,prebid.media.net,request,2.6-202606,openrtb.field.undefined,error,site.topMostLocation,3.2.13
p003070,urbandictionary.com,prebid.media.net,request,2.6-202606,openrtb.field.undefined,error,imp[0].all,3.2.4
p003070,urbandictionary.com,prebid.media.net,request,2.6-202606,openrtb.type.mismatch,error,imp[0].banner,3.2.4
p003070,urbandictionary.com,prebid.media.net,request,2.6-202606,openrtb.field.undefined,error,imp[0].ortb2Imp,3.2.4
p003070,urbandictionary.com,prebid.media.net,request,2.6-202606,openrtb.field.undefined,error,imp[0].transactionId,3.2.4
p003070,urbandictionary.com,prebid.media.net,request,2.6-202606,openrtb.field.undefined,error,imp[1].all,3.2.4
p003070,urbandictionary.com,prebid.media.net,request,2.6-202606,openrtb.type.mismatch,error,imp[1].banner,3.2.4
p003070,urbandictionary.com,prebid.media.net,request,2.6-202606,openrtb.field.undefined,error,imp[1].ortb2Imp,3.2.4
p003070,urbandictionary.com,prebid.media.net,request,2.6-202606,openrtb.field.undefined,error,imp[1].transactionId,3.2.4
p003070,urbandictionary.com,prebid.media.net,request,2.6-202606,openrtb.field.undefined,error,imp[2].all,3.2.4
p003070,urbandictionary.com,prebid.media.net,request,2.6-202606,openrtb.type.mismatch,error,imp[2].banner,3.2.4
p003070,urbandictionary.com,prebid.media.net,request,2.6-202606,openrtb.field.undefined,error,imp[2].ortb2Imp,3.2.4
p003070,urbandictionary.com,prebid.media.net,request,2.6-202606,openrtb.field.undefined,error,imp[2].transactionId,3.2.4
p003070,urbandictionary.com,prebid.media.net,request,2.6-202606,openrtb.field.undefined,error,imp[3].all,3.2.4
p003070,urbandictionary.com,prebid.media.net,request,2.6-202606,openrtb.type.mismatch,error,imp[3].banner,3.2.4
p003070,urbandictionary.com,prebid.media.net,request,2.6-202606,openrtb.field.undefined,error,imp[3].ortb2Imp,3.2.4
p003070,urbandictionary.com,prebid.media.net,request,2.6-202606,openrtb.field.undefined,error,imp[3].transactionId,3.2.4
p003070,urbandictionary.com,prebid.media.net,request,2.6-202606,openrtb.field.undefined,error,ortb2,3.2.1
p003070,urbandictionary.com,prebid.media.net,request,2.6-202606,openrtb.field.undefined,error,site.canonical_url,3.2.13
p003070,urbandictionary.com,prebid.media.net,request,2.6-202606,openrtb.field.undefined,error,site.isTop,3.2.13
p003070,urbandictionary.com,prebid.media.net,request,2.6-202606,openrtb.field.undefined,error,site.topMostLocation,3.2.13
p003071,urbandictionary.com,prebid.media.net,request,2.6-202606,openrtb.field.undefined,error,imp[0].all,3.2.4
p003071,urbandictionary.com,prebid.media.net,request,2.6-202606,openrtb.type.mismatch,error,imp[0].banner,3.2.4
p003071,urbandictionary.com,prebid.media.net,request,2.6-202606,openrtb.field.undefined,error,imp[0].ortb2Imp,3.2.4
p003071,urbandictionary.com,prebid.media.net,request,2.6-202606,openrtb.field.undefined,error,imp[0].transactionId,3.2.4
p003071,urbandictionary.com,prebid.media.net,request,2.6-202606,openrtb.field.undefined,error,ortb2,3.2.1
p003071,urbandictionary.com,prebid.media.net,request,2.6-202606,openrtb.field.undefined,error,site.canonical_url,3.2.13
p003071,urbandictionary.com,prebid.media.net,request,2.6-202606,openrtb.field.undefined,error,site.isTop,3.2.13
p003071,urbandictionary.com,prebid.media.net,request,2.6-202606,openrtb.field.undefined,error,site.topMostLocation,3.2.13
p003072,urbandictionary.com,prebid.media.net,request,2.6-202606,openrtb.field.undefined,error,imp[0].all,3.2.4
p003072,urbandictionary.com,prebid.media.net,request,2.6-202606,openrtb.type.mismatch,error,imp[0].banner,3.2.4
p003072,urbandictionary.com,prebid.media.net,request,2.6-202606,openrtb.field.undefined,error,imp[0].ortb2Imp,3.2.4
p003072,urbandictionary.com,prebid.media.net,request,2.6-202606,openrtb.field.undefined,error,imp[0].transactionId,3.2.4
p003072,urbandictionary.com,prebid.media.net,request,2.6-202606,openrtb.field.undefined,error,ortb2,3.2.1
p003072,urbandictionary.com,prebid.media.net,request,2.6-202606,openrtb.field.undefined,error,site.canonical_url,3.2.13
p003072,urbandictionary.com,prebid.media.net,request,2.6-202606,openrtb.field.undefined,error,site.isTop,3.2.13
p003072,urbandictionary.com,prebid.media.net,request,2.6-202606,openrtb.field.undefined,error,site.topMostLocation,3.2.13
p003073,vice.com,prebid.media.net,request,2.6-202606,openrtb.field.undefined,error,imp[0].all,3.2.4
p003073,vice.com,prebid.media.net,request,2.6-202606,openrtb.type.mismatch,error,imp[0].banner,3.2.4
p003073,vice.com,prebid.media.net,request,2.6-202606,openrtb.field.undefined,error,imp[0].bidfloors,3.2.4
p003073,vice.com,prebid.media.net,request,2.6-202606,openrtb.field.undefined,error,imp[0].ortb2Imp,3.2.4
p003073,vice.com,prebid.media.net,request,2.6-202606,openrtb.field.undefined,error,imp[0].transactionId,3.2.4
p003073,vice.com,prebid.media.net,request,2.6-202606,openrtb.field.undefined,error,imp[1].all,3.2.4
p003073,vice.com,prebid.media.net,request,2.6-202606,openrtb.type.mismatch,error,imp[1].banner,3.2.4
p003073,vice.com,prebid.media.net,request,2.6-202606,openrtb.field.undefined,error,imp[1].bidfloors,3.2.4
p003073,vice.com,prebid.media.net,request,2.6-202606,openrtb.field.undefined,error,imp[1].ortb2Imp,3.2.4
p003073,vice.com,prebid.media.net,request,2.6-202606,openrtb.field.undefined,error,imp[1].transactionId,3.2.4
p003073,vice.com,prebid.media.net,request,2.6-202606,openrtb.field.undefined,error,imp[2].all,3.2.4
p003073,vice.com,prebid.media.net,request,2.6-202606,openrtb.type.mismatch,error,imp[2].banner,3.2.4
p003073,vice.com,prebid.media.net,request,2.6-202606,openrtb.field.undefined,error,imp[2].bidfloors,3.2.4
p003073,vice.com,prebid.media.net,request,2.6-202606,openrtb.field.undefined,error,imp[2].ortb2Imp,3.2.4
p003073,vice.com,prebid.media.net,request,2.6-202606,openrtb.field.undefined,error,imp[2].transactionId,3.2.4
p003073,vice.com,prebid.media.net,request,2.6-202606,openrtb.field.undefined,error,ortb2,3.2.1
p003073,vice.com,prebid.media.net,request,2.6-202606,openrtb.field.undefined,error,site.canonical_url,3.2.13
p003073,vice.com,prebid.media.net,request,2.6-202606,openrtb.field.undefined,error,site.isTop,3.2.13
p003073,vice.com,prebid.media.net,request,2.6-202606,openrtb.field.undefined,error,site.topMostLocation,3.2.13
p003074,vice.com,prebid.media.net,request,2.6-202606,openrtb.field.undefined,error,imp[0].all,3.2.4
p003074,vice.com,prebid.media.net,request,2.6-202606,openrtb.type.mismatch,error,imp[0].banner,3.2.4
p003074,vice.com,prebid.media.net,request,2.6-202606,openrtb.field.undefined,error,imp[0].bidfloors,3.2.4
p003074,vice.com,prebid.media.net,request,2.6-202606,openrtb.field.undefined,error,imp[0].ortb2Imp,3.2.4
p003074,vice.com,prebid.media.net,request,2.6-202606,openrtb.field.undefined,error,imp[0].transactionId,3.2.4
p003074,vice.com,prebid.media.net,request,2.6-202606,openrtb.field.undefined,error,imp[1].all,3.2.4
p003074,vice.com,prebid.media.net,request,2.6-202606,openrtb.type.mismatch,error,imp[1].banner,3.2.4
p003074,vice.com,prebid.media.net,request,2.6-202606,openrtb.field.undefined,error,imp[1].bidfloors,3.2.4
p003074,vice.com,prebid.media.net,request,2.6-202606,openrtb.field.undefined,error,imp[1].ortb2Imp,3.2.4
p003074,vice.com,prebid.media.net,request,2.6-202606,openrtb.field.undefined,error,imp[1].transactionId,3.2.4
p003074,vice.com,prebid.media.net,request,2.6-202606,openrtb.field.undefined,error,ortb2,3.2.1
p003074,vice.com,prebid.media.net,request,2.6-202606,openrtb.field.undefined,error,site.canonical_url,3.2.13
p003074,vice.com,prebid.media.net,request,2.6-202606,openrtb.field.undefined,error,site.isTop,3.2.13
p003074,vice.com,prebid.media.net,request,2.6-202606,openrtb.field.undefined,error,site.topMostLocation,3.2.13
p003079,cupofjo.com,prebid.production.adthrive.com,request,2.6-202606,openrtb.field.deprecated,warning,imp[0].video.placement,Section 3.2.7
p003079,cupofjo.com,prebid.production.adthrive.com,request,2.6-202606,openrtb.value.invalid,error,imp[0].video.skip,3.2.7
p003080,cupofjo.com,prebid.production.adthrive.com,request,2.6-202606,openrtb.field.deprecated,warning,imp[0].video.placement,Section 3.2.7
p003080,cupofjo.com,prebid.production.adthrive.com,request,2.6-202606,openrtb.value.invalid,error,imp[0].video.skip,3.2.7
p003083,halfbakedharvest.com,prebid.production.adthrive.com,request,2.6-202606,openrtb.field.deprecated,warning,imp[0].video.placement,Section 3.2.7
p003083,halfbakedharvest.com,prebid.production.adthrive.com,request,2.6-202606,openrtb.value.invalid,error,imp[0].video.skip,3.2.7
p003084,halfbakedharvest.com,prebid.production.adthrive.com,request,2.6-202606,openrtb.field.deprecated,warning,imp[0].video.placement,Section 3.2.7
p003084,halfbakedharvest.com,prebid.production.adthrive.com,request,2.6-202606,openrtb.value.invalid,error,imp[0].video.skip,3.2.7
p003088,ranker.com,prebid.production.adthrive.com,request,2.6-202606,openrtb.field.deprecated,warning,imp[1].video.placement,Section 3.2.7
p003088,ranker.com,prebid.production.adthrive.com,request,2.6-202606,openrtb.value.invalid,error,imp[1].video.skip,3.2.7
p003088,ranker.com,prebid.production.adthrive.com,request,2.6-202606,openrtb.field.deprecated,warning,imp[3].video.placement,Section 3.2.7
p003088,ranker.com,prebid.production.adthrive.com,request,2.6-202606,openrtb.value.invalid,error,imp[3].video.skip,3.2.7
p003091,ranker.com,prebid.production.adthrive.com,request,2.6-202606,openrtb.field.deprecated,warning,imp[0].video.placement,Section 3.2.7
p003091,ranker.com,prebid.production.adthrive.com,request,2.6-202606,openrtb.value.invalid,error,imp[0].video.skip,3.2.7
p003092,ranker.com,prebid.production.adthrive.com,request,2.6-202606,openrtb.field.deprecated,warning,imp[0].video.placement,Section 3.2.7
p003092,ranker.com,prebid.production.adthrive.com,request,2.6-202606,openrtb.value.invalid,error,imp[0].video.skip,3.2.7
p003093,ranker.com,prebid.production.adthrive.com,request,2.6-202606,openrtb.field.deprecated,warning,imp[0].video.placement,Section 3.2.7
p003093,ranker.com,prebid.production.adthrive.com,request,2.6-202606,openrtb.value.invalid,error,imp[0].video.skip,3.2.7
p003094,ranker.com,prebid.production.adthrive.com,request,2.6-202606,openrtb.field.deprecated,warning,imp[0].video.placement,Section 3.2.7
p003094,ranker.com,prebid.production.adthrive.com,request,2.6-202606,openrtb.value.invalid,error,imp[0].video.skip,3.2.7
p003100,salon.com,prebid.production.adthrive.com,request,2.6-202606,openrtb.field.deprecated,warning,imp[0].video.placement,Section 3.2.7
p003100,salon.com,prebid.production.adthrive.com,request,2.6-202606,openrtb.value.invalid,error,imp[0].video.skip,3.2.7
p003102,salon.com,prebid.production.adthrive.com,request,2.6-202606,openrtb.field.deprecated,warning,imp[0].video.placement,Section 3.2.7
p003102,salon.com,prebid.production.adthrive.com,request,2.6-202606,openrtb.value.invalid,error,imp[0].video.skip,3.2.7
p003103,salon.com,prebid.production.adthrive.com,request,2.6-202606,openrtb.field.deprecated,warning,imp[1].video.placement,Section 3.2.7
p003103,salon.com,prebid.production.adthrive.com,request,2.6-202606,openrtb.value.invalid,error,imp[1].video.skip,3.2.7
p003103,salon.com,prebid.production.adthrive.com,request,2.6-202606,openrtb.field.deprecated,warning,imp[3].video.placement,Section 3.2.7
p003103,salon.com,prebid.production.adthrive.com,request,2.6-202606,openrtb.value.invalid,error,imp[3].video.skip,3.2.7
p003109,salon.com,prebid.production.adthrive.com,request,2.6-202606,openrtb.field.deprecated,warning,imp[0].video.placement,Section 3.2.7
p003109,salon.com,prebid.production.adthrive.com,request,2.6-202606,openrtb.value.invalid,error,imp[0].video.skip,3.2.7
p003110,salon.com,prebid.production.adthrive.com,request,2.6-202606,openrtb.field.deprecated,warning,imp[0].video.placement,Section 3.2.7
p003110,salon.com,prebid.production.adthrive.com,request,2.6-202606,openrtb.value.invalid,error,imp[0].video.skip,3.2.7
p003111,salon.com,prebid.production.adthrive.com,request,2.6-202606,openrtb.field.deprecated,warning,imp[0].video.placement,Section 3.2.7
p003111,salon.com,prebid.production.adthrive.com,request,2.6-202606,openrtb.value.invalid,error,imp[0].video.skip,3.2.7
p003112,salon.com,prebid.production.adthrive.com,request,2.6-202606,openrtb.field.deprecated,warning,imp[0].video.placement,Section 3.2.7
p003112,salon.com,prebid.production.adthrive.com,request,2.6-202606,openrtb.value.invalid,error,imp[0].video.skip,3.2.7
p003113,salon.com,prebid.production.adthrive.com,request,2.6-202606,openrtb.field.deprecated,warning,imp[0].video.placement,Section 3.2.7
p003113,salon.com,prebid.production.adthrive.com,request,2.6-202606,openrtb.value.invalid,error,imp[0].video.skip,3.2.7
p003115,webdesignerdepot.com,prebid.production.adthrive.com,request,2.6-202606,openrtb.field.deprecated,warning,imp[0].video.placement,Section 3.2.7
p003115,webdesignerdepot.com,prebid.production.adthrive.com,request,2.6-202606,openrtb.value.invalid,error,imp[0].video.skip,3.2.7
p003116,webdesignerdepot.com,prebid.production.adthrive.com,request,2.6-202606,openrtb.field.deprecated,warning,imp[1].video.placement,Section 3.2.7
p003116,webdesignerdepot.com,prebid.production.adthrive.com,request,2.6-202606,openrtb.value.invalid,error,imp[1].video.skip,3.2.7
p003118,webdesignerdepot.com,prebid.production.adthrive.com,request,2.6-202606,openrtb.field.deprecated,warning,imp[0].video.placement,Section 3.2.7
p003118,webdesignerdepot.com,prebid.production.adthrive.com,request,2.6-202606,openrtb.value.invalid,error,imp[0].video.skip,3.2.7
p003119,webdesignerdepot.com,prebid.production.adthrive.com,request,2.6-202606,openrtb.field.deprecated,warning,imp[0].video.placement,Section 3.2.7
p003119,webdesignerdepot.com,prebid.production.adthrive.com,request,2.6-202606,openrtb.value.invalid,error,imp[0].video.skip,3.2.7
p003121,cupofjo.com,prebid.production.adthrive.com,response,2.6-202606,openrtb.bid.mtype_missing,warning,seatbid[0].bid[0].mtype,4.2.3
p003122,cupofjo.com,prebid.production.adthrive.com,response,2.6-202606,openrtb.bid.mtype_missing,warning,seatbid[0].bid[0].mtype,4.2.3
p003122,cupofjo.com,prebid.production.adthrive.com,response,2.6-202606,openrtb.bid.mtype_missing,warning,seatbid[0].bid[1].mtype,4.2.3
p003122,cupofjo.com,prebid.production.adthrive.com,response,2.6-202606,openrtb.bid.mtype_missing,warning,seatbid[0].bid[2].mtype,4.2.3
p003122,cupofjo.com,prebid.production.adthrive.com,response,2.6-202606,openrtb.bid.mtype_missing,warning,seatbid[0].bid[3].mtype,4.2.3
p003123,cupofjo.com,prebid.production.adthrive.com,response,2.6-202606,openrtb.bid.mtype_missing,warning,seatbid[0].bid[0].mtype,4.2.3
p003123,cupofjo.com,prebid.production.adthrive.com,response,2.6-202606,openrtb.bid.mtype_missing,warning,seatbid[0].bid[1].mtype,4.2.3
p003123,cupofjo.com,prebid.production.adthrive.com,response,2.6-202606,openrtb.bid.mtype_missing,warning,seatbid[1].bid[0].mtype,4.2.3
p003124,cupofjo.com,prebid.production.adthrive.com,response,2.6-202606,openrtb.bid.mtype_missing,warning,seatbid[0].bid[0].mtype,4.2.3
p003124,cupofjo.com,prebid.production.adthrive.com,response,2.6-202606,openrtb.bid.mtype_missing,warning,seatbid[0].bid[1].mtype,4.2.3
p003124,cupofjo.com,prebid.production.adthrive.com,response,2.6-202606,openrtb.bid.mtype_missing,warning,seatbid[1].bid[0].mtype,4.2.3
p003125,cupofjo.com,prebid.production.adthrive.com,response,2.6-202606,openrtb.bid.mtype_missing,warning,seatbid[0].bid[0].mtype,4.2.3
p003125,cupofjo.com,prebid.production.adthrive.com,response,2.6-202606,openrtb.bid.mtype_missing,warning,seatbid[0].bid[1].mtype,4.2.3
p003125,cupofjo.com,prebid.production.adthrive.com,response,2.6-202606,openrtb.bid.mtype_missing,warning,seatbid[1].bid[0].mtype,4.2.3
p003126,halfbakedharvest.com,prebid.production.adthrive.com,response,2.6-202606,openrtb.bid.mtype_missing,warning,seatbid[0].bid[0].mtype,4.2.3
p003127,halfbakedharvest.com,prebid.production.adthrive.com,response,2.6-202606,openrtb.bid.mtype_missing,warning,seatbid[0].bid[0].mtype,4.2.3
p003127,halfbakedharvest.com,prebid.production.adthrive.com,response,2.6-202606,openrtb.bid.mtype_missing,warning,seatbid[0].bid[1].mtype,4.2.3
p003127,halfbakedharvest.com,prebid.production.adthrive.com,response,2.6-202606,openrtb.bid.mtype_missing,warning,seatbid[0].bid[2].mtype,4.2.3
p003127,halfbakedharvest.com,prebid.production.adthrive.com,response,2.6-202606,openrtb.bid.mtype_missing,warning,seatbid[0].bid[3].mtype,4.2.3
p003127,halfbakedharvest.com,prebid.production.adthrive.com,response,2.6-202606,openrtb.bid.mtype_missing,warning,seatbid[0].bid[4].mtype,4.2.3
p003129,halfbakedharvest.com,prebid.production.adthrive.com,response,2.6-202606,openrtb.bid.mtype_missing,warning,seatbid[0].bid[0].mtype,4.2.3
p003129,halfbakedharvest.com,prebid.production.adthrive.com,response,2.6-202606,openrtb.bid.mtype_missing,warning,seatbid[0].bid[1].mtype,4.2.3
p003129,halfbakedharvest.com,prebid.production.adthrive.com,response,2.6-202606,openrtb.bid.mtype_missing,warning,seatbid[1].bid[0].mtype,4.2.3
p003132,ranker.com,prebid.production.adthrive.com,response,2.6-202606,openrtb.bid.mtype_missing,warning,seatbid[0].bid[0].mtype,4.2.3
p003140,salon.com,prebid.production.adthrive.com,response,2.6-202606,openrtb.bid.mtype_missing,warning,seatbid[0].bid[0].mtype,4.2.3
p003141,salon.com,prebid.production.adthrive.com,response,2.6-202606,openrtb.bid.mtype_missing,warning,seatbid[0].bid[0].mtype,4.2.3
p003143,salon.com,prebid.production.adthrive.com,response,2.6-202606,openrtb.bid.mtype_missing,warning,seatbid[0].bid[0].mtype,4.2.3
p003145,salon.com,prebid.production.adthrive.com,response,2.6-202606,openrtb.bid.mtype_missing,warning,seatbid[0].bid[0].mtype,4.2.3
p003165,liga.net,prebid.setupad.io,request,2.6-202606,openrtb.field.undefined,error,setupad,3.2.1
p003169,urbandictionary.com,prebid.trustedstack.com,request,2.6-202606,openrtb.field.undefined,error,imp[0].all,3.2.4
p003169,urbandictionary.com,prebid.trustedstack.com,request,2.6-202606,openrtb.type.mismatch,error,imp[0].banner,3.2.4
p003169,urbandictionary.com,prebid.trustedstack.com,request,2.6-202606,openrtb.field.undefined,error,imp[0].ortb2Imp,3.2.4
p003169,urbandictionary.com,prebid.trustedstack.com,request,2.6-202606,openrtb.field.undefined,error,imp[0].transactionId,3.2.4
p003169,urbandictionary.com,prebid.trustedstack.com,request,2.6-202606,openrtb.field.undefined,error,imp[1].all,3.2.4
p003169,urbandictionary.com,prebid.trustedstack.com,request,2.6-202606,openrtb.type.mismatch,error,imp[1].banner,3.2.4
p003169,urbandictionary.com,prebid.trustedstack.com,request,2.6-202606,openrtb.field.undefined,error,imp[1].ortb2Imp,3.2.4
p003169,urbandictionary.com,prebid.trustedstack.com,request,2.6-202606,openrtb.field.undefined,error,imp[1].transactionId,3.2.4
p003169,urbandictionary.com,prebid.trustedstack.com,request,2.6-202606,openrtb.field.undefined,error,imp[2].all,3.2.4
p003169,urbandictionary.com,prebid.trustedstack.com,request,2.6-202606,openrtb.type.mismatch,error,imp[2].banner,3.2.4
p003169,urbandictionary.com,prebid.trustedstack.com,request,2.6-202606,openrtb.field.undefined,error,imp[2].ortb2Imp,3.2.4
p003169,urbandictionary.com,prebid.trustedstack.com,request,2.6-202606,openrtb.field.undefined,error,imp[2].transactionId,3.2.4
p003169,urbandictionary.com,prebid.trustedstack.com,request,2.6-202606,openrtb.field.undefined,error,imp[3].all,3.2.4
p003169,urbandictionary.com,prebid.trustedstack.com,request,2.6-202606,openrtb.type.mismatch,error,imp[3].banner,3.2.4
p003169,urbandictionary.com,prebid.trustedstack.com,request,2.6-202606,openrtb.field.undefined,error,imp[3].ortb2Imp,3.2.4
p003169,urbandictionary.com,prebid.trustedstack.com,request,2.6-202606,openrtb.field.undefined,error,imp[3].transactionId,3.2.4
p003169,urbandictionary.com,prebid.trustedstack.com,request,2.6-202606,openrtb.field.undefined,error,ortb2,3.2.1
p003169,urbandictionary.com,prebid.trustedstack.com,request,2.6-202606,openrtb.field.undefined,error,site.canonical_url,3.2.13
p003169,urbandictionary.com,prebid.trustedstack.com,request,2.6-202606,openrtb.field.undefined,error,site.isTop,3.2.13
p003169,urbandictionary.com,prebid.trustedstack.com,request,2.6-202606,openrtb.field.undefined,error,site.topMostLocation,3.2.13
p003170,urbandictionary.com,prebid.trustedstack.com,request,2.6-202606,openrtb.field.undefined,error,imp[0].all,3.2.4
p003170,urbandictionary.com,prebid.trustedstack.com,request,2.6-202606,openrtb.type.mismatch,error,imp[0].banner,3.2.4
p003170,urbandictionary.com,prebid.trustedstack.com,request,2.6-202606,openrtb.field.undefined,error,imp[0].ortb2Imp,3.2.4
p003170,urbandictionary.com,prebid.trustedstack.com,request,2.6-202606,openrtb.field.undefined,error,imp[0].transactionId,3.2.4
p003170,urbandictionary.com,prebid.trustedstack.com,request,2.6-202606,openrtb.field.undefined,error,ortb2,3.2.1
p003170,urbandictionary.com,prebid.trustedstack.com,request,2.6-202606,openrtb.field.undefined,error,site.canonical_url,3.2.13
p003170,urbandictionary.com,prebid.trustedstack.com,request,2.6-202606,openrtb.field.undefined,error,site.isTop,3.2.13
p003170,urbandictionary.com,prebid.trustedstack.com,request,2.6-202606,openrtb.field.undefined,error,site.topMostLocation,3.2.13
p003171,urbandictionary.com,prebid.trustedstack.com,request,2.6-202606,openrtb.field.undefined,error,imp[0].all,3.2.4
p003171,urbandictionary.com,prebid.trustedstack.com,request,2.6-202606,openrtb.type.mismatch,error,imp[0].banner,3.2.4
p003171,urbandictionary.com,prebid.trustedstack.com,request,2.6-202606,openrtb.field.undefined,error,imp[0].ortb2Imp,3.2.4
p003171,urbandictionary.com,prebid.trustedstack.com,request,2.6-202606,openrtb.field.undefined,error,imp[0].transactionId,3.2.4
p003171,urbandictionary.com,prebid.trustedstack.com,request,2.6-202606,openrtb.field.undefined,error,ortb2,3.2.1
p003171,urbandictionary.com,prebid.trustedstack.com,request,2.6-202606,openrtb.field.undefined,error,site.canonical_url,3.2.13
p003171,urbandictionary.com,prebid.trustedstack.com,request,2.6-202606,openrtb.field.undefined,error,site.isTop,3.2.13
p003171,urbandictionary.com,prebid.trustedstack.com,request,2.6-202606,openrtb.field.undefined,error,site.topMostLocation,3.2.13
p003172,vivitusuerte.com,prebid.trustedstack.com,request,2.6-202606,openrtb.field.undefined,error,imp[0].all,3.2.4
p003172,vivitusuerte.com,prebid.trustedstack.com,request,2.6-202606,openrtb.type.mismatch,error,imp[0].banner,3.2.4
p003172,vivitusuerte.com,prebid.trustedstack.com,request,2.6-202606,openrtb.field.undefined,error,imp[0].ortb2Imp,3.2.4
p003172,vivitusuerte.com,prebid.trustedstack.com,request,2.6-202606,openrtb.field.undefined,error,imp[0].transactionId,3.2.4
p003172,vivitusuerte.com,prebid.trustedstack.com,request,2.6-202606,openrtb.field.undefined,error,ortb2,3.2.1
p003172,vivitusuerte.com,prebid.trustedstack.com,request,2.6-202606,openrtb.field.undefined,error,site.isTop,3.2.13
p003172,vivitusuerte.com,prebid.trustedstack.com,request,2.6-202606,openrtb.field.undefined,error,site.topMostLocation,3.2.13
p003177,cupofjo.com,prebid2.production.adthrive.com,request,2.6-202606,openrtb.field.deprecated,warning,imp[0].video.placement,Section 3.2.7
p003177,cupofjo.com,prebid2.production.adthrive.com,request,2.6-202606,openrtb.value.invalid,error,imp[0].video.skip,3.2.7
p003178,cupofjo.com,prebid2.production.adthrive.com,request,2.6-202606,openrtb.field.deprecated,warning,imp[0].video.placement,Section 3.2.7
p003178,cupofjo.com,prebid2.production.adthrive.com,request,2.6-202606,openrtb.value.invalid,error,imp[0].video.skip,3.2.7
p003181,halfbakedharvest.com,prebid2.production.adthrive.com,request,2.6-202606,openrtb.field.deprecated,warning,imp[0].video.placement,Section 3.2.7
p003181,halfbakedharvest.com,prebid2.production.adthrive.com,request,2.6-202606,openrtb.value.invalid,error,imp[0].video.skip,3.2.7
p003182,halfbakedharvest.com,prebid2.production.adthrive.com,request,2.6-202606,openrtb.field.deprecated,warning,imp[0].video.placement,Section 3.2.7
p003182,halfbakedharvest.com,prebid2.production.adthrive.com,request,2.6-202606,openrtb.value.invalid,error,imp[0].video.skip,3.2.7
p003186,ranker.com,prebid2.production.adthrive.com,request,2.6-202606,openrtb.field.deprecated,warning,imp[1].video.placement,Section 3.2.7
p003186,ranker.com,prebid2.production.adthrive.com,request,2.6-202606,openrtb.value.invalid,error,imp[1].video.skip,3.2.7
p003186,ranker.com,prebid2.production.adthrive.com,request,2.6-202606,openrtb.field.deprecated,warning,imp[3].video.placement,Section 3.2.7
p003186,ranker.com,prebid2.production.adthrive.com,request,2.6-202606,openrtb.value.invalid,error,imp[3].video.skip,3.2.7
p003186,ranker.com,prebid2.production.adthrive.com,request,2.6-202606,openrtb.field.deprecated,warning,imp[5].video.placement,Section 3.2.7
p003186,ranker.com,prebid2.production.adthrive.com,request,2.6-202606,openrtb.value.invalid,error,imp[5].video.skip,3.2.7
p003189,ranker.com,prebid2.production.adthrive.com,request,2.6-202606,openrtb.field.deprecated,warning,imp[0].video.placement,Section 3.2.7
p003189,ranker.com,prebid2.production.adthrive.com,request,2.6-202606,openrtb.value.invalid,error,imp[0].video.skip,3.2.7
p003190,ranker.com,prebid2.production.adthrive.com,request,2.6-202606,openrtb.field.deprecated,warning,imp[0].video.placement,Section 3.2.7
p003190,ranker.com,prebid2.production.adthrive.com,request,2.6-202606,openrtb.value.invalid,error,imp[0].video.skip,3.2.7
p003191,ranker.com,prebid2.production.adthrive.com,request,2.6-202606,openrtb.field.deprecated,warning,imp[0].video.placement,Section 3.2.7
p003191,ranker.com,prebid2.production.adthrive.com,request,2.6-202606,openrtb.value.invalid,error,imp[0].video.skip,3.2.7
p003192,ranker.com,prebid2.production.adthrive.com,request,2.6-202606,openrtb.field.deprecated,warning,imp[0].video.placement,Section 3.2.7
p003192,ranker.com,prebid2.production.adthrive.com,request,2.6-202606,openrtb.value.invalid,error,imp[0].video.skip,3.2.7
p003198,salon.com,prebid2.production.adthrive.com,request,2.6-202606,openrtb.field.deprecated,warning,imp[0].video.placement,Section 3.2.7
p003198,salon.com,prebid2.production.adthrive.com,request,2.6-202606,openrtb.value.invalid,error,imp[0].video.skip,3.2.7
p003200,salon.com,prebid2.production.adthrive.com,request,2.6-202606,openrtb.field.deprecated,warning,imp[0].video.placement,Section 3.2.7
p003200,salon.com,prebid2.production.adthrive.com,request,2.6-202606,openrtb.value.invalid,error,imp[0].video.skip,3.2.7
p003201,salon.com,prebid2.production.adthrive.com,request,2.6-202606,openrtb.field.deprecated,warning,imp[1].video.placement,Section 3.2.7
p003201,salon.com,prebid2.production.adthrive.com,request,2.6-202606,openrtb.value.invalid,error,imp[1].video.skip,3.2.7
p003201,salon.com,prebid2.production.adthrive.com,request,2.6-202606,openrtb.field.deprecated,warning,imp[2].video.placement,Section 3.2.7
p003201,salon.com,prebid2.production.adthrive.com,request,2.6-202606,openrtb.value.invalid,error,imp[2].video.skip,3.2.7
p003201,salon.com,prebid2.production.adthrive.com,request,2.6-202606,openrtb.field.deprecated,warning,imp[4].video.placement,Section 3.2.7
p003201,salon.com,prebid2.production.adthrive.com,request,2.6-202606,openrtb.value.invalid,error,imp[4].video.skip,3.2.7
p003207,salon.com,prebid2.production.adthrive.com,request,2.6-202606,openrtb.field.deprecated,warning,imp[0].video.placement,Section 3.2.7
p003207,salon.com,prebid2.production.adthrive.com,request,2.6-202606,openrtb.value.invalid,error,imp[0].video.skip,3.2.7
p003208,salon.com,prebid2.production.adthrive.com,request,2.6-202606,openrtb.field.deprecated,warning,imp[0].video.placement,Section 3.2.7
p003208,salon.com,prebid2.production.adthrive.com,request,2.6-202606,openrtb.value.invalid,error,imp[0].video.skip,3.2.7
p003209,salon.com,prebid2.production.adthrive.com,request,2.6-202606,openrtb.field.deprecated,warning,imp[0].video.placement,Section 3.2.7
p003209,salon.com,prebid2.production.adthrive.com,request,2.6-202606,openrtb.value.invalid,error,imp[0].video.skip,3.2.7
p003210,salon.com,prebid2.production.adthrive.com,request,2.6-202606,openrtb.field.deprecated,warning,imp[0].video.placement,Section 3.2.7
p003210,salon.com,prebid2.production.adthrive.com,request,2.6-202606,openrtb.value.invalid,error,imp[0].video.skip,3.2.7
p003211,salon.com,prebid2.production.adthrive.com,request,2.6-202606,openrtb.field.deprecated,warning,imp[0].video.placement,Section 3.2.7
p003211,salon.com,prebid2.production.adthrive.com,request,2.6-202606,openrtb.value.invalid,error,imp[0].video.skip,3.2.7
p003213,webdesignerdepot.com,prebid2.production.adthrive.com,request,2.6-202606,openrtb.field.deprecated,warning,imp[0].video.placement,Section 3.2.7
p003213,webdesignerdepot.com,prebid2.production.adthrive.com,request,2.6-202606,openrtb.value.invalid,error,imp[0].video.skip,3.2.7
p003214,webdesignerdepot.com,prebid2.production.adthrive.com,request,2.6-202606,openrtb.field.deprecated,warning,imp[1].video.placement,Section 3.2.7
p003214,webdesignerdepot.com,prebid2.production.adthrive.com,request,2.6-202606,openrtb.value.invalid,error,imp[1].video.skip,3.2.7
p003214,webdesignerdepot.com,prebid2.production.adthrive.com,request,2.6-202606,openrtb.field.deprecated,warning,imp[2].video.placement,Section 3.2.7
p003214,webdesignerdepot.com,prebid2.production.adthrive.com,request,2.6-202606,openrtb.value.invalid,error,imp[2].video.skip,3.2.7
p003216,webdesignerdepot.com,prebid2.production.adthrive.com,request,2.6-202606,openrtb.field.deprecated,warning,imp[0].video.placement,Section 3.2.7
p003216,webdesignerdepot.com,prebid2.production.adthrive.com,request,2.6-202606,openrtb.value.invalid,error,imp[0].video.skip,3.2.7
p003217,webdesignerdepot.com,prebid2.production.adthrive.com,request,2.6-202606,openrtb.field.deprecated,warning,imp[0].video.placement,Section 3.2.7
p003217,webdesignerdepot.com,prebid2.production.adthrive.com,request,2.6-202606,openrtb.value.invalid,error,imp[0].video.skip,3.2.7
p003221,cupofjo.com,prebid2.production.adthrive.com,response,2.6-202606,openrtb.bid.mtype_missing,warning,seatbid[0].bid[0].mtype,4.2.3
p003226,halfbakedharvest.com,prebid2.production.adthrive.com,response,2.6-202606,openrtb.bid.mtype_missing,warning,seatbid[1].bid[0].mtype,4.2.3
p003238,salon.com,prebid2.production.adthrive.com,response,2.6-202606,openrtb.bid.mtype_missing,warning,seatbid[0].bid[0].mtype,4.2.3
p003238,salon.com,prebid2.production.adthrive.com,response,2.6-202606,openrtb.bid.mtype_missing,warning,seatbid[0].bid[1].mtype,4.2.3
p003263,genealogy.com,ps.ex.co,request,2.6-202606,openrtb.field.deprecated,warning,imp[0].video.placement,Section 3.2.7
p003264,genealogy.com,ps.ex.co,request,2.6-202606,openrtb.field.deprecated,warning,imp[0].video.placement,Section 3.2.7
p003265,genealogy.com,ps.ex.co,request,2.6-202606,openrtb.field.deprecated,warning,imp[0].video.placement,Section 3.2.7
p003266,genealogy.com,ps.ex.co,request,2.6-202606,openrtb.field.deprecated,warning,imp[0].video.placement,Section 3.2.7
p003267,genealogy.com,ps.ex.co,request,2.6-202606,openrtb.field.deprecated,warning,imp[0].video.placement,Section 3.2.7
p003268,genealogy.com,ps.ex.co,request,2.6-202606,openrtb.field.deprecated,warning,imp[0].video.placement,Section 3.2.7
p003269,montgomeryadvertiser.com,ps.ex.co,request,2.6-202606,openrtb.field.deprecated,warning,imp[0].video.placement,Section 3.2.7
p003269,montgomeryadvertiser.com,ps.ex.co,request,2.6-202606,openrtb.value.invalid,error,imp[0].video.skip,3.2.7
p003269,montgomeryadvertiser.com,ps.ex.co,request,2.6-202606,openrtb.field.deprecated,warning,imp[1].video.placement,Section 3.2.7
p003269,montgomeryadvertiser.com,ps.ex.co,request,2.6-202606,openrtb.value.invalid,error,imp[1].video.skip,3.2.7
p003269,montgomeryadvertiser.com,ps.ex.co,request,2.6-202606,openrtb.field.deprecated,warning,imp[2].video.placement,Section 3.2.7
p003269,montgomeryadvertiser.com,ps.ex.co,request,2.6-202606,openrtb.value.invalid,error,imp[2].video.skip,3.2.7
p003269,montgomeryadvertiser.com,ps.ex.co,request,2.6-202606,openrtb.field.deprecated,warning,imp[3].video.placement,Section 3.2.7
p003269,montgomeryadvertiser.com,ps.ex.co,request,2.6-202606,openrtb.value.invalid,error,imp[3].video.skip,3.2.7
p003269,montgomeryadvertiser.com,ps.ex.co,request,2.6-202606,openrtb.field.deprecated,warning,imp[4].video.placement,Section 3.2.7
p003270,tennessean.com,ps.ex.co,request,2.6-202606,openrtb.field.deprecated,warning,imp[0].video.placement,Section 3.2.7
p003270,tennessean.com,ps.ex.co,request,2.6-202606,openrtb.value.invalid,error,imp[0].video.skip,3.2.7
p003270,tennessean.com,ps.ex.co,request,2.6-202606,openrtb.field.deprecated,warning,imp[1].video.placement,Section 3.2.7
p003270,tennessean.com,ps.ex.co,request,2.6-202606,openrtb.value.invalid,error,imp[1].video.skip,3.2.7
p003270,tennessean.com,ps.ex.co,request,2.6-202606,openrtb.field.deprecated,warning,imp[2].video.placement,Section 3.2.7
p003270,tennessean.com,ps.ex.co,request,2.6-202606,openrtb.value.invalid,error,imp[2].video.skip,3.2.7
p003270,tennessean.com,ps.ex.co,request,2.6-202606,openrtb.field.deprecated,warning,imp[3].video.placement,Section 3.2.7
p003270,tennessean.com,ps.ex.co,request,2.6-202606,openrtb.value.invalid,error,imp[3].video.skip,3.2.7
p003270,tennessean.com,ps.ex.co,request,2.6-202606,openrtb.field.deprecated,warning,imp[4].video.placement,Section 3.2.7
p003270,tennessean.com,ps.ex.co,request,2.6-202606,openrtb.field.deprecated,warning,imp[5].video.placement,Section 3.2.7
p003271,eonline.com,reachms.bfmio.com,request,2.6-202606,openrtb.field.undefined,error,appId,3.2.1
p003271,eonline.com,reachms.bfmio.com,request,2.6-202606,openrtb.type.mismatch,error,device.connectiontype,3.2.18
p003271,eonline.com,reachms.bfmio.com,request,2.6-202606,openrtb.field.undefined,error,domain,3.2.1
p003271,eonline.com,reachms.bfmio.com,request,2.6-202606,openrtb.field.required,error,imp[0].id,3.2.4
p003271,eonline.com,reachms.bfmio.com,request,2.6-202606,openrtb.field.deprecated,warning,imp[0].video.placement,Section 3.2.7
p003271,eonline.com,reachms.bfmio.com,request,2.6-202606,openrtb.field.undefined,error,imp[0].video.renderer,3.2.7
p003271,eonline.com,reachms.bfmio.com,request,2.6-202606,openrtb.value.invalid,error,imp[0].video.skip,3.2.7
p003271,eonline.com,reachms.bfmio.com,request,2.6-202606,openrtb.field.undefined,error,imp[0].video.useCacheKey,3.2.7
p003271,eonline.com,reachms.bfmio.com,request,2.6-202606,openrtb.field.undefined,error,isPrebid,3.2.1
p003272,eonline.com,reachms.bfmio.com,request,2.6-202606,openrtb.field.undefined,error,appId,3.2.1
p003272,eonline.com,reachms.bfmio.com,request,2.6-202606,openrtb.type.mismatch,error,device.connectiontype,3.2.18
p003272,eonline.com,reachms.bfmio.com,request,2.6-202606,openrtb.field.undefined,error,domain,3.2.1
p003272,eonline.com,reachms.bfmio.com,request,2.6-202606,openrtb.field.required,error,imp[0].id,3.2.4
p003272,eonline.com,reachms.bfmio.com,request,2.6-202606,openrtb.field.deprecated,warning,imp[0].video.placement,Section 3.2.7
p003272,eonline.com,reachms.bfmio.com,request,2.6-202606,openrtb.field.undefined,error,imp[0].video.renderer,3.2.7
p003272,eonline.com,reachms.bfmio.com,request,2.6-202606,openrtb.value.invalid,error,imp[0].video.skip,3.2.7
p003272,eonline.com,reachms.bfmio.com,request,2.6-202606,openrtb.field.undefined,error,imp[0].video.useCacheKey,3.2.7
p003272,eonline.com,reachms.bfmio.com,request,2.6-202606,openrtb.field.undefined,error,isPrebid,3.2.1
p003273,eonline.com,reachms.bfmio.com,request,2.6-202606,openrtb.field.undefined,error,appId,3.2.1
p003273,eonline.com,reachms.bfmio.com,request,2.6-202606,openrtb.type.mismatch,error,device.connectiontype,3.2.18
p003273,eonline.com,reachms.bfmio.com,request,2.6-202606,openrtb.field.undefined,error,domain,3.2.1
p003273,eonline.com,reachms.bfmio.com,request,2.6-202606,openrtb.field.required,error,imp[0].id,3.2.4
p003273,eonline.com,reachms.bfmio.com,request,2.6-202606,openrtb.field.deprecated,warning,imp[0].video.placement,Section 3.2.7
p003273,eonline.com,reachms.bfmio.com,request,2.6-202606,openrtb.field.undefined,error,imp[0].video.renderer,3.2.7
p003273,eonline.com,reachms.bfmio.com,request,2.6-202606,openrtb.value.invalid,error,imp[0].video.skip,3.2.7
p003273,eonline.com,reachms.bfmio.com,request,2.6-202606,openrtb.field.undefined,error,imp[0].video.useCacheKey,3.2.7
p003273,eonline.com,reachms.bfmio.com,request,2.6-202606,openrtb.field.undefined,error,isPrebid,3.2.1
p003274,eonline.com,reachms.bfmio.com,request,2.6-202606,openrtb.field.undefined,error,appId,3.2.1
p003274,eonline.com,reachms.bfmio.com,request,2.6-202606,openrtb.type.mismatch,error,device.connectiontype,3.2.18
p003274,eonline.com,reachms.bfmio.com,request,2.6-202606,openrtb.field.undefined,error,domain,3.2.1
p003274,eonline.com,reachms.bfmio.com,request,2.6-202606,openrtb.field.required,error,imp[0].id,3.2.4
p003274,eonline.com,reachms.bfmio.com,request,2.6-202606,openrtb.field.deprecated,warning,imp[0].video.placement,Section 3.2.7
p003274,eonline.com,reachms.bfmio.com,request,2.6-202606,openrtb.field.undefined,error,imp[0].video.renderer,3.2.7
p003274,eonline.com,reachms.bfmio.com,request,2.6-202606,openrtb.value.invalid,error,imp[0].video.skip,3.2.7
p003274,eonline.com,reachms.bfmio.com,request,2.6-202606,openrtb.field.undefined,error,imp[0].video.useCacheKey,3.2.7
p003274,eonline.com,reachms.bfmio.com,request,2.6-202606,openrtb.field.undefined,error,isPrebid,3.2.1
p003275,eonline.com,reachms.bfmio.com,request,2.6-202606,openrtb.field.undefined,error,appId,3.2.1
p003275,eonline.com,reachms.bfmio.com,request,2.6-202606,openrtb.type.mismatch,error,device.connectiontype,3.2.18
p003275,eonline.com,reachms.bfmio.com,request,2.6-202606,openrtb.field.undefined,error,domain,3.2.1
p003275,eonline.com,reachms.bfmio.com,request,2.6-202606,openrtb.field.required,error,imp[0].id,3.2.4
p003275,eonline.com,reachms.bfmio.com,request,2.6-202606,openrtb.field.deprecated,warning,imp[0].video.placement,Section 3.2.7
p003275,eonline.com,reachms.bfmio.com,request,2.6-202606,openrtb.field.undefined,error,imp[0].video.renderer,3.2.7
p003275,eonline.com,reachms.bfmio.com,request,2.6-202606,openrtb.value.invalid,error,imp[0].video.skip,3.2.7
p003275,eonline.com,reachms.bfmio.com,request,2.6-202606,openrtb.field.undefined,error,imp[0].video.useCacheKey,3.2.7
p003275,eonline.com,reachms.bfmio.com,request,2.6-202606,openrtb.field.undefined,error,isPrebid,3.2.1
p003276,eonline.com,reachms.bfmio.com,request,2.6-202606,openrtb.field.undefined,error,appId,3.2.1
p003276,eonline.com,reachms.bfmio.com,request,2.6-202606,openrtb.type.mismatch,error,device.connectiontype,3.2.18
p003276,eonline.com,reachms.bfmio.com,request,2.6-202606,openrtb.field.undefined,error,domain,3.2.1
p003276,eonline.com,reachms.bfmio.com,request,2.6-202606,openrtb.field.required,error,imp[0].id,3.2.4
p003276,eonline.com,reachms.bfmio.com,request,2.6-202606,openrtb.field.deprecated,warning,imp[0].video.placement,Section 3.2.7
p003276,eonline.com,reachms.bfmio.com,request,2.6-202606,openrtb.field.undefined,error,imp[0].video.renderer,3.2.7
p003276,eonline.com,reachms.bfmio.com,request,2.6-202606,openrtb.value.invalid,error,imp[0].video.skip,3.2.7
p003276,eonline.com,reachms.bfmio.com,request,2.6-202606,openrtb.field.undefined,error,imp[0].video.useCacheKey,3.2.7
p003276,eonline.com,reachms.bfmio.com,request,2.6-202606,openrtb.field.undefined,error,isPrebid,3.2.1
p003277,eonline.com,reachms.bfmio.com,request,2.6-202606,openrtb.field.undefined,error,appId,3.2.1
p003277,eonline.com,reachms.bfmio.com,request,2.6-202606,openrtb.type.mismatch,error,device.connectiontype,3.2.18
p003277,eonline.com,reachms.bfmio.com,request,2.6-202606,openrtb.field.undefined,error,domain,3.2.1
p003277,eonline.com,reachms.bfmio.com,request,2.6-202606,openrtb.field.required,error,imp[0].id,3.2.4
p003277,eonline.com,reachms.bfmio.com,request,2.6-202606,openrtb.field.deprecated,warning,imp[0].video.placement,Section 3.2.7
p003277,eonline.com,reachms.bfmio.com,request,2.6-202606,openrtb.field.undefined,error,imp[0].video.renderer,3.2.7
p003277,eonline.com,reachms.bfmio.com,request,2.6-202606,openrtb.value.invalid,error,imp[0].video.skip,3.2.7
p003277,eonline.com,reachms.bfmio.com,request,2.6-202606,openrtb.field.undefined,error,imp[0].video.useCacheKey,3.2.7
p003277,eonline.com,reachms.bfmio.com,request,2.6-202606,openrtb.field.undefined,error,isPrebid,3.2.1
p003278,eonline.com,reachms.bfmio.com,request,2.6-202606,openrtb.field.undefined,error,appId,3.2.1
p003278,eonline.com,reachms.bfmio.com,request,2.6-202606,openrtb.type.mismatch,error,device.connectiontype,3.2.18
p003278,eonline.com,reachms.bfmio.com,request,2.6-202606,openrtb.field.undefined,error,domain,3.2.1
p003278,eonline.com,reachms.bfmio.com,request,2.6-202606,openrtb.field.required,error,imp[0].id,3.2.4
p003278,eonline.com,reachms.bfmio.com,request,2.6-202606,openrtb.field.deprecated,warning,imp[0].video.placement,Section 3.2.7
p003278,eonline.com,reachms.bfmio.com,request,2.6-202606,openrtb.field.undefined,error,imp[0].video.renderer,3.2.7
p003278,eonline.com,reachms.bfmio.com,request,2.6-202606,openrtb.value.invalid,error,imp[0].video.skip,3.2.7
p003278,eonline.com,reachms.bfmio.com,request,2.6-202606,openrtb.field.undefined,error,imp[0].video.useCacheKey,3.2.7
p003278,eonline.com,reachms.bfmio.com,request,2.6-202606,openrtb.field.undefined,error,isPrebid,3.2.1
p003281,halfbakedharvest.com,rpbs-iad1-ngf.production.adthrive.com,request,2.6-202606,openrtb.field.deprecated,warning,imp[0].video.placement,Section 3.2.7
p003281,halfbakedharvest.com,rpbs-iad1-ngf.production.adthrive.com,request,2.6-202606,openrtb.value.invalid,error,imp[0].video.skip,3.2.7
p003282,halfbakedharvest.com,rpbs-iad1-ngf.production.adthrive.com,request,2.6-202606,openrtb.field.deprecated,warning,imp[1].video.placement,Section 3.2.7
p003282,halfbakedharvest.com,rpbs-iad1-ngf.production.adthrive.com,request,2.6-202606,openrtb.value.invalid,error,imp[1].video.skip,3.2.7
p003282,halfbakedharvest.com,rpbs-iad1-ngf.production.adthrive.com,request,2.6-202606,openrtb.field.deprecated,warning,imp[3].video.placement,Section 3.2.7
p003282,halfbakedharvest.com,rpbs-iad1-ngf.production.adthrive.com,request,2.6-202606,openrtb.value.invalid,error,imp[3].video.skip,3.2.7
p003282,halfbakedharvest.com,rpbs-iad1-ngf.production.adthrive.com,request,2.6-202606,openrtb.field.deprecated,warning,imp[5].video.placement,Section 3.2.7
p003282,halfbakedharvest.com,rpbs-iad1-ngf.production.adthrive.com,request,2.6-202606,openrtb.value.invalid,error,imp[5].video.skip,3.2.7
p003284,halfbakedharvest.com,rpbs-iad1-ngf.production.adthrive.com,request,2.6-202606,openrtb.field.deprecated,warning,imp[0].video.placement,Section 3.2.7
p003284,halfbakedharvest.com,rpbs-iad1-ngf.production.adthrive.com,request,2.6-202606,openrtb.value.invalid,error,imp[0].video.skip,3.2.7
p003290,halfbakedharvest.com,rpbs-iad1-ngf.production.adthrive.com,response,2.6-202606,openrtb.bid.mtype_missing,warning,seatbid[1].bid[0].mtype,4.2.3
p003293,halfbakedharvest.com,rpbs-sjc1-ngf.production.adthrive.com,request,2.6-202606,openrtb.field.deprecated,warning,imp[0].video.placement,Section 3.2.7
p003293,halfbakedharvest.com,rpbs-sjc1-ngf.production.adthrive.com,request,2.6-202606,openrtb.value.invalid,error,imp[0].video.skip,3.2.7
p003294,halfbakedharvest.com,rpbs-sjc1-ngf.production.adthrive.com,request,2.6-202606,openrtb.field.deprecated,warning,imp[1].video.placement,Section 3.2.7
p003294,halfbakedharvest.com,rpbs-sjc1-ngf.production.adthrive.com,request,2.6-202606,openrtb.value.invalid,error,imp[1].video.skip,3.2.7
p003294,halfbakedharvest.com,rpbs-sjc1-ngf.production.adthrive.com,request,2.6-202606,openrtb.field.deprecated,warning,imp[3].video.placement,Section 3.2.7
p003294,halfbakedharvest.com,rpbs-sjc1-ngf.production.adthrive.com,request,2.6-202606,openrtb.value.invalid,error,imp[3].video.skip,3.2.7
p003296,halfbakedharvest.com,rpbs-sjc1-ngf.production.adthrive.com,request,2.6-202606,openrtb.field.deprecated,warning,imp[0].video.placement,Section 3.2.7
p003296,halfbakedharvest.com,rpbs-sjc1-ngf.production.adthrive.com,request,2.6-202606,openrtb.value.invalid,error,imp[0].video.skip,3.2.7
p003297,halfbakedharvest.com,rpbs-sjc1-ngf.production.adthrive.com,response,2.6-202606,openrtb.bid.mtype_missing,warning,seatbid[0].bid[0].mtype,4.2.3
p003298,halfbakedharvest.com,rpbs-sjc1-ngf.production.adthrive.com,response,2.6-202606,openrtb.bid.mtype_missing,warning,seatbid[0].bid[0].mtype,4.2.3
p003298,halfbakedharvest.com,rpbs-sjc1-ngf.production.adthrive.com,response,2.6-202606,openrtb.bid.mtype_missing,warning,seatbid[0].bid[1].mtype,4.2.3
p003298,halfbakedharvest.com,rpbs-sjc1-ngf.production.adthrive.com,response,2.6-202606,openrtb.bid.mtype_missing,warning,seatbid[0].bid[2].mtype,4.2.3
p003298,halfbakedharvest.com,rpbs-sjc1-ngf.production.adthrive.com,response,2.6-202606,openrtb.bid.mtype_missing,warning,seatbid[0].bid[3].mtype,4.2.3
p003298,halfbakedharvest.com,rpbs-sjc1-ngf.production.adthrive.com,response,2.6-202606,openrtb.bid.mtype_missing,warning,seatbid[1].bid[0].mtype,4.2.3
p003299,halfbakedharvest.com,rpbs-sjc1-ngf.production.adthrive.com,response,2.6-202606,openrtb.bid.mtype_missing,warning,seatbid[0].bid[0].mtype,4.2.3
p003299,halfbakedharvest.com,rpbs-sjc1-ngf.production.adthrive.com,response,2.6-202606,openrtb.bid.mtype_missing,warning,seatbid[0].bid[1].mtype,4.2.3
p003299,halfbakedharvest.com,rpbs-sjc1-ngf.production.adthrive.com,response,2.6-202606,openrtb.bid.mtype_missing,warning,seatbid[0].bid[2].mtype,4.2.3
p003300,halfbakedharvest.com,rpbs-sjc1-ngf.production.adthrive.com,response,2.6-202606,openrtb.bid.mtype_missing,warning,seatbid[0].bid[0].mtype,4.2.3
p003302,halfbakedharvest.com,rpbs-sjc1-ngf.production.adthrive.com,response,2.6-202606,openrtb.bid.mtype_missing,warning,seatbid[0].bid[0].mtype,4.2.3
p003303,cityam.com,rt.marphezis.com,request,2.6-202606,openrtb.type.mismatch,error,site.publisher.id,3.2.15
p003309,falstaff.com,rt.marphezis.com,request,2.6-202606,openrtb.type.mismatch,error,site.publisher.id,3.2.15
p003310,fox11online.com,rt.marphezis.com,request,2.6-202606,openrtb.type.mismatch,error,site.publisher.id,3.2.15
p003311,fox11online.com,rt.marphezis.com,request,2.6-202606,openrtb.type.mismatch,error,site.publisher.id,3.2.15
p003313,moly.hu,rt.marphezis.com,request,2.6-202606,openrtb.field.moved,error,regs.ext.gdpr,Section 3.2.3
p003314,moly.hu,rt.marphezis.com,request,2.6-202606,openrtb.field.moved,error,regs.ext.gdpr,Section 3.2.3
p003315,nationaltoday.com,rt.marphezis.com,request,2.6-202606,openrtb.field.moved,error,regs.ext.gdpr,Section 3.2.3
p003316,nationaltoday.com,rt.marphezis.com,request,2.6-202606,openrtb.field.moved,error,regs.ext.gdpr,Section 3.2.3
p003317,nationaltoday.com,rt.marphezis.com,request,2.6-202606,openrtb.field.moved,error,regs.ext.gdpr,Section 3.2.3
p003318,psychcentral.com,rt.marphezis.com,request,2.6-202606,openrtb.type.mismatch,error,site.publisher.id,3.2.15
p003318,psychcentral.com,rt.marphezis.com,request,2.6-202606,openrtb.field.moved,error,user.ext.consent,Section 3.2.20
p003319,psychcentral.com,rt.marphezis.com,request,2.6-202606,openrtb.type.mismatch,error,site.publisher.id,3.2.15
p003319,psychcentral.com,rt.marphezis.com,request,2.6-202606,openrtb.field.moved,error,user.ext.consent,Section 3.2.20
p003320,psychcentral.com,rt.marphezis.com,request,2.6-202606,openrtb.type.mismatch,error,site.publisher.id,3.2.15
p003320,psychcentral.com,rt.marphezis.com,request,2.6-202606,openrtb.field.moved,error,user.ext.consent,Section 3.2.20
p003321,psychcentral.com,rt.marphezis.com,request,2.6-202606,openrtb.type.mismatch,error,site.publisher.id,3.2.15
p003321,psychcentral.com,rt.marphezis.com,request,2.6-202606,openrtb.field.moved,error,user.ext.consent,Section 3.2.20
p003322,psychcentral.com,rt.marphezis.com,request,2.6-202606,openrtb.type.mismatch,error,site.publisher.id,3.2.15
p003322,psychcentral.com,rt.marphezis.com,request,2.6-202606,openrtb.field.moved,error,user.ext.consent,Section 3.2.20
p003323,psychcentral.com,rt.marphezis.com,request,2.6-202606,openrtb.type.mismatch,error,site.publisher.id,3.2.15
p003323,psychcentral.com,rt.marphezis.com,request,2.6-202606,openrtb.field.moved,error,user.ext.consent,Section 3.2.20
p003324,psychcentral.com,rt.marphezis.com,request,2.6-202606,openrtb.type.mismatch,error,site.publisher.id,3.2.15
p003324,psychcentral.com,rt.marphezis.com,request,2.6-202606,openrtb.field.moved,error,user.ext.consent,Section 3.2.20
p003325,urbandictionary.com,rt.marphezis.com,request,2.6-202606,openrtb.type.mismatch,error,site.publisher.id,3.2.15
p003326,urbandictionary.com,rt.marphezis.com,request,2.6-202606,openrtb.type.mismatch,error,site.publisher.id,3.2.15
p003327,urbandictionary.com,rt.marphezis.com,request,2.6-202606,openrtb.type.mismatch,error,site.publisher.id,3.2.15
p003329,cycletrader.com,rt.marphezis.com,response,2.6-202606,openrtb.bid.mtype_missing,warning,seatbid[0].bid[0].mtype,4.2.3
p003330,cycletrader.com,rt.marphezis.com,response,2.6-202606,openrtb.bid.mtype_missing,warning,seatbid[0].bid[0].mtype,4.2.3
p003332,cycletrader.com,rt.marphezis.com,response,2.6-202606,openrtb.bid.mtype_missing,warning,seatbid[0].bid[0].mtype,4.2.3
p003337,psychcentral.com,rt.marphezis.com,response,2.6-202606,openrtb.bid.mtype_missing,warning,seatbid[0].bid[0].mtype,4.2.3
p003338,psychcentral.com,rt.marphezis.com,response,2.6-202606,openrtb.bid.mtype_missing,warning,seatbid[0].bid[0].mtype,4.2.3
p003349,autoexpress.co.uk,rtb.ex.co,request,2.6-202606,openrtb.field.undefined,error,device.geo.state,3.2.19
p003349,autoexpress.co.uk,rtb.ex.co,request,2.6-202606,openrtb.field.deprecated,warning,imp[0].video.placement,Section 3.2.7
p003349,autoexpress.co.uk,rtb.ex.co,request,2.6-202606,openrtb.value.invalid,error,imp[0].video.skip,3.2.7
p003349,autoexpress.co.uk,rtb.ex.co,request,2.6-202606,openrtb.field.deprecated,warning,imp[1].video.placement,Section 3.2.7
p003349,autoexpress.co.uk,rtb.ex.co,request,2.6-202606,openrtb.field.deprecated,warning,imp[2].video.placement,Section 3.2.7
p003349,autoexpress.co.uk,rtb.ex.co,request,2.6-202606,openrtb.field.deprecated,warning,imp[3].video.placement,Section 3.2.7
p003350,autoexpress.co.uk,rtb.ex.co,request,2.6-202606,openrtb.field.undefined,error,device.geo.state,3.2.19
p003350,autoexpress.co.uk,rtb.ex.co,request,2.6-202606,openrtb.field.deprecated,warning,imp[0].video.placement,Section 3.2.7
p003350,autoexpress.co.uk,rtb.ex.co,request,2.6-202606,openrtb.value.invalid,error,imp[0].video.skip,3.2.7
p003350,autoexpress.co.uk,rtb.ex.co,request,2.6-202606,openrtb.field.deprecated,warning,imp[1].video.placement,Section 3.2.7
p003350,autoexpress.co.uk,rtb.ex.co,request,2.6-202606,openrtb.field.deprecated,warning,imp[2].video.placement,Section 3.2.7
p003351,genealogy.com,rtb.ex.co,request,2.6-202606,openrtb.field.undefined,error,device.geo.state,3.2.19
p003351,genealogy.com,rtb.ex.co,request,2.6-202606,openrtb.field.deprecated,warning,imp[0].video.placement,Section 3.2.7
p003351,genealogy.com,rtb.ex.co,request,2.6-202606,openrtb.value.invalid,error,imp[0].video.skip,3.2.7
p003351,genealogy.com,rtb.ex.co,request,2.6-202606,openrtb.field.deprecated,warning,imp[1].video.placement,Section 3.2.7
p003351,genealogy.com,rtb.ex.co,request,2.6-202606,openrtb.field.deprecated,warning,imp[2].video.placement,Section 3.2.7
p003351,genealogy.com,rtb.ex.co,request,2.6-202606,openrtb.field.deprecated,warning,imp[3].video.placement,Section 3.2.7
p003352,genealogy.com,rtb.ex.co,request,2.6-202606,openrtb.field.undefined,error,device.geo.state,3.2.19
p003352,genealogy.com,rtb.ex.co,request,2.6-202606,openrtb.field.deprecated,warning,imp[0].video.placement,Section 3.2.7
p003352,genealogy.com,rtb.ex.co,request,2.6-202606,openrtb.value.invalid,error,imp[0].video.skip,3.2.7
p003352,genealogy.com,rtb.ex.co,request,2.6-202606,openrtb.field.deprecated,warning,imp[1].video.placement,Section 3.2.7
p003352,genealogy.com,rtb.ex.co,request,2.6-202606,openrtb.field.deprecated,warning,imp[2].video.placement,Section 3.2.7
p003353,genealogy.com,rtb.ex.co,request,2.6-202606,openrtb.field.undefined,error,device.geo.state,3.2.19
p003353,genealogy.com,rtb.ex.co,request,2.6-202606,openrtb.field.deprecated,warning,imp[0].video.placement,Section 3.2.7
p003353,genealogy.com,rtb.ex.co,request,2.6-202606,openrtb.field.deprecated,warning,imp[1].video.placement,Section 3.2.7
p003353,genealogy.com,rtb.ex.co,request,2.6-202606,openrtb.field.deprecated,warning,imp[2].video.placement,Section 3.2.7
p003353,genealogy.com,rtb.ex.co,request,2.6-202606,openrtb.field.deprecated,warning,imp[3].video.placement,Section 3.2.7
p003354,genealogy.com,rtb.ex.co,request,2.6-202606,openrtb.field.undefined,error,device.geo.state,3.2.19
p003354,genealogy.com,rtb.ex.co,request,2.6-202606,openrtb.field.deprecated,warning,imp[0].video.placement,Section 3.2.7
p003354,genealogy.com,rtb.ex.co,request,2.6-202606,openrtb.field.deprecated,warning,imp[1].video.placement,Section 3.2.7
p003354,genealogy.com,rtb.ex.co,request,2.6-202606,openrtb.field.deprecated,warning,imp[2].video.placement,Section 3.2.7
p003355,genealogy.com,rtb.ex.co,request,2.6-202606,openrtb.field.undefined,error,device.geo.state,3.2.19
p003355,genealogy.com,rtb.ex.co,request,2.6-202606,openrtb.field.deprecated,warning,imp[0].video.placement,Section 3.2.7
p003355,genealogy.com,rtb.ex.co,request,2.6-202606,openrtb.field.deprecated,warning,imp[1].video.placement,Section 3.2.7
p003355,genealogy.com,rtb.ex.co,request,2.6-202606,openrtb.field.deprecated,warning,imp[2].video.placement,Section 3.2.7
p003355,genealogy.com,rtb.ex.co,request,2.6-202606,openrtb.value.invalid,error,imp[2].video.skip,3.2.7
p003355,genealogy.com,rtb.ex.co,request,2.6-202606,openrtb.field.deprecated,warning,imp[3].video.placement,Section 3.2.7
p003356,genealogy.com,rtb.ex.co,request,2.6-202606,openrtb.field.undefined,error,device.geo.state,3.2.19
p003356,genealogy.com,rtb.ex.co,request,2.6-202606,openrtb.field.deprecated,warning,imp[0].video.placement,Section 3.2.7
p003356,genealogy.com,rtb.ex.co,request,2.6-202606,openrtb.field.deprecated,warning,imp[1].video.placement,Section 3.2.7
p003356,genealogy.com,rtb.ex.co,request,2.6-202606,openrtb.field.deprecated,warning,imp[2].video.placement,Section 3.2.7
p003357,montgomeryadvertiser.com,rtb.ex.co,request,2.6-202606,openrtb.field.undefined,error,device.geo.state,3.2.19
p003357,montgomeryadvertiser.com,rtb.ex.co,request,2.6-202606,openrtb.field.deprecated,warning,imp[0].video.placement,Section 3.2.7
p003358,tennessean.com,rtb.ex.co,request,2.6-202606,openrtb.field.undefined,error,device.geo.state,3.2.19
p003358,tennessean.com,rtb.ex.co,request,2.6-202606,openrtb.field.deprecated,warning,imp[0].video.placement,Section 3.2.7
p003359,oneindia.com,rtb.nexverse.ai,request,2.5,openrtb.field.undefined,error,imp[0].bidFloor,3.2.4
p003359,oneindia.com,rtb.nexverse.ai,request,2.5,openrtb.type.mismatch,error,user.yob,3.2.20
p003360,oneindia.com,rtb.nexverse.ai,request,2.5,openrtb.field.undefined,error,imp[0].bidFloor,3.2.4
p003360,oneindia.com,rtb.nexverse.ai,request,2.5,openrtb.type.mismatch,error,user.yob,3.2.20
p003361,oneindia.com,rtb.nexverse.ai,request,2.5,openrtb.field.undefined,error,imp[0].bidFloor,3.2.4
p003361,oneindia.com,rtb.nexverse.ai,request,2.5,openrtb.type.mismatch,error,user.yob,3.2.20
p003362,oneindia.com,rtb.nexverse.ai,request,2.5,openrtb.field.undefined,error,imp[0].bidFloor,3.2.4
p003362,oneindia.com,rtb.nexverse.ai,request,2.5,openrtb.type.mismatch,error,user.yob,3.2.20
p003363,oneindia.com,rtb.nexverse.ai,request,2.5,openrtb.field.undefined,error,imp[0].bidFloor,3.2.4
p003363,oneindia.com,rtb.nexverse.ai,request,2.5,openrtb.type.mismatch,error,user.yob,3.2.20
p003364,oneindia.com,rtb.nexverse.ai,request,2.5,openrtb.field.undefined,error,imp[0].bidFloor,3.2.4
p003364,oneindia.com,rtb.nexverse.ai,request,2.5,openrtb.type.mismatch,error,user.yob,3.2.20
p003365,oneindia.com,rtb.nexverse.ai,request,2.5,openrtb.field.undefined,error,imp[0].bidFloor,3.2.4
p003365,oneindia.com,rtb.nexverse.ai,request,2.5,openrtb.type.mismatch,error,user.yob,3.2.20
p003366,oneindia.com,rtb.nexverse.ai,request,2.5,openrtb.field.undefined,error,imp[0].bidFloor,3.2.4
p003366,oneindia.com,rtb.nexverse.ai,request,2.5,openrtb.type.mismatch,error,user.yob,3.2.20
p003367,oneindia.com,rtb.nexverse.ai,request,2.5,openrtb.field.undefined,error,imp[0].bidFloor,3.2.4
p003367,oneindia.com,rtb.nexverse.ai,request,2.5,openrtb.type.mismatch,error,user.yob,3.2.20
p003368,oneindia.com,rtb.nexverse.ai,request,2.5,openrtb.field.undefined,error,imp[0].bidFloor,3.2.4
p003368,oneindia.com,rtb.nexverse.ai,request,2.5,openrtb.type.mismatch,error,user.yob,3.2.20
p003369,oneindia.com,rtb.nexverse.ai,request,2.5,openrtb.field.undefined,error,imp[0].bidFloor,3.2.4
p003369,oneindia.com,rtb.nexverse.ai,request,2.5,openrtb.type.mismatch,error,user.yob,3.2.20
p003370,oneindia.com,rtb.nexverse.ai,request,2.5,openrtb.field.undefined,error,imp[0].bidFloor,3.2.4
p003370,oneindia.com,rtb.nexverse.ai,request,2.5,openrtb.type.mismatch,error,user.yob,3.2.20
p003371,oneindia.com,rtb.nexverse.ai,request,2.5,openrtb.field.undefined,error,imp[0].bidFloor,3.2.4
p003371,oneindia.com,rtb.nexverse.ai,request,2.5,openrtb.type.mismatch,error,user.yob,3.2.20
p003372,oneindia.com,rtb.nexverse.ai,request,2.5,openrtb.field.undefined,error,imp[0].bidFloor,3.2.4
p003372,oneindia.com,rtb.nexverse.ai,request,2.5,openrtb.type.mismatch,error,user.yob,3.2.20
p003373,oneindia.com,rtb.nexverse.ai,response,2.6-202606,openrtb.bid.mtype_missing,warning,seatbid[0].bid[0].mtype,4.2.3
p003374,oneindia.com,rtb.nexverse.ai,response,2.6-202606,openrtb.bid.mtype_missing,warning,seatbid[0].bid[0].mtype,4.2.3
p003375,oneindia.com,rtb.nexverse.ai,response,2.6-202606,openrtb.bid.mtype_missing,warning,seatbid[0].bid[0].mtype,4.2.3
p003376,oneindia.com,rtb.nexverse.ai,response,2.6-202606,openrtb.bid.mtype_missing,warning,seatbid[0].bid[0].mtype,4.2.3
p003377,autoguide.com,rtb.openx.net,request,2.6-202606,openrtb.field.moved,error,regs.ext.gdpr,Section 3.2.3
p003378,autoguide.com,rtb.openx.net,request,2.6-202606,openrtb.field.moved,error,regs.ext.gdpr,Section 3.2.3
p003379,autoguide.com,rtb.openx.net,request,2.6-202606,openrtb.field.moved,error,regs.ext.gdpr,Section 3.2.3
p003380,autoguide.com,rtb.openx.net,request,2.6-202606,openrtb.field.moved,error,regs.ext.gdpr,Section 3.2.3
p003381,autoguide.com,rtb.openx.net,request,2.6-202606,openrtb.field.moved,error,regs.ext.gdpr,Section 3.2.3
p003382,autoguide.com,rtb.openx.net,request,2.6-202606,openrtb.field.moved,error,regs.ext.gdpr,Section 3.2.3
p003383,autoguide.com,rtb.openx.net,request,2.6-202606,openrtb.field.moved,error,regs.ext.gdpr,Section 3.2.3
p003384,autoguide.com,rtb.openx.net,request,2.6-202606,openrtb.field.moved,error,regs.ext.gdpr,Section 3.2.3
p003385,autoguide.com,rtb.openx.net,request,2.6-202606,openrtb.field.moved,error,regs.ext.gdpr,Section 3.2.3
p003386,autoguide.com,rtb.openx.net,request,2.6-202606,openrtb.field.moved,error,regs.ext.gdpr,Section 3.2.3
p003387,autoguide.com,rtb.openx.net,request,2.6-202606,openrtb.field.moved,error,regs.ext.gdpr,Section 3.2.3
p003388,autoguide.com,rtb.openx.net,request,2.6-202606,openrtb.field.moved,error,regs.ext.gdpr,Section 3.2.3
p003389,autoguide.com,rtb.openx.net,request,2.6-202606,openrtb.field.moved,error,regs.ext.gdpr,Section 3.2.3
p003390,autoguide.com,rtb.openx.net,request,2.6-202606,openrtb.field.moved,error,regs.ext.gdpr,Section 3.2.3
p003391,autoguide.com,rtb.openx.net,request,2.6-202606,openrtb.field.moved,error,regs.ext.gdpr,Section 3.2.3
p003392,autoguide.com,rtb.openx.net,request,2.6-202606,openrtb.field.moved,error,regs.ext.gdpr,Section 3.2.3
p003393,autoexpress.co.uk,rtb.openx.net,request,2.6-202606,openrtb.field.undefined,error,device.geo.state,3.2.19
p003393,autoexpress.co.uk,rtb.openx.net,request,2.6-202606,openrtb.field.deprecated,warning,imp[0].video.placement,Section 3.2.7
p003393,autoexpress.co.uk,rtb.openx.net,request,2.6-202606,openrtb.value.invalid,error,imp[0].video.skip,3.2.7
p003394,autoexpress.co.uk,rtb.openx.net,request,2.6-202606,openrtb.field.undefined,error,device.geo.state,3.2.19
p003394,autoexpress.co.uk,rtb.openx.net,request,2.6-202606,openrtb.field.deprecated,warning,imp[0].video.placement,Section 3.2.7
p003394,autoexpress.co.uk,rtb.openx.net,request,2.6-202606,openrtb.value.invalid,error,imp[0].video.skip,3.2.7
p003413,cupofjo.com,rtb.openx.net,request,2.6-202606,openrtb.field.deprecated,warning,imp[0].video.placement,Section 3.2.7
p003413,cupofjo.com,rtb.openx.net,request,2.6-202606,openrtb.value.invalid,error,imp[0].video.skip,3.2.7
p003416,cupofjo.com,rtb.openx.net,request,2.6-202606,openrtb.field.deprecated,warning,imp[0].video.placement,Section 3.2.7
p003416,cupofjo.com,rtb.openx.net,request,2.6-202606,openrtb.value.invalid,error,imp[0].video.skip,3.2.7
p003417,cupofjo.com,rtb.openx.net,request,2.6-202606,openrtb.field.deprecated,warning,imp[0].video.placement,Section 3.2.7
p003417,cupofjo.com,rtb.openx.net,request,2.6-202606,openrtb.value.invalid,error,imp[0].video.skip,3.2.7
p003426,elespectador.com,rtb.openx.net,request,2.6-202606,openrtb.type.mismatch,error,site.publisher.id,3.2.15
p003427,elespectador.com,rtb.openx.net,request,2.6-202606,openrtb.type.mismatch,error,site.publisher.id,3.2.15
p003428,elespectador.com,rtb.openx.net,request,2.6-202606,openrtb.type.mismatch,error,site.publisher.id,3.2.15
p003429,elespectador.com,rtb.openx.net,request,2.6-202606,openrtb.type.mismatch,error,site.publisher.id,3.2.15
p003430,elespectador.com,rtb.openx.net,request,2.6-202606,openrtb.type.mismatch,error,site.publisher.id,3.2.15
p003431,elespectador.com,rtb.openx.net,request,2.6-202606,openrtb.type.mismatch,error,site.publisher.id,3.2.15
p003432,elespectador.com,rtb.openx.net,request,2.6-202606,openrtb.type.mismatch,error,site.publisher.id,3.2.15
p003433,elespectador.com,rtb.openx.net,request,2.6-202606,openrtb.type.mismatch,error,site.publisher.id,3.2.15
p003448,fox11online.com,rtb.openx.net,request,2.6-202606,openrtb.field.deprecated,warning,imp[0].video.placement,Section 3.2.7
p003448,fox11online.com,rtb.openx.net,request,2.6-202606,openrtb.field.moved,error,regs.ext.gdpr,Section 3.2.3
p003449,fox11online.com,rtb.openx.net,request,2.6-202606,openrtb.field.moved,error,regs.ext.gdpr,Section 3.2.3
p003450,fox11online.com,rtb.openx.net,request,2.6-202606,openrtb.field.deprecated,warning,imp[0].video.placement,Section 3.2.7
p003450,fox11online.com,rtb.openx.net,request,2.6-202606,openrtb.value.invalid,error,imp[0].video.skip,3.2.7
p003451,fox11online.com,rtb.openx.net,request,2.6-202606,openrtb.field.deprecated,warning,imp[0].video.placement,Section 3.2.7
p003451,fox11online.com,rtb.openx.net,request,2.6-202606,openrtb.value.invalid,error,imp[0].video.skip,3.2.7
p003452,fox11online.com,rtb.openx.net,request,2.6-202606,openrtb.field.deprecated,warning,imp[0].video.placement,Section 3.2.7
p003452,fox11online.com,rtb.openx.net,request,2.6-202606,openrtb.value.invalid,error,imp[0].video.skip,3.2.7
p003453,fox11online.com,rtb.openx.net,request,2.6-202606,openrtb.field.deprecated,warning,imp[0].video.placement,Section 3.2.7
p003453,fox11online.com,rtb.openx.net,request,2.6-202606,openrtb.value.invalid,error,imp[0].video.skip,3.2.7
p003454,fox11online.com,rtb.openx.net,request,2.6-202606,openrtb.field.deprecated,warning,imp[0].video.placement,Section 3.2.7
p003454,fox11online.com,rtb.openx.net,request,2.6-202606,openrtb.value.invalid,error,imp[0].video.skip,3.2.7
p003455,fox11online.com,rtb.openx.net,request,2.6-202606,openrtb.field.deprecated,warning,imp[0].video.placement,Section 3.2.7
p003455,fox11online.com,rtb.openx.net,request,2.6-202606,openrtb.value.invalid,error,imp[0].video.skip,3.2.7
p003456,fox11online.com,rtb.openx.net,request,2.6-202606,openrtb.field.deprecated,warning,imp[0].video.placement,Section 3.2.7
p003456,fox11online.com,rtb.openx.net,request,2.6-202606,openrtb.field.moved,error,regs.ext.gdpr,Section 3.2.3
p003457,fox11online.com,rtb.openx.net,request,2.6-202606,openrtb.field.moved,error,regs.ext.gdpr,Section 3.2.3
p003458,fox11online.com,rtb.openx.net,request,2.6-202606,openrtb.field.deprecated,warning,imp[0].video.placement,Section 3.2.7
p003459,fox11online.com,rtb.openx.net,request,2.6-202606,openrtb.field.deprecated,warning,imp[0].video.placement,Section 3.2.7
p003459,fox11online.com,rtb.openx.net,request,2.6-202606,openrtb.value.invalid,error,imp[0].video.skip,3.2.7
p003461,fox11online.com,rtb.openx.net,request,2.6-202606,openrtb.field.deprecated,warning,imp[0].video.placement,Section 3.2.7
p003461,fox11online.com,rtb.openx.net,request,2.6-202606,openrtb.value.invalid,error,imp[0].video.skip,3.2.7
p003462,fox11online.com,rtb.openx.net,request,2.6-202606,openrtb.field.deprecated,warning,imp[0].video.placement,Section 3.2.7
p003462,fox11online.com,rtb.openx.net,request,2.6-202606,openrtb.value.invalid,error,imp[0].video.skip,3.2.7
p003463,fox11online.com,rtb.openx.net,request,2.6-202606,openrtb.field.deprecated,warning,imp[0].video.placement,Section 3.2.7
p003465,fox11online.com,rtb.openx.net,request,2.6-202606,openrtb.field.deprecated,warning,imp[0].video.placement,Section 3.2.7
p003466,fox11online.com,rtb.openx.net,request,2.6-202606,openrtb.field.deprecated,warning,imp[0].video.placement,Section 3.2.7
p003466,fox11online.com,rtb.openx.net,request,2.6-202606,openrtb.value.invalid,error,imp[0].video.skip,3.2.7
p003467,fox11online.com,rtb.openx.net,request,2.6-202606,openrtb.field.deprecated,warning,imp[0].video.placement,Section 3.2.7
p003467,fox11online.com,rtb.openx.net,request,2.6-202606,openrtb.value.invalid,error,imp[0].video.skip,3.2.7
p003468,genealogy.com,rtb.openx.net,request,2.6-202606,openrtb.field.undefined,error,device.geo.state,3.2.19
p003468,genealogy.com,rtb.openx.net,request,2.6-202606,openrtb.field.deprecated,warning,imp[0].video.placement,Section 3.2.7
p003469,genealogy.com,rtb.openx.net,request,2.6-202606,openrtb.field.undefined,error,device.geo.state,3.2.19
p003469,genealogy.com,rtb.openx.net,request,2.6-202606,openrtb.field.deprecated,warning,imp[0].video.placement,Section 3.2.7
p003470,genealogy.com,rtb.openx.net,request,2.6-202606,openrtb.field.undefined,error,device.geo.state,3.2.19
p003470,genealogy.com,rtb.openx.net,request,2.6-202606,openrtb.field.deprecated,warning,imp[0].video.placement,Section 3.2.7
p003471,genealogy.com,rtb.openx.net,request,2.6-202606,openrtb.field.undefined,error,device.geo.state,3.2.19
p003471,genealogy.com,rtb.openx.net,request,2.6-202606,openrtb.field.deprecated,warning,imp[0].video.placement,Section 3.2.7
p003472,genealogy.com,rtb.openx.net,request,2.6-202606,openrtb.field.undefined,error,device.geo.state,3.2.19
p003472,genealogy.com,rtb.openx.net,request,2.6-202606,openrtb.field.deprecated,warning,imp[0].video.placement,Section 3.2.7
p003473,genealogy.com,rtb.openx.net,request,2.6-202606,openrtb.field.undefined,error,device.geo.state,3.2.19
p003473,genealogy.com,rtb.openx.net,request,2.6-202606,openrtb.field.deprecated,warning,imp[0].video.placement,Section 3.2.7
p003474,genealogy.com,rtb.openx.net,request,2.6-202606,openrtb.field.undefined,error,device.geo.state,3.2.19
p003474,genealogy.com,rtb.openx.net,request,2.6-202606,openrtb.field.deprecated,warning,imp[0].video.placement,Section 3.2.7
p003475,genealogy.com,rtb.openx.net,request,2.6-202606,openrtb.field.undefined,error,device.geo.state,3.2.19
p003475,genealogy.com,rtb.openx.net,request,2.6-202606,openrtb.field.deprecated,warning,imp[0].video.placement,Section 3.2.7
p003476,genealogy.com,rtb.openx.net,request,2.6-202606,openrtb.field.undefined,error,device.geo.state,3.2.19
p003476,genealogy.com,rtb.openx.net,request,2.6-202606,openrtb.field.deprecated,warning,imp[0].video.placement,Section 3.2.7
p003476,genealogy.com,rtb.openx.net,request,2.6-202606,openrtb.value.invalid,error,imp[0].video.skip,3.2.7
p003477,genealogy.com,rtb.openx.net,request,2.6-202606,openrtb.field.undefined,error,device.geo.state,3.2.19
p003477,genealogy.com,rtb.openx.net,request,2.6-202606,openrtb.field.deprecated,warning,imp[0].video.placement,Section 3.2.7
p003478,genealogy.com,rtb.openx.net,request,2.6-202606,openrtb.field.undefined,error,device.geo.state,3.2.19
p003478,genealogy.com,rtb.openx.net,request,2.6-202606,openrtb.field.deprecated,warning,imp[0].video.placement,Section 3.2.7
p003478,genealogy.com,rtb.openx.net,request,2.6-202606,openrtb.value.invalid,error,imp[0].video.skip,3.2.7
p003481,halfbakedharvest.com,rtb.openx.net,request,2.6-202606,openrtb.field.deprecated,warning,imp[0].video.placement,Section 3.2.7
p003481,halfbakedharvest.com,rtb.openx.net,request,2.6-202606,openrtb.value.invalid,error,imp[0].video.skip,3.2.7
p003483,halfbakedharvest.com,rtb.openx.net,request,2.6-202606,openrtb.field.deprecated,warning,imp[0].video.placement,Section 3.2.7
p003483,halfbakedharvest.com,rtb.openx.net,request,2.6-202606,openrtb.value.invalid,error,imp[0].video.skip,3.2.7
p003485,halfbakedharvest.com,rtb.openx.net,request,2.6-202606,openrtb.field.deprecated,warning,imp[0].video.placement,Section 3.2.7
p003485,halfbakedharvest.com,rtb.openx.net,request,2.6-202606,openrtb.value.invalid,error,imp[0].video.skip,3.2.7
p003486,halfbakedharvest.com,rtb.openx.net,request,2.6-202606,openrtb.field.deprecated,warning,imp[0].video.placement,Section 3.2.7
p003486,halfbakedharvest.com,rtb.openx.net,request,2.6-202606,openrtb.value.invalid,error,imp[0].video.skip,3.2.7
p003489,halfbakedharvest.com,rtb.openx.net,request,2.6-202606,openrtb.field.deprecated,warning,imp[0].video.placement,Section 3.2.7
p003489,halfbakedharvest.com,rtb.openx.net,request,2.6-202606,openrtb.value.invalid,error,imp[0].video.skip,3.2.7
p003490,halfbakedharvest.com,rtb.openx.net,request,2.6-202606,openrtb.field.deprecated,warning,imp[0].video.placement,Section 3.2.7
p003490,halfbakedharvest.com,rtb.openx.net,request,2.6-202606,openrtb.value.invalid,error,imp[0].video.skip,3.2.7
p003491,halfbakedharvest.com,rtb.openx.net,request,2.6-202606,openrtb.field.deprecated,warning,imp[0].video.placement,Section 3.2.7
p003491,halfbakedharvest.com,rtb.openx.net,request,2.6-202606,openrtb.value.invalid,error,imp[0].video.skip,3.2.7
p003492,howlongtobeat.com,rtb.openx.net,request,2.6-202606,openrtb.type.mismatch,error,imp[0].tagid,3.2.4
p003492,howlongtobeat.com,rtb.openx.net,request,2.6-202606,openrtb.type.mismatch,error,imp[1].tagid,3.2.4
p003492,howlongtobeat.com,rtb.openx.net,request,2.6-202606,openrtb.type.mismatch,error,imp[2].tagid,3.2.4
p003492,howlongtobeat.com,rtb.openx.net,request,2.6-202606,openrtb.type.mismatch,error,imp[3].tagid,3.2.4
p003493,imore.com,rtb.openx.net,request,2.6-202606,openrtb.field.moved,error,regs.ext.gdpr,Section 3.2.3
p003494,imore.com,rtb.openx.net,request,2.6-202606,openrtb.field.moved,error,regs.ext.gdpr,Section 3.2.3
p003495,imore.com,rtb.openx.net,request,2.6-202606,openrtb.field.moved,error,regs.ext.gdpr,Section 3.2.3
p003496,moly.hu,rtb.openx.net,request,2.6-202606,openrtb.field.moved,error,regs.ext.gdpr,Section 3.2.3
p003497,montgomeryadvertiser.com,rtb.openx.net,request,2.6-202606,openrtb.field.deprecated,warning,imp[0].video.placement,Section 3.2.7
p003497,montgomeryadvertiser.com,rtb.openx.net,request,2.6-202606,openrtb.value.invalid,error,imp[0].video.skip,3.2.7
p003498,montgomeryadvertiser.com,rtb.openx.net,request,2.6-202606,openrtb.field.undefined,error,device.geo.state,3.2.19
p003498,montgomeryadvertiser.com,rtb.openx.net,request,2.6-202606,openrtb.field.deprecated,warning,imp[0].video.placement,Section 3.2.7
p003498,montgomeryadvertiser.com,rtb.openx.net,request,2.6-202606,openrtb.value.invalid,error,imp[0].video.skip,3.2.7
p003500,moly.hu,rtb.openx.net,request,2.6-202606,openrtb.field.moved,error,regs.ext.gdpr,Section 3.2.3
p003506,namemc.com,rtb.openx.net,request,2.6-202606,openrtb.field.moved,error,regs.ext.gdpr,Section 3.2.3
p003507,namemc.com,rtb.openx.net,request,2.6-202606,openrtb.field.deprecated,warning,imp[0].video.placement,Section 3.2.7
p003512,nationaltoday.com,rtb.openx.net,request,2.6-202606,openrtb.field.moved,error,regs.ext.gdpr,Section 3.2.3
p003513,nationaltoday.com,rtb.openx.net,request,2.6-202606,openrtb.field.moved,error,regs.ext.gdpr,Section 3.2.3
p003514,myjoyonline.com,rtb.openx.net,request,2.6-202606,openrtb.field.moved,error,regs.ext.gdpr,Section 3.2.3
p003515,nationaltoday.com,rtb.openx.net,request,2.6-202606,openrtb.field.moved,error,regs.ext.gdpr,Section 3.2.3
p003520,nationaltoday.com,rtb.openx.net,request,2.6-202606,openrtb.field.deprecated,warning,imp[0].video.placement,Section 3.2.7
p003521,nationaltoday.com,rtb.openx.net,request,2.6-202606,openrtb.field.deprecated,warning,imp[0].video.placement,Section 3.2.7
p003522,nationaltoday.com,rtb.openx.net,request,2.6-202606,openrtb.field.deprecated,warning,imp[0].video.placement,Section 3.2.7
p003523,nationaltoday.com,rtb.openx.net,request,2.6-202606,openrtb.field.deprecated,warning,imp[0].video.placement,Section 3.2.7
p003524,nationaltoday.com,rtb.openx.net,request,2.6-202606,openrtb.field.deprecated,warning,imp[0].video.placement,Section 3.2.7
p003525,nationaltoday.com,rtb.openx.net,request,2.6-202606,openrtb.field.deprecated,warning,imp[0].video.placement,Section 3.2.7
p003531,nesn.com,rtb.openx.net,request,2.6-202606,openrtb.field.deprecated,warning,imp[0].video.placement,Section 3.2.7
p003531,nesn.com,rtb.openx.net,request,2.6-202606,openrtb.value.invalid,error,imp[0].video.skip,3.2.7
p003532,nesn.com,rtb.openx.net,request,2.6-202606,openrtb.field.deprecated,warning,imp[0].video.placement,Section 3.2.7
p003532,nesn.com,rtb.openx.net,request,2.6-202606,openrtb.value.invalid,error,imp[0].video.skip,3.2.7
p003533,nintendoeverything.com,rtb.openx.net,request,2.6-202606,openrtb.field.deprecated,warning,imp[2].video.placement,Section 3.2.7
p003533,nintendoeverything.com,rtb.openx.net,request,2.6-202606,openrtb.value.invalid,error,imp[2].video.skip,3.2.7
p003534,nintendoeverything.com,rtb.openx.net,request,2.6-202606,openrtb.field.deprecated,warning,imp[2].video.placement,Section 3.2.7
p003534,nintendoeverything.com,rtb.openx.net,request,2.6-202606,openrtb.value.invalid,error,imp[2].video.skip,3.2.7
p003534,nintendoeverything.com,rtb.openx.net,request,2.6-202606,openrtb.field.deprecated,warning,imp[4].video.placement,Section 3.2.7
p003534,nintendoeverything.com,rtb.openx.net,request,2.6-202606,openrtb.value.invalid,error,imp[4].video.skip,3.2.7
p003535,nintendoeverything.com,rtb.openx.net,request,2.6-202606,openrtb.field.deprecated,warning,imp[1].video.placement,Section 3.2.7
p003535,nintendoeverything.com,rtb.openx.net,request,2.6-202606,openrtb.value.invalid,error,imp[1].video.skip,3.2.7
p003536,nintendoeverything.com,rtb.openx.net,request,2.6-202606,openrtb.field.deprecated,warning,imp[0].video.placement,Section 3.2.7
p003536,nintendoeverything.com,rtb.openx.net,request,2.6-202606,openrtb.value.invalid,error,imp[0].video.skip,3.2.7
p003537,oneindia.com,rtb.openx.net,request,2.6-202606,openrtb.field.undefined,error,user.interests,3.2.20
p003538,oneindia.com,rtb.openx.net,request,2.6-202606,openrtb.field.undefined,error,user.interests,3.2.20
p003539,nintendoeverything.com,rtb.openx.net,request,2.6-202606,openrtb.field.deprecated,warning,imp[1].video.placement,Section 3.2.7
p003539,nintendoeverything.com,rtb.openx.net,request,2.6-202606,openrtb.value.invalid,error,imp[1].video.skip,3.2.7
p003540,nintendoeverything.com,rtb.openx.net,request,2.6-202606,openrtb.field.deprecated,warning,imp[2].video.placement,Section 3.2.7
p003540,nintendoeverything.com,rtb.openx.net,request,2.6-202606,openrtb.value.invalid,error,imp[2].video.skip,3.2.7
p003540,nintendoeverything.com,rtb.openx.net,request,2.6-202606,openrtb.field.deprecated,warning,imp[4].video.placement,Section 3.2.7
p003540,nintendoeverything.com,rtb.openx.net,request,2.6-202606,openrtb.value.invalid,error,imp[4].video.skip,3.2.7
p003540,nintendoeverything.com,rtb.openx.net,request,2.6-202606,openrtb.field.deprecated,warning,imp[7].video.placement,Section 3.2.7
p003540,nintendoeverything.com,rtb.openx.net,request,2.6-202606,openrtb.value.invalid,error,imp[7].video.skip,3.2.7
p003541,nintendoeverything.com,rtb.openx.net,request,2.6-202606,openrtb.field.deprecated,warning,imp[0].video.placement,Section 3.2.7
p003541,nintendoeverything.com,rtb.openx.net,request,2.6-202606,openrtb.value.invalid,error,imp[0].video.skip,3.2.7
p003542,nintendoeverything.com,rtb.openx.net,request,2.6-202606,openrtb.field.deprecated,warning,imp[0].video.placement,Section 3.2.7
p003543,nintendoeverything.com,rtb.openx.net,request,2.6-202606,openrtb.field.deprecated,warning,imp[0].video.placement,Section 3.2.7
p003544,oneindia.com,rtb.openx.net,request,2.6-202606,openrtb.field.undefined,error,user.interests,3.2.20
p003545,oneindia.com,rtb.openx.net,request,2.6-202606,openrtb.field.undefined,error,user.interests,3.2.20
p003546,outsideonline.com,rtb.openx.net,request,2.6-202606,openrtb.field.moved,error,regs.ext.gdpr,Section 3.2.3
p003547,outsideonline.com,rtb.openx.net,request,2.6-202606,openrtb.field.moved,error,regs.ext.gdpr,Section 3.2.3
p003548,outsideonline.com,rtb.openx.net,request,2.6-202606,openrtb.field.moved,error,regs.ext.gdpr,Section 3.2.3
p003549,outsideonline.com,rtb.openx.net,request,2.6-202606,openrtb.field.moved,error,regs.ext.gdpr,Section 3.2.3
p003550,outsideonline.com,rtb.openx.net,request,2.6-202606,openrtb.field.moved,error,regs.ext.gdpr,Section 3.2.3
p003552,outsideonline.com,rtb.openx.net,request,2.6-202606,openrtb.field.moved,error,regs.ext.gdpr,Section 3.2.3
p003553,outsideonline.com,rtb.openx.net,request,2.6-202606,openrtb.field.moved,error,regs.ext.gdpr,Section 3.2.3
p003554,outsideonline.com,rtb.openx.net,request,2.6-202606,openrtb.field.moved,error,regs.ext.gdpr,Section 3.2.3
p003555,outsideonline.com,rtb.openx.net,request,2.6-202606,openrtb.field.moved,error,regs.ext.gdpr,Section 3.2.3
p003556,outsideonline.com,rtb.openx.net,request,2.6-202606,openrtb.field.moved,error,regs.ext.gdpr,Section 3.2.3
p003557,outsideonline.com,rtb.openx.net,request,2.6-202606,openrtb.field.moved,error,regs.ext.gdpr,Section 3.2.3
p003558,outsideonline.com,rtb.openx.net,request,2.6-202606,openrtb.field.moved,error,regs.ext.gdpr,Section 3.2.3
p003560,pilotonline.com,rtb.openx.net,request,2.6-202606,openrtb.field.deprecated,warning,imp[0].video.placement,Section 3.2.7
p003561,pilotonline.com,rtb.openx.net,request,2.6-202606,openrtb.field.deprecated,warning,imp[0].video.placement,Section 3.2.7
p003562,pilotonline.com,rtb.openx.net,request,2.6-202606,openrtb.field.deprecated,warning,imp[0].video.placement,Section 3.2.7
p003563,purposegames.com,rtb.openx.net,request,2.6-202606,openrtb.field.moved,error,regs.ext.gdpr,Section 3.2.3
p003565,purposegames.com,rtb.openx.net,request,2.6-202606,openrtb.field.moved,error,regs.ext.gdpr,Section 3.2.3
p003569,ranker.com,rtb.openx.net,request,2.6-202606,openrtb.field.deprecated,warning,imp[0].video.placement,Section 3.2.7
p003569,ranker.com,rtb.openx.net,request,2.6-202606,openrtb.value.invalid,error,imp[0].video.skip,3.2.7
p003572,ranker.com,rtb.openx.net,request,2.6-202606,openrtb.field.deprecated,warning,imp[0].video.placement,Section 3.2.7
p003572,ranker.com,rtb.openx.net,request,2.6-202606,openrtb.value.invalid,error,imp[0].video.skip,3.2.7
p003573,ranker.com,rtb.openx.net,request,2.6-202606,openrtb.field.deprecated,warning,imp[0].video.placement,Section 3.2.7
p003573,ranker.com,rtb.openx.net,request,2.6-202606,openrtb.value.invalid,error,imp[0].video.skip,3.2.7
p003574,ranker.com,rtb.openx.net,request,2.6-202606,openrtb.field.deprecated,warning,imp[0].video.placement,Section 3.2.7
p003574,ranker.com,rtb.openx.net,request,2.6-202606,openrtb.value.invalid,error,imp[0].video.skip,3.2.7
p003575,ranker.com,rtb.openx.net,request,2.6-202606,openrtb.field.deprecated,warning,imp[0].video.placement,Section 3.2.7
p003575,ranker.com,rtb.openx.net,request,2.6-202606,openrtb.value.invalid,error,imp[0].video.skip,3.2.7
p003584,salon.com,rtb.openx.net,request,2.6-202606,openrtb.field.deprecated,warning,imp[0].video.placement,Section 3.2.7
p003584,salon.com,rtb.openx.net,request,2.6-202606,openrtb.value.invalid,error,imp[0].video.skip,3.2.7
p003586,salon.com,rtb.openx.net,request,2.6-202606,openrtb.field.deprecated,warning,imp[0].video.placement,Section 3.2.7
p003586,salon.com,rtb.openx.net,request,2.6-202606,openrtb.value.invalid,error,imp[0].video.skip,3.2.7
p003588,salon.com,rtb.openx.net,request,2.6-202606,openrtb.field.deprecated,warning,imp[0].video.placement,Section 3.2.7
p003588,salon.com,rtb.openx.net,request,2.6-202606,openrtb.value.invalid,error,imp[0].video.skip,3.2.7
p003594,salon.com,rtb.openx.net,request,2.6-202606,openrtb.field.deprecated,warning,imp[0].video.placement,Section 3.2.7
p003594,salon.com,rtb.openx.net,request,2.6-202606,openrtb.value.invalid,error,imp[0].video.skip,3.2.7
p003595,salon.com,rtb.openx.net,request,2.6-202606,openrtb.field.deprecated,warning,imp[0].video.placement,Section 3.2.7
p003595,salon.com,rtb.openx.net,request,2.6-202606,openrtb.value.invalid,error,imp[0].video.skip,3.2.7
p003596,salon.com,rtb.openx.net,request,2.6-202606,openrtb.field.deprecated,warning,imp[0].video.placement,Section 3.2.7
p003596,salon.com,rtb.openx.net,request,2.6-202606,openrtb.value.invalid,error,imp[0].video.skip,3.2.7
p003597,salon.com,rtb.openx.net,request,2.6-202606,openrtb.field.deprecated,warning,imp[0].video.placement,Section 3.2.7
p003597,salon.com,rtb.openx.net,request,2.6-202606,openrtb.value.invalid,error,imp[0].video.skip,3.2.7
p003598,salon.com,rtb.openx.net,request,2.6-202606,openrtb.field.deprecated,warning,imp[0].video.placement,Section 3.2.7
p003598,salon.com,rtb.openx.net,request,2.6-202606,openrtb.value.invalid,error,imp[0].video.skip,3.2.7
p003599,self.com,rtb.openx.net,request,2.6-202606,openrtb.fields.mutually_exclusive,error,site.keywords,3.2.13
p003600,self.com,rtb.openx.net,request,2.6-202606,openrtb.fields.mutually_exclusive,error,site.keywords,3.2.13
p003601,self.com,rtb.openx.net,request,2.6-202606,openrtb.fields.mutually_exclusive,error,site.keywords,3.2.13
p003602,self.com,rtb.openx.net,request,2.6-202606,openrtb.fields.mutually_exclusive,error,site.keywords,3.2.13
p003603,self.com,rtb.openx.net,request,2.6-202606,openrtb.fields.mutually_exclusive,error,site.keywords,3.2.13
p003604,self.com,rtb.openx.net,request,2.6-202606,openrtb.fields.mutually_exclusive,error,site.keywords,3.2.13
p003605,tennessean.com,rtb.openx.net,request,2.6-202606,openrtb.field.deprecated,warning,imp[0].video.placement,Section 3.2.7
p003605,tennessean.com,rtb.openx.net,request,2.6-202606,openrtb.value.invalid,error,imp[0].video.skip,3.2.7
p003606,tennessean.com,rtb.openx.net,request,2.6-202606,openrtb.field.deprecated,warning,imp[0].video.placement,Section 3.2.7
p003606,tennessean.com,rtb.openx.net,request,2.6-202606,openrtb.value.invalid,error,imp[0].video.skip,3.2.7
p003607,tennessean.com,rtb.openx.net,request,2.6-202606,openrtb.field.undefined,error,device.geo.state,3.2.19
p003607,tennessean.com,rtb.openx.net,request,2.6-202606,openrtb.field.deprecated,warning,imp[0].video.placement,Section 3.2.7
p003607,tennessean.com,rtb.openx.net,request,2.6-202606,openrtb.value.invalid,error,imp[0].video.skip,3.2.7
p003611,tio.ch,rtb.openx.net,request,2.6-202606,openrtb.field.deprecated,warning,imp[0].video.placement,Section 3.2.7
p003611,tio.ch,rtb.openx.net,request,2.6-202606,openrtb.value.invalid,error,imp[0].video.skip,3.2.7
p003611,tio.ch,rtb.openx.net,request,2.6-202606,openrtb.field.moved,error,regs.ext.gdpr,Section 3.2.3
p003611,tio.ch,rtb.openx.net,request,2.6-202606,openrtb.field.moved,error,user.ext.consent,Section 3.2.20
p003612,tio.ch,rtb.openx.net,request,2.6-202606,openrtb.field.moved,error,regs.ext.gdpr,Section 3.2.3
p003612,tio.ch,rtb.openx.net,request,2.6-202606,openrtb.field.moved,error,user.ext.consent,Section 3.2.20
p003613,tio.ch,rtb.openx.net,request,2.6-202606,openrtb.field.moved,error,regs.ext.gdpr,Section 3.2.3
p003613,tio.ch,rtb.openx.net,request,2.6-202606,openrtb.field.moved,error,user.ext.consent,Section 3.2.20
p003614,tio.ch,rtb.openx.net,request,2.6-202606,openrtb.field.moved,error,regs.ext.gdpr,Section 3.2.3
p003614,tio.ch,rtb.openx.net,request,2.6-202606,openrtb.field.moved,error,user.ext.consent,Section 3.2.20
p003615,tio.ch,rtb.openx.net,request,2.6-202606,openrtb.field.moved,error,regs.ext.gdpr,Section 3.2.3
p003615,tio.ch,rtb.openx.net,request,2.6-202606,openrtb.field.moved,error,user.ext.consent,Section 3.2.20
p003616,tio.ch,rtb.openx.net,request,2.6-202606,openrtb.field.moved,error,regs.ext.gdpr,Section 3.2.3
p003616,tio.ch,rtb.openx.net,request,2.6-202606,openrtb.field.moved,error,user.ext.consent,Section 3.2.20
p003619,upi.com,rtb.openx.net,request,2.6-202606,openrtb.field.undefined,error,geo,3.2.1
p003619,upi.com,rtb.openx.net,request,2.6-202606,openrtb.field.undefined,error,imp[0].battr,3.2.4
p003619,upi.com,rtb.openx.net,request,2.6-202606,openrtb.field.undefined,error,imp[1].battr,3.2.4
p003619,upi.com,rtb.openx.net,request,2.6-202606,openrtb.field.undefined,error,imp[2].battr,3.2.4
p003619,upi.com,rtb.openx.net,request,2.6-202606,openrtb.field.undefined,error,imp[3].battr,3.2.4
p003619,upi.com,rtb.openx.net,request,2.6-202606,openrtb.field.undefined,error,imp[4].battr,3.2.4
p003619,upi.com,rtb.openx.net,request,2.6-202606,openrtb.field.undefined,error,imp[5].battr,3.2.4
p003619,upi.com,rtb.openx.net,request,2.6-202606,openrtb.field.undefined,error,imp[6].battr,3.2.4
p003620,upi.com,rtb.openx.net,request,2.6-202606,openrtb.field.deprecated,warning,imp[0].video.placement,Section 3.2.7
p003621,upi.com,rtb.openx.net,request,2.6-202606,openrtb.field.deprecated,warning,imp[0].video.placement,Section 3.2.7
p003622,upi.com,rtb.openx.net,request,2.6-202606,openrtb.field.deprecated,warning,imp[0].video.placement,Section 3.2.7
p003623,upi.com,rtb.openx.net,request,2.6-202606,openrtb.field.undefined,error,geo,3.2.1
p003623,upi.com,rtb.openx.net,request,2.6-202606,openrtb.field.undefined,error,imp[0].battr,3.2.4
p003623,upi.com,rtb.openx.net,request,2.6-202606,openrtb.field.undefined,error,imp[1].battr,3.2.4
p003623,upi.com,rtb.openx.net,request,2.6-202606,openrtb.field.undefined,error,imp[2].battr,3.2.4
p003623,upi.com,rtb.openx.net,request,2.6-202606,openrtb.field.undefined,error,imp[3].battr,3.2.4
p003624,upi.com,rtb.openx.net,request,2.6-202606,openrtb.field.deprecated,warning,imp[0].video.placement,Section 3.2.7
p003625,upi.com,rtb.openx.net,request,2.6-202606,openrtb.field.deprecated,warning,imp[0].video.placement,Section 3.2.7
p003628,vivitusuerte.com,rtb.openx.net,request,2.6-202606,openrtb.value.invalid,error,imp[0].video.skip,3.2.7
p003628,vivitusuerte.com,rtb.openx.net,request,2.6-202606,openrtb.field.moved,error,regs.ext.gdpr,Section 3.2.3
p003628,vivitusuerte.com,rtb.openx.net,request,2.6-202606,openrtb.field.moved,error,user.ext.consent,Section 3.2.20
p003629,vivitusuerte.com,rtb.openx.net,request,2.6-202606,openrtb.value.invalid,error,imp[0].video.skip,3.2.7
p003629,vivitusuerte.com,rtb.openx.net,request,2.6-202606,openrtb.field.moved,error,regs.ext.gdpr,Section 3.2.3
p003629,vivitusuerte.com,rtb.openx.net,request,2.6-202606,openrtb.field.moved,error,user.ext.consent,Section 3.2.20
p003630,vivitusuerte.com,rtb.openx.net,request,2.6-202606,openrtb.value.invalid,error,imp[0].video.skip,3.2.7
p003630,vivitusuerte.com,rtb.openx.net,request,2.6-202606,openrtb.field.moved,error,regs.ext.gdpr,Section 3.2.3
p003630,vivitusuerte.com,rtb.openx.net,request,2.6-202606,openrtb.field.moved,error,user.ext.consent,Section 3.2.20
p003631,vivitusuerte.com,rtb.openx.net,request,2.6-202606,openrtb.value.invalid,error,imp[0].video.skip,3.2.7
p003631,vivitusuerte.com,rtb.openx.net,request,2.6-202606,openrtb.field.moved,error,regs.ext.gdpr,Section 3.2.3
p003631,vivitusuerte.com,rtb.openx.net,request,2.6-202606,openrtb.field.moved,error,user.ext.consent,Section 3.2.20
p003632,vivitusuerte.com,rtb.openx.net,request,2.6-202606,openrtb.value.invalid,error,imp[0].video.skip,3.2.7
p003632,vivitusuerte.com,rtb.openx.net,request,2.6-202606,openrtb.field.moved,error,regs.ext.gdpr,Section 3.2.3
p003632,vivitusuerte.com,rtb.openx.net,request,2.6-202606,openrtb.field.moved,error,user.ext.consent,Section 3.2.20
p003635,webdesignerdepot.com,rtb.openx.net,request,2.6-202606,openrtb.field.deprecated,warning,imp[0].video.placement,Section 3.2.7
p003635,webdesignerdepot.com,rtb.openx.net,request,2.6-202606,openrtb.value.invalid,error,imp[0].video.skip,3.2.7
p003637,webdesignerdepot.com,rtb.openx.net,request,2.6-202606,openrtb.field.deprecated,warning,imp[0].video.placement,Section 3.2.7
p003637,webdesignerdepot.com,rtb.openx.net,request,2.6-202606,openrtb.value.invalid,error,imp[0].video.skip,3.2.7
p003899,socialblade.com,s2s.lngtd.com,request,2.6-202606,openrtb.field.undefined,error,imp[0].battr,3.2.4
p003899,socialblade.com,s2s.lngtd.com,request,2.6-202606,openrtb.field.undefined,error,imp[1].battr,3.2.4
p003899,socialblade.com,s2s.lngtd.com,request,2.6-202606,openrtb.field.undefined,error,imp[2].battr,3.2.4
p003899,socialblade.com,s2s.lngtd.com,request,2.6-202606,openrtb.field.undefined,error,imp[3].battr,3.2.4
p003899,socialblade.com,s2s.lngtd.com,request,2.6-202606,openrtb.field.undefined,error,imp[4].battr,3.2.4
p003899,socialblade.com,s2s.lngtd.com,request,2.6-202606,openrtb.field.undefined,error,imp[5].battr,3.2.4
p003899,socialblade.com,s2s.lngtd.com,request,2.6-202606,openrtb.field.undefined,error,imp[6].battr,3.2.4
p003899,socialblade.com,s2s.lngtd.com,request,2.6-202606,openrtb.field.deprecated,warning,imp[6].video.placement,Section 3.2.7
p003899,socialblade.com,s2s.lngtd.com,request,2.6-202606,openrtb.value.invalid,error,imp[6].video.skip,3.2.7
p003900,vice.com,s2s.lngtd.com,request,2.6-202606,openrtb.field.undefined,error,imp[0].battr,3.2.4
p003900,vice.com,s2s.lngtd.com,request,2.6-202606,openrtb.field.undefined,error,imp[1].battr,3.2.4
p003900,vice.com,s2s.lngtd.com,request,2.6-202606,openrtb.field.undefined,error,imp[2].battr,3.2.4
p003901,vice.com,s2s.lngtd.com,request,2.6-202606,openrtb.field.undefined,error,imp[0].battr,3.2.4
p003901,vice.com,s2s.lngtd.com,request,2.6-202606,openrtb.field.undefined,error,imp[1].battr,3.2.4
p003902,socialblade.com,s2s.lngtd.com,response,2.6-202606,openrtb.bid.mtype_missing,warning,seatbid[2].bid[0].mtype,4.2.3
p003902,socialblade.com,s2s.lngtd.com,response,2.6-202606,openrtb.bid.mtype_missing,warning,seatbid[2].bid[1].mtype,4.2.3
p003902,socialblade.com,s2s.lngtd.com,response,2.6-202606,openrtb.bid.mtype_missing,warning,seatbid[2].bid[2].mtype,4.2.3
p003902,socialblade.com,s2s.lngtd.com,response,2.6-202606,openrtb.bid.mtype_missing,warning,seatbid[2].bid[3].mtype,4.2.3
p003903,vice.com,s2s.lngtd.com,response,2.6-202606,openrtb.bid.mtype_missing,warning,seatbid[1].bid[0].mtype,4.2.3
p003905,upi.com,s2s.t13.io,request,2.6-202606,openrtb.field.undefined,error,geo,3.2.1
p003905,upi.com,s2s.t13.io,request,2.6-202606,openrtb.field.undefined,error,imp[0].battr,3.2.4
p003905,upi.com,s2s.t13.io,request,2.6-202606,openrtb.field.undefined,error,imp[1].battr,3.2.4
p003905,upi.com,s2s.t13.io,request,2.6-202606,openrtb.field.undefined,error,imp[2].battr,3.2.4
p003905,upi.com,s2s.t13.io,request,2.6-202606,openrtb.field.undefined,error,imp[3].battr,3.2.4
p003905,upi.com,s2s.t13.io,request,2.6-202606,openrtb.field.undefined,error,imp[4].battr,3.2.4
p003905,upi.com,s2s.t13.io,request,2.6-202606,openrtb.field.undefined,error,imp[5].battr,3.2.4
p003905,upi.com,s2s.t13.io,request,2.6-202606,openrtb.field.undefined,error,imp[6].battr,3.2.4
p003906,upi.com,s2s.t13.io,request,2.6-202606,openrtb.field.undefined,error,geo,3.2.1
p003906,upi.com,s2s.t13.io,request,2.6-202606,openrtb.field.undefined,error,imp[0].battr,3.2.4
p003906,upi.com,s2s.t13.io,request,2.6-202606,openrtb.field.undefined,error,imp[1].battr,3.2.4
p003906,upi.com,s2s.t13.io,request,2.6-202606,openrtb.field.undefined,error,imp[2].battr,3.2.4
p003906,upi.com,s2s.t13.io,request,2.6-202606,openrtb.field.undefined,error,imp[3].battr,3.2.4
p003907,upi.com,s2s.t13.io,response,2.6-202606,openrtb.bid.mtype_missing,warning,seatbid[1].bid[0].mtype,4.2.3
p003907,upi.com,s2s.t13.io,response,2.6-202606,openrtb.bid.mtype_missing,warning,seatbid[1].bid[1].mtype,4.2.3
p003907,upi.com,s2s.t13.io,response,2.6-202606,openrtb.bid.mtype_missing,warning,seatbid[1].bid[2].mtype,4.2.3
p003907,upi.com,s2s.t13.io,response,2.6-202606,openrtb.bid.mtype_missing,warning,seatbid[1].bid[3].mtype,4.2.3
p003907,upi.com,s2s.t13.io,response,2.6-202606,openrtb.bid.mtype_missing,warning,seatbid[1].bid[4].mtype,4.2.3
p003907,upi.com,s2s.t13.io,response,2.6-202606,openrtb.bid.mtype_missing,warning,seatbid[1].bid[5].mtype,4.2.3
p003907,upi.com,s2s.t13.io,response,2.6-202606,openrtb.field.deprecated,warning,seatbid[1].bid[6].api,4.2.3
p003907,upi.com,s2s.t13.io,response,2.6-202606,openrtb.bid.mtype_missing,warning,seatbid[1].bid[6].mtype,4.2.3
p003909,teletica.com,s2s.viralize.tv,request,2.5,openrtb.field.undefined,error,device.sua,3.2.18
p003910,vivitusuerte.com,s2s.viralize.tv,request,2.5,openrtb.field.undefined,error,device.sua,3.2.18
p003911,vivitusuerte.com,s2s.viralize.tv,request,2.5,openrtb.field.undefined,error,device.sua,3.2.18
p003912,vivitusuerte.com,s2s.viralize.tv,request,2.5,openrtb.field.undefined,error,device.sua,3.2.18
p003913,vivitusuerte.com,s2s.viralize.tv,request,2.5,openrtb.field.undefined,error,device.sua,3.2.18
p003914,vivitusuerte.com,s2s.viralize.tv,request,2.5,openrtb.field.undefined,error,device.sua,3.2.18
p003915,nesn.com,server.cpmstar.com,request,2.6-202606,openrtb.field.undefined,error,adUnitCode,3.2.1
p003915,nesn.com,server.cpmstar.com,request,2.6-202606,openrtb.field.undefined,error,banner,3.2.1
p003916,nesn.com,server.cpmstar.com,request,2.6-202606,openrtb.field.undefined,error,adUnitCode,3.2.1
p003916,nesn.com,server.cpmstar.com,request,2.6-202606,openrtb.field.undefined,error,banner,3.2.1
p003917,nesn.com,server.cpmstar.com,request,2.6-202606,openrtb.field.undefined,error,adUnitCode,3.2.1
p003917,nesn.com,server.cpmstar.com,request,2.6-202606,openrtb.field.undefined,error,banner,3.2.1
p003918,nesn.com,server.cpmstar.com,request,2.6-202606,openrtb.field.undefined,error,adUnitCode,3.2.1
p003918,nesn.com,server.cpmstar.com,request,2.6-202606,openrtb.field.undefined,error,banner,3.2.1
p003919,nesn.com,server.cpmstar.com,request,2.6-202606,openrtb.field.undefined,error,adUnitCode,3.2.1
p003919,nesn.com,server.cpmstar.com,request,2.6-202606,openrtb.field.undefined,error,banner,3.2.1
p003920,cityam.com,srv.kntxy.com,request,2.6-202606,openrtb.field.moved,error,regs.ext.gdpr,Section 3.2.3
p003921,cityam.com,srv.kntxy.com,request,2.6-202606,openrtb.field.moved,error,regs.ext.gdpr,Section 3.2.3
p003922,cityam.com,srv.kntxy.com,request,2.6-202606,openrtb.field.moved,error,regs.ext.gdpr,Section 3.2.3
p003923,cityam.com,srv.kntxy.com,request,2.6-202606,openrtb.field.moved,error,regs.ext.gdpr,Section 3.2.3
p003924,cityam.com,srv.kntxy.com,request,2.6-202606,openrtb.field.moved,error,regs.ext.gdpr,Section 3.2.3
p003925,cityam.com,srv.kntxy.com,request,2.6-202606,openrtb.field.moved,error,regs.ext.gdpr,Section 3.2.3
p003926,cityam.com,srv.kntxy.com,request,2.6-202606,openrtb.field.moved,error,regs.ext.gdpr,Section 3.2.3
p003927,cityam.com,srv.kntxy.com,response,2.6-202606,openrtb.bid.mtype_missing,warning,seatbid[0].bid[0].mtype,4.2.3
p003928,autoexpress.co.uk,ssb-global.smartadserver.com,request,2.6-202606,openrtb.field.undefined,error,device.geo.state,3.2.19
p003928,autoexpress.co.uk,ssb-global.smartadserver.com,request,2.6-202606,openrtb.field.deprecated,warning,imp[0].video.placement,Section 3.2.7
p003928,autoexpress.co.uk,ssb-global.smartadserver.com,request,2.6-202606,openrtb.value.invalid,error,imp[0].video.skip,3.2.7
p003928,autoexpress.co.uk,ssb-global.smartadserver.com,request,2.6-202606,openrtb.type.mismatch,error,site.publisher.id,3.2.15
p003929,autoexpress.co.uk,ssb-global.smartadserver.com,request,2.6-202606,openrtb.field.undefined,error,device.geo.state,3.2.19
p003929,autoexpress.co.uk,ssb-global.smartadserver.com,request,2.6-202606,openrtb.field.deprecated,warning,imp[0].video.placement,Section 3.2.7
p003929,autoexpress.co.uk,ssb-global.smartadserver.com,request,2.6-202606,openrtb.value.invalid,error,imp[0].video.skip,3.2.7
p003929,autoexpress.co.uk,ssb-global.smartadserver.com,request,2.6-202606,openrtb.type.mismatch,error,site.publisher.id,3.2.15
p003930,barcablaugranes.com,ssb-global.smartadserver.com,request,2.6-202606,openrtb.type.mismatch,error,site.publisher.id,3.2.15
p003931,bibliaon.com,ssb-global.smartadserver.com,request,2.6-202606,openrtb.field.moved,error,regs.ext.gdpr,Section 3.2.3
p003931,bibliaon.com,ssb-global.smartadserver.com,request,2.6-202606,openrtb.type.mismatch,error,site.publisher.id,3.2.15
p003932,barcablaugranes.com,ssb-global.smartadserver.com,request,2.6-202606,openrtb.type.mismatch,error,site.publisher.id,3.2.15
p003933,barcablaugranes.com,ssb-global.smartadserver.com,request,2.6-202606,openrtb.type.mismatch,error,site.publisher.id,3.2.15
p003934,barcablaugranes.com,ssb-global.smartadserver.com,request,2.6-202606,openrtb.type.mismatch,error,site.publisher.id,3.2.15
p003935,barcablaugranes.com,ssb-global.smartadserver.com,request,2.6-202606,openrtb.type.mismatch,error,site.publisher.id,3.2.15
p003936,barcablaugranes.com,ssb-global.smartadserver.com,request,2.6-202606,openrtb.type.mismatch,error,site.publisher.id,3.2.15
p003937,barcablaugranes.com,ssb-global.smartadserver.com,request,2.6-202606,openrtb.type.mismatch,error,site.publisher.id,3.2.15
p003938,barcablaugranes.com,ssb-global.smartadserver.com,request,2.6-202606,openrtb.type.mismatch,error,site.publisher.id,3.2.15
p003939,barcablaugranes.com,ssb-global.smartadserver.com,request,2.6-202606,openrtb.type.mismatch,error,site.publisher.id,3.2.15
p003940,barcablaugranes.com,ssb-global.smartadserver.com,request,2.6-202606,openrtb.type.mismatch,error,site.publisher.id,3.2.15
p003941,bibliaon.com,ssb-global.smartadserver.com,request,2.6-202606,openrtb.field.moved,error,regs.ext.gdpr,Section 3.2.3
p003941,bibliaon.com,ssb-global.smartadserver.com,request,2.6-202606,openrtb.type.mismatch,error,site.publisher.id,3.2.15
p003942,barcablaugranes.com,ssb-global.smartadserver.com,request,2.6-202606,openrtb.type.mismatch,error,site.publisher.id,3.2.15
p003943,barcablaugranes.com,ssb-global.smartadserver.com,request,2.6-202606,openrtb.type.mismatch,error,site.publisher.id,3.2.15
p003944,barcablaugranes.com,ssb-global.smartadserver.com,request,2.6-202606,openrtb.type.mismatch,error,site.publisher.id,3.2.15
p003945,barcablaugranes.com,ssb-global.smartadserver.com,request,2.6-202606,openrtb.type.mismatch,error,site.publisher.id,3.2.15
p003946,cityam.com,ssb-global.smartadserver.com,request,2.6-202606,openrtb.field.moved,error,regs.ext.gdpr,Section 3.2.3
p003946,cityam.com,ssb-global.smartadserver.com,request,2.6-202606,openrtb.type.mismatch,error,site.publisher.id,3.2.15
p003947,cityam.com,ssb-global.smartadserver.com,request,2.6-202606,openrtb.field.moved,error,regs.ext.gdpr,Section 3.2.3
p003947,cityam.com,ssb-global.smartadserver.com,request,2.6-202606,openrtb.type.mismatch,error,site.publisher.id,3.2.15
p003948,cityam.com,ssb-global.smartadserver.com,request,2.6-202606,openrtb.field.moved,error,regs.ext.gdpr,Section 3.2.3
p003948,cityam.com,ssb-global.smartadserver.com,request,2.6-202606,openrtb.type.mismatch,error,site.publisher.id,3.2.15
p003949,cityam.com,ssb-global.smartadserver.com,request,2.6-202606,openrtb.field.moved,error,regs.ext.gdpr,Section 3.2.3
p003949,cityam.com,ssb-global.smartadserver.com,request,2.6-202606,openrtb.type.mismatch,error,site.publisher.id,3.2.15
p003950,cityam.com,ssb-global.smartadserver.com,request,2.6-202606,openrtb.field.moved,error,regs.ext.gdpr,Section 3.2.3
p003950,cityam.com,ssb-global.smartadserver.com,request,2.6-202606,openrtb.type.mismatch,error,site.publisher.id,3.2.15
p003951,cityam.com,ssb-global.smartadserver.com,request,2.6-202606,openrtb.field.moved,error,regs.ext.gdpr,Section 3.2.3
p003951,cityam.com,ssb-global.smartadserver.com,request,2.6-202606,openrtb.type.mismatch,error,site.publisher.id,3.2.15
p003952,cityam.com,ssb-global.smartadserver.com,request,2.6-202606,openrtb.field.moved,error,regs.ext.gdpr,Section 3.2.3
p003952,cityam.com,ssb-global.smartadserver.com,request,2.6-202606,openrtb.type.mismatch,error,site.publisher.id,3.2.15
p003953,cityam.com,ssb-global.smartadserver.com,request,2.6-202606,openrtb.type.mismatch,error,site.publisher.id,3.2.15
p003954,cityam.com,ssb-global.smartadserver.com,request,2.6-202606,openrtb.type.mismatch,error,site.publisher.id,3.2.15
p003955,cityam.com,ssb-global.smartadserver.com,request,2.6-202606,openrtb.type.mismatch,error,site.publisher.id,3.2.15
p003956,cityam.com,ssb-global.smartadserver.com,request,2.6-202606,openrtb.type.mismatch,error,site.publisher.id,3.2.15
p003957,cityam.com,ssb-global.smartadserver.com,request,2.6-202606,openrtb.type.mismatch,error,site.publisher.id,3.2.15
p003958,cityam.com,ssb-global.smartadserver.com,request,2.6-202606,openrtb.type.mismatch,error,site.publisher.id,3.2.15
p003959,cityam.com,ssb-global.smartadserver.com,request,2.6-202606,openrtb.type.mismatch,error,site.publisher.id,3.2.15
p003960,cityam.com,ssb-global.smartadserver.com,request,2.6-202606,openrtb.type.mismatch,error,site.publisher.id,3.2.15
p003961,cupofjo.com,ssb-global.smartadserver.com,request,2.6-202606,openrtb.type.mismatch,error,site.publisher.id,3.2.15
p003962,cupofjo.com,ssb-global.smartadserver.com,request,2.6-202606,openrtb.type.mismatch,error,site.publisher.id,3.2.15
p003963,cupofjo.com,ssb-global.smartadserver.com,request,2.6-202606,openrtb.type.mismatch,error,site.publisher.id,3.2.15
p003964,cupofjo.com,ssb-global.smartadserver.com,request,2.6-202606,openrtb.type.mismatch,error,site.publisher.id,3.2.15
p003965,cupofjo.com,ssb-global.smartadserver.com,request,2.6-202606,openrtb.field.deprecated,warning,imp[0].video.placement,Section 3.2.7
p003965,cupofjo.com,ssb-global.smartadserver.com,request,2.6-202606,openrtb.value.invalid,error,imp[0].video.skip,3.2.7
p003965,cupofjo.com,ssb-global.smartadserver.com,request,2.6-202606,openrtb.type.mismatch,error,site.publisher.id,3.2.15
p003966,cupofjo.com,ssb-global.smartadserver.com,request,2.6-202606,openrtb.field.deprecated,warning,imp[0].video.placement,Section 3.2.7
p003966,cupofjo.com,ssb-global.smartadserver.com,request,2.6-202606,openrtb.value.invalid,error,imp[0].video.skip,3.2.7
p003966,cupofjo.com,ssb-global.smartadserver.com,request,2.6-202606,openrtb.type.mismatch,error,site.publisher.id,3.2.15
p003967,elespectador.com,ssb-global.smartadserver.com,request,2.6-202606,openrtb.field.moved,error,regs.ext.gdpr,Section 3.2.3
p003967,elespectador.com,ssb-global.smartadserver.com,request,2.6-202606,openrtb.type.mismatch,error,site.publisher.id,3.2.15
p003967,elespectador.com,ssb-global.smartadserver.com,request,2.6-202606,openrtb.field.moved,error,user.ext.consent,Section 3.2.20
p003968,elespectador.com,ssb-global.smartadserver.com,request,2.6-202606,openrtb.field.moved,error,regs.ext.gdpr,Section 3.2.3
p003968,elespectador.com,ssb-global.smartadserver.com,request,2.6-202606,openrtb.type.mismatch,error,site.publisher.id,3.2.15
p003968,elespectador.com,ssb-global.smartadserver.com,request,2.6-202606,openrtb.field.moved,error,user.ext.consent,Section 3.2.20
p003969,elespectador.com,ssb-global.smartadserver.com,request,2.6-202606,openrtb.field.deprecated,warning,imp[0].video.placement,Section 3.2.7
p003969,elespectador.com,ssb-global.smartadserver.com,request,2.6-202606,openrtb.field.moved,error,regs.ext.gdpr,Section 3.2.3
p003969,elespectador.com,ssb-global.smartadserver.com,request,2.6-202606,openrtb.type.mismatch,error,site.publisher.id,3.2.15
p003969,elespectador.com,ssb-global.smartadserver.com,request,2.6-202606,openrtb.field.moved,error,user.ext.consent,Section 3.2.20
p003970,elespectador.com,ssb-global.smartadserver.com,request,2.6-202606,openrtb.field.deprecated,warning,imp[0].video.placement,Section 3.2.7
p003970,elespectador.com,ssb-global.smartadserver.com,request,2.6-202606,openrtb.field.moved,error,regs.ext.gdpr,Section 3.2.3
p003970,elespectador.com,ssb-global.smartadserver.com,request,2.6-202606,openrtb.type.mismatch,error,site.publisher.id,3.2.15
p003970,elespectador.com,ssb-global.smartadserver.com,request,2.6-202606,openrtb.field.moved,error,user.ext.consent,Section 3.2.20
p003971,elespectador.com,ssb-global.smartadserver.com,request,2.6-202606,openrtb.field.moved,error,regs.ext.gdpr,Section 3.2.3
p003971,elespectador.com,ssb-global.smartadserver.com,request,2.6-202606,openrtb.type.mismatch,error,site.publisher.id,3.2.15
p003971,elespectador.com,ssb-global.smartadserver.com,request,2.6-202606,openrtb.field.moved,error,user.ext.consent,Section 3.2.20
p003972,elespectador.com,ssb-global.smartadserver.com,request,2.6-202606,openrtb.field.moved,error,regs.ext.gdpr,Section 3.2.3
p003972,elespectador.com,ssb-global.smartadserver.com,request,2.6-202606,openrtb.type.mismatch,error,site.publisher.id,3.2.15
p003972,elespectador.com,ssb-global.smartadserver.com,request,2.6-202606,openrtb.field.moved,error,user.ext.consent,Section 3.2.20
p003973,elespectador.com,ssb-global.smartadserver.com,request,2.6-202606,openrtb.field.deprecated,warning,imp[0].video.placement,Section 3.2.7
p003973,elespectador.com,ssb-global.smartadserver.com,request,2.6-202606,openrtb.field.moved,error,regs.ext.gdpr,Section 3.2.3
p003973,elespectador.com,ssb-global.smartadserver.com,request,2.6-202606,openrtb.type.mismatch,error,site.publisher.id,3.2.15
p003973,elespectador.com,ssb-global.smartadserver.com,request,2.6-202606,openrtb.field.moved,error,user.ext.consent,Section 3.2.20
p003974,elespectador.com,ssb-global.smartadserver.com,request,2.6-202606,openrtb.field.deprecated,warning,imp[0].video.placement,Section 3.2.7
p003974,elespectador.com,ssb-global.smartadserver.com,request,2.6-202606,openrtb.field.moved,error,regs.ext.gdpr,Section 3.2.3
p003974,elespectador.com,ssb-global.smartadserver.com,request,2.6-202606,openrtb.type.mismatch,error,site.publisher.id,3.2.15
p003974,elespectador.com,ssb-global.smartadserver.com,request,2.6-202606,openrtb.field.moved,error,user.ext.consent,Section 3.2.20
p003975,elespectador.com,ssb-global.smartadserver.com,request,2.6-202606,openrtb.field.moved,error,regs.ext.gdpr,Section 3.2.3
p003975,elespectador.com,ssb-global.smartadserver.com,request,2.6-202606,openrtb.type.mismatch,error,site.publisher.id,3.2.15
p003975,elespectador.com,ssb-global.smartadserver.com,request,2.6-202606,openrtb.field.moved,error,user.ext.consent,Section 3.2.20
p003976,elespectador.com,ssb-global.smartadserver.com,request,2.6-202606,openrtb.field.deprecated,warning,imp[0].video.placement,Section 3.2.7
p003976,elespectador.com,ssb-global.smartadserver.com,request,2.6-202606,openrtb.field.moved,error,regs.ext.gdpr,Section 3.2.3
p003976,elespectador.com,ssb-global.smartadserver.com,request,2.6-202606,openrtb.type.mismatch,error,site.publisher.id,3.2.15
p003976,elespectador.com,ssb-global.smartadserver.com,request,2.6-202606,openrtb.field.moved,error,user.ext.consent,Section 3.2.20
p003977,elespectador.com,ssb-global.smartadserver.com,request,2.6-202606,openrtb.field.deprecated,warning,imp[0].video.placement,Section 3.2.7
p003977,elespectador.com,ssb-global.smartadserver.com,request,2.6-202606,openrtb.field.moved,error,regs.ext.gdpr,Section 3.2.3
p003977,elespectador.com,ssb-global.smartadserver.com,request,2.6-202606,openrtb.type.mismatch,error,site.publisher.id,3.2.15
p003977,elespectador.com,ssb-global.smartadserver.com,request,2.6-202606,openrtb.field.moved,error,user.ext.consent,Section 3.2.20
p003978,genealogy.com,ssb-global.smartadserver.com,request,2.6-202606,openrtb.field.undefined,error,device.geo.state,3.2.19
p003978,genealogy.com,ssb-global.smartadserver.com,request,2.6-202606,openrtb.field.deprecated,warning,imp[0].video.placement,Section 3.2.7
p003978,genealogy.com,ssb-global.smartadserver.com,request,2.6-202606,openrtb.type.mismatch,error,site.publisher.id,3.2.15
p003979,genealogy.com,ssb-global.smartadserver.com,request,2.6-202606,openrtb.field.undefined,error,device.geo.state,3.2.19
p003979,genealogy.com,ssb-global.smartadserver.com,request,2.6-202606,openrtb.field.deprecated,warning,imp[0].video.placement,Section 3.2.7
p003979,genealogy.com,ssb-global.smartadserver.com,request,2.6-202606,openrtb.type.mismatch,error,site.publisher.id,3.2.15
p003980,genealogy.com,ssb-global.smartadserver.com,request,2.6-202606,openrtb.field.undefined,error,device.geo.state,3.2.19
p003980,genealogy.com,ssb-global.smartadserver.com,request,2.6-202606,openrtb.field.deprecated,warning,imp[0].video.placement,Section 3.2.7
p003980,genealogy.com,ssb-global.smartadserver.com,request,2.6-202606,openrtb.type.mismatch,error,site.publisher.id,3.2.15
p003981,genealogy.com,ssb-global.smartadserver.com,request,2.6-202606,openrtb.field.undefined,error,device.geo.state,3.2.19
p003981,genealogy.com,ssb-global.smartadserver.com,request,2.6-202606,openrtb.field.deprecated,warning,imp[0].video.placement,Section 3.2.7
p003981,genealogy.com,ssb-global.smartadserver.com,request,2.6-202606,openrtb.type.mismatch,error,site.publisher.id,3.2.15
p003982,genealogy.com,ssb-global.smartadserver.com,request,2.6-202606,openrtb.field.undefined,error,device.geo.state,3.2.19
p003982,genealogy.com,ssb-global.smartadserver.com,request,2.6-202606,openrtb.field.deprecated,warning,imp[0].video.placement,Section 3.2.7
p003982,genealogy.com,ssb-global.smartadserver.com,request,2.6-202606,openrtb.value.invalid,error,imp[0].video.skip,3.2.7
p003982,genealogy.com,ssb-global.smartadserver.com,request,2.6-202606,openrtb.type.mismatch,error,site.publisher.id,3.2.15
p003983,genealogy.com,ssb-global.smartadserver.com,request,2.6-202606,openrtb.field.undefined,error,device.geo.state,3.2.19
p003983,genealogy.com,ssb-global.smartadserver.com,request,2.6-202606,openrtb.field.deprecated,warning,imp[0].video.placement,Section 3.2.7
p003983,genealogy.com,ssb-global.smartadserver.com,request,2.6-202606,openrtb.value.invalid,error,imp[0].video.skip,3.2.7
p003983,genealogy.com,ssb-global.smartadserver.com,request,2.6-202606,openrtb.type.mismatch,error,site.publisher.id,3.2.15
p003984,haberler.com,ssb-global.smartadserver.com,request,2.6-202606,openrtb.type.mismatch,error,site.publisher.id,3.2.15
p003985,halfbakedharvest.com,ssb-global.smartadserver.com,request,2.6-202606,openrtb.type.mismatch,error,site.publisher.id,3.2.15
p003986,halfbakedharvest.com,ssb-global.smartadserver.com,request,2.6-202606,openrtb.type.mismatch,error,site.publisher.id,3.2.15
p003987,halfbakedharvest.com,ssb-global.smartadserver.com,request,2.6-202606,openrtb.field.deprecated,warning,imp[0].video.placement,Section 3.2.7
p003987,halfbakedharvest.com,ssb-global.smartadserver.com,request,2.6-202606,openrtb.value.invalid,error,imp[0].video.skip,3.2.7
p003987,halfbakedharvest.com,ssb-global.smartadserver.com,request,2.6-202606,openrtb.type.mismatch,error,site.publisher.id,3.2.15
p003988,halfbakedharvest.com,ssb-global.smartadserver.com,request,2.6-202606,openrtb.type.mismatch,error,site.publisher.id,3.2.15
p003989,halfbakedharvest.com,ssb-global.smartadserver.com,request,2.6-202606,openrtb.field.deprecated,warning,imp[0].video.placement,Section 3.2.7
p003989,halfbakedharvest.com,ssb-global.smartadserver.com,request,2.6-202606,openrtb.value.invalid,error,imp[0].video.skip,3.2.7
p003989,halfbakedharvest.com,ssb-global.smartadserver.com,request,2.6-202606,openrtb.type.mismatch,error,site.publisher.id,3.2.15
p003990,halfbakedharvest.com,ssb-global.smartadserver.com,request,2.6-202606,openrtb.type.mismatch,error,site.publisher.id,3.2.15
p003991,haberler.com,ssb-global.smartadserver.com,request,2.6-202606,openrtb.type.mismatch,error,site.publisher.id,3.2.15
p003992,haberler.com,ssb-global.smartadserver.com,request,2.6-202606,openrtb.field.deprecated,warning,imp[0].video.placement,Section 3.2.7
p003992,haberler.com,ssb-global.smartadserver.com,request,2.6-202606,openrtb.type.mismatch,error,site.publisher.id,3.2.15
p003993,halfbakedharvest.com,ssb-global.smartadserver.com,request,2.6-202606,openrtb.field.deprecated,warning,imp[0].video.placement,Section 3.2.7
p003993,halfbakedharvest.com,ssb-global.smartadserver.com,request,2.6-202606,openrtb.value.invalid,error,imp[0].video.skip,3.2.7
p003993,halfbakedharvest.com,ssb-global.smartadserver.com,request,2.6-202606,openrtb.type.mismatch,error,site.publisher.id,3.2.15
p003994,haberler.com,ssb-global.smartadserver.com,request,2.6-202606,openrtb.type.mismatch,error,site.publisher.id,3.2.15
p003995,halfbakedharvest.com,ssb-global.smartadserver.com,request,2.6-202606,openrtb.type.mismatch,error,site.publisher.id,3.2.15
p003996,halfbakedharvest.com,ssb-global.smartadserver.com,request,2.6-202606,openrtb.type.mismatch,error,site.publisher.id,3.2.15
p003997,halfbakedharvest.com,ssb-global.smartadserver.com,request,2.6-202606,openrtb.field.deprecated,warning,imp[0].video.placement,Section 3.2.7
p003997,halfbakedharvest.com,ssb-global.smartadserver.com,request,2.6-202606,openrtb.value.invalid,error,imp[0].video.skip,3.2.7
p003997,halfbakedharvest.com,ssb-global.smartadserver.com,request,2.6-202606,openrtb.type.mismatch,error,site.publisher.id,3.2.15
p003998,haberler.com,ssb-global.smartadserver.com,request,2.6-202606,openrtb.type.mismatch,error,site.publisher.id,3.2.15
p003999,halfbakedharvest.com,ssb-global.smartadserver.com,request,2.6-202606,openrtb.field.deprecated,warning,imp[0].video.placement,Section 3.2.7
p003999,halfbakedharvest.com,ssb-global.smartadserver.com,request,2.6-202606,openrtb.value.invalid,error,imp[0].video.skip,3.2.7
p003999,halfbakedharvest.com,ssb-global.smartadserver.com,request,2.6-202606,openrtb.type.mismatch,error,site.publisher.id,3.2.15
p004000,iheart.com,ssb-global.smartadserver.com,request,2.6-202606,openrtb.type.mismatch,error,site.publisher.id,3.2.15
p004001,iheart.com,ssb-global.smartadserver.com,request,2.6-202606,openrtb.type.mismatch,error,site.publisher.id,3.2.15
p004002,mthai.com,ssb-global.smartadserver.com,request,2.6-202606,openrtb.type.mismatch,error,site.publisher.id,3.2.15
p004003,mthai.com,ssb-global.smartadserver.com,request,2.6-202606,openrtb.type.mismatch,error,site.publisher.id,3.2.15
p004004,nesn.com,ssb-global.smartadserver.com,request,2.6-202606,openrtb.type.mismatch,error,site.publisher.id,3.2.15
p004005,nesn.com,ssb-global.smartadserver.com,request,2.6-202606,openrtb.type.mismatch,error,site.publisher.id,3.2.15
p004006,nesn.com,ssb-global.smartadserver.com,request,2.6-202606,openrtb.type.mismatch,error,site.publisher.id,3.2.15
p004007,nesn.com,ssb-global.smartadserver.com,request,2.6-202606,openrtb.type.mismatch,error,site.publisher.id,3.2.15
p004008,nesn.com,ssb-global.smartadserver.com,request,2.6-202606,openrtb.type.mismatch,error,site.publisher.id,3.2.15
p004009,outsideonline.com,ssb-global.smartadserver.com,request,2.6-202606,openrtb.field.moved,error,regs.ext.gdpr,Section 3.2.3
p004009,outsideonline.com,ssb-global.smartadserver.com,request,2.6-202606,openrtb.type.mismatch,error,site.publisher.id,3.2.15
p004010,outsideonline.com,ssb-global.smartadserver.com,request,2.6-202606,openrtb.field.moved,error,regs.ext.gdpr,Section 3.2.3
p004010,outsideonline.com,ssb-global.smartadserver.com,request,2.6-202606,openrtb.type.mismatch,error,site.publisher.id,3.2.15
p004011,outsideonline.com,ssb-global.smartadserver.com,request,2.6-202606,openrtb.field.moved,error,regs.ext.gdpr,Section 3.2.3
p004011,outsideonline.com,ssb-global.smartadserver.com,request,2.6-202606,openrtb.type.mismatch,error,site.publisher.id,3.2.15
p004012,outsideonline.com,ssb-global.smartadserver.com,request,2.6-202606,openrtb.field.moved,error,regs.ext.gdpr,Section 3.2.3
p004012,outsideonline.com,ssb-global.smartadserver.com,request,2.6-202606,openrtb.type.mismatch,error,site.publisher.id,3.2.15
p004013,outsideonline.com,ssb-global.smartadserver.com,request,2.6-202606,openrtb.field.moved,error,regs.ext.gdpr,Section 3.2.3
p004013,outsideonline.com,ssb-global.smartadserver.com,request,2.6-202606,openrtb.type.mismatch,error,site.publisher.id,3.2.15
p004014,outsideonline.com,ssb-global.smartadserver.com,request,2.6-202606,openrtb.field.moved,error,regs.ext.gdpr,Section 3.2.3
p004014,outsideonline.com,ssb-global.smartadserver.com,request,2.6-202606,openrtb.type.mismatch,error,site.publisher.id,3.2.15
p004015,outsideonline.com,ssb-global.smartadserver.com,request,2.6-202606,openrtb.field.moved,error,regs.ext.gdpr,Section 3.2.3
p004015,outsideonline.com,ssb-global.smartadserver.com,request,2.6-202606,openrtb.type.mismatch,error,site.publisher.id,3.2.15
p004016,outsideonline.com,ssb-global.smartadserver.com,request,2.6-202606,openrtb.field.moved,error,regs.ext.gdpr,Section 3.2.3
p004016,outsideonline.com,ssb-global.smartadserver.com,request,2.6-202606,openrtb.type.mismatch,error,site.publisher.id,3.2.15
p004017,philstar.com,ssb-global.smartadserver.com,request,2.6-202606,openrtb.type.mismatch,error,site.publisher.id,3.2.15
p004018,philstar.com,ssb-global.smartadserver.com,request,2.6-202606,openrtb.type.mismatch,error,site.publisher.id,3.2.15
p004019,philstar.com,ssb-global.smartadserver.com,request,2.6-202606,openrtb.type.mismatch,error,site.publisher.id,3.2.15
p004020,philstar.com,ssb-global.smartadserver.com,request,2.6-202606,openrtb.type.mismatch,error,site.publisher.id,3.2.15
p004021,philstar.com,ssb-global.smartadserver.com,request,2.6-202606,openrtb.type.mismatch,error,site.publisher.id,3.2.15
p004022,outsideonline.com,ssb-global.smartadserver.com,request,2.6-202606,openrtb.field.moved,error,regs.ext.gdpr,Section 3.2.3
p004022,outsideonline.com,ssb-global.smartadserver.com,request,2.6-202606,openrtb.type.mismatch,error,site.publisher.id,3.2.15
p004023,outsideonline.com,ssb-global.smartadserver.com,request,2.6-202606,openrtb.field.moved,error,regs.ext.gdpr,Section 3.2.3
p004023,outsideonline.com,ssb-global.smartadserver.com,request,2.6-202606,openrtb.type.mismatch,error,site.publisher.id,3.2.15
p004024,outsideonline.com,ssb-global.smartadserver.com,request,2.6-202606,openrtb.field.moved,error,regs.ext.gdpr,Section 3.2.3
p004024,outsideonline.com,ssb-global.smartadserver.com,request,2.6-202606,openrtb.type.mismatch,error,site.publisher.id,3.2.15
p004025,outsideonline.com,ssb-global.smartadserver.com,request,2.6-202606,openrtb.field.moved,error,regs.ext.gdpr,Section 3.2.3
p004025,outsideonline.com,ssb-global.smartadserver.com,request,2.6-202606,openrtb.type.mismatch,error,site.publisher.id,3.2.15
p004026,outsideonline.com,ssb-global.smartadserver.com,request,2.6-202606,openrtb.field.moved,error,regs.ext.gdpr,Section 3.2.3
p004026,outsideonline.com,ssb-global.smartadserver.com,request,2.6-202606,openrtb.type.mismatch,error,site.publisher.id,3.2.15
p004027,outsideonline.com,ssb-global.smartadserver.com,request,2.6-202606,openrtb.field.moved,error,regs.ext.gdpr,Section 3.2.3
p004027,outsideonline.com,ssb-global.smartadserver.com,request,2.6-202606,openrtb.type.mismatch,error,site.publisher.id,3.2.15
p004028,outsideonline.com,ssb-global.smartadserver.com,request,2.6-202606,openrtb.field.moved,error,regs.ext.gdpr,Section 3.2.3
p004028,outsideonline.com,ssb-global.smartadserver.com,request,2.6-202606,openrtb.type.mismatch,error,site.publisher.id,3.2.15
p004029,outsideonline.com,ssb-global.smartadserver.com,request,2.6-202606,openrtb.field.moved,error,regs.ext.gdpr,Section 3.2.3
p004029,outsideonline.com,ssb-global.smartadserver.com,request,2.6-202606,openrtb.type.mismatch,error,site.publisher.id,3.2.15
p004030,philstar.com,ssb-global.smartadserver.com,request,2.6-202606,openrtb.type.mismatch,error,site.publisher.id,3.2.15
p004031,philstar.com,ssb-global.smartadserver.com,request,2.6-202606,openrtb.type.mismatch,error,site.publisher.id,3.2.15
p004032,philstar.com,ssb-global.smartadserver.com,request,2.6-202606,openrtb.type.mismatch,error,site.publisher.id,3.2.15
p004033,philstar.com,ssb-global.smartadserver.com,request,2.6-202606,openrtb.type.mismatch,error,site.publisher.id,3.2.15
p004034,philstar.com,ssb-global.smartadserver.com,request,2.6-202606,openrtb.type.mismatch,error,site.publisher.id,3.2.15
p004035,prosport.ro,ssb-global.smartadserver.com,request,2.6-202606,openrtb.field.moved,error,regs.ext.gdpr,Section 3.2.3
p004035,prosport.ro,ssb-global.smartadserver.com,request,2.6-202606,openrtb.field.moved,error,user.ext.consent,Section 3.2.20
p004036,prosport.ro,ssb-global.smartadserver.com,request,2.6-202606,openrtb.field.moved,error,regs.ext.gdpr,Section 3.2.3
p004036,prosport.ro,ssb-global.smartadserver.com,request,2.6-202606,openrtb.field.moved,error,user.ext.consent,Section 3.2.20
p004037,prosport.ro,ssb-global.smartadserver.com,request,2.6-202606,openrtb.field.moved,error,regs.ext.gdpr,Section 3.2.3
p004037,prosport.ro,ssb-global.smartadserver.com,request,2.6-202606,openrtb.field.moved,error,user.ext.consent,Section 3.2.20
p004038,prosport.ro,ssb-global.smartadserver.com,request,2.6-202606,openrtb.field.moved,error,regs.ext.gdpr,Section 3.2.3
p004038,prosport.ro,ssb-global.smartadserver.com,request,2.6-202606,openrtb.field.moved,error,user.ext.consent,Section 3.2.20
p004039,prosport.ro,ssb-global.smartadserver.com,request,2.6-202606,openrtb.field.moved,error,regs.ext.gdpr,Section 3.2.3
p004039,prosport.ro,ssb-global.smartadserver.com,request,2.6-202606,openrtb.field.moved,error,user.ext.consent,Section 3.2.20
p004040,prosport.ro,ssb-global.smartadserver.com,request,2.6-202606,openrtb.field.moved,error,regs.ext.gdpr,Section 3.2.3
p004040,prosport.ro,ssb-global.smartadserver.com,request,2.6-202606,openrtb.field.moved,error,user.ext.consent,Section 3.2.20
p004041,prosport.ro,ssb-global.smartadserver.com,request,2.6-202606,openrtb.field.moved,error,regs.ext.gdpr,Section 3.2.3
p004041,prosport.ro,ssb-global.smartadserver.com,request,2.6-202606,openrtb.field.moved,error,user.ext.consent,Section 3.2.20
p004042,prosport.ro,ssb-global.smartadserver.com,request,2.6-202606,openrtb.field.moved,error,regs.ext.gdpr,Section 3.2.3
p004042,prosport.ro,ssb-global.smartadserver.com,request,2.6-202606,openrtb.field.moved,error,user.ext.consent,Section 3.2.20
p004043,prosport.ro,ssb-global.smartadserver.com,request,2.6-202606,openrtb.field.moved,error,regs.ext.gdpr,Section 3.2.3
p004043,prosport.ro,ssb-global.smartadserver.com,request,2.6-202606,openrtb.field.moved,error,user.ext.consent,Section 3.2.20
p004044,prosport.ro,ssb-global.smartadserver.com,request,2.6-202606,openrtb.field.moved,error,regs.ext.gdpr,Section 3.2.3
p004044,prosport.ro,ssb-global.smartadserver.com,request,2.6-202606,openrtb.field.moved,error,user.ext.consent,Section 3.2.20
p004045,prosport.ro,ssb-global.smartadserver.com,request,2.6-202606,openrtb.field.moved,error,regs.ext.gdpr,Section 3.2.3
p004045,prosport.ro,ssb-global.smartadserver.com,request,2.6-202606,openrtb.field.moved,error,user.ext.consent,Section 3.2.20
p004046,prosport.ro,ssb-global.smartadserver.com,request,2.6-202606,openrtb.field.moved,error,regs.ext.gdpr,Section 3.2.3
p004046,prosport.ro,ssb-global.smartadserver.com,request,2.6-202606,openrtb.field.moved,error,user.ext.consent,Section 3.2.20
p004047,prosport.ro,ssb-global.smartadserver.com,request,2.6-202606,openrtb.field.moved,error,regs.ext.gdpr,Section 3.2.3
p004047,prosport.ro,ssb-global.smartadserver.com,request,2.6-202606,openrtb.field.moved,error,user.ext.consent,Section 3.2.20
p004048,ranker.com,ssb-global.smartadserver.com,request,2.6-202606,openrtb.type.mismatch,error,site.publisher.id,3.2.15
p004049,ranker.com,ssb-global.smartadserver.com,request,2.6-202606,openrtb.type.mismatch,error,site.publisher.id,3.2.15
p004050,ranker.com,ssb-global.smartadserver.com,request,2.6-202606,openrtb.type.mismatch,error,site.publisher.id,3.2.15
p004051,ranker.com,ssb-global.smartadserver.com,request,2.6-202606,openrtb.type.mismatch,error,site.publisher.id,3.2.15
p004052,ranker.com,ssb-global.smartadserver.com,request,2.6-202606,openrtb.field.deprecated,warning,imp[0].video.placement,Section 3.2.7
p004052,ranker.com,ssb-global.smartadserver.com,request,2.6-202606,openrtb.value.invalid,error,imp[0].video.skip,3.2.7
p004052,ranker.com,ssb-global.smartadserver.com,request,2.6-202606,openrtb.type.mismatch,error,site.publisher.id,3.2.15
p004053,ranker.com,ssb-global.smartadserver.com,request,2.6-202606,openrtb.type.mismatch,error,site.publisher.id,3.2.15
p004054,ranker.com,ssb-global.smartadserver.com,request,2.6-202606,openrtb.type.mismatch,error,site.publisher.id,3.2.15
p004055,realtimetrains.co.uk,ssb-global.smartadserver.com,request,2.6-202606,openrtb.type.mismatch,error,site.publisher.id,3.2.15
p004056,realtimetrains.co.uk,ssb-global.smartadserver.com,request,2.6-202606,openrtb.type.mismatch,error,site.publisher.id,3.2.15
p004057,realtimetrains.co.uk,ssb-global.smartadserver.com,request,2.6-202606,openrtb.type.mismatch,error,site.publisher.id,3.2.15
p004058,salon.com,ssb-global.smartadserver.com,request,2.6-202606,openrtb.type.mismatch,error,site.publisher.id,3.2.15
p004059,salon.com,ssb-global.smartadserver.com,request,2.6-202606,openrtb.type.mismatch,error,site.publisher.id,3.2.15
p004060,socialblade.com,ssb-global.smartadserver.com,request,2.6-202606,openrtb.field.undefined,error,imp[0].battr,3.2.4
p004060,socialblade.com,ssb-global.smartadserver.com,request,2.6-202606,openrtb.type.mismatch,error,site.publisher.id,3.2.15
p004061,socialblade.com,ssb-global.smartadserver.com,request,2.6-202606,openrtb.field.undefined,error,imp[0].battr,3.2.4
p004061,socialblade.com,ssb-global.smartadserver.com,request,2.6-202606,openrtb.type.mismatch,error,site.publisher.id,3.2.15
p004062,socialblade.com,ssb-global.smartadserver.com,request,2.6-202606,openrtb.field.undefined,error,imp[0].battr,3.2.4
p004062,socialblade.com,ssb-global.smartadserver.com,request,2.6-202606,openrtb.type.mismatch,error,site.publisher.id,3.2.15
p004063,socialblade.com,ssb-global.smartadserver.com,request,2.6-202606,openrtb.field.undefined,error,imp[0].battr,3.2.4
p004063,socialblade.com,ssb-global.smartadserver.com,request,2.6-202606,openrtb.type.mismatch,error,site.publisher.id,3.2.15
p004064,socialblade.com,ssb-global.smartadserver.com,request,2.6-202606,openrtb.field.undefined,error,imp[0].battr,3.2.4
p004064,socialblade.com,ssb-global.smartadserver.com,request,2.6-202606,openrtb.type.mismatch,error,site.publisher.id,3.2.15
p004065,socialblade.com,ssb-global.smartadserver.com,request,2.6-202606,openrtb.field.undefined,error,imp[0].battr,3.2.4
p004065,socialblade.com,ssb-global.smartadserver.com,request,2.6-202606,openrtb.type.mismatch,error,site.publisher.id,3.2.15
p004066,socialblade.com,ssb-global.smartadserver.com,request,2.6-202606,openrtb.field.undefined,error,imp[0].battr,3.2.4
p004066,socialblade.com,ssb-global.smartadserver.com,request,2.6-202606,openrtb.field.deprecated,warning,imp[0].video.placement,Section 3.2.7
p004066,socialblade.com,ssb-global.smartadserver.com,request,2.6-202606,openrtb.value.invalid,error,imp[0].video.skip,3.2.7
p004066,socialblade.com,ssb-global.smartadserver.com,request,2.6-202606,openrtb.type.mismatch,error,site.publisher.id,3.2.15
p004067,salon.com,ssb-global.smartadserver.com,request,2.6-202606,openrtb.type.mismatch,error,site.publisher.id,3.2.15
p004068,salon.com,ssb-global.smartadserver.com,request,2.6-202606,openrtb.type.mismatch,error,site.publisher.id,3.2.15
p004069,salon.com,ssb-global.smartadserver.com,request,2.6-202606,openrtb.type.mismatch,error,site.publisher.id,3.2.15
p004070,salon.com,ssb-global.smartadserver.com,request,2.6-202606,openrtb.field.deprecated,warning,imp[0].video.placement,Section 3.2.7
p004070,salon.com,ssb-global.smartadserver.com,request,2.6-202606,openrtb.value.invalid,error,imp[0].video.skip,3.2.7
p004070,salon.com,ssb-global.smartadserver.com,request,2.6-202606,openrtb.type.mismatch,error,site.publisher.id,3.2.15
p004071,salon.com,ssb-global.smartadserver.com,request,2.6-202606,openrtb.type.mismatch,error,site.publisher.id,3.2.15
p004072,salon.com,ssb-global.smartadserver.com,request,2.6-202606,openrtb.type.mismatch,error,site.publisher.id,3.2.15
p004073,salon.com,ssb-global.smartadserver.com,request,2.6-202606,openrtb.field.deprecated,warning,imp[0].video.placement,Section 3.2.7
p004073,salon.com,ssb-global.smartadserver.com,request,2.6-202606,openrtb.value.invalid,error,imp[0].video.skip,3.2.7
p004073,salon.com,ssb-global.smartadserver.com,request,2.6-202606,openrtb.type.mismatch,error,site.publisher.id,3.2.15
p004074,salon.com,ssb-global.smartadserver.com,request,2.6-202606,openrtb.type.mismatch,error,site.publisher.id,3.2.15
p004075,salon.com,ssb-global.smartadserver.com,request,2.6-202606,openrtb.type.mismatch,error,site.publisher.id,3.2.15
p004076,salon.com,ssb-global.smartadserver.com,request,2.6-202606,openrtb.type.mismatch,error,site.publisher.id,3.2.15
p004077,salon.com,ssb-global.smartadserver.com,request,2.6-202606,openrtb.type.mismatch,error,site.publisher.id,3.2.15
p004078,salon.com,ssb-global.smartadserver.com,request,2.6-202606,openrtb.type.mismatch,error,site.publisher.id,3.2.15
p004079,sozcu.com.tr,ssb-global.smartadserver.com,request,2.6-202606,openrtb.field.moved,error,regs.ext.gdpr,Section 3.2.3
p004080,sozcu.com.tr,ssb-global.smartadserver.com,request,2.6-202606,openrtb.field.deprecated,warning,imp[0].video.placement,Section 3.2.7
p004080,sozcu.com.tr,ssb-global.smartadserver.com,request,2.6-202606,openrtb.field.moved,error,regs.ext.gdpr,Section 3.2.3
p004081,sozcu.com.tr,ssb-global.smartadserver.com,request,2.6-202606,openrtb.field.moved,error,regs.ext.gdpr,Section 3.2.3
p004081,sozcu.com.tr,ssb-global.smartadserver.com,request,2.6-202606,openrtb.field.moved,error,user.ext.consent,Section 3.2.20
p004082,sozcu.com.tr,ssb-global.smartadserver.com,request,2.6-202606,openrtb.field.deprecated,warning,imp[0].video.placement,Section 3.2.7
p004082,sozcu.com.tr,ssb-global.smartadserver.com,request,2.6-202606,openrtb.type.mismatch,error,site.publisher.id,3.2.15
p004083,sozcu.com.tr,ssb-global.smartadserver.com,request,2.6-202606,openrtb.field.moved,error,regs.ext.gdpr,Section 3.2.3
p004084,sozcu.com.tr,ssb-global.smartadserver.com,request,2.6-202606,openrtb.field.deprecated,warning,imp[0].video.placement,Section 3.2.7
p004084,sozcu.com.tr,ssb-global.smartadserver.com,request,2.6-202606,openrtb.field.moved,error,regs.ext.gdpr,Section 3.2.3
p004085,sozcu.com.tr,ssb-global.smartadserver.com,request,2.6-202606,openrtb.field.deprecated,warning,imp[0].video.placement,Section 3.2.7
p004085,sozcu.com.tr,ssb-global.smartadserver.com,request,2.6-202606,openrtb.type.mismatch,error,site.publisher.id,3.2.15
p004086,tio.ch,ssb-global.smartadserver.com,request,2.6-202606,openrtb.field.moved,error,regs.ext.gdpr,Section 3.2.3
p004086,tio.ch,ssb-global.smartadserver.com,request,2.6-202606,openrtb.type.mismatch,error,site.publisher.id,3.2.15
p004086,tio.ch,ssb-global.smartadserver.com,request,2.6-202606,openrtb.field.moved,error,user.ext.consent,Section 3.2.20
p004087,tio.ch,ssb-global.smartadserver.com,request,2.6-202606,openrtb.field.moved,error,regs.ext.gdpr,Section 3.2.3
p004087,tio.ch,ssb-global.smartadserver.com,request,2.6-202606,openrtb.type.mismatch,error,site.publisher.id,3.2.15
p004087,tio.ch,ssb-global.smartadserver.com,request,2.6-202606,openrtb.field.moved,error,user.ext.consent,Section 3.2.20
p004088,tio.ch,ssb-global.smartadserver.com,request,2.6-202606,openrtb.field.moved,error,regs.ext.gdpr,Section 3.2.3
p004088,tio.ch,ssb-global.smartadserver.com,request,2.6-202606,openrtb.type.mismatch,error,site.publisher.id,3.2.15
p004088,tio.ch,ssb-global.smartadserver.com,request,2.6-202606,openrtb.field.moved,error,user.ext.consent,Section 3.2.20
p004089,tio.ch,ssb-global.smartadserver.com,request,2.6-202606,openrtb.field.moved,error,regs.ext.gdpr,Section 3.2.3
p004089,tio.ch,ssb-global.smartadserver.com,request,2.6-202606,openrtb.type.mismatch,error,site.publisher.id,3.2.15
p004089,tio.ch,ssb-global.smartadserver.com,request,2.6-202606,openrtb.field.moved,error,user.ext.consent,Section 3.2.20
p004090,tio.ch,ssb-global.smartadserver.com,request,2.6-202606,openrtb.field.moved,error,regs.ext.gdpr,Section 3.2.3
p004090,tio.ch,ssb-global.smartadserver.com,request,2.6-202606,openrtb.type.mismatch,error,site.publisher.id,3.2.15
p004090,tio.ch,ssb-global.smartadserver.com,request,2.6-202606,openrtb.field.moved,error,user.ext.consent,Section 3.2.20
p004091,upi.com,ssb-global.smartadserver.com,request,2.6-202606,openrtb.field.undefined,error,geo,3.2.1
p004091,upi.com,ssb-global.smartadserver.com,request,2.6-202606,openrtb.field.undefined,error,imp[0].battr,3.2.4
p004091,upi.com,ssb-global.smartadserver.com,request,2.6-202606,openrtb.type.mismatch,error,site.publisher.id,3.2.15
p004092,upi.com,ssb-global.smartadserver.com,request,2.6-202606,openrtb.field.undefined,error,geo,3.2.1
p004092,upi.com,ssb-global.smartadserver.com,request,2.6-202606,openrtb.field.undefined,error,imp[0].battr,3.2.4
p004092,upi.com,ssb-global.smartadserver.com,request,2.6-202606,openrtb.type.mismatch,error,site.publisher.id,3.2.15
p004093,upi.com,ssb-global.smartadserver.com,request,2.6-202606,openrtb.field.undefined,error,geo,3.2.1
p004093,upi.com,ssb-global.smartadserver.com,request,2.6-202606,openrtb.field.undefined,error,imp[0].battr,3.2.4
p004093,upi.com,ssb-global.smartadserver.com,request,2.6-202606,openrtb.type.mismatch,error,site.publisher.id,3.2.15
p004094,upi.com,ssb-global.smartadserver.com,request,2.6-202606,openrtb.field.undefined,error,geo,3.2.1
p004094,upi.com,ssb-global.smartadserver.com,request,2.6-202606,openrtb.field.undefined,error,imp[0].battr,3.2.4
p004094,upi.com,ssb-global.smartadserver.com,request,2.6-202606,openrtb.type.mismatch,error,site.publisher.id,3.2.15
p004095,upi.com,ssb-global.smartadserver.com,request,2.6-202606,openrtb.field.undefined,error,geo,3.2.1
p004095,upi.com,ssb-global.smartadserver.com,request,2.6-202606,openrtb.field.undefined,error,imp[0].battr,3.2.4
p004095,upi.com,ssb-global.smartadserver.com,request,2.6-202606,openrtb.type.mismatch,error,site.publisher.id,3.2.15
p004096,upi.com,ssb-global.smartadserver.com,request,2.6-202606,openrtb.field.undefined,error,geo,3.2.1
p004096,upi.com,ssb-global.smartadserver.com,request,2.6-202606,openrtb.field.undefined,error,imp[0].battr,3.2.4
p004096,upi.com,ssb-global.smartadserver.com,request,2.6-202606,openrtb.type.mismatch,error,site.publisher.id,3.2.15
p004097,upi.com,ssb-global.smartadserver.com,request,2.6-202606,openrtb.field.undefined,error,geo,3.2.1
p004097,upi.com,ssb-global.smartadserver.com,request,2.6-202606,openrtb.field.undefined,error,imp[0].battr,3.2.4
p004097,upi.com,ssb-global.smartadserver.com,request,2.6-202606,openrtb.type.mismatch,error,site.publisher.id,3.2.15
p004098,upi.com,ssb-global.smartadserver.com,request,2.6-202606,openrtb.field.undefined,error,geo,3.2.1
p004098,upi.com,ssb-global.smartadserver.com,request,2.6-202606,openrtb.field.undefined,error,imp[0].battr,3.2.4
p004098,upi.com,ssb-global.smartadserver.com,request,2.6-202606,openrtb.type.mismatch,error,site.publisher.id,3.2.15
p004099,upi.com,ssb-global.smartadserver.com,request,2.6-202606,openrtb.field.undefined,error,geo,3.2.1
p004099,upi.com,ssb-global.smartadserver.com,request,2.6-202606,openrtb.field.undefined,error,imp[0].battr,3.2.4
p004099,upi.com,ssb-global.smartadserver.com,request,2.6-202606,openrtb.type.mismatch,error,site.publisher.id,3.2.15
p004100,upi.com,ssb-global.smartadserver.com,request,2.6-202606,openrtb.field.undefined,error,geo,3.2.1
p004100,upi.com,ssb-global.smartadserver.com,request,2.6-202606,openrtb.field.undefined,error,imp[0].battr,3.2.4
p004100,upi.com,ssb-global.smartadserver.com,request,2.6-202606,openrtb.type.mismatch,error,site.publisher.id,3.2.15
p004101,upi.com,ssb-global.smartadserver.com,request,2.6-202606,openrtb.field.undefined,error,geo,3.2.1
p004101,upi.com,ssb-global.smartadserver.com,request,2.6-202606,openrtb.field.undefined,error,imp[0].battr,3.2.4
p004101,upi.com,ssb-global.smartadserver.com,request,2.6-202606,openrtb.type.mismatch,error,site.publisher.id,3.2.15
p004102,vice.com,ssb-global.smartadserver.com,request,2.6-202606,openrtb.field.undefined,error,imp[0].battr,3.2.4
p004102,vice.com,ssb-global.smartadserver.com,request,2.6-202606,openrtb.type.mismatch,error,site.publisher.id,3.2.15
p004103,vice.com,ssb-global.smartadserver.com,request,2.6-202606,openrtb.field.undefined,error,imp[0].battr,3.2.4
p004103,vice.com,ssb-global.smartadserver.com,request,2.6-202606,openrtb.type.mismatch,error,site.publisher.id,3.2.15
p004104,vice.com,ssb-global.smartadserver.com,request,2.6-202606,openrtb.field.undefined,error,imp[0].battr,3.2.4
p004104,vice.com,ssb-global.smartadserver.com,request,2.6-202606,openrtb.type.mismatch,error,site.publisher.id,3.2.15
p004105,vice.com,ssb-global.smartadserver.com,request,2.6-202606,openrtb.field.undefined,error,imp[0].battr,3.2.4
p004105,vice.com,ssb-global.smartadserver.com,request,2.6-202606,openrtb.type.mismatch,error,site.publisher.id,3.2.15
p004106,webdesignerdepot.com,ssb-global.smartadserver.com,request,2.6-202606,openrtb.type.mismatch,error,site.publisher.id,3.2.15
p004107,webdesignerdepot.com,ssb-global.smartadserver.com,request,2.6-202606,openrtb.field.deprecated,warning,imp[0].video.placement,Section 3.2.7
p004107,webdesignerdepot.com,ssb-global.smartadserver.com,request,2.6-202606,openrtb.value.invalid,error,imp[0].video.skip,3.2.7
p004107,webdesignerdepot.com,ssb-global.smartadserver.com,request,2.6-202606,openrtb.type.mismatch,error,site.publisher.id,3.2.15
p004108,webdesignerdepot.com,ssb-global.smartadserver.com,request,2.6-202606,openrtb.type.mismatch,error,site.publisher.id,3.2.15
p004109,webdesignerdepot.com,ssb-global.smartadserver.com,request,2.6-202606,openrtb.field.deprecated,warning,imp[0].video.placement,Section 3.2.7
p004109,webdesignerdepot.com,ssb-global.smartadserver.com,request,2.6-202606,openrtb.value.invalid,error,imp[0].video.skip,3.2.7
p004109,webdesignerdepot.com,ssb-global.smartadserver.com,request,2.6-202606,openrtb.type.mismatch,error,site.publisher.id,3.2.15
p004110,webdesignerdepot.com,ssb-global.smartadserver.com,request,2.6-202606,openrtb.type.mismatch,error,site.publisher.id,3.2.15
p004111,webdesignerdepot.com,ssb-global.smartadserver.com,request,2.6-202606,openrtb.field.deprecated,warning,imp[0].video.placement,Section 3.2.7
p004111,webdesignerdepot.com,ssb-global.smartadserver.com,request,2.6-202606,openrtb.value.invalid,error,imp[0].video.skip,3.2.7
p004111,webdesignerdepot.com,ssb-global.smartadserver.com,request,2.6-202606,openrtb.type.mismatch,error,site.publisher.id,3.2.15
p004112,webdesignerdepot.com,ssb-global.smartadserver.com,request,2.6-202606,openrtb.field.deprecated,warning,imp[0].video.placement,Section 3.2.7
p004112,webdesignerdepot.com,ssb-global.smartadserver.com,request,2.6-202606,openrtb.value.invalid,error,imp[0].video.skip,3.2.7
p004112,webdesignerdepot.com,ssb-global.smartadserver.com,request,2.6-202606,openrtb.type.mismatch,error,site.publisher.id,3.2.15
p004113,barcablaugranes.com,ssb-global.smartadserver.com,response,2.6-202606,openrtb.field.undefined,error,statuscode,4.2.1
p004114,barcablaugranes.com,ssb-global.smartadserver.com,response,2.6-202606,openrtb.field.undefined,error,statuscode,4.2.1
p004115,barcablaugranes.com,ssb-global.smartadserver.com,response,2.6-202606,openrtb.field.undefined,error,statuscode,4.2.1
p004116,barcablaugranes.com,ssb-global.smartadserver.com,response,2.6-202606,openrtb.field.undefined,error,statuscode,4.2.1
p004117,barcablaugranes.com,ssb-global.smartadserver.com,response,2.6-202606,openrtb.field.undefined,error,statuscode,4.2.1
p004118,barcablaugranes.com,ssb-global.smartadserver.com,response,2.6-202606,openrtb.field.undefined,error,statuscode,4.2.1
p004119,cityam.com,ssb-global.smartadserver.com,response,2.6-202606,openrtb.field.undefined,error,statuscode,4.2.1
p004120,cityam.com,ssb-global.smartadserver.com,response,2.6-202606,openrtb.field.undefined,error,statuscode,4.2.1
p004121,cupofjo.com,ssb-global.smartadserver.com,response,2.6-202606,openrtb.field.undefined,error,statuscode,4.2.1
p004122,iheart.com,ssb-global.smartadserver.com,response,2.6-202606,openrtb.field.undefined,error,statuscode,4.2.1
p004123,iheart.com,ssb-global.smartadserver.com,response,2.6-202606,openrtb.field.undefined,error,statuscode,4.2.1
p004124,nesn.com,ssb-global.smartadserver.com,response,2.6-202606,openrtb.field.undefined,error,statuscode,4.2.1
p004125,nesn.com,ssb-global.smartadserver.com,response,2.6-202606,openrtb.field.undefined,error,statuscode,4.2.1
p004126,nesn.com,ssb-global.smartadserver.com,response,2.6-202606,openrtb.field.undefined,error,statuscode,4.2.1
p004127,nesn.com,ssb-global.smartadserver.com,response,2.6-202606,openrtb.field.undefined,error,statuscode,4.2.1
p004128,outsideonline.com,ssb-global.smartadserver.com,response,2.6-202606,openrtb.field.undefined,error,statuscode,4.2.1
p004129,philstar.com,ssb-global.smartadserver.com,response,2.6-202606,openrtb.field.undefined,error,statuscode,4.2.1
p004130,outsideonline.com,ssb-global.smartadserver.com,response,2.6-202606,openrtb.field.undefined,error,statuscode,4.2.1
p004131,outsideonline.com,ssb-global.smartadserver.com,response,2.6-202606,openrtb.field.undefined,error,statuscode,4.2.1
p004132,outsideonline.com,ssb-global.smartadserver.com,response,2.6-202606,openrtb.field.undefined,error,statuscode,4.2.1
p004133,outsideonline.com,ssb-global.smartadserver.com,response,2.6-202606,openrtb.field.undefined,error,statuscode,4.2.1
p004134,outsideonline.com,ssb-global.smartadserver.com,response,2.6-202606,openrtb.field.undefined,error,statuscode,4.2.1
p004135,philstar.com,ssb-global.smartadserver.com,response,2.6-202606,openrtb.field.undefined,error,statuscode,4.2.1
p004136,philstar.com,ssb-global.smartadserver.com,response,2.6-202606,openrtb.field.undefined,error,statuscode,4.2.1
p004137,prosport.ro,ssb-global.smartadserver.com,response,2.6-202606,openrtb.field.undefined,error,statuscode,4.2.1
p004138,prosport.ro,ssb-global.smartadserver.com,response,2.6-202606,openrtb.field.undefined,error,statuscode,4.2.1
p004139,prosport.ro,ssb-global.smartadserver.com,response,2.6-202606,openrtb.field.undefined,error,statuscode,4.2.1
p004140,realtimetrains.co.uk,ssb-global.smartadserver.com,response,2.6-202606,openrtb.field.undefined,error,statuscode,4.2.1
p004141,realtimetrains.co.uk,ssb-global.smartadserver.com,response,2.6-202606,openrtb.field.undefined,error,statuscode,4.2.1
p004142,socialblade.com,ssb-global.smartadserver.com,response,2.6-202606,openrtb.field.undefined,error,statuscode,4.2.1
p004143,socialblade.com,ssb-global.smartadserver.com,response,2.6-202606,openrtb.field.undefined,error,statuscode,4.2.1
p004144,socialblade.com,ssb-global.smartadserver.com,response,2.6-202606,openrtb.field.undefined,error,statuscode,4.2.1
p004145,socialblade.com,ssb-global.smartadserver.com,response,2.6-202606,openrtb.field.undefined,error,statuscode,4.2.1
p004146,socialblade.com,ssb-global.smartadserver.com,response,2.6-202606,openrtb.field.undefined,error,statuscode,4.2.1
p004147,socialblade.com,ssb-global.smartadserver.com,response,2.6-202606,openrtb.field.undefined,error,statuscode,4.2.1
p004148,sozcu.com.tr,ssb-global.smartadserver.com,response,2.6-202606,openrtb.field.undefined,error,statuscode,4.2.1
p004149,sozcu.com.tr,ssb-global.smartadserver.com,response,2.6-202606,openrtb.field.undefined,error,statuscode,4.2.1
p004150,sozcu.com.tr,ssb-global.smartadserver.com,response,2.6-202606,openrtb.field.undefined,error,statuscode,4.2.1
p004151,upi.com,ssb-global.smartadserver.com,response,2.6-202606,openrtb.field.undefined,error,statuscode,4.2.1
p004152,upi.com,ssb-global.smartadserver.com,response,2.6-202606,openrtb.field.undefined,error,statuscode,4.2.1
p004153,vice.com,ssb-global.smartadserver.com,response,2.6-202606,openrtb.field.undefined,error,statuscode,4.2.1
p004154,cycletrader.com,ssc.33across.com,request,2.6-202606,openrtb.field.moved,error,regs.ext.gdpr,Section 3.2.3
p004155,cycletrader.com,ssc.33across.com,request,2.6-202606,openrtb.field.moved,error,regs.ext.gdpr,Section 3.2.3
p004156,cycletrader.com,ssc.33across.com,request,2.6-202606,openrtb.field.moved,error,regs.ext.gdpr,Section 3.2.3
p004157,cycletrader.com,ssc.33across.com,request,2.6-202606,openrtb.field.moved,error,regs.ext.gdpr,Section 3.2.3
p004158,cycletrader.com,ssc.33across.com,request,2.6-202606,openrtb.field.moved,error,regs.ext.gdpr,Section 3.2.3
p004159,cycletrader.com,ssc.33across.com,request,2.6-202606,openrtb.field.moved,error,regs.ext.gdpr,Section 3.2.3
p004160,cycletrader.com,ssc.33across.com,request,2.6-202606,openrtb.field.moved,error,regs.ext.gdpr,Section 3.2.3
p004161,cycletrader.com,ssc.33across.com,request,2.6-202606,openrtb.field.moved,error,regs.ext.gdpr,Section 3.2.3
p004162,cycletrader.com,ssc.33across.com,request,2.6-202606,openrtb.field.moved,error,regs.ext.gdpr,Section 3.2.3
p004163,genealogy.com,ssc.33across.com,request,2.6-202606,openrtb.field.moved,error,regs.ext.gdpr,Section 3.2.3
p004164,genealogy.com,ssc.33across.com,request,2.6-202606,openrtb.field.moved,error,regs.ext.gdpr,Section 3.2.3
p004165,genealogy.com,ssc.33across.com,request,2.6-202606,openrtb.field.moved,error,regs.ext.gdpr,Section 3.2.3
p004166,genealogy.com,ssc.33across.com,request,2.6-202606,openrtb.field.moved,error,regs.ext.gdpr,Section 3.2.3
p004167,iheart.com,ssc.33across.com,request,2.6-202606,openrtb.field.deprecated,warning,imp[0].video.placement,Section 3.2.7
p004167,iheart.com,ssc.33across.com,request,2.6-202606,openrtb.value.invalid,error,imp[0].video.skip,3.2.7
p004167,iheart.com,ssc.33across.com,request,2.6-202606,openrtb.type.mismatch,error,site.ref,3.2.13
p004168,iheart.com,ssc.33across.com,request,2.6-202606,openrtb.type.mismatch,error,site.ref,3.2.13
p004169,nationaltoday.com,ssc.33across.com,request,2.6-202606,openrtb.field.moved,error,regs.ext.gdpr,Section 3.2.3
p004170,nationaltoday.com,ssc.33across.com,request,2.6-202606,openrtb.field.moved,error,regs.ext.gdpr,Section 3.2.3
p004171,nationaltoday.com,ssc.33across.com,request,2.6-202606,openrtb.field.moved,error,regs.ext.gdpr,Section 3.2.3
p004172,nationaltoday.com,ssc.33across.com,request,2.6-202606,openrtb.field.moved,error,regs.ext.gdpr,Section 3.2.3
p004173,nationaltoday.com,ssc.33across.com,request,2.6-202606,openrtb.field.moved,error,regs.ext.gdpr,Section 3.2.3
p004174,nationaltoday.com,ssc.33across.com,request,2.6-202606,openrtb.field.moved,error,regs.ext.gdpr,Section 3.2.3
p004175,nationaltoday.com,ssc.33across.com,request,2.6-202606,openrtb.field.moved,error,regs.ext.gdpr,Section 3.2.3
p004176,nationaltoday.com,ssc.33across.com,request,2.6-202606,openrtb.field.moved,error,regs.ext.gdpr,Section 3.2.3
p004177,cycletrader.com,ssc.33across.com,response,2.6-202606,openrtb.response.seatbid_or_nbr.required,error,seatbid,4.2.1
p004178,cycletrader.com,ssc.33across.com,response,2.6-202606,openrtb.response.seatbid_or_nbr.required,error,seatbid,4.2.1
p004179,cycletrader.com,ssc.33across.com,response,2.6-202606,openrtb.response.seatbid_or_nbr.required,error,seatbid,4.2.1
p004180,cycletrader.com,ssc.33across.com,response,2.6-202606,openrtb.response.seatbid_or_nbr.required,error,seatbid,4.2.1
p004181,cycletrader.com,ssc.33across.com,response,2.6-202606,openrtb.response.seatbid_or_nbr.required,error,seatbid,4.2.1
p004182,cycletrader.com,ssc.33across.com,response,2.6-202606,openrtb.response.seatbid_or_nbr.required,error,seatbid,4.2.1
p004183,cycletrader.com,ssc.33across.com,response,2.6-202606,openrtb.response.seatbid_or_nbr.required,error,seatbid,4.2.1
p004184,cycletrader.com,ssc.33across.com,response,2.6-202606,openrtb.response.seatbid_or_nbr.required,error,seatbid,4.2.1
p004185,cycletrader.com,ssc.33across.com,response,2.6-202606,openrtb.response.seatbid_or_nbr.required,error,seatbid,4.2.1
p004186,genealogy.com,ssc.33across.com,response,2.6-202606,openrtb.response.seatbid_or_nbr.required,error,seatbid,4.2.1
p004187,genealogy.com,ssc.33across.com,response,2.6-202606,openrtb.response.seatbid_or_nbr.required,error,seatbid,4.2.1
p004188,genealogy.com,ssc.33across.com,response,2.6-202606,openrtb.response.seatbid_or_nbr.required,error,seatbid,4.2.1
p004189,genealogy.com,ssc.33across.com,response,2.6-202606,openrtb.response.seatbid_or_nbr.required,error,seatbid,4.2.1
p004190,iheart.com,ssc.33across.com,response,2.6-202606,openrtb.response.seatbid_or_nbr.required,error,seatbid,4.2.1
p004191,iheart.com,ssc.33across.com,response,2.6-202606,openrtb.response.seatbid_or_nbr.required,error,seatbid,4.2.1
p004192,nationaltoday.com,ssc.33across.com,response,2.6-202606,openrtb.response.seatbid_or_nbr.required,error,seatbid,4.2.1
p004193,nationaltoday.com,ssc.33across.com,response,2.6-202606,openrtb.response.seatbid_or_nbr.required,error,seatbid,4.2.1
p004194,nationaltoday.com,ssc.33across.com,response,2.6-202606,openrtb.response.seatbid_or_nbr.required,error,seatbid,4.2.1
p004195,nationaltoday.com,ssc.33across.com,response,2.6-202606,openrtb.response.seatbid_or_nbr.required,error,seatbid,4.2.1
p004196,nationaltoday.com,ssc.33across.com,response,2.6-202606,openrtb.response.seatbid_or_nbr.required,error,seatbid,4.2.1
p004197,nationaltoday.com,ssc.33across.com,response,2.6-202606,openrtb.response.seatbid_or_nbr.required,error,seatbid,4.2.1
p004198,nationaltoday.com,ssc.33across.com,response,2.6-202606,openrtb.response.seatbid_or_nbr.required,error,seatbid,4.2.1
p004199,nationaltoday.com,ssc.33across.com,response,2.6-202606,openrtb.response.seatbid_or_nbr.required,error,seatbid,4.2.1
p004200,csfd.cz,ssp.seznam.cz,request,2.6-202606,openrtb.type.mismatch,error,imp[0].tagid,3.2.4
p004200,csfd.cz,ssp.seznam.cz,request,2.6-202606,openrtb.field.moved,error,regs.ext.gdpr,Section 3.2.3
p004200,csfd.cz,ssp.seznam.cz,request,2.6-202606,openrtb.field.moved,error,user.ext.consent,Section 3.2.20
p004201,csfd.cz,ssp.seznam.cz,request,2.6-202606,openrtb.type.mismatch,error,imp[0].tagid,3.2.4
p004201,csfd.cz,ssp.seznam.cz,request,2.6-202606,openrtb.type.mismatch,error,imp[1].tagid,3.2.4
p004201,csfd.cz,ssp.seznam.cz,request,2.6-202606,openrtb.field.moved,error,regs.ext.gdpr,Section 3.2.3
p004201,csfd.cz,ssp.seznam.cz,request,2.6-202606,openrtb.field.moved,error,user.ext.consent,Section 3.2.20
p004202,csfd.cz,ssp.seznam.cz,response,2.6-202606,openrtb.bid.mtype_missing,warning,seatbid[0].bid[0].mtype,4.2.3
p004203,barcablaugranes.com,ssp.wknd.ai,request,2.5,openrtb.type.mismatch,error,device.geo.metro,3.2.19
p004203,barcablaugranes.com,ssp.wknd.ai,request,2.5,openrtb.field.undefined,error,imp[0].video.plcmt,3.2.7
p004203,barcablaugranes.com,ssp.wknd.ai,request,2.5,openrtb.field.undefined,error,user.eids,3.2.20
p004204,barcablaugranes.com,ssp.wknd.ai,request,2.5,openrtb.type.mismatch,error,device.geo.metro,3.2.19
p004204,barcablaugranes.com,ssp.wknd.ai,request,2.5,openrtb.field.undefined,error,user.eids,3.2.20
p004205,chicagotribune.com,ssp.wknd.ai,request,2.5,openrtb.type.mismatch,error,device.geo.metro,3.2.19
p004205,chicagotribune.com,ssp.wknd.ai,request,2.5,openrtb.field.undefined,error,imp[0].video.plcmt,3.2.7
p004205,chicagotribune.com,ssp.wknd.ai,request,2.5,openrtb.field.undefined,error,user.eids,3.2.20
p004206,chicagotribune.com,ssp.wknd.ai,request,2.5,openrtb.type.mismatch,error,device.geo.metro,3.2.19
p004206,chicagotribune.com,ssp.wknd.ai,request,2.5,openrtb.field.undefined,error,user.eids,3.2.20
p004207,chicagotribune.com,ssp.wknd.ai,request,2.5,openrtb.type.mismatch,error,device.geo.metro,3.2.19
p004207,chicagotribune.com,ssp.wknd.ai,request,2.5,openrtb.field.undefined,error,user.eids,3.2.20
p004208,chicagotribune.com,ssp.wknd.ai,request,2.5,openrtb.type.mismatch,error,device.geo.metro,3.2.19
p004208,chicagotribune.com,ssp.wknd.ai,request,2.5,openrtb.field.undefined,error,user.eids,3.2.20
p004209,chicagotribune.com,ssp.wknd.ai,request,2.5,openrtb.type.mismatch,error,device.geo.metro,3.2.19
p004209,chicagotribune.com,ssp.wknd.ai,request,2.5,openrtb.field.undefined,error,imp[0].video.plcmt,3.2.7
p004209,chicagotribune.com,ssp.wknd.ai,request,2.5,openrtb.field.undefined,error,user.eids,3.2.20
p004210,chicagotribune.com,ssp.wknd.ai,request,2.5,openrtb.type.mismatch,error,device.geo.metro,3.2.19
p004210,chicagotribune.com,ssp.wknd.ai,request,2.5,openrtb.field.undefined,error,user.eids,3.2.20
p004211,cityam.com,ssp.wknd.ai,request,2.5,openrtb.type.mismatch,error,device.geo.metro,3.2.19
p004211,cityam.com,ssp.wknd.ai,request,2.5,openrtb.field.undefined,error,imp[0].video.plcmt,3.2.7
p004211,cityam.com,ssp.wknd.ai,request,2.5,openrtb.field.undefined,error,user.eids,3.2.20
p004212,cityam.com,ssp.wknd.ai,request,2.5,openrtb.type.mismatch,error,device.geo.metro,3.2.19
p004212,cityam.com,ssp.wknd.ai,request,2.5,openrtb.field.undefined,error,user.eids,3.2.20
p004213,pilotonline.com,ssp.wknd.ai,request,2.5,openrtb.type.mismatch,error,device.geo.metro,3.2.19
p004213,pilotonline.com,ssp.wknd.ai,request,2.5,openrtb.field.undefined,error,imp[0].video.plcmt,3.2.7
p004213,pilotonline.com,ssp.wknd.ai,request,2.5,openrtb.field.undefined,error,user.eids,3.2.20
p004214,pilotonline.com,ssp.wknd.ai,request,2.5,openrtb.type.mismatch,error,device.geo.metro,3.2.19
p004214,pilotonline.com,ssp.wknd.ai,request,2.5,openrtb.field.undefined,error,user.eids,3.2.20
p004215,pilotonline.com,ssp.wknd.ai,request,2.5,openrtb.type.mismatch,error,device.geo.metro,3.2.19
p004215,pilotonline.com,ssp.wknd.ai,request,2.5,openrtb.field.undefined,error,user.eids,3.2.20
p004216,pilotonline.com,ssp.wknd.ai,request,2.5,openrtb.type.mismatch,error,device.geo.metro,3.2.19
p004216,pilotonline.com,ssp.wknd.ai,request,2.5,openrtb.field.undefined,error,user.eids,3.2.20
p004217,pilotonline.com,ssp.wknd.ai,request,2.5,openrtb.type.mismatch,error,device.geo.metro,3.2.19
p004217,pilotonline.com,ssp.wknd.ai,request,2.5,openrtb.field.undefined,error,imp[0].video.plcmt,3.2.7
p004217,pilotonline.com,ssp.wknd.ai,request,2.5,openrtb.field.undefined,error,user.eids,3.2.20
p004218,pilotonline.com,ssp.wknd.ai,request,2.5,openrtb.type.mismatch,error,device.geo.metro,3.2.19
p004218,pilotonline.com,ssp.wknd.ai,request,2.5,openrtb.field.undefined,error,user.eids,3.2.20
p004219,pilotonline.com,ssp.wknd.ai,request,2.5,openrtb.type.mismatch,error,device.geo.metro,3.2.19
p004219,pilotonline.com,ssp.wknd.ai,request,2.5,openrtb.field.undefined,error,user.eids,3.2.20
p004220,pilotonline.com,ssp.wknd.ai,request,2.5,openrtb.type.mismatch,error,device.geo.metro,3.2.19
p004220,pilotonline.com,ssp.wknd.ai,request,2.5,openrtb.field.undefined,error,user.eids,3.2.20
p004221,rawstory.com,ssp.wknd.ai,request,2.5,openrtb.type.mismatch,error,device.geo.metro,3.2.19
p004221,rawstory.com,ssp.wknd.ai,request,2.5,openrtb.field.undefined,error,user.eids,3.2.20
p004222,rawstory.com,ssp.wknd.ai,request,2.5,openrtb.type.mismatch,error,device.geo.metro,3.2.19
p004222,rawstory.com,ssp.wknd.ai,request,2.5,openrtb.field.undefined,error,user.eids,3.2.20
p004223,rawstory.com,ssp.wknd.ai,request,2.5,openrtb.type.mismatch,error,device.geo.metro,3.2.19
p004223,rawstory.com,ssp.wknd.ai,request,2.5,openrtb.field.undefined,error,user.eids,3.2.20
p004224,rawstory.com,ssp.wknd.ai,request,2.5,openrtb.type.mismatch,error,device.geo.metro,3.2.19
p004224,rawstory.com,ssp.wknd.ai,request,2.5,openrtb.field.undefined,error,user.eids,3.2.20
p004225,rawstory.com,ssp.wknd.ai,request,2.5,openrtb.type.mismatch,error,device.geo.metro,3.2.19
p004225,rawstory.com,ssp.wknd.ai,request,2.5,openrtb.field.undefined,error,user.eids,3.2.20
p004226,rawstory.com,ssp.wknd.ai,request,2.5,openrtb.type.mismatch,error,device.geo.metro,3.2.19
p004226,rawstory.com,ssp.wknd.ai,request,2.5,openrtb.field.undefined,error,user.eids,3.2.20
p004227,rawstory.com,ssp.wknd.ai,request,2.5,openrtb.type.mismatch,error,device.geo.metro,3.2.19
p004227,rawstory.com,ssp.wknd.ai,request,2.5,openrtb.field.undefined,error,user.eids,3.2.20
p004228,rawstory.com,ssp.wknd.ai,request,2.5,openrtb.type.mismatch,error,device.geo.metro,3.2.19
p004228,rawstory.com,ssp.wknd.ai,request,2.5,openrtb.field.undefined,error,user.eids,3.2.20
p004229,rawstory.com,ssp.wknd.ai,request,2.5,openrtb.type.mismatch,error,device.geo.metro,3.2.19
p004229,rawstory.com,ssp.wknd.ai,request,2.5,openrtb.field.undefined,error,user.eids,3.2.20
p004230,rawstory.com,ssp.wknd.ai,request,2.5,openrtb.type.mismatch,error,device.geo.metro,3.2.19
p004230,rawstory.com,ssp.wknd.ai,request,2.5,openrtb.field.undefined,error,user.eids,3.2.20
p004231,rawstory.com,ssp.wknd.ai,request,2.5,openrtb.type.mismatch,error,device.geo.metro,3.2.19
p004231,rawstory.com,ssp.wknd.ai,request,2.5,openrtb.field.undefined,error,user.eids,3.2.20
p004232,thesun.ie,ssp.wknd.ai,request,2.5,openrtb.type.mismatch,error,device.geo.metro,3.2.19
p004232,thesun.ie,ssp.wknd.ai,request,2.5,openrtb.field.undefined,error,imp[0].video.plcmt,3.2.7
p004232,thesun.ie,ssp.wknd.ai,request,2.5,openrtb.field.undefined,error,user.eids,3.2.20
p004233,thesun.ie,ssp.wknd.ai,request,2.5,openrtb.type.mismatch,error,device.geo.metro,3.2.19
p004233,thesun.ie,ssp.wknd.ai,request,2.5,openrtb.field.undefined,error,user.eids,3.2.20
p004234,chicagotribune.com,ssp.wknd.ai,response,2.6-202606,openrtb.field.undefined,error,seatbid[0].buyer,4.2.2
p004234,chicagotribune.com,ssp.wknd.ai,response,2.6-202606,openrtb.field.undefined,error,statuscode,4.2.1
p004235,csfd.cz,ssp.wp.pl,request,2.6-202606,openrtb.field.moved,error,regs.ext.gdpr,Section 3.2.3
p004235,csfd.cz,ssp.wp.pl,request,2.6-202606,openrtb.type.mismatch,error,site.ref,3.2.13
p004236,csfd.cz,ssp.wp.pl,request,2.6-202606,openrtb.field.moved,error,regs.ext.gdpr,Section 3.2.3
p004236,csfd.cz,ssp.wp.pl,request,2.6-202606,openrtb.type.mismatch,error,site.ref,3.2.13
p004237,falstaff.com,ssp.wp.pl,request,2.6-202606,openrtb.field.moved,error,regs.ext.gdpr,Section 3.2.3
p004237,falstaff.com,ssp.wp.pl,request,2.6-202606,openrtb.type.mismatch,error,site.ref,3.2.13
p004238,prosport.ro,ssp.wp.pl,request,2.6-202606,openrtb.field.moved,error,regs.ext.gdpr,Section 3.2.3
p004238,prosport.ro,ssp.wp.pl,request,2.6-202606,openrtb.type.mismatch,error,site.ref,3.2.13
p004239,prosport.ro,ssp.wp.pl,request,2.6-202606,openrtb.field.moved,error,regs.ext.gdpr,Section 3.2.3
p004239,prosport.ro,ssp.wp.pl,request,2.6-202606,openrtb.type.mismatch,error,site.ref,3.2.13
p004240,prosport.ro,ssp.wp.pl,request,2.6-202606,openrtb.field.moved,error,regs.ext.gdpr,Section 3.2.3
p004240,prosport.ro,ssp.wp.pl,request,2.6-202606,openrtb.type.mismatch,error,site.ref,3.2.13
p004241,prosport.ro,ssp.wp.pl,response,2.6-202606,openrtb.field.undefined,error,config,4.2.1
p004241,prosport.ro,ssp.wp.pl,response,2.6-202606,openrtb.field.undefined,error,sn,4.2.1
p004242,prosport.ro,ssp.wp.pl,response,2.6-202606,openrtb.field.undefined,error,config,4.2.1
p004242,prosport.ro,ssp.wp.pl,response,2.6-202606,openrtb.field.undefined,error,sn,4.2.1
p004243,falstaff.com,t.visx.net,request,2.6-202606,openrtb.field.moved,error,regs.ext.gdpr,Section 3.2.3
p004248,cupofjo.com,web.ads.aps.amazon-adsystem.com,request,2.6-202606,openrtb.field.deprecated,warning,imp[0].video.placement,Section 3.2.7
p004248,cupofjo.com,web.ads.aps.amazon-adsystem.com,request,2.6-202606,openrtb.value.invalid,error,imp[0].video.skip,3.2.7
p004249,cupofjo.com,web.ads.aps.amazon-adsystem.com,request,2.6-202606,openrtb.field.deprecated,warning,imp[0].video.placement,Section 3.2.7
p004249,cupofjo.com,web.ads.aps.amazon-adsystem.com,request,2.6-202606,openrtb.value.invalid,error,imp[0].video.skip,3.2.7
p004255,halfbakedharvest.com,web.ads.aps.amazon-adsystem.com,request,2.6-202606,openrtb.field.deprecated,warning,imp[0].video.placement,Section 3.2.7
p004255,halfbakedharvest.com,web.ads.aps.amazon-adsystem.com,request,2.6-202606,openrtb.value.invalid,error,imp[0].video.skip,3.2.7
p004256,halfbakedharvest.com,web.ads.aps.amazon-adsystem.com,request,2.6-202606,openrtb.field.deprecated,warning,imp[1].video.placement,Section 3.2.7
p004256,halfbakedharvest.com,web.ads.aps.amazon-adsystem.com,request,2.6-202606,openrtb.value.invalid,error,imp[1].video.skip,3.2.7
p004258,halfbakedharvest.com,web.ads.aps.amazon-adsystem.com,request,2.6-202606,openrtb.field.deprecated,warning,imp[0].video.placement,Section 3.2.7
p004258,halfbakedharvest.com,web.ads.aps.amazon-adsystem.com,request,2.6-202606,openrtb.value.invalid,error,imp[0].video.skip,3.2.7
p004259,haberler.com,web.ads.aps.amazon-adsystem.com,request,2.6-202606,openrtb.field.undefined,error,imp[0].data,3.2.4
p004259,haberler.com,web.ads.aps.amazon-adsystem.com,request,2.6-202606,openrtb.field.undefined,error,imp[1].data,3.2.4
p004259,haberler.com,web.ads.aps.amazon-adsystem.com,request,2.6-202606,openrtb.field.deprecated,warning,imp[1].video.placement,Section 3.2.7
p004259,haberler.com,web.ads.aps.amazon-adsystem.com,request,2.6-202606,openrtb.value.invalid,error,imp[1].video.skip,3.2.7
p004259,haberler.com,web.ads.aps.amazon-adsystem.com,request,2.6-202606,openrtb.field.undefined,error,keywords,3.2.1
p004259,haberler.com,web.ads.aps.amazon-adsystem.com,request,2.6-202606,openrtb.field.moved,error,regs.ext.gdpr,Section 3.2.3
p004262,halfbakedharvest.com,web.ads.aps.amazon-adsystem.com,request,2.6-202606,openrtb.field.deprecated,warning,imp[0].video.placement,Section 3.2.7
p004262,halfbakedharvest.com,web.ads.aps.amazon-adsystem.com,request,2.6-202606,openrtb.value.invalid,error,imp[0].video.skip,3.2.7
p004263,halfbakedharvest.com,web.ads.aps.amazon-adsystem.com,request,2.6-202606,openrtb.field.deprecated,warning,imp[0].video.placement,Section 3.2.7
p004263,halfbakedharvest.com,web.ads.aps.amazon-adsystem.com,request,2.6-202606,openrtb.value.invalid,error,imp[0].video.skip,3.2.7
p004264,nintendoeverything.com,web.ads.aps.amazon-adsystem.com,request,2.6-202606,openrtb.field.deprecated,warning,imp[2].video.placement,Section 3.2.7
p004264,nintendoeverything.com,web.ads.aps.amazon-adsystem.com,request,2.6-202606,openrtb.value.invalid,error,imp[2].video.skip,3.2.7
p004265,nintendoeverything.com,web.ads.aps.amazon-adsystem.com,request,2.6-202606,openrtb.field.deprecated,warning,imp[3].video.placement,Section 3.2.7
p004265,nintendoeverything.com,web.ads.aps.amazon-adsystem.com,request,2.6-202606,openrtb.value.invalid,error,imp[3].video.skip,3.2.7
p004265,nintendoeverything.com,web.ads.aps.amazon-adsystem.com,request,2.6-202606,openrtb.field.deprecated,warning,imp[6].video.placement,Section 3.2.7
p004265,nintendoeverything.com,web.ads.aps.amazon-adsystem.com,request,2.6-202606,openrtb.value.invalid,error,imp[6].video.skip,3.2.7
p004266,nintendoeverything.com,web.ads.aps.amazon-adsystem.com,request,2.6-202606,openrtb.field.deprecated,warning,imp[2].video.placement,Section 3.2.7
p004266,nintendoeverything.com,web.ads.aps.amazon-adsystem.com,request,2.6-202606,openrtb.value.invalid,error,imp[2].video.skip,3.2.7
p004267,nintendoeverything.com,web.ads.aps.amazon-adsystem.com,request,2.6-202606,openrtb.field.deprecated,warning,imp[1].video.placement,Section 3.2.7
p004267,nintendoeverything.com,web.ads.aps.amazon-adsystem.com,request,2.6-202606,openrtb.value.invalid,error,imp[1].video.skip,3.2.7
p004268,nintendoeverything.com,web.ads.aps.amazon-adsystem.com,request,2.6-202606,openrtb.field.deprecated,warning,imp[1].video.placement,Section 3.2.7
p004268,nintendoeverything.com,web.ads.aps.amazon-adsystem.com,request,2.6-202606,openrtb.value.invalid,error,imp[1].video.skip,3.2.7
p004269,nintendoeverything.com,web.ads.aps.amazon-adsystem.com,request,2.6-202606,openrtb.field.deprecated,warning,imp[3].video.placement,Section 3.2.7
p004269,nintendoeverything.com,web.ads.aps.amazon-adsystem.com,request,2.6-202606,openrtb.value.invalid,error,imp[3].video.skip,3.2.7
p004269,nintendoeverything.com,web.ads.aps.amazon-adsystem.com,request,2.6-202606,openrtb.field.deprecated,warning,imp[6].video.placement,Section 3.2.7
p004269,nintendoeverything.com,web.ads.aps.amazon-adsystem.com,request,2.6-202606,openrtb.value.invalid,error,imp[6].video.skip,3.2.7
p004269,nintendoeverything.com,web.ads.aps.amazon-adsystem.com,request,2.6-202606,openrtb.field.deprecated,warning,imp[10].video.placement,Section 3.2.7
p004269,nintendoeverything.com,web.ads.aps.amazon-adsystem.com,request,2.6-202606,openrtb.value.invalid,error,imp[10].video.skip,3.2.7
p004270,nintendoeverything.com,web.ads.aps.amazon-adsystem.com,request,2.6-202606,openrtb.field.deprecated,warning,imp[1].video.placement,Section 3.2.7
p004270,nintendoeverything.com,web.ads.aps.amazon-adsystem.com,request,2.6-202606,openrtb.value.invalid,error,imp[1].video.skip,3.2.7
p004271,nintendoeverything.com,web.ads.aps.amazon-adsystem.com,request,2.6-202606,openrtb.field.deprecated,warning,imp[0].video.placement,Section 3.2.7
p004272,nintendoeverything.com,web.ads.aps.amazon-adsystem.com,request,2.6-202606,openrtb.field.deprecated,warning,imp[0].video.placement,Section 3.2.7
p004276,socialblade.com,web.ads.aps.amazon-adsystem.com,request,2.6-202606,openrtb.field.undefined,error,imp[0].battr,3.2.4
p004276,socialblade.com,web.ads.aps.amazon-adsystem.com,request,2.6-202606,openrtb.field.undefined,error,imp[1].battr,3.2.4
p004276,socialblade.com,web.ads.aps.amazon-adsystem.com,request,2.6-202606,openrtb.field.undefined,error,imp[2].battr,3.2.4
p004276,socialblade.com,web.ads.aps.amazon-adsystem.com,request,2.6-202606,openrtb.field.undefined,error,imp[3].battr,3.2.4
p004276,socialblade.com,web.ads.aps.amazon-adsystem.com,request,2.6-202606,openrtb.field.undefined,error,imp[4].battr,3.2.4
p004276,socialblade.com,web.ads.aps.amazon-adsystem.com,request,2.6-202606,openrtb.field.undefined,error,imp[5].battr,3.2.4
p004276,socialblade.com,web.ads.aps.amazon-adsystem.com,request,2.6-202606,openrtb.field.undefined,error,imp[6].battr,3.2.4
p004276,socialblade.com,web.ads.aps.amazon-adsystem.com,request,2.6-202606,openrtb.field.deprecated,warning,imp[6].video.placement,Section 3.2.7
p004276,socialblade.com,web.ads.aps.amazon-adsystem.com,request,2.6-202606,openrtb.value.invalid,error,imp[6].video.skip,3.2.7
p004280,salon.com,web.ads.aps.amazon-adsystem.com,request,2.6-202606,openrtb.field.deprecated,warning,imp[0].video.placement,Section 3.2.7
p004280,salon.com,web.ads.aps.amazon-adsystem.com,request,2.6-202606,openrtb.value.invalid,error,imp[0].video.skip,3.2.7
p004282,salon.com,web.ads.aps.amazon-adsystem.com,request,2.6-202606,openrtb.field.deprecated,warning,imp[0].video.placement,Section 3.2.7
p004282,salon.com,web.ads.aps.amazon-adsystem.com,request,2.6-202606,openrtb.value.invalid,error,imp[0].video.skip,3.2.7
p004283,salon.com,web.ads.aps.amazon-adsystem.com,request,2.6-202606,openrtb.field.deprecated,warning,imp[1].video.placement,Section 3.2.7
p004283,salon.com,web.ads.aps.amazon-adsystem.com,request,2.6-202606,openrtb.value.invalid,error,imp[1].video.skip,3.2.7
p004289,salon.com,web.ads.aps.amazon-adsystem.com,request,2.6-202606,openrtb.field.deprecated,warning,imp[0].video.placement,Section 3.2.7
p004289,salon.com,web.ads.aps.amazon-adsystem.com,request,2.6-202606,openrtb.value.invalid,error,imp[0].video.skip,3.2.7
p004290,salon.com,web.ads.aps.amazon-adsystem.com,request,2.6-202606,openrtb.field.deprecated,warning,imp[0].video.placement,Section 3.2.7
p004290,salon.com,web.ads.aps.amazon-adsystem.com,request,2.6-202606,openrtb.value.invalid,error,imp[0].video.skip,3.2.7
p004291,salon.com,web.ads.aps.amazon-adsystem.com,request,2.6-202606,openrtb.field.deprecated,warning,imp[0].video.placement,Section 3.2.7
p004291,salon.com,web.ads.aps.amazon-adsystem.com,request,2.6-202606,openrtb.value.invalid,error,imp[0].video.skip,3.2.7
p004292,salon.com,web.ads.aps.amazon-adsystem.com,request,2.6-202606,openrtb.field.deprecated,warning,imp[0].video.placement,Section 3.2.7
p004292,salon.com,web.ads.aps.amazon-adsystem.com,request,2.6-202606,openrtb.value.invalid,error,imp[0].video.skip,3.2.7
p004293,salon.com,web.ads.aps.amazon-adsystem.com,request,2.6-202606,openrtb.field.deprecated,warning,imp[0].video.placement,Section 3.2.7
p004293,salon.com,web.ads.aps.amazon-adsystem.com,request,2.6-202606,openrtb.value.invalid,error,imp[0].video.skip,3.2.7
p004294,vice.com,web.ads.aps.amazon-adsystem.com,request,2.6-202606,openrtb.field.undefined,error,imp[0].battr,3.2.4
p004294,vice.com,web.ads.aps.amazon-adsystem.com,request,2.6-202606,openrtb.field.undefined,error,imp[1].battr,3.2.4
p004294,vice.com,web.ads.aps.amazon-adsystem.com,request,2.6-202606,openrtb.field.undefined,error,imp[2].battr,3.2.4
p004295,vice.com,web.ads.aps.amazon-adsystem.com,request,2.6-202606,openrtb.field.undefined,error,imp[0].battr,3.2.4
p004295,vice.com,web.ads.aps.amazon-adsystem.com,request,2.6-202606,openrtb.field.undefined,error,imp[1].battr,3.2.4
p004297,webdesignerdepot.com,web.ads.aps.amazon-adsystem.com,request,2.6-202606,openrtb.field.deprecated,warning,imp[0].video.placement,Section 3.2.7
p004297,webdesignerdepot.com,web.ads.aps.amazon-adsystem.com,request,2.6-202606,openrtb.value.invalid,error,imp[0].video.skip,3.2.7
p004298,webdesignerdepot.com,web.ads.aps.amazon-adsystem.com,request,2.6-202606,openrtb.field.deprecated,warning,imp[1].video.placement,Section 3.2.7
p004298,webdesignerdepot.com,web.ads.aps.amazon-adsystem.com,request,2.6-202606,openrtb.value.invalid,error,imp[1].video.skip,3.2.7
p004300,webdesignerdepot.com,web.ads.aps.amazon-adsystem.com,request,2.6-202606,openrtb.field.deprecated,warning,imp[0].video.placement,Section 3.2.7
p004300,webdesignerdepot.com,web.ads.aps.amazon-adsystem.com,request,2.6-202606,openrtb.value.invalid,error,imp[0].video.skip,3.2.7
p004301,webdesignerdepot.com,web.ads.aps.amazon-adsystem.com,request,2.6-202606,openrtb.field.deprecated,warning,imp[0].video.placement,Section 3.2.7
p004301,webdesignerdepot.com,web.ads.aps.amazon-adsystem.com,request,2.6-202606,openrtb.value.invalid,error,imp[0].video.skip,3.2.7
p004302,cupofjo.com,web.ads.aps.amazon-adsystem.com,response,2.6-202606,openrtb.bid.adm.not_markup,warning,seatbid[0].bid[0].adm,4.2.3
p004305,cupofjo.com,web.ads.aps.amazon-adsystem.com,response,2.6-202606,openrtb.bid.adm.not_markup,warning,seatbid[0].bid[0].adm,4.2.3
p004308,halfbakedharvest.com,web.ads.aps.amazon-adsystem.com,response,2.6-202606,openrtb.bid.adm.not_markup,warning,seatbid[0].bid[0].adm,4.2.3
p004309,nintendoeverything.com,web.ads.aps.amazon-adsystem.com,response,2.6-202606,openrtb.bid.adm.not_markup,warning,seatbid[0].bid[0].adm,4.2.3
p004310,nintendoeverything.com,web.ads.aps.amazon-adsystem.com,response,2.6-202606,openrtb.bid.adm.not_markup,warning,seatbid[0].bid[0].adm,4.2.3
p004311,nintendoeverything.com,web.ads.aps.amazon-adsystem.com,response,2.6-202606,openrtb.bid.adm.not_markup,warning,seatbid[0].bid[1].adm,4.2.3
p004316,salon.com,web.ads.aps.amazon-adsystem.com,response,2.6-202606,openrtb.bid.adm.not_markup,warning,seatbid[0].bid[0].adm,4.2.3
p004324,oneindia.com,web.hb.ad.cpe.dotomi.com,request,2.6-202606,openrtb.field.undefined,error,user.interests,3.2.20
p004325,oneindia.com,web.hb.ad.cpe.dotomi.com,request,2.6-202606,openrtb.field.undefined,error,user.interests,3.2.20
p004326,oneindia.com,web.hb.ad.cpe.dotomi.com,request,2.6-202606,openrtb.field.undefined,error,user.interests,3.2.20
p004327,oneindia.com,web.hb.ad.cpe.dotomi.com,request,2.6-202606,openrtb.field.undefined,error,user.interests,3.2.20
p004340,montgomeryadvertiser.com,www.montgomeryadvertiser.com,response,2.6-202606,openrtb.bid.mtype_missing,warning,seatbid[2].bid[0].mtype,4.2.3
p004340,montgomeryadvertiser.com,www.montgomeryadvertiser.com,response,2.6-202606,openrtb.bid.mtype_missing,warning,seatbid[2].bid[1].mtype,4.2.3
p004340,montgomeryadvertiser.com,www.montgomeryadvertiser.com,response,2.6-202606,openrtb.bid.mtype_missing,warning,seatbid[2].bid[2].mtype,4.2.3
p004340,montgomeryadvertiser.com,www.montgomeryadvertiser.com,response,2.6-202606,openrtb.bid.mtype_missing,warning,seatbid[2].bid[3].mtype,4.2.3
p004340,montgomeryadvertiser.com,www.montgomeryadvertiser.com,response,2.6-202606,openrtb.bid.mtype_missing,warning,seatbid[2].bid[4].mtype,4.2.3
p004340,montgomeryadvertiser.com,www.montgomeryadvertiser.com,response,2.6-202606,openrtb.bid.mtype_missing,warning,seatbid[2].bid[5].mtype,4.2.3
p004340,montgomeryadvertiser.com,www.montgomeryadvertiser.com,response,2.6-202606,openrtb.bid.mtype_missing,warning,seatbid[6].bid[0].mtype,4.2.3
p004340,montgomeryadvertiser.com,www.montgomeryadvertiser.com,response,2.6-202606,openrtb.bid.mtype_missing,warning,seatbid[6].bid[1].mtype,4.2.3
p004340,montgomeryadvertiser.com,www.montgomeryadvertiser.com,response,2.6-202606,openrtb.bid.mtype_missing,warning,seatbid[6].bid[2].mtype,4.2.3
p004340,montgomeryadvertiser.com,www.montgomeryadvertiser.com,response,2.6-202606,openrtb.bid.mtype_missing,warning,seatbid[6].bid[3].mtype,4.2.3
p004340,montgomeryadvertiser.com,www.montgomeryadvertiser.com,response,2.6-202606,openrtb.bid.mtype_missing,warning,seatbid[8].bid[0].mtype,4.2.3
p004340,montgomeryadvertiser.com,www.montgomeryadvertiser.com,response,2.6-202606,openrtb.bid.mtype_missing,warning,seatbid[8].bid[1].mtype,4.2.3
p004340,montgomeryadvertiser.com,www.montgomeryadvertiser.com,response,2.6-202606,openrtb.bid.mtype_missing,warning,seatbid[8].bid[2].mtype,4.2.3
p004340,montgomeryadvertiser.com,www.montgomeryadvertiser.com,response,2.6-202606,openrtb.bid.mtype_missing,warning,seatbid[8].bid[3].mtype,4.2.3
p004341,montgomeryadvertiser.com,www.montgomeryadvertiser.com,response,2.6-202606,openrtb.bid.mtype_missing,warning,seatbid[2].bid[0].mtype,4.2.3
p004342,montgomeryadvertiser.com,www.montgomeryadvertiser.com,response,2.6-202606,openrtb.bid.mtype_missing,warning,seatbid[0].bid[0].mtype,4.2.3
p004342,montgomeryadvertiser.com,www.montgomeryadvertiser.com,response,2.6-202606,openrtb.bid.mtype_missing,warning,seatbid[5].bid[0].mtype,4.2.3
p004345,tennessean.com,www.tennessean.com,response,2.6-202606,openrtb.bid.mtype_missing,warning,seatbid[5].bid[0].mtype,4.2.3
p004345,tennessean.com,www.tennessean.com,response,2.6-202606,openrtb.bid.mtype_missing,warning,seatbid[7].bid[0].mtype,4.2.3
p004345,tennessean.com,www.tennessean.com,response,2.6-202606,openrtb.bid.mtype_missing,warning,seatbid[7].bid[1].mtype,4.2.3
p004345,tennessean.com,www.tennessean.com,response,2.6-202606,openrtb.bid.mtype_missing,warning,seatbid[9].bid[0].mtype,4.2.3
p004345,tennessean.com,www.tennessean.com,response,2.6-202606,openrtb.bid.mtype_missing,warning,seatbid[9].bid[1].mtype,4.2.3
p004346,haberler.com,yandex.com,request,2.6-202606,openrtb.type.mismatch,error,imp[0].id,3.2.4
p004347,haberler.com,yandex.com,request,2.6-202606,openrtb.type.mismatch,error,imp[0].id,3.2.4
p004348,haberler.com,yandex.com,request,2.6-202606,openrtb.type.mismatch,error,imp[0].id,3.2.4
p004349,haberler.com,yandex.com,request,2.6-202606,openrtb.type.mismatch,error,imp[0].id,3.2.4
p004356,sozcu.com.tr,yandex.com,request,2.6-202606,openrtb.field.moved,error,user.ext.consent,Section 3.2.20
p004366,futbol-11.com,zz43159sni.pub.tappx.com,request,2.6-202606,openrtb.field.undefined,error,bidder,3.2.1
p004366,futbol-11.com,zz43159sni.pub.tappx.com,request,2.6-202606,openrtb.type.mismatch,error,imp[0].banner.api,3.2.6
p004366,futbol-11.com,zz43159sni.pub.tappx.com,request,2.6-202606,openrtb.type.mismatch,error,imp[0].banner.format,3.2.6
p004366,futbol-11.com,zz43159sni.pub.tappx.com,request,2.6-202606,openrtb.type.mismatch,error,regs.gdpr,3.2.3
p004367,futbol-11.com,zz43159sni.pub.tappx.com,response,2.6-202606,openrtb.bid.mtype_missing,warning,seatbid[0].bid[0].mtype,4.2.3
