payload_id,site,endpoint,side,best_fit_version,valid,n_issues,n_errors,n_warnings
p000001,standard.co.uk,a.bids.ws,request,2.6-202606,False,1,1,0
p000002,standard.co.uk,a.bids.ws,request,2.6-202606,False,1,1,0
p000003,standard.co.uk,a.bids.ws,request,2.6-202606,False,1,1,0
p000004,weather.com,a.bids.ws,request,2.6-202606,True,0,0,0
p000005,weather.com,a.bids.ws,request,2.6-202606,True,0,0,0
p000006,weather.com,a.bids.ws,request,2.6-202606,True,0,0,0
p000007,weather.com,a.bids.ws,request,2.6-202606,True,0,0,0
p000008,wunderground.com,a.bids.ws,request,2.6-202606,True,0,0,0
p000009,wunderground.com,a.bids.ws,request,2.6-202606,True,0,0,0
p000010,healthline.com,a.bids.ws,request,2.6-202606,False,2,2,0
p000011,ladbible.com,a.bids.ws,request,2.6-202606,False,1,1,0
p000012,unilad.com,a.bids.ws,request,2.6-202606,False,1,1,0
p000013,unilad.com,a.bids.ws,request,2.6-202606,False,1,1,0
p000014,unilad.com,a.bids.ws,request,2.6-202606,False,1,1,0
p000015,unilad.com,a.bids.ws,request,2.6-202606,False,1,1,0
p000016,standard.co.uk,a.bids.ws,response,2.6-202606,True,0,0,0
p000017,standard.co.uk,a.bids.ws,response,2.6-202606,True,0,0,0
p000018,standard.co.uk,a.bids.ws,response,2.6-202606,True,0,0,0
p000019,weather.com,a.bids.ws,response,2.6-202606,True,0,0,0
p000020,weather.com,a.bids.ws,response,2.6-202606,True,0,0,0
p000021,weather.com,a.bids.ws,response,2.6-202606,True,0,0,0
p000022,weather.com,a.bids.ws,response,2.6-202606,True,0,0,0
p000023,wunderground.com,a.bids.ws,response,2.6-202606,True,0,0,0
p000024,wunderground.com,a.bids.ws,response,2.6-202606,True,0,0,0
p000025,healthline.com,a.bids.ws,response,2.6-202606,True,0,0,0
p000026,ladbible.com,a.bids.ws,response,2.6-202606,True,0,0,0
p000027,unilad.com,a.bids.ws,response,2.6-202606,True,0,0,0
p000028,unilad.com,a.bids.ws,response,2.6-202606,True,0,0,0
p000029,unilad.com,a.bids.ws,response,2.6-202606,True,0,0,0
p000030,unilad.com,a.bids.ws,response,2.6-202606,True,0,0,0
p000031,huffpost.com,ads.trustx.org,request,2.6-202606,True,1,0,1
p000032,huffpost.com,ads.trustx.org,request,2.6-202606,True,1,0,1
p000033,huffpost.com,ads.trustx.org,request,2.6-202606,True,1,0,1
p000034,huffpost.com,ads.trustx.org,request,2.6-202606,True,1,0,1
p000035,huffpost.com,ads.trustx.org,request,2.6-202606,True,0,0,0
p000036,huffpost.com,ads.trustx.org,request,2.6-202606,True,1,0,1
p000037,huffpost.com,ads.trustx.org,request,2.6-202606,True,0,0,0
p000038,huffpost.com,ads.trustx.org,request,2.6-202606,True,1,0,1
p000039,huffpost.com,ads.trustx.org,request,2.6-202606,True,0,0,0
p000040,cbsnews.com,ads.trustx.org,request,2.6-202606,True,0,0,0
p000041,nbcnews.com,ads.trustx.org,request,2.6-202606,True,0,0,0
p000042,abcnews.go.com,ads.trustx.org,request,2.6-202606,True,0,0,0
p000043,nbcnews.com,ads.trustx.org,request,2.6-202606,True,0,0,0
p000044,cbsnews.com,ads.trustx.org,request,2.6-202606,True,0,0,0
p000045,abcnews.go.com,ads.trustx.org,request,2.6-202606,True,0,0,0
p000046,vox.com,ads.trustx.org,request,2.6-202606,False,2,1,1
p000047,theverge.com,ads.trustx.org,request,2.6-202606,False,2,1,1
p000048,cbssports.com,ads.trustx.org,request,2.6-202606,True,0,0,0
p000049,cbssports.com,ads.trustx.org,request,2.6-202606,True,0,0,0
p000050,eonline.com,ads.trustx.org,request,2.6-202606,True,0,0,0
p000051,eonline.com,ads.trustx.org,request,2.6-202606,True,0,0,0
p000052,eonline.com,ads.trustx.org,request,2.6-202606,True,0,0,0
p000053,eonline.com,ads.trustx.org,request,2.6-202606,True,0,0,0
p000054,eonline.com,ads.trustx.org,request,2.6-202606,True,0,0,0
p000055,eonline.com,ads.trustx.org,request,2.6-202606,True,0,0,0
p000056,eonline.com,ads.trustx.org,request,2.6-202606,True,0,0,0
p000057,thrillist.com,ads.trustx.org,request,2.6-202606,False,2,1,1
p000058,thrillist.com,ads.trustx.org,request,2.6-202606,False,2,1,1
p000059,buzzfeed.com,ads.trustx.org,request,2.6-202606,False,2,1,1
p000060,nbcnews.com,ads.trustx.org,response,2.6-202606,False,2,2,0
p000061,abcnews.go.com,ads.trustx.org,response,2.6-202606,False,6,6,0
p000062,eonline.com,ads.trustx.org,response,2.6-202606,False,2,2,0
p000063,goal.com,ads.yieldmo.com,request,2.6-202606,False,7,2,5
p000064,goal.com,ads.yieldmo.com,request,2.6-202606,False,7,2,5
p000065,goal.com,ads.yieldmo.com,request,2.6-202606,False,7,2,5
p000066,unilad.com,ads.yieldmo.com,request,2.6-202606,False,3,2,1
p000067,unilad.com,ads.yieldmo.com,request,2.6-202606,False,6,1,5
p000068,unilad.com,ads.yieldmo.com,request,2.6-202606,False,3,2,1
p000069,unilad.com,ads.yieldmo.com,request,2.6-202606,False,6,1,5
p000070,ladbible.com,adx.adform.net,request,2.6-202606,False,5,4,1
p000071,ladbible.com,adx.adform.net,request,2.6-202606,False,5,4,1
p000072,unilad.com,adx.adform.net,request,2.6-202606,False,5,4,1
p000073,unilad.com,adx.adform.net,request,2.6-202606,False,5,4,1
p000074,sportingnews.com,amspbs.com,request,2.6-202606,True,0,0,0
p000075,thedailybeast.com,ap.lijit.com,request,2.6-202606,False,6,6,0
p000076,thedailybeast.com,ap.lijit.com,request,2.6-202606,False,3,3,0
p000077,sportingnews.com,ap.lijit.com,request,2.6-202606,False,1,1,0
p000078,boredpanda.com,ap.lijit.com,request,2.6-202606,False,3,3,0
p000079,ladbible.com,ap.lijit.com,request,2.6-202606,False,11,11,0
p000080,ladbible.com,ap.lijit.com,request,2.6-202606,False,11,11,0
p000081,ladbible.com,ap.lijit.com,request,2.6-202606,False,1,1,0
p000082,ladbible.com,ap.lijit.com,request,2.6-202606,False,1,1,0
p000083,ladbible.com,ap.lijit.com,request,2.6-202606,False,1,1,0
p000084,ladbible.com,ap.lijit.com,request,2.6-202606,False,1,1,0
p000085,ladbible.com,ap.lijit.com,request,2.6-202606,False,1,1,0
p000086,ladbible.com,ap.lijit.com,request,2.6-202606,False,1,1,0
p000087,ladbible.com,ap.lijit.com,request,2.6-202606,False,1,1,0
p000088,ladbible.com,ap.lijit.com,request,2.6-202606,False,1,1,0
p000089,ladbible.com,ap.lijit.com,request,2.6-202606,False,1,1,0
p000090,ladbible.com,ap.lijit.com,request,2.6-202606,False,1,1,0
p000091,unilad.com,ap.lijit.com,request,2.6-202606,False,2,1,1
p000092,unilad.com,ap.lijit.com,request,2.6-202606,False,2,1,1
p000093,unilad.com,ap.lijit.com,request,2.6-202606,False,1,1,0
p000094,unilad.com,ap.lijit.com,request,2.6-202606,False,1,1,0
p000095,unilad.com,ap.lijit.com,request,2.6-202606,False,1,1,0
p000096,unilad.com,ap.lijit.com,request,2.6-202606,False,1,1,0
p000097,thedailybeast.com,api.w.inmobi.com,request,2.6-202606,True,0,0,0
p000098,thedailybeast.com,api.w.inmobi.com,request,2.6-202606,True,0,0,0
p000099,thedailybeast.com,api.w.inmobi.com,request,2.6-202606,True,0,0,0
p000100,techcrunch.com,api.w.inmobi.com,request,2.6-202606,True,0,0,0
p000101,techcrunch.com,api.w.inmobi.com,request,2.6-202606,True,0,0,0
p000102,techcrunch.com,api.w.inmobi.com,request,2.6-202606,True,0,0,0
p000103,techcrunch.com,api.w.inmobi.com,request,2.6-202606,True,0,0,0
p000104,techcrunch.com,api.w.inmobi.com,request,2.6-202606,True,0,0,0
p000105,techcrunch.com,api.w.inmobi.com,request,2.6-202606,True,0,0,0
p000106,techcrunch.com,api.w.inmobi.com,request,2.6-202606,True,0,0,0
p000107,techcrunch.com,api.w.inmobi.com,request,2.6-202606,True,0,0,0
p000108,ladbible.com,api.w.inmobi.com,request,2.6-202606,True,0,0,0
p000109,ladbible.com,api.w.inmobi.com,request,2.6-202606,True,0,0,0
p000110,ladbible.com,api.w.inmobi.com,request,2.6-202606,True,0,0,0
p000111,ladbible.com,api.w.inmobi.com,request,2.6-202606,True,0,0,0
p000112,ladbible.com,api.w.inmobi.com,request,2.6-202606,True,0,0,0
p000113,ladbible.com,api.w.inmobi.com,request,2.6-202606,True,0,0,0
p000114,ladbible.com,api.w.inmobi.com,request,2.6-202606,True,0,0,0
p000115,ladbible.com,api.w.inmobi.com,request,2.6-202606,True,0,0,0
p000116,ladbible.com,api.w.inmobi.com,request,2.6-202606,True,0,0,0
p000117,ladbible.com,api.w.inmobi.com,request,2.6-202606,True,0,0,0
p000118,unilad.com,api.w.inmobi.com,request,2.6-202606,True,0,0,0
p000119,unilad.com,api.w.inmobi.com,request,2.6-202606,True,0,0,0
p000120,unilad.com,api.w.inmobi.com,request,2.6-202606,True,0,0,0
p000121,unilad.com,api.w.inmobi.com,request,2.6-202606,True,0,0,0
p000122,ladbible.com,api.w.inmobi.com,response,2.6-202606,True,0,0,0
p000123,ladbible.com,api.w.inmobi.com,response,2.6-202606,True,0,0,0
p000124,ladbible.com,api.w.inmobi.com,response,2.6-202606,True,0,0,0
p000125,thesun.co.uk,b1h.outbrain.com,request,2.6-202606,True,0,0,0
p000126,thesun.co.uk,b1h.outbrain.com,request,2.6-202606,True,0,0,0
p000127,thesun.co.uk,b1h.outbrain.com,request,2.6-202606,True,0,0,0
p000128,thesun.co.uk,b1h.outbrain.com,request,2.6-202606,True,0,0,0
p000129,thesun.co.uk,b1h.outbrain.com,request,2.6-202606,True,0,0,0
p000130,thesun.co.uk,b1h.outbrain.com,request,2.6-202606,True,0,0,0
p000131,thesun.co.uk,b1h.outbrain.com,request,2.6-202606,True,0,0,0
p000132,thesun.co.uk,b1h.outbrain.com,request,2.6-202606,True,0,0,0
p000133,thesun.co.uk,b1h.outbrain.com,request,2.6-202606,True,0,0,0
p000134,usatoday.com,bid.contextweb.com,request,2.6-202606,False,2,1,1
p000135,slate.com,bid.contextweb.com,request,2.6-202606,False,2,1,1
p000136,slate.com,bid.contextweb.com,request,2.6-202606,False,2,1,1
p000137,slate.com,bid.contextweb.com,request,2.6-202606,False,2,1,1
p000138,slate.com,bid.contextweb.com,request,2.6-202606,False,2,1,1
p000139,cbssports.com,bid.contextweb.com,request,2.6-202606,False,2,1,1
p000140,weather.com,bid.contextweb.com,request,2.6-202606,False,2,1,1
p000141,weather.com,bid.contextweb.com,request,2.6-202606,False,2,1,1
p000142,wunderground.com,bid.contextweb.com,request,2.6-202606,False,2,1,1
p000143,wunderground.com,bid.contextweb.com,request,2.6-202606,False,2,1,1
p000144,wunderground.com,bid.contextweb.com,request,2.6-202606,False,2,1,1
p000145,wunderground.com,bid.contextweb.com,request,2.6-202606,False,2,1,1
p000146,wunderground.com,bid.contextweb.com,request,2.6-202606,False,2,1,1
p000147,wunderground.com,bid.contextweb.com,request,2.6-202606,False,2,1,1
p000148,boredpanda.com,bid.sparteo.com,request,2.6-202606,False,1,1,0
p000149,ladbible.com,bid.sparteo.com,request,2.6-202606,True,0,0,0
p000150,ladbible.com,bid.sparteo.com,request,2.6-202606,True,0,0,0
p000151,ladbible.com,bid.sparteo.com,request,2.6-202606,True,0,0,0
p000152,ladbible.com,bid.sparteo.com,request,2.6-202606,True,0,0,0
p000153,ladbible.com,bid.sparteo.com,request,2.6-202606,True,0,0,0
p000154,ladbible.com,bid.sparteo.com,request,2.6-202606,True,0,0,0
p000155,ladbible.com,bid.sparteo.com,request,2.6-202606,True,0,0,0
p000156,ladbible.com,bid.sparteo.com,request,2.6-202606,True,0,0,0
p000157,ladbible.com,bid.sparteo.com,request,2.6-202606,True,0,0,0
p000158,ladbible.com,bid.sparteo.com,request,2.6-202606,True,0,0,0
p000159,unilad.com,bid.sparteo.com,request,2.6-202606,True,0,0,0
p000160,unilad.com,bid.sparteo.com,request,2.6-202606,True,0,0,0
p000161,unilad.com,bid.sparteo.com,request,2.6-202606,True,0,0,0
p000162,unilad.com,bid.sparteo.com,request,2.6-202606,True,0,0,0
p000163,boredpanda.com,bid.sparteo.com,response,2.6-202606,False,1,1,0
p000164,ladbible.com,bid.sparteo.com,response,2.6-202606,True,1,0,1
p000165,ladbible.com,bid.sparteo.com,response,2.6-202606,False,1,1,0
p000166,ladbible.com,bid.sparteo.com,response,2.6-202606,True,1,0,1
p000167,ladbible.com,bid.sparteo.com,response,2.6-202606,False,1,1,0
p000168,ladbible.com,bid.sparteo.com,response,2.6-202606,False,1,1,0
p000169,ladbible.com,bid.sparteo.com,response,2.6-202606,False,1,1,0
p000170,ladbible.com,bid.sparteo.com,response,2.6-202606,False,1,1,0
p000171,ladbible.com,bid.sparteo.com,response,2.6-202606,False,1,1,0
p000172,ladbible.com,bid.sparteo.com,response,2.6-202606,False,1,1,0
p000173,ladbible.com,bid.sparteo.com,response,2.6-202606,True,1,0,1
p000174,salon.com,btlr.sharethrough.com,request,2.6-202606,False,1,1,0
p000175,salon.com,btlr.sharethrough.com,request,2.6-202606,False,1,1,0
p000176,vox.com,btlr.sharethrough.com,request,2.6-202606,False,1,1,0
p000177,vox.com,btlr.sharethrough.com,request,2.6-202606,False,1,1,0
p000178,theverge.com,btlr.sharethrough.com,request,2.6-202606,False,1,1,0
p000179,theverge.com,btlr.sharethrough.com,request,2.6-202606,False,1,1,0
p000180,theverge.com,btlr.sharethrough.com,request,2.6-202606,False,1,1,0
p000181,theverge.com,btlr.sharethrough.com,request,2.6-202606,False,1,1,0
p000182,vox.com,btlr.sharethrough.com,request,2.6-202606,False,1,1,0
p000183,salon.com,btlr.sharethrough.com,request,2.6-202606,False,1,1,0
p000184,salon.com,btlr.sharethrough.com,request,2.6-202606,False,1,1,0
p000185,salon.com,btlr.sharethrough.com,request,2.6-202606,False,1,1,0
p000186,salon.com,btlr.sharethrough.com,request,2.6-202606,False,3,2,1
p000187,salon.com,btlr.sharethrough.com,request,2.6-202606,False,1,1,0
p000188,salon.com,btlr.sharethrough.com,request,2.6-202606,False,3,2,1
p000189,salon.com,btlr.sharethrough.com,request,2.6-202606,False,1,1,0
p000190,salon.com,btlr.sharethrough.com,request,2.6-202606,False,3,2,1
p000191,salon.com,btlr.sharethrough.com,request,2.6-202606,False,1,1,0
p000192,salon.com,btlr.sharethrough.com,request,2.6-202606,False,1,1,0
p000193,salon.com,btlr.sharethrough.com,request,2.6-202606,False,1,1,0
p000194,salon.com,btlr.sharethrough.com,request,2.6-202606,False,1,1,0
p000195,salon.com,btlr.sharethrough.com,request,2.6-202606,False,1,1,0
p000196,salon.com,btlr.sharethrough.com,request,2.6-202606,False,3,2,1
p000197,vox.com,btlr.sharethrough.com,request,2.6-202606,False,1,1,0
p000198,salon.com,btlr.sharethrough.com,request,2.6-202606,False,3,2,1
p000199,salon.com,btlr.sharethrough.com,request,2.6-202606,False,3,2,1
p000200,salon.com,btlr.sharethrough.com,request,2.6-202606,False,3,2,1
p000201,salon.com,btlr.sharethrough.com,request,2.6-202606,False,3,2,1
p000202,theverge.com,btlr.sharethrough.com,request,2.6-202606,False,1,1,0
p000203,salon.com,btlr.sharethrough.com,request,2.6-202606,False,3,2,1
p000204,salon.com,btlr.sharethrough.com,request,2.6-202606,False,3,2,1
p000205,vox.com,btlr.sharethrough.com,request,2.6-202606,False,1,1,0
p000206,vox.com,btlr.sharethrough.com,request,2.6-202606,False,1,1,0
p000207,vox.com,btlr.sharethrough.com,request,2.6-202606,False,1,1,0
p000208,engadget.com,btlr.sharethrough.com,request,2.6-202606,False,1,1,0
p000209,engadget.com,btlr.sharethrough.com,request,2.6-202606,False,3,2,1
p000210,vox.com,btlr.sharethrough.com,request,2.6-202606,False,3,2,1
p000211,vox.com,btlr.sharethrough.com,request,2.6-202606,False,1,1,0
p000212,vox.com,btlr.sharethrough.com,request,2.6-202606,False,1,1,0
p000213,theverge.com,btlr.sharethrough.com,request,2.6-202606,False,1,1,0
p000214,theverge.com,btlr.sharethrough.com,request,2.6-202606,False,1,1,0
p000215,theverge.com,btlr.sharethrough.com,request,2.6-202606,False,1,1,0
p000216,theverge.com,btlr.sharethrough.com,request,2.6-202606,False,1,1,0
p000217,theverge.com,btlr.sharethrough.com,request,2.6-202606,False,1,1,0
p000218,theverge.com,btlr.sharethrough.com,request,2.6-202606,False,3,2,1
p000219,engadget.com,btlr.sharethrough.com,request,2.6-202606,False,3,2,1
p000220,engadget.com,btlr.sharethrough.com,request,2.6-202606,False,3,2,1
p000221,engadget.com,btlr.sharethrough.com,request,2.6-202606,False,1,1,0
p000222,cnet.com,btlr.sharethrough.com,request,2.6-202606,True,0,0,0
p000223,cnet.com,btlr.sharethrough.com,request,2.6-202606,True,0,0,0
p000224,cnet.com,btlr.sharethrough.com,request,2.6-202606,True,0,0,0
p000225,cnet.com,btlr.sharethrough.com,request,2.6-202606,True,0,0,0
p000226,cnet.com,btlr.sharethrough.com,request,2.6-202606,True,0,0,0
p000227,cnet.com,btlr.sharethrough.com,request,2.6-202606,True,0,0,0
p000228,engadget.com,btlr.sharethrough.com,request,2.6-202606,False,3,2,1
p000229,engadget.com,btlr.sharethrough.com,request,2.6-202606,False,3,2,1
p000230,engadget.com,btlr.sharethrough.com,request,2.6-202606,False,3,2,1
p000231,zdnet.com,btlr.sharethrough.com,request,2.6-202606,True,0,0,0
p000232,zdnet.com,btlr.sharethrough.com,request,2.6-202606,True,0,0,0
p000233,zdnet.com,btlr.sharethrough.com,request,2.6-202606,True,0,0,0
p000234,zdnet.com,btlr.sharethrough.com,request,2.6-202606,True,0,0,0
p000235,cnet.com,btlr.sharethrough.com,request,2.6-202606,True,0,0,0
p000236,cnet.com,btlr.sharethrough.com,request,2.6-202606,True,0,0,0
p000237,cnet.com,btlr.sharethrough.com,request,2.6-202606,True,0,0,0
p000238,cnet.com,btlr.sharethrough.com,request,2.6-202606,True,0,0,0
p000239,cnet.com,btlr.sharethrough.com,request,2.6-202606,True,0,0,0
p000240,cnet.com,btlr.sharethrough.com,request,2.6-202606,True,0,0,0
p000241,cnet.com,btlr.sharethrough.com,request,2.6-202606,True,0,0,0
p000242,cnet.com,btlr.sharethrough.com,request,2.6-202606,True,0,0,0
p000243,cnet.com,btlr.sharethrough.com,request,2.6-202606,True,0,0,0
p000244,cnet.com,btlr.sharethrough.com,request,2.6-202606,True,0,0,0
p000245,cnet.com,btlr.sharethrough.com,request,2.6-202606,True,0,0,0
p000246,cnet.com,btlr.sharethrough.com,request,2.6-202606,True,0,0,0
p000247,zdnet.com,btlr.sharethrough.com,request,2.6-202606,True,0,0,0
p000248,zdnet.com,btlr.sharethrough.com,request,2.6-202606,True,0,0,0
p000249,zdnet.com,btlr.sharethrough.com,request,2.6-202606,True,0,0,0
p000250,zdnet.com,btlr.sharethrough.com,request,2.6-202606,True,0,0,0
p000251,zdnet.com,btlr.sharethrough.com,request,2.6-202606,True,0,0,0
p000252,zdnet.com,btlr.sharethrough.com,request,2.6-202606,True,0,0,0
p000253,zdnet.com,btlr.sharethrough.com,request,2.6-202606,True,0,0,0
p000254,zdnet.com,btlr.sharethrough.com,request,2.6-202606,False,2,1,1
p000255,pcmag.com,btlr.sharethrough.com,request,2.6-202606,True,0,0,0
p000256,pcmag.com,btlr.sharethrough.com,request,2.6-202606,True,0,0,0
p000257,pcmag.com,btlr.sharethrough.com,request,2.6-202606,True,0,0,0
p000258,pcmag.com,btlr.sharethrough.com,request,2.6-202606,True,0,0,0
p000259,pcmag.com,btlr.sharethrough.com,request,2.6-202606,True,0,0,0
p000260,pcmag.com,btlr.sharethrough.com,request,2.6-202606,True,0,0,0
p000261,pcmag.com,btlr.sharethrough.com,request,2.6-202606,True,0,0,0
p000262,pcmag.com,btlr.sharethrough.com,request,2.6-202606,True,0,0,0
p000263,pcmag.com,btlr.sharethrough.com,request,2.6-202606,True,0,0,0
p000264,pcmag.com,btlr.sharethrough.com,request,2.6-202606,True,0,0,0
p000265,pcmag.com,btlr.sharethrough.com,request,2.6-202606,True,0,0,0
p000266,pcmag.com,btlr.sharethrough.com,request,2.6-202606,True,0,0,0
p000267,pcmag.com,btlr.sharethrough.com,request,2.6-202606,True,0,0,0
p000268,pcmag.com,btlr.sharethrough.com,request,2.6-202606,True,0,0,0
p000269,pcmag.com,btlr.sharethrough.com,request,2.6-202606,True,0,0,0
p000270,pcmag.com,btlr.sharethrough.com,request,2.6-202606,True,0,0,0
p000271,pcmag.com,btlr.sharethrough.com,request,2.6-202606,True,0,0,0
p000272,pcmag.com,btlr.sharethrough.com,request,2.6-202606,True,0,0,0
p000273,pcmag.com,btlr.sharethrough.com,request,2.6-202606,True,0,0,0
p000274,pcmag.com,btlr.sharethrough.com,request,2.6-202606,True,0,0,0
p000275,pcmag.com,btlr.sharethrough.com,request,2.6-202606,True,0,0,0
p000276,pcmag.com,btlr.sharethrough.com,request,2.6-202606,True,0,0,0
p000277,pcmag.com,btlr.sharethrough.com,request,2.6-202606,True,0,0,0
p000278,pcmag.com,btlr.sharethrough.com,request,2.6-202606,True,0,0,0
p000279,pcmag.com,btlr.sharethrough.com,request,2.6-202606,True,0,0,0
p000280,pcmag.com,btlr.sharethrough.com,request,2.6-202606,True,0,0,0
p000281,pcmag.com,btlr.sharethrough.com,request,2.6-202606,True,0,0,0
p000282,pcmag.com,btlr.sharethrough.com,request,2.6-202606,True,0,0,0
p000283,pcmag.com,btlr.sharethrough.com,request,2.6-202606,True,0,0,0
p000284,pcmag.com,btlr.sharethrough.com,request,2.6-202606,True,0,0,0
p000285,androidauthority.com,btlr.sharethrough.com,request,2.6-202606,False,1,1,0
p000286,androidauthority.com,btlr.sharethrough.com,request,2.6-202606,False,1,1,0
p000287,androidauthority.com,btlr.sharethrough.com,request,2.6-202606,False,1,1,0
p000288,androidauthority.com,btlr.sharethrough.com,request,2.6-202606,False,1,1,0
p000289,androidauthority.com,btlr.sharethrough.com,request,2.6-202606,False,1,1,0
p000290,androidauthority.com,btlr.sharethrough.com,request,2.6-202606,False,1,1,0
p000291,androidauthority.com,btlr.sharethrough.com,request,2.6-202606,False,1,1,0
p000292,androidauthority.com,btlr.sharethrough.com,request,2.6-202606,False,1,1,0
p000293,androidauthority.com,btlr.sharethrough.com,request,2.6-202606,False,1,1,0
p000294,androidauthority.com,btlr.sharethrough.com,request,2.6-202606,False,1,1,0
p000295,androidauthority.com,btlr.sharethrough.com,request,2.6-202606,False,1,1,0
p000296,androidauthority.com,btlr.sharethrough.com,request,2.6-202606,False,3,2,1
p000297,androidauthority.com,btlr.sharethrough.com,request,2.6-202606,False,1,1,0
p000298,androidauthority.com,btlr.sharethrough.com,request,2.6-202606,False,1,1,0
p000299,androidauthority.com,btlr.sharethrough.com,request,2.6-202606,False,1,1,0
p000300,androidauthority.com,btlr.sharethrough.com,request,2.6-202606,False,1,1,0
p000301,androidauthority.com,btlr.sharethrough.com,request,2.6-202606,False,1,1,0
p000302,androidauthority.com,btlr.sharethrough.com,request,2.6-202606,False,1,1,0
p000303,androidauthority.com,btlr.sharethrough.com,request,2.6-202606,False,1,1,0
p000304,androidauthority.com,btlr.sharethrough.com,request,2.6-202606,False,1,1,0
p000305,androidauthority.com,btlr.sharethrough.com,request,2.6-202606,False,3,2,1
p000306,androidauthority.com,btlr.sharethrough.com,request,2.6-202606,False,1,1,0
p000307,androidauthority.com,btlr.sharethrough.com,request,2.6-202606,False,1,1,0
p000308,androidauthority.com,btlr.sharethrough.com,request,2.6-202606,False,1,1,0
p000309,androidauthority.com,btlr.sharethrough.com,request,2.6-202606,False,1,1,0
p000310,androidauthority.com,btlr.sharethrough.com,request,2.6-202606,False,1,1,0
p000311,androidauthority.com,btlr.sharethrough.com,request,2.6-202606,False,1,1,0
p000312,androidauthority.com,btlr.sharethrough.com,request,2.6-202606,False,1,1,0
p000313,androidauthority.com,btlr.sharethrough.com,request,2.6-202606,False,1,1,0
p000314,androidauthority.com,btlr.sharethrough.com,request,2.6-202606,False,1,1,0
p000315,androidauthority.com,btlr.sharethrough.com,request,2.6-202606,False,3,2,1
p000316,androidauthority.com,btlr.sharethrough.com,request,2.6-202606,False,1,1,0
p000317,androidauthority.com,btlr.sharethrough.com,request,2.6-202606,False,1,1,0
p000318,androidauthority.com,btlr.sharethrough.com,request,2.6-202606,False,1,1,0
p000319,androidauthority.com,btlr.sharethrough.com,request,2.6-202606,False,1,1,0
p000320,androidauthority.com,btlr.sharethrough.com,request,2.6-202606,False,1,1,0
p000321,androidauthority.com,btlr.sharethrough.com,request,2.6-202606,False,1,1,0
p000322,androidauthority.com,btlr.sharethrough.com,request,2.6-202606,False,1,1,0
p000323,androidauthority.com,btlr.sharethrough.com,request,2.6-202606,False,1,1,0
p000324,androidauthority.com,btlr.sharethrough.com,request,2.6-202606,False,1,1,0
p000325,androidauthority.com,btlr.sharethrough.com,request,2.6-202606,False,1,1,0
p000326,androidauthority.com,btlr.sharethrough.com,request,2.6-202606,False,3,2,1
p000327,androidauthority.com,btlr.sharethrough.com,request,2.6-202606,False,1,1,0
p000328,androidauthority.com,btlr.sharethrough.com,request,2.6-202606,False,1,1,0
p000329,androidauthority.com,btlr.sharethrough.com,request,2.6-202606,False,1,1,0
p000330,macrumors.com,btlr.sharethrough.com,request,2.6-202606,False,1,1,0
p000331,macrumors.com,btlr.sharethrough.com,request,2.6-202606,False,1,1,0
p000332,macrumors.com,btlr.sharethrough.com,request,2.6-202606,False,1,1,0
p000333,macrumors.com,btlr.sharethrough.com,request,2.6-202606,False,3,2,1
p000334,macrumors.com,btlr.sharethrough.com,request,2.6-202606,False,1,1,0
p000335,macrumors.com,btlr.sharethrough.com,request,2.6-202606,False,1,1,0
p000336,macrumors.com,btlr.sharethrough.com,request,2.6-202606,False,1,1,0
p000337,macrumors.com,btlr.sharethrough.com,request,2.6-202606,False,1,1,0
p000338,macrumors.com,btlr.sharethrough.com,request,2.6-202606,False,1,1,0
p000339,macrumors.com,btlr.sharethrough.com,request,2.6-202606,False,1,1,0
p000340,macrumors.com,btlr.sharethrough.com,request,2.6-202606,False,1,1,0
p000341,macrumors.com,btlr.sharethrough.com,request,2.6-202606,False,1,1,0
p000342,androidauthority.com,btlr.sharethrough.com,request,2.6-202606,False,3,2,1
p000343,macrumors.com,btlr.sharethrough.com,request,2.6-202606,False,1,1,0
p000344,macrumors.com,btlr.sharethrough.com,request,2.6-202606,False,1,1,0
p000345,macrumors.com,btlr.sharethrough.com,request,2.6-202606,False,1,1,0
p000346,macrumors.com,btlr.sharethrough.com,request,2.6-202606,False,1,1,0
p000347,macrumors.com,btlr.sharethrough.com,request,2.6-202606,False,3,2,1
p000348,macrumors.com,btlr.sharethrough.com,request,2.6-202606,False,1,1,0
p000349,macrumors.com,btlr.sharethrough.com,request,2.6-202606,False,1,1,0
p000350,macrumors.com,btlr.sharethrough.com,request,2.6-202606,False,1,1,0
p000351,macrumors.com,btlr.sharethrough.com,request,2.6-202606,False,1,1,0
p000352,macrumors.com,btlr.sharethrough.com,request,2.6-202606,False,1,1,0
p000353,macrumors.com,btlr.sharethrough.com,request,2.6-202606,False,1,1,0
p000354,macrumors.com,btlr.sharethrough.com,request,2.6-202606,False,1,1,0
p000355,macrumors.com,btlr.sharethrough.com,request,2.6-202606,False,1,1,0
p000356,dexerto.com,btlr.sharethrough.com,request,2.6-202606,False,1,1,0
p000357,dexerto.com,btlr.sharethrough.com,request,2.6-202606,False,1,1,0
p000358,dexerto.com,btlr.sharethrough.com,request,2.6-202606,False,1,1,0
p000359,vg247.com,btlr.sharethrough.com,request,2.6-202606,False,2,1,1
p000360,dexerto.com,btlr.sharethrough.com,request,2.6-202606,False,1,1,0
p000361,dexerto.com,btlr.sharethrough.com,request,2.6-202606,False,1,1,0
p000362,dexerto.com,btlr.sharethrough.com,request,2.6-202606,False,1,1,0
p000363,sportingnews.com,btlr.sharethrough.com,request,2.6-202606,False,1,1,0
p000364,benzinga.com,btlr.sharethrough.com,request,2.6-202606,False,1,1,0
p000365,benzinga.com,btlr.sharethrough.com,request,2.6-202606,False,1,1,0
p000366,stereogum.com,btlr.sharethrough.com,request,2.6-202606,False,1,1,0
p000367,stereogum.com,btlr.sharethrough.com,request,2.6-202606,False,1,1,0
p000368,stereogum.com,btlr.sharethrough.com,request,2.6-202606,False,3,2,1
p000369,thrillist.com,btlr.sharethrough.com,request,2.6-202606,False,1,1,0
p000370,thrillist.com,btlr.sharethrough.com,request,2.6-202606,False,1,1,0
p000371,thrillist.com,btlr.sharethrough.com,request,2.6-202606,False,1,1,0
p000372,stereogum.com,btlr.sharethrough.com,request,2.6-202606,False,1,1,0
p000373,stereogum.com,btlr.sharethrough.com,request,2.6-202606,False,3,2,1
p000374,thrillist.com,btlr.sharethrough.com,request,2.6-202606,False,1,1,0
p000375,thrillist.com,btlr.sharethrough.com,request,2.6-202606,False,1,1,0
p000376,thrillist.com,btlr.sharethrough.com,request,2.6-202606,False,1,1,0
p000377,thrillist.com,btlr.sharethrough.com,request,2.6-202606,False,1,1,0
p000378,thrillist.com,btlr.sharethrough.com,request,2.6-202606,False,1,1,0
p000379,boredpanda.com,btlr.sharethrough.com,request,2.6-202606,False,1,1,0
p000380,boredpanda.com,btlr.sharethrough.com,request,2.6-202606,False,1,1,0
p000381,distractify.com,btlr.sharethrough.com,request,2.6-202606,False,3,2,1
p000382,distractify.com,btlr.sharethrough.com,request,2.6-202606,False,3,2,1
p000383,distractify.com,btlr.sharethrough.com,request,2.6-202606,False,1,1,0
p000384,distractify.com,btlr.sharethrough.com,request,2.6-202606,False,1,1,0
p000385,distractify.com,btlr.sharethrough.com,request,2.6-202606,False,3,2,1
p000386,ranker.com,btlr.sharethrough.com,request,2.6-202606,False,1,1,0
p000387,distractify.com,btlr.sharethrough.com,request,2.6-202606,False,3,2,1
p000388,grunge.com,btlr.sharethrough.com,request,2.6-202606,False,1,1,0
p000389,ranker.com,btlr.sharethrough.com,request,2.6-202606,False,1,1,0
p000390,ranker.com,btlr.sharethrough.com,request,2.6-202606,False,1,1,0
p000391,ranker.com,btlr.sharethrough.com,request,2.6-202606,False,1,1,0
p000392,ranker.com,btlr.sharethrough.com,request,2.6-202606,False,3,2,1
p000393,ranker.com,btlr.sharethrough.com,request,2.6-202606,False,1,1,0
p000394,ranker.com,btlr.sharethrough.com,request,2.6-202606,False,1,1,0
p000395,ranker.com,btlr.sharethrough.com,request,2.6-202606,False,3,2,1
p000396,ranker.com,btlr.sharethrough.com,request,2.6-202606,False,3,2,1
p000397,ranker.com,btlr.sharethrough.com,request,2.6-202606,False,3,2,1
p000398,ranker.com,btlr.sharethrough.com,request,2.6-202606,False,3,2,1
p000399,grunge.com,btlr.sharethrough.com,request,2.6-202606,False,1,1,0
p000400,grunge.com,btlr.sharethrough.com,request,2.6-202606,False,3,2,1
p000401,grunge.com,btlr.sharethrough.com,request,2.6-202606,False,1,1,0
p000402,grunge.com,btlr.sharethrough.com,request,2.6-202606,False,3,2,1
p000403,grunge.com,btlr.sharethrough.com,request,2.6-202606,False,1,1,0
p000404,grunge.com,btlr.sharethrough.com,request,2.6-202606,False,1,1,0
p000405,grunge.com,btlr.sharethrough.com,request,2.6-202606,False,1,1,0
p000406,grunge.com,btlr.sharethrough.com,request,2.6-202606,False,1,1,0
p000407,grunge.com,btlr.sharethrough.com,request,2.6-202606,False,1,1,0
p000408,grunge.com,btlr.sharethrough.com,request,2.6-202606,False,1,1,0
p000409,grunge.com,btlr.sharethrough.com,request,2.6-202606,False,3,2,1
p000410,slashfilm.com,btlr.sharethrough.com,request,2.6-202606,False,1,1,0
p000411,grunge.com,btlr.sharethrough.com,request,2.6-202606,False,3,2,1
p000412,slashfilm.com,btlr.sharethrough.com,request,2.6-202606,False,1,1,0
p000413,slashfilm.com,btlr.sharethrough.com,request,2.6-202606,False,3,2,1
p000414,mashed.com,btlr.sharethrough.com,request,2.6-202606,False,1,1,0
p000415,mashed.com,btlr.sharethrough.com,request,2.6-202606,False,3,2,1
p000416,tastingtable.com,btlr.sharethrough.com,request,2.6-202606,False,1,1,0
p000417,standard.co.uk,bw-prod.plrsrvcs.com,request,2.6-202606,False,2,2,0
p000418,standard.co.uk,bw-prod.plrsrvcs.com,response,2.6-202606,False,3,3,0
p000419,foxnews.com,c2shb.pubgw.yahoo.com,request,2.5,True,0,0,0
p000420,foxnews.com,c2shb.pubgw.yahoo.com,request,2.5,True,0,0,0
p000421,foxnews.com,c2shb.pubgw.yahoo.com,request,2.5,True,0,0,0
p000422,foxnews.com,c2shb.pubgw.yahoo.com,request,2.5,True,0,0,0
p000423,foxnews.com,c2shb.pubgw.yahoo.com,request,2.5,True,0,0,0
p000424,chicagotribune.com,c2shb.pubgw.yahoo.com,request,2.5,False,1,1,0
p000425,chicagotribune.com,c2shb.pubgw.yahoo.com,request,2.5,False,1,1,0
p000426,chicagotribune.com,c2shb.pubgw.yahoo.com,request,2.5,False,1,1,0
p000427,chicagotribune.com,c2shb.pubgw.yahoo.com,request,2.5,False,1,1,0
p000428,chicagotribune.com,c2shb.pubgw.yahoo.com,request,2.5,False,1,1,0
p000429,abcnews.go.com,c2shb.pubgw.yahoo.com,request,2.5,True,0,0,0
p000430,abcnews.go.com,c2shb.pubgw.yahoo.com,request,2.5,True,0,0,0
p000431,abcnews.go.com,c2shb.pubgw.yahoo.com,request,2.5,True,0,0,0
p000432,abcnews.go.com,c2shb.pubgw.yahoo.com,request,2.5,True,0,0,0
p000433,abcnews.go.com,c2shb.pubgw.yahoo.com,request,2.5,True,0,0,0
p000434,abcnews.go.com,c2shb.pubgw.yahoo.com,request,2.5,True,0,0,0
p000435,abcnews.go.com,c2shb.pubgw.yahoo.com,request,2.5,True,0,0,0
p000436,vox.com,c2shb.pubgw.yahoo.com,request,2.5,True,0,0,0
p000437,vox.com,c2shb.pubgw.yahoo.com,request,2.5,True,0,0,0
p000438,theverge.com,c2shb.pubgw.yahoo.com,request,2.5,True,0,0,0
p000439,theverge.com,c2shb.pubgw.yahoo.com,request,2.5,True,0,0,0
p000440,theverge.com,c2shb.pubgw.yahoo.com,request,2.5,True,0,0,0
p000441,theverge.com,c2shb.pubgw.yahoo.com,request,2.5,True,0,0,0
p000442,vox.com,c2shb.pubgw.yahoo.com,request,2.5,True,0,0,0
p000443,vox.com,c2shb.pubgw.yahoo.com,request,2.5,True,0,0,0
p000444,theverge.com,c2shb.pubgw.yahoo.com,request,2.5,True,0,0,0
p000445,vox.com,c2shb.pubgw.yahoo.com,request,2.5,True,0,0,0
p000446,vox.com,c2shb.pubgw.yahoo.com,request,2.5,True,0,0,0
p000447,vox.com,c2shb.pubgw.yahoo.com,request,2.5,True,0,0,0
p000448,vox.com,c2shb.pubgw.yahoo.com,request,2.5,True,0,0,0
p000449,vox.com,c2shb.pubgw.yahoo.com,request,2.5,True,0,0,0
p000450,theverge.com,c2shb.pubgw.yahoo.com,request,2.5,True,0,0,0
p000451,theverge.com,c2shb.pubgw.yahoo.com,request,2.5,True,0,0,0
p000452,theverge.com,c2shb.pubgw.yahoo.com,request,2.5,True,0,0,0
p000453,theverge.com,c2shb.pubgw.yahoo.com,request,2.5,True,0,0,0
p000454,theverge.com,c2shb.pubgw.yahoo.com,request,2.5,True,0,0,0
p000455,si.com,c2shb.pubgw.yahoo.com,request,2.5,True,0,0,0
p000456,si.com,c2shb.pubgw.yahoo.com,request,2.5,True,0,0,0
p000457,si.com,c2shb.pubgw.yahoo.com,request,2.5,True,0,0,0
p000458,si.com,c2shb.pubgw.yahoo.com,request,2.5,True,0,0,0
p000459,si.com,c2shb.pubgw.yahoo.com,request,2.5,True,0,0,0
p000460,si.com,c2shb.pubgw.yahoo.com,request,2.5,True,0,0,0
p000461,si.com,c2shb.pubgw.yahoo.com,request,2.5,True,0,0,0
p000462,tmz.com,c2shb.pubgw.yahoo.com,request,2.5,True,0,0,0
p000463,tmz.com,c2shb.pubgw.yahoo.com,request,2.5,True,0,0,0
p000464,tmz.com,c2shb.pubgw.yahoo.com,request,2.5,True,0,0,0
p000465,tmz.com,c2shb.pubgw.yahoo.com,request,2.5,True,0,0,0
p000466,tmz.com,c2shb.pubgw.yahoo.com,request,2.5,True,0,0,0
p000467,thrillist.com,c2shb.pubgw.yahoo.com,request,2.5,True,0,0,0
p000468,thrillist.com,c2shb.pubgw.yahoo.com,request,2.5,True,0,0,0
p000469,thrillist.com,c2shb.pubgw.yahoo.com,request,2.5,True,0,0,0
p000470,thrillist.com,c2shb.pubgw.yahoo.com,request,2.5,True,0,0,0
p000471,thrillist.com,c2shb.pubgw.yahoo.com,request,2.5,True,0,0,0
p000472,thrillist.com,c2shb.pubgw.yahoo.com,request,2.5,True,0,0,0
p000473,thrillist.com,c2shb.pubgw.yahoo.com,request,2.5,True,0,0,0
p000474,thrillist.com,c2shb.pubgw.yahoo.com,request,2.5,True,0,0,0
p000475,ladbible.com,c2shb.pubgw.yahoo.com,request,2.5,False,1,1,0
p000476,ladbible.com,c2shb.pubgw.yahoo.com,request,2.5,False,1,1,0
p000477,unilad.com,c2shb.pubgw.yahoo.com,request,2.5,False,1,1,0
p000478,unilad.com,c2shb.pubgw.yahoo.com,request,2.5,False,1,1,0
p000479,grunge.com,c2shb.pubgw.yahoo.com,request,2.5,True,0,0,0
p000480,grunge.com,c2shb.pubgw.yahoo.com,request,2.5,True,0,0,0
p000481,grunge.com,c2shb.pubgw.yahoo.com,request,2.5,False,1,1,0
p000482,grunge.com,c2shb.pubgw.yahoo.com,request,2.5,True,0,0,0
p000483,grunge.com,c2shb.pubgw.yahoo.com,request,2.5,False,1,1,0
p000484,grunge.com,c2shb.pubgw.yahoo.com,request,2.5,True,0,0,0
p000485,grunge.com,c2shb.pubgw.yahoo.com,request,2.5,True,0,0,0
p000486,grunge.com,c2shb.pubgw.yahoo.com,request,2.5,True,0,0,0
p000487,grunge.com,c2shb.pubgw.yahoo.com,request,2.5,True,0,0,0
p000488,grunge.com,c2shb.pubgw.yahoo.com,request,2.5,True,0,0,0
p000489,grunge.com,c2shb.pubgw.yahoo.com,request,2.5,True,0,0,0
p000490,grunge.com,c2shb.pubgw.yahoo.com,request,2.5,False,1,1,0
p000491,slashfilm.com,c2shb.pubgw.yahoo.com,request,2.5,True,0,0,0
p000492,grunge.com,c2shb.pubgw.yahoo.com,request,2.5,False,1,1,0
p000493,slashfilm.com,c2shb.pubgw.yahoo.com,request,2.5,True,0,0,0
p000494,slashfilm.com,c2shb.pubgw.yahoo.com,request,2.5,False,1,1,0
p000495,foxnews.com,c2shb.pubgw.yahoo.com,response,2.6-202606,True,0,0,0
p000496,foxnews.com,c2shb.pubgw.yahoo.com,response,2.6-202606,True,1,0,1
p000497,foxnews.com,c2shb.pubgw.yahoo.com,response,2.6-202606,True,1,0,1
p000498,foxnews.com,c2shb.pubgw.yahoo.com,response,2.6-202606,True,1,0,1
p000499,foxnews.com,c2shb.pubgw.yahoo.com,response,2.6-202606,True,0,0,0
p000500,chicagotribune.com,c2shb.pubgw.yahoo.com,response,2.6-202606,True,0,0,0
p000501,chicagotribune.com,c2shb.pubgw.yahoo.com,response,2.6-202606,True,0,0,0
p000502,chicagotribune.com,c2shb.pubgw.yahoo.com,response,2.6-202606,True,0,0,0
p000503,chicagotribune.com,c2shb.pubgw.yahoo.com,response,2.6-202606,True,0,0,0
p000504,chicagotribune.com,c2shb.pubgw.yahoo.com,response,2.6-202606,True,0,0,0
p000505,abcnews.go.com,c2shb.pubgw.yahoo.com,response,2.6-202606,True,0,0,0
p000506,abcnews.go.com,c2shb.pubgw.yahoo.com,response,2.6-202606,True,0,0,0
p000507,abcnews.go.com,c2shb.pubgw.yahoo.com,response,2.6-202606,True,0,0,0
p000508,abcnews.go.com,c2shb.pubgw.yahoo.com,response,2.6-202606,True,0,0,0
p000509,abcnews.go.com,c2shb.pubgw.yahoo.com,response,2.6-202606,True,0,0,0
p000510,abcnews.go.com,c2shb.pubgw.yahoo.com,response,2.6-202606,True,0,0,0
p000511,abcnews.go.com,c2shb.pubgw.yahoo.com,response,2.6-202606,True,0,0,0
p000512,vox.com,c2shb.pubgw.yahoo.com,response,2.6-202606,True,0,0,0
p000513,vox.com,c2shb.pubgw.yahoo.com,response,2.6-202606,True,0,0,0
p000514,vox.com,c2shb.pubgw.yahoo.com,response,2.6-202606,True,0,0,0
p000515,theverge.com,c2shb.pubgw.yahoo.com,response,2.6-202606,True,0,0,0
p000516,theverge.com,c2shb.pubgw.yahoo.com,response,2.6-202606,True,0,0,0
p000517,theverge.com,c2shb.pubgw.yahoo.com,response,2.6-202606,True,0,0,0
p000518,theverge.com,c2shb.pubgw.yahoo.com,response,2.6-202606,True,0,0,0
p000519,vox.com,c2shb.pubgw.yahoo.com,response,2.6-202606,True,0,0,0
p000520,theverge.com,c2shb.pubgw.yahoo.com,response,2.6-202606,True,0,0,0
p000521,vox.com,c2shb.pubgw.yahoo.com,response,2.6-202606,True,0,0,0
p000522,vox.com,c2shb.pubgw.yahoo.com,response,2.6-202606,True,0,0,0
p000523,vox.com,c2shb.pubgw.yahoo.com,response,2.6-202606,True,0,0,0
p000524,vox.com,c2shb.pubgw.yahoo.com,response,2.6-202606,True,0,0,0
p000525,vox.com,c2shb.pubgw.yahoo.com,response,2.6-202606,True,0,0,0
p000526,theverge.com,c2shb.pubgw.yahoo.com,response,2.6-202606,True,0,0,0
p000527,theverge.com,c2shb.pubgw.yahoo.com,response,2.6-202606,True,1,0,1
p000528,theverge.com,c2shb.pubgw.yahoo.com,response,2.6-202606,True,0,0,0
p000529,theverge.com,c2shb.pubgw.yahoo.com,response,2.6-202606,True,1,0,1
p000530,theverge.com,c2shb.pubgw.yahoo.com,response,2.6-202606,True,0,0,0
p000531,si.com,c2shb.pubgw.yahoo.com,response,2.6-202606,True,0,0,0
p000532,si.com,c2shb.pubgw.yahoo.com,response,2.6-202606,True,1,0,1
p000533,si.com,c2shb.pubgw.yahoo.com,response,2.6-202606,True,1,0,1
p000534,si.com,c2shb.pubgw.yahoo.com,response,2.6-202606,True,1,0,1
p000535,si.com,c2shb.pubgw.yahoo.com,response,2.6-202606,True,1,0,1
p000536,si.com,c2shb.pubgw.yahoo.com,response,2.6-202606,True,1,0,1
p000537,si.com,c2shb.pubgw.yahoo.com,response,2.6-202606,True,1,0,1
p000538,tmz.com,c2shb.pubgw.yahoo.com,response,2.6-202606,True,0,0,0
p000539,tmz.com,c2shb.pubgw.yahoo.com,response,2.6-202606,True,0,0,0
p000540,tmz.com,c2shb.pubgw.yahoo.com,response,2.6-202606,True,0,0,0
p000541,tmz.com,c2shb.pubgw.yahoo.com,response,2.6-202606,True,0,0,0
p000542,tmz.com,c2shb.pubgw.yahoo.com,response,2.6-202606,True,0,0,0
p000543,thrillist.com,c2shb.pubgw.yahoo.com,response,2.6-202606,True,1,0,1
p000544,thrillist.com,c2shb.pubgw.yahoo.com,response,2.6-202606,True,0,0,0
p000545,thrillist.com,c2shb.pubgw.yahoo.com,response,2.6-202606,True,1,0,1
p000546,thrillist.com,c2shb.pubgw.yahoo.com,response,2.6-202606,True,1,0,1
p000547,thrillist.com,c2shb.pubgw.yahoo.com,response,2.6-202606,True,0,0,0
p000548,thrillist.com,c2shb.pubgw.yahoo.com,response,2.6-202606,True,1,0,1
p000549,thrillist.com,c2shb.pubgw.yahoo.com,response,2.6-202606,True,1,0,1
p000550,thrillist.com,c2shb.pubgw.yahoo.com,response,2.6-202606,True,1,0,1
p000551,ladbible.com,c2shb.pubgw.yahoo.com,response,2.6-202606,True,0,0,0
p000552,ladbible.com,c2shb.pubgw.yahoo.com,response,2.6-202606,True,0,0,0
p000553,unilad.com,c2shb.pubgw.yahoo.com,response,2.6-202606,True,0,0,0
p000554,unilad.com,c2shb.pubgw.yahoo.com,response,2.6-202606,True,0,0,0
p000555,grunge.com,c2shb.pubgw.yahoo.com,response,2.6-202606,True,0,0,0
p000556,grunge.com,c2shb.pubgw.yahoo.com,response,2.6-202606,True,0,0,0
p000557,grunge.com,c2shb.pubgw.yahoo.com,response,2.6-202606,True,0,0,0
p000558,grunge.com,c2shb.pubgw.yahoo.com,response,2.6-202606,True,0,0,0
p000559,grunge.com,c2shb.pubgw.yahoo.com,response,2.6-202606,True,0,0,0
p000560,grunge.com,c2shb.pubgw.yahoo.com,response,2.6-202606,True,0,0,0
p000561,grunge.com,c2shb.pubgw.yahoo.com,response,2.6-202606,True,0,0,0
p000562,grunge.com,c2shb.pubgw.yahoo.com,response,2.6-202606,True,0,0,0
p000563,grunge.com,c2shb.pubgw.yahoo.com,response,2.6-202606,True,0,0,0
p000564,grunge.com,c2shb.pubgw.yahoo.com,response,2.6-202606,True,0,0,0
p000565,grunge.com,c2shb.pubgw.yahoo.com,response,2.6-202606,True,0,0,0
p000566,grunge.com,c2shb.pubgw.yahoo.com,response,2.6-202606,True,0,0,0
p000567,slashfilm.com,c2shb.pubgw.yahoo.com,response,2.6-202606,True,0,0,0
p000568,grunge.com,c2shb.pubgw.yahoo.com,response,2.6-202606,True,0,0,0
p000569,slashfilm.com,c2shb.pubgw.yahoo.com,response,2.6-202606,True,0,0,0
p000570,slashfilm.com,c2shb.pubgw.yahoo.com,response,2.6-202606,True,0,0,0
p000571,foxnews.com,direct.adsrvr.org,request,2.6-202606,False,2,2,0
p000572,pagesix.com,direct.adsrvr.org,request,2.6-202606,False,1,1,0
p000573,nypost.com,direct.adsrvr.org,request,2.6-202606,False,1,1,0
p000574,nypost.com,direct.adsrvr.org,request,2.6-202606,False,1,1,0
p000575,nypost.com,direct.adsrvr.org,request,2.6-202606,False,1,1,0
p000576,pagesix.com,direct.adsrvr.org,request,2.6-202606,False,1,1,0
p000577,pagesix.com,direct.adsrvr.org,request,2.6-202606,False,1,1,0
p000578,foxnews.com,direct.adsrvr.org,request,2.6-202606,False,2,2,0
p000579,foxnews.com,direct.adsrvr.org,request,2.6-202606,False,2,2,0
p000580,pagesix.com,direct.adsrvr.org,request,2.6-202606,False,1,1,0
p000581,foxnews.com,direct.adsrvr.org,request,2.6-202606,False,2,2,0
p000582,nypost.com,direct.adsrvr.org,request,2.6-202606,False,1,1,0
p000583,pagesix.com,direct.adsrvr.org,request,2.6-202606,False,1,1,0
p000584,nypost.com,direct.adsrvr.org,request,2.6-202606,False,3,2,1
p000585,pagesix.com,direct.adsrvr.org,request,2.6-202606,False,2,2,0
p000586,pagesix.com,direct.adsrvr.org,request,2.6-202606,False,3,2,1
p000587,pagesix.com,direct.adsrvr.org,request,2.6-202606,False,1,1,0
p000588,nypost.com,direct.adsrvr.org,request,2.6-202606,False,1,1,0
p000589,foxnews.com,direct.adsrvr.org,request,2.6-202606,False,2,2,0
p000590,nypost.com,direct.adsrvr.org,request,2.6-202606,False,3,2,1
p000591,foxnews.com,direct.adsrvr.org,request,2.6-202606,False,2,2,0
p000592,foxnews.com,direct.adsrvr.org,request,2.6-202606,False,2,2,0
p000593,nypost.com,direct.adsrvr.org,request,2.6-202606,False,1,1,0
p000594,pagesix.com,direct.adsrvr.org,request,2.6-202606,False,2,2,0
p000595,pagesix.com,direct.adsrvr.org,request,2.6-202606,False,3,2,1
p000596,pagesix.com,direct.adsrvr.org,request,2.6-202606,False,2,2,0
p000597,pagesix.com,direct.adsrvr.org,request,2.6-202606,False,3,2,1
p000598,pagesix.com,direct.adsrvr.org,request,2.6-202606,False,2,2,0
p000599,pagesix.com,direct.adsrvr.org,request,2.6-202606,False,2,2,0
p000600,pagesix.com,direct.adsrvr.org,request,2.6-202606,False,3,2,1
p000601,nypost.com,direct.adsrvr.org,request,2.6-202606,False,1,1,0
p000602,pagesix.com,direct.adsrvr.org,request,2.6-202606,False,1,1,0
p000603,chicagotribune.com,direct.adsrvr.org,request,2.6-202606,False,1,1,0
p000604,chicagotribune.com,direct.adsrvr.org,request,2.6-202606,False,1,1,0
p000605,chicagotribune.com,direct.adsrvr.org,request,2.6-202606,False,1,1,0
p000606,chicagotribune.com,direct.adsrvr.org,request,2.6-202606,False,1,1,0
p000607,usatoday.com,direct.adsrvr.org,request,2.6-202606,False,4,3,1
p000608,chicagotribune.com,direct.adsrvr.org,request,2.6-202606,False,1,1,0
p000609,chicagotribune.com,direct.adsrvr.org,request,2.6-202606,False,1,1,0
p000610,chicagotribune.com,direct.adsrvr.org,request,2.6-202606,False,1,1,0
p000611,chicagotribune.com,direct.adsrvr.org,request,2.6-202606,False,4,3,1
p000612,chicagotribune.com,direct.adsrvr.org,request,2.6-202606,False,3,3,0
p000613,chicagotribune.com,direct.adsrvr.org,request,2.6-202606,False,3,3,0
p000614,chicagotribune.com,direct.adsrvr.org,request,2.6-202606,False,4,3,1
p000615,nydailynews.com,direct.adsrvr.org,request,2.6-202606,False,1,1,0
p000616,thedailybeast.com,direct.adsrvr.org,request,2.6-202606,False,1,1,0
p000617,nydailynews.com,direct.adsrvr.org,request,2.6-202606,False,1,1,0
p000618,businessinsider.com,direct.adsrvr.org,request,2.6-202606,False,1,1,0
p000619,thedailybeast.com,direct.adsrvr.org,request,2.6-202606,False,1,1,0
p000620,nydailynews.com,direct.adsrvr.org,request,2.6-202606,False,1,1,0
p000621,nydailynews.com,direct.adsrvr.org,request,2.6-202606,False,1,1,0
p000622,businessinsider.com,direct.adsrvr.org,request,2.6-202606,False,1,1,0
p000623,businessinsider.com,direct.adsrvr.org,request,2.6-202606,False,1,1,0
p000624,businessinsider.com,direct.adsrvr.org,request,2.6-202606,False,1,1,0
p000625,thedailybeast.com,direct.adsrvr.org,request,2.6-202606,False,1,1,0
p000626,nydailynews.com,direct.adsrvr.org,request,2.6-202606,False,1,1,0
p000627,nydailynews.com,direct.adsrvr.org,request,2.6-202606,False,1,1,0
p000628,nydailynews.com,direct.adsrvr.org,request,2.6-202606,False,1,1,0
p000629,nydailynews.com,direct.adsrvr.org,request,2.6-202606,False,4,3,1
p000630,nydailynews.com,direct.adsrvr.org,request,2.6-202606,False,3,3,0
p000631,nydailynews.com,direct.adsrvr.org,request,2.6-202606,False,3,3,0
p000632,nydailynews.com,direct.adsrvr.org,request,2.6-202606,False,4,3,1
p000633,nydailynews.com,direct.adsrvr.org,request,2.6-202606,False,3,3,0
p000634,huffpost.com,direct.adsrvr.org,request,2.6-202606,False,2,1,1
p000635,huffpost.com,direct.adsrvr.org,request,2.6-202606,False,2,1,1
p000636,huffpost.com,direct.adsrvr.org,request,2.6-202606,False,2,1,1
p000637,huffpost.com,direct.adsrvr.org,request,2.6-202606,False,2,1,1
p000638,huffpost.com,direct.adsrvr.org,request,2.6-202606,False,1,1,0
p000639,huffpost.com,direct.adsrvr.org,request,2.6-202606,False,2,1,1
p000640,huffpost.com,direct.adsrvr.org,request,2.6-202606,False,1,1,0
p000641,huffpost.com,direct.adsrvr.org,request,2.6-202606,False,2,1,1
p000642,huffpost.com,direct.adsrvr.org,request,2.6-202606,False,1,1,0
p000643,thesun.co.uk,direct.adsrvr.org,request,2.6-202606,False,2,2,0
p000644,thesun.co.uk,direct.adsrvr.org,request,2.6-202606,False,2,2,0
p000645,thesun.co.uk,direct.adsrvr.org,request,2.6-202606,False,2,2,0
p000646,thesun.co.uk,direct.adsrvr.org,request,2.6-202606,False,2,2,0
p000647,thesun.co.uk,direct.adsrvr.org,request,2.6-202606,False,2,2,0
p000648,thesun.co.uk,direct.adsrvr.org,request,2.6-202606,False,3,2,1
p000649,thesun.co.uk,direct.adsrvr.org,request,2.6-202606,False,2,2,0
p000650,thesun.co.uk,direct.adsrvr.org,request,2.6-202606,False,2,2,0
p000651,thesun.co.uk,direct.adsrvr.org,request,2.6-202606,False,2,2,0
p000652,thesun.co.uk,direct.adsrvr.org,request,2.6-202606,False,3,2,1
p000653,standard.co.uk,direct.adsrvr.org,request,2.6-202606,False,4,3,1
p000654,thesun.co.uk,direct.adsrvr.org,request,2.6-202606,False,2,2,0
p000655,cbsnews.com,direct.adsrvr.org,request,2.6-202606,False,2,2,0
p000656,standard.co.uk,direct.adsrvr.org,request,2.6-202606,False,6,4,2
p000657,standard.co.uk,direct.adsrvr.org,request,2.6-202606,False,3,2,1
p000658,standard.co.uk,direct.adsrvr.org,request,2.6-202606,False,2,2,0
p000659,standard.co.uk,direct.adsrvr.org,request,2.6-202606,False,2,2,0
p000660,standard.co.uk,direct.adsrvr.org,request,2.6-202606,False,2,2,0
p000661,standard.co.uk,direct.adsrvr.org,request,2.6-202606,False,2,2,0
p000662,cbsnews.com,direct.adsrvr.org,request,2.6-202606,False,2,2,0
p000663,time.com,direct.adsrvr.org,request,2.6-202606,False,2,2,0
p000664,time.com,direct.adsrvr.org,request,2.6-202606,False,2,2,0
p000665,time.com,direct.adsrvr.org,request,2.6-202606,False,2,2,0
p000666,time.com,direct.adsrvr.org,request,2.6-202606,False,2,2,0
p000667,time.com,direct.adsrvr.org,request,2.6-202606,False,2,2,0
p000668,slate.com,direct.adsrvr.org,request,2.6-202606,False,1,1,0
p000669,time.com,direct.adsrvr.org,request,2.6-202606,False,2,2,0
p000670,time.com,direct.adsrvr.org,request,2.6-202606,False,2,2,0
p000671,slate.com,direct.adsrvr.org,request,2.6-202606,False,1,1,0
p000672,salon.com,direct.adsrvr.org,request,2.6-202606,False,1,1,0
p000673,salon.com,direct.adsrvr.org,request,2.6-202606,False,1,1,0
p000674,slate.com,direct.adsrvr.org,request,2.6-202606,False,1,1,0
p000675,salon.com,direct.adsrvr.org,request,2.6-202606,False,1,1,0
p000676,salon.com,direct.adsrvr.org,request,2.6-202606,False,1,1,0
p000677,salon.com,direct.adsrvr.org,request,2.6-202606,False,1,1,0
p000678,salon.com,direct.adsrvr.org,request,2.6-202606,False,3,2,1
p000679,salon.com,direct.adsrvr.org,request,2.6-202606,False,1,1,0
p000680,salon.com,direct.adsrvr.org,request,2.6-202606,False,3,2,1
p000681,salon.com,direct.adsrvr.org,request,2.6-202606,False,3,2,1
p000682,salon.com,direct.adsrvr.org,request,2.6-202606,False,1,1,0
p000683,salon.com,direct.adsrvr.org,request,2.6-202606,False,1,1,0
p000684,salon.com,direct.adsrvr.org,request,2.6-202606,False,1,1,0
p000685,salon.com,direct.adsrvr.org,request,2.6-202606,False,1,1,0
p000686,salon.com,direct.adsrvr.org,request,2.6-202606,False,1,1,0
p000687,salon.com,direct.adsrvr.org,request,2.6-202606,False,3,2,1
p000688,salon.com,direct.adsrvr.org,request,2.6-202606,False,3,2,1
p000689,salon.com,direct.adsrvr.org,request,2.6-202606,False,3,2,1
p000690,salon.com,direct.adsrvr.org,request,2.6-202606,False,3,2,1
p000691,salon.com,direct.adsrvr.org,request,2.6-202606,False,3,2,1
p000692,salon.com,direct.adsrvr.org,request,2.6-202606,False,3,2,1
p000693,salon.com,direct.adsrvr.org,request,2.6-202606,False,3,2,1
p000694,salon.com,direct.adsrvr.org,request,2.6-202606,False,3,2,1
p000695,engadget.com,direct.adsrvr.org,request,2.6-202606,False,1,1,0
p000696,engadget.com,direct.adsrvr.org,request,2.6-202606,False,3,2,1
p000697,engadget.com,direct.adsrvr.org,request,2.6-202606,False,3,2,1
p000698,engadget.com,direct.adsrvr.org,request,2.6-202606,False,3,2,1
p000699,techcrunch.com,direct.adsrvr.org,request,2.6-202606,False,1,1,0
p000700,techcrunch.com,direct.adsrvr.org,request,2.6-202606,False,1,1,0
p000701,techcrunch.com,direct.adsrvr.org,request,2.6-202606,False,1,1,0
p000702,techcrunch.com,direct.adsrvr.org,request,2.6-202606,False,1,1,0
p000703,engadget.com,direct.adsrvr.org,request,2.6-202606,False,1,1,0
p000704,cnet.com,direct.adsrvr.org,request,2.6-202606,False,1,1,0
p000705,engadget.com,direct.adsrvr.org,request,2.6-202606,False,3,2,1
p000706,techcrunch.com,direct.adsrvr.org,request,2.6-202606,False,1,1,0
p000707,engadget.com,direct.adsrvr.org,request,2.6-202606,False,3,2,1
p000708,engadget.com,direct.adsrvr.org,request,2.6-202606,False,3,2,1
p000709,techcrunch.com,direct.adsrvr.org,request,2.6-202606,False,1,1,0
p000710,techcrunch.com,direct.adsrvr.org,request,2.6-202606,False,1,1,0
p000711,zdnet.com,direct.adsrvr.org,request,2.6-202606,False,1,1,0
p000712,cnet.com,direct.adsrvr.org,request,2.6-202606,False,1,1,0
p000713,cnet.com,direct.adsrvr.org,request,2.6-202606,False,1,1,0
p000714,tomshardware.com,direct.adsrvr.org,request,2.6-202606,False,2,2,0
p000715,zdnet.com,direct.adsrvr.org,request,2.6-202606,False,1,1,0
p000716,zdnet.com,direct.adsrvr.org,request,2.6-202606,False,1,1,0
p000717,zdnet.com,direct.adsrvr.org,request,2.6-202606,False,2,1,1
p000718,tomsguide.com,direct.adsrvr.org,request,2.6-202606,False,2,2,0
p000719,pcmag.com,direct.adsrvr.org,request,2.6-202606,False,1,1,0
p000720,tomshardware.com,direct.adsrvr.org,request,2.6-202606,False,2,2,0
p000721,pcmag.com,direct.adsrvr.org,request,2.6-202606,False,1,1,0
p000722,pcmag.com,direct.adsrvr.org,request,2.6-202606,False,1,1,0
p000723,pcmag.com,direct.adsrvr.org,request,2.6-202606,False,1,1,0
p000724,pcmag.com,direct.adsrvr.org,request,2.6-202606,False,1,1,0
p000725,pcmag.com,direct.adsrvr.org,request,2.6-202606,False,1,1,0
p000726,androidauthority.com,direct.adsrvr.org,request,2.6-202606,False,4,3,1
p000727,androidauthority.com,direct.adsrvr.org,request,2.6-202606,False,3,3,0
p000728,androidauthority.com,direct.adsrvr.org,request,2.6-202606,False,4,3,1
p000729,androidauthority.com,direct.adsrvr.org,request,2.6-202606,False,3,3,0
p000730,macrumors.com,direct.adsrvr.org,request,2.6-202606,False,1,1,0
p000731,macrumors.com,direct.adsrvr.org,request,2.6-202606,False,1,1,0
p000732,macrumors.com,direct.adsrvr.org,request,2.6-202606,False,3,2,1
p000733,macrumors.com,direct.adsrvr.org,request,2.6-202606,False,1,1,0
p000734,macrumors.com,direct.adsrvr.org,request,2.6-202606,False,1,1,0
p000735,macrumors.com,direct.adsrvr.org,request,2.6-202606,False,1,1,0
p000736,macrumors.com,direct.adsrvr.org,request,2.6-202606,False,1,1,0
p000737,macrumors.com,direct.adsrvr.org,request,2.6-202606,False,1,1,0
p000738,macrumors.com,direct.adsrvr.org,request,2.6-202606,False,1,1,0
p000739,macrumors.com,direct.adsrvr.org,request,2.6-202606,False,1,1,0
p000740,macrumors.com,direct.adsrvr.org,request,2.6-202606,False,1,1,0
p000741,macrumors.com,direct.adsrvr.org,request,2.6-202606,False,1,1,0
p000742,macrumors.com,direct.adsrvr.org,request,2.6-202606,False,1,1,0
p000743,macrumors.com,direct.adsrvr.org,request,2.6-202606,False,1,1,0
p000744,macrumors.com,direct.adsrvr.org,request,2.6-202606,False,3,2,1
p000745,macrumors.com,direct.adsrvr.org,request,2.6-202606,False,1,1,0
p000746,macrumors.com,direct.adsrvr.org,request,2.6-202606,False,1,1,0
p000747,macrumors.com,direct.adsrvr.org,request,2.6-202606,False,1,1,0
p000748,macrumors.com,direct.adsrvr.org,request,2.6-202606,False,1,1,0
p000749,macrumors.com,direct.adsrvr.org,request,2.6-202606,False,1,1,0
p000750,macrumors.com,direct.adsrvr.org,request,2.6-202606,False,1,1,0
p000751,macrumors.com,direct.adsrvr.org,request,2.6-202606,False,1,1,0
p000752,macrumors.com,direct.adsrvr.org,request,2.6-202606,False,1,1,0
p000753,ign.com,direct.adsrvr.org,request,2.6-202606,False,1,1,0
p000754,pcgamer.com,direct.adsrvr.org,request,2.6-202606,False,4,3,1
p000755,pcgamer.com,direct.adsrvr.org,request,2.6-202606,False,2,2,0
p000756,pcgamer.com,direct.adsrvr.org,request,2.6-202606,False,2,2,0
p000757,rockpapershotgun.com,direct.adsrvr.org,request,2.6-202606,True,0,0,0
p000758,rockpapershotgun.com,direct.adsrvr.org,request,2.6-202606,True,0,0,0
p000759,rockpapershotgun.com,direct.adsrvr.org,request,2.6-202606,True,0,0,0
p000760,rockpapershotgun.com,direct.adsrvr.org,request,2.6-202606,True,0,0,0
p000761,eurogamer.net,direct.adsrvr.org,request,2.6-202606,True,0,0,0
p000762,eurogamer.net,direct.adsrvr.org,request,2.6-202606,True,0,0,0
p000763,eurogamer.net,direct.adsrvr.org,request,2.6-202606,True,0,0,0
p000764,eurogamer.net,direct.adsrvr.org,request,2.6-202606,True,0,0,0
p000765,rockpapershotgun.com,direct.adsrvr.org,request,2.6-202606,True,0,0,0
p000766,rockpapershotgun.com,direct.adsrvr.org,request,2.6-202606,True,0,0,0
p000767,rockpapershotgun.com,direct.adsrvr.org,request,2.6-202606,True,0,0,0
p000768,rockpapershotgun.com,direct.adsrvr.org,request,2.6-202606,True,0,0,0
p000769,rockpapershotgun.com,direct.adsrvr.org,request,2.6-202606,False,2,1,1
p000770,rockpapershotgun.com,direct.adsrvr.org,request,2.6-202606,True,0,0,0
p000771,vg247.com,direct.adsrvr.org,request,2.6-202606,True,0,0,0
p000772,vg247.com,direct.adsrvr.org,request,2.6-202606,True,0,0,0
p000773,eurogamer.net,direct.adsrvr.org,request,2.6-202606,True,0,0,0
p000774,eurogamer.net,direct.adsrvr.org,request,2.6-202606,True,0,0,0
p000775,eurogamer.net,direct.adsrvr.org,request,2.6-202606,True,0,0,0
p000776,eurogamer.net,direct.adsrvr.org,request,2.6-202606,False,2,1,1
p000777,vg247.com,direct.adsrvr.org,request,2.6-202606,True,0,0,0
p000778,rockpapershotgun.com,direct.adsrvr.org,request,2.6-202606,False,2,1,1
p000779,eurogamer.net,direct.adsrvr.org,request,2.6-202606,True,0,0,0
p000780,vg247.com,direct.adsrvr.org,request,2.6-202606,True,0,0,0
p000781,eurogamer.net,direct.adsrvr.org,request,2.6-202606,False,2,1,1
p000782,eurogamer.net,direct.adsrvr.org,request,2.6-202606,False,2,1,1
p000783,vg247.com,direct.adsrvr.org,request,2.6-202606,True,0,0,0
p000784,vg247.com,direct.adsrvr.org,request,2.6-202606,True,0,0,0
p000785,vg247.com,direct.adsrvr.org,request,2.6-202606,True,0,0,0
p000786,vg247.com,direct.adsrvr.org,request,2.6-202606,False,2,1,1
p000787,vg247.com,direct.adsrvr.org,request,2.6-202606,True,0,0,0
p000788,cbssports.com,direct.adsrvr.org,request,2.6-202606,False,2,2,0
p000789,sportingnews.com,direct.adsrvr.org,request,2.6-202606,False,1,1,0
p000790,si.com,direct.adsrvr.org,request,2.6-202606,False,2,1,1
p000791,si.com,direct.adsrvr.org,request,2.6-202606,False,2,1,1
p000792,cbssports.com,direct.adsrvr.org,request,2.6-202606,False,3,3,0
p000793,cbssports.com,direct.adsrvr.org,request,2.6-202606,False,4,3,1
p000794,si.com,direct.adsrvr.org,request,2.6-202606,False,1,1,0
p000795,cbssports.com,direct.adsrvr.org,request,2.6-202606,False,2,2,0
p000796,cbssports.com,direct.adsrvr.org,request,2.6-202606,False,3,3,0
p000797,cbssports.com,direct.adsrvr.org,request,2.6-202606,False,4,3,1
p000798,bleacherreport.com,direct.adsrvr.org,request,2.6-202606,True,0,0,0
p000799,bleacherreport.com,direct.adsrvr.org,request,2.6-202606,True,0,0,0
p000800,bleacherreport.com,direct.adsrvr.org,request,2.6-202606,True,0,0,0
p000801,bleacherreport.com,direct.adsrvr.org,request,2.6-202606,True,0,0,0
p000802,bleacherreport.com,direct.adsrvr.org,request,2.6-202606,True,0,0,0
p000803,bleacherreport.com,direct.adsrvr.org,request,2.6-202606,True,0,0,0
p000804,bleacherreport.com,direct.adsrvr.org,request,2.6-202606,True,0,0,0
p000805,bleacherreport.com,direct.adsrvr.org,request,2.6-202606,True,0,0,0
p000806,talksport.com,direct.adsrvr.org,request,2.6-202606,False,2,2,0
p000807,bleacherreport.com,direct.adsrvr.org,request,2.6-202606,False,1,1,0
p000808,bleacherreport.com,direct.adsrvr.org,request,2.6-202606,False,1,1,0
p000809,bleacherreport.com,direct.adsrvr.org,request,2.6-202606,False,1,1,0
p000810,bleacherreport.com,direct.adsrvr.org,request,2.6-202606,False,1,1,0
p000811,bleacherreport.com,direct.adsrvr.org,request,2.6-202606,False,1,1,0
p000812,bleacherreport.com,direct.adsrvr.org,request,2.6-202606,False,1,1,0
p000813,bleacherreport.com,direct.adsrvr.org,request,2.6-202606,False,1,1,0
p000814,bleacherreport.com,direct.adsrvr.org,request,2.6-202606,False,1,1,0
p000815,bleacherreport.com,direct.adsrvr.org,request,2.6-202606,False,1,1,0
p000816,bleacherreport.com,direct.adsrvr.org,request,2.6-202606,False,1,1,0
p000817,bleacherreport.com,direct.adsrvr.org,request,2.6-202606,False,1,1,0
p000818,talksport.com,direct.adsrvr.org,request,2.6-202606,False,2,2,0
p000819,bleacherreport.com,direct.adsrvr.org,request,2.6-202606,False,1,1,0
p000820,talksport.com,direct.adsrvr.org,request,2.6-202606,False,2,2,0
p000821,talksport.com,direct.adsrvr.org,request,2.6-202606,False,2,2,0
p000822,talksport.com,direct.adsrvr.org,request,2.6-202606,False,2,2,0
p000823,talksport.com,direct.adsrvr.org,request,2.6-202606,False,2,2,0
p000824,goal.com,direct.adsrvr.org,request,2.6-202606,False,5,5,0
p000825,weather.com,direct.adsrvr.org,request,2.6-202606,False,1,1,0
p000826,weather.com,direct.adsrvr.org,request,2.6-202606,False,1,1,0
p000827,talksport.com,direct.adsrvr.org,request,2.6-202606,False,2,2,0
p000828,talksport.com,direct.adsrvr.org,request,2.6-202606,False,2,2,0
p000829,talksport.com,direct.adsrvr.org,request,2.6-202606,False,2,2,0
p000830,talksport.com,direct.adsrvr.org,request,2.6-202606,False,2,2,0
p000831,talksport.com,direct.adsrvr.org,request,2.6-202606,False,2,2,0
p000832,talksport.com,direct.adsrvr.org,request,2.6-202606,False,2,2,0
p000833,talksport.com,direct.adsrvr.org,request,2.6-202606,False,2,2,0
p000834,talksport.com,direct.adsrvr.org,request,2.6-202606,False,2,2,0
p000835,goal.com,direct.adsrvr.org,request,2.6-202606,False,5,5,0
p000836,weather.com,direct.adsrvr.org,request,2.6-202606,False,1,1,0
p000837,weather.com,direct.adsrvr.org,request,2.6-202606,False,1,1,0
p000838,wunderground.com,direct.adsrvr.org,request,2.6-202606,False,1,1,0
p000839,wunderground.com,direct.adsrvr.org,request,2.6-202606,False,1,1,0
p000840,wunderground.com,direct.adsrvr.org,request,2.6-202606,False,3,2,1
p000841,wunderground.com,direct.adsrvr.org,request,2.6-202606,False,2,2,0
p000842,benzinga.com,direct.adsrvr.org,request,2.6-202606,False,1,1,0
p000843,benzinga.com,direct.adsrvr.org,request,2.6-202606,False,1,1,0
p000844,kiplinger.com,direct.adsrvr.org,request,2.6-202606,False,2,2,0
p000845,allrecipes.com,direct.adsrvr.org,request,2.6-202606,False,1,1,0
p000846,allrecipes.com,direct.adsrvr.org,request,2.6-202606,False,1,1,0
p000847,allrecipes.com,direct.adsrvr.org,request,2.6-202606,False,1,1,0
p000848,allrecipes.com,direct.adsrvr.org,request,2.6-202606,False,1,1,0
p000849,kiplinger.com,direct.adsrvr.org,request,2.6-202606,False,2,2,0
p000850,delish.com,direct.adsrvr.org,request,2.6-202606,False,1,1,0
p000851,delish.com,direct.adsrvr.org,request,2.6-202606,False,1,1,0
p000852,foodnetwork.com,direct.adsrvr.org,request,2.6-202606,False,1,1,0
p000853,foodnetwork.com,direct.adsrvr.org,request,2.6-202606,False,1,1,0
p000854,delish.com,direct.adsrvr.org,request,2.6-202606,False,1,1,0
p000855,tasteofhome.com,direct.adsrvr.org,request,2.6-202606,False,1,1,0
p000856,tasteofhome.com,direct.adsrvr.org,request,2.6-202606,False,1,1,0
p000857,tasteofhome.com,direct.adsrvr.org,request,2.6-202606,False,1,1,0
p000858,delish.com,direct.adsrvr.org,request,2.6-202606,False,1,1,0
p000859,simplyrecipes.com,direct.adsrvr.org,request,2.6-202606,False,1,1,0
p000860,simplyrecipes.com,direct.adsrvr.org,request,2.6-202606,False,1,1,0
p000861,tasteofhome.com,direct.adsrvr.org,request,2.6-202606,False,1,1,0
p000862,tasteofhome.com,direct.adsrvr.org,request,2.6-202606,False,4,3,1
p000863,tasteofhome.com,direct.adsrvr.org,request,2.6-202606,False,3,3,0
p000864,tasteofhome.com,direct.adsrvr.org,request,2.6-202606,False,1,1,0
p000865,tasteofhome.com,direct.adsrvr.org,request,2.6-202606,False,1,1,0
p000866,thespruceeats.com,direct.adsrvr.org,request,2.6-202606,False,1,1,0
p000867,thespruceeats.com,direct.adsrvr.org,request,2.6-202606,False,1,1,0
p000868,verywellhealth.com,direct.adsrvr.org,request,2.6-202606,False,1,1,0
p000869,verywellhealth.com,direct.adsrvr.org,request,2.6-202606,False,1,1,0
p000870,verywellhealth.com,direct.adsrvr.org,request,2.6-202606,False,1,1,0
p000871,verywellhealth.com,direct.adsrvr.org,request,2.6-202606,False,1,1,0
p000872,people.com,direct.adsrvr.org,request,2.6-202606,False,1,1,0
p000873,people.com,direct.adsrvr.org,request,2.6-202606,False,1,1,0
p000874,people.com,direct.adsrvr.org,request,2.6-202606,False,1,1,0
p000875,people.com,direct.adsrvr.org,request,2.6-202606,False,1,1,0
p000876,people.com,direct.adsrvr.org,request,2.6-202606,False,1,1,0
p000877,usmagazine.com,direct.adsrvr.org,request,2.6-202606,False,1,1,0
p000878,usmagazine.com,direct.adsrvr.org,request,2.6-202606,False,1,1,0
p000879,usmagazine.com,direct.adsrvr.org,request,2.6-202606,False,1,1,0
p000880,usmagazine.com,direct.adsrvr.org,request,2.6-202606,False,1,1,0
p000881,usmagazine.com,direct.adsrvr.org,request,2.6-202606,False,1,1,0
p000882,usmagazine.com,direct.adsrvr.org,request,2.6-202606,False,1,1,0
p000883,tmz.com,direct.adsrvr.org,request,2.6-202606,False,2,2,0
p000884,tmz.com,direct.adsrvr.org,request,2.6-202606,False,2,2,0
p000885,variety.com,direct.adsrvr.org,request,2.6-202606,False,1,1,0
p000886,variety.com,direct.adsrvr.org,request,2.6-202606,False,1,1,0
p000887,deadline.com,direct.adsrvr.org,request,2.6-202606,False,3,1,2
p000888,variety.com,direct.adsrvr.org,request,2.6-202606,False,1,1,0
p000889,hollywoodreporter.com,direct.adsrvr.org,request,2.6-202606,False,2,1,1
p000890,hollywoodreporter.com,direct.adsrvr.org,request,2.6-202606,False,2,1,1
p000891,rollingstone.com,direct.adsrvr.org,request,2.6-202606,False,1,1,0
p000892,hollywoodreporter.com,direct.adsrvr.org,request,2.6-202606,False,2,1,1
p000893,hollywoodreporter.com,direct.adsrvr.org,request,2.6-202606,False,2,1,1
p000894,hollywoodreporter.com,direct.adsrvr.org,request,2.6-202606,False,1,1,0
p000895,hollywoodreporter.com,direct.adsrvr.org,request,2.6-202606,False,1,1,0
p000896,billboard.com,direct.adsrvr.org,request,2.6-202606,False,1,1,0
p000897,billboard.com,direct.adsrvr.org,request,2.6-202606,False,2,1,1
p000898,billboard.com,direct.adsrvr.org,request,2.6-202606,False,2,1,1
p000899,rollingstone.com,direct.adsrvr.org,request,2.6-202606,False,3,1,2
p000900,rollingstone.com,direct.adsrvr.org,request,2.6-202606,False,2,1,1
p000901,billboard.com,direct.adsrvr.org,request,2.6-202606,False,2,1,1
p000902,rollingstone.com,direct.adsrvr.org,request,2.6-202606,False,2,1,1
p000903,stereogum.com,direct.adsrvr.org,request,2.6-202606,False,1,1,0
p000904,stereogum.com,direct.adsrvr.org,request,2.6-202606,False,3,2,1
p000905,billboard.com,direct.adsrvr.org,request,2.6-202606,False,3,1,2
p000906,billboard.com,direct.adsrvr.org,request,2.6-202606,False,2,1,1
p000907,billboard.com,direct.adsrvr.org,request,2.6-202606,False,1,1,0
p000908,billboard.com,direct.adsrvr.org,request,2.6-202606,False,1,1,0
p000909,stereogum.com,direct.adsrvr.org,request,2.6-202606,False,1,1,0
p000910,stereogum.com,direct.adsrvr.org,request,2.6-202606,False,3,2,1
p000911,boredpanda.com,direct.adsrvr.org,request,2.6-202606,False,4,3,1
p000912,boredpanda.com,direct.adsrvr.org,request,2.6-202606,False,3,3,0
p000913,boredpanda.com,direct.adsrvr.org,request,2.6-202606,False,4,3,1
p000914,boredpanda.com,direct.adsrvr.org,request,2.6-202606,False,3,3,0
p000915,boredpanda.com,direct.adsrvr.org,request,2.6-202606,False,1,1,0
p000916,ladbible.com,direct.adsrvr.org,request,2.6-202606,False,2,2,0
p000917,ladbible.com,direct.adsrvr.org,request,2.6-202606,False,2,2,0
p000918,ladbible.com,direct.adsrvr.org,request,2.6-202606,False,2,2,0
p000919,distractify.com,direct.adsrvr.org,request,2.6-202606,False,4,3,1
p000920,buzzfeed.com,direct.adsrvr.org,request,2.6-202606,False,1,1,0
p000921,buzzfeed.com,direct.adsrvr.org,request,2.6-202606,False,1,1,0
p000922,buzzfeed.com,direct.adsrvr.org,request,2.6-202606,False,1,1,0
p000923,unilad.com,direct.adsrvr.org,request,2.6-202606,False,2,2,0
p000924,unilad.com,direct.adsrvr.org,request,2.6-202606,False,2,2,0
p000925,unilad.com,direct.adsrvr.org,request,2.6-202606,False,2,1,1
p000926,unilad.com,direct.adsrvr.org,request,2.6-202606,False,2,1,1
p000927,buzzfeed.com,direct.adsrvr.org,request,2.6-202606,False,1,1,0
p000928,unilad.com,direct.adsrvr.org,request,2.6-202606,False,2,2,0
p000929,unilad.com,direct.adsrvr.org,request,2.6-202606,False,2,2,0
p000930,buzzfeed.com,direct.adsrvr.org,request,2.6-202606,False,1,1,0
p000931,buzzfeed.com,direct.adsrvr.org,request,2.6-202606,False,1,1,0
p000932,distractify.com,direct.adsrvr.org,request,2.6-202606,False,4,3,1
p000933,buzzfeed.com,direct.adsrvr.org,request,2.6-202606,False,1,1,0
p000934,buzzfeed.com,direct.adsrvr.org,request,2.6-202606,False,1,1,0
p000935,distractify.com,direct.adsrvr.org,request,2.6-202606,False,3,3,0
p000936,distractify.com,direct.adsrvr.org,request,2.6-202606,False,4,3,1
p000937,ranker.com,direct.adsrvr.org,request,2.6-202606,False,1,1,0
p000938,distractify.com,direct.adsrvr.org,request,2.6-202606,False,4,3,1
p000939,buzzfeed.com,direct.adsrvr.org,request,2.6-202606,False,2,1,1
p000940,buzzfeed.com,direct.adsrvr.org,request,2.6-202606,False,1,1,0
p000941,buzzfeed.com,direct.adsrvr.org,request,2.6-202606,False,1,1,0
p000942,buzzfeed.com,direct.adsrvr.org,request,2.6-202606,False,2,1,1
p000943,buzzfeed.com,direct.adsrvr.org,request,2.6-202606,False,2,1,1
p000944,buzzfeed.com,direct.adsrvr.org,request,2.6-202606,False,2,1,1
p000945,buzzfeed.com,direct.adsrvr.org,request,2.6-202606,False,2,1,1
p000946,grunge.com,direct.adsrvr.org,request,2.6-202606,False,1,1,0
p000947,ranker.com,direct.adsrvr.org,request,2.6-202606,False,1,1,0
p000948,ranker.com,direct.adsrvr.org,request,2.6-202606,False,1,1,0
p000949,ranker.com,direct.adsrvr.org,request,2.6-202606,False,3,2,1
p000950,ranker.com,direct.adsrvr.org,request,2.6-202606,False,1,1,0
p000951,ranker.com,direct.adsrvr.org,request,2.6-202606,False,1,1,0
p000952,ranker.com,direct.adsrvr.org,request,2.6-202606,False,3,2,1
p000953,ranker.com,direct.adsrvr.org,request,2.6-202606,False,3,2,1
p000954,ranker.com,direct.adsrvr.org,request,2.6-202606,False,3,2,1
p000955,ranker.com,direct.adsrvr.org,request,2.6-202606,False,3,2,1
p000956,grunge.com,direct.adsrvr.org,request,2.6-202606,False,1,1,0
p000957,grunge.com,direct.adsrvr.org,request,2.6-202606,False,3,2,1
p000958,grunge.com,direct.adsrvr.org,request,2.6-202606,False,3,2,1
p000959,grunge.com,direct.adsrvr.org,request,2.6-202606,False,1,1,0
p000960,grunge.com,direct.adsrvr.org,request,2.6-202606,False,1,1,0
p000961,grunge.com,direct.adsrvr.org,request,2.6-202606,False,1,1,0
p000962,grunge.com,direct.adsrvr.org,request,2.6-202606,False,1,1,0
p000963,grunge.com,direct.adsrvr.org,request,2.6-202606,False,1,1,0
p000964,grunge.com,direct.adsrvr.org,request,2.6-202606,False,1,1,0
p000965,grunge.com,direct.adsrvr.org,request,2.6-202606,False,3,2,1
p000966,slashfilm.com,direct.adsrvr.org,request,2.6-202606,False,1,1,0
p000967,grunge.com,direct.adsrvr.org,request,2.6-202606,False,3,2,1
p000968,slashfilm.com,direct.adsrvr.org,request,2.6-202606,False,1,1,0
p000969,slashfilm.com,direct.adsrvr.org,request,2.6-202606,False,3,2,1
p000970,mashed.com,direct.adsrvr.org,request,2.6-202606,False,1,1,0
p000971,mashed.com,direct.adsrvr.org,request,2.6-202606,False,3,2,1
p000972,sfgate.com,direct.adsrvr.org,request,2.6-202606,False,1,1,0
p000973,sfgate.com,direct.adsrvr.org,request,2.6-202606,False,2,1,1
p000974,tastingtable.com,direct.adsrvr.org,request,2.6-202606,False,1,1,0
p000975,huffpost.com,direct.adsrvr.org,response,2.6-202606,True,0,0,0
p000976,cnet.com,direct.adsrvr.org,response,2.6-202606,True,0,0,0
p000977,zdnet.com,direct.adsrvr.org,response,2.6-202606,True,0,0,0
p000978,pcmag.com,direct.adsrvr.org,response,2.6-202606,True,0,0,0
p000979,rockpapershotgun.com,direct.adsrvr.org,response,2.6-202606,True,0,0,0
p000980,rockpapershotgun.com,direct.adsrvr.org,response,2.6-202606,True,0,0,0
p000981,vg247.com,direct.adsrvr.org,response,2.6-202606,True,0,0,0
p000982,vg247.com,direct.adsrvr.org,response,2.6-202606,True,0,0,0
p000983,usatoday.com,display.bidder.taboola.com,request,2.6-202606,True,0,0,0
p000984,usatoday.com,display.bidder.taboola.com,request,2.6-202606,True,0,0,0
p000985,usatoday.com,display.bidder.taboola.com,request,2.6-202606,True,0,0,0
p000986,usatoday.com,display.bidder.taboola.com,request,2.6-202606,True,0,0,0
p000987,usatoday.com,display.bidder.taboola.com,request,2.6-202606,True,0,0,0
p000988,usatoday.com,display.bidder.taboola.com,request,2.6-202606,True,0,0,0
p000989,independent.co.uk,display.bidder.taboola.com,request,2.6-202606,False,5,4,1
p000990,cbsnews.com,display.bidder.taboola.com,request,2.6-202606,True,0,0,0
p000991,cbsnews.com,display.bidder.taboola.com,request,2.6-202606,True,0,0,0
p000992,time.com,display.bidder.taboola.com,request,2.6-202606,False,1,1,0
p000993,time.com,display.bidder.taboola.com,request,2.6-202606,False,1,1,0
p000994,time.com,display.bidder.taboola.com,request,2.6-202606,False,1,1,0
p000995,time.com,display.bidder.taboola.com,request,2.6-202606,False,1,1,0
p000996,time.com,display.bidder.taboola.com,request,2.6-202606,False,1,1,0
p000997,slate.com,display.bidder.taboola.com,request,2.6-202606,False,2,2,0
p000998,time.com,display.bidder.taboola.com,request,2.6-202606,False,1,1,0
p000999,time.com,display.bidder.taboola.com,request,2.6-202606,False,1,1,0
p001000,slate.com,display.bidder.taboola.com,request,2.6-202606,False,1,1,0
p001001,slate.com,display.bidder.taboola.com,request,2.6-202606,False,1,1,0
p001002,cbssports.com,display.bidder.taboola.com,request,2.6-202606,True,0,0,0
p001003,cbssports.com,display.bidder.taboola.com,request,2.6-202606,True,0,0,0
p001004,goal.com,display.bidder.taboola.com,request,2.6-202606,False,4,4,0
p001005,weather.com,display.bidder.taboola.com,request,2.6-202606,True,0,0,0
p001006,weather.com,display.bidder.taboola.com,request,2.6-202606,True,0,0,0
p001007,goal.com,display.bidder.taboola.com,request,2.6-202606,False,4,4,0
p001008,weather.com,display.bidder.taboola.com,request,2.6-202606,True,0,0,0
p001009,weather.com,display.bidder.taboola.com,request,2.6-202606,True,0,0,0
p001010,wunderground.com,display.bidder.taboola.com,request,2.6-202606,True,0,0,0
p001011,wunderground.com,display.bidder.taboola.com,request,2.6-202606,True,0,0,0
p001012,usatoday.com,display.bidder.taboola.com,response,2.6-202606,True,1,0,1
p001013,usatoday.com,display.bidder.taboola.com,response,2.6-202606,True,1,0,1
p001014,usatoday.com,display.bidder.taboola.com,response,2.6-202606,True,4,0,4
p001015,usatoday.com,display.bidder.taboola.com,response,2.6-202606,True,1,0,1
p001016,cbsnews.com,display.bidder.taboola.com,response,2.6-202606,True,2,0,2
p001017,slate.com,display.bidder.taboola.com,response,2.6-202606,True,1,0,1
p001018,slate.com,display.bidder.taboola.com,response,2.6-202606,True,1,0,1
p001019,cbssports.com,display.bidder.taboola.com,response,2.6-202606,True,1,0,1
p001020,weather.com,display.bidder.taboola.com,response,2.6-202606,True,1,0,1
p001021,wunderground.com,display.bidder.taboola.com,response,2.6-202606,True,2,0,2
p001022,wunderground.com,display.bidder.taboola.com,response,2.6-202606,True,1,0,1
p001023,pagesix.com,elb.the-ozone-project.com,request,2.5,False,9,9,0
p001024,nypost.com,elb.the-ozone-project.com,request,2.5,False,5,5,0
p001025,nypost.com,elb.the-ozone-project.com,request,2.5,False,2,2,0
p001026,nypost.com,elb.the-ozone-project.com,request,2.5,False,2,2,0
p001027,pagesix.com,elb.the-ozone-project.com,request,2.5,False,2,2,0
p001028,pagesix.com,elb.the-ozone-project.com,request,2.5,False,2,2,0
p001029,pagesix.com,elb.the-ozone-project.com,request,2.5,False,2,2,0
p001030,nypost.com,elb.the-ozone-project.com,request,2.5,False,2,2,0
p001031,pagesix.com,elb.the-ozone-project.com,request,2.5,False,2,2,0
p001032,pagesix.com,elb.the-ozone-project.com,request,2.5,False,5,5,0
p001033,nypost.com,elb.the-ozone-project.com,request,2.5,False,4,4,0
p001034,pagesix.com,elb.the-ozone-project.com,request,2.5,False,3,3,0
p001035,nypost.com,elb.the-ozone-project.com,request,2.5,False,2,2,0
p001036,nypost.com,elb.the-ozone-project.com,request,2.5,False,2,2,0
p001037,pagesix.com,elb.the-ozone-project.com,request,2.5,False,2,2,0
p001038,nypost.com,elb.the-ozone-project.com,request,2.5,False,3,3,0
p001039,businessinsider.com,elb.the-ozone-project.com,request,2.5,False,2,2,0
p001040,businessinsider.com,elb.the-ozone-project.com,request,2.5,False,2,2,0
p001041,businessinsider.com,elb.the-ozone-project.com,request,2.5,False,2,2,0
p001042,businessinsider.com,elb.the-ozone-project.com,request,2.5,False,2,2,0
p001043,huffpost.com,elb.the-ozone-project.com,request,2.5,False,3,3,0
p001044,huffpost.com,elb.the-ozone-project.com,request,2.5,False,5,5,0
p001045,huffpost.com,elb.the-ozone-project.com,request,2.5,False,5,5,0
p001046,huffpost.com,elb.the-ozone-project.com,request,2.5,False,3,3,0
p001047,huffpost.com,elb.the-ozone-project.com,request,2.5,False,3,3,0
p001048,independent.co.uk,elb.the-ozone-project.com,request,2.5,False,4,4,0
p001049,huffpost.com,elb.the-ozone-project.com,request,2.5,False,1,1,0
p001050,huffpost.com,elb.the-ozone-project.com,request,2.5,False,2,2,0
p001051,huffpost.com,elb.the-ozone-project.com,request,2.5,False,1,1,0
p001052,huffpost.com,elb.the-ozone-project.com,request,2.5,False,3,3,0
p001053,huffpost.com,elb.the-ozone-project.com,request,2.5,False,2,2,0
p001054,thesun.co.uk,elb.the-ozone-project.com,request,2.5,False,16,16,0
p001055,thesun.co.uk,elb.the-ozone-project.com,request,2.5,False,4,4,0
p001056,thesun.co.uk,elb.the-ozone-project.com,request,2.5,False,2,2,0
p001057,thesun.co.uk,elb.the-ozone-project.com,request,2.5,False,4,4,0
p001058,metro.co.uk,elb.the-ozone-project.com,request,2.5,False,3,3,0
p001059,metro.co.uk,elb.the-ozone-project.com,request,2.5,False,3,3,0
p001060,thesun.co.uk,elb.the-ozone-project.com,request,2.5,False,16,16,0
p001061,thesun.co.uk,elb.the-ozone-project.com,request,2.5,False,3,3,0
p001062,thesun.co.uk,elb.the-ozone-project.com,request,2.5,False,4,4,0
p001063,thesun.co.uk,elb.the-ozone-project.com,request,2.5,False,2,2,0
p001064,thesun.co.uk,elb.the-ozone-project.com,request,2.5,False,4,4,0
p001065,thesun.co.uk,elb.the-ozone-project.com,request,2.5,False,3,3,0
p001066,standard.co.uk,elb.the-ozone-project.com,request,2.5,False,4,4,0
p001067,thesun.co.uk,elb.the-ozone-project.com,request,2.5,False,4,4,0
p001068,metro.co.uk,elb.the-ozone-project.com,request,2.5,False,3,3,0
p001069,metro.co.uk,elb.the-ozone-project.com,request,2.5,False,3,3,0
p001070,standard.co.uk,elb.the-ozone-project.com,request,2.5,False,9,9,0
p001071,standard.co.uk,elb.the-ozone-project.com,request,2.5,False,1,1,0
p001072,standard.co.uk,elb.the-ozone-project.com,request,2.5,False,1,1,0
p001073,standard.co.uk,elb.the-ozone-project.com,request,2.5,False,1,1,0
p001074,standard.co.uk,elb.the-ozone-project.com,request,2.5,False,1,1,0
p001075,cnet.com,elb.the-ozone-project.com,request,2.5,False,6,6,0
p001076,zdnet.com,elb.the-ozone-project.com,request,2.5,False,4,4,0
p001077,cnet.com,elb.the-ozone-project.com,request,2.5,False,6,6,0
p001078,cnet.com,elb.the-ozone-project.com,request,2.5,False,6,6,0
p001079,zdnet.com,elb.the-ozone-project.com,request,2.5,False,6,6,0
p001080,zdnet.com,elb.the-ozone-project.com,request,2.5,False,1,1,0
p001081,zdnet.com,elb.the-ozone-project.com,request,2.5,False,3,3,0
p001082,pcmag.com,elb.the-ozone-project.com,request,2.5,False,3,3,0
p001083,pcmag.com,elb.the-ozone-project.com,request,2.5,False,5,5,0
p001084,pcmag.com,elb.the-ozone-project.com,request,2.5,False,6,6,0
p001085,pcmag.com,elb.the-ozone-project.com,request,2.5,False,6,6,0
p001086,pcmag.com,elb.the-ozone-project.com,request,2.5,False,6,6,0
p001087,pcmag.com,elb.the-ozone-project.com,request,2.5,False,4,4,0
p001088,makeuseof.com,elb.the-ozone-project.com,request,2.5,False,3,3,0
p001089,makeuseof.com,elb.the-ozone-project.com,request,2.5,False,1,1,0
p001090,cbr.com,elb.the-ozone-project.com,request,2.5,False,3,3,0
p001091,cbr.com,elb.the-ozone-project.com,request,2.5,False,1,1,0
p001092,ign.com,elb.the-ozone-project.com,request,2.5,False,4,4,0
p001093,gamespot.com,elb.the-ozone-project.com,request,2.5,False,6,6,0
p001094,gamespot.com,elb.the-ozone-project.com,request,2.5,False,2,2,0
p001095,gamespot.com,elb.the-ozone-project.com,request,2.5,False,2,2,0
p001096,gamespot.com,elb.the-ozone-project.com,request,2.5,False,2,2,0
p001097,gamespot.com,elb.the-ozone-project.com,request,2.5,False,4,4,0
p001098,rockpapershotgun.com,elb.the-ozone-project.com,request,2.5,False,3,3,0
p001099,rockpapershotgun.com,elb.the-ozone-project.com,request,2.5,False,1,1,0
p001100,rockpapershotgun.com,elb.the-ozone-project.com,request,2.5,False,1,1,0
p001101,rockpapershotgun.com,elb.the-ozone-project.com,request,2.5,False,1,1,0
p001102,eurogamer.net,elb.the-ozone-project.com,request,2.5,False,3,3,0
p001103,eurogamer.net,elb.the-ozone-project.com,request,2.5,False,1,1,0
p001104,eurogamer.net,elb.the-ozone-project.com,request,2.5,False,1,1,0
p001105,eurogamer.net,elb.the-ozone-project.com,request,2.5,False,1,1,0
p001106,eurogamer.net,elb.the-ozone-project.com,request,2.5,False,3,3,0
p001107,rockpapershotgun.com,elb.the-ozone-project.com,request,2.5,False,3,3,0
p001108,rockpapershotgun.com,elb.the-ozone-project.com,request,2.5,False,1,1,0
p001109,rockpapershotgun.com,elb.the-ozone-project.com,request,2.5,False,1,1,0
p001110,rockpapershotgun.com,elb.the-ozone-project.com,request,2.5,False,1,1,0
p001111,rockpapershotgun.com,elb.the-ozone-project.com,request,2.5,False,3,3,0
p001112,rockpapershotgun.com,elb.the-ozone-project.com,request,2.5,False,1,1,0
p001113,vg247.com,elb.the-ozone-project.com,request,2.5,False,3,3,0
p001114,vg247.com,elb.the-ozone-project.com,request,2.5,False,1,1,0
p001115,eurogamer.net,elb.the-ozone-project.com,request,2.5,False,3,3,0
p001116,eurogamer.net,elb.the-ozone-project.com,request,2.5,False,1,1,0
p001117,eurogamer.net,elb.the-ozone-project.com,request,2.5,False,1,1,0
p001118,eurogamer.net,elb.the-ozone-project.com,request,2.5,False,3,3,0
p001119,vg247.com,elb.the-ozone-project.com,request,2.5,False,1,1,0
p001120,rockpapershotgun.com,elb.the-ozone-project.com,request,2.5,False,3,3,0
p001121,eurogamer.net,elb.the-ozone-project.com,request,2.5,False,1,1,0
p001122,vg247.com,elb.the-ozone-project.com,request,2.5,False,1,1,0
p001123,eurogamer.net,elb.the-ozone-project.com,request,2.5,False,3,3,0
p001124,eurogamer.net,elb.the-ozone-project.com,request,2.5,False,3,3,0
p001125,vg247.com,elb.the-ozone-project.com,request,2.5,False,3,3,0
p001126,vg247.com,elb.the-ozone-project.com,request,2.5,False,1,1,0
p001127,vg247.com,elb.the-ozone-project.com,request,2.5,False,1,1,0
p001128,vg247.com,elb.the-ozone-project.com,request,2.5,False,1,1,0
p001129,sportingnews.com,elb.the-ozone-project.com,request,2.5,False,2,2,0
p001130,talksport.com,elb.the-ozone-project.com,request,2.5,False,2,2,0
p001131,talksport.com,elb.the-ozone-project.com,request,2.5,False,18,18,0
p001132,talksport.com,elb.the-ozone-project.com,request,2.5,False,4,4,0
p001133,talksport.com,elb.the-ozone-project.com,request,2.5,False,4,4,0
p001134,talksport.com,elb.the-ozone-project.com,request,2.5,False,4,4,0
p001135,talksport.com,elb.the-ozone-project.com,request,2.5,False,4,4,0
p001136,goal.com,elb.the-ozone-project.com,request,2.5,False,6,6,0
p001137,talksport.com,elb.the-ozone-project.com,request,2.5,False,2,2,0
p001138,talksport.com,elb.the-ozone-project.com,request,2.5,False,24,24,0
p001139,talksport.com,elb.the-ozone-project.com,request,2.5,False,2,2,0
p001140,talksport.com,elb.the-ozone-project.com,request,2.5,False,2,2,0
p001141,talksport.com,elb.the-ozone-project.com,request,2.5,False,8,8,0
p001142,talksport.com,elb.the-ozone-project.com,request,2.5,False,4,4,0
p001143,talksport.com,elb.the-ozone-project.com,request,2.5,False,4,4,0
p001144,talksport.com,elb.the-ozone-project.com,request,2.5,False,4,4,0
p001145,goal.com,elb.the-ozone-project.com,request,2.5,False,6,6,0
p001146,timeout.com,elb.the-ozone-project.com,request,2.5,False,4,4,0
p001147,boredpanda.com,elb.the-ozone-project.com,request,2.5,False,3,3,0
p001148,boredpanda.com,elb.the-ozone-project.com,request,2.5,False,3,3,0
p001149,timeout.com,elb.the-ozone-project.com,request,2.5,False,3,3,0
p001150,timeout.com,elb.the-ozone-project.com,request,2.5,False,2,2,0
p001151,timeout.com,elb.the-ozone-project.com,request,2.5,False,2,2,0
p001152,timeout.com,elb.the-ozone-project.com,request,2.5,False,2,2,0
p001153,timeout.com,elb.the-ozone-project.com,request,2.5,False,4,4,0
p001154,timeout.com,elb.the-ozone-project.com,request,2.5,False,2,2,0
p001155,boredpanda.com,elb.the-ozone-project.com,request,2.5,False,3,3,0
p001156,buzzfeed.com,elb.the-ozone-project.com,request,2.5,False,2,2,0
p001157,buzzfeed.com,elb.the-ozone-project.com,request,2.5,False,2,2,0
p001158,buzzfeed.com,elb.the-ozone-project.com,request,2.5,False,2,2,0
p001159,buzzfeed.com,elb.the-ozone-project.com,request,2.5,False,2,2,0
p001160,buzzfeed.com,elb.the-ozone-project.com,request,2.5,False,1,1,0
p001161,buzzfeed.com,elb.the-ozone-project.com,request,2.5,False,1,1,0
p001162,buzzfeed.com,elb.the-ozone-project.com,request,2.5,False,1,1,0
p001163,buzzfeed.com,elb.the-ozone-project.com,request,2.5,False,1,1,0
p001164,buzzfeed.com,elb.the-ozone-project.com,request,2.5,False,3,3,0
p001165,buzzfeed.com,elb.the-ozone-project.com,request,2.5,False,2,2,0
p001166,buzzfeed.com,elb.the-ozone-project.com,request,2.5,False,1,1,0
p001167,buzzfeed.com,elb.the-ozone-project.com,request,2.5,False,2,2,0
p001168,buzzfeed.com,elb.the-ozone-project.com,request,2.5,False,3,3,0
p001169,buzzfeed.com,elb.the-ozone-project.com,request,2.5,False,3,3,0
p001170,buzzfeed.com,elb.the-ozone-project.com,request,2.5,False,3,3,0
p001171,buzzfeed.com,elb.the-ozone-project.com,request,2.5,False,3,3,0
p001172,looper.com,elb.the-ozone-project.com,request,2.5,False,5,5,0
p001173,nypost.com,elb.the-ozone-project.com,response,2.6-202606,True,13,0,13
p001174,pagesix.com,elb.the-ozone-project.com,response,2.6-202606,True,26,0,26
p001175,nypost.com,elb.the-ozone-project.com,response,2.6-202606,True,4,0,4
p001176,pagesix.com,elb.the-ozone-project.com,response,2.6-202606,True,6,0,6
p001177,pagesix.com,elb.the-ozone-project.com,response,2.6-202606,True,7,0,7
p001178,nypost.com,elb.the-ozone-project.com,response,2.6-202606,True,6,0,6
p001179,pagesix.com,elb.the-ozone-project.com,response,2.6-202606,True,7,0,7
p001180,pagesix.com,elb.the-ozone-project.com,response,2.6-202606,True,6,0,6
p001181,nypost.com,elb.the-ozone-project.com,response,2.6-202606,True,4,0,4
p001182,pagesix.com,elb.the-ozone-project.com,response,2.6-202606,True,12,0,12
p001183,nypost.com,elb.the-ozone-project.com,response,2.6-202606,True,10,0,10
p001184,nypost.com,elb.the-ozone-project.com,response,2.6-202606,True,3,0,3
p001185,nypost.com,elb.the-ozone-project.com,response,2.6-202606,True,4,0,4
p001186,pagesix.com,elb.the-ozone-project.com,response,2.6-202606,True,5,0,5
p001187,businessinsider.com,elb.the-ozone-project.com,response,2.6-202606,True,1,0,1
p001188,businessinsider.com,elb.the-ozone-project.com,response,2.6-202606,True,1,0,1
p001189,businessinsider.com,elb.the-ozone-project.com,response,2.6-202606,True,1,0,1
p001190,businessinsider.com,elb.the-ozone-project.com,response,2.6-202606,True,1,0,1
p001191,huffpost.com,elb.the-ozone-project.com,response,2.6-202606,True,0,0,0
p001192,huffpost.com,elb.the-ozone-project.com,response,2.6-202606,True,0,0,0
p001193,huffpost.com,elb.the-ozone-project.com,response,2.6-202606,True,0,0,0
p001194,huffpost.com,elb.the-ozone-project.com,response,2.6-202606,True,0,0,0
p001195,huffpost.com,elb.the-ozone-project.com,response,2.6-202606,True,0,0,0
p001196,independent.co.uk,elb.the-ozone-project.com,response,2.6-202606,True,0,0,0
p001197,huffpost.com,elb.the-ozone-project.com,response,2.6-202606,True,0,0,0
p001198,huffpost.com,elb.the-ozone-project.com,response,2.6-202606,True,0,0,0
p001199,huffpost.com,elb.the-ozone-project.com,response,2.6-202606,True,0,0,0
p001200,huffpost.com,elb.the-ozone-project.com,response,2.6-202606,True,1,0,1
p001201,huffpost.com,elb.the-ozone-project.com,response,2.6-202606,True,0,0,0
p001202,thesun.co.uk,elb.the-ozone-project.com,response,2.6-202606,True,1,0,1
p001203,metro.co.uk,elb.the-ozone-project.com,response,2.6-202606,True,1,0,1
p001204,metro.co.uk,elb.the-ozone-project.com,response,2.6-202606,True,2,0,2
p001205,thesun.co.uk,elb.the-ozone-project.com,response,2.6-202606,True,1,0,1
p001206,standard.co.uk,elb.the-ozone-project.com,response,2.6-202606,True,1,0,1
p001207,metro.co.uk,elb.the-ozone-project.com,response,2.6-202606,True,2,0,2
p001208,metro.co.uk,elb.the-ozone-project.com,response,2.6-202606,True,1,0,1
p001209,standard.co.uk,elb.the-ozone-project.com,response,2.6-202606,True,1,0,1
p001210,standard.co.uk,elb.the-ozone-project.com,response,2.6-202606,True,0,0,0
p001211,standard.co.uk,elb.the-ozone-project.com,response,2.6-202606,True,0,0,0
p001212,standard.co.uk,elb.the-ozone-project.com,response,2.6-202606,True,0,0,0
p001213,standard.co.uk,elb.the-ozone-project.com,response,2.6-202606,True,0,0,0
p001214,cnet.com,elb.the-ozone-project.com,response,2.6-202606,True,0,0,0
p001215,zdnet.com,elb.the-ozone-project.com,response,2.6-202606,True,0,0,0
p001216,cnet.com,elb.the-ozone-project.com,response,2.6-202606,True,1,0,1
p001217,cnet.com,elb.the-ozone-project.com,response,2.6-202606,True,0,0,0
p001218,zdnet.com,elb.the-ozone-project.com,response,2.6-202606,True,0,0,0
p001219,zdnet.com,elb.the-ozone-project.com,response,2.6-202606,True,0,0,0
p001220,zdnet.com,elb.the-ozone-project.com,response,2.6-202606,True,0,0,0
p001221,pcmag.com,elb.the-ozone-project.com,response,2.6-202606,True,0,0,0
p001222,pcmag.com,elb.the-ozone-project.com,response,2.6-202606,True,0,0,0
p001223,pcmag.com,elb.the-ozone-project.com,response,2.6-202606,True,0,0,0
p001224,pcmag.com,elb.the-ozone-project.com,response,2.6-202606,True,0,0,0
p001225,pcmag.com,elb.the-ozone-project.com,response,2.6-202606,True,0,0,0
p001226,pcmag.com,elb.the-ozone-project.com,response,2.6-202606,True,0,0,0
p001227,makeuseof.com,elb.the-ozone-project.com,response,2.6-202606,True,0,0,0
p001228,makeuseof.com,elb.the-ozone-project.com,response,2.6-202606,True,1,0,1
p001229,cbr.com,elb.the-ozone-project.com,response,2.6-202606,True,0,0,0
p001230,cbr.com,elb.the-ozone-project.com,response,2.6-202606,True,0,0,0
p001231,ign.com,elb.the-ozone-project.com,response,2.6-202606,True,0,0,0
p001232,gamespot.com,elb.the-ozone-project.com,response,2.6-202606,True,0,0,0
p001233,gamespot.com,elb.the-ozone-project.com,response,2.6-202606,True,0,0,0
p001234,gamespot.com,elb.the-ozone-project.com,response,2.6-202606,True,0,0,0
p001235,rockpapershotgun.com,elb.the-ozone-project.com,response,2.6-202606,True,1,0,1
p001236,rockpapershotgun.com,elb.the-ozone-project.com,response,2.6-202606,True,3,0,3
p001237,rockpapershotgun.com,elb.the-ozone-project.com,response,2.6-202606,True,1,0,1
p001238,rockpapershotgun.com,elb.the-ozone-project.com,response,2.6-202606,True,0,0,0
p001239,eurogamer.net,elb.the-ozone-project.com,response,2.6-202606,True,0,0,0
p001240,eurogamer.net,elb.the-ozone-project.com,response,2.6-202606,True,1,0,1
p001241,eurogamer.net,elb.the-ozone-project.com,response,2.6-202606,True,0,0,0
p001242,eurogamer.net,elb.the-ozone-project.com,response,2.6-202606,True,0,0,0
p001243,eurogamer.net,elb.the-ozone-project.com,response,2.6-202606,True,0,0,0
p001244,rockpapershotgun.com,elb.the-ozone-project.com,response,2.6-202606,True,0,0,0
p001245,rockpapershotgun.com,elb.the-ozone-project.com,response,2.6-202606,True,1,0,1
p001246,rockpapershotgun.com,elb.the-ozone-project.com,response,2.6-202606,True,0,0,0
p001247,rockpapershotgun.com,elb.the-ozone-project.com,response,2.6-202606,True,0,0,0
p001248,rockpapershotgun.com,elb.the-ozone-project.com,response,2.6-202606,True,0,0,0
p001249,rockpapershotgun.com,elb.the-ozone-project.com,response,2.6-202606,True,0,0,0
p001250,vg247.com,elb.the-ozone-project.com,response,2.6-202606,True,1,0,1
p001251,vg247.com,elb.the-ozone-project.com,response,2.6-202606,True,3,0,3
p001252,eurogamer.net,elb.the-ozone-project.com,response,2.6-202606,True,3,0,3
p001253,eurogamer.net,elb.the-ozone-project.com,response,2.6-202606,True,0,0,0
p001254,eurogamer.net,elb.the-ozone-project.com,response,2.6-202606,True,0,0,0
p001255,eurogamer.net,elb.the-ozone-project.com,response,2.6-202606,True,0,0,0
p001256,vg247.com,elb.the-ozone-project.com,response,2.6-202606,True,0,0,0
p001257,rockpapershotgun.com,elb.the-ozone-project.com,response,2.6-202606,True,0,0,0
p001258,eurogamer.net,elb.the-ozone-project.com,response,2.6-202606,True,1,0,1
p001259,vg247.com,elb.the-ozone-project.com,response,2.6-202606,True,0,0,0
p001260,eurogamer.net,elb.the-ozone-project.com,response,2.6-202606,True,0,0,0
p001261,eurogamer.net,elb.the-ozone-project.com,response,2.6-202606,True,0,0,0
p001262,vg247.com,elb.the-ozone-project.com,response,2.6-202606,True,0,0,0
p001263,vg247.com,elb.the-ozone-project.com,response,2.6-202606,True,0,0,0
p001264,vg247.com,elb.the-ozone-project.com,response,2.6-202606,True,0,0,0
p001265,vg247.com,elb.the-ozone-project.com,response,2.6-202606,True,0,0,0
p001266,sportingnews.com,elb.the-ozone-project.com,response,2.6-202606,True,1,0,1
p001267,talksport.com,elb.the-ozone-project.com,response,2.6-202606,True,1,0,1
p001268,goal.com,elb.the-ozone-project.com,response,2.6-202606,True,1,0,1
p001269,talksport.com,elb.the-ozone-project.com,response,2.6-202606,True,2,0,2
p001270,talksport.com,elb.the-ozone-project.com,response,2.6-202606,True,12,0,12
p001271,talksport.com,elb.the-ozone-project.com,response,2.6-202606,True,4,0,4
p001272,goal.com,elb.the-ozone-project.com,response,2.6-202606,True,1,0,1
p001273,timeout.com,elb.the-ozone-project.com,response,2.6-202606,True,0,0,0
p001274,boredpanda.com,elb.the-ozone-project.com,response,2.6-202606,True,0,0,0
p001275,boredpanda.com,elb.the-ozone-project.com,response,2.6-202606,True,0,0,0
p001276,timeout.com,elb.the-ozone-project.com,response,2.6-202606,True,0,0,0
p001277,timeout.com,elb.the-ozone-project.com,response,2.6-202606,True,0,0,0
p001278,timeout.com,elb.the-ozone-project.com,response,2.6-202606,True,0,0,0
p001279,timeout.com,elb.the-ozone-project.com,response,2.6-202606,True,0,0,0
p001280,timeout.com,elb.the-ozone-project.com,response,2.6-202606,True,0,0,0
p001281,timeout.com,elb.the-ozone-project.com,response,2.6-202606,True,0,0,0
p001282,boredpanda.com,elb.the-ozone-project.com,response,2.6-202606,True,0,0,0
p001283,buzzfeed.com,elb.the-ozone-project.com,response,2.6-202606,True,1,0,1
p001284,buzzfeed.com,elb.the-ozone-project.com,response,2.6-202606,True,1,0,1
p001285,buzzfeed.com,elb.the-ozone-project.com,response,2.6-202606,True,1,0,1
p001286,buzzfeed.com,elb.the-ozone-project.com,response,2.6-202606,True,1,0,1
p001287,buzzfeed.com,elb.the-ozone-project.com,response,2.6-202606,True,0,0,0
p001288,buzzfeed.com,elb.the-ozone-project.com,response,2.6-202606,True,0,0,0
p001289,buzzfeed.com,elb.the-ozone-project.com,response,2.6-202606,True,1,0,1
p001290,buzzfeed.com,elb.the-ozone-project.com,response,2.6-202606,True,1,0,1
p001291,buzzfeed.com,elb.the-ozone-project.com,response,2.6-202606,True,0,0,0
p001292,buzzfeed.com,elb.the-ozone-project.com,response,2.6-202606,True,0,0,0
p001293,buzzfeed.com,elb.the-ozone-project.com,response,2.6-202606,True,0,0,0
p001294,buzzfeed.com,elb.the-ozone-project.com,response,2.6-202606,True,0,0,0
p001295,buzzfeed.com,elb.the-ozone-project.com,response,2.6-202606,True,0,0,0
p001296,buzzfeed.com,elb.the-ozone-project.com,response,2.6-202606,True,1,0,1
p001297,buzzfeed.com,elb.the-ozone-project.com,response,2.6-202606,True,0,0,0
p001298,looper.com,elb.the-ozone-project.com,response,2.6-202606,True,0,0,0
p001299,dexerto.com,ex.ingage.tech,request,2.6-202606,False,1,1,0
p001300,dexerto.com,ex.ingage.tech,request,2.6-202606,False,1,1,0
p001301,dexerto.com,ex.ingage.tech,request,2.6-202606,False,1,1,0
p001302,dexerto.com,ex.ingage.tech,request,2.6-202606,False,1,1,0
p001303,dexerto.com,ex.ingage.tech,request,2.6-202606,False,1,1,0
p001304,boredpanda.com,ex.ingage.tech,request,2.6-202606,False,2,2,0
p001305,unilad.com,ex.ingage.tech,request,2.6-202606,False,5,3,2
p001306,unilad.com,ex.ingage.tech,request,2.6-202606,False,5,3,2
p001307,time.com,exchange.postrelease.com,request,2.6-202606,False,1,1,0
p001308,time.com,exchange.postrelease.com,request,2.6-202606,False,1,1,0
p001309,time.com,exchange.postrelease.com,request,2.6-202606,False,1,1,0
p001310,time.com,exchange.postrelease.com,request,2.6-202606,False,1,1,0
p001311,time.com,exchange.postrelease.com,request,2.6-202606,False,1,1,0
p001312,time.com,exchange.postrelease.com,request,2.6-202606,False,1,1,0
p001313,time.com,exchange.postrelease.com,request,2.6-202606,False,1,1,0
p001314,salon.com,exchange.postrelease.com,request,2.6-202606,True,0,0,0
p001315,salon.com,exchange.postrelease.com,request,2.6-202606,True,0,0,0
p001316,salon.com,exchange.postrelease.com,request,2.6-202606,True,0,0,0
p001317,salon.com,exchange.postrelease.com,request,2.6-202606,True,0,0,0
p001318,salon.com,exchange.postrelease.com,request,2.6-202606,True,0,0,0
p001319,salon.com,exchange.postrelease.com,request,2.6-202606,True,0,0,0
p001320,salon.com,exchange.postrelease.com,request,2.6-202606,True,0,0,0
p001321,salon.com,exchange.postrelease.com,request,2.6-202606,True,0,0,0
p001322,salon.com,exchange.postrelease.com,request,2.6-202606,True,0,0,0
p001323,salon.com,exchange.postrelease.com,request,2.6-202606,True,0,0,0
p001324,salon.com,exchange.postrelease.com,request,2.6-202606,True,0,0,0
p001325,engadget.com,exchange.postrelease.com,request,2.6-202606,True,0,0,0
p001326,engadget.com,exchange.postrelease.com,request,2.6-202606,True,0,0,0
p001327,macrumors.com,exchange.postrelease.com,request,2.6-202606,True,0,0,0
p001328,macrumors.com,exchange.postrelease.com,request,2.6-202606,True,0,0,0
p001329,macrumors.com,exchange.postrelease.com,request,2.6-202606,True,0,0,0
p001330,macrumors.com,exchange.postrelease.com,request,2.6-202606,True,0,0,0
p001331,macrumors.com,exchange.postrelease.com,request,2.6-202606,True,0,0,0
p001332,macrumors.com,exchange.postrelease.com,request,2.6-202606,True,0,0,0
p001333,macrumors.com,exchange.postrelease.com,request,2.6-202606,True,0,0,0
p001334,macrumors.com,exchange.postrelease.com,request,2.6-202606,True,0,0,0
p001335,macrumors.com,exchange.postrelease.com,request,2.6-202606,True,0,0,0
p001336,macrumors.com,exchange.postrelease.com,request,2.6-202606,True,0,0,0
p001337,macrumors.com,exchange.postrelease.com,request,2.6-202606,True,0,0,0
p001338,macrumors.com,exchange.postrelease.com,request,2.6-202606,True,0,0,0
p001339,macrumors.com,exchange.postrelease.com,request,2.6-202606,True,0,0,0
p001340,macrumors.com,exchange.postrelease.com,request,2.6-202606,True,0,0,0
p001341,macrumors.com,exchange.postrelease.com,request,2.6-202606,True,0,0,0
p001342,macrumors.com,exchange.postrelease.com,request,2.6-202606,True,0,0,0
p001343,macrumors.com,exchange.postrelease.com,request,2.6-202606,True,0,0,0
p001344,macrumors.com,exchange.postrelease.com,request,2.6-202606,True,0,0,0
p001345,macrumors.com,exchange.postrelease.com,request,2.6-202606,True,0,0,0
p001346,macrumors.com,exchange.postrelease.com,request,2.6-202606,True,0,0,0
p001347,macrumors.com,exchange.postrelease.com,request,2.6-202606,True,0,0,0
p001348,si.com,exchange.postrelease.com,request,2.6-202606,True,0,0,0
p001349,benzinga.com,exchange.postrelease.com,request,2.6-202606,True,0,0,0
p001350,benzinga.com,exchange.postrelease.com,request,2.6-202606,True,0,0,0
p001351,stereogum.com,exchange.postrelease.com,request,2.6-202606,True,0,0,0
p001352,stereogum.com,exchange.postrelease.com,request,2.6-202606,True,0,0,0
p001353,stereogum.com,exchange.postrelease.com,request,2.6-202606,True,0,0,0
p001354,ranker.com,exchange.postrelease.com,request,2.6-202606,True,0,0,0
p001355,grunge.com,exchange.postrelease.com,request,2.6-202606,True,0,0,0
p001356,ranker.com,exchange.postrelease.com,request,2.6-202606,True,0,0,0
p001357,ranker.com,exchange.postrelease.com,request,2.6-202606,True,0,0,0
p001358,ranker.com,exchange.postrelease.com,request,2.6-202606,True,0,0,0
p001359,ranker.com,exchange.postrelease.com,request,2.6-202606,True,0,0,0
p001360,ranker.com,exchange.postrelease.com,request,2.6-202606,True,0,0,0
p001361,grunge.com,exchange.postrelease.com,request,2.6-202606,True,0,0,0
p001362,grunge.com,exchange.postrelease.com,request,2.6-202606,True,0,0,0
p001363,grunge.com,exchange.postrelease.com,request,2.6-202606,True,0,0,0
p001364,grunge.com,exchange.postrelease.com,request,2.6-202606,True,0,0,0
p001365,grunge.com,exchange.postrelease.com,request,2.6-202606,True,0,0,0
p001366,grunge.com,exchange.postrelease.com,request,2.6-202606,True,0,0,0
p001367,grunge.com,exchange.postrelease.com,request,2.6-202606,True,0,0,0
p001368,slashfilm.com,exchange.postrelease.com,request,2.6-202606,True,0,0,0
p001369,slashfilm.com,exchange.postrelease.com,request,2.6-202606,True,0,0,0
p001370,mashed.com,exchange.postrelease.com,request,2.6-202606,True,0,0,0
p001371,tastingtable.com,exchange.postrelease.com,request,2.6-202606,True,0,0,0
p001372,time.com,exchange.postrelease.com,response,2.6-202606,False,1,1,0
p001373,time.com,exchange.postrelease.com,response,2.6-202606,False,1,1,0
p001374,independent.co.uk,fast.nexx360.io,request,2.6-202606,False,2,1,1
p001375,sportingnews.com,fast.nexx360.io,request,2.6-202606,True,0,0,0
p001376,usmagazine.com,fast.nexx360.io,request,2.6-202606,True,0,0,0
p001377,usmagazine.com,fast.nexx360.io,request,2.6-202606,True,0,0,0
p001378,usmagazine.com,fast.nexx360.io,request,2.6-202606,True,0,0,0
p001379,usmagazine.com,fast.nexx360.io,request,2.6-202606,True,0,0,0
p001380,usmagazine.com,fast.nexx360.io,request,2.6-202606,True,0,0,0
p001381,usmagazine.com,fast.nexx360.io,request,2.6-202606,True,0,0,0
p001382,boredpanda.com,fast.nexx360.io,request,2.6-202606,False,1,1,0
p001383,boredpanda.com,fast.nexx360.io,request,2.6-202606,False,1,1,0
p001384,ladbible.com,fast.nexx360.io,request,2.6-202606,False,1,1,0
p001385,ladbible.com,fast.nexx360.io,request,2.6-202606,False,1,1,0
p001386,unilad.com,fast.nexx360.io,request,2.6-202606,False,1,1,0
p001387,unilad.com,fast.nexx360.io,request,2.6-202606,False,1,1,0
p001388,unilad.com,fast.nexx360.io,request,2.6-202606,False,1,1,0
p001389,unilad.com,fast.nexx360.io,request,2.6-202606,False,1,1,0
p001390,unilad.com,fast.nexx360.io,request,2.6-202606,True,1,0,1
p001391,unilad.com,fast.nexx360.io,request,2.6-202606,True,1,0,1
p001392,unilad.com,fast.nexx360.io,request,2.6-202606,False,1,1,0
p001393,unilad.com,fast.nexx360.io,request,2.6-202606,False,1,1,0
p001394,unilad.com,fast.nexx360.io,request,2.6-202606,False,1,1,0
p001395,unilad.com,fast.nexx360.io,request,2.6-202606,False,1,1,0
p001396,independent.co.uk,fast.nexx360.io,response,2.6-202606,True,3,0,3
p001397,sportingnews.com,fast.nexx360.io,response,2.6-202606,True,1,0,1
p001398,usmagazine.com,fast.nexx360.io,response,2.6-202606,True,4,0,4
p001399,usmagazine.com,fast.nexx360.io,response,2.6-202606,True,2,0,2
p001400,usmagazine.com,fast.nexx360.io,response,2.6-202606,True,9,0,9
p001401,usmagazine.com,fast.nexx360.io,response,2.6-202606,True,3,0,3
p001402,usmagazine.com,fast.nexx360.io,response,2.6-202606,False,1,1,0
p001403,usmagazine.com,fast.nexx360.io,response,2.6-202606,True,1,0,1
p001404,boredpanda.com,fast.nexx360.io,response,2.6-202606,False,1,1,0
p001405,boredpanda.com,fast.nexx360.io,response,2.6-202606,False,1,1,0
p001406,ladbible.com,fast.nexx360.io,response,2.6-202606,False,1,1,0
p001407,ladbible.com,fast.nexx360.io,response,2.6-202606,True,1,0,1
p001408,unilad.com,fast.nexx360.io,response,2.6-202606,False,1,1,0
p001409,unilad.com,fast.nexx360.io,response,2.6-202606,False,1,1,0
p001410,unilad.com,fast.nexx360.io,response,2.6-202606,False,1,1,0
p001411,unilad.com,fast.nexx360.io,response,2.6-202606,True,1,0,1
p001412,unilad.com,fast.nexx360.io,response,2.6-202606,False,1,1,0
p001413,unilad.com,fast.nexx360.io,response,2.6-202606,False,1,1,0
p001414,unilad.com,fast.nexx360.io,response,2.6-202606,False,1,1,0
p001415,unilad.com,fast.nexx360.io,response,2.6-202606,False,1,1,0
p001416,unilad.com,fast.nexx360.io,response,2.6-202606,False,1,1,0
p001417,unilad.com,fast.nexx360.io,response,2.6-202606,False,1,1,0
p001418,businessinsider.com,fastlane.rubiconproject.com,request,2.6-202606,True,0,0,0
p001419,businessinsider.com,fastlane.rubiconproject.com,request,2.6-202606,True,0,0,0
p001420,businessinsider.com,fastlane.rubiconproject.com,request,2.6-202606,True,0,0,0
p001421,businessinsider.com,fastlane.rubiconproject.com,request,2.6-202606,True,0,0,0
p001422,huffpost.com,fastlane.rubiconproject.com,request,2.6-202606,True,0,0,0
p001423,huffpost.com,fastlane.rubiconproject.com,request,2.6-202606,True,1,0,1
p001424,huffpost.com,fastlane.rubiconproject.com,request,2.6-202606,True,0,0,0
p001425,huffpost.com,fastlane.rubiconproject.com,request,2.6-202606,True,1,0,1
p001426,huffpost.com,fastlane.rubiconproject.com,request,2.6-202606,True,1,0,1
p001427,huffpost.com,fastlane.rubiconproject.com,request,2.6-202606,True,0,0,0
p001428,huffpost.com,fastlane.rubiconproject.com,request,2.6-202606,True,1,0,1
p001429,huffpost.com,fastlane.rubiconproject.com,request,2.6-202606,True,0,0,0
p001430,huffpost.com,fastlane.rubiconproject.com,request,2.6-202606,True,0,0,0
p001431,huffpost.com,fastlane.rubiconproject.com,request,2.6-202606,True,1,0,1
p001432,huffpost.com,fastlane.rubiconproject.com,request,2.6-202606,True,0,0,0
p001433,huffpost.com,fastlane.rubiconproject.com,request,2.6-202606,True,0,0,0
p001434,huffpost.com,fastlane.rubiconproject.com,request,2.6-202606,True,1,0,1
p001435,huffpost.com,fastlane.rubiconproject.com,request,2.6-202606,True,0,0,0
p001436,huffpost.com,fastlane.rubiconproject.com,request,2.6-202606,True,0,0,0
p001437,nbcnews.com,fastlane.rubiconproject.com,request,2.6-202606,True,0,0,0
p001438,abcnews.go.com,fastlane.rubiconproject.com,request,2.6-202606,True,0,0,0
p001439,nbcnews.com,fastlane.rubiconproject.com,request,2.6-202606,True,0,0,0
p001440,abcnews.go.com,fastlane.rubiconproject.com,request,2.6-202606,True,0,0,0
p001441,vox.com,fastlane.rubiconproject.com,request,2.6-202606,True,0,0,0
p001442,vox.com,fastlane.rubiconproject.com,request,2.6-202606,True,0,0,0
p001443,theverge.com,fastlane.rubiconproject.com,request,2.6-202606,True,0,0,0
p001444,theverge.com,fastlane.rubiconproject.com,request,2.6-202606,True,0,0,0
p001445,theverge.com,fastlane.rubiconproject.com,request,2.6-202606,True,0,0,0
p001446,vox.com,fastlane.rubiconproject.com,request,2.6-202606,True,0,0,0
p001447,vox.com,fastlane.rubiconproject.com,request,2.6-202606,True,0,0,0
p001448,vox.com,fastlane.rubiconproject.com,request,2.6-202606,True,0,0,0
p001449,vox.com,fastlane.rubiconproject.com,request,2.6-202606,True,0,0,0
p001450,theverge.com,fastlane.rubiconproject.com,request,2.6-202606,True,0,0,0
p001451,theverge.com,fastlane.rubiconproject.com,request,2.6-202606,True,0,0,0
p001452,vox.com,fastlane.rubiconproject.com,request,2.6-202606,True,0,0,0
p001453,vox.com,fastlane.rubiconproject.com,request,2.6-202606,True,0,0,0
p001454,vox.com,fastlane.rubiconproject.com,request,2.6-202606,True,0,0,0
p001455,vox.com,fastlane.rubiconproject.com,request,2.6-202606,True,0,0,0
p001456,vox.com,fastlane.rubiconproject.com,request,2.6-202606,True,0,0,0
p001457,vox.com,fastlane.rubiconproject.com,request,2.6-202606,True,0,0,0
p001458,vox.com,fastlane.rubiconproject.com,request,2.6-202606,True,0,0,0
p001459,theverge.com,fastlane.rubiconproject.com,request,2.6-202606,True,0,0,0
p001460,theverge.com,fastlane.rubiconproject.com,request,2.6-202606,True,0,0,0
p001461,theverge.com,fastlane.rubiconproject.com,request,2.6-202606,True,0,0,0
p001462,theverge.com,fastlane.rubiconproject.com,request,2.6-202606,True,0,0,0
p001463,theverge.com,fastlane.rubiconproject.com,request,2.6-202606,True,0,0,0
p001464,bleacherreport.com,fastlane.rubiconproject.com,request,2.6-202606,True,0,0,0
p001465,bleacherreport.com,fastlane.rubiconproject.com,request,2.6-202606,True,0,0,0
p001466,bleacherreport.com,fastlane.rubiconproject.com,request,2.6-202606,True,0,0,0
p001467,bleacherreport.com,fastlane.rubiconproject.com,request,2.6-202606,True,0,0,0
p001468,bleacherreport.com,fastlane.rubiconproject.com,request,2.6-202606,True,0,0,0
p001469,bleacherreport.com,fastlane.rubiconproject.com,request,2.6-202606,True,0,0,0
p001470,bleacherreport.com,fastlane.rubiconproject.com,request,2.6-202606,True,0,0,0
p001471,bleacherreport.com,fastlane.rubiconproject.com,request,2.6-202606,True,0,0,0
p001472,bleacherreport.com,fastlane.rubiconproject.com,request,2.6-202606,True,0,0,0
p001473,bleacherreport.com,fastlane.rubiconproject.com,request,2.6-202606,True,0,0,0
p001474,bleacherreport.com,fastlane.rubiconproject.com,request,2.6-202606,True,0,0,0
p001475,bleacherreport.com,fastlane.rubiconproject.com,request,2.6-202606,True,0,0,0
p001476,bleacherreport.com,fastlane.rubiconproject.com,request,2.6-202606,True,0,0,0
p001477,bleacherreport.com,fastlane.rubiconproject.com,request,2.6-202606,True,0,0,0
p001478,bleacherreport.com,fastlane.rubiconproject.com,request,2.6-202606,True,0,0,0
p001479,bleacherreport.com,fastlane.rubiconproject.com,request,2.6-202606,True,0,0,0
p001480,bleacherreport.com,fastlane.rubiconproject.com,request,2.6-202606,True,0,0,0
p001481,bleacherreport.com,fastlane.rubiconproject.com,request,2.6-202606,True,0,0,0
p001482,bleacherreport.com,fastlane.rubiconproject.com,request,2.6-202606,True,0,0,0
p001483,bleacherreport.com,fastlane.rubiconproject.com,request,2.6-202606,True,0,0,0
p001484,weather.com,fastlane.rubiconproject.com,request,2.6-202606,True,0,0,0
p001485,weather.com,fastlane.rubiconproject.com,request,2.6-202606,True,0,0,0
p001486,weather.com,fastlane.rubiconproject.com,request,2.6-202606,True,0,0,0
p001487,weather.com,fastlane.rubiconproject.com,request,2.6-202606,True,0,0,0
p001488,wunderground.com,fastlane.rubiconproject.com,request,2.6-202606,True,0,0,0
p001489,wunderground.com,fastlane.rubiconproject.com,request,2.6-202606,True,0,0,0
p001490,delish.com,fastlane.rubiconproject.com,request,2.6-202606,True,0,0,0
p001491,delish.com,fastlane.rubiconproject.com,request,2.6-202606,True,0,0,0
p001492,foodnetwork.com,fastlane.rubiconproject.com,request,2.6-202606,True,0,0,0
p001493,foodnetwork.com,fastlane.rubiconproject.com,request,2.6-202606,True,0,0,0
p001494,delish.com,fastlane.rubiconproject.com,request,2.6-202606,True,0,0,0
p001495,delish.com,fastlane.rubiconproject.com,request,2.6-202606,True,0,0,0
p001496,eonline.com,fastlane.rubiconproject.com,request,2.6-202606,True,0,0,0
p001497,eonline.com,fastlane.rubiconproject.com,request,2.6-202606,True,0,0,0
p001498,eonline.com,fastlane.rubiconproject.com,request,2.6-202606,True,0,0,0
p001499,eonline.com,fastlane.rubiconproject.com,request,2.6-202606,True,0,0,0
p001500,eonline.com,fastlane.rubiconproject.com,request,2.6-202606,True,0,0,0
p001501,eonline.com,fastlane.rubiconproject.com,request,2.6-202606,True,0,0,0
p001502,eonline.com,fastlane.rubiconproject.com,request,2.6-202606,True,0,0,0
p001503,thrillist.com,fastlane.rubiconproject.com,request,2.6-202606,True,0,0,0
p001504,thrillist.com,fastlane.rubiconproject.com,request,2.6-202606,True,0,0,0
p001505,thrillist.com,fastlane.rubiconproject.com,request,2.6-202606,True,0,0,0
p001506,thrillist.com,fastlane.rubiconproject.com,request,2.6-202606,True,0,0,0
p001507,thrillist.com,fastlane.rubiconproject.com,request,2.6-202606,True,0,0,0
p001508,thrillist.com,fastlane.rubiconproject.com,request,2.6-202606,True,0,0,0
p001509,thrillist.com,fastlane.rubiconproject.com,request,2.6-202606,True,0,0,0
p001510,thrillist.com,fastlane.rubiconproject.com,request,2.6-202606,True,0,0,0
p001511,timeout.com,fastlane.rubiconproject.com,request,2.6-202606,False,2,1,1
p001512,timeout.com,fastlane.rubiconproject.com,request,2.6-202606,False,2,1,1
p001513,timeout.com,fastlane.rubiconproject.com,request,2.6-202606,False,1,1,0
p001514,thrillist.com,fastlane.rubiconproject.com,request,2.6-202606,True,0,0,0
p001515,thrillist.com,fastlane.rubiconproject.com,request,2.6-202606,True,0,0,0
p001516,timeout.com,fastlane.rubiconproject.com,request,2.6-202606,False,2,1,1
p001517,timeout.com,fastlane.rubiconproject.com,request,2.6-202606,True,0,0,0
p001518,timeout.com,fastlane.rubiconproject.com,request,2.6-202606,True,0,0,0
p001519,timeout.com,fastlane.rubiconproject.com,request,2.6-202606,True,0,0,0
p001520,timeout.com,fastlane.rubiconproject.com,request,2.6-202606,True,0,0,0
p001521,timeout.com,fastlane.rubiconproject.com,request,2.6-202606,True,1,0,1
p001522,timeout.com,fastlane.rubiconproject.com,request,2.6-202606,True,0,0,0
p001523,timeout.com,fastlane.rubiconproject.com,request,2.6-202606,True,0,0,0
p001524,ladbible.com,fastlane.rubiconproject.com,request,2.6-202606,False,1,1,0
p001525,ladbible.com,fastlane.rubiconproject.com,request,2.6-202606,False,1,1,0
p001526,ladbible.com,fastlane.rubiconproject.com,request,2.6-202606,False,1,1,0
p001527,buzzfeed.com,fastlane.rubiconproject.com,request,2.6-202606,True,0,0,0
p001528,buzzfeed.com,fastlane.rubiconproject.com,request,2.6-202606,True,0,0,0
p001529,buzzfeed.com,fastlane.rubiconproject.com,request,2.6-202606,True,0,0,0
p001530,unilad.com,fastlane.rubiconproject.com,request,2.6-202606,False,1,1,0
p001531,unilad.com,fastlane.rubiconproject.com,request,2.6-202606,False,1,1,0
p001532,buzzfeed.com,fastlane.rubiconproject.com,request,2.6-202606,True,0,0,0
p001533,unilad.com,fastlane.rubiconproject.com,request,2.6-202606,False,1,1,0
p001534,unilad.com,fastlane.rubiconproject.com,request,2.6-202606,False,1,1,0
p001535,buzzfeed.com,fastlane.rubiconproject.com,request,2.6-202606,True,0,0,0
p001536,buzzfeed.com,fastlane.rubiconproject.com,request,2.6-202606,True,0,0,0
p001537,buzzfeed.com,fastlane.rubiconproject.com,request,2.6-202606,True,0,0,0
p001538,buzzfeed.com,fastlane.rubiconproject.com,request,2.6-202606,True,0,0,0
p001539,buzzfeed.com,fastlane.rubiconproject.com,request,2.6-202606,True,1,0,1
p001540,buzzfeed.com,fastlane.rubiconproject.com,request,2.6-202606,True,0,0,0
p001541,buzzfeed.com,fastlane.rubiconproject.com,request,2.6-202606,True,0,0,0
p001542,buzzfeed.com,fastlane.rubiconproject.com,request,2.6-202606,True,0,0,0
p001543,buzzfeed.com,fastlane.rubiconproject.com,request,2.6-202606,True,1,0,1
p001544,buzzfeed.com,fastlane.rubiconproject.com,request,2.6-202606,True,0,0,0
p001545,buzzfeed.com,fastlane.rubiconproject.com,request,2.6-202606,True,1,0,1
p001546,buzzfeed.com,fastlane.rubiconproject.com,request,2.6-202606,True,0,0,0
p001547,buzzfeed.com,fastlane.rubiconproject.com,request,2.6-202606,True,1,0,1
p001548,buzzfeed.com,fastlane.rubiconproject.com,request,2.6-202606,True,0,0,0
p001549,buzzfeed.com,fastlane.rubiconproject.com,request,2.6-202606,True,1,0,1
p001550,buzzfeed.com,fastlane.rubiconproject.com,request,2.6-202606,True,0,0,0
p001551,businessinsider.com,fastlane.rubiconproject.com,response,2.6-202606,False,1,1,0
p001552,businessinsider.com,fastlane.rubiconproject.com,response,2.6-202606,False,1,1,0
p001553,businessinsider.com,fastlane.rubiconproject.com,response,2.6-202606,False,1,1,0
p001554,businessinsider.com,fastlane.rubiconproject.com,response,2.6-202606,True,0,0,0
p001555,huffpost.com,fastlane.rubiconproject.com,response,2.6-202606,False,1,1,0
p001556,huffpost.com,fastlane.rubiconproject.com,response,2.6-202606,False,1,1,0
p001557,huffpost.com,fastlane.rubiconproject.com,response,2.6-202606,False,1,1,0
p001558,huffpost.com,fastlane.rubiconproject.com,response,2.6-202606,False,1,1,0
p001559,huffpost.com,fastlane.rubiconproject.com,response,2.6-202606,False,1,1,0
p001560,huffpost.com,fastlane.rubiconproject.com,response,2.6-202606,False,1,1,0
p001561,huffpost.com,fastlane.rubiconproject.com,response,2.6-202606,False,1,1,0
p001562,huffpost.com,fastlane.rubiconproject.com,response,2.6-202606,False,1,1,0
p001563,huffpost.com,fastlane.rubiconproject.com,response,2.6-202606,False,1,1,0
p001564,huffpost.com,fastlane.rubiconproject.com,response,2.6-202606,False,1,1,0
p001565,huffpost.com,fastlane.rubiconproject.com,response,2.6-202606,False,1,1,0
p001566,huffpost.com,fastlane.rubiconproject.com,response,2.6-202606,False,1,1,0
p001567,huffpost.com,fastlane.rubiconproject.com,response,2.6-202606,False,1,1,0
p001568,huffpost.com,fastlane.rubiconproject.com,response,2.6-202606,False,1,1,0
p001569,huffpost.com,fastlane.rubiconproject.com,response,2.6-202606,False,1,1,0
p001570,nbcnews.com,fastlane.rubiconproject.com,response,2.6-202606,False,1,1,0
p001571,abcnews.go.com,fastlane.rubiconproject.com,response,2.6-202606,False,1,1,0
p001572,nbcnews.com,fastlane.rubiconproject.com,response,2.6-202606,False,1,1,0
p001573,abcnews.go.com,fastlane.rubiconproject.com,response,2.6-202606,False,1,1,0
p001574,vox.com,fastlane.rubiconproject.com,response,2.6-202606,False,1,1,0
p001575,vox.com,fastlane.rubiconproject.com,response,2.6-202606,False,1,1,0
p001576,theverge.com,fastlane.rubiconproject.com,response,2.6-202606,False,1,1,0
p001577,vox.com,fastlane.rubiconproject.com,response,2.6-202606,False,1,1,0
p001578,vox.com,fastlane.rubiconproject.com,response,2.6-202606,False,1,1,0
p001579,theverge.com,fastlane.rubiconproject.com,response,2.6-202606,False,1,1,0
p001580,theverge.com,fastlane.rubiconproject.com,response,2.6-202606,False,1,1,0
p001581,vox.com,fastlane.rubiconproject.com,response,2.6-202606,False,1,1,0
p001582,vox.com,fastlane.rubiconproject.com,response,2.6-202606,False,1,1,0
p001583,theverge.com,fastlane.rubiconproject.com,response,2.6-202606,False,1,1,0
p001584,theverge.com,fastlane.rubiconproject.com,response,2.6-202606,False,1,1,0
p001585,vox.com,fastlane.rubiconproject.com,response,2.6-202606,False,1,1,0
p001586,vox.com,fastlane.rubiconproject.com,response,2.6-202606,False,1,1,0
p001587,vox.com,fastlane.rubiconproject.com,response,2.6-202606,False,1,1,0
p001588,vox.com,fastlane.rubiconproject.com,response,2.6-202606,False,1,1,0
p001589,vox.com,fastlane.rubiconproject.com,response,2.6-202606,False,1,1,0
p001590,vox.com,fastlane.rubiconproject.com,response,2.6-202606,False,1,1,0
p001591,vox.com,fastlane.rubiconproject.com,response,2.6-202606,False,1,1,0
p001592,theverge.com,fastlane.rubiconproject.com,response,2.6-202606,False,1,1,0
p001593,theverge.com,fastlane.rubiconproject.com,response,2.6-202606,False,1,1,0
p001594,theverge.com,fastlane.rubiconproject.com,response,2.6-202606,False,1,1,0
p001595,theverge.com,fastlane.rubiconproject.com,response,2.6-202606,False,1,1,0
p001596,theverge.com,fastlane.rubiconproject.com,response,2.6-202606,False,1,1,0
p001597,bleacherreport.com,fastlane.rubiconproject.com,response,2.6-202606,False,1,1,0
p001598,bleacherreport.com,fastlane.rubiconproject.com,response,2.6-202606,False,1,1,0
p001599,bleacherreport.com,fastlane.rubiconproject.com,response,2.6-202606,False,1,1,0
p001600,bleacherreport.com,fastlane.rubiconproject.com,response,2.6-202606,False,1,1,0
p001601,bleacherreport.com,fastlane.rubiconproject.com,response,2.6-202606,False,1,1,0
p001602,bleacherreport.com,fastlane.rubiconproject.com,response,2.6-202606,False,1,1,0
p001603,bleacherreport.com,fastlane.rubiconproject.com,response,2.6-202606,False,1,1,0
p001604,bleacherreport.com,fastlane.rubiconproject.com,response,2.6-202606,False,1,1,0
p001605,bleacherreport.com,fastlane.rubiconproject.com,response,2.6-202606,False,1,1,0
p001606,bleacherreport.com,fastlane.rubiconproject.com,response,2.6-202606,False,1,1,0
p001607,bleacherreport.com,fastlane.rubiconproject.com,response,2.6-202606,False,1,1,0
p001608,bleacherreport.com,fastlane.rubiconproject.com,response,2.6-202606,False,1,1,0
p001609,bleacherreport.com,fastlane.rubiconproject.com,response,2.6-202606,False,1,1,0
p001610,bleacherreport.com,fastlane.rubiconproject.com,response,2.6-202606,False,1,1,0
p001611,bleacherreport.com,fastlane.rubiconproject.com,response,2.6-202606,False,1,1,0
p001612,bleacherreport.com,fastlane.rubiconproject.com,response,2.6-202606,False,1,1,0
p001613,bleacherreport.com,fastlane.rubiconproject.com,response,2.6-202606,False,1,1,0
p001614,bleacherreport.com,fastlane.rubiconproject.com,response,2.6-202606,False,1,1,0
p001615,bleacherreport.com,fastlane.rubiconproject.com,response,2.6-202606,False,1,1,0
p001616,bleacherreport.com,fastlane.rubiconproject.com,response,2.6-202606,False,1,1,0
p001617,weather.com,fastlane.rubiconproject.com,response,2.6-202606,True,0,0,0
p001618,weather.com,fastlane.rubiconproject.com,response,2.6-202606,False,1,1,0
p001619,weather.com,fastlane.rubiconproject.com,response,2.6-202606,False,1,1,0
p001620,weather.com,fastlane.rubiconproject.com,response,2.6-202606,False,1,1,0
p001621,wunderground.com,fastlane.rubiconproject.com,response,2.6-202606,False,1,1,0
p001622,wunderground.com,fastlane.rubiconproject.com,response,2.6-202606,False,1,1,0
p001623,delish.com,fastlane.rubiconproject.com,response,2.6-202606,False,1,1,0
p001624,delish.com,fastlane.rubiconproject.com,response,2.6-202606,False,1,1,0
p001625,foodnetwork.com,fastlane.rubiconproject.com,response,2.6-202606,False,1,1,0
p001626,foodnetwork.com,fastlane.rubiconproject.com,response,2.6-202606,True,0,0,0
p001627,delish.com,fastlane.rubiconproject.com,response,2.6-202606,False,1,1,0
p001628,delish.com,fastlane.rubiconproject.com,response,2.6-202606,False,1,1,0
p001629,eonline.com,fastlane.rubiconproject.com,response,2.6-202606,False,1,1,0
p001630,eonline.com,fastlane.rubiconproject.com,response,2.6-202606,False,1,1,0
p001631,eonline.com,fastlane.rubiconproject.com,response,2.6-202606,False,1,1,0
p001632,eonline.com,fastlane.rubiconproject.com,response,2.6-202606,False,1,1,0
p001633,eonline.com,fastlane.rubiconproject.com,response,2.6-202606,False,1,1,0
p001634,eonline.com,fastlane.rubiconproject.com,response,2.6-202606,False,1,1,0
p001635,eonline.com,fastlane.rubiconproject.com,response,2.6-202606,False,1,1,0
p001636,thrillist.com,fastlane.rubiconproject.com,response,2.6-202606,False,1,1,0
p001637,thrillist.com,fastlane.rubiconproject.com,response,2.6-202606,False,1,1,0
p001638,thrillist.com,fastlane.rubiconproject.com,response,2.6-202606,False,1,1,0
p001639,thrillist.com,fastlane.rubiconproject.com,response,2.6-202606,False,1,1,0
p001640,thrillist.com,fastlane.rubiconproject.com,response,2.6-202606,False,1,1,0
p001641,thrillist.com,fastlane.rubiconproject.com,response,2.6-202606,False,1,1,0
p001642,thrillist.com,fastlane.rubiconproject.com,response,2.6-202606,False,1,1,0
p001643,thrillist.com,fastlane.rubiconproject.com,response,2.6-202606,False,1,1,0
p001644,timeout.com,fastlane.rubiconproject.com,response,2.6-202606,False,1,1,0
p001645,timeout.com,fastlane.rubiconproject.com,response,2.6-202606,False,1,1,0
p001646,timeout.com,fastlane.rubiconproject.com,response,2.6-202606,False,1,1,0
p001647,thrillist.com,fastlane.rubiconproject.com,response,2.6-202606,False,1,1,0
p001648,thrillist.com,fastlane.rubiconproject.com,response,2.6-202606,False,1,1,0
p001649,timeout.com,fastlane.rubiconproject.com,response,2.6-202606,False,1,1,0
p001650,timeout.com,fastlane.rubiconproject.com,response,2.6-202606,False,1,1,0
p001651,timeout.com,fastlane.rubiconproject.com,response,2.6-202606,False,1,1,0
p001652,timeout.com,fastlane.rubiconproject.com,response,2.6-202606,False,1,1,0
p001653,timeout.com,fastlane.rubiconproject.com,response,2.6-202606,False,1,1,0
p001654,timeout.com,fastlane.rubiconproject.com,response,2.6-202606,False,1,1,0
p001655,timeout.com,fastlane.rubiconproject.com,response,2.6-202606,False,1,1,0
p001656,timeout.com,fastlane.rubiconproject.com,response,2.6-202606,False,1,1,0
p001657,ladbible.com,fastlane.rubiconproject.com,response,2.6-202606,False,1,1,0
p001658,ladbible.com,fastlane.rubiconproject.com,response,2.6-202606,False,1,1,0
p001659,ladbible.com,fastlane.rubiconproject.com,response,2.6-202606,False,1,1,0
p001660,buzzfeed.com,fastlane.rubiconproject.com,response,2.6-202606,False,1,1,0
p001661,buzzfeed.com,fastlane.rubiconproject.com,response,2.6-202606,False,1,1,0
p001662,buzzfeed.com,fastlane.rubiconproject.com,response,2.6-202606,False,1,1,0
p001663,unilad.com,fastlane.rubiconproject.com,response,2.6-202606,False,1,1,0
p001664,unilad.com,fastlane.rubiconproject.com,response,2.6-202606,False,1,1,0
p001665,buzzfeed.com,fastlane.rubiconproject.com,response,2.6-202606,False,1,1,0
p001666,buzzfeed.com,fastlane.rubiconproject.com,response,2.6-202606,False,1,1,0
p001667,buzzfeed.com,fastlane.rubiconproject.com,response,2.6-202606,False,1,1,0
p001668,buzzfeed.com,fastlane.rubiconproject.com,response,2.6-202606,True,0,0,0
p001669,unilad.com,fastlane.rubiconproject.com,response,2.6-202606,False,1,1,0
p001670,unilad.com,fastlane.rubiconproject.com,response,2.6-202606,False,1,1,0
p001671,buzzfeed.com,fastlane.rubiconproject.com,response,2.6-202606,False,1,1,0
p001672,buzzfeed.com,fastlane.rubiconproject.com,response,2.6-202606,False,1,1,0
p001673,buzzfeed.com,fastlane.rubiconproject.com,response,2.6-202606,False,1,1,0
p001674,buzzfeed.com,fastlane.rubiconproject.com,response,2.6-202606,False,1,1,0
p001675,buzzfeed.com,fastlane.rubiconproject.com,response,2.6-202606,False,1,1,0
p001676,buzzfeed.com,fastlane.rubiconproject.com,response,2.6-202606,False,1,1,0
p001677,buzzfeed.com,fastlane.rubiconproject.com,response,2.6-202606,False,1,1,0
p001678,buzzfeed.com,fastlane.rubiconproject.com,response,2.6-202606,False,1,1,0
p001679,buzzfeed.com,fastlane.rubiconproject.com,response,2.6-202606,True,1,0,1
p001680,buzzfeed.com,fastlane.rubiconproject.com,response,2.6-202606,False,1,1,0
p001681,buzzfeed.com,fastlane.rubiconproject.com,response,2.6-202606,False,1,1,0
p001682,buzzfeed.com,fastlane.rubiconproject.com,response,2.6-202606,False,1,1,0
p001683,buzzfeed.com,fastlane.rubiconproject.com,response,2.6-202606,False,1,1,0
p001684,goal.com,footballco-s2s.lngtd.com,request,2.6-202606,False,3,3,0
p001685,goal.com,footballco-s2s.lngtd.com,request,2.6-202606,False,3,3,0
p001686,goal.com,footballco-s2s.lngtd.com,response,2.6-202606,True,0,0,0
p001687,goal.com,footballco-s2s.lngtd.com,response,2.6-202606,True,0,0,0
p001688,thedailybeast.com,grid-bidder.criteo.com,request,2.6-202606,False,4,4,0
p001689,thedailybeast.com,grid-bidder.criteo.com,request,2.6-202606,True,0,0,0
p001690,thedailybeast.com,grid-bidder.criteo.com,request,2.6-202606,False,2,2,0
p001691,thedailybeast.com,grid-bidder.criteo.com,request,2.6-202606,True,0,0,0
p001692,thedailybeast.com,grid-bidder.criteo.com,request,2.6-202606,False,6,6,0
p001693,standard.co.uk,grid-bidder.criteo.com,request,2.6-202606,False,3,3,0
p001694,standard.co.uk,grid-bidder.criteo.com,request,2.6-202606,False,3,3,0
p001695,standard.co.uk,grid-bidder.criteo.com,request,2.6-202606,False,3,3,0
p001696,salon.com,grid-bidder.criteo.com,request,2.6-202606,True,0,0,0
p001697,salon.com,grid-bidder.criteo.com,request,2.6-202606,True,0,0,0
p001698,salon.com,grid-bidder.criteo.com,request,2.6-202606,True,0,0,0
p001699,salon.com,grid-bidder.criteo.com,request,2.6-202606,True,0,0,0
p001700,salon.com,grid-bidder.criteo.com,request,2.6-202606,True,0,0,0
p001701,salon.com,grid-bidder.criteo.com,request,2.6-202606,False,2,1,1
p001702,salon.com,grid-bidder.criteo.com,request,2.6-202606,False,3,3,0
p001703,salon.com,grid-bidder.criteo.com,request,2.6-202606,False,2,1,1
p001704,salon.com,grid-bidder.criteo.com,request,2.6-202606,False,5,4,1
p001705,salon.com,grid-bidder.criteo.com,request,2.6-202606,False,3,3,0
p001706,salon.com,grid-bidder.criteo.com,request,2.6-202606,False,3,3,0
p001707,salon.com,grid-bidder.criteo.com,request,2.6-202606,False,3,3,0
p001708,salon.com,grid-bidder.criteo.com,request,2.6-202606,False,3,3,0
p001709,salon.com,grid-bidder.criteo.com,request,2.6-202606,False,3,3,0
p001710,salon.com,grid-bidder.criteo.com,request,2.6-202606,False,2,1,1
p001711,salon.com,grid-bidder.criteo.com,request,2.6-202606,False,2,1,1
p001712,salon.com,grid-bidder.criteo.com,request,2.6-202606,False,2,1,1
p001713,salon.com,grid-bidder.criteo.com,request,2.6-202606,False,2,1,1
p001714,salon.com,grid-bidder.criteo.com,request,2.6-202606,False,2,1,1
p001715,salon.com,grid-bidder.criteo.com,request,2.6-202606,False,2,1,1
p001716,salon.com,grid-bidder.criteo.com,request,2.6-202606,False,2,1,1
p001717,salon.com,grid-bidder.criteo.com,request,2.6-202606,False,2,1,1
p001718,engadget.com,grid-bidder.criteo.com,request,2.6-202606,True,0,0,0
p001719,engadget.com,grid-bidder.criteo.com,request,2.6-202606,False,2,1,1
p001720,engadget.com,grid-bidder.criteo.com,request,2.6-202606,False,2,1,1
p001721,engadget.com,grid-bidder.criteo.com,request,2.6-202606,True,0,0,0
p001722,engadget.com,grid-bidder.criteo.com,request,2.6-202606,False,2,1,1
p001723,engadget.com,grid-bidder.criteo.com,request,2.6-202606,False,2,1,1
p001724,macrumors.com,grid-bidder.criteo.com,request,2.6-202606,True,0,0,0
p001725,macrumors.com,grid-bidder.criteo.com,request,2.6-202606,True,0,0,0
p001726,macrumors.com,grid-bidder.criteo.com,request,2.6-202606,False,5,4,1
p001727,macrumors.com,grid-bidder.criteo.com,request,2.6-202606,True,0,0,0
p001728,macrumors.com,grid-bidder.criteo.com,request,2.6-202606,False,3,3,0
p001729,macrumors.com,grid-bidder.criteo.com,request,2.6-202606,False,3,3,0
p001730,macrumors.com,grid-bidder.criteo.com,request,2.6-202606,False,3,3,0
p001731,macrumors.com,grid-bidder.criteo.com,request,2.6-202606,False,3,3,0
p001732,macrumors.com,grid-bidder.criteo.com,request,2.6-202606,True,0,0,0
p001733,macrumors.com,grid-bidder.criteo.com,request,2.6-202606,False,3,3,0
p001734,macrumors.com,grid-bidder.criteo.com,request,2.6-202606,False,3,3,0
p001735,macrumors.com,grid-bidder.criteo.com,request,2.6-202606,False,3,3,0
p001736,macrumors.com,grid-bidder.criteo.com,request,2.6-202606,True,0,0,0
p001737,macrumors.com,grid-bidder.criteo.com,request,2.6-202606,True,0,0,0
p001738,macrumors.com,grid-bidder.criteo.com,request,2.6-202606,False,5,4,1
p001739,macrumors.com,grid-bidder.criteo.com,request,2.6-202606,False,3,3,0
p001740,macrumors.com,grid-bidder.criteo.com,request,2.6-202606,True,0,0,0
p001741,macrumors.com,grid-bidder.criteo.com,request,2.6-202606,False,3,3,0
p001742,macrumors.com,grid-bidder.criteo.com,request,2.6-202606,False,3,3,0
p001743,macrumors.com,grid-bidder.criteo.com,request,2.6-202606,False,3,3,0
p001744,macrumors.com,grid-bidder.criteo.com,request,2.6-202606,False,3,3,0
p001745,macrumors.com,grid-bidder.criteo.com,request,2.6-202606,False,3,3,0
p001746,macrumors.com,grid-bidder.criteo.com,request,2.6-202606,False,3,3,0
p001747,si.com,grid-bidder.criteo.com,request,2.6-202606,True,0,0,0
p001748,goal.com,grid-bidder.criteo.com,request,2.6-202606,True,5,0,5
p001749,goal.com,grid-bidder.criteo.com,request,2.6-202606,True,5,0,5
p001750,goal.com,grid-bidder.criteo.com,request,2.6-202606,True,5,0,5
p001751,benzinga.com,grid-bidder.criteo.com,request,2.6-202606,True,0,0,0
p001752,benzinga.com,grid-bidder.criteo.com,request,2.6-202606,True,0,0,0
p001753,usmagazine.com,grid-bidder.criteo.com,request,2.6-202606,True,0,0,0
p001754,usmagazine.com,grid-bidder.criteo.com,request,2.6-202606,True,0,0,0
p001755,usmagazine.com,grid-bidder.criteo.com,request,2.6-202606,True,0,0,0
p001756,usmagazine.com,grid-bidder.criteo.com,request,2.6-202606,True,0,0,0
p001757,usmagazine.com,grid-bidder.criteo.com,request,2.6-202606,True,0,0,0
p001758,usmagazine.com,grid-bidder.criteo.com,request,2.6-202606,True,0,0,0
p001759,stereogum.com,grid-bidder.criteo.com,request,2.6-202606,True,0,0,0
p001760,stereogum.com,grid-bidder.criteo.com,request,2.6-202606,False,5,4,1
p001761,stereogum.com,grid-bidder.criteo.com,request,2.6-202606,True,0,0,0
p001762,stereogum.com,grid-bidder.criteo.com,request,2.6-202606,False,2,1,1
p001763,unilad.com,grid-bidder.criteo.com,request,2.6-202606,True,1,0,1
p001764,unilad.com,grid-bidder.criteo.com,request,2.6-202606,True,1,0,1
p001765,ranker.com,grid-bidder.criteo.com,request,2.6-202606,True,0,0,0
p001766,grunge.com,grid-bidder.criteo.com,request,2.6-202606,True,0,0,0
p001767,ranker.com,grid-bidder.criteo.com,request,2.6-202606,True,0,0,0
p001768,ranker.com,grid-bidder.criteo.com,request,2.6-202606,True,0,0,0
p001769,ranker.com,grid-bidder.criteo.com,request,2.6-202606,False,5,4,1
p001770,ranker.com,grid-bidder.criteo.com,request,2.6-202606,False,3,3,0
p001771,ranker.com,grid-bidder.criteo.com,request,2.6-202606,False,3,3,0
p001772,ranker.com,grid-bidder.criteo.com,request,2.6-202606,False,2,1,1
p001773,ranker.com,grid-bidder.criteo.com,request,2.6-202606,False,2,1,1
p001774,ranker.com,grid-bidder.criteo.com,request,2.6-202606,False,2,1,1
p001775,ranker.com,grid-bidder.criteo.com,request,2.6-202606,False,2,1,1
p001776,grunge.com,grid-bidder.criteo.com,request,2.6-202606,True,0,0,0
p001777,grunge.com,grid-bidder.criteo.com,request,2.6-202606,False,2,1,1
p001778,grunge.com,grid-bidder.criteo.com,request,2.6-202606,False,5,4,1
p001779,grunge.com,grid-bidder.criteo.com,request,2.6-202606,False,3,3,0
p001780,grunge.com,grid-bidder.criteo.com,request,2.6-202606,True,0,0,0
p001781,grunge.com,grid-bidder.criteo.com,request,2.6-202606,False,3,3,0
p001782,grunge.com,grid-bidder.criteo.com,request,2.6-202606,False,3,3,0
p001783,grunge.com,grid-bidder.criteo.com,request,2.6-202606,False,3,3,0
p001784,grunge.com,grid-bidder.criteo.com,request,2.6-202606,False,3,3,0
p001785,grunge.com,grid-bidder.criteo.com,request,2.6-202606,False,2,1,1
p001786,slashfilm.com,grid-bidder.criteo.com,request,2.6-202606,True,0,0,0
p001787,grunge.com,grid-bidder.criteo.com,request,2.6-202606,False,2,1,1
p001788,slashfilm.com,grid-bidder.criteo.com,request,2.6-202606,True,0,0,0
p001789,slashfilm.com,grid-bidder.criteo.com,request,2.6-202606,False,2,1,1
p001790,mashed.com,grid-bidder.criteo.com,request,2.6-202606,True,0,0,0
p001791,mashed.com,grid-bidder.criteo.com,request,2.6-202606,False,2,1,1
p001792,tastingtable.com,grid-bidder.criteo.com,request,2.6-202606,True,0,0,0
p001793,thedailybeast.com,grid-bidder.criteo.com,response,2.6-202606,True,3,0,3
p001794,thedailybeast.com,grid-bidder.criteo.com,response,2.6-202606,True,3,0,3
p001795,standard.co.uk,grid-bidder.criteo.com,response,2.6-202606,False,2,1,1
p001796,standard.co.uk,grid-bidder.criteo.com,response,2.6-202606,False,2,1,1
p001797,standard.co.uk,grid-bidder.criteo.com,response,2.6-202606,False,2,1,1
p001798,si.com,grid-bidder.criteo.com,response,2.6-202606,True,4,0,4
p001799,usmagazine.com,grid-bidder.criteo.com,response,2.6-202606,False,6,1,5
p001800,usmagazine.com,grid-bidder.criteo.com,response,2.6-202606,False,6,2,4
p001801,usmagazine.com,grid-bidder.criteo.com,response,2.6-202606,True,9,0,9
p001802,usmagazine.com,grid-bidder.criteo.com,response,2.6-202606,False,9,3,6
p001803,usmagazine.com,grid-bidder.criteo.com,response,2.6-202606,False,3,1,2
p001804,usmagazine.com,grid-bidder.criteo.com,response,2.6-202606,False,3,1,2
p001805,sportingnews.com,grid.bidswitch.net,request,2.6-202606,True,0,0,0
p001806,cbsnews.com,hb.emxdgt.com,request,2.6-202606,False,8,7,1
p001807,time.com,hb.emxdgt.com,request,2.6-202606,False,8,7,1
p001808,time.com,hb.emxdgt.com,request,2.6-202606,False,8,7,1
p001809,time.com,hb.emxdgt.com,request,2.6-202606,False,8,7,1
p001810,cbssports.com,hb.emxdgt.com,request,2.6-202606,False,8,7,1
p001811,cbssports.com,hb.emxdgt.com,request,2.6-202606,False,8,7,1
p001812,cbssports.com,hb.emxdgt.com,request,2.6-202606,False,8,7,1
p001813,weather.com,hb.emxdgt.com,request,2.6-202606,False,8,7,1
p001814,weather.com,hb.emxdgt.com,request,2.6-202606,False,8,7,1
p001815,wunderground.com,hb.emxdgt.com,request,2.6-202606,False,8,7,1
p001816,wunderground.com,hb.emxdgt.com,request,2.6-202606,False,8,7,1
p001817,wunderground.com,hb.emxdgt.com,request,2.6-202606,False,8,7,1
p001818,wunderground.com,hb.emxdgt.com,request,2.6-202606,False,8,7,1
p001819,wunderground.com,hb.emxdgt.com,request,2.6-202606,False,8,7,1
p001820,wunderground.com,hb.emxdgt.com,request,2.6-202606,False,8,7,1
p001821,wunderground.com,hb.emxdgt.com,request,2.6-202606,False,8,7,1
p001822,wunderground.com,hb.emxdgt.com,request,2.6-202606,False,8,7,1
p001823,eonline.com,hb.emxdgt.com,request,2.6-202606,False,8,7,1
p001824,eonline.com,hb.emxdgt.com,request,2.6-202606,False,8,7,1
p001825,eonline.com,hb.emxdgt.com,request,2.6-202606,False,8,7,1
p001826,eonline.com,hb.emxdgt.com,request,2.6-202606,False,8,7,1
p001827,eonline.com,hb.emxdgt.com,request,2.6-202606,False,8,7,1
p001828,eonline.com,hb.emxdgt.com,request,2.6-202606,False,8,7,1
p001829,foxnews.com,hbopenbid.pubmatic.com,request,2.6-202606,True,1,0,1
p001830,foxnews.com,hbopenbid.pubmatic.com,request,2.6-202606,True,0,0,0
p001831,foxnews.com,hbopenbid.pubmatic.com,request,2.6-202606,True,1,0,1
p001832,foxnews.com,hbopenbid.pubmatic.com,request,2.6-202606,True,0,0,0
p001833,nypost.com,hbopenbid.pubmatic.com,request,2.6-202606,False,3,2,1
p001834,pagesix.com,hbopenbid.pubmatic.com,request,2.6-202606,False,3,2,1
p001835,foxnews.com,hbopenbid.pubmatic.com,request,2.6-202606,True,0,0,0
p001836,nypost.com,hbopenbid.pubmatic.com,request,2.6-202606,False,3,2,1
p001837,foxnews.com,hbopenbid.pubmatic.com,request,2.6-202606,True,0,0,0
p001838,foxnews.com,hbopenbid.pubmatic.com,request,2.6-202606,True,0,0,0
p001839,pagesix.com,hbopenbid.pubmatic.com,request,2.6-202606,False,5,2,3
p001840,chicagotribune.com,hbopenbid.pubmatic.com,request,2.6-202606,False,5,3,2
p001841,nydailynews.com,hbopenbid.pubmatic.com,request,2.6-202606,False,5,3,2
p001842,standard.co.uk,hbopenbid.pubmatic.com,request,2.6-202606,False,1,1,0
p001843,standard.co.uk,hbopenbid.pubmatic.com,request,2.6-202606,False,1,1,0
p001844,standard.co.uk,hbopenbid.pubmatic.com,request,2.6-202606,False,1,1,0
p001845,nbcnews.com,hbopenbid.pubmatic.com,request,2.6-202606,False,2,1,1
p001846,nbcnews.com,hbopenbid.pubmatic.com,request,2.6-202606,False,2,1,1
p001847,cbsnews.com,hbopenbid.pubmatic.com,request,2.6-202606,False,2,1,1
p001848,cbsnews.com,hbopenbid.pubmatic.com,request,2.6-202606,False,2,1,1
p001849,nbcnews.com,hbopenbid.pubmatic.com,request,2.6-202606,False,2,1,1
p001850,slate.com,hbopenbid.pubmatic.com,request,2.6-202606,False,2,1,1
p001851,slate.com,hbopenbid.pubmatic.com,request,2.6-202606,False,2,1,1
p001852,time.com,hbopenbid.pubmatic.com,request,2.6-202606,False,2,1,1
p001853,time.com,hbopenbid.pubmatic.com,request,2.6-202606,False,2,1,1
p001854,time.com,hbopenbid.pubmatic.com,request,2.6-202606,False,2,1,1
p001855,salon.com,hbopenbid.pubmatic.com,request,2.6-202606,True,0,0,0
p001856,salon.com,hbopenbid.pubmatic.com,request,2.6-202606,True,0,0,0
p001857,slate.com,hbopenbid.pubmatic.com,request,2.6-202606,False,2,1,1
p001858,slate.com,hbopenbid.pubmatic.com,request,2.6-202606,False,2,1,1
p001859,slate.com,hbopenbid.pubmatic.com,request,2.6-202606,False,2,1,1
p001860,salon.com,hbopenbid.pubmatic.com,request,2.6-202606,True,0,0,0
p001861,salon.com,hbopenbid.pubmatic.com,request,2.6-202606,True,0,0,0
p001862,salon.com,hbopenbid.pubmatic.com,request,2.6-202606,True,0,0,0
p001863,salon.com,hbopenbid.pubmatic.com,request,2.6-202606,False,2,1,1
p001864,salon.com,hbopenbid.pubmatic.com,request,2.6-202606,True,0,0,0
p001865,salon.com,hbopenbid.pubmatic.com,request,2.6-202606,False,2,1,1
p001866,salon.com,hbopenbid.pubmatic.com,request,2.6-202606,False,2,1,1
p001867,salon.com,hbopenbid.pubmatic.com,request,2.6-202606,True,0,0,0
p001868,salon.com,hbopenbid.pubmatic.com,request,2.6-202606,True,0,0,0
p001869,salon.com,hbopenbid.pubmatic.com,request,2.6-202606,True,0,0,0
p001870,salon.com,hbopenbid.pubmatic.com,request,2.6-202606,True,0,0,0
p001871,salon.com,hbopenbid.pubmatic.com,request,2.6-202606,True,0,0,0
p001872,salon.com,hbopenbid.pubmatic.com,request,2.6-202606,False,2,1,1
p001873,salon.com,hbopenbid.pubmatic.com,request,2.6-202606,False,2,1,1
p001874,salon.com,hbopenbid.pubmatic.com,request,2.6-202606,False,2,1,1
p001875,salon.com,hbopenbid.pubmatic.com,request,2.6-202606,False,2,1,1
p001876,salon.com,hbopenbid.pubmatic.com,request,2.6-202606,False,2,1,1
p001877,salon.com,hbopenbid.pubmatic.com,request,2.6-202606,False,2,1,1
p001878,salon.com,hbopenbid.pubmatic.com,request,2.6-202606,False,2,1,1
p001879,salon.com,hbopenbid.pubmatic.com,request,2.6-202606,False,2,1,1
p001880,engadget.com,hbopenbid.pubmatic.com,request,2.6-202606,True,0,0,0
p001881,engadget.com,hbopenbid.pubmatic.com,request,2.6-202606,False,2,1,1
p001882,engadget.com,hbopenbid.pubmatic.com,request,2.6-202606,False,2,1,1
p001883,engadget.com,hbopenbid.pubmatic.com,request,2.6-202606,False,2,1,1
p001884,engadget.com,hbopenbid.pubmatic.com,request,2.6-202606,True,0,0,0
p001885,engadget.com,hbopenbid.pubmatic.com,request,2.6-202606,False,2,1,1
p001886,engadget.com,hbopenbid.pubmatic.com,request,2.6-202606,False,2,1,1
p001887,engadget.com,hbopenbid.pubmatic.com,request,2.6-202606,False,2,1,1
p001888,androidauthority.com,hbopenbid.pubmatic.com,request,2.6-202606,False,4,3,1
p001889,9to5mac.com,hbopenbid.pubmatic.com,request,2.6-202606,True,0,0,0
p001890,9to5mac.com,hbopenbid.pubmatic.com,request,2.6-202606,True,0,0,0
p001891,androidauthority.com,hbopenbid.pubmatic.com,request,2.6-202606,False,4,3,1
p001892,macrumors.com,hbopenbid.pubmatic.com,request,2.6-202606,True,0,0,0
p001893,macrumors.com,hbopenbid.pubmatic.com,request,2.6-202606,True,0,0,0
p001894,macrumors.com,hbopenbid.pubmatic.com,request,2.6-202606,False,2,1,1
p001895,macrumors.com,hbopenbid.pubmatic.com,request,2.6-202606,True,0,0,0
p001896,macrumors.com,hbopenbid.pubmatic.com,request,2.6-202606,True,0,0,0
p001897,macrumors.com,hbopenbid.pubmatic.com,request,2.6-202606,True,0,0,0
p001898,macrumors.com,hbopenbid.pubmatic.com,request,2.6-202606,True,0,0,0
p001899,macrumors.com,hbopenbid.pubmatic.com,request,2.6-202606,True,0,0,0
p001900,macrumors.com,hbopenbid.pubmatic.com,request,2.6-202606,True,0,0,0
p001901,macrumors.com,hbopenbid.pubmatic.com,request,2.6-202606,True,0,0,0
p001902,macrumors.com,hbopenbid.pubmatic.com,request,2.6-202606,True,0,0,0
p001903,macrumors.com,hbopenbid.pubmatic.com,request,2.6-202606,True,0,0,0
p001904,9to5mac.com,hbopenbid.pubmatic.com,request,2.6-202606,True,0,0,0
p001905,9to5mac.com,hbopenbid.pubmatic.com,request,2.6-202606,True,0,0,0
p001906,macrumors.com,hbopenbid.pubmatic.com,request,2.6-202606,True,0,0,0
p001907,macrumors.com,hbopenbid.pubmatic.com,request,2.6-202606,True,0,0,0
p001908,macrumors.com,hbopenbid.pubmatic.com,request,2.6-202606,False,2,1,1
p001909,macrumors.com,hbopenbid.pubmatic.com,request,2.6-202606,True,0,0,0
p001910,macrumors.com,hbopenbid.pubmatic.com,request,2.6-202606,True,0,0,0
p001911,macrumors.com,hbopenbid.pubmatic.com,request,2.6-202606,True,0,0,0
p001912,macrumors.com,hbopenbid.pubmatic.com,request,2.6-202606,True,0,0,0
p001913,macrumors.com,hbopenbid.pubmatic.com,request,2.6-202606,True,0,0,0
p001914,macrumors.com,hbopenbid.pubmatic.com,request,2.6-202606,True,0,0,0
p001915,macrumors.com,hbopenbid.pubmatic.com,request,2.6-202606,True,0,0,0
p001916,macrumors.com,hbopenbid.pubmatic.com,request,2.6-202606,True,0,0,0
p001917,eurogamer.net,hbopenbid.pubmatic.com,request,2.6-202606,True,1,0,1
p001918,eurogamer.net,hbopenbid.pubmatic.com,request,2.6-202606,True,1,0,1
p001919,rockpapershotgun.com,hbopenbid.pubmatic.com,request,2.6-202606,True,1,0,1
p001920,rockpapershotgun.com,hbopenbid.pubmatic.com,request,2.6-202606,True,1,0,1
p001921,eurogamer.net,hbopenbid.pubmatic.com,request,2.6-202606,True,1,0,1
p001922,eurogamer.net,hbopenbid.pubmatic.com,request,2.6-202606,True,1,0,1
p001923,rockpapershotgun.com,hbopenbid.pubmatic.com,request,2.6-202606,True,1,0,1
p001924,rockpapershotgun.com,hbopenbid.pubmatic.com,request,2.6-202606,True,1,0,1
p001925,eurogamer.net,hbopenbid.pubmatic.com,request,2.6-202606,True,1,0,1
p001926,eurogamer.net,hbopenbid.pubmatic.com,request,2.6-202606,True,1,0,1
p001927,eurogamer.net,hbopenbid.pubmatic.com,request,2.6-202606,True,1,0,1
p001928,eurogamer.net,hbopenbid.pubmatic.com,request,2.6-202606,True,1,0,1
p001929,vg247.com,hbopenbid.pubmatic.com,request,2.6-202606,True,1,0,1
p001930,vg247.com,hbopenbid.pubmatic.com,request,2.6-202606,True,1,0,1
p001931,cbssports.com,hbopenbid.pubmatic.com,request,2.6-202606,False,4,3,1
p001932,si.com,hbopenbid.pubmatic.com,request,2.6-202606,True,0,0,0
p001933,cbssports.com,hbopenbid.pubmatic.com,request,2.6-202606,False,2,1,1
p001934,cbssports.com,hbopenbid.pubmatic.com,request,2.6-202606,False,4,3,1
p001935,cbssports.com,hbopenbid.pubmatic.com,request,2.6-202606,False,2,1,1
p001936,talksport.com,hbopenbid.pubmatic.com,request,2.6-202606,False,4,3,1
p001937,weather.com,hbopenbid.pubmatic.com,request,2.6-202606,False,2,1,1
p001938,wunderground.com,hbopenbid.pubmatic.com,request,2.6-202606,False,2,1,1
p001939,wunderground.com,hbopenbid.pubmatic.com,request,2.6-202606,False,2,1,1
p001940,wunderground.com,hbopenbid.pubmatic.com,request,2.6-202606,False,2,1,1
p001941,wunderground.com,hbopenbid.pubmatic.com,request,2.6-202606,False,2,1,1
p001942,wunderground.com,hbopenbid.pubmatic.com,request,2.6-202606,False,2,1,1
p001943,wunderground.com,hbopenbid.pubmatic.com,request,2.6-202606,False,2,1,1
p001944,wunderground.com,hbopenbid.pubmatic.com,request,2.6-202606,False,3,2,1
p001945,benzinga.com,hbopenbid.pubmatic.com,request,2.6-202606,True,0,0,0
p001946,benzinga.com,hbopenbid.pubmatic.com,request,2.6-202606,True,0,0,0
p001947,tasteofhome.com,hbopenbid.pubmatic.com,request,2.6-202606,True,0,0,0
p001948,tasteofhome.com,hbopenbid.pubmatic.com,request,2.6-202606,True,0,0,0
p001949,tasteofhome.com,hbopenbid.pubmatic.com,request,2.6-202606,True,0,0,0
p001950,tasteofhome.com,hbopenbid.pubmatic.com,request,2.6-202606,True,0,0,0
p001951,tasteofhome.com,hbopenbid.pubmatic.com,request,2.6-202606,False,4,3,1
p001952,tasteofhome.com,hbopenbid.pubmatic.com,request,2.6-202606,True,0,0,0
p001953,tasteofhome.com,hbopenbid.pubmatic.com,request,2.6-202606,True,0,0,0
p001954,eonline.com,hbopenbid.pubmatic.com,request,2.6-202606,False,2,1,1
p001955,eonline.com,hbopenbid.pubmatic.com,request,2.6-202606,False,2,1,1
p001956,tmz.com,hbopenbid.pubmatic.com,request,2.6-202606,True,0,0,0
p001957,tmz.com,hbopenbid.pubmatic.com,request,2.6-202606,True,0,0,0
p001958,eonline.com,hbopenbid.pubmatic.com,request,2.6-202606,False,2,1,1
p001959,eonline.com,hbopenbid.pubmatic.com,request,2.6-202606,False,2,1,1
p001960,eonline.com,hbopenbid.pubmatic.com,request,2.6-202606,False,2,1,1
p001961,eonline.com,hbopenbid.pubmatic.com,request,2.6-202606,False,2,1,1
p001962,eonline.com,hbopenbid.pubmatic.com,request,2.6-202606,False,2,1,1
p001963,stereogum.com,hbopenbid.pubmatic.com,request,2.6-202606,True,0,0,0
p001964,stereogum.com,hbopenbid.pubmatic.com,request,2.6-202606,False,2,1,1
p001965,stereogum.com,hbopenbid.pubmatic.com,request,2.6-202606,True,0,0,0
p001966,stereogum.com,hbopenbid.pubmatic.com,request,2.6-202606,False,2,1,1
p001967,thrillist.com,hbopenbid.pubmatic.com,request,2.6-202606,False,3,2,1
p001968,boredpanda.com,hbopenbid.pubmatic.com,request,2.6-202606,True,1,0,1
p001969,boredpanda.com,hbopenbid.pubmatic.com,request,2.6-202606,True,1,0,1
p001970,boredpanda.com,hbopenbid.pubmatic.com,request,2.6-202606,False,4,3,1
p001971,boredpanda.com,hbopenbid.pubmatic.com,request,2.6-202606,True,1,0,1
p001972,boredpanda.com,hbopenbid.pubmatic.com,request,2.6-202606,True,1,0,1
p001973,boredpanda.com,hbopenbid.pubmatic.com,request,2.6-202606,True,1,0,1
p001974,boredpanda.com,hbopenbid.pubmatic.com,request,2.6-202606,True,1,0,1
p001975,boredpanda.com,hbopenbid.pubmatic.com,request,2.6-202606,False,4,3,1
p001976,ranker.com,hbopenbid.pubmatic.com,request,2.6-202606,True,0,0,0
p001977,grunge.com,hbopenbid.pubmatic.com,request,2.6-202606,True,0,0,0
p001978,ranker.com,hbopenbid.pubmatic.com,request,2.6-202606,True,0,0,0
p001979,ranker.com,hbopenbid.pubmatic.com,request,2.6-202606,True,0,0,0
p001980,ranker.com,hbopenbid.pubmatic.com,request,2.6-202606,False,2,1,1
p001981,ranker.com,hbopenbid.pubmatic.com,request,2.6-202606,True,0,0,0
p001982,ranker.com,hbopenbid.pubmatic.com,request,2.6-202606,True,0,0,0
p001983,ranker.com,hbopenbid.pubmatic.com,request,2.6-202606,False,2,1,1
p001984,ranker.com,hbopenbid.pubmatic.com,request,2.6-202606,False,2,1,1
p001985,ranker.com,hbopenbid.pubmatic.com,request,2.6-202606,False,2,1,1
p001986,ranker.com,hbopenbid.pubmatic.com,request,2.6-202606,False,2,1,1
p001987,grunge.com,hbopenbid.pubmatic.com,request,2.6-202606,True,0,0,0
p001988,grunge.com,hbopenbid.pubmatic.com,request,2.6-202606,False,2,1,1
p001989,grunge.com,hbopenbid.pubmatic.com,request,2.6-202606,False,2,1,1
p001990,grunge.com,hbopenbid.pubmatic.com,request,2.6-202606,True,0,0,0
p001991,grunge.com,hbopenbid.pubmatic.com,request,2.6-202606,True,0,0,0
p001992,grunge.com,hbopenbid.pubmatic.com,request,2.6-202606,True,0,0,0
p001993,grunge.com,hbopenbid.pubmatic.com,request,2.6-202606,True,0,0,0
p001994,grunge.com,hbopenbid.pubmatic.com,request,2.6-202606,True,0,0,0
p001995,grunge.com,hbopenbid.pubmatic.com,request,2.6-202606,True,0,0,0
p001996,grunge.com,hbopenbid.pubmatic.com,request,2.6-202606,False,2,1,1
p001997,slashfilm.com,hbopenbid.pubmatic.com,request,2.6-202606,True,0,0,0
p001998,grunge.com,hbopenbid.pubmatic.com,request,2.6-202606,False,2,1,1
p001999,slashfilm.com,hbopenbid.pubmatic.com,request,2.6-202606,True,0,0,0
p002000,slashfilm.com,hbopenbid.pubmatic.com,request,2.6-202606,False,2,1,1
p002001,mashed.com,hbopenbid.pubmatic.com,request,2.6-202606,True,0,0,0
p002002,mashed.com,hbopenbid.pubmatic.com,request,2.6-202606,False,2,1,1
p002003,tastingtable.com,hbopenbid.pubmatic.com,request,2.6-202606,True,0,0,0
p002004,nypost.com,hbopenbid.pubmatic.com,response,2.6-202606,True,0,0,0
p002005,pagesix.com,hbopenbid.pubmatic.com,response,2.6-202606,True,0,0,0
p002006,nypost.com,hbopenbid.pubmatic.com,response,2.6-202606,True,0,0,0
p002007,pagesix.com,hbopenbid.pubmatic.com,response,2.6-202606,True,0,0,0
p002008,chicagotribune.com,hbopenbid.pubmatic.com,response,2.6-202606,True,0,0,0
p002009,nydailynews.com,hbopenbid.pubmatic.com,response,2.6-202606,True,0,0,0
p002010,standard.co.uk,hbopenbid.pubmatic.com,response,2.6-202606,True,0,0,0
p002011,standard.co.uk,hbopenbid.pubmatic.com,response,2.6-202606,True,0,0,0
p002012,standard.co.uk,hbopenbid.pubmatic.com,response,2.6-202606,True,0,0,0
p002013,engadget.com,hbopenbid.pubmatic.com,response,2.6-202606,True,0,0,0
p002014,androidauthority.com,hbopenbid.pubmatic.com,response,2.6-202606,True,0,0,0
p002015,9to5mac.com,hbopenbid.pubmatic.com,response,2.6-202606,True,0,0,0
p002016,9to5mac.com,hbopenbid.pubmatic.com,response,2.6-202606,True,0,0,0
p002017,androidauthority.com,hbopenbid.pubmatic.com,response,2.6-202606,True,0,0,0
p002018,9to5mac.com,hbopenbid.pubmatic.com,response,2.6-202606,True,0,0,0
p002019,9to5mac.com,hbopenbid.pubmatic.com,response,2.6-202606,True,0,0,0
p002020,cbssports.com,hbopenbid.pubmatic.com,response,2.6-202606,True,0,0,0
p002021,si.com,hbopenbid.pubmatic.com,response,2.6-202606,True,0,0,0
p002022,cbssports.com,hbopenbid.pubmatic.com,response,2.6-202606,True,0,0,0
p002023,talksport.com,hbopenbid.pubmatic.com,response,2.6-202606,True,0,0,0
p002024,wunderground.com,hbopenbid.pubmatic.com,response,2.6-202606,True,0,0,0
p002025,tasteofhome.com,hbopenbid.pubmatic.com,response,2.6-202606,True,0,0,0
p002026,tmz.com,hbopenbid.pubmatic.com,response,2.6-202606,True,0,0,0
p002027,thrillist.com,hbopenbid.pubmatic.com,response,2.6-202606,True,0,0,0
p002028,boredpanda.com,hbopenbid.pubmatic.com,response,2.6-202606,True,0,0,0
p002029,boredpanda.com,hbopenbid.pubmatic.com,response,2.6-202606,True,0,0,0
p002030,ranker.com,hbopenbid.pubmatic.com,response,2.6-202606,True,0,0,0
p002031,ranker.com,hbopenbid.pubmatic.com,response,2.6-202606,True,0,0,0
p002032,ranker.com,hbopenbid.pubmatic.com,response,2.6-202606,True,0,0,0
p002033,ranker.com,hbopenbid.pubmatic.com,response,2.6-202606,True,0,0,0
p002034,ranker.com,hbopenbid.pubmatic.com,response,2.6-202606,True,0,0,0
p002035,foxnews.com,htlb.casalemedia.com,request,2.6-202606,True,0,0,0
p002036,foxnews.com,htlb.casalemedia.com,request,2.6-202606,False,2,1,1
p002037,pagesix.com,htlb.casalemedia.com,request,2.6-202606,False,1,1,0
p002038,nypost.com,htlb.casalemedia.com,request,2.6-202606,True,0,0,0
p002039,nypost.com,htlb.casalemedia.com,request,2.6-202606,False,1,1,0
p002040,nypost.com,htlb.casalemedia.com,request,2.6-202606,False,1,1,0
p002041,pagesix.com,htlb.casalemedia.com,request,2.6-202606,True,0,0,0
p002042,pagesix.com,htlb.casalemedia.com,request,2.6-202606,False,1,1,0
p002043,foxnews.com,htlb.casalemedia.com,request,2.6-202606,True,0,0,0
p002044,foxnews.com,htlb.casalemedia.com,request,2.6-202606,False,2,1,1
p002045,pagesix.com,htlb.casalemedia.com,request,2.6-202606,True,0,0,0
p002046,foxnews.com,htlb.casalemedia.com,request,2.6-202606,True,0,0,0
p002047,nypost.com,htlb.casalemedia.com,request,2.6-202606,True,0,0,0
p002048,pagesix.com,htlb.casalemedia.com,request,2.6-202606,False,1,1,0
p002049,pagesix.com,htlb.casalemedia.com,request,2.6-202606,True,0,0,0
p002050,nypost.com,htlb.casalemedia.com,request,2.6-202606,False,1,1,0
p002051,foxnews.com,htlb.casalemedia.com,request,2.6-202606,True,0,0,0
p002052,foxnews.com,htlb.casalemedia.com,request,2.6-202606,True,0,0,0
p002053,foxnews.com,htlb.casalemedia.com,request,2.6-202606,True,0,0,0
p002054,pagesix.com,htlb.casalemedia.com,request,2.6-202606,False,2,1,1
p002055,pagesix.com,htlb.casalemedia.com,request,2.6-202606,False,2,1,1
p002056,pagesix.com,htlb.casalemedia.com,request,2.6-202606,False,2,1,1
p002057,nypost.com,htlb.casalemedia.com,request,2.6-202606,True,0,0,0
p002058,nypost.com,htlb.casalemedia.com,request,2.6-202606,True,0,0,0
p002059,pagesix.com,htlb.casalemedia.com,request,2.6-202606,True,0,0,0
p002060,pagesix.com,htlb.casalemedia.com,request,2.6-202606,False,2,1,1
p002061,pagesix.com,htlb.casalemedia.com,request,2.6-202606,False,2,1,1
p002062,pagesix.com,htlb.casalemedia.com,request,2.6-202606,False,2,1,1
p002063,pagesix.com,htlb.casalemedia.com,request,2.6-202606,False,2,1,1
p002064,nypost.com,htlb.casalemedia.com,request,2.6-202606,False,2,1,1
p002065,nypost.com,htlb.casalemedia.com,request,2.6-202606,False,2,1,1
p002066,nypost.com,htlb.casalemedia.com,request,2.6-202606,False,2,1,1
p002067,nypost.com,htlb.casalemedia.com,request,2.6-202606,False,2,1,1
p002068,nypost.com,htlb.casalemedia.com,request,2.6-202606,False,2,1,1
p002069,chicagotribune.com,htlb.casalemedia.com,request,2.6-202606,True,0,0,0
p002070,chicagotribune.com,htlb.casalemedia.com,request,2.6-202606,False,2,1,1
p002071,chicagotribune.com,htlb.casalemedia.com,request,2.6-202606,True,0,0,0
p002072,chicagotribune.com,htlb.casalemedia.com,request,2.6-202606,False,2,1,1
p002073,chicagotribune.com,htlb.casalemedia.com,request,2.6-202606,True,0,0,0
p002074,chicagotribune.com,htlb.casalemedia.com,request,2.6-202606,True,0,0,0
p002075,chicagotribune.com,htlb.casalemedia.com,request,2.6-202606,False,2,1,1
p002076,usatoday.com,htlb.casalemedia.com,request,2.6-202606,False,4,3,1
p002077,chicagotribune.com,htlb.casalemedia.com,request,2.6-202606,True,0,0,0
p002078,chicagotribune.com,htlb.casalemedia.com,request,2.6-202606,True,0,0,0
p002079,chicagotribune.com,htlb.casalemedia.com,request,2.6-202606,True,0,0,0
p002080,chicagotribune.com,htlb.casalemedia.com,request,2.6-202606,False,3,2,1
p002081,chicagotribune.com,htlb.casalemedia.com,request,2.6-202606,False,3,2,1
p002082,nydailynews.com,htlb.casalemedia.com,request,2.6-202606,True,0,0,0
p002083,thedailybeast.com,htlb.casalemedia.com,request,2.6-202606,True,0,0,0
p002084,nydailynews.com,htlb.casalemedia.com,request,2.6-202606,False,2,1,1
p002085,nydailynews.com,htlb.casalemedia.com,request,2.6-202606,True,0,0,0
p002086,nydailynews.com,htlb.casalemedia.com,request,2.6-202606,False,2,1,1
p002087,thedailybeast.com,htlb.casalemedia.com,request,2.6-202606,True,0,0,0
p002088,businessinsider.com,htlb.casalemedia.com,request,2.6-202606,True,0,0,0
p002089,thedailybeast.com,htlb.casalemedia.com,request,2.6-202606,True,0,0,0
p002090,nydailynews.com,htlb.casalemedia.com,request,2.6-202606,True,0,0,0
p002091,thedailybeast.com,htlb.casalemedia.com,request,2.6-202606,True,0,0,0
p002092,nydailynews.com,htlb.casalemedia.com,request,2.6-202606,True,0,0,0
p002093,businessinsider.com,htlb.casalemedia.com,request,2.6-202606,True,0,0,0
p002094,businessinsider.com,htlb.casalemedia.com,request,2.6-202606,True,0,0,0
p002095,businessinsider.com,htlb.casalemedia.com,request,2.6-202606,True,0,0,0
p002096,nydailynews.com,htlb.casalemedia.com,request,2.6-202606,False,2,1,1
p002097,thedailybeast.com,htlb.casalemedia.com,request,2.6-202606,True,0,0,0
p002098,nydailynews.com,htlb.casalemedia.com,request,2.6-202606,False,2,1,1
p002099,nydailynews.com,htlb.casalemedia.com,request,2.6-202606,True,0,0,0
p002100,nydailynews.com,htlb.casalemedia.com,request,2.6-202606,True,0,0,0
p002101,nydailynews.com,htlb.casalemedia.com,request,2.6-202606,True,0,0,0
p002102,independent.co.uk,htlb.casalemedia.com,request,2.6-202606,False,3,2,1
p002103,thesun.co.uk,htlb.casalemedia.com,request,2.6-202606,False,1,1,0
p002104,thesun.co.uk,htlb.casalemedia.com,request,2.6-202606,False,2,2,0
p002105,thesun.co.uk,htlb.casalemedia.com,request,2.6-202606,False,1,1,0
p002106,thesun.co.uk,htlb.casalemedia.com,request,2.6-202606,False,2,2,0
p002107,metro.co.uk,htlb.casalemedia.com,request,2.6-202606,False,1,1,0
p002108,metro.co.uk,htlb.casalemedia.com,request,2.6-202606,False,3,2,1
p002109,metro.co.uk,htlb.casalemedia.com,request,2.6-202606,False,1,1,0
p002110,thesun.co.uk,htlb.casalemedia.com,request,2.6-202606,False,1,1,0
p002111,thesun.co.uk,htlb.casalemedia.com,request,2.6-202606,False,3,2,1
p002112,thesun.co.uk,htlb.casalemedia.com,request,2.6-202606,False,1,1,0
p002113,thesun.co.uk,htlb.casalemedia.com,request,2.6-202606,False,1,1,0
p002114,thesun.co.uk,htlb.casalemedia.com,request,2.6-202606,False,2,2,0
p002115,thesun.co.uk,htlb.casalemedia.com,request,2.6-202606,False,3,2,1
p002116,standard.co.uk,htlb.casalemedia.com,request,2.6-202606,False,4,3,1
p002117,thesun.co.uk,htlb.casalemedia.com,request,2.6-202606,False,1,1,0
p002118,metro.co.uk,htlb.casalemedia.com,request,2.6-202606,False,1,1,0
p002119,metro.co.uk,htlb.casalemedia.com,request,2.6-202606,False,1,1,0
p002120,cbsnews.com,htlb.casalemedia.com,request,2.6-202606,True,0,0,0
p002121,standard.co.uk,htlb.casalemedia.com,request,2.6-202606,False,7,5,2
p002122,standard.co.uk,htlb.casalemedia.com,request,2.6-202606,False,3,2,1
p002123,standard.co.uk,htlb.casalemedia.com,request,2.6-202606,False,1,1,0
p002124,standard.co.uk,htlb.casalemedia.com,request,2.6-202606,False,1,1,0
p002125,standard.co.uk,htlb.casalemedia.com,request,2.6-202606,False,3,2,1
p002126,standard.co.uk,htlb.casalemedia.com,request,2.6-202606,False,1,1,0
p002127,standard.co.uk,htlb.casalemedia.com,request,2.6-202606,False,1,1,0
p002128,nbcnews.com,htlb.casalemedia.com,request,2.6-202606,True,0,0,0
p002129,abcnews.go.com,htlb.casalemedia.com,request,2.6-202606,True,0,0,0
p002130,nbcnews.com,htlb.casalemedia.com,request,2.6-202606,True,0,0,0
p002131,cbsnews.com,htlb.casalemedia.com,request,2.6-202606,True,0,0,0
p002132,time.com,htlb.casalemedia.com,request,2.6-202606,False,1,1,0
p002133,time.com,htlb.casalemedia.com,request,2.6-202606,False,1,1,0
p002134,time.com,htlb.casalemedia.com,request,2.6-202606,False,1,1,0
p002135,time.com,htlb.casalemedia.com,request,2.6-202606,False,1,1,0
p002136,time.com,htlb.casalemedia.com,request,2.6-202606,False,1,1,0
p002137,abcnews.go.com,htlb.casalemedia.com,request,2.6-202606,True,0,0,0
p002138,slate.com,htlb.casalemedia.com,request,2.6-202606,True,0,0,0
p002139,time.com,htlb.casalemedia.com,request,2.6-202606,False,1,1,0
p002140,time.com,htlb.casalemedia.com,request,2.6-202606,False,1,1,0
p002141,slate.com,htlb.casalemedia.com,request,2.6-202606,True,0,0,0
p002142,salon.com,htlb.casalemedia.com,request,2.6-202606,True,0,0,0
p002143,salon.com,htlb.casalemedia.com,request,2.6-202606,True,0,0,0
p002144,slate.com,htlb.casalemedia.com,request,2.6-202606,True,0,0,0
p002145,vox.com,htlb.casalemedia.com,request,2.6-202606,True,0,0,0
p002146,theverge.com,htlb.casalemedia.com,request,2.6-202606,True,0,0,0
p002147,vox.com,htlb.casalemedia.com,request,2.6-202606,True,0,0,0
p002148,salon.com,htlb.casalemedia.com,request,2.6-202606,True,0,0,0
p002149,salon.com,htlb.casalemedia.com,request,2.6-202606,True,0,0,0
p002150,salon.com,htlb.casalemedia.com,request,2.6-202606,True,0,0,0
p002151,salon.com,htlb.casalemedia.com,request,2.6-202606,False,3,2,1
p002152,salon.com,htlb.casalemedia.com,request,2.6-202606,True,0,0,0
p002153,salon.com,htlb.casalemedia.com,request,2.6-202606,False,3,2,1
p002154,salon.com,htlb.casalemedia.com,request,2.6-202606,False,3,2,1
p002155,salon.com,htlb.casalemedia.com,request,2.6-202606,True,0,0,0
p002156,salon.com,htlb.casalemedia.com,request,2.6-202606,True,0,0,0
p002157,salon.com,htlb.casalemedia.com,request,2.6-202606,True,0,0,0
p002158,salon.com,htlb.casalemedia.com,request,2.6-202606,True,0,0,0
p002159,salon.com,htlb.casalemedia.com,request,2.6-202606,True,0,0,0
p002160,salon.com,htlb.casalemedia.com,request,2.6-202606,False,3,2,1
p002161,salon.com,htlb.casalemedia.com,request,2.6-202606,False,3,2,1
p002162,vox.com,htlb.casalemedia.com,request,2.6-202606,True,0,0,0
p002163,salon.com,htlb.casalemedia.com,request,2.6-202606,False,3,2,1
p002164,salon.com,htlb.casalemedia.com,request,2.6-202606,False,3,2,1
p002165,salon.com,htlb.casalemedia.com,request,2.6-202606,False,3,2,1
p002166,salon.com,htlb.casalemedia.com,request,2.6-202606,False,3,2,1
p002167,theverge.com,htlb.casalemedia.com,request,2.6-202606,True,0,0,0
p002168,salon.com,htlb.casalemedia.com,request,2.6-202606,False,3,2,1
p002169,salon.com,htlb.casalemedia.com,request,2.6-202606,False,3,2,1
p002170,vox.com,htlb.casalemedia.com,request,2.6-202606,True,0,0,0
p002171,engadget.com,htlb.casalemedia.com,request,2.6-202606,True,0,0,0
p002172,engadget.com,htlb.casalemedia.com,request,2.6-202606,False,3,2,1
p002173,vox.com,htlb.casalemedia.com,request,2.6-202606,True,0,0,0
p002174,vox.com,htlb.casalemedia.com,request,2.6-202606,True,0,0,0
p002175,theverge.com,htlb.casalemedia.com,request,2.6-202606,True,0,0,0
p002176,theverge.com,htlb.casalemedia.com,request,2.6-202606,True,0,0,0
p002177,engadget.com,htlb.casalemedia.com,request,2.6-202606,False,3,2,1
p002178,engadget.com,htlb.casalemedia.com,request,2.6-202606,False,3,2,1
p002179,techcrunch.com,htlb.casalemedia.com,request,2.6-202606,True,0,0,0
p002180,techcrunch.com,htlb.casalemedia.com,request,2.6-202606,True,0,0,0
p002181,techcrunch.com,htlb.casalemedia.com,request,2.6-202606,True,0,0,0
p002182,techcrunch.com,htlb.casalemedia.com,request,2.6-202606,True,0,0,0
p002183,engadget.com,htlb.casalemedia.com,request,2.6-202606,True,0,0,0
p002184,cnet.com,htlb.casalemedia.com,request,2.6-202606,True,0,0,0
p002185,engadget.com,htlb.casalemedia.com,request,2.6-202606,False,3,2,1
p002186,techcrunch.com,htlb.casalemedia.com,request,2.6-202606,True,0,0,0
p002187,engadget.com,htlb.casalemedia.com,request,2.6-202606,False,3,2,1
p002188,engadget.com,htlb.casalemedia.com,request,2.6-202606,False,3,2,1
p002189,techcrunch.com,htlb.casalemedia.com,request,2.6-202606,True,0,0,0
p002190,techcrunch.com,htlb.casalemedia.com,request,2.6-202606,True,0,0,0
p002191,techcrunch.com,htlb.casalemedia.com,request,2.6-202606,True,0,0,0
p002192,zdnet.com,htlb.casalemedia.com,request,2.6-202606,True,0,0,0
p002193,cnet.com,htlb.casalemedia.com,request,2.6-202606,True,0,0,0
p002194,cnet.com,htlb.casalemedia.com,request,2.6-202606,True,0,0,0
p002195,tomshardware.com,htlb.casalemedia.com,request,2.6-202606,False,1,1,0
p002196,zdnet.com,htlb.casalemedia.com,request,2.6-202606,True,0,0,0
p002197,zdnet.com,htlb.casalemedia.com,request,2.6-202606,True,0,0,0
p002198,zdnet.com,htlb.casalemedia.com,request,2.6-202606,False,2,1,1
p002199,tomsguide.com,htlb.casalemedia.com,request,2.6-202606,False,1,1,0
p002200,pcmag.com,htlb.casalemedia.com,request,2.6-202606,True,0,0,0
p002201,tomshardware.com,htlb.casalemedia.com,request,2.6-202606,False,1,1,0
p002202,pcmag.com,htlb.casalemedia.com,request,2.6-202606,True,0,0,0
p002203,pcmag.com,htlb.casalemedia.com,request,2.6-202606,True,0,0,0
p002204,pcmag.com,htlb.casalemedia.com,request,2.6-202606,True,0,0,0
p002205,pcmag.com,htlb.casalemedia.com,request,2.6-202606,True,0,0,0
p002206,pcmag.com,htlb.casalemedia.com,request,2.6-202606,True,0,0,0
p002207,androidauthority.com,htlb.casalemedia.com,request,2.6-202606,True,0,0,0
p002208,androidauthority.com,htlb.casalemedia.com,request,2.6-202606,True,0,0,0
p002209,androidauthority.com,htlb.casalemedia.com,request,2.6-202606,True,0,0,0
p002210,androidauthority.com,htlb.casalemedia.com,request,2.6-202606,True,0,0,0
p002211,androidauthority.com,htlb.casalemedia.com,request,2.6-202606,True,0,0,0
p002212,androidauthority.com,htlb.casalemedia.com,request,2.6-202606,False,2,1,1
p002213,androidauthority.com,htlb.casalemedia.com,request,2.6-202606,False,3,2,1
p002214,androidauthority.com,htlb.casalemedia.com,request,2.6-202606,False,3,2,1
p002215,androidauthority.com,htlb.casalemedia.com,request,2.6-202606,False,3,2,1
p002216,macrumors.com,htlb.casalemedia.com,request,2.6-202606,True,0,0,0
p002217,macrumors.com,htlb.casalemedia.com,request,2.6-202606,True,0,0,0
p002218,macrumors.com,htlb.casalemedia.com,request,2.6-202606,False,3,2,1
p002219,macrumors.com,htlb.casalemedia.com,request,2.6-202606,True,0,0,0
p002220,macrumors.com,htlb.casalemedia.com,request,2.6-202606,True,0,0,0
p002221,macrumors.com,htlb.casalemedia.com,request,2.6-202606,True,0,0,0
p002222,macrumors.com,htlb.casalemedia.com,request,2.6-202606,True,0,0,0
p002223,macrumors.com,htlb.casalemedia.com,request,2.6-202606,True,0,0,0
p002224,macrumors.com,htlb.casalemedia.com,request,2.6-202606,True,0,0,0
p002225,macrumors.com,htlb.casalemedia.com,request,2.6-202606,True,0,0,0
p002226,macrumors.com,htlb.casalemedia.com,request,2.6-202606,True,0,0,0
p002227,androidauthority.com,htlb.casalemedia.com,request,2.6-202606,False,2,1,1
p002228,macrumors.com,htlb.casalemedia.com,request,2.6-202606,True,0,0,0
p002229,macrumors.com,htlb.casalemedia.com,request,2.6-202606,True,0,0,0
p002230,macrumors.com,htlb.casalemedia.com,request,2.6-202606,True,0,0,0
p002231,macrumors.com,htlb.casalemedia.com,request,2.6-202606,False,3,2,1
p002232,macrumors.com,htlb.casalemedia.com,request,2.6-202606,True,0,0,0
p002233,macrumors.com,htlb.casalemedia.com,request,2.6-202606,True,0,0,0
p002234,macrumors.com,htlb.casalemedia.com,request,2.6-202606,True,0,0,0
p002235,macrumors.com,htlb.casalemedia.com,request,2.6-202606,True,0,0,0
p002236,macrumors.com,htlb.casalemedia.com,request,2.6-202606,True,0,0,0
p002237,macrumors.com,htlb.casalemedia.com,request,2.6-202606,True,0,0,0
p002238,macrumors.com,htlb.casalemedia.com,request,2.6-202606,True,0,0,0
p002239,macrumors.com,htlb.casalemedia.com,request,2.6-202606,True,0,0,0
p002240,makeuseof.com,htlb.casalemedia.com,request,2.6-202606,False,4,3,1
p002241,makeuseof.com,htlb.casalemedia.com,request,2.6-202606,False,1,1,0
p002242,cbr.com,htlb.casalemedia.com,request,2.6-202606,False,4,3,1
p002243,cbr.com,htlb.casalemedia.com,request,2.6-202606,False,1,1,0
p002244,ign.com,htlb.casalemedia.com,request,2.6-202606,True,0,0,0
p002245,gamespot.com,htlb.casalemedia.com,request,2.6-202606,True,0,0,0
p002246,gamespot.com,htlb.casalemedia.com,request,2.6-202606,True,0,0,0
p002247,gamespot.com,htlb.casalemedia.com,request,2.6-202606,True,0,0,0
p002248,gamespot.com,htlb.casalemedia.com,request,2.6-202606,True,0,0,0
p002249,gamespot.com,htlb.casalemedia.com,request,2.6-202606,True,0,0,0
p002250,pcgamer.com,htlb.casalemedia.com,request,2.6-202606,False,4,3,1
p002251,pcgamer.com,htlb.casalemedia.com,request,2.6-202606,False,1,1,0
p002252,pcgamer.com,htlb.casalemedia.com,request,2.6-202606,False,1,1,0
p002253,kotaku.com,htlb.casalemedia.com,request,2.6-202606,False,2,1,1
p002254,kotaku.com,htlb.casalemedia.com,request,2.6-202606,False,2,1,1
p002255,rockpapershotgun.com,htlb.casalemedia.com,request,2.6-202606,True,0,0,0
p002256,rockpapershotgun.com,htlb.casalemedia.com,request,2.6-202606,True,0,0,0
p002257,rockpapershotgun.com,htlb.casalemedia.com,request,2.6-202606,True,0,0,0
p002258,rockpapershotgun.com,htlb.casalemedia.com,request,2.6-202606,True,0,0,0
p002259,eurogamer.net,htlb.casalemedia.com,request,2.6-202606,True,0,0,0
p002260,eurogamer.net,htlb.casalemedia.com,request,2.6-202606,True,0,0,0
p002261,eurogamer.net,htlb.casalemedia.com,request,2.6-202606,True,0,0,0
p002262,eurogamer.net,htlb.casalemedia.com,request,2.6-202606,True,0,0,0
p002263,eurogamer.net,htlb.casalemedia.com,request,2.6-202606,False,2,1,1
p002264,rockpapershotgun.com,htlb.casalemedia.com,request,2.6-202606,True,0,0,0
p002265,rockpapershotgun.com,htlb.casalemedia.com,request,2.6-202606,True,0,0,0
p002266,rockpapershotgun.com,htlb.casalemedia.com,request,2.6-202606,True,0,0,0
p002267,rockpapershotgun.com,htlb.casalemedia.com,request,2.6-202606,True,0,0,0
p002268,rockpapershotgun.com,htlb.casalemedia.com,request,2.6-202606,False,2,1,1
p002269,rockpapershotgun.com,htlb.casalemedia.com,request,2.6-202606,True,0,0,0
p002270,vg247.com,htlb.casalemedia.com,request,2.6-202606,True,0,0,0
p002271,vg247.com,htlb.casalemedia.com,request,2.6-202606,True,0,0,0
p002272,eurogamer.net,htlb.casalemedia.com,request,2.6-202606,True,0,0,0
p002273,eurogamer.net,htlb.casalemedia.com,request,2.6-202606,True,0,0,0
p002274,eurogamer.net,htlb.casalemedia.com,request,2.6-202606,True,0,0,0
p002275,vg247.com,htlb.casalemedia.com,request,2.6-202606,True,0,0,0
p002276,rockpapershotgun.com,htlb.casalemedia.com,request,2.6-202606,False,2,1,1
p002277,eurogamer.net,htlb.casalemedia.com,request,2.6-202606,True,0,0,0
p002278,vg247.com,htlb.casalemedia.com,request,2.6-202606,True,0,0,0
p002279,dexerto.com,htlb.casalemedia.com,request,2.6-202606,True,0,0,0
p002280,dexerto.com,htlb.casalemedia.com,request,2.6-202606,True,0,0,0
p002281,vg247.com,htlb.casalemedia.com,request,2.6-202606,True,0,0,0
p002282,vg247.com,htlb.casalemedia.com,request,2.6-202606,True,0,0,0
p002283,vg247.com,htlb.casalemedia.com,request,2.6-202606,True,0,0,0
p002284,vg247.com,htlb.casalemedia.com,request,2.6-202606,True,0,0,0
p002285,dexerto.com,htlb.casalemedia.com,request,2.6-202606,True,0,0,0
p002286,dexerto.com,htlb.casalemedia.com,request,2.6-202606,True,0,0,0
p002287,dexerto.com,htlb.casalemedia.com,request,2.6-202606,True,0,0,0
p002288,cbssports.com,htlb.casalemedia.com,request,2.6-202606,True,0,0,0
p002289,sportingnews.com,htlb.casalemedia.com,request,2.6-202606,True,0,0,0
p002290,si.com,htlb.casalemedia.com,request,2.6-202606,False,2,1,1
p002291,si.com,htlb.casalemedia.com,request,2.6-202606,False,2,1,1
p002292,si.com,htlb.casalemedia.com,request,2.6-202606,True,0,0,0
p002293,cbssports.com,htlb.casalemedia.com,request,2.6-202606,True,0,0,0
p002294,si.com,htlb.casalemedia.com,request,2.6-202606,False,2,1,1
p002295,bleacherreport.com,htlb.casalemedia.com,request,2.6-202606,True,0,0,0
p002296,bleacherreport.com,htlb.casalemedia.com,request,2.6-202606,True,0,0,0
p002297,bleacherreport.com,htlb.casalemedia.com,request,2.6-202606,True,0,0,0
p002298,bleacherreport.com,htlb.casalemedia.com,request,2.6-202606,True,0,0,0
p002299,bleacherreport.com,htlb.casalemedia.com,request,2.6-202606,True,0,0,0
p002300,bleacherreport.com,htlb.casalemedia.com,request,2.6-202606,True,0,0,0
p002301,bleacherreport.com,htlb.casalemedia.com,request,2.6-202606,True,0,0,0
p002302,bleacherreport.com,htlb.casalemedia.com,request,2.6-202606,True,0,0,0
p002303,bleacherreport.com,htlb.casalemedia.com,request,2.6-202606,True,0,0,0
p002304,bleacherreport.com,htlb.casalemedia.com,request,2.6-202606,True,0,0,0
p002305,bleacherreport.com,htlb.casalemedia.com,request,2.6-202606,True,0,0,0
p002306,bleacherreport.com,htlb.casalemedia.com,request,2.6-202606,True,0,0,0
p002307,bleacherreport.com,htlb.casalemedia.com,request,2.6-202606,True,0,0,0
p002308,bleacherreport.com,htlb.casalemedia.com,request,2.6-202606,True,0,0,0
p002309,bleacherreport.com,htlb.casalemedia.com,request,2.6-202606,True,0,0,0
p002310,bleacherreport.com,htlb.casalemedia.com,request,2.6-202606,True,0,0,0
p002311,bleacherreport.com,htlb.casalemedia.com,request,2.6-202606,True,0,0,0
p002312,bleacherreport.com,htlb.casalemedia.com,request,2.6-202606,True,0,0,0
p002313,bleacherreport.com,htlb.casalemedia.com,request,2.6-202606,True,0,0,0
p002314,bleacherreport.com,htlb.casalemedia.com,request,2.6-202606,True,0,0,0
p002315,goal.com,htlb.casalemedia.com,request,2.6-202606,True,0,0,0
p002316,goal.com,htlb.casalemedia.com,request,2.6-202606,False,2,1,1
p002317,goal.com,htlb.casalemedia.com,request,2.6-202606,False,2,1,1
p002318,weather.com,htlb.casalemedia.com,request,2.6-202606,True,0,0,0
p002319,weather.com,htlb.casalemedia.com,request,2.6-202606,False,1,1,0
p002320,goal.com,htlb.casalemedia.com,request,2.6-202606,False,2,1,1
p002321,weather.com,htlb.casalemedia.com,request,2.6-202606,False,1,1,0
p002322,weather.com,htlb.casalemedia.com,request,2.6-202606,False,1,1,0
p002323,weather.com,htlb.casalemedia.com,request,2.6-202606,False,2,1,1
p002324,weather.com,htlb.casalemedia.com,request,2.6-202606,False,2,1,1
p002325,weather.com,htlb.casalemedia.com,request,2.6-202606,False,2,1,1
p002326,weather.com,htlb.casalemedia.com,request,2.6-202606,False,2,1,1
p002327,wunderground.com,htlb.casalemedia.com,request,2.6-202606,True,0,0,0
p002328,wunderground.com,htlb.casalemedia.com,request,2.6-202606,True,0,0,0
p002329,benzinga.com,htlb.casalemedia.com,request,2.6-202606,True,0,0,0
p002330,benzinga.com,htlb.casalemedia.com,request,2.6-202606,True,0,0,0
p002331,kiplinger.com,htlb.casalemedia.com,request,2.6-202606,False,1,1,0
p002332,allrecipes.com,htlb.casalemedia.com,request,2.6-202606,False,1,1,0
p002333,allrecipes.com,htlb.casalemedia.com,request,2.6-202606,False,3,3,0
p002334,allrecipes.com,htlb.casalemedia.com,request,2.6-202606,False,3,3,0
p002335,allrecipes.com,htlb.casalemedia.com,request,2.6-202606,False,3,3,0
p002336,kiplinger.com,htlb.casalemedia.com,request,2.6-202606,False,1,1,0
p002337,delish.com,htlb.casalemedia.com,request,2.6-202606,False,2,2,0
p002338,delish.com,htlb.casalemedia.com,request,2.6-202606,True,0,0,0
p002339,foodnetwork.com,htlb.casalemedia.com,request,2.6-202606,True,0,0,0
p002340,foodnetwork.com,htlb.casalemedia.com,request,2.6-202606,True,0,0,0
p002341,delish.com,htlb.casalemedia.com,request,2.6-202606,False,2,2,0
p002342,tasteofhome.com,htlb.casalemedia.com,request,2.6-202606,True,0,0,0
p002343,tasteofhome.com,htlb.casalemedia.com,request,2.6-202606,True,0,0,0
p002344,tasteofhome.com,htlb.casalemedia.com,request,2.6-202606,True,0,0,0
p002345,delish.com,htlb.casalemedia.com,request,2.6-202606,False,2,2,0
p002346,simplyrecipes.com,htlb.casalemedia.com,request,2.6-202606,False,1,1,0
p002347,simplyrecipes.com,htlb.casalemedia.com,request,2.6-202606,True,0,0,0
p002348,tasteofhome.com,htlb.casalemedia.com,request,2.6-202606,True,0,0,0
p002349,tasteofhome.com,htlb.casalemedia.com,request,2.6-202606,True,0,0,0
p002350,tasteofhome.com,htlb.casalemedia.com,request,2.6-202606,True,0,0,0
p002351,thespruceeats.com,htlb.casalemedia.com,request,2.6-202606,False,1,1,0
p002352,thespruceeats.com,htlb.casalemedia.com,request,2.6-202606,False,1,1,0
p002353,healthline.com,htlb.casalemedia.com,request,2.6-202606,False,2,2,0
p002354,verywellhealth.com,htlb.casalemedia.com,request,2.6-202606,False,1,1,0
p002355,verywellhealth.com,htlb.casalemedia.com,request,2.6-202606,False,1,1,0
p002356,verywellhealth.com,htlb.casalemedia.com,request,2.6-202606,False,1,1,0
p002357,verywellhealth.com,htlb.casalemedia.com,request,2.6-202606,False,3,3,0
p002358,people.com,htlb.casalemedia.com,request,2.6-202606,True,0,0,0
p002359,people.com,htlb.casalemedia.com,request,2.6-202606,False,3,3,0
p002360,people.com,htlb.casalemedia.com,request,2.6-202606,False,3,3,0
p002361,people.com,htlb.casalemedia.com,request,2.6-202606,False,1,1,0
p002362,people.com,htlb.casalemedia.com,request,2.6-202606,False,3,3,0
p002363,eonline.com,htlb.casalemedia.com,request,2.6-202606,True,0,0,0
p002364,eonline.com,htlb.casalemedia.com,request,2.6-202606,True,0,0,0
p002365,eonline.com,htlb.casalemedia.com,request,2.6-202606,True,0,0,0
p002366,eonline.com,htlb.casalemedia.com,request,2.6-202606,True,0,0,0
p002367,eonline.com,htlb.casalemedia.com,request,2.6-202606,True,0,0,0
p002368,eonline.com,htlb.casalemedia.com,request,2.6-202606,True,0,0,0
p002369,tmz.com,htlb.casalemedia.com,request,2.6-202606,True,0,0,0
p002370,tmz.com,htlb.casalemedia.com,request,2.6-202606,True,0,0,0
p002371,eonline.com,htlb.casalemedia.com,request,2.6-202606,True,0,0,0
p002372,stereogum.com,htlb.casalemedia.com,request,2.6-202606,True,0,0,0
p002373,stereogum.com,htlb.casalemedia.com,request,2.6-202606,False,3,2,1
p002374,thrillist.com,htlb.casalemedia.com,request,2.6-202606,True,0,0,0
p002375,thrillist.com,htlb.casalemedia.com,request,2.6-202606,True,0,0,0
p002376,thrillist.com,htlb.casalemedia.com,request,2.6-202606,True,0,0,0
p002377,stereogum.com,htlb.casalemedia.com,request,2.6-202606,True,0,0,0
p002378,stereogum.com,htlb.casalemedia.com,request,2.6-202606,False,3,2,1
p002379,thrillist.com,htlb.casalemedia.com,request,2.6-202606,True,0,0,0
p002380,timeout.com,htlb.casalemedia.com,request,2.6-202606,False,3,2,1
p002381,timeout.com,htlb.casalemedia.com,request,2.6-202606,False,3,2,1
p002382,thrillist.com,htlb.casalemedia.com,request,2.6-202606,True,0,0,0
p002383,boredpanda.com,htlb.casalemedia.com,request,2.6-202606,False,1,1,0
p002384,timeout.com,htlb.casalemedia.com,request,2.6-202606,False,6,5,1
p002385,timeout.com,htlb.casalemedia.com,request,2.6-202606,True,0,0,0
p002386,timeout.com,htlb.casalemedia.com,request,2.6-202606,True,0,0,0
p002387,timeout.com,htlb.casalemedia.com,request,2.6-202606,True,0,0,0
p002388,timeout.com,htlb.casalemedia.com,request,2.6-202606,False,2,1,1
p002389,timeout.com,htlb.casalemedia.com,request,2.6-202606,True,0,0,0
p002390,boredpanda.com,htlb.casalemedia.com,request,2.6-202606,True,0,0,0
p002391,ladbible.com,htlb.casalemedia.com,request,2.6-202606,False,1,1,0
p002392,ladbible.com,htlb.casalemedia.com,request,2.6-202606,False,2,1,1
p002393,ladbible.com,htlb.casalemedia.com,request,2.6-202606,False,2,1,1
p002394,distractify.com,htlb.casalemedia.com,request,2.6-202606,False,3,2,1
p002395,unilad.com,htlb.casalemedia.com,request,2.6-202606,False,1,1,0
p002396,unilad.com,htlb.casalemedia.com,request,2.6-202606,False,1,1,0
p002397,unilad.com,htlb.casalemedia.com,request,2.6-202606,False,2,1,1
p002398,unilad.com,htlb.casalemedia.com,request,2.6-202606,False,2,1,1
p002399,unilad.com,htlb.casalemedia.com,request,2.6-202606,False,2,1,1
p002400,unilad.com,htlb.casalemedia.com,request,2.6-202606,False,2,1,1
p002401,unilad.com,htlb.casalemedia.com,request,2.6-202606,False,1,1,0
p002402,unilad.com,htlb.casalemedia.com,request,2.6-202606,False,1,1,0
p002403,distractify.com,htlb.casalemedia.com,request,2.6-202606,False,3,2,1
p002404,distractify.com,htlb.casalemedia.com,request,2.6-202606,True,0,0,0
p002405,distractify.com,htlb.casalemedia.com,request,2.6-202606,False,3,2,1
p002406,unilad.com,htlb.casalemedia.com,request,2.6-202606,False,2,1,1
p002407,unilad.com,htlb.casalemedia.com,request,2.6-202606,False,2,1,1
p002408,ranker.com,htlb.casalemedia.com,request,2.6-202606,True,0,0,0
p002409,distractify.com,htlb.casalemedia.com,request,2.6-202606,False,3,2,1
p002410,ranker.com,htlb.casalemedia.com,request,2.6-202606,True,0,0,0
p002411,ranker.com,htlb.casalemedia.com,request,2.6-202606,True,0,0,0
p002412,ranker.com,htlb.casalemedia.com,request,2.6-202606,False,3,2,1
p002413,ranker.com,htlb.casalemedia.com,request,2.6-202606,True,0,0,0
p002414,ranker.com,htlb.casalemedia.com,request,2.6-202606,True,0,0,0
p002415,ranker.com,htlb.casalemedia.com,request,2.6-202606,False,3,2,1
p002416,ranker.com,htlb.casalemedia.com,request,2.6-202606,False,3,2,1
p002417,ranker.com,htlb.casalemedia.com,request,2.6-202606,False,3,2,1
p002418,ranker.com,htlb.casalemedia.com,request,2.6-202606,False,3,2,1
p002419,slashfilm.com,htlb.casalemedia.com,request,2.6-202606,True,0,0,0
p002420,looper.com,htlb.casalemedia.com,request,2.6-202606,False,4,3,1
p002421,slashfilm.com,htlb.casalemedia.com,request,2.6-202606,True,0,0,0
p002422,slashfilm.com,htlb.casalemedia.com,request,2.6-202606,False,3,2,1
p002423,mashed.com,htlb.casalemedia.com,request,2.6-202606,True,0,0,0
p002424,mashed.com,htlb.casalemedia.com,request,2.6-202606,False,3,2,1
p002425,sfgate.com,htlb.casalemedia.com,request,2.6-202606,True,0,0,0
p002426,sfgate.com,htlb.casalemedia.com,request,2.6-202606,False,3,2,1
p002427,tastingtable.com,htlb.casalemedia.com,request,2.6-202606,True,0,0,0
p002428,pagesix.com,htlb.casalemedia.com,response,2.6-202606,False,1,1,0
p002429,nypost.com,htlb.casalemedia.com,response,2.6-202606,False,1,1,0
p002430,nypost.com,htlb.casalemedia.com,response,2.6-202606,False,1,1,0
p002431,nypost.com,htlb.casalemedia.com,response,2.6-202606,False,1,1,0
p002432,pagesix.com,htlb.casalemedia.com,response,2.6-202606,False,1,1,0
p002433,pagesix.com,htlb.casalemedia.com,response,2.6-202606,False,1,1,0
p002434,pagesix.com,htlb.casalemedia.com,response,2.6-202606,False,1,1,0
p002435,nypost.com,htlb.casalemedia.com,response,2.6-202606,False,1,1,0
p002436,pagesix.com,htlb.casalemedia.com,response,2.6-202606,False,1,1,0
p002437,pagesix.com,htlb.casalemedia.com,response,2.6-202606,False,1,1,0
p002438,nypost.com,htlb.casalemedia.com,response,2.6-202606,False,1,1,0
p002439,nypost.com,htlb.casalemedia.com,response,2.6-202606,False,1,1,0
p002440,pagesix.com,htlb.casalemedia.com,response,2.6-202606,False,1,1,0
p002441,pagesix.com,htlb.casalemedia.com,response,2.6-202606,False,1,1,0
p002442,pagesix.com,htlb.casalemedia.com,response,2.6-202606,False,1,1,0
p002443,nypost.com,htlb.casalemedia.com,response,2.6-202606,False,1,1,0
p002444,pagesix.com,htlb.casalemedia.com,response,2.6-202606,False,1,1,0
p002445,pagesix.com,htlb.casalemedia.com,response,2.6-202606,False,1,1,0
p002446,pagesix.com,htlb.casalemedia.com,response,2.6-202606,False,1,1,0
p002447,pagesix.com,htlb.casalemedia.com,response,2.6-202606,False,1,1,0
p002448,pagesix.com,htlb.casalemedia.com,response,2.6-202606,False,1,1,0
p002449,nypost.com,htlb.casalemedia.com,response,2.6-202606,False,1,1,0
p002450,nypost.com,htlb.casalemedia.com,response,2.6-202606,False,1,1,0
p002451,nypost.com,htlb.casalemedia.com,response,2.6-202606,False,1,1,0
p002452,nypost.com,htlb.casalemedia.com,response,2.6-202606,False,1,1,0
p002453,nypost.com,htlb.casalemedia.com,response,2.6-202606,False,1,1,0
p002454,usatoday.com,htlb.casalemedia.com,response,2.6-202606,False,1,1,0
p002455,businessinsider.com,htlb.casalemedia.com,response,2.6-202606,False,1,1,0
p002456,businessinsider.com,htlb.casalemedia.com,response,2.6-202606,False,1,1,0
p002457,businessinsider.com,htlb.casalemedia.com,response,2.6-202606,False,1,1,0
p002458,businessinsider.com,htlb.casalemedia.com,response,2.6-202606,False,1,1,0
p002459,independent.co.uk,htlb.casalemedia.com,response,2.6-202606,False,1,1,0
p002460,thesun.co.uk,htlb.casalemedia.com,response,2.6-202606,False,1,1,0
p002461,thesun.co.uk,htlb.casalemedia.com,response,2.6-202606,False,1,1,0
p002462,thesun.co.uk,htlb.casalemedia.com,response,2.6-202606,False,1,1,0
p002463,thesun.co.uk,htlb.casalemedia.com,response,2.6-202606,False,1,1,0
p002464,metro.co.uk,htlb.casalemedia.com,response,2.6-202606,False,1,1,0
p002465,metro.co.uk,htlb.casalemedia.com,response,2.6-202606,False,1,1,0
p002466,metro.co.uk,htlb.casalemedia.com,response,2.6-202606,False,1,1,0
p002467,thesun.co.uk,htlb.casalemedia.com,response,2.6-202606,False,1,1,0
p002468,thesun.co.uk,htlb.casalemedia.com,response,2.6-202606,False,1,1,0
p002469,thesun.co.uk,htlb.casalemedia.com,response,2.6-202606,False,1,1,0
p002470,thesun.co.uk,htlb.casalemedia.com,response,2.6-202606,False,1,1,0
p002471,thesun.co.uk,htlb.casalemedia.com,response,2.6-202606,False,1,1,0
p002472,thesun.co.uk,htlb.casalemedia.com,response,2.6-202606,False,1,1,0
p002473,standard.co.uk,htlb.casalemedia.com,response,2.6-202606,False,1,1,0
p002474,thesun.co.uk,htlb.casalemedia.com,response,2.6-202606,False,1,1,0
p002475,metro.co.uk,htlb.casalemedia.com,response,2.6-202606,False,1,1,0
p002476,metro.co.uk,htlb.casalemedia.com,response,2.6-202606,False,1,1,0
p002477,cbsnews.com,htlb.casalemedia.com,response,2.6-202606,False,1,1,0
p002478,standard.co.uk,htlb.casalemedia.com,response,2.6-202606,False,1,1,0
p002479,standard.co.uk,htlb.casalemedia.com,response,2.6-202606,False,1,1,0
p002480,standard.co.uk,htlb.casalemedia.com,response,2.6-202606,False,1,1,0
p002481,standard.co.uk,htlb.casalemedia.com,response,2.6-202606,False,1,1,0
p002482,standard.co.uk,htlb.casalemedia.com,response,2.6-202606,False,1,1,0
p002483,standard.co.uk,htlb.casalemedia.com,response,2.6-202606,False,1,1,0
p002484,standard.co.uk,htlb.casalemedia.com,response,2.6-202606,False,1,1,0
p002485,nbcnews.com,htlb.casalemedia.com,response,2.6-202606,False,1,1,0
p002486,abcnews.go.com,htlb.casalemedia.com,response,2.6-202606,False,1,1,0
p002487,nbcnews.com,htlb.casalemedia.com,response,2.6-202606,False,1,1,0
p002488,cbsnews.com,htlb.casalemedia.com,response,2.6-202606,False,1,1,0
p002489,time.com,htlb.casalemedia.com,response,2.6-202606,False,1,1,0
p002490,time.com,htlb.casalemedia.com,response,2.6-202606,False,1,1,0
p002491,time.com,htlb.casalemedia.com,response,2.6-202606,False,1,1,0
p002492,time.com,htlb.casalemedia.com,response,2.6-202606,False,1,1,0
p002493,time.com,htlb.casalemedia.com,response,2.6-202606,False,1,1,0
p002494,abcnews.go.com,htlb.casalemedia.com,response,2.6-202606,False,1,1,0
p002495,slate.com,htlb.casalemedia.com,response,2.6-202606,False,1,1,0
p002496,time.com,htlb.casalemedia.com,response,2.6-202606,False,1,1,0
p002497,time.com,htlb.casalemedia.com,response,2.6-202606,False,1,1,0
p002498,slate.com,htlb.casalemedia.com,response,2.6-202606,False,1,1,0
p002499,salon.com,htlb.casalemedia.com,response,2.6-202606,False,1,1,0
p002500,salon.com,htlb.casalemedia.com,response,2.6-202606,False,1,1,0
p002501,slate.com,htlb.casalemedia.com,response,2.6-202606,False,1,1,0
p002502,vox.com,htlb.casalemedia.com,response,2.6-202606,False,1,1,0
p002503,theverge.com,htlb.casalemedia.com,response,2.6-202606,False,1,1,0
p002504,vox.com,htlb.casalemedia.com,response,2.6-202606,False,1,1,0
p002505,salon.com,htlb.casalemedia.com,response,2.6-202606,False,1,1,0
p002506,salon.com,htlb.casalemedia.com,response,2.6-202606,False,1,1,0
p002507,salon.com,htlb.casalemedia.com,response,2.6-202606,False,1,1,0
p002508,salon.com,htlb.casalemedia.com,response,2.6-202606,False,1,1,0
p002509,salon.com,htlb.casalemedia.com,response,2.6-202606,False,1,1,0
p002510,salon.com,htlb.casalemedia.com,response,2.6-202606,False,1,1,0
p002511,salon.com,htlb.casalemedia.com,response,2.6-202606,False,1,1,0
p002512,salon.com,htlb.casalemedia.com,response,2.6-202606,False,1,1,0
p002513,salon.com,htlb.casalemedia.com,response,2.6-202606,False,1,1,0
p002514,salon.com,htlb.casalemedia.com,response,2.6-202606,False,1,1,0
p002515,salon.com,htlb.casalemedia.com,response,2.6-202606,False,1,1,0
p002516,salon.com,htlb.casalemedia.com,response,2.6-202606,False,1,1,0
p002517,salon.com,htlb.casalemedia.com,response,2.6-202606,False,1,1,0
p002518,salon.com,htlb.casalemedia.com,response,2.6-202606,False,1,1,0
p002519,vox.com,htlb.casalemedia.com,response,2.6-202606,False,1,1,0
p002520,salon.com,htlb.casalemedia.com,response,2.6-202606,False,1,1,0
p002521,salon.com,htlb.casalemedia.com,response,2.6-202606,False,1,1,0
p002522,salon.com,htlb.casalemedia.com,response,2.6-202606,False,1,1,0
p002523,salon.com,htlb.casalemedia.com,response,2.6-202606,False,1,1,0
p002524,theverge.com,htlb.casalemedia.com,response,2.6-202606,False,1,1,0
p002525,salon.com,htlb.casalemedia.com,response,2.6-202606,False,1,1,0
p002526,salon.com,htlb.casalemedia.com,response,2.6-202606,False,1,1,0
p002527,vox.com,htlb.casalemedia.com,response,2.6-202606,False,1,1,0
p002528,engadget.com,htlb.casalemedia.com,response,2.6-202606,False,1,1,0
p002529,engadget.com,htlb.casalemedia.com,response,2.6-202606,False,1,1,0
p002530,vox.com,htlb.casalemedia.com,response,2.6-202606,False,1,1,0
p002531,vox.com,htlb.casalemedia.com,response,2.6-202606,False,1,1,0
p002532,theverge.com,htlb.casalemedia.com,response,2.6-202606,False,1,1,0
p002533,theverge.com,htlb.casalemedia.com,response,2.6-202606,False,1,1,0
p002534,engadget.com,htlb.casalemedia.com,response,2.6-202606,False,1,1,0
p002535,engadget.com,htlb.casalemedia.com,response,2.6-202606,False,1,1,0
p002536,engadget.com,htlb.casalemedia.com,response,2.6-202606,False,1,1,0
p002537,engadget.com,htlb.casalemedia.com,response,2.6-202606,False,1,1,0
p002538,cnet.com,htlb.casalemedia.com,response,2.6-202606,False,1,1,0
p002539,engadget.com,htlb.casalemedia.com,response,2.6-202606,False,1,1,0
p002540,engadget.com,htlb.casalemedia.com,response,2.6-202606,False,1,1,0
p002541,zdnet.com,htlb.casalemedia.com,response,2.6-202606,False,1,1,0
p002542,cnet.com,htlb.casalemedia.com,response,2.6-202606,False,1,1,0
p002543,cnet.com,htlb.casalemedia.com,response,2.6-202606,False,1,1,0
p002544,tomshardware.com,htlb.casalemedia.com,response,2.6-202606,False,1,1,0
p002545,zdnet.com,htlb.casalemedia.com,response,2.6-202606,False,1,1,0
p002546,zdnet.com,htlb.casalemedia.com,response,2.6-202606,False,1,1,0
p002547,zdnet.com,htlb.casalemedia.com,response,2.6-202606,False,1,1,0
p002548,tomsguide.com,htlb.casalemedia.com,response,2.6-202606,False,1,1,0
p002549,pcmag.com,htlb.casalemedia.com,response,2.6-202606,False,1,1,0
p002550,tomshardware.com,htlb.casalemedia.com,response,2.6-202606,False,1,1,0
p002551,pcmag.com,htlb.casalemedia.com,response,2.6-202606,False,1,1,0
p002552,pcmag.com,htlb.casalemedia.com,response,2.6-202606,False,1,1,0
p002553,pcmag.com,htlb.casalemedia.com,response,2.6-202606,False,1,1,0
p002554,pcmag.com,htlb.casalemedia.com,response,2.6-202606,False,1,1,0
p002555,pcmag.com,htlb.casalemedia.com,response,2.6-202606,False,1,1,0
p002556,androidauthority.com,htlb.casalemedia.com,response,2.6-202606,False,1,1,0
p002557,androidauthority.com,htlb.casalemedia.com,response,2.6-202606,False,1,1,0
p002558,androidauthority.com,htlb.casalemedia.com,response,2.6-202606,False,1,1,0
p002559,androidauthority.com,htlb.casalemedia.com,response,2.6-202606,False,1,1,0
p002560,androidauthority.com,htlb.casalemedia.com,response,2.6-202606,False,1,1,0
p002561,androidauthority.com,htlb.casalemedia.com,response,2.6-202606,False,1,1,0
p002562,androidauthority.com,htlb.casalemedia.com,response,2.6-202606,False,1,1,0
p002563,androidauthority.com,htlb.casalemedia.com,response,2.6-202606,False,1,1,0
p002564,androidauthority.com,htlb.casalemedia.com,response,2.6-202606,False,1,1,0
p002565,macrumors.com,htlb.casalemedia.com,response,2.6-202606,False,1,1,0
p002566,macrumors.com,htlb.casalemedia.com,response,2.6-202606,False,1,1,0
p002567,macrumors.com,htlb.casalemedia.com,response,2.6-202606,False,1,1,0
p002568,macrumors.com,htlb.casalemedia.com,response,2.6-202606,False,1,1,0
p002569,macrumors.com,htlb.casalemedia.com,response,2.6-202606,False,1,1,0
p002570,macrumors.com,htlb.casalemedia.com,response,2.6-202606,False,1,1,0
p002571,macrumors.com,htlb.casalemedia.com,response,2.6-202606,False,1,1,0
p002572,macrumors.com,htlb.casalemedia.com,response,2.6-202606,False,1,1,0
p002573,macrumors.com,htlb.casalemedia.com,response,2.6-202606,False,1,1,0
p002574,macrumors.com,htlb.casalemedia.com,response,2.6-202606,False,1,1,0
p002575,macrumors.com,htlb.casalemedia.com,response,2.6-202606,False,1,1,0
p002576,androidauthority.com,htlb.casalemedia.com,response,2.6-202606,False,1,1,0
p002577,macrumors.com,htlb.casalemedia.com,response,2.6-202606,False,1,1,0
p002578,macrumors.com,htlb.casalemedia.com,response,2.6-202606,False,1,1,0
p002579,macrumors.com,htlb.casalemedia.com,response,2.6-202606,False,1,1,0
p002580,macrumors.com,htlb.casalemedia.com,response,2.6-202606,False,1,1,0
p002581,macrumors.com,htlb.casalemedia.com,response,2.6-202606,False,1,1,0
p002582,macrumors.com,htlb.casalemedia.com,response,2.6-202606,False,1,1,0
p002583,macrumors.com,htlb.casalemedia.com,response,2.6-202606,False,1,1,0
p002584,macrumors.com,htlb.casalemedia.com,response,2.6-202606,False,1,1,0
p002585,macrumors.com,htlb.casalemedia.com,response,2.6-202606,False,1,1,0
p002586,macrumors.com,htlb.casalemedia.com,response,2.6-202606,False,1,1,0
p002587,macrumors.com,htlb.casalemedia.com,response,2.6-202606,False,1,1,0
p002588,macrumors.com,htlb.casalemedia.com,response,2.6-202606,False,1,1,0
p002589,makeuseof.com,htlb.casalemedia.com,response,2.6-202606,False,1,1,0
p002590,makeuseof.com,htlb.casalemedia.com,response,2.6-202606,False,1,1,0
p002591,cbr.com,htlb.casalemedia.com,response,2.6-202606,False,1,1,0
p002592,cbr.com,htlb.casalemedia.com,response,2.6-202606,False,1,1,0
p002593,ign.com,htlb.casalemedia.com,response,2.6-202606,False,1,1,0
p002594,gamespot.com,htlb.casalemedia.com,response,2.6-202606,False,1,1,0
p002595,gamespot.com,htlb.casalemedia.com,response,2.6-202606,False,1,1,0
p002596,gamespot.com,htlb.casalemedia.com,response,2.6-202606,True,0,0,0
p002597,gamespot.com,htlb.casalemedia.com,response,2.6-202606,False,1,1,0
p002598,gamespot.com,htlb.casalemedia.com,response,2.6-202606,False,1,1,0
p002599,pcgamer.com,htlb.casalemedia.com,response,2.6-202606,False,1,1,0
p002600,pcgamer.com,htlb.casalemedia.com,response,2.6-202606,False,1,1,0
p002601,pcgamer.com,htlb.casalemedia.com,response,2.6-202606,False,1,1,0
p002602,rockpapershotgun.com,htlb.casalemedia.com,response,2.6-202606,False,1,1,0
p002603,rockpapershotgun.com,htlb.casalemedia.com,response,2.6-202606,False,1,1,0
p002604,rockpapershotgun.com,htlb.casalemedia.com,response,2.6-202606,False,1,1,0
p002605,rockpapershotgun.com,htlb.casalemedia.com,response,2.6-202606,False,1,1,0
p002606,eurogamer.net,htlb.casalemedia.com,response,2.6-202606,False,1,1,0
p002607,eurogamer.net,htlb.casalemedia.com,response,2.6-202606,False,1,1,0
p002608,eurogamer.net,htlb.casalemedia.com,response,2.6-202606,False,1,1,0
p002609,eurogamer.net,htlb.casalemedia.com,response,2.6-202606,False,1,1,0
p002610,eurogamer.net,htlb.casalemedia.com,response,2.6-202606,False,1,1,0
p002611,rockpapershotgun.com,htlb.casalemedia.com,response,2.6-202606,False,1,1,0
p002612,rockpapershotgun.com,htlb.casalemedia.com,response,2.6-202606,False,1,1,0
p002613,rockpapershotgun.com,htlb.casalemedia.com,response,2.6-202606,False,1,1,0
p002614,rockpapershotgun.com,htlb.casalemedia.com,response,2.6-202606,False,1,1,0
p002615,rockpapershotgun.com,htlb.casalemedia.com,response,2.6-202606,False,1,1,0
p002616,rockpapershotgun.com,htlb.casalemedia.com,response,2.6-202606,False,1,1,0
p002617,vg247.com,htlb.casalemedia.com,response,2.6-202606,False,1,1,0
p002618,vg247.com,htlb.casalemedia.com,response,2.6-202606,False,1,1,0
p002619,eurogamer.net,htlb.casalemedia.com,response,2.6-202606,False,1,1,0
p002620,eurogamer.net,htlb.casalemedia.com,response,2.6-202606,False,1,1,0
p002621,eurogamer.net,htlb.casalemedia.com,response,2.6-202606,False,1,1,0
p002622,vg247.com,htlb.casalemedia.com,response,2.6-202606,False,1,1,0
p002623,rockpapershotgun.com,htlb.casalemedia.com,response,2.6-202606,False,1,1,0
p002624,eurogamer.net,htlb.casalemedia.com,response,2.6-202606,False,1,1,0
p002625,vg247.com,htlb.casalemedia.com,response,2.6-202606,False,1,1,0
p002626,vg247.com,htlb.casalemedia.com,response,2.6-202606,False,1,1,0
p002627,vg247.com,htlb.casalemedia.com,response,2.6-202606,False,1,1,0
p002628,vg247.com,htlb.casalemedia.com,response,2.6-202606,False,1,1,0
p002629,vg247.com,htlb.casalemedia.com,response,2.6-202606,False,1,1,0
p002630,cbssports.com,htlb.casalemedia.com,response,2.6-202606,False,1,1,0
p002631,cbssports.com,htlb.casalemedia.com,response,2.6-202606,False,1,1,0
p002632,bleacherreport.com,htlb.casalemedia.com,response,2.6-202606,False,1,1,0
p002633,bleacherreport.com,htlb.casalemedia.com,response,2.6-202606,False,1,1,0
p002634,bleacherreport.com,htlb.casalemedia.com,response,2.6-202606,False,1,1,0
p002635,bleacherreport.com,htlb.casalemedia.com,response,2.6-202606,False,1,1,0
p002636,bleacherreport.com,htlb.casalemedia.com,response,2.6-202606,False,1,1,0
p002637,bleacherreport.com,htlb.casalemedia.com,response,2.6-202606,False,1,1,0
p002638,bleacherreport.com,htlb.casalemedia.com,response,2.6-202606,False,1,1,0
p002639,bleacherreport.com,htlb.casalemedia.com,response,2.6-202606,False,1,1,0
p002640,bleacherreport.com,htlb.casalemedia.com,response,2.6-202606,False,1,1,0
p002641,bleacherreport.com,htlb.casalemedia.com,response,2.6-202606,False,1,1,0
p002642,bleacherreport.com,htlb.casalemedia.com,response,2.6-202606,False,1,1,0
p002643,bleacherreport.com,htlb.casalemedia.com,response,2.6-202606,False,1,1,0
p002644,bleacherreport.com,htlb.casalemedia.com,response,2.6-202606,False,1,1,0
p002645,bleacherreport.com,htlb.casalemedia.com,response,2.6-202606,False,1,1,0
p002646,bleacherreport.com,htlb.casalemedia.com,response,2.6-202606,False,1,1,0
p002647,bleacherreport.com,htlb.casalemedia.com,response,2.6-202606,False,1,1,0
p002648,bleacherreport.com,htlb.casalemedia.com,response,2.6-202606,False,1,1,0
p002649,bleacherreport.com,htlb.casalemedia.com,response,2.6-202606,False,1,1,0
p002650,bleacherreport.com,htlb.casalemedia.com,response,2.6-202606,False,1,1,0
p002651,bleacherreport.com,htlb.casalemedia.com,response,2.6-202606,False,1,1,0
p002652,goal.com,htlb.casalemedia.com,response,2.6-202606,False,1,1,0
p002653,weather.com,htlb.casalemedia.com,response,2.6-202606,False,1,1,0
p002654,weather.com,htlb.casalemedia.com,response,2.6-202606,False,1,1,0
p002655,weather.com,htlb.casalemedia.com,response,2.6-202606,False,1,1,0
p002656,weather.com,htlb.casalemedia.com,response,2.6-202606,False,1,1,0
p002657,weather.com,htlb.casalemedia.com,response,2.6-202606,False,1,1,0
p002658,weather.com,htlb.casalemedia.com,response,2.6-202606,False,1,1,0
p002659,weather.com,htlb.casalemedia.com,response,2.6-202606,False,1,1,0
p002660,weather.com,htlb.casalemedia.com,response,2.6-202606,False,1,1,0
p002661,wunderground.com,htlb.casalemedia.com,response,2.6-202606,False,1,1,0
p002662,wunderground.com,htlb.casalemedia.com,response,2.6-202606,False,1,1,0
p002663,benzinga.com,htlb.casalemedia.com,response,2.6-202606,False,1,1,0
p002664,benzinga.com,htlb.casalemedia.com,response,2.6-202606,False,1,1,0
p002665,kiplinger.com,htlb.casalemedia.com,response,2.6-202606,False,1,1,0
p002666,allrecipes.com,htlb.casalemedia.com,response,2.6-202606,False,1,1,0
p002667,allrecipes.com,htlb.casalemedia.com,response,2.6-202606,False,1,1,0
p002668,allrecipes.com,htlb.casalemedia.com,response,2.6-202606,False,1,1,0
p002669,allrecipes.com,htlb.casalemedia.com,response,2.6-202606,False,1,1,0
p002670,kiplinger.com,htlb.casalemedia.com,response,2.6-202606,False,1,1,0
p002671,delish.com,htlb.casalemedia.com,response,2.6-202606,False,1,1,0
p002672,delish.com,htlb.casalemedia.com,response,2.6-202606,False,1,1,0
p002673,foodnetwork.com,htlb.casalemedia.com,response,2.6-202606,False,1,1,0
p002674,foodnetwork.com,htlb.casalemedia.com,response,2.6-202606,False,1,1,0
p002675,delish.com,htlb.casalemedia.com,response,2.6-202606,False,1,1,0
p002676,delish.com,htlb.casalemedia.com,response,2.6-202606,False,1,1,0
p002677,simplyrecipes.com,htlb.casalemedia.com,response,2.6-202606,False,1,1,0
p002678,simplyrecipes.com,htlb.casalemedia.com,response,2.6-202606,False,1,1,0
p002679,thespruceeats.com,htlb.casalemedia.com,response,2.6-202606,False,1,1,0
p002680,thespruceeats.com,htlb.casalemedia.com,response,2.6-202606,False,1,1,0
p002681,healthline.com,htlb.casalemedia.com,response,2.6-202606,False,1,1,0
p002682,verywellhealth.com,htlb.casalemedia.com,response,2.6-202606,False,1,1,0
p002683,verywellhealth.com,htlb.casalemedia.com,response,2.6-202606,False,1,1,0
p002684,verywellhealth.com,htlb.casalemedia.com,response,2.6-202606,False,1,1,0
p002685,verywellhealth.com,htlb.casalemedia.com,response,2.6-202606,False,1,1,0
p002686,people.com,htlb.casalemedia.com,response,2.6-202606,False,1,1,0
p002687,people.com,htlb.casalemedia.com,response,2.6-202606,False,1,1,0
p002688,people.com,htlb.casalemedia.com,response,2.6-202606,False,1,1,0
p002689,people.com,htlb.casalemedia.com,response,2.6-202606,False,1,1,0
p002690,people.com,htlb.casalemedia.com,response,2.6-202606,False,1,1,0
p002691,eonline.com,htlb.casalemedia.com,response,2.6-202606,False,1,1,0
p002692,eonline.com,htlb.casalemedia.com,response,2.6-202606,False,1,1,0
p002693,eonline.com,htlb.casalemedia.com,response,2.6-202606,False,1,1,0
p002694,eonline.com,htlb.casalemedia.com,response,2.6-202606,False,1,1,0
p002695,eonline.com,htlb.casalemedia.com,response,2.6-202606,False,1,1,0
p002696,eonline.com,htlb.casalemedia.com,response,2.6-202606,False,1,1,0
p002697,eonline.com,htlb.casalemedia.com,response,2.6-202606,False,1,1,0
p002698,stereogum.com,htlb.casalemedia.com,response,2.6-202606,False,1,1,0
p002699,stereogum.com,htlb.casalemedia.com,response,2.6-202606,False,1,1,0
p002700,thrillist.com,htlb.casalemedia.com,response,2.6-202606,False,1,1,0
p002701,thrillist.com,htlb.casalemedia.com,response,2.6-202606,False,1,1,0
p002702,thrillist.com,htlb.casalemedia.com,response,2.6-202606,False,1,1,0
p002703,stereogum.com,htlb.casalemedia.com,response,2.6-202606,False,1,1,0
p002704,stereogum.com,htlb.casalemedia.com,response,2.6-202606,False,1,1,0
p002705,thrillist.com,htlb.casalemedia.com,response,2.6-202606,False,1,1,0
p002706,timeout.com,htlb.casalemedia.com,response,2.6-202606,False,1,1,0
p002707,timeout.com,htlb.casalemedia.com,response,2.6-202606,False,1,1,0
p002708,thrillist.com,htlb.casalemedia.com,response,2.6-202606,False,1,1,0
p002709,boredpanda.com,htlb.casalemedia.com,response,2.6-202606,False,1,1,0
p002710,timeout.com,htlb.casalemedia.com,response,2.6-202606,False,1,1,0
p002711,timeout.com,htlb.casalemedia.com,response,2.6-202606,False,1,1,0
p002712,timeout.com,htlb.casalemedia.com,response,2.6-202606,False,1,1,0
p002713,timeout.com,htlb.casalemedia.com,response,2.6-202606,False,1,1,0
p002714,timeout.com,htlb.casalemedia.com,response,2.6-202606,False,1,1,0
p002715,timeout.com,htlb.casalemedia.com,response,2.6-202606,False,1,1,0
p002716,boredpanda.com,htlb.casalemedia.com,response,2.6-202606,False,1,1,0
p002717,ladbible.com,htlb.casalemedia.com,response,2.6-202606,False,1,1,0
p002718,distractify.com,htlb.casalemedia.com,response,2.6-202606,False,1,1,0
p002719,unilad.com,htlb.casalemedia.com,response,2.6-202606,False,1,1,0
p002720,unilad.com,htlb.casalemedia.com,response,2.6-202606,False,1,1,0
p002721,unilad.com,htlb.casalemedia.com,response,2.6-202606,False,1,1,0
p002722,unilad.com,htlb.casalemedia.com,response,2.6-202606,False,1,1,0
p002723,distractify.com,htlb.casalemedia.com,response,2.6-202606,False,1,1,0
p002724,distractify.com,htlb.casalemedia.com,response,2.6-202606,False,1,1,0
p002725,distractify.com,htlb.casalemedia.com,response,2.6-202606,False,1,1,0
p002726,ranker.com,htlb.casalemedia.com,response,2.6-202606,False,1,1,0
p002727,distractify.com,htlb.casalemedia.com,response,2.6-202606,False,1,1,0
p002728,ranker.com,htlb.casalemedia.com,response,2.6-202606,False,1,1,0
p002729,ranker.com,htlb.casalemedia.com,response,2.6-202606,False,1,1,0
p002730,ranker.com,htlb.casalemedia.com,response,2.6-202606,False,1,1,0
p002731,ranker.com,htlb.casalemedia.com,response,2.6-202606,False,1,1,0
p002732,ranker.com,htlb.casalemedia.com,response,2.6-202606,False,1,1,0
p002733,ranker.com,htlb.casalemedia.com,response,2.6-202606,False,1,1,0
p002734,ranker.com,htlb.casalemedia.com,response,2.6-202606,False,1,1,0
p002735,ranker.com,htlb.casalemedia.com,response,2.6-202606,False,1,1,0
p002736,ranker.com,htlb.casalemedia.com,response,2.6-202606,False,1,1,0
p002737,slashfilm.com,htlb.casalemedia.com,response,2.6-202606,False,1,1,0
p002738,looper.com,htlb.casalemedia.com,response,2.6-202606,False,1,1,0
p002739,slashfilm.com,htlb.casalemedia.com,response,2.6-202606,False,1,1,0
p002740,slashfilm.com,htlb.casalemedia.com,response,2.6-202606,False,1,1,0
p002741,mashed.com,htlb.casalemedia.com,response,2.6-202606,False,1,1,0
p002742,mashed.com,htlb.casalemedia.com,response,2.6-202606,False,1,1,0
p002743,sfgate.com,htlb.casalemedia.com,response,2.6-202606,False,1,1,0
p002744,tastingtable.com,htlb.casalemedia.com,response,2.6-202606,False,1,1,0
p002745,pagesix.com,ib.adnxs.com,request,2.6-202606,True,0,0,0
p002746,nypost.com,ib.adnxs.com,request,2.6-202606,True,0,0,0
p002747,nypost.com,ib.adnxs.com,request,2.6-202606,True,0,0,0
p002748,nypost.com,ib.adnxs.com,request,2.6-202606,True,0,0,0
p002749,pagesix.com,ib.adnxs.com,request,2.6-202606,True,0,0,0
p002750,pagesix.com,ib.adnxs.com,request,2.6-202606,True,0,0,0
p002751,pagesix.com,ib.adnxs.com,request,2.6-202606,True,0,0,0
p002752,nypost.com,ib.adnxs.com,request,2.6-202606,True,0,0,0
p002753,pagesix.com,ib.adnxs.com,request,2.6-202606,True,0,0,0
p002754,pagesix.com,ib.adnxs.com,request,2.6-202606,True,0,0,0
p002755,nypost.com,ib.adnxs.com,request,2.6-202606,True,0,0,0
p002756,nypost.com,ib.adnxs.com,request,2.6-202606,True,0,0,0
p002757,nypost.com,ib.adnxs.com,request,2.6-202606,True,0,0,0
p002758,pagesix.com,ib.adnxs.com,request,2.6-202606,True,0,0,0
p002759,independent.co.uk,ib.adnxs.com,request,2.6-202606,False,2,1,1
p002760,thesun.co.uk,ib.adnxs.com,request,2.6-202606,False,1,1,0
p002761,thesun.co.uk,ib.adnxs.com,request,2.6-202606,False,1,1,0
p002762,thesun.co.uk,ib.adnxs.com,request,2.6-202606,False,1,1,0
p002763,thesun.co.uk,ib.adnxs.com,request,2.6-202606,False,1,1,0
p002764,metro.co.uk,ib.adnxs.com,request,2.6-202606,False,1,1,0
p002765,metro.co.uk,ib.adnxs.com,request,2.6-202606,False,2,1,1
p002766,metro.co.uk,ib.adnxs.com,request,2.6-202606,False,1,1,0
p002767,thesun.co.uk,ib.adnxs.com,request,2.6-202606,False,1,1,0
p002768,thesun.co.uk,ib.adnxs.com,request,2.6-202606,False,2,1,1
p002769,thesun.co.uk,ib.adnxs.com,request,2.6-202606,False,1,1,0
p002770,thesun.co.uk,ib.adnxs.com,request,2.6-202606,False,1,1,0
p002771,thesun.co.uk,ib.adnxs.com,request,2.6-202606,False,1,1,0
p002772,thesun.co.uk,ib.adnxs.com,request,2.6-202606,False,2,1,1
p002773,standard.co.uk,ib.adnxs.com,request,2.6-202606,False,3,2,1
p002774,thesun.co.uk,ib.adnxs.com,request,2.6-202606,False,1,1,0
p002775,metro.co.uk,ib.adnxs.com,request,2.6-202606,False,1,1,0
p002776,metro.co.uk,ib.adnxs.com,request,2.6-202606,False,1,1,0
p002777,cbsnews.com,ib.adnxs.com,request,2.6-202606,True,0,0,0
p002778,standard.co.uk,ib.adnxs.com,request,2.6-202606,False,5,3,2
p002779,standard.co.uk,ib.adnxs.com,request,2.6-202606,False,1,1,0
p002780,standard.co.uk,ib.adnxs.com,request,2.6-202606,False,1,1,0
p002781,standard.co.uk,ib.adnxs.com,request,2.6-202606,False,1,1,0
p002782,standard.co.uk,ib.adnxs.com,request,2.6-202606,False,1,1,0
p002783,cbsnews.com,ib.adnxs.com,request,2.6-202606,True,0,0,0
p002784,androidauthority.com,ib.adnxs.com,request,2.6-202606,True,0,0,0
p002785,androidauthority.com,ib.adnxs.com,request,2.6-202606,True,0,0,0
p002786,androidauthority.com,ib.adnxs.com,request,2.6-202606,True,0,0,0
p002787,androidauthority.com,ib.adnxs.com,request,2.6-202606,True,0,0,0
p002788,androidauthority.com,ib.adnxs.com,request,2.6-202606,True,0,0,0
p002789,androidauthority.com,ib.adnxs.com,request,2.6-202606,True,0,0,0
p002790,androidauthority.com,ib.adnxs.com,request,2.6-202606,True,0,0,0
p002791,androidauthority.com,ib.adnxs.com,request,2.6-202606,True,0,0,0
p002792,eurogamer.net,ib.adnxs.com,request,2.6-202606,True,1,0,1
p002793,eurogamer.net,ib.adnxs.com,request,2.6-202606,True,1,0,1
p002794,cbssports.com,ib.adnxs.com,request,2.6-202606,True,0,0,0
p002795,cbssports.com,ib.adnxs.com,request,2.6-202606,True,0,0,0
p002796,talksport.com,ib.adnxs.com,request,2.6-202606,False,1,1,0
p002797,talksport.com,ib.adnxs.com,request,2.6-202606,False,1,1,0
p002798,talksport.com,ib.adnxs.com,request,2.6-202606,False,1,1,0
p002799,talksport.com,ib.adnxs.com,request,2.6-202606,False,1,1,0
p002800,talksport.com,ib.adnxs.com,request,2.6-202606,False,1,1,0
p002801,talksport.com,ib.adnxs.com,request,2.6-202606,False,1,1,0
p002802,talksport.com,ib.adnxs.com,request,2.6-202606,False,1,1,0
p002803,talksport.com,ib.adnxs.com,request,2.6-202606,False,1,1,0
p002804,talksport.com,ib.adnxs.com,request,2.6-202606,False,1,1,0
p002805,talksport.com,ib.adnxs.com,request,2.6-202606,False,1,1,0
p002806,talksport.com,ib.adnxs.com,request,2.6-202606,False,1,1,0
p002807,talksport.com,ib.adnxs.com,request,2.6-202606,False,1,1,0
p002808,talksport.com,ib.adnxs.com,request,2.6-202606,False,1,1,0
p002809,talksport.com,ib.adnxs.com,request,2.6-202606,False,1,1,0
p002810,allrecipes.com,ib.adnxs.com,request,2.6-202606,True,0,0,0
p002811,allrecipes.com,ib.adnxs.com,request,2.6-202606,True,0,0,0
p002812,allrecipes.com,ib.adnxs.com,request,2.6-202606,True,0,0,0
p002813,allrecipes.com,ib.adnxs.com,request,2.6-202606,True,0,0,0
p002814,delish.com,ib.adnxs.com,request,2.6-202606,True,0,0,0
p002815,delish.com,ib.adnxs.com,request,2.6-202606,True,0,0,0
p002816,delish.com,ib.adnxs.com,request,2.6-202606,True,0,0,0
p002817,delish.com,ib.adnxs.com,request,2.6-202606,True,0,0,0
p002818,simplyrecipes.com,ib.adnxs.com,request,2.6-202606,True,0,0,0
p002819,simplyrecipes.com,ib.adnxs.com,request,2.6-202606,True,0,0,0
p002820,thespruceeats.com,ib.adnxs.com,request,2.6-202606,True,0,0,0
p002821,thespruceeats.com,ib.adnxs.com,request,2.6-202606,True,0,0,0
p002822,verywellhealth.com,ib.adnxs.com,request,2.6-202606,True,0,0,0
p002823,verywellhealth.com,ib.adnxs.com,request,2.6-202606,True,0,0,0
p002824,verywellhealth.com,ib.adnxs.com,request,2.6-202606,True,0,0,0
p002825,verywellhealth.com,ib.adnxs.com,request,2.6-202606,True,0,0,0
p002826,people.com,ib.adnxs.com,request,2.6-202606,True,0,0,0
p002827,people.com,ib.adnxs.com,request,2.6-202606,True,0,0,0
p002828,people.com,ib.adnxs.com,request,2.6-202606,True,0,0,0
p002829,people.com,ib.adnxs.com,request,2.6-202606,True,0,0,0
p002830,people.com,ib.adnxs.com,request,2.6-202606,True,0,0,0
p002831,variety.com,ib.adnxs.com,request,2.6-202606,True,0,0,0
p002832,variety.com,ib.adnxs.com,request,2.6-202606,True,0,0,0
p002833,deadline.com,ib.adnxs.com,request,2.6-202606,True,2,0,2
p002834,variety.com,ib.adnxs.com,request,2.6-202606,True,0,0,0
p002835,hollywoodreporter.com,ib.adnxs.com,request,2.6-202606,True,1,0,1
p002836,hollywoodreporter.com,ib.adnxs.com,request,2.6-202606,True,1,0,1
p002837,rollingstone.com,ib.adnxs.com,request,2.6-202606,True,0,0,0
p002838,hollywoodreporter.com,ib.adnxs.com,request,2.6-202606,True,1,0,1
p002839,hollywoodreporter.com,ib.adnxs.com,request,2.6-202606,True,1,0,1
p002840,hollywoodreporter.com,ib.adnxs.com,request,2.6-202606,True,0,0,0
p002841,hollywoodreporter.com,ib.adnxs.com,request,2.6-202606,True,0,0,0
p002842,billboard.com,ib.adnxs.com,request,2.6-202606,True,0,0,0
p002843,billboard.com,ib.adnxs.com,request,2.6-202606,True,1,0,1
p002844,billboard.com,ib.adnxs.com,request,2.6-202606,True,1,0,1
p002845,rollingstone.com,ib.adnxs.com,request,2.6-202606,True,2,0,2
p002846,rollingstone.com,ib.adnxs.com,request,2.6-202606,True,1,0,1
p002847,billboard.com,ib.adnxs.com,request,2.6-202606,True,1,0,1
p002848,rollingstone.com,ib.adnxs.com,request,2.6-202606,True,1,0,1
p002849,billboard.com,ib.adnxs.com,request,2.6-202606,True,2,0,2
p002850,billboard.com,ib.adnxs.com,request,2.6-202606,True,1,0,1
p002851,billboard.com,ib.adnxs.com,request,2.6-202606,True,0,0,0
p002852,billboard.com,ib.adnxs.com,request,2.6-202606,True,0,0,0
p002853,boredpanda.com,ib.adnxs.com,request,2.6-202606,True,0,0,0
p002854,ladbible.com,ib.adnxs.com,request,2.6-202606,True,0,0,0
p002855,ladbible.com,ib.adnxs.com,request,2.6-202606,True,0,0,0
p002856,ladbible.com,ib.adnxs.com,request,2.6-202606,True,0,0,0
p002857,ladbible.com,ib.adnxs.com,request,2.6-202606,True,0,0,0
p002858,ladbible.com,ib.adnxs.com,request,2.6-202606,True,0,0,0
p002859,ladbible.com,ib.adnxs.com,request,2.6-202606,True,0,0,0
p002860,ladbible.com,ib.adnxs.com,request,2.6-202606,True,0,0,0
p002861,ladbible.com,ib.adnxs.com,request,2.6-202606,True,0,0,0
p002862,unilad.com,ib.adnxs.com,request,2.6-202606,True,0,0,0
p002863,tomshardware.com,mweb-hb.presage.io,request,2.6-202606,False,1,1,0
p002864,tomsguide.com,mweb-hb.presage.io,request,2.6-202606,False,1,1,0
p002865,tomshardware.com,mweb-hb.presage.io,request,2.6-202606,False,1,1,0
p002866,pcgamer.com,mweb-hb.presage.io,request,2.6-202606,False,1,1,0
p002867,pcgamer.com,mweb-hb.presage.io,request,2.6-202606,False,1,1,0
p002868,sportingnews.com,mweb-hb.presage.io,request,2.6-202606,True,0,0,0
p002869,kiplinger.com,mweb-hb.presage.io,request,2.6-202606,False,1,1,0
p002870,kiplinger.com,mweb-hb.presage.io,request,2.6-202606,False,1,1,0
p002871,ladbible.com,mweb-hb.presage.io,request,2.6-202606,False,1,1,0
p002872,unilad.com,mweb-hb.presage.io,request,2.6-202606,False,1,1,0
p002873,unilad.com,mweb-hb.presage.io,request,2.6-202606,False,1,1,0
p002874,unilad.com,mweb-hb.presage.io,request,2.6-202606,False,1,1,0
p002875,unilad.com,mweb-hb.presage.io,request,2.6-202606,False,1,1,0
p002876,cbsnews.com,native.bidder.taboola.com,request,2.6-202606,True,0,0,0
p002877,cbsnews.com,native.bidder.taboola.com,request,2.6-202606,True,0,0,0
p002878,cbssports.com,native.bidder.taboola.com,request,2.6-202606,True,0,0,0
p002879,cbssports.com,native.bidder.taboola.com,request,2.6-202606,True,0,0,0
p002880,chicagotribune.com,npid.amspbs.com,request,2.6-202606,True,0,0,0
p002881,chicagotribune.com,npid.amspbs.com,request,2.6-202606,True,0,0,0
p002882,chicagotribune.com,npid.amspbs.com,request,2.6-202606,True,0,0,0
p002883,chicagotribune.com,npid.amspbs.com,request,2.6-202606,True,0,0,0
p002884,chicagotribune.com,npid.amspbs.com,request,2.6-202606,True,0,0,0
p002885,chicagotribune.com,npid.amspbs.com,request,2.6-202606,True,0,0,0
p002886,chicagotribune.com,npid.amspbs.com,request,2.6-202606,True,0,0,0
p002887,nydailynews.com,npid.amspbs.com,request,2.6-202606,True,0,0,0
p002888,nydailynews.com,npid.amspbs.com,request,2.6-202606,True,0,0,0
p002889,nydailynews.com,npid.amspbs.com,request,2.6-202606,True,0,0,0
p002890,nydailynews.com,npid.amspbs.com,request,2.6-202606,True,0,0,0
p002891,nydailynews.com,npid.amspbs.com,request,2.6-202606,True,0,0,0
p002892,nydailynews.com,npid.amspbs.com,request,2.6-202606,True,0,0,0
p002893,nydailynews.com,npid.amspbs.com,request,2.6-202606,True,0,0,0
p002894,chicagotribune.com,npid.amspbs.com,response,2.6-202606,False,1,1,0
p002895,chicagotribune.com,npid.amspbs.com,response,2.6-202606,False,1,1,0
p002896,chicagotribune.com,npid.amspbs.com,response,2.6-202606,False,1,1,0
p002897,chicagotribune.com,npid.amspbs.com,response,2.6-202606,False,1,1,0
p002898,chicagotribune.com,npid.amspbs.com,response,2.6-202606,False,1,1,0
p002899,chicagotribune.com,npid.amspbs.com,response,2.6-202606,False,1,1,0
p002900,chicagotribune.com,npid.amspbs.com,response,2.6-202606,False,1,1,0
p002901,nydailynews.com,npid.amspbs.com,response,2.6-202606,False,1,1,0
p002902,nydailynews.com,npid.amspbs.com,response,2.6-202606,False,1,1,0
p002903,nydailynews.com,npid.amspbs.com,response,2.6-202606,False,1,1,0
p002904,nydailynews.com,npid.amspbs.com,response,2.6-202606,False,1,1,0
p002905,nydailynews.com,npid.amspbs.com,response,2.6-202606,False,1,1,0
p002906,nydailynews.com,npid.amspbs.com,response,2.6-202606,False,1,1,0
p002907,nydailynews.com,npid.amspbs.com,response,2.6-202606,False,1,1,0
p002908,huffpost.com,openads.adsrvr.org,request,2.6-202606,True,0,0,0
p002909,huffpost.com,openads.adsrvr.org,request,2.6-202606,True,0,0,0
p002910,huffpost.com,openads.adsrvr.org,request,2.6-202606,True,0,0,0
p002911,huffpost.com,openads.adsrvr.org,request,2.6-202606,True,0,0,0
p002912,huffpost.com,openads.adsrvr.org,request,2.6-202606,True,0,0,0
p002913,huffpost.com,openads.adsrvr.org,request,2.6-202606,True,0,0,0
p002914,huffpost.com,openads.adsrvr.org,request,2.6-202606,True,0,0,0
p002915,huffpost.com,openads.adsrvr.org,request,2.6-202606,True,0,0,0
p002916,huffpost.com,openads.adsrvr.org,request,2.6-202606,True,0,0,0
p002917,newsweek.com,openads.adsrvr.org,request,2.6-202606,False,2,2,0
p002918,newsweek.com,openads.adsrvr.org,request,2.6-202606,False,2,2,0
p002919,newsweek.com,openads.adsrvr.org,request,2.6-202606,False,2,2,0
p002920,newsweek.com,openads.adsrvr.org,request,2.6-202606,False,2,2,0
p002921,cnet.com,openads.adsrvr.org,request,2.6-202606,True,0,0,0
p002922,zdnet.com,openads.adsrvr.org,request,2.6-202606,True,0,0,0
p002923,cnet.com,openads.adsrvr.org,request,2.6-202606,True,0,0,0
p002924,cnet.com,openads.adsrvr.org,request,2.6-202606,True,0,0,0
p002925,zdnet.com,openads.adsrvr.org,request,2.6-202606,True,0,0,0
p002926,zdnet.com,openads.adsrvr.org,request,2.6-202606,True,0,0,0
p002927,zdnet.com,openads.adsrvr.org,request,2.6-202606,True,1,0,1
p002928,pcmag.com,openads.adsrvr.org,request,2.6-202606,True,0,0,0
p002929,pcmag.com,openads.adsrvr.org,request,2.6-202606,True,0,0,0
p002930,pcmag.com,openads.adsrvr.org,request,2.6-202606,True,0,0,0
p002931,pcmag.com,openads.adsrvr.org,request,2.6-202606,True,0,0,0
p002932,pcmag.com,openads.adsrvr.org,request,2.6-202606,True,0,0,0
p002933,pcmag.com,openads.adsrvr.org,request,2.6-202606,True,0,0,0
p002934,ign.com,openads.adsrvr.org,request,2.6-202606,True,0,0,0
p002935,si.com,openads.adsrvr.org,request,2.6-202606,True,0,0,0
p002936,investopedia.com,openads.adsrvr.org,request,2.6-202606,True,0,0,0
p002937,investopedia.com,openads.adsrvr.org,request,2.6-202606,True,0,0,0
p002938,investopedia.com,openads.adsrvr.org,request,2.6-202606,True,0,0,0
p002939,allrecipes.com,openads.adsrvr.org,request,2.6-202606,True,0,0,0
p002940,allrecipes.com,openads.adsrvr.org,request,2.6-202606,True,0,0,0
p002941,allrecipes.com,openads.adsrvr.org,request,2.6-202606,True,0,0,0
p002942,allrecipes.com,openads.adsrvr.org,request,2.6-202606,True,0,0,0
p002943,allrecipes.com,openads.adsrvr.org,request,2.6-202606,True,0,0,0
p002944,simplyrecipes.com,openads.adsrvr.org,request,2.6-202606,True,0,0,0
p002945,simplyrecipes.com,openads.adsrvr.org,request,2.6-202606,True,0,0,0
p002946,seriouseats.com,openads.adsrvr.org,request,2.6-202606,True,0,0,0
p002947,seriouseats.com,openads.adsrvr.org,request,2.6-202606,True,0,0,0
p002948,thespruceeats.com,openads.adsrvr.org,request,2.6-202606,True,0,0,0
p002949,thespruceeats.com,openads.adsrvr.org,request,2.6-202606,True,0,0,0
p002950,verywellhealth.com,openads.adsrvr.org,request,2.6-202606,True,0,0,0
p002951,verywellhealth.com,openads.adsrvr.org,request,2.6-202606,True,0,0,0
p002952,verywellhealth.com,openads.adsrvr.org,request,2.6-202606,True,0,0,0
p002953,verywellhealth.com,openads.adsrvr.org,request,2.6-202606,True,0,0,0
p002954,health.com,openads.adsrvr.org,request,2.6-202606,True,0,0,0
p002955,people.com,openads.adsrvr.org,request,2.6-202606,True,0,0,0
p002956,people.com,openads.adsrvr.org,request,2.6-202606,True,0,0,0
p002957,people.com,openads.adsrvr.org,request,2.6-202606,True,0,0,0
p002958,people.com,openads.adsrvr.org,request,2.6-202606,True,0,0,0
p002959,people.com,openads.adsrvr.org,request,2.6-202606,True,0,0,0
p002960,buzzfeed.com,openads.adsrvr.org,request,2.6-202606,True,0,0,0
p002961,buzzfeed.com,openads.adsrvr.org,request,2.6-202606,True,0,0,0
p002962,buzzfeed.com,openads.adsrvr.org,request,2.6-202606,True,0,0,0
p002963,buzzfeed.com,openads.adsrvr.org,request,2.6-202606,True,0,0,0
p002964,buzzfeed.com,openads.adsrvr.org,request,2.6-202606,True,0,0,0
p002965,buzzfeed.com,openads.adsrvr.org,request,2.6-202606,True,0,0,0
p002966,buzzfeed.com,openads.adsrvr.org,request,2.6-202606,True,0,0,0
p002967,buzzfeed.com,openads.adsrvr.org,request,2.6-202606,True,0,0,0
p002968,buzzfeed.com,openads.adsrvr.org,request,2.6-202606,True,0,0,0
p002969,buzzfeed.com,openads.adsrvr.org,request,2.6-202606,True,0,0,0
p002970,buzzfeed.com,openads.adsrvr.org,request,2.6-202606,True,0,0,0
p002971,buzzfeed.com,openads.adsrvr.org,request,2.6-202606,True,0,0,0
p002972,buzzfeed.com,openads.adsrvr.org,request,2.6-202606,True,0,0,0
p002973,buzzfeed.com,openads.adsrvr.org,request,2.6-202606,True,0,0,0
p002974,buzzfeed.com,openads.adsrvr.org,request,2.6-202606,True,0,0,0
p002975,huffpost.com,openads.adsrvr.org,response,2.6-202606,True,0,0,0
p002976,huffpost.com,openads.adsrvr.org,response,2.6-202606,True,0,0,0
p002977,cnet.com,openads.adsrvr.org,response,2.6-202606,True,0,0,0
p002978,zdnet.com,openads.adsrvr.org,response,2.6-202606,True,0,0,0
p002979,pcmag.com,openads.adsrvr.org,response,2.6-202606,True,0,0,0
p002980,salon.com,pbs-raptive-us.ay.delivery,request,2.6-202606,True,0,0,0
p002981,salon.com,pbs-raptive-us.ay.delivery,request,2.6-202606,True,0,0,0
p002982,salon.com,pbs-raptive-us.ay.delivery,request,2.6-202606,True,0,0,0
p002983,salon.com,pbs-raptive-us.ay.delivery,request,2.6-202606,True,0,0,0
p002984,salon.com,pbs-raptive-us.ay.delivery,request,2.6-202606,True,0,0,0
p002985,salon.com,pbs-raptive-us.ay.delivery,request,2.6-202606,False,2,1,1
p002986,salon.com,pbs-raptive-us.ay.delivery,request,2.6-202606,True,0,0,0
p002987,salon.com,pbs-raptive-us.ay.delivery,request,2.6-202606,False,2,1,1
p002988,salon.com,pbs-raptive-us.ay.delivery,request,2.6-202606,False,6,3,3
p002989,salon.com,pbs-raptive-us.ay.delivery,request,2.6-202606,True,0,0,0
p002990,salon.com,pbs-raptive-us.ay.delivery,request,2.6-202606,True,0,0,0
p002991,salon.com,pbs-raptive-us.ay.delivery,request,2.6-202606,True,0,0,0
p002992,salon.com,pbs-raptive-us.ay.delivery,request,2.6-202606,True,0,0,0
p002993,salon.com,pbs-raptive-us.ay.delivery,request,2.6-202606,True,0,0,0
p002994,salon.com,pbs-raptive-us.ay.delivery,request,2.6-202606,False,2,1,1
p002995,salon.com,pbs-raptive-us.ay.delivery,request,2.6-202606,False,2,1,1
p002996,salon.com,pbs-raptive-us.ay.delivery,request,2.6-202606,False,2,1,1
p002997,salon.com,pbs-raptive-us.ay.delivery,request,2.6-202606,False,2,1,1
p002998,salon.com,pbs-raptive-us.ay.delivery,request,2.6-202606,False,2,1,1
p002999,salon.com,pbs-raptive-us.ay.delivery,request,2.6-202606,False,2,1,1
p003000,salon.com,pbs-raptive-us.ay.delivery,request,2.6-202606,False,2,1,1
p003001,salon.com,pbs-raptive-us.ay.delivery,request,2.6-202606,False,2,1,1
p003002,engadget.com,pbs-raptive-us.ay.delivery,request,2.6-202606,True,0,0,0
p003003,engadget.com,pbs-raptive-us.ay.delivery,request,2.6-202606,False,2,1,1
p003004,engadget.com,pbs-raptive-us.ay.delivery,request,2.6-202606,False,2,1,1
p003005,engadget.com,pbs-raptive-us.ay.delivery,request,2.6-202606,True,0,0,0
p003006,engadget.com,pbs-raptive-us.ay.delivery,request,2.6-202606,False,2,1,1
p003007,engadget.com,pbs-raptive-us.ay.delivery,request,2.6-202606,False,2,1,1
p003008,macrumors.com,pbs-raptive-us.ay.delivery,request,2.6-202606,True,0,0,0
p003009,macrumors.com,pbs-raptive-us.ay.delivery,request,2.6-202606,True,0,0,0
p003010,macrumors.com,pbs-raptive-us.ay.delivery,request,2.6-202606,False,6,3,3
p003011,macrumors.com,pbs-raptive-us.ay.delivery,request,2.6-202606,True,0,0,0
p003012,macrumors.com,pbs-raptive-us.ay.delivery,request,2.6-202606,True,0,0,0
p003013,macrumors.com,pbs-raptive-us.ay.delivery,request,2.6-202606,True,0,0,0
p003014,macrumors.com,pbs-raptive-us.ay.delivery,request,2.6-202606,True,0,0,0
p003015,macrumors.com,pbs-raptive-us.ay.delivery,request,2.6-202606,True,0,0,0
p003016,macrumors.com,pbs-raptive-us.ay.delivery,request,2.6-202606,True,0,0,0
p003017,macrumors.com,pbs-raptive-us.ay.delivery,request,2.6-202606,True,0,0,0
p003018,macrumors.com,pbs-raptive-us.ay.delivery,request,2.6-202606,True,0,0,0
p003019,macrumors.com,pbs-raptive-us.ay.delivery,request,2.6-202606,True,0,0,0
p003020,macrumors.com,pbs-raptive-us.ay.delivery,request,2.6-202606,True,0,0,0
p003021,macrumors.com,pbs-raptive-us.ay.delivery,request,2.6-202606,True,0,0,0
p003022,macrumors.com,pbs-raptive-us.ay.delivery,request,2.6-202606,False,6,3,3
p003023,macrumors.com,pbs-raptive-us.ay.delivery,request,2.6-202606,True,0,0,0
p003024,macrumors.com,pbs-raptive-us.ay.delivery,request,2.6-202606,True,0,0,0
p003025,macrumors.com,pbs-raptive-us.ay.delivery,request,2.6-202606,True,0,0,0
p003026,macrumors.com,pbs-raptive-us.ay.delivery,request,2.6-202606,True,0,0,0
p003027,macrumors.com,pbs-raptive-us.ay.delivery,request,2.6-202606,True,0,0,0
p003028,macrumors.com,pbs-raptive-us.ay.delivery,request,2.6-202606,True,0,0,0
p003029,macrumors.com,pbs-raptive-us.ay.delivery,request,2.6-202606,True,0,0,0
p003030,macrumors.com,pbs-raptive-us.ay.delivery,request,2.6-202606,True,0,0,0
p003031,benzinga.com,pbs-raptive-us.ay.delivery,request,2.6-202606,True,0,0,0
p003032,benzinga.com,pbs-raptive-us.ay.delivery,request,2.6-202606,True,0,0,0
p003033,stereogum.com,pbs-raptive-us.ay.delivery,request,2.6-202606,True,0,0,0
p003034,stereogum.com,pbs-raptive-us.ay.delivery,request,2.6-202606,False,6,3,3
p003035,stereogum.com,pbs-raptive-us.ay.delivery,request,2.6-202606,True,0,0,0
p003036,stereogum.com,pbs-raptive-us.ay.delivery,request,2.6-202606,False,2,1,1
p003037,ranker.com,pbs-raptive-us.ay.delivery,request,2.6-202606,True,0,0,0
p003038,grunge.com,pbs-raptive-us.ay.delivery,request,2.6-202606,True,0,0,0
p003039,ranker.com,pbs-raptive-us.ay.delivery,request,2.6-202606,True,0,0,0
p003040,ranker.com,pbs-raptive-us.ay.delivery,request,2.6-202606,True,0,0,0
p003041,ranker.com,pbs-raptive-us.ay.delivery,request,2.6-202606,False,6,3,3
p003042,ranker.com,pbs-raptive-us.ay.delivery,request,2.6-202606,True,0,0,0
p003043,ranker.com,pbs-raptive-us.ay.delivery,request,2.6-202606,True,0,0,0
p003044,ranker.com,pbs-raptive-us.ay.delivery,request,2.6-202606,False,2,1,1
p003045,ranker.com,pbs-raptive-us.ay.delivery,request,2.6-202606,False,2,1,1
p003046,ranker.com,pbs-raptive-us.ay.delivery,request,2.6-202606,False,2,1,1
p003047,ranker.com,pbs-raptive-us.ay.delivery,request,2.6-202606,False,2,1,1
p003048,grunge.com,pbs-raptive-us.ay.delivery,request,2.6-202606,True,0,0,0
p003049,grunge.com,pbs-raptive-us.ay.delivery,request,2.6-202606,False,2,1,1
p003050,grunge.com,pbs-raptive-us.ay.delivery,request,2.6-202606,False,6,3,3
p003051,grunge.com,pbs-raptive-us.ay.delivery,request,2.6-202606,True,0,0,0
p003052,grunge.com,pbs-raptive-us.ay.delivery,request,2.6-202606,True,0,0,0
p003053,grunge.com,pbs-raptive-us.ay.delivery,request,2.6-202606,True,0,0,0
p003054,grunge.com,pbs-raptive-us.ay.delivery,request,2.6-202606,True,0,0,0
p003055,grunge.com,pbs-raptive-us.ay.delivery,request,2.6-202606,True,0,0,0
p003056,grunge.com,pbs-raptive-us.ay.delivery,request,2.6-202606,True,0,0,0
p003057,grunge.com,pbs-raptive-us.ay.delivery,request,2.6-202606,False,2,1,1
p003058,slashfilm.com,pbs-raptive-us.ay.delivery,request,2.6-202606,True,0,0,0
p003059,grunge.com,pbs-raptive-us.ay.delivery,request,2.6-202606,False,2,1,1
p003060,slashfilm.com,pbs-raptive-us.ay.delivery,request,2.6-202606,True,0,0,0
p003061,slashfilm.com,pbs-raptive-us.ay.delivery,request,2.6-202606,False,2,1,1
p003062,mashed.com,pbs-raptive-us.ay.delivery,request,2.6-202606,True,0,0,0
p003063,mashed.com,pbs-raptive-us.ay.delivery,request,2.6-202606,False,2,1,1
p003064,tastingtable.com,pbs-raptive-us.ay.delivery,request,2.6-202606,True,0,0,0
p003065,engadget.com,pbs-raptive-us.ay.delivery,response,2.6-202606,True,0,0,0
p003066,engadget.com,pbs-raptive-us.ay.delivery,response,2.6-202606,True,0,0,0
p003067,benzinga.com,pbs-raptive-us.ay.delivery,response,2.6-202606,True,0,0,0
p003068,stereogum.com,pbs-raptive-us.ay.delivery,response,2.6-202606,True,0,0,0
p003069,stereogum.com,pbs-raptive-us.ay.delivery,response,2.6-202606,True,0,0,0
p003070,ranker.com,pbs-raptive-us.ay.delivery,response,2.6-202606,True,0,0,0
p003071,ranker.com,pbs-raptive-us.ay.delivery,response,2.6-202606,True,0,0,0
p003072,ranker.com,pbs-raptive-us.ay.delivery,response,2.6-202606,True,0,0,0
p003073,ranker.com,pbs-raptive-us.ay.delivery,response,2.6-202606,True,0,0,0
p003074,ranker.com,pbs-raptive-us.ay.delivery,response,2.6-202606,True,0,0,0
p003075,ranker.com,pbs-raptive-us.ay.delivery,response,2.6-202606,True,0,0,0
p003076,ranker.com,pbs-raptive-us.ay.delivery,response,2.6-202606,True,1,0,1
p003077,slashfilm.com,pbs-raptive-us.ay.delivery,response,2.6-202606,True,0,0,0
p003078,slashfilm.com,pbs-raptive-us.ay.delivery,response,2.6-202606,True,0,0,0
p003079,slashfilm.com,pbs-raptive-us.ay.delivery,response,2.6-202606,True,1,0,1
p003080,mashed.com,pbs-raptive-us.ay.delivery,response,2.6-202606,True,1,0,1
p003081,weather.com,pbs-us-east.ay.delivery,request,2.6-202606,True,0,0,0
p003082,weather.com,pbs-us-east.ay.delivery,request,2.6-202606,True,0,0,0
p003083,weather.com,pbs-us-east.ay.delivery,request,2.6-202606,True,0,0,0
p003084,weather.com,pbs-us-east.ay.delivery,request,2.6-202606,True,0,0,0
p003085,wunderground.com,pbs-us-east.ay.delivery,request,2.6-202606,True,0,0,0
p003086,wunderground.com,pbs-us-east.ay.delivery,request,2.6-202606,True,0,0,0
p003087,allrecipes.com,pbs-us-east.ay.delivery,request,2.6-202606,True,0,0,0
p003088,allrecipes.com,pbs-us-east.ay.delivery,request,2.6-202606,True,0,0,0
p003089,allrecipes.com,pbs-us-east.ay.delivery,request,2.6-202606,True,0,0,0
p003090,allrecipes.com,pbs-us-east.ay.delivery,request,2.6-202606,True,0,0,0
p003091,simplyrecipes.com,pbs-us-east.ay.delivery,request,2.6-202606,True,0,0,0
p003092,simplyrecipes.com,pbs-us-east.ay.delivery,request,2.6-202606,True,0,0,0
p003093,thespruceeats.com,pbs-us-east.ay.delivery,request,2.6-202606,True,0,0,0
p003094,thespruceeats.com,pbs-us-east.ay.delivery,request,2.6-202606,True,0,0,0
p003095,verywellhealth.com,pbs-us-east.ay.delivery,request,2.6-202606,True,0,0,0
p003096,verywellhealth.com,pbs-us-east.ay.delivery,request,2.6-202606,True,0,0,0
p003097,verywellhealth.com,pbs-us-east.ay.delivery,request,2.6-202606,True,0,0,0
p003098,verywellhealth.com,pbs-us-east.ay.delivery,request,2.6-202606,True,0,0,0
p003099,people.com,pbs-us-east.ay.delivery,request,2.6-202606,True,0,0,0
p003100,people.com,pbs-us-east.ay.delivery,request,2.6-202606,True,0,0,0
p003101,people.com,pbs-us-east.ay.delivery,request,2.6-202606,True,0,0,0
p003102,people.com,pbs-us-east.ay.delivery,request,2.6-202606,True,0,0,0
p003103,people.com,pbs-us-east.ay.delivery,request,2.6-202606,True,0,0,0
p003104,wunderground.com,pbs-us-east.ay.delivery,response,2.6-202606,True,0,0,0
p003105,cbsnews.com,pbs.at.cbsi.com,request,2.6-202606,True,0,0,0
p003106,cbsnews.com,pbs.at.cbsi.com,request,2.6-202606,True,0,0,0
p003107,cbssports.com,pbs.at.cbsi.com,request,2.6-202606,True,0,0,0
p003108,cbssports.com,pbs.at.cbsi.com,request,2.6-202606,True,0,0,0
p003109,cbsnews.com,pbs.at.cbsi.com,response,2.6-202606,True,0,0,0
p003110,cbsnews.com,pbs.at.cbsi.com,response,2.6-202606,True,0,0,0
p003111,cbssports.com,pbs.at.cbsi.com,response,2.6-202606,True,0,0,0
p003112,cbssports.com,pbs.at.cbsi.com,response,2.6-202606,True,0,0,0
p003113,androidauthority.com,pbs.intergient.com,request,2.6-202606,True,0,0,0
p003114,androidauthority.com,pbs.intergient.com,request,2.6-202606,True,0,0,0
p003115,androidauthority.com,pbs.intergient.com,request,2.6-202606,True,0,0,0
p003116,androidauthority.com,pbs.intergient.com,request,2.6-202606,True,0,0,0
p003117,androidauthority.com,pbs.intergient.com,request,2.6-202606,True,0,0,0
p003118,androidauthority.com,pbs.intergient.com,request,2.6-202606,True,1,0,1
p003119,androidauthority.com,pbs.intergient.com,request,2.6-202606,True,1,0,1
p003120,androidauthority.com,pbs.intergient.com,request,2.6-202606,True,1,0,1
p003121,androidauthority.com,pbs.intergient.com,request,2.6-202606,True,1,0,1
p003122,androidauthority.com,pbs.intergient.com,request,2.6-202606,True,1,0,1
p003123,boredpanda.com,pbs.intergient.com,request,2.6-202606,True,0,0,0
p003124,androidauthority.com,pbs.intergient.com,response,2.6-202606,True,0,0,0
p003125,androidauthority.com,pbs.intergient.com,response,2.6-202606,True,0,0,0
p003126,androidauthority.com,pbs.intergient.com,response,2.6-202606,True,0,0,0
p003127,9to5mac.com,pbs.nextmillmedia.com,request,2.6-202606,False,1,1,0
p003128,9to5mac.com,pbs.nextmillmedia.com,request,2.6-202606,False,1,1,0
p003129,9to5mac.com,pbs.nextmillmedia.com,request,2.6-202606,False,1,1,0
p003130,9to5mac.com,pbs.nextmillmedia.com,request,2.6-202606,False,1,1,0
p003131,boredpanda.com,pbs.nextmillmedia.com,request,2.6-202606,False,1,1,0
p003132,healthline.com,pbs2418030.adspsp.com,request,2.5,False,1,1,0
p003133,healthline.com,pbs2418030.adspsp.com,response,2.6-202606,True,0,0,0
p003134,thesun.co.uk,prebid-eu.creativecdn.com,request,2.6-202606,True,0,0,0
p003135,thesun.co.uk,prebid-eu.creativecdn.com,request,2.6-202606,True,0,0,0
p003136,thesun.co.uk,prebid-eu.creativecdn.com,request,2.6-202606,True,0,0,0
p003137,thesun.co.uk,prebid-eu.creativecdn.com,request,2.6-202606,True,0,0,0
p003138,thesun.co.uk,prebid-eu.creativecdn.com,request,2.6-202606,True,0,0,0
p003139,thesun.co.uk,prebid-eu.creativecdn.com,request,2.6-202606,True,0,0,0
p003140,thesun.co.uk,prebid-eu.creativecdn.com,request,2.6-202606,True,0,0,0
p003141,thesun.co.uk,prebid-eu.creativecdn.com,request,2.6-202606,True,0,0,0
p003142,thesun.co.uk,prebid-eu.creativecdn.com,request,2.6-202606,True,0,0,0
p003143,standard.co.uk,prebid-eu.creativecdn.com,request,2.6-202606,False,1,1,0
p003144,standard.co.uk,prebid-eu.creativecdn.com,request,2.6-202606,False,1,1,0
p003145,standard.co.uk,prebid-eu.creativecdn.com,request,2.6-202606,False,1,1,0
p003146,talksport.com,prebid-eu.creativecdn.com,request,2.6-202606,True,0,0,0
p003147,talksport.com,prebid-eu.creativecdn.com,request,2.6-202606,True,0,0,0
p003148,talksport.com,prebid-eu.creativecdn.com,request,2.6-202606,True,0,0,0
p003149,talksport.com,prebid-eu.creativecdn.com,request,2.6-202606,True,0,0,0
p003150,talksport.com,prebid-eu.creativecdn.com,request,2.6-202606,True,0,0,0
p003151,talksport.com,prebid-eu.creativecdn.com,request,2.6-202606,True,0,0,0
p003152,talksport.com,prebid-eu.creativecdn.com,request,2.6-202606,True,0,0,0
p003153,talksport.com,prebid-eu.creativecdn.com,request,2.6-202606,True,0,0,0
p003154,talksport.com,prebid-eu.creativecdn.com,request,2.6-202606,True,0,0,0
p003155,talksport.com,prebid-eu.creativecdn.com,request,2.6-202606,True,0,0,0
p003156,talksport.com,prebid-eu.creativecdn.com,request,2.6-202606,True,0,0,0
p003157,talksport.com,prebid-eu.creativecdn.com,request,2.6-202606,True,0,0,0
p003158,talksport.com,prebid-eu.creativecdn.com,request,2.6-202606,True,0,0,0
p003159,talksport.com,prebid-eu.creativecdn.com,request,2.6-202606,True,0,0,0
p003160,time.com,prebid-s2s.media.net,request,2.6-202606,False,1,1,0
p003161,time.com,prebid-s2s.media.net,request,2.6-202606,False,1,1,0
p003162,time.com,prebid-s2s.media.net,request,2.6-202606,False,1,1,0
p003163,time.com,prebid-s2s.media.net,request,2.6-202606,False,1,1,0
p003164,time.com,prebid-s2s.media.net,request,2.6-202606,False,1,1,0
p003165,time.com,prebid-s2s.media.net,request,2.6-202606,False,1,1,0
p003166,time.com,prebid-s2s.media.net,request,2.6-202606,False,1,1,0
p003167,time.com,prebid-s2s.media.net,response,2.6-202606,True,0,0,0
p003168,time.com,prebid-s2s.media.net,response,2.6-202606,True,1,0,1
p003169,time.com,prebid-s2s.media.net,response,2.6-202606,True,1,0,1
p003170,time.com,prebid-s2s.media.net,response,2.6-202606,True,0,0,0
p003171,time.com,prebid-s2s.media.net,response,2.6-202606,True,0,0,0
p003172,time.com,prebid-s2s.media.net,response,2.6-202606,True,0,0,0
p003173,time.com,prebid-s2s.media.net,response,2.6-202606,True,1,0,1
p003174,standard.co.uk,prebid-server.pbstck.com,request,2.6-202606,False,3,2,1
p003175,standard.co.uk,prebid-server.pbstck.com,request,2.6-202606,False,5,3,2
p003176,standard.co.uk,prebid-server.pbstck.com,request,2.6-202606,False,1,1,0
p003177,standard.co.uk,prebid-server.pbstck.com,request,2.6-202606,False,1,1,0
p003178,standard.co.uk,prebid-server.pbstck.com,request,2.6-202606,False,1,1,0
p003179,standard.co.uk,prebid-server.pbstck.com,request,2.6-202606,False,1,1,0
p003180,standard.co.uk,prebid-server.pbstck.com,request,2.6-202606,False,1,1,0
p003181,standard.co.uk,prebid-server.pbstck.com,request,2.6-202606,False,1,1,0
p003182,standard.co.uk,prebid-server.pbstck.com,request,2.6-202606,False,1,1,0
p003183,standard.co.uk,prebid-server.pbstck.com,response,2.6-202606,False,4,4,0
p003184,standard.co.uk,prebid-server.pbstck.com,response,2.6-202606,False,20,20,0
p003185,standard.co.uk,prebid-server.pbstck.com,response,2.6-202606,False,4,4,0
p003186,standard.co.uk,prebid-server.pbstck.com,response,2.6-202606,False,4,4,0
p003187,standard.co.uk,prebid-server.pbstck.com,response,2.6-202606,False,8,8,0
p003188,standard.co.uk,prebid-server.pbstck.com,response,2.6-202606,False,4,4,0
p003189,standard.co.uk,prebid-server.pbstck.com,response,2.6-202606,False,4,4,0
p003190,foxnews.com,prebid-server.rubiconproject.com,request,2.6-202606,False,2,1,1
p003191,foxnews.com,prebid-server.rubiconproject.com,request,2.6-202606,False,2,1,1
p003192,usatoday.com,prebid-server.rubiconproject.com,request,2.6-202606,False,2,1,1
p003193,chicagotribune.com,prebid-server.rubiconproject.com,request,2.6-202606,True,1,0,1
p003194,chicagotribune.com,prebid-server.rubiconproject.com,request,2.6-202606,True,1,0,1
p003195,chicagotribune.com,prebid-server.rubiconproject.com,request,2.6-202606,True,1,0,1
p003196,usatoday.com,prebid-server.rubiconproject.com,request,2.6-202606,False,2,1,1
p003197,usatoday.com,prebid-server.rubiconproject.com,request,2.6-202606,False,2,1,1
p003198,usatoday.com,prebid-server.rubiconproject.com,request,2.6-202606,False,3,2,1
p003199,chicagotribune.com,prebid-server.rubiconproject.com,request,2.6-202606,True,1,0,1
p003200,chicagotribune.com,prebid-server.rubiconproject.com,request,2.6-202606,True,1,0,1
p003201,businessinsider.com,prebid-server.rubiconproject.com,request,2.6-202606,False,1,1,0
p003202,businessinsider.com,prebid-server.rubiconproject.com,request,2.6-202606,False,1,1,0
p003203,businessinsider.com,prebid-server.rubiconproject.com,request,2.6-202606,False,1,1,0
p003204,businessinsider.com,prebid-server.rubiconproject.com,request,2.6-202606,False,1,1,0
p003205,huffpost.com,prebid-server.rubiconproject.com,request,2.6-202606,False,2,1,1
p003206,huffpost.com,prebid-server.rubiconproject.com,request,2.6-202606,False,2,1,1
p003207,huffpost.com,prebid-server.rubiconproject.com,request,2.6-202606,False,2,1,1
p003208,huffpost.com,prebid-server.rubiconproject.com,request,2.6-202606,False,2,1,1
p003209,huffpost.com,prebid-server.rubiconproject.com,request,2.6-202606,False,1,1,0
p003210,huffpost.com,prebid-server.rubiconproject.com,request,2.6-202606,False,2,1,1
p003211,huffpost.com,prebid-server.rubiconproject.com,request,2.6-202606,False,1,1,0
p003212,huffpost.com,prebid-server.rubiconproject.com,request,2.6-202606,False,2,1,1
p003213,huffpost.com,prebid-server.rubiconproject.com,request,2.6-202606,False,1,1,0
p003214,thesun.co.uk,prebid-server.rubiconproject.com,request,2.6-202606,False,2,2,0
p003215,thesun.co.uk,prebid-server.rubiconproject.com,request,2.6-202606,False,2,2,0
p003216,thesun.co.uk,prebid-server.rubiconproject.com,request,2.6-202606,False,2,2,0
p003217,thesun.co.uk,prebid-server.rubiconproject.com,request,2.6-202606,False,2,2,0
p003218,metro.co.uk,prebid-server.rubiconproject.com,request,2.6-202606,True,1,0,1
p003219,thesun.co.uk,prebid-server.rubiconproject.com,request,2.6-202606,False,2,2,0
p003220,thesun.co.uk,prebid-server.rubiconproject.com,request,2.6-202606,False,2,1,1
p003221,thesun.co.uk,prebid-server.rubiconproject.com,request,2.6-202606,False,2,2,0
p003222,thesun.co.uk,prebid-server.rubiconproject.com,request,2.6-202606,False,2,2,0
p003223,thesun.co.uk,prebid-server.rubiconproject.com,request,2.6-202606,False,2,2,0
p003224,thesun.co.uk,prebid-server.rubiconproject.com,request,2.6-202606,False,2,1,1
p003225,thesun.co.uk,prebid-server.rubiconproject.com,request,2.6-202606,False,2,2,0
p003226,standard.co.uk,prebid-server.rubiconproject.com,request,2.6-202606,False,2,1,1
p003227,standard.co.uk,prebid-server.rubiconproject.com,request,2.6-202606,False,2,1,1
p003228,standard.co.uk,prebid-server.rubiconproject.com,request,2.6-202606,False,1,1,0
p003229,standard.co.uk,prebid-server.rubiconproject.com,request,2.6-202606,False,1,1,0
p003230,standard.co.uk,prebid-server.rubiconproject.com,request,2.6-202606,False,1,1,0
p003231,nbcnews.com,prebid-server.rubiconproject.com,request,2.6-202606,False,2,1,1
p003232,cbsnews.com,prebid-server.rubiconproject.com,request,2.6-202606,False,2,1,1
p003233,cbsnews.com,prebid-server.rubiconproject.com,request,2.6-202606,False,2,1,1
p003234,nbcnews.com,prebid-server.rubiconproject.com,request,2.6-202606,False,2,1,1
p003235,nbcnews.com,prebid-server.rubiconproject.com,request,2.6-202606,False,2,1,1
p003236,abcnews.go.com,prebid-server.rubiconproject.com,request,2.6-202606,False,2,1,1
p003237,abcnews.go.com,prebid-server.rubiconproject.com,request,2.6-202606,False,2,1,1
p003238,abcnews.go.com,prebid-server.rubiconproject.com,request,2.6-202606,False,2,1,1
p003239,abcnews.go.com,prebid-server.rubiconproject.com,request,2.6-202606,False,2,1,1
p003240,slate.com,prebid-server.rubiconproject.com,request,2.6-202606,False,2,1,1
p003241,slate.com,prebid-server.rubiconproject.com,request,2.6-202606,False,2,1,1
p003242,time.com,prebid-server.rubiconproject.com,request,2.6-202606,False,2,1,1
p003243,time.com,prebid-server.rubiconproject.com,request,2.6-202606,False,2,1,1
p003244,time.com,prebid-server.rubiconproject.com,request,2.6-202606,False,2,1,1
p003245,slate.com,prebid-server.rubiconproject.com,request,2.6-202606,False,2,1,1
p003246,slate.com,prebid-server.rubiconproject.com,request,2.6-202606,False,2,1,1
p003247,slate.com,prebid-server.rubiconproject.com,request,2.6-202606,False,2,1,1
p003248,vox.com,prebid-server.rubiconproject.com,request,2.6-202606,False,1,1,0
p003249,theverge.com,prebid-server.rubiconproject.com,request,2.6-202606,False,1,1,0
p003250,vox.com,prebid-server.rubiconproject.com,request,2.6-202606,False,1,1,0
p003251,salon.com,prebid-server.rubiconproject.com,request,2.6-202606,False,2,1,1
p003252,salon.com,prebid-server.rubiconproject.com,request,2.6-202606,True,0,0,0
p003253,salon.com,prebid-server.rubiconproject.com,request,2.6-202606,False,2,1,1
p003254,salon.com,prebid-server.rubiconproject.com,request,2.6-202606,True,0,0,0
p003255,salon.com,prebid-server.rubiconproject.com,request,2.6-202606,True,0,0,0
p003256,salon.com,prebid-server.rubiconproject.com,request,2.6-202606,True,0,0,0
p003257,salon.com,prebid-server.rubiconproject.com,request,2.6-202606,True,0,0,0
p003258,salon.com,prebid-server.rubiconproject.com,request,2.6-202606,True,0,0,0
p003259,salon.com,prebid-server.rubiconproject.com,request,2.6-202606,True,0,0,0
p003260,salon.com,prebid-server.rubiconproject.com,request,2.6-202606,False,2,1,1
p003261,salon.com,prebid-server.rubiconproject.com,request,2.6-202606,False,2,1,1
p003262,vox.com,prebid-server.rubiconproject.com,request,2.6-202606,False,1,1,0
p003263,salon.com,prebid-server.rubiconproject.com,request,2.6-202606,False,2,1,1
p003264,salon.com,prebid-server.rubiconproject.com,request,2.6-202606,False,2,1,1
p003265,salon.com,prebid-server.rubiconproject.com,request,2.6-202606,False,2,1,1
p003266,salon.com,prebid-server.rubiconproject.com,request,2.6-202606,False,2,1,1
p003267,theverge.com,prebid-server.rubiconproject.com,request,2.6-202606,False,1,1,0
p003268,salon.com,prebid-server.rubiconproject.com,request,2.6-202606,False,2,1,1
p003269,salon.com,prebid-server.rubiconproject.com,request,2.6-202606,False,2,1,1
p003270,vox.com,prebid-server.rubiconproject.com,request,2.6-202606,False,1,1,0
p003271,engadget.com,prebid-server.rubiconproject.com,request,2.6-202606,False,2,1,1
p003272,vox.com,prebid-server.rubiconproject.com,request,2.6-202606,False,1,1,0
p003273,vox.com,prebid-server.rubiconproject.com,request,2.6-202606,False,1,1,0
p003274,theverge.com,prebid-server.rubiconproject.com,request,2.6-202606,False,1,1,0
p003275,theverge.com,prebid-server.rubiconproject.com,request,2.6-202606,False,1,1,0
p003276,engadget.com,prebid-server.rubiconproject.com,request,2.6-202606,False,2,1,1
p003277,engadget.com,prebid-server.rubiconproject.com,request,2.6-202606,False,2,1,1
p003278,engadget.com,prebid-server.rubiconproject.com,request,2.6-202606,False,2,1,1
p003279,engadget.com,prebid-server.rubiconproject.com,request,2.6-202606,False,2,1,1
p003280,engadget.com,prebid-server.rubiconproject.com,request,2.6-202606,False,2,1,1
p003281,zdnet.com,prebid-server.rubiconproject.com,request,2.6-202606,True,1,0,1
p003282,androidauthority.com,prebid-server.rubiconproject.com,request,2.6-202606,True,1,0,1
p003283,androidauthority.com,prebid-server.rubiconproject.com,request,2.6-202606,True,1,0,1
p003284,androidauthority.com,prebid-server.rubiconproject.com,request,2.6-202606,True,1,0,1
p003285,androidauthority.com,prebid-server.rubiconproject.com,request,2.6-202606,True,1,0,1
p003286,macrumors.com,prebid-server.rubiconproject.com,request,2.6-202606,True,0,0,0
p003287,macrumors.com,prebid-server.rubiconproject.com,request,2.6-202606,True,0,0,0
p003288,macrumors.com,prebid-server.rubiconproject.com,request,2.6-202606,True,0,0,0
p003289,macrumors.com,prebid-server.rubiconproject.com,request,2.6-202606,True,0,0,0
p003290,macrumors.com,prebid-server.rubiconproject.com,request,2.6-202606,True,0,0,0
p003291,macrumors.com,prebid-server.rubiconproject.com,request,2.6-202606,True,0,0,0
p003292,macrumors.com,prebid-server.rubiconproject.com,request,2.6-202606,True,0,0,0
p003293,androidauthority.com,prebid-server.rubiconproject.com,request,2.6-202606,True,1,0,1
p003294,macrumors.com,prebid-server.rubiconproject.com,request,2.6-202606,True,0,0,0
p003295,macrumors.com,prebid-server.rubiconproject.com,request,2.6-202606,True,0,0,0
p003296,macrumors.com,prebid-server.rubiconproject.com,request,2.6-202606,True,0,0,0
p003297,macrumors.com,prebid-server.rubiconproject.com,request,2.6-202606,True,0,0,0
p003298,macrumors.com,prebid-server.rubiconproject.com,request,2.6-202606,True,0,0,0
p003299,macrumors.com,prebid-server.rubiconproject.com,request,2.6-202606,True,0,0,0
p003300,macrumors.com,prebid-server.rubiconproject.com,request,2.6-202606,True,0,0,0
p003301,macrumors.com,prebid-server.rubiconproject.com,request,2.6-202606,True,0,0,0
p003302,macrumors.com,prebid-server.rubiconproject.com,request,2.6-202606,True,0,0,0
p003303,makeuseof.com,prebid-server.rubiconproject.com,request,2.6-202606,False,2,1,1
p003304,cbr.com,prebid-server.rubiconproject.com,request,2.6-202606,False,2,1,1
p003305,ign.com,prebid-server.rubiconproject.com,request,2.6-202606,True,0,0,0
p003306,gamespot.com,prebid-server.rubiconproject.com,request,2.6-202606,False,55,55,0
p003307,gamespot.com,prebid-server.rubiconproject.com,request,2.6-202606,False,55,55,0
p003308,gamespot.com,prebid-server.rubiconproject.com,request,2.6-202606,False,56,56,0
p003309,gamespot.com,prebid-server.rubiconproject.com,request,2.6-202606,False,59,59,0
p003310,gamespot.com,prebid-server.rubiconproject.com,request,2.6-202606,False,59,59,0
p003311,pcgamer.com,prebid-server.rubiconproject.com,request,2.6-202606,False,3,2,1
p003312,kotaku.com,prebid-server.rubiconproject.com,request,2.6-202606,False,2,1,1
p003313,kotaku.com,prebid-server.rubiconproject.com,request,2.6-202606,False,2,1,1
p003314,rockpapershotgun.com,prebid-server.rubiconproject.com,request,2.6-202606,True,0,0,0
p003315,rockpapershotgun.com,prebid-server.rubiconproject.com,request,2.6-202606,True,0,0,0
p003316,rockpapershotgun.com,prebid-server.rubiconproject.com,request,2.6-202606,True,0,0,0
p003317,rockpapershotgun.com,prebid-server.rubiconproject.com,request,2.6-202606,True,0,0,0
p003318,eurogamer.net,prebid-server.rubiconproject.com,request,2.6-202606,True,0,0,0
p003319,eurogamer.net,prebid-server.rubiconproject.com,request,2.6-202606,True,0,0,0
p003320,eurogamer.net,prebid-server.rubiconproject.com,request,2.6-202606,True,0,0,0
p003321,eurogamer.net,prebid-server.rubiconproject.com,request,2.6-202606,True,0,0,0
p003322,eurogamer.net,prebid-server.rubiconproject.com,request,2.6-202606,False,3,2,1
p003323,eurogamer.net,prebid-server.rubiconproject.com,request,2.6-202606,False,3,2,1
p003324,rockpapershotgun.com,prebid-server.rubiconproject.com,request,2.6-202606,True,0,0,0
p003325,rockpapershotgun.com,prebid-server.rubiconproject.com,request,2.6-202606,True,0,0,0
p003326,rockpapershotgun.com,prebid-server.rubiconproject.com,request,2.6-202606,True,0,0,0
p003327,rockpapershotgun.com,prebid-server.rubiconproject.com,request,2.6-202606,True,0,0,0
p003328,rockpapershotgun.com,prebid-server.rubiconproject.com,request,2.6-202606,False,3,2,1
p003329,rockpapershotgun.com,prebid-server.rubiconproject.com,request,2.6-202606,False,3,2,1
p003330,rockpapershotgun.com,prebid-server.rubiconproject.com,request,2.6-202606,True,0,0,0
p003331,vg247.com,prebid-server.rubiconproject.com,request,2.6-202606,True,0,0,0
p003332,vg247.com,prebid-server.rubiconproject.com,request,2.6-202606,True,0,0,0
p003333,eurogamer.net,prebid-server.rubiconproject.com,request,2.6-202606,True,0,0,0
p003334,eurogamer.net,prebid-server.rubiconproject.com,request,2.6-202606,True,0,0,0
p003335,eurogamer.net,prebid-server.rubiconproject.com,request,2.6-202606,True,0,0,0
p003336,eurogamer.net,prebid-server.rubiconproject.com,request,2.6-202606,False,3,2,1
p003337,eurogamer.net,prebid-server.rubiconproject.com,request,2.6-202606,False,3,2,1
p003338,vg247.com,prebid-server.rubiconproject.com,request,2.6-202606,True,0,0,0
p003339,rockpapershotgun.com,prebid-server.rubiconproject.com,request,2.6-202606,False,3,2,1
p003340,rockpapershotgun.com,prebid-server.rubiconproject.com,request,2.6-202606,False,3,2,1
p003341,eurogamer.net,prebid-server.rubiconproject.com,request,2.6-202606,True,0,0,0
p003342,vg247.com,prebid-server.rubiconproject.com,request,2.6-202606,True,0,0,0
p003343,eurogamer.net,prebid-server.rubiconproject.com,request,2.6-202606,False,3,2,1
p003344,eurogamer.net,prebid-server.rubiconproject.com,request,2.6-202606,False,3,2,1
p003345,eurogamer.net,prebid-server.rubiconproject.com,request,2.6-202606,False,3,2,1
p003346,eurogamer.net,prebid-server.rubiconproject.com,request,2.6-202606,False,3,2,1
p003347,vg247.com,prebid-server.rubiconproject.com,request,2.6-202606,True,0,0,0
p003348,vg247.com,prebid-server.rubiconproject.com,request,2.6-202606,True,0,0,0
p003349,vg247.com,prebid-server.rubiconproject.com,request,2.6-202606,True,0,0,0
p003350,vg247.com,prebid-server.rubiconproject.com,request,2.6-202606,False,3,2,1
p003351,vg247.com,prebid-server.rubiconproject.com,request,2.6-202606,False,3,2,1
p003352,vg247.com,prebid-server.rubiconproject.com,request,2.6-202606,True,0,0,0
p003353,si.com,prebid-server.rubiconproject.com,request,2.6-202606,True,1,0,1
p003354,si.com,prebid-server.rubiconproject.com,request,2.6-202606,True,1,0,1
p003355,si.com,prebid-server.rubiconproject.com,request,2.6-202606,True,0,0,0
p003356,cbssports.com,prebid-server.rubiconproject.com,request,2.6-202606,False,2,1,1
p003357,si.com,prebid-server.rubiconproject.com,request,2.6-202606,True,1,0,1
p003358,cbssports.com,prebid-server.rubiconproject.com,request,2.6-202606,False,2,1,1
p003359,goal.com,prebid-server.rubiconproject.com,request,2.6-202606,True,1,0,1
p003360,goal.com,prebid-server.rubiconproject.com,request,2.6-202606,True,1,0,1
p003361,weather.com,prebid-server.rubiconproject.com,request,2.6-202606,False,2,1,1
p003362,weather.com,prebid-server.rubiconproject.com,request,2.6-202606,False,2,1,1
p003363,wunderground.com,prebid-server.rubiconproject.com,request,2.6-202606,False,2,1,1
p003364,wunderground.com,prebid-server.rubiconproject.com,request,2.6-202606,False,2,1,1
p003365,wunderground.com,prebid-server.rubiconproject.com,request,2.6-202606,False,2,1,1
p003366,wunderground.com,prebid-server.rubiconproject.com,request,2.6-202606,False,2,1,1
p003367,wunderground.com,prebid-server.rubiconproject.com,request,2.6-202606,False,2,1,1
p003368,wunderground.com,prebid-server.rubiconproject.com,request,2.6-202606,False,2,1,1
p003369,wunderground.com,prebid-server.rubiconproject.com,request,2.6-202606,False,2,1,1
p003370,wunderground.com,prebid-server.rubiconproject.com,request,2.6-202606,False,2,1,1
p003371,eonline.com,prebid-server.rubiconproject.com,request,2.6-202606,False,2,1,1
p003372,eonline.com,prebid-server.rubiconproject.com,request,2.6-202606,False,2,1,1
p003373,eonline.com,prebid-server.rubiconproject.com,request,2.6-202606,False,2,1,1
p003374,eonline.com,prebid-server.rubiconproject.com,request,2.6-202606,False,2,1,1
p003375,eonline.com,prebid-server.rubiconproject.com,request,2.6-202606,False,2,1,1
p003376,eonline.com,prebid-server.rubiconproject.com,request,2.6-202606,False,2,1,1
p003377,variety.com,prebid-server.rubiconproject.com,request,2.6-202606,True,0,0,0
p003378,variety.com,prebid-server.rubiconproject.com,request,2.6-202606,True,0,0,0
p003379,eonline.com,prebid-server.rubiconproject.com,request,2.6-202606,False,2,1,1
p003380,deadline.com,prebid-server.rubiconproject.com,request,2.6-202606,True,2,0,2
p003381,deadline.com,prebid-server.rubiconproject.com,request,2.6-202606,True,2,0,2
p003382,variety.com,prebid-server.rubiconproject.com,request,2.6-202606,True,0,0,0
p003383,hollywoodreporter.com,prebid-server.rubiconproject.com,request,2.6-202606,True,1,0,1
p003384,hollywoodreporter.com,prebid-server.rubiconproject.com,request,2.6-202606,True,1,0,1
p003385,hollywoodreporter.com,prebid-server.rubiconproject.com,request,2.6-202606,True,1,0,1
p003386,hollywoodreporter.com,prebid-server.rubiconproject.com,request,2.6-202606,True,1,0,1
p003387,rollingstone.com,prebid-server.rubiconproject.com,request,2.6-202606,True,0,0,0
p003388,hollywoodreporter.com,prebid-server.rubiconproject.com,request,2.6-202606,True,1,0,1
p003389,hollywoodreporter.com,prebid-server.rubiconproject.com,request,2.6-202606,True,1,0,1
p003390,hollywoodreporter.com,prebid-server.rubiconproject.com,request,2.6-202606,True,1,0,1
p003391,hollywoodreporter.com,prebid-server.rubiconproject.com,request,2.6-202606,True,1,0,1
p003392,hollywoodreporter.com,prebid-server.rubiconproject.com,request,2.6-202606,True,0,0,0
p003393,hollywoodreporter.com,prebid-server.rubiconproject.com,request,2.6-202606,True,0,0,0
p003394,billboard.com,prebid-server.rubiconproject.com,request,2.6-202606,True,0,0,0
p003395,billboard.com,prebid-server.rubiconproject.com,request,2.6-202606,True,1,0,1
p003396,billboard.com,prebid-server.rubiconproject.com,request,2.6-202606,True,1,0,1
p003397,billboard.com,prebid-server.rubiconproject.com,request,2.6-202606,True,1,0,1
p003398,billboard.com,prebid-server.rubiconproject.com,request,2.6-202606,True,1,0,1
p003399,rollingstone.com,prebid-server.rubiconproject.com,request,2.6-202606,True,2,0,2
p003400,rollingstone.com,prebid-server.rubiconproject.com,request,2.6-202606,True,2,0,2
p003401,rollingstone.com,prebid-server.rubiconproject.com,request,2.6-202606,True,1,0,1
p003402,rollingstone.com,prebid-server.rubiconproject.com,request,2.6-202606,True,1,0,1
p003403,billboard.com,prebid-server.rubiconproject.com,request,2.6-202606,True,1,0,1
p003404,billboard.com,prebid-server.rubiconproject.com,request,2.6-202606,True,1,0,1
p003405,rollingstone.com,prebid-server.rubiconproject.com,request,2.6-202606,True,1,0,1
p003406,rollingstone.com,prebid-server.rubiconproject.com,request,2.6-202606,True,1,0,1
p003407,stereogum.com,prebid-server.rubiconproject.com,request,2.6-202606,True,0,0,0
p003408,thrillist.com,prebid-server.rubiconproject.com,request,2.6-202606,False,1,1,0
p003409,thrillist.com,prebid-server.rubiconproject.com,request,2.6-202606,False,1,1,0
p003410,thrillist.com,prebid-server.rubiconproject.com,request,2.6-202606,False,1,1,0
p003411,billboard.com,prebid-server.rubiconproject.com,request,2.6-202606,True,2,0,2
p003412,billboard.com,prebid-server.rubiconproject.com,request,2.6-202606,True,2,0,2
p003413,billboard.com,prebid-server.rubiconproject.com,request,2.6-202606,True,1,0,1
p003414,billboard.com,prebid-server.rubiconproject.com,request,2.6-202606,True,1,0,1
p003415,billboard.com,prebid-server.rubiconproject.com,request,2.6-202606,True,0,0,0
p003416,billboard.com,prebid-server.rubiconproject.com,request,2.6-202606,True,0,0,0
p003417,stereogum.com,prebid-server.rubiconproject.com,request,2.6-202606,False,2,1,1
p003418,thrillist.com,prebid-server.rubiconproject.com,request,2.6-202606,False,1,1,0
p003419,thrillist.com,prebid-server.rubiconproject.com,request,2.6-202606,False,1,1,0
p003420,boredpanda.com,prebid-server.rubiconproject.com,request,2.6-202606,False,2,1,1
p003421,boredpanda.com,prebid-server.rubiconproject.com,request,2.6-202606,False,2,1,1
p003422,boredpanda.com,prebid-server.rubiconproject.com,request,2.6-202606,False,2,1,1
p003423,ladbible.com,prebid-server.rubiconproject.com,request,2.6-202606,False,2,2,0
p003424,ladbible.com,prebid-server.rubiconproject.com,request,2.6-202606,True,1,0,1
p003425,ladbible.com,prebid-server.rubiconproject.com,request,2.6-202606,True,1,0,1
p003426,ladbible.com,prebid-server.rubiconproject.com,request,2.6-202606,True,1,0,1
p003427,ladbible.com,prebid-server.rubiconproject.com,request,2.6-202606,True,1,0,1
p003428,distractify.com,prebid-server.rubiconproject.com,request,2.6-202606,False,3,2,1
p003429,buzzfeed.com,prebid-server.rubiconproject.com,request,2.6-202606,False,1,1,0
p003430,buzzfeed.com,prebid-server.rubiconproject.com,request,2.6-202606,False,1,1,0
p003431,buzzfeed.com,prebid-server.rubiconproject.com,request,2.6-202606,False,1,1,0
p003432,unilad.com,prebid-server.rubiconproject.com,request,2.6-202606,False,2,2,0
p003433,unilad.com,prebid-server.rubiconproject.com,request,2.6-202606,False,2,2,0
p003434,unilad.com,prebid-server.rubiconproject.com,request,2.6-202606,True,1,0,1
p003435,unilad.com,prebid-server.rubiconproject.com,request,2.6-202606,True,1,0,1
p003436,unilad.com,prebid-server.rubiconproject.com,request,2.6-202606,True,1,0,1
p003437,unilad.com,prebid-server.rubiconproject.com,request,2.6-202606,True,1,0,1
p003438,buzzfeed.com,prebid-server.rubiconproject.com,request,2.6-202606,False,1,1,0
p003439,unilad.com,prebid-server.rubiconproject.com,request,2.6-202606,False,2,2,0
p003440,unilad.com,prebid-server.rubiconproject.com,request,2.6-202606,False,2,2,0
p003441,buzzfeed.com,prebid-server.rubiconproject.com,request,2.6-202606,False,1,1,0
p003442,buzzfeed.com,prebid-server.rubiconproject.com,request,2.6-202606,False,1,1,0
p003443,distractify.com,prebid-server.rubiconproject.com,request,2.6-202606,False,3,2,1
p003444,buzzfeed.com,prebid-server.rubiconproject.com,request,2.6-202606,False,1,1,0
p003445,buzzfeed.com,prebid-server.rubiconproject.com,request,2.6-202606,False,1,1,0
p003446,distractify.com,prebid-server.rubiconproject.com,request,2.6-202606,False,3,2,1
p003447,unilad.com,prebid-server.rubiconproject.com,request,2.6-202606,True,1,0,1
p003448,unilad.com,prebid-server.rubiconproject.com,request,2.6-202606,True,1,0,1
p003449,distractify.com,prebid-server.rubiconproject.com,request,2.6-202606,False,3,2,1
p003450,buzzfeed.com,prebid-server.rubiconproject.com,request,2.6-202606,False,2,1,1
p003451,buzzfeed.com,prebid-server.rubiconproject.com,request,2.6-202606,False,1,1,0
p003452,buzzfeed.com,prebid-server.rubiconproject.com,request,2.6-202606,False,1,1,0
p003453,buzzfeed.com,prebid-server.rubiconproject.com,request,2.6-202606,False,2,1,1
p003454,buzzfeed.com,prebid-server.rubiconproject.com,request,2.6-202606,False,2,1,1
p003455,buzzfeed.com,prebid-server.rubiconproject.com,request,2.6-202606,False,2,1,1
p003456,buzzfeed.com,prebid-server.rubiconproject.com,request,2.6-202606,False,2,1,1
p003457,ranker.com,prebid-server.rubiconproject.com,request,2.6-202606,True,0,0,0
p003458,ranker.com,prebid-server.rubiconproject.com,request,2.6-202606,True,0,0,0
p003459,ranker.com,prebid-server.rubiconproject.com,request,2.6-202606,True,0,0,0
p003460,ranker.com,prebid-server.rubiconproject.com,request,2.6-202606,False,2,1,1
p003461,ranker.com,prebid-server.rubiconproject.com,request,2.6-202606,False,2,1,1
p003462,ranker.com,prebid-server.rubiconproject.com,request,2.6-202606,False,2,1,1
p003463,ranker.com,prebid-server.rubiconproject.com,request,2.6-202606,False,2,1,1
p003464,grunge.com,prebid-server.rubiconproject.com,request,2.6-202606,False,2,1,1
p003465,grunge.com,prebid-server.rubiconproject.com,request,2.6-202606,True,0,0,0
p003466,grunge.com,prebid-server.rubiconproject.com,request,2.6-202606,True,0,0,0
p003467,grunge.com,prebid-server.rubiconproject.com,request,2.6-202606,True,0,0,0
p003468,grunge.com,prebid-server.rubiconproject.com,request,2.6-202606,True,0,0,0
p003469,grunge.com,prebid-server.rubiconproject.com,request,2.6-202606,True,0,0,0
p003470,grunge.com,prebid-server.rubiconproject.com,request,2.6-202606,True,0,0,0
p003471,grunge.com,prebid-server.rubiconproject.com,request,2.6-202606,False,2,1,1
p003472,grunge.com,prebid-server.rubiconproject.com,request,2.6-202606,False,2,1,1
p003473,looper.com,prebid-server.rubiconproject.com,request,2.6-202606,False,2,1,1
p003474,slashfilm.com,prebid-server.rubiconproject.com,request,2.6-202606,False,2,1,1
p003475,mashed.com,prebid-server.rubiconproject.com,request,2.6-202606,False,2,1,1
p003476,sfgate.com,prebid-server.rubiconproject.com,request,2.6-202606,True,0,0,0
p003477,sfgate.com,prebid-server.rubiconproject.com,request,2.6-202606,False,3,2,1
p003478,foxnews.com,prebid-server.rubiconproject.com,response,2.6-202606,True,0,0,0
p003479,foxnews.com,prebid-server.rubiconproject.com,response,2.6-202606,True,0,0,0
p003480,usatoday.com,prebid-server.rubiconproject.com,response,2.6-202606,True,0,0,0
p003481,chicagotribune.com,prebid-server.rubiconproject.com,response,2.6-202606,True,0,0,0
p003482,chicagotribune.com,prebid-server.rubiconproject.com,response,2.6-202606,True,0,0,0
p003483,chicagotribune.com,prebid-server.rubiconproject.com,response,2.6-202606,True,0,0,0
p003484,usatoday.com,prebid-server.rubiconproject.com,response,2.6-202606,True,0,0,0
p003485,usatoday.com,prebid-server.rubiconproject.com,response,2.6-202606,True,0,0,0
p003486,usatoday.com,prebid-server.rubiconproject.com,response,2.6-202606,True,0,0,0
p003487,chicagotribune.com,prebid-server.rubiconproject.com,response,2.6-202606,True,0,0,0
p003488,chicagotribune.com,prebid-server.rubiconproject.com,response,2.6-202606,True,0,0,0
p003489,businessinsider.com,prebid-server.rubiconproject.com,response,2.6-202606,True,0,0,0
p003490,businessinsider.com,prebid-server.rubiconproject.com,response,2.6-202606,True,0,0,0
p003491,businessinsider.com,prebid-server.rubiconproject.com,response,2.6-202606,True,0,0,0
p003492,businessinsider.com,prebid-server.rubiconproject.com,response,2.6-202606,True,0,0,0
p003493,huffpost.com,prebid-server.rubiconproject.com,response,2.6-202606,True,0,0,0
p003494,huffpost.com,prebid-server.rubiconproject.com,response,2.6-202606,True,0,0,0
p003495,huffpost.com,prebid-server.rubiconproject.com,response,2.6-202606,True,0,0,0
p003496,huffpost.com,prebid-server.rubiconproject.com,response,2.6-202606,True,0,0,0
p003497,huffpost.com,prebid-server.rubiconproject.com,response,2.6-202606,True,0,0,0
p003498,huffpost.com,prebid-server.rubiconproject.com,response,2.6-202606,True,1,0,1
p003499,huffpost.com,prebid-server.rubiconproject.com,response,2.6-202606,True,1,0,1
p003500,huffpost.com,prebid-server.rubiconproject.com,response,2.6-202606,True,1,0,1
p003501,huffpost.com,prebid-server.rubiconproject.com,response,2.6-202606,True,1,0,1
p003502,thesun.co.uk,prebid-server.rubiconproject.com,response,2.6-202606,True,0,0,0
p003503,thesun.co.uk,prebid-server.rubiconproject.com,response,2.6-202606,True,0,0,0
p003504,thesun.co.uk,prebid-server.rubiconproject.com,response,2.6-202606,True,0,0,0
p003505,thesun.co.uk,prebid-server.rubiconproject.com,response,2.6-202606,True,0,0,0
p003506,metro.co.uk,prebid-server.rubiconproject.com,response,2.6-202606,True,0,0,0
p003507,thesun.co.uk,prebid-server.rubiconproject.com,response,2.6-202606,True,0,0,0
p003508,thesun.co.uk,prebid-server.rubiconproject.com,response,2.6-202606,True,0,0,0
p003509,thesun.co.uk,prebid-server.rubiconproject.com,response,2.6-202606,True,0,0,0
p003510,thesun.co.uk,prebid-server.rubiconproject.com,response,2.6-202606,True,0,0,0
p003511,thesun.co.uk,prebid-server.rubiconproject.com,response,2.6-202606,True,0,0,0
p003512,thesun.co.uk,prebid-server.rubiconproject.com,response,2.6-202606,True,0,0,0
p003513,standard.co.uk,prebid-server.rubiconproject.com,response,2.6-202606,True,0,0,0
p003514,standard.co.uk,prebid-server.rubiconproject.com,response,2.6-202606,True,0,0,0
p003515,standard.co.uk,prebid-server.rubiconproject.com,response,2.6-202606,True,0,0,0
p003516,standard.co.uk,prebid-server.rubiconproject.com,response,2.6-202606,True,0,0,0
p003517,standard.co.uk,prebid-server.rubiconproject.com,response,2.6-202606,True,0,0,0
p003518,nbcnews.com,prebid-server.rubiconproject.com,response,2.6-202606,True,0,0,0
p003519,cbsnews.com,prebid-server.rubiconproject.com,response,2.6-202606,True,0,0,0
p003520,cbsnews.com,prebid-server.rubiconproject.com,response,2.6-202606,True,0,0,0
p003521,nbcnews.com,prebid-server.rubiconproject.com,response,2.6-202606,True,0,0,0
p003522,nbcnews.com,prebid-server.rubiconproject.com,response,2.6-202606,True,0,0,0
p003523,abcnews.go.com,prebid-server.rubiconproject.com,response,2.6-202606,True,0,0,0
p003524,abcnews.go.com,prebid-server.rubiconproject.com,response,2.6-202606,True,0,0,0
p003525,abcnews.go.com,prebid-server.rubiconproject.com,response,2.6-202606,True,0,0,0
p003526,abcnews.go.com,prebid-server.rubiconproject.com,response,2.6-202606,True,0,0,0
p003527,slate.com,prebid-server.rubiconproject.com,response,2.6-202606,True,0,0,0
p003528,slate.com,prebid-server.rubiconproject.com,response,2.6-202606,True,0,0,0
p003529,time.com,prebid-server.rubiconproject.com,response,2.6-202606,True,0,0,0
p003530,time.com,prebid-server.rubiconproject.com,response,2.6-202606,True,0,0,0
p003531,time.com,prebid-server.rubiconproject.com,response,2.6-202606,True,0,0,0
p003532,slate.com,prebid-server.rubiconproject.com,response,2.6-202606,True,0,0,0
p003533,slate.com,prebid-server.rubiconproject.com,response,2.6-202606,True,0,0,0
p003534,slate.com,prebid-server.rubiconproject.com,response,2.6-202606,True,0,0,0
p003535,vox.com,prebid-server.rubiconproject.com,response,2.6-202606,True,0,0,0
p003536,theverge.com,prebid-server.rubiconproject.com,response,2.6-202606,True,0,0,0
p003537,vox.com,prebid-server.rubiconproject.com,response,2.6-202606,True,0,0,0
p003538,salon.com,prebid-server.rubiconproject.com,response,2.6-202606,True,0,0,0
p003539,salon.com,prebid-server.rubiconproject.com,response,2.6-202606,True,0,0,0
p003540,salon.com,prebid-server.rubiconproject.com,response,2.6-202606,True,0,0,0
p003541,salon.com,prebid-server.rubiconproject.com,response,2.6-202606,True,0,0,0
p003542,salon.com,prebid-server.rubiconproject.com,response,2.6-202606,True,0,0,0
p003543,salon.com,prebid-server.rubiconproject.com,response,2.6-202606,True,0,0,0
p003544,salon.com,prebid-server.rubiconproject.com,response,2.6-202606,True,0,0,0
p003545,salon.com,prebid-server.rubiconproject.com,response,2.6-202606,True,0,0,0
p003546,salon.com,prebid-server.rubiconproject.com,response,2.6-202606,True,0,0,0
p003547,salon.com,prebid-server.rubiconproject.com,response,2.6-202606,True,0,0,0
p003548,salon.com,prebid-server.rubiconproject.com,response,2.6-202606,True,0,0,0
p003549,vox.com,prebid-server.rubiconproject.com,response,2.6-202606,True,0,0,0
p003550,salon.com,prebid-server.rubiconproject.com,response,2.6-202606,True,0,0,0
p003551,salon.com,prebid-server.rubiconproject.com,response,2.6-202606,True,0,0,0
p003552,salon.com,prebid-server.rubiconproject.com,response,2.6-202606,True,0,0,0
p003553,salon.com,prebid-server.rubiconproject.com,response,2.6-202606,True,0,0,0
p003554,theverge.com,prebid-server.rubiconproject.com,response,2.6-202606,True,0,0,0
p003555,salon.com,prebid-server.rubiconproject.com,response,2.6-202606,True,0,0,0
p003556,salon.com,prebid-server.rubiconproject.com,response,2.6-202606,True,0,0,0
p003557,vox.com,prebid-server.rubiconproject.com,response,2.6-202606,True,0,0,0
p003558,engadget.com,prebid-server.rubiconproject.com,response,2.6-202606,True,0,0,0
p003559,vox.com,prebid-server.rubiconproject.com,response,2.6-202606,True,0,0,0
p003560,vox.com,prebid-server.rubiconproject.com,response,2.6-202606,True,0,0,0
p003561,theverge.com,prebid-server.rubiconproject.com,response,2.6-202606,True,0,0,0
p003562,theverge.com,prebid-server.rubiconproject.com,response,2.6-202606,True,0,0,0
p003563,engadget.com,prebid-server.rubiconproject.com,response,2.6-202606,True,0,0,0
p003564,engadget.com,prebid-server.rubiconproject.com,response,2.6-202606,True,0,0,0
p003565,engadget.com,prebid-server.rubiconproject.com,response,2.6-202606,True,0,0,0
p003566,engadget.com,prebid-server.rubiconproject.com,response,2.6-202606,True,0,0,0
p003567,engadget.com,prebid-server.rubiconproject.com,response,2.6-202606,True,0,0,0
p003568,zdnet.com,prebid-server.rubiconproject.com,response,2.6-202606,True,0,0,0
p003569,androidauthority.com,prebid-server.rubiconproject.com,response,2.6-202606,True,0,0,0
p003570,androidauthority.com,prebid-server.rubiconproject.com,response,2.6-202606,True,0,0,0
p003571,androidauthority.com,prebid-server.rubiconproject.com,response,2.6-202606,True,0,0,0
p003572,androidauthority.com,prebid-server.rubiconproject.com,response,2.6-202606,True,0,0,0
p003573,macrumors.com,prebid-server.rubiconproject.com,response,2.6-202606,True,0,0,0
p003574,macrumors.com,prebid-server.rubiconproject.com,response,2.6-202606,True,0,0,0
p003575,macrumors.com,prebid-server.rubiconproject.com,response,2.6-202606,True,0,0,0
p003576,macrumors.com,prebid-server.rubiconproject.com,response,2.6-202606,True,0,0,0
p003577,macrumors.com,prebid-server.rubiconproject.com,response,2.6-202606,True,0,0,0
p003578,macrumors.com,prebid-server.rubiconproject.com,response,2.6-202606,True,0,0,0
p003579,macrumors.com,prebid-server.rubiconproject.com,response,2.6-202606,True,0,0,0
p003580,androidauthority.com,prebid-server.rubiconproject.com,response,2.6-202606,True,0,0,0
p003581,macrumors.com,prebid-server.rubiconproject.com,response,2.6-202606,True,0,0,0
p003582,macrumors.com,prebid-server.rubiconproject.com,response,2.6-202606,True,0,0,0
p003583,macrumors.com,prebid-server.rubiconproject.com,response,2.6-202606,True,0,0,0
p003584,macrumors.com,prebid-server.rubiconproject.com,response,2.6-202606,True,0,0,0
p003585,macrumors.com,prebid-server.rubiconproject.com,response,2.6-202606,True,0,0,0
p003586,macrumors.com,prebid-server.rubiconproject.com,response,2.6-202606,True,0,0,0
p003587,macrumors.com,prebid-server.rubiconproject.com,response,2.6-202606,True,0,0,0
p003588,macrumors.com,prebid-server.rubiconproject.com,response,2.6-202606,True,0,0,0
p003589,macrumors.com,prebid-server.rubiconproject.com,response,2.6-202606,True,0,0,0
p003590,makeuseof.com,prebid-server.rubiconproject.com,response,2.6-202606,True,0,0,0
p003591,cbr.com,prebid-server.rubiconproject.com,response,2.6-202606,True,0,0,0
p003592,ign.com,prebid-server.rubiconproject.com,response,2.6-202606,True,9,0,9
p003593,gamespot.com,prebid-server.rubiconproject.com,response,2.6-202606,True,0,0,0
p003594,gamespot.com,prebid-server.rubiconproject.com,response,2.6-202606,True,0,0,0
p003595,gamespot.com,prebid-server.rubiconproject.com,response,2.6-202606,True,0,0,0
p003596,gamespot.com,prebid-server.rubiconproject.com,response,2.6-202606,True,0,0,0
p003597,gamespot.com,prebid-server.rubiconproject.com,response,2.6-202606,True,0,0,0
p003598,pcgamer.com,prebid-server.rubiconproject.com,response,2.6-202606,True,0,0,0
p003599,kotaku.com,prebid-server.rubiconproject.com,response,2.6-202606,True,0,0,0
p003600,kotaku.com,prebid-server.rubiconproject.com,response,2.6-202606,True,0,0,0
p003601,rockpapershotgun.com,prebid-server.rubiconproject.com,response,2.6-202606,True,2,0,2
p003602,rockpapershotgun.com,prebid-server.rubiconproject.com,response,2.6-202606,True,1,0,1
p003603,rockpapershotgun.com,prebid-server.rubiconproject.com,response,2.6-202606,True,1,0,1
p003604,rockpapershotgun.com,prebid-server.rubiconproject.com,response,2.6-202606,True,1,0,1
p003605,eurogamer.net,prebid-server.rubiconproject.com,response,2.6-202606,True,1,0,1
p003606,eurogamer.net,prebid-server.rubiconproject.com,response,2.6-202606,True,3,0,3
p003607,eurogamer.net,prebid-server.rubiconproject.com,response,2.6-202606,True,0,0,0
p003608,eurogamer.net,prebid-server.rubiconproject.com,response,2.6-202606,True,0,0,0
p003609,eurogamer.net,prebid-server.rubiconproject.com,response,2.6-202606,True,0,0,0
p003610,eurogamer.net,prebid-server.rubiconproject.com,response,2.6-202606,True,0,0,0
p003611,rockpapershotgun.com,prebid-server.rubiconproject.com,response,2.6-202606,True,5,0,5
p003612,rockpapershotgun.com,prebid-server.rubiconproject.com,response,2.6-202606,True,2,0,2
p003613,rockpapershotgun.com,prebid-server.rubiconproject.com,response,2.6-202606,True,2,0,2
p003614,rockpapershotgun.com,prebid-server.rubiconproject.com,response,2.6-202606,True,1,0,1
p003615,rockpapershotgun.com,prebid-server.rubiconproject.com,response,2.6-202606,True,0,0,0
p003616,rockpapershotgun.com,prebid-server.rubiconproject.com,response,2.6-202606,True,0,0,0
p003617,rockpapershotgun.com,prebid-server.rubiconproject.com,response,2.6-202606,True,2,0,2
p003618,vg247.com,prebid-server.rubiconproject.com,response,2.6-202606,True,0,0,0
p003619,vg247.com,prebid-server.rubiconproject.com,response,2.6-202606,True,0,0,0
p003620,eurogamer.net,prebid-server.rubiconproject.com,response,2.6-202606,True,5,0,5
p003621,eurogamer.net,prebid-server.rubiconproject.com,response,2.6-202606,True,2,0,2
p003622,eurogamer.net,prebid-server.rubiconproject.com,response,2.6-202606,True,0,0,0
p003623,eurogamer.net,prebid-server.rubiconproject.com,response,2.6-202606,True,0,0,0
p003624,eurogamer.net,prebid-server.rubiconproject.com,response,2.6-202606,True,2,0,2
p003625,vg247.com,prebid-server.rubiconproject.com,response,2.6-202606,True,0,0,0
p003626,rockpapershotgun.com,prebid-server.rubiconproject.com,response,2.6-202606,True,0,0,0
p003627,rockpapershotgun.com,prebid-server.rubiconproject.com,response,2.6-202606,True,0,0,0
p003628,eurogamer.net,prebid-server.rubiconproject.com,response,2.6-202606,True,1,0,1
p003629,vg247.com,prebid-server.rubiconproject.com,response,2.6-202606,True,0,0,0
p003630,eurogamer.net,prebid-server.rubiconproject.com,response,2.6-202606,True,0,0,0
p003631,eurogamer.net,prebid-server.rubiconproject.com,response,2.6-202606,True,0,0,0
p003632,eurogamer.net,prebid-server.rubiconproject.com,response,2.6-202606,True,0,0,0
p003633,eurogamer.net,prebid-server.rubiconproject.com,response,2.6-202606,True,0,0,0
p003634,vg247.com,prebid-server.rubiconproject.com,response,2.6-202606,True,1,0,1
p003635,vg247.com,prebid-server.rubiconproject.com,response,2.6-202606,True,3,0,3
p003636,vg247.com,prebid-server.rubiconproject.com,response,2.6-202606,True,1,0,1
p003637,vg247.com,prebid-server.rubiconproject.com,response,2.6-202606,True,0,0,0
p003638,vg247.com,prebid-server.rubiconproject.com,response,2.6-202606,True,0,0,0
p003639,vg247.com,prebid-server.rubiconproject.com,response,2.6-202606,True,1,0,1
p003640,si.com,prebid-server.rubiconproject.com,response,2.6-202606,True,0,0,0
p003641,si.com,prebid-server.rubiconproject.com,response,2.6-202606,True,0,0,0
p003642,si.com,prebid-server.rubiconproject.com,response,2.6-202606,True,0,0,0
p003643,cbssports.com,prebid-server.rubiconproject.com,response,2.6-202606,True,0,0,0
p003644,si.com,prebid-server.rubiconproject.com,response,2.6-202606,True,0,0,0
p003645,cbssports.com,prebid-server.rubiconproject.com,response,2.6-202606,True,0,0,0
p003646,goal.com,prebid-server.rubiconproject.com,response,2.6-202606,True,0,0,0
p003647,goal.com,prebid-server.rubiconproject.com,response,2.6-202606,True,0,0,0
p003648,weather.com,prebid-server.rubiconproject.com,response,2.6-202606,True,0,0,0
p003649,weather.com,prebid-server.rubiconproject.com,response,2.6-202606,True,0,0,0
p003650,wunderground.com,prebid-server.rubiconproject.com,response,2.6-202606,True,0,0,0
p003651,wunderground.com,prebid-server.rubiconproject.com,response,2.6-202606,True,0,0,0
p003652,wunderground.com,prebid-server.rubiconproject.com,response,2.6-202606,True,0,0,0
p003653,wunderground.com,prebid-server.rubiconproject.com,response,2.6-202606,True,0,0,0
p003654,wunderground.com,prebid-server.rubiconproject.com,response,2.6-202606,True,0,0,0
p003655,wunderground.com,prebid-server.rubiconproject.com,response,2.6-202606,True,0,0,0
p003656,wunderground.com,prebid-server.rubiconproject.com,response,2.6-202606,True,0,0,0
p003657,wunderground.com,prebid-server.rubiconproject.com,response,2.6-202606,True,0,0,0
p003658,eonline.com,prebid-server.rubiconproject.com,response,2.6-202606,True,0,0,0
p003659,eonline.com,prebid-server.rubiconproject.com,response,2.6-202606,True,0,0,0
p003660,eonline.com,prebid-server.rubiconproject.com,response,2.6-202606,True,0,0,0
p003661,eonline.com,prebid-server.rubiconproject.com,response,2.6-202606,True,0,0,0
p003662,eonline.com,prebid-server.rubiconproject.com,response,2.6-202606,True,0,0,0
p003663,eonline.com,prebid-server.rubiconproject.com,response,2.6-202606,True,0,0,0
p003664,variety.com,prebid-server.rubiconproject.com,response,2.6-202606,True,0,0,0
p003665,variety.com,prebid-server.rubiconproject.com,response,2.6-202606,False,1,1,0
p003666,eonline.com,prebid-server.rubiconproject.com,response,2.6-202606,True,0,0,0
p003667,deadline.com,prebid-server.rubiconproject.com,response,2.6-202606,True,0,0,0
p003668,deadline.com,prebid-server.rubiconproject.com,response,2.6-202606,True,0,0,0
p003669,variety.com,prebid-server.rubiconproject.com,response,2.6-202606,True,0,0,0
p003670,hollywoodreporter.com,prebid-server.rubiconproject.com,response,2.6-202606,True,0,0,0
p003671,hollywoodreporter.com,prebid-server.rubiconproject.com,response,2.6-202606,True,1,0,1
p003672,hollywoodreporter.com,prebid-server.rubiconproject.com,response,2.6-202606,True,0,0,0
p003673,hollywoodreporter.com,prebid-server.rubiconproject.com,response,2.6-202606,True,4,0,4
p003674,rollingstone.com,prebid-server.rubiconproject.com,response,2.6-202606,True,0,0,0
p003675,hollywoodreporter.com,prebid-server.rubiconproject.com,response,2.6-202606,True,0,0,0
p003676,hollywoodreporter.com,prebid-server.rubiconproject.com,response,2.6-202606,True,0,0,0
p003677,hollywoodreporter.com,prebid-server.rubiconproject.com,response,2.6-202606,True,0,0,0
p003678,hollywoodreporter.com,prebid-server.rubiconproject.com,response,2.6-202606,True,0,0,0
p003679,hollywoodreporter.com,prebid-server.rubiconproject.com,response,2.6-202606,True,0,0,0
p003680,hollywoodreporter.com,prebid-server.rubiconproject.com,response,2.6-202606,True,0,0,0
p003681,billboard.com,prebid-server.rubiconproject.com,response,2.6-202606,True,0,0,0
p003682,billboard.com,prebid-server.rubiconproject.com,response,2.6-202606,True,0,0,0
p003683,billboard.com,prebid-server.rubiconproject.com,response,2.6-202606,True,0,0,0
p003684,billboard.com,prebid-server.rubiconproject.com,response,2.6-202606,True,0,0,0
p003685,billboard.com,prebid-server.rubiconproject.com,response,2.6-202606,True,1,0,1
p003686,rollingstone.com,prebid-server.rubiconproject.com,response,2.6-202606,True,0,0,0
p003687,rollingstone.com,prebid-server.rubiconproject.com,response,2.6-202606,True,0,0,0
p003688,rollingstone.com,prebid-server.rubiconproject.com,response,2.6-202606,True,0,0,0
p003689,rollingstone.com,prebid-server.rubiconproject.com,response,2.6-202606,True,0,0,0
p003690,billboard.com,prebid-server.rubiconproject.com,response,2.6-202606,True,0,0,0
p003691,billboard.com,prebid-server.rubiconproject.com,response,2.6-202606,True,1,0,1
p003692,rollingstone.com,prebid-server.rubiconproject.com,response,2.6-202606,True,0,0,0
p003693,rollingstone.com,prebid-server.rubiconproject.com,response,2.6-202606,True,0,0,0
p003694,stereogum.com,prebid-server.rubiconproject.com,response,2.6-202606,True,0,0,0
p003695,thrillist.com,prebid-server.rubiconproject.com,response,2.6-202606,True,0,0,0
p003696,thrillist.com,prebid-server.rubiconproject.com,response,2.6-202606,True,0,0,0
p003697,thrillist.com,prebid-server.rubiconproject.com,response,2.6-202606,True,0,0,0
p003698,billboard.com,prebid-server.rubiconproject.com,response,2.6-202606,True,0,0,0
p003699,billboard.com,prebid-server.rubiconproject.com,response,2.6-202606,True,0,0,0
p003700,billboard.com,prebid-server.rubiconproject.com,response,2.6-202606,True,0,0,0
p003701,billboard.com,prebid-server.rubiconproject.com,response,2.6-202606,True,0,0,0
p003702,billboard.com,prebid-server.rubiconproject.com,response,2.6-202606,True,0,0,0
p003703,billboard.com,prebid-server.rubiconproject.com,response,2.6-202606,True,0,0,0
p003704,stereogum.com,prebid-server.rubiconproject.com,response,2.6-202606,True,0,0,0
p003705,thrillist.com,prebid-server.rubiconproject.com,response,2.6-202606,True,0,0,0
p003706,thrillist.com,prebid-server.rubiconproject.com,response,2.6-202606,True,0,0,0
p003707,boredpanda.com,prebid-server.rubiconproject.com,response,2.6-202606,True,0,0,0
p003708,boredpanda.com,prebid-server.rubiconproject.com,response,2.6-202606,True,0,0,0
p003709,boredpanda.com,prebid-server.rubiconproject.com,response,2.6-202606,True,0,0,0
p003710,ladbible.com,prebid-server.rubiconproject.com,response,2.6-202606,True,0,0,0
p003711,ladbible.com,prebid-server.rubiconproject.com,response,2.6-202606,True,0,0,0
p003712,ladbible.com,prebid-server.rubiconproject.com,response,2.6-202606,True,0,0,0
p003713,ladbible.com,prebid-server.rubiconproject.com,response,2.6-202606,True,0,0,0
p003714,ladbible.com,prebid-server.rubiconproject.com,response,2.6-202606,True,0,0,0
p003715,distractify.com,prebid-server.rubiconproject.com,response,2.6-202606,True,0,0,0
p003716,buzzfeed.com,prebid-server.rubiconproject.com,response,2.6-202606,True,0,0,0
p003717,buzzfeed.com,prebid-server.rubiconproject.com,response,2.6-202606,True,0,0,0
p003718,buzzfeed.com,prebid-server.rubiconproject.com,response,2.6-202606,True,0,0,0
p003719,unilad.com,prebid-server.rubiconproject.com,response,2.6-202606,True,0,0,0
p003720,unilad.com,prebid-server.rubiconproject.com,response,2.6-202606,True,0,0,0
p003721,unilad.com,prebid-server.rubiconproject.com,response,2.6-202606,True,0,0,0
p003722,unilad.com,prebid-server.rubiconproject.com,response,2.6-202606,True,0,0,0
p003723,unilad.com,prebid-server.rubiconproject.com,response,2.6-202606,True,0,0,0
p003724,unilad.com,prebid-server.rubiconproject.com,response,2.6-202606,True,0,0,0
p003725,buzzfeed.com,prebid-server.rubiconproject.com,response,2.6-202606,True,0,0,0
p003726,unilad.com,prebid-server.rubiconproject.com,response,2.6-202606,True,0,0,0
p003727,buzzfeed.com,prebid-server.rubiconproject.com,response,2.6-202606,True,0,0,0
p003728,buzzfeed.com,prebid-server.rubiconproject.com,response,2.6-202606,True,0,0,0
p003729,unilad.com,prebid-server.rubiconproject.com,response,2.6-202606,True,0,0,0
p003730,distractify.com,prebid-server.rubiconproject.com,response,2.6-202606,True,0,0,0
p003731,buzzfeed.com,prebid-server.rubiconproject.com,response,2.6-202606,True,0,0,0
p003732,buzzfeed.com,prebid-server.rubiconproject.com,response,2.6-202606,True,0,0,0
p003733,distractify.com,prebid-server.rubiconproject.com,response,2.6-202606,True,0,0,0
p003734,distractify.com,prebid-server.rubiconproject.com,response,2.6-202606,True,0,0,0
p003735,buzzfeed.com,prebid-server.rubiconproject.com,response,2.6-202606,True,0,0,0
p003736,buzzfeed.com,prebid-server.rubiconproject.com,response,2.6-202606,True,0,0,0
p003737,buzzfeed.com,prebid-server.rubiconproject.com,response,2.6-202606,True,0,0,0
p003738,buzzfeed.com,prebid-server.rubiconproject.com,response,2.6-202606,True,0,0,0
p003739,buzzfeed.com,prebid-server.rubiconproject.com,response,2.6-202606,True,0,0,0
p003740,buzzfeed.com,prebid-server.rubiconproject.com,response,2.6-202606,True,0,0,0
p003741,buzzfeed.com,prebid-server.rubiconproject.com,response,2.6-202606,True,0,0,0
p003742,ranker.com,prebid-server.rubiconproject.com,response,2.6-202606,True,0,0,0
p003743,ranker.com,prebid-server.rubiconproject.com,response,2.6-202606,True,0,0,0
p003744,ranker.com,prebid-server.rubiconproject.com,response,2.6-202606,True,0,0,0
p003745,ranker.com,prebid-server.rubiconproject.com,response,2.6-202606,True,0,0,0
p003746,ranker.com,prebid-server.rubiconproject.com,response,2.6-202606,True,0,0,0
p003747,ranker.com,prebid-server.rubiconproject.com,response,2.6-202606,True,0,0,0
p003748,ranker.com,prebid-server.rubiconproject.com,response,2.6-202606,True,0,0,0
p003749,grunge.com,prebid-server.rubiconproject.com,response,2.6-202606,True,0,0,0
p003750,grunge.com,prebid-server.rubiconproject.com,response,2.6-202606,True,0,0,0
p003751,grunge.com,prebid-server.rubiconproject.com,response,2.6-202606,True,0,0,0
p003752,grunge.com,prebid-server.rubiconproject.com,response,2.6-202606,True,0,0,0
p003753,grunge.com,prebid-server.rubiconproject.com,response,2.6-202606,True,0,0,0
p003754,grunge.com,prebid-server.rubiconproject.com,response,2.6-202606,True,0,0,0
p003755,grunge.com,prebid-server.rubiconproject.com,response,2.6-202606,True,0,0,0
p003756,grunge.com,prebid-server.rubiconproject.com,response,2.6-202606,True,0,0,0
p003757,looper.com,prebid-server.rubiconproject.com,response,2.6-202606,True,0,0,0
p003758,slashfilm.com,prebid-server.rubiconproject.com,response,2.6-202606,True,0,0,0
p003759,mashed.com,prebid-server.rubiconproject.com,response,2.6-202606,True,0,0,0
p003760,sfgate.com,prebid-server.rubiconproject.com,response,2.6-202606,True,1,0,1
p003761,sfgate.com,prebid-server.rubiconproject.com,response,2.6-202606,True,0,0,0
p003762,usatoday.com,prebid.ad.smaato.net,request,2.6-202606,False,2,1,1
p003763,cbr.com,prebid.ad.smaato.net,request,2.6-202606,False,2,1,1
p003764,looper.com,prebid.ad.smaato.net,request,2.6-202606,False,2,1,1
p003765,kotaku.com,prebid.deepintent.com,request,2.6-202606,False,15,15,0
p003766,kotaku.com,prebid.deepintent.com,request,2.6-202606,False,5,5,0
p003767,goal.com,prebid.deepintent.com,request,2.6-202606,True,0,0,0
p003768,goal.com,prebid.deepintent.com,request,2.6-202606,True,0,0,0
p003769,goal.com,prebid.deepintent.com,request,2.6-202606,True,0,0,0
p003770,pagesix.com,prebid.media.net,request,2.6-202606,False,32,32,0
p003771,nypost.com,prebid.media.net,request,2.6-202606,False,20,20,0
p003772,nypost.com,prebid.media.net,request,2.6-202606,False,11,11,0
p003773,nypost.com,prebid.media.net,request,2.6-202606,False,11,11,0
p003774,pagesix.com,prebid.media.net,request,2.6-202606,False,11,11,0
p003775,pagesix.com,prebid.media.net,request,2.6-202606,False,11,11,0
p003776,pagesix.com,prebid.media.net,request,2.6-202606,False,11,11,0
p003777,nypost.com,prebid.media.net,request,2.6-202606,False,11,11,0
p003778,pagesix.com,prebid.media.net,request,2.6-202606,False,11,11,0
p003779,pagesix.com,prebid.media.net,request,2.6-202606,False,20,20,0
p003780,nypost.com,prebid.media.net,request,2.6-202606,False,17,17,0
p003781,nypost.com,prebid.media.net,request,2.6-202606,False,11,11,0
p003782,nypost.com,prebid.media.net,request,2.6-202606,False,11,11,0
p003783,pagesix.com,prebid.media.net,request,2.6-202606,False,11,11,0
p003784,pagesix.com,prebid.media.net,request,2.6-202606,False,13,12,1
p003785,pagesix.com,prebid.media.net,request,2.6-202606,False,13,12,1
p003786,pagesix.com,prebid.media.net,request,2.6-202606,False,13,12,1
p003787,pagesix.com,prebid.media.net,request,2.6-202606,False,13,12,1
p003788,nypost.com,prebid.media.net,request,2.6-202606,False,13,12,1
p003789,nypost.com,prebid.media.net,request,2.6-202606,False,13,12,1
p003790,pagesix.com,prebid.media.net,request,2.6-202606,False,9,9,0
p003791,nypost.com,prebid.media.net,request,2.6-202606,False,9,9,0
p003792,chicagotribune.com,prebid.media.net,request,2.6-202606,False,25,22,3
p003793,chicagotribune.com,prebid.media.net,request,2.6-202606,False,25,22,3
p003794,usatoday.com,prebid.media.net,request,2.6-202606,False,13,12,1
p003795,chicagotribune.com,prebid.media.net,request,2.6-202606,False,25,22,3
p003796,chicagotribune.com,prebid.media.net,request,2.6-202606,False,25,22,3
p003797,nydailynews.com,prebid.media.net,request,2.6-202606,False,11,10,1
p003798,nydailynews.com,prebid.media.net,request,2.6-202606,False,11,10,1
p003799,nydailynews.com,prebid.media.net,request,2.6-202606,False,11,10,1
p003800,nydailynews.com,prebid.media.net,request,2.6-202606,False,11,10,1
p003801,thesun.co.uk,prebid.media.net,request,2.6-202606,False,37,37,0
p003802,thesun.co.uk,prebid.media.net,request,2.6-202606,False,13,13,0
p003803,thesun.co.uk,prebid.media.net,request,2.6-202606,False,9,9,0
p003804,thesun.co.uk,prebid.media.net,request,2.6-202606,False,13,13,0
p003805,thesun.co.uk,prebid.media.net,request,2.6-202606,False,37,37,0
p003806,thesun.co.uk,prebid.media.net,request,2.6-202606,False,11,10,1
p003807,thesun.co.uk,prebid.media.net,request,2.6-202606,False,13,13,0
p003808,thesun.co.uk,prebid.media.net,request,2.6-202606,False,9,9,0
p003809,thesun.co.uk,prebid.media.net,request,2.6-202606,False,13,13,0
p003810,thesun.co.uk,prebid.media.net,request,2.6-202606,False,11,10,1
p003811,thesun.co.uk,prebid.media.net,request,2.6-202606,False,13,13,0
p003812,standard.co.uk,prebid.media.net,request,2.6-202606,False,9,9,0
p003813,standard.co.uk,prebid.media.net,request,2.6-202606,False,9,9,0
p003814,standard.co.uk,prebid.media.net,request,2.6-202606,False,9,9,0
p003815,standard.co.uk,prebid.media.net,request,2.6-202606,False,9,9,0
p003816,standard.co.uk,prebid.media.net,request,2.6-202606,False,9,9,0
p003817,nbcnews.com,prebid.media.net,request,2.6-202606,False,13,12,1
p003818,cbsnews.com,prebid.media.net,request,2.6-202606,False,13,12,1
p003819,nbcnews.com,prebid.media.net,request,2.6-202606,False,13,12,1
p003820,time.com,prebid.media.net,request,2.6-202606,False,19,19,0
p003821,time.com,prebid.media.net,request,2.6-202606,False,19,19,0
p003822,time.com,prebid.media.net,request,2.6-202606,False,19,19,0
p003823,time.com,prebid.media.net,request,2.6-202606,False,19,19,0
p003824,time.com,prebid.media.net,request,2.6-202606,False,14,14,0
p003825,slate.com,prebid.media.net,request,2.6-202606,False,12,12,0
p003826,time.com,prebid.media.net,request,2.6-202606,False,24,24,0
p003827,time.com,prebid.media.net,request,2.6-202606,False,19,19,0
p003828,slate.com,prebid.media.net,request,2.6-202606,False,13,12,1
p003829,slate.com,prebid.media.net,request,2.6-202606,False,8,8,0
p003830,slate.com,prebid.media.net,request,2.6-202606,False,8,8,0
p003831,slate.com,prebid.media.net,request,2.6-202606,False,13,12,1
p003832,slate.com,prebid.media.net,request,2.6-202606,False,13,12,1
p003833,slate.com,prebid.media.net,request,2.6-202606,False,13,12,1
p003834,theverge.com,prebid.media.net,request,2.6-202606,False,13,12,1
p003835,cnet.com,prebid.media.net,request,2.6-202606,False,28,28,0
p003836,zdnet.com,prebid.media.net,request,2.6-202606,False,20,20,0
p003837,cnet.com,prebid.media.net,request,2.6-202606,False,28,28,0
p003838,cnet.com,prebid.media.net,request,2.6-202606,False,28,28,0
p003839,zdnet.com,prebid.media.net,request,2.6-202606,False,28,28,0
p003840,zdnet.com,prebid.media.net,request,2.6-202606,False,8,8,0
p003841,pcmag.com,prebid.media.net,request,2.6-202606,False,16,16,0
p003842,pcmag.com,prebid.media.net,request,2.6-202606,False,24,24,0
p003843,pcmag.com,prebid.media.net,request,2.6-202606,False,28,28,0
p003844,pcmag.com,prebid.media.net,request,2.6-202606,False,28,28,0
p003845,pcmag.com,prebid.media.net,request,2.6-202606,False,28,28,0
p003846,pcmag.com,prebid.media.net,request,2.6-202606,False,20,20,0
p003847,androidauthority.com,prebid.media.net,request,2.6-202606,False,9,9,0
p003848,androidauthority.com,prebid.media.net,request,2.6-202606,False,9,9,0
p003849,androidauthority.com,prebid.media.net,request,2.6-202606,False,9,9,0
p003850,9to5mac.com,prebid.media.net,request,2.6-202606,False,30,30,0
p003851,9to5mac.com,prebid.media.net,request,2.6-202606,False,9,9,0
p003852,androidauthority.com,prebid.media.net,request,2.6-202606,False,24,24,0
p003853,androidauthority.com,prebid.media.net,request,2.6-202606,False,24,24,0
p003854,androidauthority.com,prebid.media.net,request,2.6-202606,False,12,11,1
p003855,androidauthority.com,prebid.media.net,request,2.6-202606,False,57,56,1
p003856,androidauthority.com,prebid.media.net,request,2.6-202606,False,62,61,1
p003857,androidauthority.com,prebid.media.net,request,2.6-202606,False,67,66,1
p003858,androidauthority.com,prebid.media.net,request,2.6-202606,False,12,11,1
p003859,9to5mac.com,prebid.media.net,request,2.6-202606,False,30,30,0
p003860,9to5mac.com,prebid.media.net,request,2.6-202606,False,9,9,0
p003861,gamespot.com,prebid.media.net,request,2.6-202606,False,19,19,0
p003862,gamespot.com,prebid.media.net,request,2.6-202606,False,9,9,0
p003863,gamespot.com,prebid.media.net,request,2.6-202606,False,9,9,0
p003864,gamespot.com,prebid.media.net,request,2.6-202606,False,9,9,0
p003865,gamespot.com,prebid.media.net,request,2.6-202606,False,14,14,0
p003866,sportingnews.com,prebid.media.net,request,2.6-202606,False,10,10,0
p003867,si.com,prebid.media.net,request,2.6-202606,False,11,10,1
p003868,si.com,prebid.media.net,request,2.6-202606,False,11,10,1
p003869,si.com,prebid.media.net,request,2.6-202606,False,39,39,0
p003870,cbssports.com,prebid.media.net,request,2.6-202606,False,13,12,1
p003871,cbssports.com,prebid.media.net,request,2.6-202606,False,13,12,1
p003872,si.com,prebid.media.net,request,2.6-202606,False,11,10,1
p003873,bleacherreport.com,prebid.media.net,request,2.6-202606,False,8,8,0
p003874,bleacherreport.com,prebid.media.net,request,2.6-202606,False,12,12,0
p003875,bleacherreport.com,prebid.media.net,request,2.6-202606,False,16,16,0
p003876,bleacherreport.com,prebid.media.net,request,2.6-202606,False,16,16,0
p003877,bleacherreport.com,prebid.media.net,request,2.6-202606,False,16,16,0
p003878,bleacherreport.com,prebid.media.net,request,2.6-202606,False,16,16,0
p003879,bleacherreport.com,prebid.media.net,request,2.6-202606,False,20,20,0
p003880,bleacherreport.com,prebid.media.net,request,2.6-202606,False,20,20,0
p003881,cbssports.com,prebid.media.net,request,2.6-202606,False,13,12,1
p003882,talksport.com,prebid.media.net,request,2.6-202606,False,9,9,0
p003883,bleacherreport.com,prebid.media.net,request,2.6-202606,False,8,8,0
p003884,bleacherreport.com,prebid.media.net,request,2.6-202606,False,12,12,0
p003885,bleacherreport.com,prebid.media.net,request,2.6-202606,False,16,16,0
p003886,bleacherreport.com,prebid.media.net,request,2.6-202606,False,16,16,0
p003887,bleacherreport.com,prebid.media.net,request,2.6-202606,False,16,16,0
p003888,bleacherreport.com,prebid.media.net,request,2.6-202606,False,16,16,0
p003889,bleacherreport.com,prebid.media.net,request,2.6-202606,False,16,16,0
p003890,bleacherreport.com,prebid.media.net,request,2.6-202606,False,20,20,0
p003891,bleacherreport.com,prebid.media.net,request,2.6-202606,False,20,20,0
p003892,bleacherreport.com,prebid.media.net,request,2.6-202606,False,20,20,0
p003893,bleacherreport.com,prebid.media.net,request,2.6-202606,False,20,20,0
p003894,talksport.com,prebid.media.net,request,2.6-202606,False,41,41,0
p003895,bleacherreport.com,prebid.media.net,request,2.6-202606,False,20,20,0
p003896,talksport.com,prebid.media.net,request,2.6-202606,False,13,13,0
p003897,talksport.com,prebid.media.net,request,2.6-202606,False,13,13,0
p003898,talksport.com,prebid.media.net,request,2.6-202606,False,13,13,0
p003899,talksport.com,prebid.media.net,request,2.6-202606,False,13,13,0
p003900,talksport.com,prebid.media.net,request,2.6-202606,False,9,9,0
p003901,talksport.com,prebid.media.net,request,2.6-202606,False,53,53,0
p003902,talksport.com,prebid.media.net,request,2.6-202606,False,9,9,0
p003903,talksport.com,prebid.media.net,request,2.6-202606,False,9,9,0
p003904,talksport.com,prebid.media.net,request,2.6-202606,False,21,21,0
p003905,talksport.com,prebid.media.net,request,2.6-202606,False,13,13,0
p003906,talksport.com,prebid.media.net,request,2.6-202606,False,13,13,0
p003907,talksport.com,prebid.media.net,request,2.6-202606,False,13,13,0
p003908,weather.com,prebid.media.net,request,2.6-202606,False,13,12,1
p003909,foodnetwork.com,prebid.media.net,request,2.6-202606,False,8,8,0
p003910,foodnetwork.com,prebid.media.net,request,2.6-202606,False,12,12,0
p003911,tasteofhome.com,prebid.media.net,request,2.6-202606,False,8,8,0
p003912,tasteofhome.com,prebid.media.net,request,2.6-202606,False,8,8,0
p003913,tasteofhome.com,prebid.media.net,request,2.6-202606,False,9,9,0
p003914,tasteofhome.com,prebid.media.net,request,2.6-202606,False,8,8,0
p003915,tasteofhome.com,prebid.media.net,request,2.6-202606,False,8,8,0
p003916,tasteofhome.com,prebid.media.net,request,2.6-202606,False,9,9,0
p003917,healthline.com,prebid.media.net,request,2.6-202606,False,9,9,0
p003918,webmd.com,prebid.media.net,request,2.6-202606,False,8,8,0
p003919,webmd.com,prebid.media.net,request,2.6-202606,False,8,8,0
p003920,webmd.com,prebid.media.net,request,2.6-202606,False,8,8,0
p003921,webmd.com,prebid.media.net,request,2.6-202606,False,8,8,0
p003922,webmd.com,prebid.media.net,request,2.6-202606,False,8,8,0
p003923,webmd.com,prebid.media.net,request,2.6-202606,False,8,8,0
p003924,webmd.com,prebid.media.net,request,2.6-202606,False,8,8,0
p003925,webmd.com,prebid.media.net,request,2.6-202606,False,8,8,0
p003926,webmd.com,prebid.media.net,request,2.6-202606,False,8,8,0
p003927,webmd.com,prebid.media.net,request,2.6-202606,False,8,8,0
p003928,webmd.com,prebid.media.net,request,2.6-202606,False,8,8,0
p003929,webmd.com,prebid.media.net,request,2.6-202606,False,8,8,0
p003930,webmd.com,prebid.media.net,request,2.6-202606,False,8,8,0
p003931,webmd.com,prebid.media.net,request,2.6-202606,False,8,8,0
p003932,webmd.com,prebid.media.net,request,2.6-202606,False,8,8,0
p003933,webmd.com,prebid.media.net,request,2.6-202606,False,8,8,0
p003934,webmd.com,prebid.media.net,request,2.6-202606,False,8,8,0
p003935,webmd.com,prebid.media.net,request,2.6-202606,False,8,8,0
p003936,webmd.com,prebid.media.net,request,2.6-202606,False,8,8,0
p003937,webmd.com,prebid.media.net,request,2.6-202606,False,8,8,0
p003938,webmd.com,prebid.media.net,request,2.6-202606,False,8,8,0
p003939,webmd.com,prebid.media.net,request,2.6-202606,False,8,8,0
p003940,eonline.com,prebid.media.net,request,2.6-202606,False,13,12,1
p003941,eonline.com,prebid.media.net,request,2.6-202606,False,13,12,1
p003942,eonline.com,prebid.media.net,request,2.6-202606,False,14,13,1
p003943,eonline.com,prebid.media.net,request,2.6-202606,False,14,13,1
p003944,eonline.com,prebid.media.net,request,2.6-202606,False,14,13,1
p003945,eonline.com,prebid.media.net,request,2.6-202606,False,14,13,1
p003946,eonline.com,prebid.media.net,request,2.6-202606,False,14,13,1
p003947,eonline.com,prebid.media.net,request,2.6-202606,False,14,13,1
p003948,eonline.com,prebid.media.net,request,2.6-202606,False,14,13,1
p003949,boredpanda.com,prebid.media.net,request,2.6-202606,False,9,9,0
p003950,distractify.com,prebid.media.net,request,2.6-202606,False,13,12,1
p003951,unilad.com,prebid.media.net,request,2.6-202606,False,11,10,1
p003952,unilad.com,prebid.media.net,request,2.6-202606,False,11,10,1
p003953,unilad.com,prebid.media.net,request,2.6-202606,False,11,10,1
p003954,unilad.com,prebid.media.net,request,2.6-202606,False,11,10,1
p003955,distractify.com,prebid.media.net,request,2.6-202606,False,13,12,1
p003956,distractify.com,prebid.media.net,request,2.6-202606,False,14,14,0
p003957,distractify.com,prebid.media.net,request,2.6-202606,False,13,12,1
p003958,unilad.com,prebid.media.net,request,2.6-202606,False,11,10,1
p003959,unilad.com,prebid.media.net,request,2.6-202606,False,11,10,1
p003960,distractify.com,prebid.media.net,request,2.6-202606,False,13,12,1
p003961,salon.com,prebid.production.adthrive.com,request,2.6-202606,True,0,0,0
p003962,salon.com,prebid.production.adthrive.com,request,2.6-202606,True,0,0,0
p003963,salon.com,prebid.production.adthrive.com,request,2.6-202606,True,0,0,0
p003964,salon.com,prebid.production.adthrive.com,request,2.6-202606,True,0,0,0
p003965,salon.com,prebid.production.adthrive.com,request,2.6-202606,True,0,0,0
p003966,salon.com,prebid.production.adthrive.com,request,2.6-202606,False,2,1,1
p003967,salon.com,prebid.production.adthrive.com,request,2.6-202606,True,0,0,0
p003968,salon.com,prebid.production.adthrive.com,request,2.6-202606,False,2,1,1
p003969,salon.com,prebid.production.adthrive.com,request,2.6-202606,False,4,2,2
p003970,salon.com,prebid.production.adthrive.com,request,2.6-202606,True,0,0,0
p003971,salon.com,prebid.production.adthrive.com,request,2.6-202606,True,0,0,0
p003972,salon.com,prebid.production.adthrive.com,request,2.6-202606,True,0,0,0
p003973,salon.com,prebid.production.adthrive.com,request,2.6-202606,True,0,0,0
p003974,salon.com,prebid.production.adthrive.com,request,2.6-202606,True,0,0,0
p003975,salon.com,prebid.production.adthrive.com,request,2.6-202606,False,2,1,1
p003976,salon.com,prebid.production.adthrive.com,request,2.6-202606,False,2,1,1
p003977,salon.com,prebid.production.adthrive.com,request,2.6-202606,False,2,1,1
p003978,salon.com,prebid.production.adthrive.com,request,2.6-202606,False,2,1,1
p003979,salon.com,prebid.production.adthrive.com,request,2.6-202606,False,2,1,1
p003980,salon.com,prebid.production.adthrive.com,request,2.6-202606,False,2,1,1
p003981,salon.com,prebid.production.adthrive.com,request,2.6-202606,False,2,1,1
p003982,salon.com,prebid.production.adthrive.com,request,2.6-202606,False,2,1,1
p003983,engadget.com,prebid.production.adthrive.com,request,2.6-202606,True,0,0,0
p003984,engadget.com,prebid.production.adthrive.com,request,2.6-202606,False,2,1,1
p003985,engadget.com,prebid.production.adthrive.com,request,2.6-202606,False,2,1,1
p003986,engadget.com,prebid.production.adthrive.com,request,2.6-202606,True,0,0,0
p003987,engadget.com,prebid.production.adthrive.com,request,2.6-202606,False,2,1,1
p003988,engadget.com,prebid.production.adthrive.com,request,2.6-202606,False,2,1,1
p003989,macrumors.com,prebid.production.adthrive.com,request,2.6-202606,True,0,0,0
p003990,macrumors.com,prebid.production.adthrive.com,request,2.6-202606,True,0,0,0
p003991,macrumors.com,prebid.production.adthrive.com,request,2.6-202606,False,4,2,2
p003992,macrumors.com,prebid.production.adthrive.com,request,2.6-202606,True,0,0,0
p003993,macrumors.com,prebid.production.adthrive.com,request,2.6-202606,True,0,0,0
p003994,macrumors.com,prebid.production.adthrive.com,request,2.6-202606,True,0,0,0
p003995,macrumors.com,prebid.production.adthrive.com,request,2.6-202606,True,0,0,0
p003996,macrumors.com,prebid.production.adthrive.com,request,2.6-202606,True,0,0,0
p003997,macrumors.com,prebid.production.adthrive.com,request,2.6-202606,True,0,0,0
p003998,macrumors.com,prebid.production.adthrive.com,request,2.6-202606,True,0,0,0
p003999,macrumors.com,prebid.production.adthrive.com,request,2.6-202606,True,0,0,0
p004000,macrumors.com,prebid.production.adthrive.com,request,2.6-202606,True,0,0,0
p004001,macrumors.com,prebid.production.adthrive.com,request,2.6-202606,True,0,0,0
p004002,macrumors.com,prebid.production.adthrive.com,request,2.6-202606,True,0,0,0
p004003,macrumors.com,prebid.production.adthrive.com,request,2.6-202606,False,4,2,2
p004004,macrumors.com,prebid.production.adthrive.com,request,2.6-202606,True,0,0,0
p004005,macrumors.com,prebid.production.adthrive.com,request,2.6-202606,True,0,0,0
p004006,macrumors.com,prebid.production.adthrive.com,request,2.6-202606,True,0,0,0
p004007,macrumors.com,prebid.production.adthrive.com,request,2.6-202606,True,0,0,0
p004008,macrumors.com,prebid.production.adthrive.com,request,2.6-202606,True,0,0,0
p004009,macrumors.com,prebid.production.adthrive.com,request,2.6-202606,True,0,0,0
p004010,macrumors.com,prebid.production.adthrive.com,request,2.6-202606,True,0,0,0
p004011,macrumors.com,prebid.production.adthrive.com,request,2.6-202606,True,0,0,0
p004012,benzinga.com,prebid.production.adthrive.com,request,2.6-202606,True,0,0,0
p004013,benzinga.com,prebid.production.adthrive.com,request,2.6-202606,True,0,0,0
p004014,stereogum.com,prebid.production.adthrive.com,request,2.6-202606,True,0,0,0
p004015,stereogum.com,prebid.production.adthrive.com,request,2.6-202606,False,4,2,2
p004016,stereogum.com,prebid.production.adthrive.com,request,2.6-202606,True,0,0,0
p004017,stereogum.com,prebid.production.adthrive.com,request,2.6-202606,False,2,1,1
p004018,ranker.com,prebid.production.adthrive.com,request,2.6-202606,True,0,0,0
p004019,grunge.com,prebid.production.adthrive.com,request,2.6-202606,True,0,0,0
p004020,ranker.com,prebid.production.adthrive.com,request,2.6-202606,True,0,0,0
p004021,ranker.com,prebid.production.adthrive.com,request,2.6-202606,True,0,0,0
p004022,ranker.com,prebid.production.adthrive.com,request,2.6-202606,False,4,2,2
p004023,ranker.com,prebid.production.adthrive.com,request,2.6-202606,True,0,0,0
p004024,ranker.com,prebid.production.adthrive.com,request,2.6-202606,True,0,0,0
p004025,ranker.com,prebid.production.adthrive.com,request,2.6-202606,False,2,1,1
p004026,ranker.com,prebid.production.adthrive.com,request,2.6-202606,False,2,1,1
p004027,ranker.com,prebid.production.adthrive.com,request,2.6-202606,False,2,1,1
p004028,ranker.com,prebid.production.adthrive.com,request,2.6-202606,False,2,1,1
p004029,grunge.com,prebid.production.adthrive.com,request,2.6-202606,True,0,0,0
p004030,grunge.com,prebid.production.adthrive.com,request,2.6-202606,False,2,1,1
p004031,grunge.com,prebid.production.adthrive.com,request,2.6-202606,False,4,2,2
p004032,grunge.com,prebid.production.adthrive.com,request,2.6-202606,True,0,0,0
p004033,grunge.com,prebid.production.adthrive.com,request,2.6-202606,True,0,0,0
p004034,grunge.com,prebid.production.adthrive.com,request,2.6-202606,True,0,0,0
p004035,grunge.com,prebid.production.adthrive.com,request,2.6-202606,True,0,0,0
p004036,grunge.com,prebid.production.adthrive.com,request,2.6-202606,True,0,0,0
p004037,grunge.com,prebid.production.adthrive.com,request,2.6-202606,True,0,0,0
p004038,grunge.com,prebid.production.adthrive.com,request,2.6-202606,False,2,1,1
p004039,slashfilm.com,prebid.production.adthrive.com,request,2.6-202606,True,0,0,0
p004040,grunge.com,prebid.production.adthrive.com,request,2.6-202606,False,2,1,1
p004041,slashfilm.com,prebid.production.adthrive.com,request,2.6-202606,True,0,0,0
p004042,slashfilm.com,prebid.production.adthrive.com,request,2.6-202606,False,2,1,1
p004043,mashed.com,prebid.production.adthrive.com,request,2.6-202606,True,0,0,0
p004044,mashed.com,prebid.production.adthrive.com,request,2.6-202606,False,2,1,1
p004045,tastingtable.com,prebid.production.adthrive.com,request,2.6-202606,True,0,0,0
p004046,salon.com,prebid.production.adthrive.com,response,2.6-202606,True,0,0,0
p004047,salon.com,prebid.production.adthrive.com,response,2.6-202606,True,0,0,0
p004048,salon.com,prebid.production.adthrive.com,response,2.6-202606,True,0,0,0
p004049,salon.com,prebid.production.adthrive.com,response,2.6-202606,True,0,0,0
p004050,salon.com,prebid.production.adthrive.com,response,2.6-202606,True,0,0,0
p004051,salon.com,prebid.production.adthrive.com,response,2.6-202606,True,0,0,0
p004052,salon.com,prebid.production.adthrive.com,response,2.6-202606,True,0,0,0
p004053,salon.com,prebid.production.adthrive.com,response,2.6-202606,True,0,0,0
p004054,salon.com,prebid.production.adthrive.com,response,2.6-202606,True,0,0,0
p004055,salon.com,prebid.production.adthrive.com,response,2.6-202606,True,0,0,0
p004056,salon.com,prebid.production.adthrive.com,response,2.6-202606,True,0,0,0
p004057,salon.com,prebid.production.adthrive.com,response,2.6-202606,True,0,0,0
p004058,salon.com,prebid.production.adthrive.com,response,2.6-202606,True,0,0,0
p004059,salon.com,prebid.production.adthrive.com,response,2.6-202606,True,0,0,0
p004060,salon.com,prebid.production.adthrive.com,response,2.6-202606,True,0,0,0
p004061,salon.com,prebid.production.adthrive.com,response,2.6-202606,True,0,0,0
p004062,salon.com,prebid.production.adthrive.com,response,2.6-202606,True,0,0,0
p004063,salon.com,prebid.production.adthrive.com,response,2.6-202606,True,0,0,0
p004064,salon.com,prebid.production.adthrive.com,response,2.6-202606,True,0,0,0
p004065,salon.com,prebid.production.adthrive.com,response,2.6-202606,True,0,0,0
p004066,salon.com,prebid.production.adthrive.com,response,2.6-202606,True,0,0,0
p004067,salon.com,prebid.production.adthrive.com,response,2.6-202606,True,0,0,0
p004068,engadget.com,prebid.production.adthrive.com,response,2.6-202606,True,0,0,0
p004069,engadget.com,prebid.production.adthrive.com,response,2.6-202606,True,0,0,0
p004070,engadget.com,prebid.production.adthrive.com,response,2.6-202606,True,0,0,0
p004071,engadget.com,prebid.production.adthrive.com,response,2.6-202606,True,0,0,0
p004072,engadget.com,prebid.production.adthrive.com,response,2.6-202606,True,0,0,0
p004073,engadget.com,prebid.production.adthrive.com,response,2.6-202606,True,0,0,0
p004074,macrumors.com,prebid.production.adthrive.com,response,2.6-202606,True,0,0,0
p004075,macrumors.com,prebid.production.adthrive.com,response,2.6-202606,True,0,0,0
p004076,macrumors.com,prebid.production.adthrive.com,response,2.6-202606,True,0,0,0
p004077,macrumors.com,prebid.production.adthrive.com,response,2.6-202606,True,0,0,0
p004078,macrumors.com,prebid.production.adthrive.com,response,2.6-202606,True,0,0,0
p004079,macrumors.com,prebid.production.adthrive.com,response,2.6-202606,True,0,0,0
p004080,macrumors.com,prebid.production.adthrive.com,response,2.6-202606,True,0,0,0
p004081,macrumors.com,prebid.production.adthrive.com,response,2.6-202606,True,0,0,0
p004082,macrumors.com,prebid.production.adthrive.com,response,2.6-202606,True,0,0,0
p004083,macrumors.com,prebid.production.adthrive.com,response,2.6-202606,True,0,0,0
p004084,macrumors.com,prebid.production.adthrive.com,response,2.6-202606,True,0,0,0
p004085,macrumors.com,prebid.production.adthrive.com,response,2.6-202606,True,0,0,0
p004086,macrumors.com,prebid.production.adthrive.com,response,2.6-202606,True,0,0,0
p004087,macrumors.com,prebid.production.adthrive.com,response,2.6-202606,True,0,0,0
p004088,macrumors.com,prebid.production.adthrive.com,response,2.6-202606,True,0,0,0
p004089,macrumors.com,prebid.production.adthrive.com,response,2.6-202606,True,0,0,0
p004090,macrumors.com,prebid.production.adthrive.com,response,2.6-202606,True,0,0,0
p004091,macrumors.com,prebid.production.adthrive.com,response,2.6-202606,True,0,0,0
p004092,macrumors.com,prebid.production.adthrive.com,response,2.6-202606,True,0,0,0
p004093,macrumors.com,prebid.production.adthrive.com,response,2.6-202606,True,0,0,0
p004094,macrumors.com,prebid.production.adthrive.com,response,2.6-202606,True,0,0,0
p004095,macrumors.com,prebid.production.adthrive.com,response,2.6-202606,True,0,0,0
p004096,macrumors.com,prebid.production.adthrive.com,response,2.6-202606,True,0,0,0
p004097,benzinga.com,prebid.production.adthrive.com,response,2.6-202606,True,0,0,0
p004098,benzinga.com,prebid.production.adthrive.com,response,2.6-202606,True,0,0,0
p004099,stereogum.com,prebid.production.adthrive.com,response,2.6-202606,True,0,0,0
p004100,stereogum.com,prebid.production.adthrive.com,response,2.6-202606,True,0,0,0
p004101,stereogum.com,prebid.production.adthrive.com,response,2.6-202606,True,0,0,0
p004102,stereogum.com,prebid.production.adthrive.com,response,2.6-202606,True,1,0,1
p004103,ranker.com,prebid.production.adthrive.com,response,2.6-202606,True,0,0,0
p004104,grunge.com,prebid.production.adthrive.com,response,2.6-202606,True,0,0,0
p004105,ranker.com,prebid.production.adthrive.com,response,2.6-202606,True,0,0,0
p004106,ranker.com,prebid.production.adthrive.com,response,2.6-202606,True,1,0,1
p004107,ranker.com,prebid.production.adthrive.com,response,2.6-202606,True,0,0,0
p004108,ranker.com,prebid.production.adthrive.com,response,2.6-202606,True,0,0,0
p004109,ranker.com,prebid.production.adthrive.com,response,2.6-202606,True,0,0,0
p004110,ranker.com,prebid.production.adthrive.com,response,2.6-202606,True,0,0,0
p004111,ranker.com,prebid.production.adthrive.com,response,2.6-202606,True,1,0,1
p004112,ranker.com,prebid.production.adthrive.com,response,2.6-202606,True,1,0,1
p004113,ranker.com,prebid.production.adthrive.com,response,2.6-202606,True,1,0,1
p004114,grunge.com,prebid.production.adthrive.com,response,2.6-202606,True,0,0,0
p004115,grunge.com,prebid.production.adthrive.com,response,2.6-202606,True,1,0,1
p004116,grunge.com,prebid.production.adthrive.com,response,2.6-202606,True,0,0,0
p004117,grunge.com,prebid.production.adthrive.com,response,2.6-202606,True,0,0,0
p004118,grunge.com,prebid.production.adthrive.com,response,2.6-202606,True,0,0,0
p004119,grunge.com,prebid.production.adthrive.com,response,2.6-202606,True,0,0,0
p004120,grunge.com,prebid.production.adthrive.com,response,2.6-202606,True,0,0,0
p004121,grunge.com,prebid.production.adthrive.com,response,2.6-202606,True,0,0,0
p004122,grunge.com,prebid.production.adthrive.com,response,2.6-202606,True,0,0,0
p004123,grunge.com,prebid.production.adthrive.com,response,2.6-202606,True,0,0,0
p004124,slashfilm.com,prebid.production.adthrive.com,response,2.6-202606,True,0,0,0
p004125,grunge.com,prebid.production.adthrive.com,response,2.6-202606,True,0,0,0
p004126,slashfilm.com,prebid.production.adthrive.com,response,2.6-202606,True,0,0,0
p004127,slashfilm.com,prebid.production.adthrive.com,response,2.6-202606,True,0,0,0
p004128,mashed.com,prebid.production.adthrive.com,response,2.6-202606,True,0,0,0
p004129,mashed.com,prebid.production.adthrive.com,response,2.6-202606,True,0,0,0
p004130,tastingtable.com,prebid.production.adthrive.com,response,2.6-202606,True,0,0,0
p004131,salon.com,prebid2.production.adthrive.com,request,2.6-202606,True,0,0,0
p004132,salon.com,prebid2.production.adthrive.com,request,2.6-202606,True,0,0,0
p004133,salon.com,prebid2.production.adthrive.com,request,2.6-202606,True,0,0,0
p004134,salon.com,prebid2.production.adthrive.com,request,2.6-202606,True,0,0,0
p004135,salon.com,prebid2.production.adthrive.com,request,2.6-202606,True,0,0,0
p004136,salon.com,prebid2.production.adthrive.com,request,2.6-202606,False,2,1,1
p004137,salon.com,prebid2.production.adthrive.com,request,2.6-202606,True,0,0,0
p004138,salon.com,prebid2.production.adthrive.com,request,2.6-202606,False,2,1,1
p004139,salon.com,prebid2.production.adthrive.com,request,2.6-202606,False,6,3,3
p004140,salon.com,prebid2.production.adthrive.com,request,2.6-202606,True,0,0,0
p004141,salon.com,prebid2.production.adthrive.com,request,2.6-202606,True,0,0,0
p004142,salon.com,prebid2.production.adthrive.com,request,2.6-202606,True,0,0,0
p004143,salon.com,prebid2.production.adthrive.com,request,2.6-202606,True,0,0,0
p004144,salon.com,prebid2.production.adthrive.com,request,2.6-202606,True,0,0,0
p004145,salon.com,prebid2.production.adthrive.com,request,2.6-202606,False,2,1,1
p004146,salon.com,prebid2.production.adthrive.com,request,2.6-202606,False,2,1,1
p004147,salon.com,prebid2.production.adthrive.com,request,2.6-202606,False,2,1,1
p004148,salon.com,prebid2.production.adthrive.com,request,2.6-202606,False,2,1,1
p004149,salon.com,prebid2.production.adthrive.com,request,2.6-202606,False,2,1,1
p004150,salon.com,prebid2.production.adthrive.com,request,2.6-202606,False,2,1,1
p004151,salon.com,prebid2.production.adthrive.com,request,2.6-202606,False,2,1,1
p004152,salon.com,prebid2.production.adthrive.com,request,2.6-202606,False,2,1,1
p004153,engadget.com,prebid2.production.adthrive.com,request,2.6-202606,True,0,0,0
p004154,engadget.com,prebid2.production.adthrive.com,request,2.6-202606,False,2,1,1
p004155,engadget.com,prebid2.production.adthrive.com,request,2.6-202606,False,2,1,1
p004156,engadget.com,prebid2.production.adthrive.com,request,2.6-202606,True,0,0,0
p004157,engadget.com,prebid2.production.adthrive.com,request,2.6-202606,False,2,1,1
p004158,engadget.com,prebid2.production.adthrive.com,request,2.6-202606,False,2,1,1
p004159,macrumors.com,prebid2.production.adthrive.com,request,2.6-202606,True,0,0,0
p004160,macrumors.com,prebid2.production.adthrive.com,request,2.6-202606,True,0,0,0
p004161,macrumors.com,prebid2.production.adthrive.com,request,2.6-202606,False,6,3,3
p004162,macrumors.com,prebid2.production.adthrive.com,request,2.6-202606,True,0,0,0
p004163,macrumors.com,prebid2.production.adthrive.com,request,2.6-202606,True,0,0,0
p004164,macrumors.com,prebid2.production.adthrive.com,request,2.6-202606,True,0,0,0
p004165,macrumors.com,prebid2.production.adthrive.com,request,2.6-202606,True,0,0,0
p004166,macrumors.com,prebid2.production.adthrive.com,request,2.6-202606,True,0,0,0
p004167,macrumors.com,prebid2.production.adthrive.com,request,2.6-202606,True,0,0,0
p004168,macrumors.com,prebid2.production.adthrive.com,request,2.6-202606,True,0,0,0
p004169,macrumors.com,prebid2.production.adthrive.com,request,2.6-202606,True,0,0,0
p004170,macrumors.com,prebid2.production.adthrive.com,request,2.6-202606,True,0,0,0
p004171,macrumors.com,prebid2.production.adthrive.com,request,2.6-202606,True,0,0,0
p004172,macrumors.com,prebid2.production.adthrive.com,request,2.6-202606,True,0,0,0
p004173,macrumors.com,prebid2.production.adthrive.com,request,2.6-202606,False,6,3,3
p004174,macrumors.com,prebid2.production.adthrive.com,request,2.6-202606,True,0,0,0
p004175,macrumors.com,prebid2.production.adthrive.com,request,2.6-202606,True,0,0,0
p004176,macrumors.com,prebid2.production.adthrive.com,request,2.6-202606,True,0,0,0
p004177,macrumors.com,prebid2.production.adthrive.com,request,2.6-202606,True,0,0,0
p004178,macrumors.com,prebid2.production.adthrive.com,request,2.6-202606,True,0,0,0
p004179,macrumors.com,prebid2.production.adthrive.com,request,2.6-202606,True,0,0,0
p004180,macrumors.com,prebid2.production.adthrive.com,request,2.6-202606,True,0,0,0
p004181,macrumors.com,prebid2.production.adthrive.com,request,2.6-202606,True,0,0,0
p004182,benzinga.com,prebid2.production.adthrive.com,request,2.6-202606,True,0,0,0
p004183,benzinga.com,prebid2.production.adthrive.com,request,2.6-202606,True,0,0,0
p004184,stereogum.com,prebid2.production.adthrive.com,request,2.6-202606,True,0,0,0
p004185,stereogum.com,prebid2.production.adthrive.com,request,2.6-202606,False,6,3,3
p004186,stereogum.com,prebid2.production.adthrive.com,request,2.6-202606,True,0,0,0
p004187,stereogum.com,prebid2.production.adthrive.com,request,2.6-202606,False,2,1,1
p004188,ranker.com,prebid2.production.adthrive.com,request,2.6-202606,True,0,0,0
p004189,grunge.com,prebid2.production.adthrive.com,request,2.6-202606,True,0,0,0
p004190,ranker.com,prebid2.production.adthrive.com,request,2.6-202606,True,0,0,0
p004191,ranker.com,prebid2.production.adthrive.com,request,2.6-202606,True,0,0,0
p004192,ranker.com,prebid2.production.adthrive.com,request,2.6-202606,False,6,3,3
p004193,ranker.com,prebid2.production.adthrive.com,request,2.6-202606,True,0,0,0
p004194,ranker.com,prebid2.production.adthrive.com,request,2.6-202606,True,0,0,0
p004195,ranker.com,prebid2.production.adthrive.com,request,2.6-202606,False,2,1,1
p004196,ranker.com,prebid2.production.adthrive.com,request,2.6-202606,False,2,1,1
p004197,ranker.com,prebid2.production.adthrive.com,request,2.6-202606,False,2,1,1
p004198,ranker.com,prebid2.production.adthrive.com,request,2.6-202606,False,2,1,1
p004199,grunge.com,prebid2.production.adthrive.com,request,2.6-202606,True,0,0,0
p004200,grunge.com,prebid2.production.adthrive.com,request,2.6-202606,False,2,1,1
p004201,grunge.com,prebid2.production.adthrive.com,request,2.6-202606,False,6,3,3
p004202,grunge.com,prebid2.production.adthrive.com,request,2.6-202606,True,0,0,0
p004203,grunge.com,prebid2.production.adthrive.com,request,2.6-202606,True,0,0,0
p004204,grunge.com,prebid2.production.adthrive.com,request,2.6-202606,True,0,0,0
p004205,grunge.com,prebid2.production.adthrive.com,request,2.6-202606,True,0,0,0
p004206,grunge.com,prebid2.production.adthrive.com,request,2.6-202606,True,0,0,0
p004207,grunge.com,prebid2.production.adthrive.com,request,2.6-202606,True,0,0,0
p004208,grunge.com,prebid2.production.adthrive.com,request,2.6-202606,False,2,1,1
p004209,slashfilm.com,prebid2.production.adthrive.com,request,2.6-202606,True,0,0,0
p004210,grunge.com,prebid2.production.adthrive.com,request,2.6-202606,False,2,1,1
p004211,slashfilm.com,prebid2.production.adthrive.com,request,2.6-202606,True,0,0,0
p004212,slashfilm.com,prebid2.production.adthrive.com,request,2.6-202606,False,2,1,1
p004213,mashed.com,prebid2.production.adthrive.com,request,2.6-202606,True,0,0,0
p004214,mashed.com,prebid2.production.adthrive.com,request,2.6-202606,False,2,1,1
p004215,tastingtable.com,prebid2.production.adthrive.com,request,2.6-202606,True,0,0,0
p004216,salon.com,prebid2.production.adthrive.com,response,2.6-202606,True,0,0,0
p004217,salon.com,prebid2.production.adthrive.com,response,2.6-202606,True,0,0,0
p004218,salon.com,prebid2.production.adthrive.com,response,2.6-202606,True,0,0,0
p004219,salon.com,prebid2.production.adthrive.com,response,2.6-202606,True,0,0,0
p004220,salon.com,prebid2.production.adthrive.com,response,2.6-202606,True,0,0,0
p004221,salon.com,prebid2.production.adthrive.com,response,2.6-202606,True,0,0,0
p004222,salon.com,prebid2.production.adthrive.com,response,2.6-202606,True,0,0,0
p004223,salon.com,prebid2.production.adthrive.com,response,2.6-202606,True,0,0,0
p004224,salon.com,prebid2.production.adthrive.com,response,2.6-202606,True,0,0,0
p004225,salon.com,prebid2.production.adthrive.com,response,2.6-202606,True,0,0,0
p004226,salon.com,prebid2.production.adthrive.com,response,2.6-202606,True,0,0,0
p004227,salon.com,prebid2.production.adthrive.com,response,2.6-202606,True,0,0,0
p004228,salon.com,prebid2.production.adthrive.com,response,2.6-202606,True,0,0,0
p004229,salon.com,prebid2.production.adthrive.com,response,2.6-202606,True,0,0,0
p004230,salon.com,prebid2.production.adthrive.com,response,2.6-202606,True,0,0,0
p004231,salon.com,prebid2.production.adthrive.com,response,2.6-202606,True,0,0,0
p004232,salon.com,prebid2.production.adthrive.com,response,2.6-202606,True,0,0,0
p004233,salon.com,prebid2.production.adthrive.com,response,2.6-202606,True,0,0,0
p004234,salon.com,prebid2.production.adthrive.com,response,2.6-202606,True,0,0,0
p004235,salon.com,prebid2.production.adthrive.com,response,2.6-202606,True,0,0,0
p004236,salon.com,prebid2.production.adthrive.com,response,2.6-202606,True,0,0,0
p004237,salon.com,prebid2.production.adthrive.com,response,2.6-202606,True,0,0,0
p004238,engadget.com,prebid2.production.adthrive.com,response,2.6-202606,True,0,0,0
p004239,engadget.com,prebid2.production.adthrive.com,response,2.6-202606,True,0,0,0
p004240,engadget.com,prebid2.production.adthrive.com,response,2.6-202606,True,0,0,0
p004241,engadget.com,prebid2.production.adthrive.com,response,2.6-202606,True,0,0,0
p004242,engadget.com,prebid2.production.adthrive.com,response,2.6-202606,True,0,0,0
p004243,engadget.com,prebid2.production.adthrive.com,response,2.6-202606,True,0,0,0
p004244,macrumors.com,prebid2.production.adthrive.com,response,2.6-202606,True,0,0,0
p004245,macrumors.com,prebid2.production.adthrive.com,response,2.6-202606,True,0,0,0
p004246,macrumors.com,prebid2.production.adthrive.com,response,2.6-202606,True,0,0,0
p004247,macrumors.com,prebid2.production.adthrive.com,response,2.6-202606,True,0,0,0
p004248,macrumors.com,prebid2.production.adthrive.com,response,2.6-202606,True,0,0,0
p004249,macrumors.com,prebid2.production.adthrive.com,response,2.6-202606,True,0,0,0
p004250,macrumors.com,prebid2.production.adthrive.com,response,2.6-202606,True,0,0,0
p004251,macrumors.com,prebid2.production.adthrive.com,response,2.6-202606,True,0,0,0
p004252,macrumors.com,prebid2.production.adthrive.com,response,2.6-202606,True,0,0,0
p004253,macrumors.com,prebid2.production.adthrive.com,response,2.6-202606,True,0,0,0
p004254,macrumors.com,prebid2.production.adthrive.com,response,2.6-202606,True,0,0,0
p004255,macrumors.com,prebid2.production.adthrive.com,response,2.6-202606,True,0,0,0
p004256,macrumors.com,prebid2.production.adthrive.com,response,2.6-202606,True,0,0,0
p004257,macrumors.com,prebid2.production.adthrive.com,response,2.6-202606,True,0,0,0
p004258,macrumors.com,prebid2.production.adthrive.com,response,2.6-202606,True,0,0,0
p004259,macrumors.com,prebid2.production.adthrive.com,response,2.6-202606,True,0,0,0
p004260,macrumors.com,prebid2.production.adthrive.com,response,2.6-202606,True,0,0,0
p004261,macrumors.com,prebid2.production.adthrive.com,response,2.6-202606,True,0,0,0
p004262,macrumors.com,prebid2.production.adthrive.com,response,2.6-202606,True,0,0,0
p004263,macrumors.com,prebid2.production.adthrive.com,response,2.6-202606,True,0,0,0
p004264,macrumors.com,prebid2.production.adthrive.com,response,2.6-202606,True,0,0,0
p004265,macrumors.com,prebid2.production.adthrive.com,response,2.6-202606,True,0,0,0
p004266,macrumors.com,prebid2.production.adthrive.com,response,2.6-202606,True,0,0,0
p004267,benzinga.com,prebid2.production.adthrive.com,response,2.6-202606,True,0,0,0
p004268,benzinga.com,prebid2.production.adthrive.com,response,2.6-202606,True,0,0,0
p004269,stereogum.com,prebid2.production.adthrive.com,response,2.6-202606,True,0,0,0
p004270,stereogum.com,prebid2.production.adthrive.com,response,2.6-202606,True,0,0,0
p004271,stereogum.com,prebid2.production.adthrive.com,response,2.6-202606,True,0,0,0
p004272,stereogum.com,prebid2.production.adthrive.com,response,2.6-202606,True,0,0,0
p004273,ranker.com,prebid2.production.adthrive.com,response,2.6-202606,True,0,0,0
p004274,grunge.com,prebid2.production.adthrive.com,response,2.6-202606,True,0,0,0
p004275,ranker.com,prebid2.production.adthrive.com,response,2.6-202606,True,0,0,0
p004276,ranker.com,prebid2.production.adthrive.com,response,2.6-202606,True,0,0,0
p004277,ranker.com,prebid2.production.adthrive.com,response,2.6-202606,True,0,0,0
p004278,ranker.com,prebid2.production.adthrive.com,response,2.6-202606,True,0,0,0
p004279,ranker.com,prebid2.production.adthrive.com,response,2.6-202606,True,0,0,0
p004280,ranker.com,prebid2.production.adthrive.com,response,2.6-202606,True,0,0,0
p004281,ranker.com,prebid2.production.adthrive.com,response,2.6-202606,True,0,0,0
p004282,ranker.com,prebid2.production.adthrive.com,response,2.6-202606,True,0,0,0
p004283,ranker.com,prebid2.production.adthrive.com,response,2.6-202606,True,1,0,1
p004284,grunge.com,prebid2.production.adthrive.com,response,2.6-202606,True,0,0,0
p004285,grunge.com,prebid2.production.adthrive.com,response,2.6-202606,True,0,0,0
p004286,grunge.com,prebid2.production.adthrive.com,response,2.6-202606,True,0,0,0
p004287,grunge.com,prebid2.production.adthrive.com,response,2.6-202606,True,0,0,0
p004288,grunge.com,prebid2.production.adthrive.com,response,2.6-202606,True,0,0,0
p004289,grunge.com,prebid2.production.adthrive.com,response,2.6-202606,True,0,0,0
p004290,grunge.com,prebid2.production.adthrive.com,response,2.6-202606,True,0,0,0
p004291,grunge.com,prebid2.production.adthrive.com,response,2.6-202606,True,0,0,0
p004292,grunge.com,prebid2.production.adthrive.com,response,2.6-202606,True,0,0,0
p004293,grunge.com,prebid2.production.adthrive.com,response,2.6-202606,True,0,0,0
p004294,slashfilm.com,prebid2.production.adthrive.com,response,2.6-202606,True,0,0,0
p004295,grunge.com,prebid2.production.adthrive.com,response,2.6-202606,True,0,0,0
p004296,slashfilm.com,prebid2.production.adthrive.com,response,2.6-202606,True,0,0,0
p004297,slashfilm.com,prebid2.production.adthrive.com,response,2.6-202606,True,0,0,0
p004298,mashed.com,prebid2.production.adthrive.com,response,2.6-202606,True,0,0,0
p004299,mashed.com,prebid2.production.adthrive.com,response,2.6-202606,True,0,0,0
p004300,tastingtable.com,prebid2.production.adthrive.com,response,2.6-202606,True,0,0,0
p004301,usatoday.com,ps.ex.co,request,2.6-202606,False,9,2,7
p004302,usatoday.com,reachms.bfmio.com,request,2.6-202606,False,9,8,1
p004303,usatoday.com,reachms.bfmio.com,request,2.6-202606,False,9,8,1
p004304,usatoday.com,reachms.bfmio.com,request,2.6-202606,False,9,8,1
p004305,nbcnews.com,reachms.bfmio.com,request,2.6-202606,False,9,8,1
p004306,nbcnews.com,reachms.bfmio.com,request,2.6-202606,False,9,8,1
p004307,cbsnews.com,reachms.bfmio.com,request,2.6-202606,False,9,8,1
p004308,nbcnews.com,reachms.bfmio.com,request,2.6-202606,False,9,8,1
p004309,nbcnews.com,reachms.bfmio.com,request,2.6-202606,False,9,8,1
p004310,cbssports.com,reachms.bfmio.com,request,2.6-202606,False,9,8,1
p004311,cbssports.com,reachms.bfmio.com,request,2.6-202606,False,9,8,1
p004312,eonline.com,reachms.bfmio.com,request,2.6-202606,False,9,8,1
p004313,eonline.com,reachms.bfmio.com,request,2.6-202606,False,9,8,1
p004314,eonline.com,reachms.bfmio.com,request,2.6-202606,False,9,8,1
p004315,eonline.com,reachms.bfmio.com,request,2.6-202606,False,9,8,1
p004316,eonline.com,reachms.bfmio.com,request,2.6-202606,False,9,8,1
p004317,eonline.com,reachms.bfmio.com,request,2.6-202606,False,9,8,1
p004318,eonline.com,reachms.bfmio.com,request,2.6-202606,False,9,8,1
p004319,eonline.com,reachms.bfmio.com,request,2.6-202606,False,9,8,1
p004320,techcrunch.com,rt.marphezis.com,request,2.6-202606,True,0,0,0
p004321,techcrunch.com,rt.marphezis.com,request,2.6-202606,True,0,0,0
p004322,techcrunch.com,rt.marphezis.com,request,2.6-202606,True,0,0,0
p004323,techcrunch.com,rt.marphezis.com,request,2.6-202606,True,0,0,0
p004324,techcrunch.com,rt.marphezis.com,request,2.6-202606,True,0,0,0
p004325,techcrunch.com,rt.marphezis.com,request,2.6-202606,True,0,0,0
p004326,techcrunch.com,rt.marphezis.com,request,2.6-202606,True,0,0,0
p004327,techcrunch.com,rt.marphezis.com,request,2.6-202606,True,0,0,0
p004328,healthline.com,rt.marphezis.com,request,2.6-202606,False,2,2,0
p004329,boredpanda.com,rt.marphezis.com,request,2.6-202606,False,1,1,0
p004330,techcrunch.com,rt.marphezis.com,response,2.6-202606,True,0,0,0
p004331,techcrunch.com,rt.marphezis.com,response,2.6-202606,True,0,0,0
p004332,healthline.com,rt.marphezis.com,response,2.6-202606,True,0,0,0
p004333,usatoday.com,rtb.ex.co,request,2.6-202606,False,2,1,1
p004334,foxnews.com,rtb.openx.net,request,2.6-202606,True,0,0,0
p004335,foxnews.com,rtb.openx.net,request,2.6-202606,True,0,0,0
p004336,foxnews.com,rtb.openx.net,request,2.6-202606,True,0,0,0
p004337,foxnews.com,rtb.openx.net,request,2.6-202606,True,0,0,0
p004338,foxnews.com,rtb.openx.net,request,2.6-202606,True,0,0,0
p004339,foxnews.com,rtb.openx.net,request,2.6-202606,True,0,0,0
p004340,foxnews.com,rtb.openx.net,request,2.6-202606,True,0,0,0
p004341,usatoday.com,rtb.openx.net,request,2.6-202606,False,2,1,1
p004342,usatoday.com,rtb.openx.net,request,2.6-202606,False,2,1,1
p004343,usatoday.com,rtb.openx.net,request,2.6-202606,False,2,1,1
p004344,usatoday.com,rtb.openx.net,request,2.6-202606,False,2,1,1
p004345,thedailybeast.com,rtb.openx.net,request,2.6-202606,True,0,0,0
p004346,thedailybeast.com,rtb.openx.net,request,2.6-202606,True,0,0,0
p004347,businessinsider.com,rtb.openx.net,request,2.6-202606,True,0,0,0
p004348,thedailybeast.com,rtb.openx.net,request,2.6-202606,True,0,0,0
p004349,thedailybeast.com,rtb.openx.net,request,2.6-202606,True,0,0,0
p004350,businessinsider.com,rtb.openx.net,request,2.6-202606,True,0,0,0
p004351,businessinsider.com,rtb.openx.net,request,2.6-202606,True,0,0,0
p004352,businessinsider.com,rtb.openx.net,request,2.6-202606,True,0,0,0
p004353,thedailybeast.com,rtb.openx.net,request,2.6-202606,True,0,0,0
p004354,huffpost.com,rtb.openx.net,request,2.6-202606,True,1,0,1
p004355,huffpost.com,rtb.openx.net,request,2.6-202606,True,1,0,1
p004356,huffpost.com,rtb.openx.net,request,2.6-202606,True,1,0,1
p004357,huffpost.com,rtb.openx.net,request,2.6-202606,True,1,0,1
p004358,huffpost.com,rtb.openx.net,request,2.6-202606,True,1,0,1
p004359,huffpost.com,rtb.openx.net,request,2.6-202606,True,1,0,1
p004360,huffpost.com,rtb.openx.net,request,2.6-202606,True,1,0,1
p004361,huffpost.com,rtb.openx.net,request,2.6-202606,True,1,0,1
p004362,huffpost.com,rtb.openx.net,request,2.6-202606,True,0,0,0
p004363,huffpost.com,rtb.openx.net,request,2.6-202606,True,1,0,1
p004364,huffpost.com,rtb.openx.net,request,2.6-202606,True,1,0,1
p004365,huffpost.com,rtb.openx.net,request,2.6-202606,True,0,0,0
p004366,huffpost.com,rtb.openx.net,request,2.6-202606,True,1,0,1
p004367,huffpost.com,rtb.openx.net,request,2.6-202606,True,1,0,1
p004368,huffpost.com,rtb.openx.net,request,2.6-202606,True,0,0,0
p004369,cbsnews.com,rtb.openx.net,request,2.6-202606,True,0,0,0
p004370,standard.co.uk,rtb.openx.net,request,2.6-202606,False,2,1,1
p004371,standard.co.uk,rtb.openx.net,request,2.6-202606,False,2,1,1
p004372,nbcnews.com,rtb.openx.net,request,2.6-202606,False,2,1,1
p004373,nbcnews.com,rtb.openx.net,request,2.6-202606,True,0,0,0
p004374,nbcnews.com,rtb.openx.net,request,2.6-202606,False,2,1,1
p004375,nbcnews.com,rtb.openx.net,request,2.6-202606,True,0,0,0
p004376,cbsnews.com,rtb.openx.net,request,2.6-202606,True,0,0,0
p004377,cbsnews.com,rtb.openx.net,request,2.6-202606,False,2,1,1
p004378,cbsnews.com,rtb.openx.net,request,2.6-202606,False,2,1,1
p004379,nbcnews.com,rtb.openx.net,request,2.6-202606,False,2,1,1
p004380,nbcnews.com,rtb.openx.net,request,2.6-202606,False,2,1,1
p004381,time.com,rtb.openx.net,request,2.6-202606,False,1,1,0
p004382,time.com,rtb.openx.net,request,2.6-202606,False,1,1,0
p004383,time.com,rtb.openx.net,request,2.6-202606,False,1,1,0
p004384,time.com,rtb.openx.net,request,2.6-202606,False,1,1,0
p004385,time.com,rtb.openx.net,request,2.6-202606,False,1,1,0
p004386,slate.com,rtb.openx.net,request,2.6-202606,True,0,0,0
p004387,time.com,rtb.openx.net,request,2.6-202606,False,1,1,0
p004388,time.com,rtb.openx.net,request,2.6-202606,False,1,1,0
p004389,slate.com,rtb.openx.net,request,2.6-202606,False,2,1,1
p004390,slate.com,rtb.openx.net,request,2.6-202606,False,2,1,1
p004391,time.com,rtb.openx.net,request,2.6-202606,False,2,1,1
p004392,time.com,rtb.openx.net,request,2.6-202606,False,2,1,1
p004393,slate.com,rtb.openx.net,request,2.6-202606,True,0,0,0
p004394,time.com,rtb.openx.net,request,2.6-202606,False,2,1,1
p004395,salon.com,rtb.openx.net,request,2.6-202606,True,0,0,0
p004396,salon.com,rtb.openx.net,request,2.6-202606,True,0,0,0
p004397,slate.com,rtb.openx.net,request,2.6-202606,True,0,0,0
p004398,slate.com,rtb.openx.net,request,2.6-202606,False,2,1,1
p004399,slate.com,rtb.openx.net,request,2.6-202606,False,2,1,1
p004400,slate.com,rtb.openx.net,request,2.6-202606,False,2,1,1
p004401,salon.com,rtb.openx.net,request,2.6-202606,True,0,0,0
p004402,salon.com,rtb.openx.net,request,2.6-202606,True,0,0,0
p004403,salon.com,rtb.openx.net,request,2.6-202606,True,0,0,0
p004404,salon.com,rtb.openx.net,request,2.6-202606,False,2,1,1
p004405,salon.com,rtb.openx.net,request,2.6-202606,True,0,0,0
p004406,salon.com,rtb.openx.net,request,2.6-202606,False,2,1,1
p004407,salon.com,rtb.openx.net,request,2.6-202606,True,0,0,0
p004408,salon.com,rtb.openx.net,request,2.6-202606,False,2,1,1
p004409,salon.com,rtb.openx.net,request,2.6-202606,True,0,0,0
p004410,salon.com,rtb.openx.net,request,2.6-202606,True,0,0,0
p004411,salon.com,rtb.openx.net,request,2.6-202606,True,0,0,0
p004412,salon.com,rtb.openx.net,request,2.6-202606,True,0,0,0
p004413,salon.com,rtb.openx.net,request,2.6-202606,True,0,0,0
p004414,salon.com,rtb.openx.net,request,2.6-202606,False,2,1,1
p004415,salon.com,rtb.openx.net,request,2.6-202606,False,2,1,1
p004416,salon.com,rtb.openx.net,request,2.6-202606,False,2,1,1
p004417,salon.com,rtb.openx.net,request,2.6-202606,False,2,1,1
p004418,salon.com,rtb.openx.net,request,2.6-202606,False,2,1,1
p004419,salon.com,rtb.openx.net,request,2.6-202606,False,2,1,1
p004420,salon.com,rtb.openx.net,request,2.6-202606,False,2,1,1
p004421,salon.com,rtb.openx.net,request,2.6-202606,False,2,1,1
p004422,engadget.com,rtb.openx.net,request,2.6-202606,True,0,0,0
p004423,engadget.com,rtb.openx.net,request,2.6-202606,False,2,1,1
p004424,engadget.com,rtb.openx.net,request,2.6-202606,False,2,1,1
p004425,engadget.com,rtb.openx.net,request,2.6-202606,False,2,1,1
p004426,engadget.com,rtb.openx.net,request,2.6-202606,True,0,0,0
p004427,cnet.com,rtb.openx.net,request,2.6-202606,False,6,6,0
p004428,engadget.com,rtb.openx.net,request,2.6-202606,False,2,1,1
p004429,engadget.com,rtb.openx.net,request,2.6-202606,False,2,1,1
p004430,engadget.com,rtb.openx.net,request,2.6-202606,False,2,1,1
p004431,zdnet.com,rtb.openx.net,request,2.6-202606,False,4,4,0
p004432,cnet.com,rtb.openx.net,request,2.6-202606,False,6,6,0
p004433,cnet.com,rtb.openx.net,request,2.6-202606,False,6,6,0
p004434,tomshardware.com,rtb.openx.net,request,2.6-202606,False,1,1,0
p004435,zdnet.com,rtb.openx.net,request,2.6-202606,False,6,6,0
p004436,zdnet.com,rtb.openx.net,request,2.6-202606,False,1,1,0
p004437,zdnet.com,rtb.openx.net,request,2.6-202606,False,2,1,1
p004438,tomsguide.com,rtb.openx.net,request,2.6-202606,False,1,1,0
p004439,tomshardware.com,rtb.openx.net,request,2.6-202606,False,1,1,0
p004440,androidauthority.com,rtb.openx.net,request,2.6-202606,True,0,0,0
p004441,androidauthority.com,rtb.openx.net,request,2.6-202606,True,0,0,0
p004442,androidauthority.com,rtb.openx.net,request,2.6-202606,True,0,0,0
p004443,9to5mac.com,rtb.openx.net,request,2.6-202606,True,0,0,0
p004444,9to5mac.com,rtb.openx.net,request,2.6-202606,True,0,0,0
p004445,androidauthority.com,rtb.openx.net,request,2.6-202606,True,0,0,0
p004446,androidauthority.com,rtb.openx.net,request,2.6-202606,True,0,0,0
p004447,androidauthority.com,rtb.openx.net,request,2.6-202606,True,1,0,1
p004448,androidauthority.com,rtb.openx.net,request,2.6-202606,True,0,0,0
p004449,androidauthority.com,rtb.openx.net,request,2.6-202606,True,1,0,1
p004450,androidauthority.com,rtb.openx.net,request,2.6-202606,True,0,0,0
p004451,androidauthority.com,rtb.openx.net,request,2.6-202606,True,1,0,1
p004452,androidauthority.com,rtb.openx.net,request,2.6-202606,True,0,0,0
p004453,androidauthority.com,rtb.openx.net,request,2.6-202606,True,1,0,1
p004454,macrumors.com,rtb.openx.net,request,2.6-202606,True,0,0,0
p004455,macrumors.com,rtb.openx.net,request,2.6-202606,True,0,0,0
p004456,macrumors.com,rtb.openx.net,request,2.6-202606,True,0,0,0
p004457,macrumors.com,rtb.openx.net,request,2.6-202606,False,2,1,1
p004458,macrumors.com,rtb.openx.net,request,2.6-202606,True,0,0,0
p004459,macrumors.com,rtb.openx.net,request,2.6-202606,True,0,0,0
p004460,macrumors.com,rtb.openx.net,request,2.6-202606,True,0,0,0
p004461,macrumors.com,rtb.openx.net,request,2.6-202606,True,0,0,0
p004462,macrumors.com,rtb.openx.net,request,2.6-202606,True,0,0,0
p004463,macrumors.com,rtb.openx.net,request,2.6-202606,True,0,0,0
p004464,macrumors.com,rtb.openx.net,request,2.6-202606,True,0,0,0
p004465,macrumors.com,rtb.openx.net,request,2.6-202606,True,0,0,0
p004466,androidauthority.com,rtb.openx.net,request,2.6-202606,True,1,0,1
p004467,macrumors.com,rtb.openx.net,request,2.6-202606,True,0,0,0
p004468,9to5mac.com,rtb.openx.net,request,2.6-202606,True,0,0,0
p004469,9to5mac.com,rtb.openx.net,request,2.6-202606,True,0,0,0
p004470,macrumors.com,rtb.openx.net,request,2.6-202606,True,0,0,0
p004471,macrumors.com,rtb.openx.net,request,2.6-202606,True,0,0,0
p004472,macrumors.com,rtb.openx.net,request,2.6-202606,True,0,0,0
p004473,macrumors.com,rtb.openx.net,request,2.6-202606,False,2,1,1
p004474,macrumors.com,rtb.openx.net,request,2.6-202606,True,0,0,0
p004475,macrumors.com,rtb.openx.net,request,2.6-202606,True,0,0,0
p004476,macrumors.com,rtb.openx.net,request,2.6-202606,True,0,0,0
p004477,macrumors.com,rtb.openx.net,request,2.6-202606,True,0,0,0
p004478,macrumors.com,rtb.openx.net,request,2.6-202606,True,0,0,0
p004479,macrumors.com,rtb.openx.net,request,2.6-202606,True,0,0,0
p004480,macrumors.com,rtb.openx.net,request,2.6-202606,True,0,0,0
p004481,macrumors.com,rtb.openx.net,request,2.6-202606,True,0,0,0
p004482,makeuseof.com,rtb.openx.net,request,2.6-202606,False,2,1,1
p004483,makeuseof.com,rtb.openx.net,request,2.6-202606,True,0,0,0
p004484,cbr.com,rtb.openx.net,request,2.6-202606,False,2,1,1
p004485,cbr.com,rtb.openx.net,request,2.6-202606,True,0,0,0
p004486,ign.com,rtb.openx.net,request,2.6-202606,False,4,4,0
p004487,gamespot.com,rtb.openx.net,request,2.6-202606,False,55,55,0
p004488,gamespot.com,rtb.openx.net,request,2.6-202606,False,55,55,0
p004489,gamespot.com,rtb.openx.net,request,2.6-202606,False,56,56,0
p004490,gamespot.com,rtb.openx.net,request,2.6-202606,False,59,59,0
p004491,gamespot.com,rtb.openx.net,request,2.6-202606,False,59,59,0
p004492,pcgamer.com,rtb.openx.net,request,2.6-202606,False,3,2,1
p004493,pcgamer.com,rtb.openx.net,request,2.6-202606,False,1,1,0
p004494,pcgamer.com,rtb.openx.net,request,2.6-202606,False,1,1,0
p004495,rockpapershotgun.com,rtb.openx.net,request,2.6-202606,True,0,0,0
p004496,rockpapershotgun.com,rtb.openx.net,request,2.6-202606,True,0,0,0
p004497,rockpapershotgun.com,rtb.openx.net,request,2.6-202606,True,0,0,0
p004498,rockpapershotgun.com,rtb.openx.net,request,2.6-202606,True,0,0,0
p004499,eurogamer.net,rtb.openx.net,request,2.6-202606,True,0,0,0
p004500,eurogamer.net,rtb.openx.net,request,2.6-202606,True,0,0,0
p004501,eurogamer.net,rtb.openx.net,request,2.6-202606,True,0,0,0
p004502,eurogamer.net,rtb.openx.net,request,2.6-202606,True,0,0,0
p004503,eurogamer.net,rtb.openx.net,request,2.6-202606,True,1,0,1
p004504,eurogamer.net,rtb.openx.net,request,2.6-202606,True,1,0,1
p004505,rockpapershotgun.com,rtb.openx.net,request,2.6-202606,True,0,0,0
p004506,rockpapershotgun.com,rtb.openx.net,request,2.6-202606,True,0,0,0
p004507,rockpapershotgun.com,rtb.openx.net,request,2.6-202606,True,0,0,0
p004508,rockpapershotgun.com,rtb.openx.net,request,2.6-202606,True,0,0,0
p004509,rockpapershotgun.com,rtb.openx.net,request,2.6-202606,True,1,0,1
p004510,rockpapershotgun.com,rtb.openx.net,request,2.6-202606,True,1,0,1
p004511,rockpapershotgun.com,rtb.openx.net,request,2.6-202606,True,0,0,0
p004512,vg247.com,rtb.openx.net,request,2.6-202606,True,0,0,0
p004513,vg247.com,rtb.openx.net,request,2.6-202606,True,0,0,0
p004514,eurogamer.net,rtb.openx.net,request,2.6-202606,True,0,0,0
p004515,eurogamer.net,rtb.openx.net,request,2.6-202606,True,0,0,0
p004516,eurogamer.net,rtb.openx.net,request,2.6-202606,True,0,0,0
p004517,eurogamer.net,rtb.openx.net,request,2.6-202606,True,1,0,1
p004518,eurogamer.net,rtb.openx.net,request,2.6-202606,True,1,0,1
p004519,vg247.com,rtb.openx.net,request,2.6-202606,True,0,0,0
p004520,rockpapershotgun.com,rtb.openx.net,request,2.6-202606,True,1,0,1
p004521,rockpapershotgun.com,rtb.openx.net,request,2.6-202606,True,1,0,1
p004522,eurogamer.net,rtb.openx.net,request,2.6-202606,True,0,0,0
p004523,vg247.com,rtb.openx.net,request,2.6-202606,True,0,0,0
p004524,eurogamer.net,rtb.openx.net,request,2.6-202606,True,1,0,1
p004525,eurogamer.net,rtb.openx.net,request,2.6-202606,True,1,0,1
p004526,eurogamer.net,rtb.openx.net,request,2.6-202606,True,1,0,1
p004527,eurogamer.net,rtb.openx.net,request,2.6-202606,True,1,0,1
p004528,vg247.com,rtb.openx.net,request,2.6-202606,True,0,0,0
p004529,vg247.com,rtb.openx.net,request,2.6-202606,True,0,0,0
p004530,vg247.com,rtb.openx.net,request,2.6-202606,True,0,0,0
p004531,vg247.com,rtb.openx.net,request,2.6-202606,True,1,0,1
p004532,vg247.com,rtb.openx.net,request,2.6-202606,True,1,0,1
p004533,vg247.com,rtb.openx.net,request,2.6-202606,True,0,0,0
p004534,cbssports.com,rtb.openx.net,request,2.6-202606,True,0,0,0
p004535,si.com,rtb.openx.net,request,2.6-202606,True,1,0,1
p004536,si.com,rtb.openx.net,request,2.6-202606,True,1,0,1
p004537,si.com,rtb.openx.net,request,2.6-202606,True,0,0,0
p004538,cbssports.com,rtb.openx.net,request,2.6-202606,True,0,0,0
p004539,cbssports.com,rtb.openx.net,request,2.6-202606,False,2,1,1
p004540,si.com,rtb.openx.net,request,2.6-202606,True,1,0,1
p004541,cbssports.com,rtb.openx.net,request,2.6-202606,False,2,1,1
p004542,cbssports.com,rtb.openx.net,request,2.6-202606,False,2,1,1
p004543,goal.com,rtb.openx.net,request,2.6-202606,True,1,0,1
p004544,goal.com,rtb.openx.net,request,2.6-202606,True,1,0,1
p004545,weather.com,rtb.openx.net,request,2.6-202606,True,0,0,0
p004546,weather.com,rtb.openx.net,request,2.6-202606,True,0,0,0
p004547,goal.com,rtb.openx.net,request,2.6-202606,True,1,0,1
p004548,weather.com,rtb.openx.net,request,2.6-202606,True,0,0,0
p004549,weather.com,rtb.openx.net,request,2.6-202606,True,0,0,0
p004550,weather.com,rtb.openx.net,request,2.6-202606,False,2,1,1
p004551,weather.com,rtb.openx.net,request,2.6-202606,False,2,1,1
p004552,wunderground.com,rtb.openx.net,request,2.6-202606,False,2,1,1
p004553,wunderground.com,rtb.openx.net,request,2.6-202606,False,2,1,1
p004554,wunderground.com,rtb.openx.net,request,2.6-202606,False,2,1,1
p004555,wunderground.com,rtb.openx.net,request,2.6-202606,True,0,0,0
p004556,wunderground.com,rtb.openx.net,request,2.6-202606,False,2,1,1
p004557,wunderground.com,rtb.openx.net,request,2.6-202606,False,2,1,1
p004558,wunderground.com,rtb.openx.net,request,2.6-202606,True,0,0,0
p004559,wunderground.com,rtb.openx.net,request,2.6-202606,False,2,1,1
p004560,wunderground.com,rtb.openx.net,request,2.6-202606,False,2,1,1
p004561,wunderground.com,rtb.openx.net,request,2.6-202606,False,2,1,1
p004562,benzinga.com,rtb.openx.net,request,2.6-202606,True,0,0,0
p004563,benzinga.com,rtb.openx.net,request,2.6-202606,True,0,0,0
p004564,kiplinger.com,rtb.openx.net,request,2.6-202606,False,1,1,0
p004565,allrecipes.com,rtb.openx.net,request,2.6-202606,True,0,0,0
p004566,allrecipes.com,rtb.openx.net,request,2.6-202606,True,0,0,0
p004567,allrecipes.com,rtb.openx.net,request,2.6-202606,True,0,0,0
p004568,allrecipes.com,rtb.openx.net,request,2.6-202606,True,0,0,0
p004569,kiplinger.com,rtb.openx.net,request,2.6-202606,False,1,1,0
p004570,tasteofhome.com,rtb.openx.net,request,2.6-202606,True,0,0,0
p004571,tasteofhome.com,rtb.openx.net,request,2.6-202606,True,0,0,0
p004572,tasteofhome.com,rtb.openx.net,request,2.6-202606,True,0,0,0
p004573,simplyrecipes.com,rtb.openx.net,request,2.6-202606,True,0,0,0
p004574,simplyrecipes.com,rtb.openx.net,request,2.6-202606,True,0,0,0
p004575,tasteofhome.com,rtb.openx.net,request,2.6-202606,True,0,0,0
p004576,tasteofhome.com,rtb.openx.net,request,2.6-202606,True,0,0,0
p004577,tasteofhome.com,rtb.openx.net,request,2.6-202606,True,0,0,0
p004578,thespruceeats.com,rtb.openx.net,request,2.6-202606,True,0,0,0
p004579,thespruceeats.com,rtb.openx.net,request,2.6-202606,True,0,0,0
p004580,healthline.com,rtb.openx.net,request,2.6-202606,False,2,2,0
p004581,verywellhealth.com,rtb.openx.net,request,2.6-202606,True,0,0,0
p004582,verywellhealth.com,rtb.openx.net,request,2.6-202606,True,0,0,0
p004583,verywellhealth.com,rtb.openx.net,request,2.6-202606,True,0,0,0
p004584,verywellhealth.com,rtb.openx.net,request,2.6-202606,True,0,0,0
p004585,people.com,rtb.openx.net,request,2.6-202606,True,0,0,0
p004586,people.com,rtb.openx.net,request,2.6-202606,True,0,0,0
p004587,people.com,rtb.openx.net,request,2.6-202606,True,0,0,0
p004588,people.com,rtb.openx.net,request,2.6-202606,True,0,0,0
p004589,people.com,rtb.openx.net,request,2.6-202606,True,0,0,0
p004590,eonline.com,rtb.openx.net,request,2.6-202606,True,0,0,0
p004591,eonline.com,rtb.openx.net,request,2.6-202606,True,0,0,0
p004592,eonline.com,rtb.openx.net,request,2.6-202606,True,0,0,0
p004593,eonline.com,rtb.openx.net,request,2.6-202606,True,0,0,0
p004594,eonline.com,rtb.openx.net,request,2.6-202606,True,0,0,0
p004595,eonline.com,rtb.openx.net,request,2.6-202606,True,0,0,0
p004596,tmz.com,rtb.openx.net,request,2.6-202606,True,0,0,0
p004597,tmz.com,rtb.openx.net,request,2.6-202606,True,0,0,0
p004598,eonline.com,rtb.openx.net,request,2.6-202606,True,0,0,0
p004599,stereogum.com,rtb.openx.net,request,2.6-202606,True,0,0,0
p004600,stereogum.com,rtb.openx.net,request,2.6-202606,True,0,0,0
p004601,stereogum.com,rtb.openx.net,request,2.6-202606,False,2,1,1
p004602,stereogum.com,rtb.openx.net,request,2.6-202606,True,0,0,0
p004603,stereogum.com,rtb.openx.net,request,2.6-202606,False,2,1,1
p004604,boredpanda.com,rtb.openx.net,request,2.6-202606,False,1,1,0
p004605,boredpanda.com,rtb.openx.net,request,2.6-202606,True,1,0,1
p004606,boredpanda.com,rtb.openx.net,request,2.6-202606,True,1,0,1
p004607,boredpanda.com,rtb.openx.net,request,2.6-202606,True,1,0,1
p004608,boredpanda.com,rtb.openx.net,request,2.6-202606,True,0,0,0
p004609,distractify.com,rtb.openx.net,request,2.6-202606,False,3,2,1
p004610,buzzfeed.com,rtb.openx.net,request,2.6-202606,True,0,0,0
p004611,buzzfeed.com,rtb.openx.net,request,2.6-202606,True,0,0,0
p004612,buzzfeed.com,rtb.openx.net,request,2.6-202606,True,0,0,0
p004613,unilad.com,rtb.openx.net,request,2.6-202606,True,1,0,1
p004614,unilad.com,rtb.openx.net,request,2.6-202606,True,1,0,1
p004615,buzzfeed.com,rtb.openx.net,request,2.6-202606,True,0,0,0
p004616,buzzfeed.com,rtb.openx.net,request,2.6-202606,True,0,0,0
p004617,buzzfeed.com,rtb.openx.net,request,2.6-202606,True,0,0,0
p004618,distractify.com,rtb.openx.net,request,2.6-202606,False,3,2,1
p004619,buzzfeed.com,rtb.openx.net,request,2.6-202606,True,0,0,0
p004620,buzzfeed.com,rtb.openx.net,request,2.6-202606,True,0,0,0
p004621,distractify.com,rtb.openx.net,request,2.6-202606,False,2,2,0
p004622,distractify.com,rtb.openx.net,request,2.6-202606,False,3,2,1
p004623,ranker.com,rtb.openx.net,request,2.6-202606,True,0,0,0
p004624,distractify.com,rtb.openx.net,request,2.6-202606,False,3,2,1
p004625,buzzfeed.com,rtb.openx.net,request,2.6-202606,True,1,0,1
p004626,buzzfeed.com,rtb.openx.net,request,2.6-202606,True,1,0,1
p004627,buzzfeed.com,rtb.openx.net,request,2.6-202606,True,0,0,0
p004628,buzzfeed.com,rtb.openx.net,request,2.6-202606,True,0,0,0
p004629,buzzfeed.com,rtb.openx.net,request,2.6-202606,True,1,0,1
p004630,buzzfeed.com,rtb.openx.net,request,2.6-202606,True,1,0,1
p004631,buzzfeed.com,rtb.openx.net,request,2.6-202606,True,1,0,1
p004632,buzzfeed.com,rtb.openx.net,request,2.6-202606,True,1,0,1
p004633,buzzfeed.com,rtb.openx.net,request,2.6-202606,True,1,0,1
p004634,buzzfeed.com,rtb.openx.net,request,2.6-202606,True,1,0,1
p004635,buzzfeed.com,rtb.openx.net,request,2.6-202606,True,1,0,1
p004636,buzzfeed.com,rtb.openx.net,request,2.6-202606,True,1,0,1
p004637,grunge.com,rtb.openx.net,request,2.6-202606,True,0,0,0
p004638,ranker.com,rtb.openx.net,request,2.6-202606,True,0,0,0
p004639,ranker.com,rtb.openx.net,request,2.6-202606,True,0,0,0
p004640,ranker.com,rtb.openx.net,request,2.6-202606,True,0,0,0
p004641,ranker.com,rtb.openx.net,request,2.6-202606,False,2,1,1
p004642,ranker.com,rtb.openx.net,request,2.6-202606,True,0,0,0
p004643,ranker.com,rtb.openx.net,request,2.6-202606,True,0,0,0
p004644,ranker.com,rtb.openx.net,request,2.6-202606,False,2,1,1
p004645,ranker.com,rtb.openx.net,request,2.6-202606,False,2,1,1
p004646,ranker.com,rtb.openx.net,request,2.6-202606,False,2,1,1
p004647,ranker.com,rtb.openx.net,request,2.6-202606,False,2,1,1
p004648,grunge.com,rtb.openx.net,request,2.6-202606,True,0,0,0
p004649,grunge.com,rtb.openx.net,request,2.6-202606,False,2,1,1
p004650,grunge.com,rtb.openx.net,request,2.6-202606,True,0,0,0
p004651,grunge.com,rtb.openx.net,request,2.6-202606,False,2,1,1
p004652,grunge.com,rtb.openx.net,request,2.6-202606,True,0,0,0
p004653,grunge.com,rtb.openx.net,request,2.6-202606,True,0,0,0
p004654,grunge.com,rtb.openx.net,request,2.6-202606,True,0,0,0
p004655,grunge.com,rtb.openx.net,request,2.6-202606,True,0,0,0
p004656,grunge.com,rtb.openx.net,request,2.6-202606,True,0,0,0
p004657,grunge.com,rtb.openx.net,request,2.6-202606,True,0,0,0
p004658,grunge.com,rtb.openx.net,request,2.6-202606,False,2,1,1
p004659,slashfilm.com,rtb.openx.net,request,2.6-202606,True,0,0,0
p004660,grunge.com,rtb.openx.net,request,2.6-202606,False,2,1,1
p004661,looper.com,rtb.openx.net,request,2.6-202606,False,2,1,1
p004662,slashfilm.com,rtb.openx.net,request,2.6-202606,True,0,0,0
p004663,slashfilm.com,rtb.openx.net,request,2.6-202606,False,2,1,1
p004664,mashed.com,rtb.openx.net,request,2.6-202606,True,0,0,0
p004665,mashed.com,rtb.openx.net,request,2.6-202606,False,2,1,1
p004666,sfgate.com,rtb.openx.net,request,2.6-202606,True,0,0,0
p004667,sfgate.com,rtb.openx.net,request,2.6-202606,False,2,1,1
p004668,tastingtable.com,rtb.openx.net,request,2.6-202606,True,0,0,0
p004669,foxnews.com,rtb.openx.net,response,2.6-202606,True,0,0,0
p004670,foxnews.com,rtb.openx.net,response,2.6-202606,True,0,0,0
p004671,foxnews.com,rtb.openx.net,response,2.6-202606,True,0,0,0
p004672,foxnews.com,rtb.openx.net,response,2.6-202606,True,0,0,0
p004673,foxnews.com,rtb.openx.net,response,2.6-202606,True,0,0,0
p004674,foxnews.com,rtb.openx.net,response,2.6-202606,True,0,0,0
p004675,foxnews.com,rtb.openx.net,response,2.6-202606,True,0,0,0
p004676,usatoday.com,rtb.openx.net,response,2.6-202606,True,0,0,0
p004677,usatoday.com,rtb.openx.net,response,2.6-202606,True,0,0,0
p004678,usatoday.com,rtb.openx.net,response,2.6-202606,True,0,0,0
p004679,usatoday.com,rtb.openx.net,response,2.6-202606,True,0,0,0
p004680,thedailybeast.com,rtb.openx.net,response,2.6-202606,True,0,0,0
p004681,thedailybeast.com,rtb.openx.net,response,2.6-202606,True,0,0,0
p004682,businessinsider.com,rtb.openx.net,response,2.6-202606,True,0,0,0
p004683,thedailybeast.com,rtb.openx.net,response,2.6-202606,True,0,0,0
p004684,thedailybeast.com,rtb.openx.net,response,2.6-202606,True,0,0,0
p004685,businessinsider.com,rtb.openx.net,response,2.6-202606,True,0,0,0
p004686,businessinsider.com,rtb.openx.net,response,2.6-202606,True,0,0,0
p004687,businessinsider.com,rtb.openx.net,response,2.6-202606,True,0,0,0
p004688,thedailybeast.com,rtb.openx.net,response,2.6-202606,True,0,0,0
p004689,huffpost.com,rtb.openx.net,response,2.6-202606,True,0,0,0
p004690,huffpost.com,rtb.openx.net,response,2.6-202606,True,0,0,0
p004691,huffpost.com,rtb.openx.net,response,2.6-202606,True,0,0,0
p004692,huffpost.com,rtb.openx.net,response,2.6-202606,True,0,0,0
p004693,huffpost.com,rtb.openx.net,response,2.6-202606,True,0,0,0
p004694,huffpost.com,rtb.openx.net,response,2.6-202606,True,0,0,0
p004695,huffpost.com,rtb.openx.net,response,2.6-202606,True,0,0,0
p004696,huffpost.com,rtb.openx.net,response,2.6-202606,True,0,0,0
p004697,huffpost.com,rtb.openx.net,response,2.6-202606,True,0,0,0
p004698,huffpost.com,rtb.openx.net,response,2.6-202606,True,0,0,0
p004699,huffpost.com,rtb.openx.net,response,2.6-202606,True,0,0,0
p004700,huffpost.com,rtb.openx.net,response,2.6-202606,True,0,0,0
p004701,huffpost.com,rtb.openx.net,response,2.6-202606,True,0,0,0
p004702,huffpost.com,rtb.openx.net,response,2.6-202606,True,0,0,0
p004703,huffpost.com,rtb.openx.net,response,2.6-202606,True,0,0,0
p004704,cbsnews.com,rtb.openx.net,response,2.6-202606,True,0,0,0
p004705,standard.co.uk,rtb.openx.net,response,2.6-202606,True,0,0,0
p004706,standard.co.uk,rtb.openx.net,response,2.6-202606,True,0,0,0
p004707,nbcnews.com,rtb.openx.net,response,2.6-202606,True,0,0,0
p004708,nbcnews.com,rtb.openx.net,response,2.6-202606,True,0,0,0
p004709,nbcnews.com,rtb.openx.net,response,2.6-202606,True,0,0,0
p004710,nbcnews.com,rtb.openx.net,response,2.6-202606,True,0,0,0
p004711,cbsnews.com,rtb.openx.net,response,2.6-202606,True,0,0,0
p004712,cbsnews.com,rtb.openx.net,response,2.6-202606,True,0,0,0
p004713,cbsnews.com,rtb.openx.net,response,2.6-202606,True,0,0,0
p004714,nbcnews.com,rtb.openx.net,response,2.6-202606,True,0,0,0
p004715,nbcnews.com,rtb.openx.net,response,2.6-202606,True,0,0,0
p004716,time.com,rtb.openx.net,response,2.6-202606,True,0,0,0
p004717,time.com,rtb.openx.net,response,2.6-202606,True,0,0,0
p004718,time.com,rtb.openx.net,response,2.6-202606,True,0,0,0
p004719,time.com,rtb.openx.net,response,2.6-202606,True,0,0,0
p004720,time.com,rtb.openx.net,response,2.6-202606,True,0,0,0
p004721,slate.com,rtb.openx.net,response,2.6-202606,True,0,0,0
p004722,time.com,rtb.openx.net,response,2.6-202606,True,0,0,0
p004723,time.com,rtb.openx.net,response,2.6-202606,True,0,0,0
p004724,slate.com,rtb.openx.net,response,2.6-202606,True,0,0,0
p004725,slate.com,rtb.openx.net,response,2.6-202606,True,0,0,0
p004726,time.com,rtb.openx.net,response,2.6-202606,True,0,0,0
p004727,time.com,rtb.openx.net,response,2.6-202606,True,0,0,0
p004728,slate.com,rtb.openx.net,response,2.6-202606,True,0,0,0
p004729,time.com,rtb.openx.net,response,2.6-202606,True,0,0,0
p004730,salon.com,rtb.openx.net,response,2.6-202606,True,0,0,0
p004731,salon.com,rtb.openx.net,response,2.6-202606,True,0,0,0
p004732,slate.com,rtb.openx.net,response,2.6-202606,True,0,0,0
p004733,slate.com,rtb.openx.net,response,2.6-202606,True,0,0,0
p004734,slate.com,rtb.openx.net,response,2.6-202606,True,0,0,0
p004735,slate.com,rtb.openx.net,response,2.6-202606,True,0,0,0
p004736,salon.com,rtb.openx.net,response,2.6-202606,True,0,0,0
p004737,salon.com,rtb.openx.net,response,2.6-202606,True,0,0,0
p004738,salon.com,rtb.openx.net,response,2.6-202606,True,0,0,0
p004739,salon.com,rtb.openx.net,response,2.6-202606,True,0,0,0
p004740,salon.com,rtb.openx.net,response,2.6-202606,True,0,0,0
p004741,salon.com,rtb.openx.net,response,2.6-202606,True,0,0,0
p004742,salon.com,rtb.openx.net,response,2.6-202606,True,0,0,0
p004743,salon.com,rtb.openx.net,response,2.6-202606,True,0,0,0
p004744,salon.com,rtb.openx.net,response,2.6-202606,True,0,0,0
p004745,salon.com,rtb.openx.net,response,2.6-202606,True,0,0,0
p004746,salon.com,rtb.openx.net,response,2.6-202606,True,0,0,0
p004747,salon.com,rtb.openx.net,response,2.6-202606,True,0,0,0
p004748,salon.com,rtb.openx.net,response,2.6-202606,True,0,0,0
p004749,salon.com,rtb.openx.net,response,2.6-202606,True,0,0,0
p004750,salon.com,rtb.openx.net,response,2.6-202606,True,0,0,0
p004751,salon.com,rtb.openx.net,response,2.6-202606,True,0,0,0
p004752,salon.com,rtb.openx.net,response,2.6-202606,True,0,0,0
p004753,salon.com,rtb.openx.net,response,2.6-202606,True,0,0,0
p004754,salon.com,rtb.openx.net,response,2.6-202606,True,0,0,0
p004755,salon.com,rtb.openx.net,response,2.6-202606,True,0,0,0
p004756,salon.com,rtb.openx.net,response,2.6-202606,True,0,0,0
p004757,engadget.com,rtb.openx.net,response,2.6-202606,True,0,0,0
p004758,engadget.com,rtb.openx.net,response,2.6-202606,True,0,0,0
p004759,engadget.com,rtb.openx.net,response,2.6-202606,True,0,0,0
p004760,engadget.com,rtb.openx.net,response,2.6-202606,True,0,0,0
p004761,engadget.com,rtb.openx.net,response,2.6-202606,True,0,0,0
p004762,engadget.com,rtb.openx.net,response,2.6-202606,True,0,0,0
p004763,cnet.com,rtb.openx.net,response,2.6-202606,True,0,0,0
p004764,engadget.com,rtb.openx.net,response,2.6-202606,True,0,0,0
p004765,engadget.com,rtb.openx.net,response,2.6-202606,True,0,0,0
p004766,zdnet.com,rtb.openx.net,response,2.6-202606,True,0,0,0
p004767,cnet.com,rtb.openx.net,response,2.6-202606,True,0,0,0
p004768,cnet.com,rtb.openx.net,response,2.6-202606,True,0,0,0
p004769,tomshardware.com,rtb.openx.net,response,2.6-202606,True,0,0,0
p004770,zdnet.com,rtb.openx.net,response,2.6-202606,True,0,0,0
p004771,zdnet.com,rtb.openx.net,response,2.6-202606,True,0,0,0
p004772,zdnet.com,rtb.openx.net,response,2.6-202606,True,0,0,0
p004773,tomsguide.com,rtb.openx.net,response,2.6-202606,True,0,0,0
p004774,tomshardware.com,rtb.openx.net,response,2.6-202606,True,0,0,0
p004775,androidauthority.com,rtb.openx.net,response,2.6-202606,True,0,0,0
p004776,androidauthority.com,rtb.openx.net,response,2.6-202606,True,0,0,0
p004777,androidauthority.com,rtb.openx.net,response,2.6-202606,True,0,0,0
p004778,9to5mac.com,rtb.openx.net,response,2.6-202606,True,0,0,0
p004779,9to5mac.com,rtb.openx.net,response,2.6-202606,True,0,0,0
p004780,androidauthority.com,rtb.openx.net,response,2.6-202606,True,0,0,0
p004781,androidauthority.com,rtb.openx.net,response,2.6-202606,True,0,0,0
p004782,androidauthority.com,rtb.openx.net,response,2.6-202606,True,0,0,0
p004783,androidauthority.com,rtb.openx.net,response,2.6-202606,True,0,0,0
p004784,androidauthority.com,rtb.openx.net,response,2.6-202606,True,0,0,0
p004785,androidauthority.com,rtb.openx.net,response,2.6-202606,True,0,0,0
p004786,androidauthority.com,rtb.openx.net,response,2.6-202606,True,0,0,0
p004787,androidauthority.com,rtb.openx.net,response,2.6-202606,True,0,0,0
p004788,androidauthority.com,rtb.openx.net,response,2.6-202606,True,0,0,0
p004789,macrumors.com,rtb.openx.net,response,2.6-202606,True,0,0,0
p004790,macrumors.com,rtb.openx.net,response,2.6-202606,True,0,0,0
p004791,macrumors.com,rtb.openx.net,response,2.6-202606,True,0,0,0
p004792,macrumors.com,rtb.openx.net,response,2.6-202606,True,0,0,0
p004793,macrumors.com,rtb.openx.net,response,2.6-202606,True,0,0,0
p004794,macrumors.com,rtb.openx.net,response,2.6-202606,True,0,0,0
p004795,macrumors.com,rtb.openx.net,response,2.6-202606,True,0,0,0
p004796,macrumors.com,rtb.openx.net,response,2.6-202606,True,0,0,0
p004797,macrumors.com,rtb.openx.net,response,2.6-202606,True,0,0,0
p004798,macrumors.com,rtb.openx.net,response,2.6-202606,True,0,0,0
p004799,macrumors.com,rtb.openx.net,response,2.6-202606,True,0,0,0
p004800,macrumors.com,rtb.openx.net,response,2.6-202606,True,0,0,0
p004801,androidauthority.com,rtb.openx.net,response,2.6-202606,True,0,0,0
p004802,macrumors.com,rtb.openx.net,response,2.6-202606,True,0,0,0
p004803,9to5mac.com,rtb.openx.net,response,2.6-202606,True,0,0,0
p004804,9to5mac.com,rtb.openx.net,response,2.6-202606,True,0,0,0
p004805,macrumors.com,rtb.openx.net,response,2.6-202606,True,0,0,0
p004806,macrumors.com,rtb.openx.net,response,2.6-202606,True,0,0,0
p004807,macrumors.com,rtb.openx.net,response,2.6-202606,True,0,0,0
p004808,macrumors.com,rtb.openx.net,response,2.6-202606,True,0,0,0
p004809,macrumors.com,rtb.openx.net,response,2.6-202606,True,0,0,0
p004810,macrumors.com,rtb.openx.net,response,2.6-202606,True,0,0,0
p004811,macrumors.com,rtb.openx.net,response,2.6-202606,True,0,0,0
p004812,macrumors.com,rtb.openx.net,response,2.6-202606,True,0,0,0
p004813,macrumors.com,rtb.openx.net,response,2.6-202606,True,0,0,0
p004814,macrumors.com,rtb.openx.net,response,2.6-202606,True,0,0,0
p004815,macrumors.com,rtb.openx.net,response,2.6-202606,True,0,0,0
p004816,macrumors.com,rtb.openx.net,response,2.6-202606,True,0,0,0
p004817,makeuseof.com,rtb.openx.net,response,2.6-202606,True,0,0,0
p004818,makeuseof.com,rtb.openx.net,response,2.6-202606,True,0,0,0
p004819,cbr.com,rtb.openx.net,response,2.6-202606,True,0,0,0
p004820,cbr.com,rtb.openx.net,response,2.6-202606,True,0,0,0
p004821,ign.com,rtb.openx.net,response,2.6-202606,True,0,0,0
p004822,gamespot.com,rtb.openx.net,response,2.6-202606,True,0,0,0
p004823,gamespot.com,rtb.openx.net,response,2.6-202606,True,0,0,0
p004824,gamespot.com,rtb.openx.net,response,2.6-202606,True,0,0,0
p004825,gamespot.com,rtb.openx.net,response,2.6-202606,True,0,0,0
p004826,gamespot.com,rtb.openx.net,response,2.6-202606,True,0,0,0
p004827,pcgamer.com,rtb.openx.net,response,2.6-202606,True,0,0,0
p004828,pcgamer.com,rtb.openx.net,response,2.6-202606,True,0,0,0
p004829,pcgamer.com,rtb.openx.net,response,2.6-202606,True,0,0,0
p004830,rockpapershotgun.com,rtb.openx.net,response,2.6-202606,True,0,0,0
p004831,rockpapershotgun.com,rtb.openx.net,response,2.6-202606,True,0,0,0
p004832,rockpapershotgun.com,rtb.openx.net,response,2.6-202606,True,0,0,0
p004833,rockpapershotgun.com,rtb.openx.net,response,2.6-202606,True,0,0,0
p004834,eurogamer.net,rtb.openx.net,response,2.6-202606,True,0,0,0
p004835,eurogamer.net,rtb.openx.net,response,2.6-202606,True,0,0,0
p004836,eurogamer.net,rtb.openx.net,response,2.6-202606,True,0,0,0
p004837,eurogamer.net,rtb.openx.net,response,2.6-202606,True,0,0,0
p004838,eurogamer.net,rtb.openx.net,response,2.6-202606,True,0,0,0
p004839,eurogamer.net,rtb.openx.net,response,2.6-202606,True,0,0,0
p004840,rockpapershotgun.com,rtb.openx.net,response,2.6-202606,True,0,0,0
p004841,rockpapershotgun.com,rtb.openx.net,response,2.6-202606,True,0,0,0
p004842,rockpapershotgun.com,rtb.openx.net,response,2.6-202606,True,0,0,0
p004843,rockpapershotgun.com,rtb.openx.net,response,2.6-202606,True,0,0,0
p004844,rockpapershotgun.com,rtb.openx.net,response,2.6-202606,True,0,0,0
p004845,rockpapershotgun.com,rtb.openx.net,response,2.6-202606,True,0,0,0
p004846,rockpapershotgun.com,rtb.openx.net,response,2.6-202606,True,0,0,0
p004847,vg247.com,rtb.openx.net,response,2.6-202606,True,0,0,0
p004848,vg247.com,rtb.openx.net,response,2.6-202606,True,0,0,0
p004849,eurogamer.net,rtb.openx.net,response,2.6-202606,True,0,0,0
p004850,eurogamer.net,rtb.openx.net,response,2.6-202606,True,0,0,0
p004851,eurogamer.net,rtb.openx.net,response,2.6-202606,True,0,0,0
p004852,eurogamer.net,rtb.openx.net,response,2.6-202606,True,0,0,0
p004853,eurogamer.net,rtb.openx.net,response,2.6-202606,True,0,0,0
p004854,vg247.com,rtb.openx.net,response,2.6-202606,True,0,0,0
p004855,rockpapershotgun.com,rtb.openx.net,response,2.6-202606,True,0,0,0
p004856,rockpapershotgun.com,rtb.openx.net,response,2.6-202606,True,0,0,0
p004857,eurogamer.net,rtb.openx.net,response,2.6-202606,True,0,0,0
p004858,vg247.com,rtb.openx.net,response,2.6-202606,True,0,0,0
p004859,eurogamer.net,rtb.openx.net,response,2.6-202606,True,0,0,0
p004860,eurogamer.net,rtb.openx.net,response,2.6-202606,True,0,0,0
p004861,eurogamer.net,rtb.openx.net,response,2.6-202606,True,0,0,0
p004862,eurogamer.net,rtb.openx.net,response,2.6-202606,True,0,0,0
p004863,vg247.com,rtb.openx.net,response,2.6-202606,True,0,0,0
p004864,vg247.com,rtb.openx.net,response,2.6-202606,True,0,0,0
p004865,vg247.com,rtb.openx.net,response,2.6-202606,True,0,0,0
p004866,vg247.com,rtb.openx.net,response,2.6-202606,True,0,0,0
p004867,vg247.com,rtb.openx.net,response,2.6-202606,True,0,0,0
p004868,vg247.com,rtb.openx.net,response,2.6-202606,True,0,0,0
p004869,cbssports.com,rtb.openx.net,response,2.6-202606,True,0,0,0
p004870,si.com,rtb.openx.net,response,2.6-202606,True,0,0,0
p004871,si.com,rtb.openx.net,response,2.6-202606,True,0,0,0
p004872,si.com,rtb.openx.net,response,2.6-202606,True,0,0,0
p004873,cbssports.com,rtb.openx.net,response,2.6-202606,True,0,0,0
p004874,cbssports.com,rtb.openx.net,response,2.6-202606,True,0,0,0
p004875,si.com,rtb.openx.net,response,2.6-202606,True,0,0,0
p004876,cbssports.com,rtb.openx.net,response,2.6-202606,True,0,0,0
p004877,cbssports.com,rtb.openx.net,response,2.6-202606,True,0,0,0
p004878,goal.com,rtb.openx.net,response,2.6-202606,True,0,0,0
p004879,goal.com,rtb.openx.net,response,2.6-202606,True,0,0,0
p004880,weather.com,rtb.openx.net,response,2.6-202606,True,0,0,0
p004881,weather.com,rtb.openx.net,response,2.6-202606,True,0,0,0
p004882,goal.com,rtb.openx.net,response,2.6-202606,True,0,0,0
p004883,weather.com,rtb.openx.net,response,2.6-202606,True,0,0,0
p004884,weather.com,rtb.openx.net,response,2.6-202606,True,0,0,0
p004885,weather.com,rtb.openx.net,response,2.6-202606,True,0,0,0
p004886,weather.com,rtb.openx.net,response,2.6-202606,True,0,0,0
p004887,wunderground.com,rtb.openx.net,response,2.6-202606,True,0,0,0
p004888,wunderground.com,rtb.openx.net,response,2.6-202606,True,0,0,0
p004889,wunderground.com,rtb.openx.net,response,2.6-202606,True,0,0,0
p004890,wunderground.com,rtb.openx.net,response,2.6-202606,True,0,0,0
p004891,wunderground.com,rtb.openx.net,response,2.6-202606,True,0,0,0
p004892,wunderground.com,rtb.openx.net,response,2.6-202606,True,0,0,0
p004893,wunderground.com,rtb.openx.net,response,2.6-202606,True,0,0,0
p004894,wunderground.com,rtb.openx.net,response,2.6-202606,True,0,0,0
p004895,wunderground.com,rtb.openx.net,response,2.6-202606,True,0,0,0
p004896,wunderground.com,rtb.openx.net,response,2.6-202606,True,0,0,0
p004897,benzinga.com,rtb.openx.net,response,2.6-202606,True,0,0,0
p004898,benzinga.com,rtb.openx.net,response,2.6-202606,True,0,0,0
p004899,kiplinger.com,rtb.openx.net,response,2.6-202606,True,0,0,0
p004900,allrecipes.com,rtb.openx.net,response,2.6-202606,True,0,0,0
p004901,allrecipes.com,rtb.openx.net,response,2.6-202606,True,0,0,0
p004902,allrecipes.com,rtb.openx.net,response,2.6-202606,True,0,0,0
p004903,allrecipes.com,rtb.openx.net,response,2.6-202606,True,0,0,0
p004904,kiplinger.com,rtb.openx.net,response,2.6-202606,True,0,0,0
p004905,tasteofhome.com,rtb.openx.net,response,2.6-202606,True,0,0,0
p004906,tasteofhome.com,rtb.openx.net,response,2.6-202606,True,0,0,0
p004907,tasteofhome.com,rtb.openx.net,response,2.6-202606,True,0,0,0
p004908,simplyrecipes.com,rtb.openx.net,response,2.6-202606,True,0,0,0
p004909,simplyrecipes.com,rtb.openx.net,response,2.6-202606,True,0,0,0
p004910,tasteofhome.com,rtb.openx.net,response,2.6-202606,True,0,0,0
p004911,tasteofhome.com,rtb.openx.net,response,2.6-202606,True,0,0,0
p004912,tasteofhome.com,rtb.openx.net,response,2.6-202606,True,0,0,0
p004913,thespruceeats.com,rtb.openx.net,response,2.6-202606,True,0,0,0
p004914,thespruceeats.com,rtb.openx.net,response,2.6-202606,True,0,0,0
p004915,healthline.com,rtb.openx.net,response,2.6-202606,True,0,0,0
p004916,verywellhealth.com,rtb.openx.net,response,2.6-202606,True,0,0,0
p004917,verywellhealth.com,rtb.openx.net,response,2.6-202606,True,0,0,0
p004918,verywellhealth.com,rtb.openx.net,response,2.6-202606,True,0,0,0
p004919,verywellhealth.com,rtb.openx.net,response,2.6-202606,True,0,0,0
p004920,people.com,rtb.openx.net,response,2.6-202606,True,0,0,0
p004921,people.com,rtb.openx.net,response,2.6-202606,True,0,0,0
p004922,people.com,rtb.openx.net,response,2.6-202606,True,0,0,0
p004923,people.com,rtb.openx.net,response,2.6-202606,True,0,0,0
p004924,people.com,rtb.openx.net,response,2.6-202606,True,0,0,0
p004925,eonline.com,rtb.openx.net,response,2.6-202606,True,0,0,0
p004926,eonline.com,rtb.openx.net,response,2.6-202606,True,0,0,0
p004927,eonline.com,rtb.openx.net,response,2.6-202606,True,0,0,0
p004928,eonline.com,rtb.openx.net,response,2.6-202606,True,0,0,0
p004929,eonline.com,rtb.openx.net,response,2.6-202606,True,0,0,0
p004930,eonline.com,rtb.openx.net,response,2.6-202606,True,0,0,0
p004931,tmz.com,rtb.openx.net,response,2.6-202606,True,0,0,0
p004932,tmz.com,rtb.openx.net,response,2.6-202606,True,0,0,0
p004933,eonline.com,rtb.openx.net,response,2.6-202606,True,0,0,0
p004934,stereogum.com,rtb.openx.net,response,2.6-202606,True,0,0,0
p004935,stereogum.com,rtb.openx.net,response,2.6-202606,True,0,0,0
p004936,stereogum.com,rtb.openx.net,response,2.6-202606,True,0,0,0
p004937,stereogum.com,rtb.openx.net,response,2.6-202606,True,0,0,0
p004938,stereogum.com,rtb.openx.net,response,2.6-202606,True,0,0,0
p004939,boredpanda.com,rtb.openx.net,response,2.6-202606,True,0,0,0
p004940,boredpanda.com,rtb.openx.net,response,2.6-202606,True,0,0,0
p004941,boredpanda.com,rtb.openx.net,response,2.6-202606,True,0,0,0
p004942,boredpanda.com,rtb.openx.net,response,2.6-202606,True,0,0,0
p004943,boredpanda.com,rtb.openx.net,response,2.6-202606,True,0,0,0
p004944,distractify.com,rtb.openx.net,response,2.6-202606,True,0,0,0
p004945,buzzfeed.com,rtb.openx.net,response,2.6-202606,True,0,0,0
p004946,buzzfeed.com,rtb.openx.net,response,2.6-202606,True,0,0,0
p004947,buzzfeed.com,rtb.openx.net,response,2.6-202606,True,0,0,0
p004948,unilad.com,rtb.openx.net,response,2.6-202606,True,0,0,0
p004949,unilad.com,rtb.openx.net,response,2.6-202606,True,0,0,0
p004950,buzzfeed.com,rtb.openx.net,response,2.6-202606,True,0,0,0
p004951,buzzfeed.com,rtb.openx.net,response,2.6-202606,True,0,0,0
p004952,buzzfeed.com,rtb.openx.net,response,2.6-202606,True,0,0,0
p004953,distractify.com,rtb.openx.net,response,2.6-202606,True,0,0,0
p004954,buzzfeed.com,rtb.openx.net,response,2.6-202606,True,0,0,0
p004955,buzzfeed.com,rtb.openx.net,response,2.6-202606,True,0,0,0
p004956,distractify.com,rtb.openx.net,response,2.6-202606,True,0,0,0
p004957,distractify.com,rtb.openx.net,response,2.6-202606,True,0,0,0
p004958,ranker.com,rtb.openx.net,response,2.6-202606,True,0,0,0
p004959,distractify.com,rtb.openx.net,response,2.6-202606,True,0,0,0
p004960,buzzfeed.com,rtb.openx.net,response,2.6-202606,True,0,0,0
p004961,buzzfeed.com,rtb.openx.net,response,2.6-202606,True,0,0,0
p004962,buzzfeed.com,rtb.openx.net,response,2.6-202606,True,0,0,0
p004963,buzzfeed.com,rtb.openx.net,response,2.6-202606,True,0,0,0
p004964,buzzfeed.com,rtb.openx.net,response,2.6-202606,True,0,0,0
p004965,buzzfeed.com,rtb.openx.net,response,2.6-202606,True,0,0,0
p004966,buzzfeed.com,rtb.openx.net,response,2.6-202606,True,0,0,0
p004967,buzzfeed.com,rtb.openx.net,response,2.6-202606,True,0,0,0
p004968,buzzfeed.com,rtb.openx.net,response,2.6-202606,True,0,0,0
p004969,buzzfeed.com,rtb.openx.net,response,2.6-202606,True,0,0,0
p004970,buzzfeed.com,rtb.openx.net,response,2.6-202606,True,0,0,0
p004971,buzzfeed.com,rtb.openx.net,response,2.6-202606,True,0,0,0
p004972,grunge.com,rtb.openx.net,response,2.6-202606,True,0,0,0
p004973,ranker.com,rtb.openx.net,response,2.6-202606,True,0,0,0
p004974,ranker.com,rtb.openx.net,response,2.6-202606,True,0,0,0
p004975,ranker.com,rtb.openx.net,response,2.6-202606,True,0,0,0
p004976,ranker.com,rtb.openx.net,response,2.6-202606,True,0,0,0
p004977,ranker.com,rtb.openx.net,response,2.6-202606,True,0,0,0
p004978,ranker.com,rtb.openx.net,response,2.6-202606,True,0,0,0
p004979,ranker.com,rtb.openx.net,response,2.6-202606,True,0,0,0
p004980,ranker.com,rtb.openx.net,response,2.6-202606,True,0,0,0
p004981,ranker.com,rtb.openx.net,response,2.6-202606,True,0,0,0
p004982,ranker.com,rtb.openx.net,response,2.6-202606,True,0,0,0
p004983,grunge.com,rtb.openx.net,response,2.6-202606,True,0,0,0
p004984,grunge.com,rtb.openx.net,response,2.6-202606,True,0,0,0
p004985,grunge.com,rtb.openx.net,response,2.6-202606,True,0,0,0
p004986,grunge.com,rtb.openx.net,response,2.6-202606,True,0,0,0
p004987,grunge.com,rtb.openx.net,response,2.6-202606,True,0,0,0
p004988,grunge.com,rtb.openx.net,response,2.6-202606,True,0,0,0
p004989,grunge.com,rtb.openx.net,response,2.6-202606,True,0,0,0
p004990,grunge.com,rtb.openx.net,response,2.6-202606,True,0,0,0
p004991,grunge.com,rtb.openx.net,response,2.6-202606,True,0,0,0
p004992,grunge.com,rtb.openx.net,response,2.6-202606,True,0,0,0
p004993,grunge.com,rtb.openx.net,response,2.6-202606,True,0,0,0
p004994,slashfilm.com,rtb.openx.net,response,2.6-202606,True,0,0,0
p004995,grunge.com,rtb.openx.net,response,2.6-202606,True,0,0,0
p004996,looper.com,rtb.openx.net,response,2.6-202606,True,0,0,0
p004997,slashfilm.com,rtb.openx.net,response,2.6-202606,True,0,0,0
p004998,slashfilm.com,rtb.openx.net,response,2.6-202606,True,0,0,0
p004999,mashed.com,rtb.openx.net,response,2.6-202606,True,0,0,0
p005000,mashed.com,rtb.openx.net,response,2.6-202606,True,0,0,0
p005001,sfgate.com,rtb.openx.net,response,2.6-202606,True,0,0,0
p005002,sfgate.com,rtb.openx.net,response,2.6-202606,True,0,0,0
p005003,tastingtable.com,rtb.openx.net,response,2.6-202606,True,0,0,0
p005004,eurogamer.net,server.cpmstar.com,request,2.6-202606,False,3,2,1
p005005,rockpapershotgun.com,server.cpmstar.com,request,2.6-202606,False,3,2,1
p005006,eurogamer.net,server.cpmstar.com,request,2.6-202606,False,3,2,1
p005007,rockpapershotgun.com,server.cpmstar.com,request,2.6-202606,False,3,2,1
p005008,eurogamer.net,server.cpmstar.com,request,2.6-202606,False,3,2,1
p005009,eurogamer.net,server.cpmstar.com,request,2.6-202606,False,3,2,1
p005010,vg247.com,server.cpmstar.com,request,2.6-202606,False,3,2,1
p005011,sportingnews.com,server.cpmstar.com,request,2.6-202606,False,2,2,0
p005012,sportingnews.com,server.cpmstar.com,request,2.6-202606,False,2,2,0
p005013,boredpanda.com,server.cpmstar.com,request,2.6-202606,False,3,3,0
p005014,boredpanda.com,server.cpmstar.com,request,2.6-202606,False,3,3,0
p005015,variety.com,srv.scalibur.io,request,2.6-202606,True,0,0,0
p005016,variety.com,srv.scalibur.io,request,2.6-202606,True,0,0,0
p005017,deadline.com,srv.scalibur.io,request,2.6-202606,True,0,0,0
p005018,variety.com,srv.scalibur.io,request,2.6-202606,True,0,0,0
p005019,hollywoodreporter.com,srv.scalibur.io,request,2.6-202606,True,1,0,1
p005020,hollywoodreporter.com,srv.scalibur.io,request,2.6-202606,False,2,1,1
p005021,rollingstone.com,srv.scalibur.io,request,2.6-202606,True,0,0,0
p005022,hollywoodreporter.com,srv.scalibur.io,request,2.6-202606,True,1,0,1
p005023,hollywoodreporter.com,srv.scalibur.io,request,2.6-202606,False,2,1,1
p005024,hollywoodreporter.com,srv.scalibur.io,request,2.6-202606,False,1,1,0
p005025,hollywoodreporter.com,srv.scalibur.io,request,2.6-202606,True,0,0,0
p005026,billboard.com,srv.scalibur.io,request,2.6-202606,True,0,0,0
p005027,billboard.com,srv.scalibur.io,request,2.6-202606,True,0,0,0
p005028,rollingstone.com,srv.scalibur.io,request,2.6-202606,True,0,0,0
p005029,billboard.com,srv.scalibur.io,request,2.6-202606,True,0,0,0
p005030,rollingstone.com,srv.scalibur.io,request,2.6-202606,True,0,0,0
p005031,billboard.com,srv.scalibur.io,request,2.6-202606,True,0,0,0
p005032,billboard.com,srv.scalibur.io,request,2.6-202606,True,0,0,0
p005033,billboard.com,srv.scalibur.io,request,2.6-202606,True,0,0,0
p005034,variety.com,srv.scalibur.io,response,2.6-202606,False,1,1,0
p005035,variety.com,srv.scalibur.io,response,2.6-202606,False,10,9,1
p005036,deadline.com,srv.scalibur.io,response,2.6-202606,False,1,1,0
p005037,variety.com,srv.scalibur.io,response,2.6-202606,False,10,9,1
p005038,hollywoodreporter.com,srv.scalibur.io,response,2.6-202606,False,1,1,0
p005039,hollywoodreporter.com,srv.scalibur.io,response,2.6-202606,False,1,1,0
p005040,rollingstone.com,srv.scalibur.io,response,2.6-202606,False,1,1,0
p005041,hollywoodreporter.com,srv.scalibur.io,response,2.6-202606,False,10,9,1
p005042,hollywoodreporter.com,srv.scalibur.io,response,2.6-202606,False,1,1,0
p005043,hollywoodreporter.com,srv.scalibur.io,response,2.6-202606,False,1,1,0
p005044,hollywoodreporter.com,srv.scalibur.io,response,2.6-202606,False,20,18,2
p005045,billboard.com,srv.scalibur.io,response,2.6-202606,False,1,1,0
p005046,billboard.com,srv.scalibur.io,response,2.6-202606,False,1,1,0
p005047,rollingstone.com,srv.scalibur.io,response,2.6-202606,False,10,9,1
p005048,billboard.com,srv.scalibur.io,response,2.6-202606,False,1,1,0
p005049,rollingstone.com,srv.scalibur.io,response,2.6-202606,False,10,9,1
p005050,billboard.com,srv.scalibur.io,response,2.6-202606,False,1,1,0
p005051,billboard.com,srv.scalibur.io,response,2.6-202606,False,1,1,0
p005052,billboard.com,srv.scalibur.io,response,2.6-202606,False,1,1,0
p005053,standard.co.uk,ssb-global.smartadserver.com,request,2.6-202606,False,1,1,0
p005054,standard.co.uk,ssb-global.smartadserver.com,request,2.6-202606,False,1,1,0
p005055,standard.co.uk,ssb-global.smartadserver.com,request,2.6-202606,False,1,1,0
p005056,salon.com,ssb-global.smartadserver.com,request,2.6-202606,False,1,1,0
p005057,salon.com,ssb-global.smartadserver.com,request,2.6-202606,False,1,1,0
p005058,vox.com,ssb-global.smartadserver.com,request,2.6-202606,False,1,1,0
p005059,vox.com,ssb-global.smartadserver.com,request,2.6-202606,False,1,1,0
p005060,theverge.com,ssb-global.smartadserver.com,request,2.6-202606,False,1,1,0
p005061,theverge.com,ssb-global.smartadserver.com,request,2.6-202606,False,1,1,0
p005062,theverge.com,ssb-global.smartadserver.com,request,2.6-202606,False,1,1,0
p005063,theverge.com,ssb-global.smartadserver.com,request,2.6-202606,False,1,1,0
p005064,vox.com,ssb-global.smartadserver.com,request,2.6-202606,False,1,1,0
p005065,salon.com,ssb-global.smartadserver.com,request,2.6-202606,False,1,1,0
p005066,salon.com,ssb-global.smartadserver.com,request,2.6-202606,False,1,1,0
p005067,salon.com,ssb-global.smartadserver.com,request,2.6-202606,False,1,1,0
p005068,salon.com,ssb-global.smartadserver.com,request,2.6-202606,False,3,2,1
p005069,salon.com,ssb-global.smartadserver.com,request,2.6-202606,False,1,1,0
p005070,salon.com,ssb-global.smartadserver.com,request,2.6-202606,False,1,1,0
p005071,salon.com,ssb-global.smartadserver.com,request,2.6-202606,False,3,2,1
p005072,salon.com,ssb-global.smartadserver.com,request,2.6-202606,False,1,1,0
p005073,salon.com,ssb-global.smartadserver.com,request,2.6-202606,False,1,1,0
p005074,salon.com,ssb-global.smartadserver.com,request,2.6-202606,False,1,1,0
p005075,salon.com,ssb-global.smartadserver.com,request,2.6-202606,False,1,1,0
p005076,salon.com,ssb-global.smartadserver.com,request,2.6-202606,False,1,1,0
p005077,salon.com,ssb-global.smartadserver.com,request,2.6-202606,False,3,2,1
p005078,vox.com,ssb-global.smartadserver.com,request,2.6-202606,False,1,1,0
p005079,theverge.com,ssb-global.smartadserver.com,request,2.6-202606,False,1,1,0
p005080,vox.com,ssb-global.smartadserver.com,request,2.6-202606,False,1,1,0
p005081,vox.com,ssb-global.smartadserver.com,request,2.6-202606,False,1,1,0
p005082,vox.com,ssb-global.smartadserver.com,request,2.6-202606,False,1,1,0
p005083,engadget.com,ssb-global.smartadserver.com,request,2.6-202606,False,1,1,0
p005084,engadget.com,ssb-global.smartadserver.com,request,2.6-202606,False,3,2,1
p005085,vox.com,ssb-global.smartadserver.com,request,2.6-202606,False,1,1,0
p005086,vox.com,ssb-global.smartadserver.com,request,2.6-202606,False,1,1,0
p005087,theverge.com,ssb-global.smartadserver.com,request,2.6-202606,False,1,1,0
p005088,theverge.com,ssb-global.smartadserver.com,request,2.6-202606,False,1,1,0
p005089,theverge.com,ssb-global.smartadserver.com,request,2.6-202606,False,1,1,0
p005090,theverge.com,ssb-global.smartadserver.com,request,2.6-202606,False,1,1,0
p005091,theverge.com,ssb-global.smartadserver.com,request,2.6-202606,False,1,1,0
p005092,engadget.com,ssb-global.smartadserver.com,request,2.6-202606,False,3,2,1
p005093,engadget.com,ssb-global.smartadserver.com,request,2.6-202606,False,1,1,0
p005094,engadget.com,ssb-global.smartadserver.com,request,2.6-202606,False,3,2,1
p005095,engadget.com,ssb-global.smartadserver.com,request,2.6-202606,False,3,2,1
p005096,macrumors.com,ssb-global.smartadserver.com,request,2.6-202606,False,1,1,0
p005097,macrumors.com,ssb-global.smartadserver.com,request,2.6-202606,False,1,1,0
p005098,macrumors.com,ssb-global.smartadserver.com,request,2.6-202606,False,1,1,0
p005099,macrumors.com,ssb-global.smartadserver.com,request,2.6-202606,False,3,2,1
p005100,macrumors.com,ssb-global.smartadserver.com,request,2.6-202606,False,1,1,0
p005101,macrumors.com,ssb-global.smartadserver.com,request,2.6-202606,False,1,1,0
p005102,macrumors.com,ssb-global.smartadserver.com,request,2.6-202606,False,1,1,0
p005103,macrumors.com,ssb-global.smartadserver.com,request,2.6-202606,False,1,1,0
p005104,macrumors.com,ssb-global.smartadserver.com,request,2.6-202606,False,1,1,0
p005105,macrumors.com,ssb-global.smartadserver.com,request,2.6-202606,False,1,1,0
p005106,macrumors.com,ssb-global.smartadserver.com,request,2.6-202606,False,1,1,0
p005107,macrumors.com,ssb-global.smartadserver.com,request,2.6-202606,False,1,1,0
p005108,macrumors.com,ssb-global.smartadserver.com,request,2.6-202606,False,1,1,0
p005109,macrumors.com,ssb-global.smartadserver.com,request,2.6-202606,False,1,1,0
p005110,macrumors.com,ssb-global.smartadserver.com,request,2.6-202606,False,1,1,0
p005111,macrumors.com,ssb-global.smartadserver.com,request,2.6-202606,False,1,1,0
p005112,macrumors.com,ssb-global.smartadserver.com,request,2.6-202606,False,3,2,1
p005113,macrumors.com,ssb-global.smartadserver.com,request,2.6-202606,False,1,1,0
p005114,macrumors.com,ssb-global.smartadserver.com,request,2.6-202606,False,1,1,0
p005115,macrumors.com,ssb-global.smartadserver.com,request,2.6-202606,False,1,1,0
p005116,macrumors.com,ssb-global.smartadserver.com,request,2.6-202606,False,1,1,0
p005117,macrumors.com,ssb-global.smartadserver.com,request,2.6-202606,False,1,1,0
p005118,macrumors.com,ssb-global.smartadserver.com,request,2.6-202606,False,1,1,0
p005119,macrumors.com,ssb-global.smartadserver.com,request,2.6-202606,False,1,1,0
p005120,macrumors.com,ssb-global.smartadserver.com,request,2.6-202606,False,1,1,0
p005121,sportingnews.com,ssb-global.smartadserver.com,request,2.6-202606,False,1,1,0
p005122,benzinga.com,ssb-global.smartadserver.com,request,2.6-202606,False,1,1,0
p005123,benzinga.com,ssb-global.smartadserver.com,request,2.6-202606,False,1,1,0
p005124,stereogum.com,ssb-global.smartadserver.com,request,2.6-202606,False,1,1,0
p005125,stereogum.com,ssb-global.smartadserver.com,request,2.6-202606,False,1,1,0
p005126,stereogum.com,ssb-global.smartadserver.com,request,2.6-202606,False,3,2,1
p005127,thrillist.com,ssb-global.smartadserver.com,request,2.6-202606,False,1,1,0
p005128,thrillist.com,ssb-global.smartadserver.com,request,2.6-202606,False,1,1,0
p005129,thrillist.com,ssb-global.smartadserver.com,request,2.6-202606,False,1,1,0
p005130,thrillist.com,ssb-global.smartadserver.com,request,2.6-202606,False,1,1,0
p005131,thrillist.com,ssb-global.smartadserver.com,request,2.6-202606,False,1,1,0
p005132,thrillist.com,ssb-global.smartadserver.com,request,2.6-202606,False,1,1,0
p005133,thrillist.com,ssb-global.smartadserver.com,request,2.6-202606,False,1,1,0
p005134,thrillist.com,ssb-global.smartadserver.com,request,2.6-202606,False,1,1,0
p005135,boredpanda.com,ssb-global.smartadserver.com,request,2.6-202606,False,1,1,0
p005136,boredpanda.com,ssb-global.smartadserver.com,request,2.6-202606,False,1,1,0
p005137,boredpanda.com,ssb-global.smartadserver.com,request,2.6-202606,False,1,1,0
p005138,boredpanda.com,ssb-global.smartadserver.com,request,2.6-202606,False,1,1,0
p005139,boredpanda.com,ssb-global.smartadserver.com,request,2.6-202606,False,1,1,0
p005140,ladbible.com,ssb-global.smartadserver.com,request,2.6-202606,False,2,1,1
p005141,ladbible.com,ssb-global.smartadserver.com,request,2.6-202606,False,1,1,0
p005142,ladbible.com,ssb-global.smartadserver.com,request,2.6-202606,False,1,1,0
p005143,ladbible.com,ssb-global.smartadserver.com,request,2.6-202606,False,1,1,0
p005144,ladbible.com,ssb-global.smartadserver.com,request,2.6-202606,False,1,1,0
p005145,ladbible.com,ssb-global.smartadserver.com,request,2.6-202606,False,2,1,1
p005146,ladbible.com,ssb-global.smartadserver.com,request,2.6-202606,False,1,1,0
p005147,ladbible.com,ssb-global.smartadserver.com,request,2.6-202606,False,1,1,0
p005148,ladbible.com,ssb-global.smartadserver.com,request,2.6-202606,False,1,1,0
p005149,ladbible.com,ssb-global.smartadserver.com,request,2.6-202606,False,1,1,0
p005150,ladbible.com,ssb-global.smartadserver.com,request,2.6-202606,False,1,1,0
p005151,ladbible.com,ssb-global.smartadserver.com,request,2.6-202606,False,1,1,0
p005152,distractify.com,ssb-global.smartadserver.com,request,2.6-202606,False,4,3,1
p005153,unilad.com,ssb-global.smartadserver.com,request,2.6-202606,False,2,1,1
p005154,unilad.com,ssb-global.smartadserver.com,request,2.6-202606,False,2,1,1
p005155,distractify.com,ssb-global.smartadserver.com,request,2.6-202606,False,4,3,1
p005156,distractify.com,ssb-global.smartadserver.com,request,2.6-202606,False,2,2,0
p005157,distractify.com,ssb-global.smartadserver.com,request,2.6-202606,False,2,2,0
p005158,distractify.com,ssb-global.smartadserver.com,request,2.6-202606,False,4,3,1
p005159,unilad.com,ssb-global.smartadserver.com,request,2.6-202606,False,1,1,0
p005160,unilad.com,ssb-global.smartadserver.com,request,2.6-202606,False,1,1,0
p005161,unilad.com,ssb-global.smartadserver.com,request,2.6-202606,False,1,1,0
p005162,unilad.com,ssb-global.smartadserver.com,request,2.6-202606,False,1,1,0
p005163,unilad.com,ssb-global.smartadserver.com,request,2.6-202606,False,2,1,1
p005164,ranker.com,ssb-global.smartadserver.com,request,2.6-202606,False,1,1,0
p005165,distractify.com,ssb-global.smartadserver.com,request,2.6-202606,False,4,3,1
p005166,grunge.com,ssb-global.smartadserver.com,request,2.6-202606,False,1,1,0
p005167,ranker.com,ssb-global.smartadserver.com,request,2.6-202606,False,1,1,0
p005168,ranker.com,ssb-global.smartadserver.com,request,2.6-202606,False,1,1,0
p005169,ranker.com,ssb-global.smartadserver.com,request,2.6-202606,False,1,1,0
p005170,ranker.com,ssb-global.smartadserver.com,request,2.6-202606,False,3,2,1
p005171,ranker.com,ssb-global.smartadserver.com,request,2.6-202606,False,1,1,0
p005172,ranker.com,ssb-global.smartadserver.com,request,2.6-202606,False,1,1,0
p005173,grunge.com,ssb-global.smartadserver.com,request,2.6-202606,False,1,1,0
p005174,grunge.com,ssb-global.smartadserver.com,request,2.6-202606,False,3,2,1
p005175,grunge.com,ssb-global.smartadserver.com,request,2.6-202606,False,1,1,0
p005176,grunge.com,ssb-global.smartadserver.com,request,2.6-202606,False,3,2,1
p005177,grunge.com,ssb-global.smartadserver.com,request,2.6-202606,False,1,1,0
p005178,grunge.com,ssb-global.smartadserver.com,request,2.6-202606,False,1,1,0
p005179,grunge.com,ssb-global.smartadserver.com,request,2.6-202606,False,1,1,0
p005180,grunge.com,ssb-global.smartadserver.com,request,2.6-202606,False,1,1,0
p005181,grunge.com,ssb-global.smartadserver.com,request,2.6-202606,False,1,1,0
p005182,grunge.com,ssb-global.smartadserver.com,request,2.6-202606,False,1,1,0
p005183,grunge.com,ssb-global.smartadserver.com,request,2.6-202606,False,3,2,1
p005184,slashfilm.com,ssb-global.smartadserver.com,request,2.6-202606,False,1,1,0
p005185,grunge.com,ssb-global.smartadserver.com,request,2.6-202606,False,3,2,1
p005186,slashfilm.com,ssb-global.smartadserver.com,request,2.6-202606,False,1,1,0
p005187,slashfilm.com,ssb-global.smartadserver.com,request,2.6-202606,False,3,2,1
p005188,mashed.com,ssb-global.smartadserver.com,request,2.6-202606,False,1,1,0
p005189,mashed.com,ssb-global.smartadserver.com,request,2.6-202606,False,3,2,1
p005190,tastingtable.com,ssb-global.smartadserver.com,request,2.6-202606,False,1,1,0
p005191,huffpost.com,ssc.33across.com,request,2.6-202606,False,1,1,0
p005192,huffpost.com,ssc.33across.com,request,2.6-202606,False,2,1,1
p005193,huffpost.com,ssc.33across.com,request,2.6-202606,False,1,1,0
p005194,huffpost.com,ssc.33across.com,request,2.6-202606,False,2,1,1
p005195,huffpost.com,ssc.33across.com,request,2.6-202606,False,2,1,1
p005196,huffpost.com,ssc.33across.com,request,2.6-202606,False,2,1,1
p005197,huffpost.com,ssc.33across.com,request,2.6-202606,False,1,1,0
p005198,huffpost.com,ssc.33across.com,request,2.6-202606,False,2,1,1
p005199,huffpost.com,ssc.33across.com,request,2.6-202606,False,1,1,0
p005200,huffpost.com,ssc.33across.com,request,2.6-202606,False,2,1,1
p005201,huffpost.com,ssc.33across.com,request,2.6-202606,False,1,1,0
p005202,huffpost.com,ssc.33across.com,response,2.6-202606,False,1,1,0
p005203,huffpost.com,ssc.33across.com,response,2.6-202606,False,1,1,0
p005204,huffpost.com,ssc.33across.com,response,2.6-202606,False,1,1,0
p005205,huffpost.com,ssc.33across.com,response,2.6-202606,False,1,1,0
p005206,huffpost.com,ssc.33across.com,response,2.6-202606,False,1,1,0
p005207,huffpost.com,ssc.33across.com,response,2.6-202606,False,1,1,0
p005208,huffpost.com,ssc.33across.com,response,2.6-202606,False,1,1,0
p005209,huffpost.com,ssc.33across.com,response,2.6-202606,True,1,0,1
p005210,huffpost.com,ssc.33across.com,response,2.6-202606,False,1,1,0
p005211,huffpost.com,ssc.33across.com,response,2.6-202606,False,1,1,0
p005212,huffpost.com,ssc.33across.com,response,2.6-202606,True,1,0,1
p005213,techcrunch.com,ssp.disqus.com,request,2.6-202606,True,0,0,0
p005214,techcrunch.com,ssp.disqus.com,request,2.6-202606,True,0,0,0
p005215,techcrunch.com,ssp.disqus.com,request,2.6-202606,True,0,0,0
p005216,techcrunch.com,ssp.disqus.com,request,2.6-202606,True,0,0,0
p005217,techcrunch.com,ssp.disqus.com,request,2.6-202606,True,0,0,0
p005218,techcrunch.com,ssp.disqus.com,request,2.6-202606,True,0,0,0
p005219,techcrunch.com,ssp.disqus.com,request,2.6-202606,True,0,0,0
p005220,techcrunch.com,ssp.disqus.com,request,2.6-202606,True,0,0,0
p005221,nypost.com,ssp.wknd.ai,request,2.5,False,2,2,0
p005222,nypost.com,ssp.wknd.ai,request,2.5,False,3,3,0
p005223,pagesix.com,ssp.wknd.ai,request,2.5,False,2,2,0
p005224,pagesix.com,ssp.wknd.ai,request,2.5,False,2,2,0
p005225,pagesix.com,ssp.wknd.ai,request,2.5,False,3,3,0
p005226,pagesix.com,ssp.wknd.ai,request,2.5,False,2,2,0
p005227,nypost.com,ssp.wknd.ai,request,2.5,False,2,2,0
p005228,nypost.com,ssp.wknd.ai,request,2.5,False,3,3,0
p005229,pagesix.com,ssp.wknd.ai,request,2.5,False,2,2,0
p005230,pagesix.com,ssp.wknd.ai,request,2.5,False,2,2,0
p005231,pagesix.com,ssp.wknd.ai,request,2.5,False,2,2,0
p005232,pagesix.com,ssp.wknd.ai,request,2.5,False,3,3,0
p005233,pagesix.com,ssp.wknd.ai,request,2.5,False,2,2,0
p005234,pagesix.com,ssp.wknd.ai,request,2.5,False,2,2,0
p005235,pagesix.com,ssp.wknd.ai,request,2.5,False,2,2,0
p005236,pagesix.com,ssp.wknd.ai,request,2.5,False,3,3,0
p005237,pagesix.com,ssp.wknd.ai,request,2.5,False,2,2,0
p005238,pagesix.com,ssp.wknd.ai,request,2.5,False,2,2,0
p005239,pagesix.com,ssp.wknd.ai,request,2.5,False,2,2,0
p005240,pagesix.com,ssp.wknd.ai,request,2.5,False,3,3,0
p005241,pagesix.com,ssp.wknd.ai,request,2.5,False,2,2,0
p005242,pagesix.com,ssp.wknd.ai,request,2.5,False,2,2,0
p005243,chicagotribune.com,ssp.wknd.ai,request,2.5,False,3,3,0
p005244,chicagotribune.com,ssp.wknd.ai,request,2.5,False,2,2,0
p005245,chicagotribune.com,ssp.wknd.ai,request,2.5,False,2,2,0
p005246,chicagotribune.com,ssp.wknd.ai,request,2.5,False,2,2,0
p005247,chicagotribune.com,ssp.wknd.ai,request,2.5,False,3,3,0
p005248,chicagotribune.com,ssp.wknd.ai,request,2.5,False,2,2,0
p005249,nydailynews.com,ssp.wknd.ai,request,2.5,False,3,3,0
p005250,nydailynews.com,ssp.wknd.ai,request,2.5,False,2,2,0
p005251,nydailynews.com,ssp.wknd.ai,request,2.5,False,2,2,0
p005252,nydailynews.com,ssp.wknd.ai,request,2.5,False,2,2,0
p005253,nydailynews.com,ssp.wknd.ai,request,2.5,False,2,2,0
p005254,nydailynews.com,ssp.wknd.ai,request,2.5,False,3,3,0
p005255,nydailynews.com,ssp.wknd.ai,request,2.5,False,2,2,0
p005256,nydailynews.com,ssp.wknd.ai,request,2.5,False,2,2,0
p005257,androidauthority.com,ssp.wknd.ai,request,2.5,False,3,3,0
p005258,androidauthority.com,ssp.wknd.ai,request,2.5,False,2,2,0
p005259,androidauthority.com,ssp.wknd.ai,request,2.5,False,3,3,0
p005260,androidauthority.com,ssp.wknd.ai,request,2.5,False,2,2,0
p005261,cbssports.com,ssp.wknd.ai,request,2.5,False,2,2,0
p005262,cbssports.com,ssp.wknd.ai,request,2.5,False,3,3,0
p005263,cbssports.com,ssp.wknd.ai,request,2.5,False,2,2,0
p005264,cbssports.com,ssp.wknd.ai,request,2.5,False,3,3,0
p005265,talksport.com,ssp.wknd.ai,request,2.5,False,3,3,0
p005266,talksport.com,ssp.wknd.ai,request,2.5,False,2,2,0
p005267,wunderground.com,ssp.wknd.ai,request,2.5,False,3,3,0
p005268,wunderground.com,ssp.wknd.ai,request,2.5,False,2,2,0
p005269,tasteofhome.com,ssp.wknd.ai,request,2.5,False,3,3,0
p005270,tasteofhome.com,ssp.wknd.ai,request,2.5,False,2,2,0
p005271,tasteofhome.com,ssp.wknd.ai,request,2.5,False,8,8,0
p005272,thrillist.com,ssp.wknd.ai,request,2.5,False,3,3,0
p005273,thrillist.com,ssp.wknd.ai,request,2.5,False,2,2,0
p005274,boredpanda.com,ssp.wknd.ai,request,2.5,False,3,3,0
p005275,boredpanda.com,ssp.wknd.ai,request,2.5,False,2,2,0
p005276,boredpanda.com,ssp.wknd.ai,request,2.5,False,3,3,0
p005277,boredpanda.com,ssp.wknd.ai,request,2.5,False,2,2,0
p005278,boredpanda.com,us-e.floxis.tech,request,2.6-202606,False,1,1,0
p005279,boredpanda.com,us-e.floxis.tech,response,2.6-202606,False,1,1,0
p005280,salon.com,web.ads.aps.amazon-adsystem.com,request,2.6-202606,True,0,0,0
p005281,salon.com,web.ads.aps.amazon-adsystem.com,request,2.6-202606,True,0,0,0
p005282,salon.com,web.ads.aps.amazon-adsystem.com,request,2.6-202606,True,0,0,0
p005283,salon.com,web.ads.aps.amazon-adsystem.com,request,2.6-202606,False,2,1,1
p005284,salon.com,web.ads.aps.amazon-adsystem.com,request,2.6-202606,True,0,0,0
p005285,salon.com,web.ads.aps.amazon-adsystem.com,request,2.6-202606,False,2,1,1
p005286,salon.com,web.ads.aps.amazon-adsystem.com,request,2.6-202606,False,2,1,1
p005287,salon.com,web.ads.aps.amazon-adsystem.com,request,2.6-202606,True,0,0,0
p005288,salon.com,web.ads.aps.amazon-adsystem.com,request,2.6-202606,True,0,0,0
p005289,salon.com,web.ads.aps.amazon-adsystem.com,request,2.6-202606,True,0,0,0
p005290,salon.com,web.ads.aps.amazon-adsystem.com,request,2.6-202606,True,0,0,0
p005291,salon.com,web.ads.aps.amazon-adsystem.com,request,2.6-202606,True,0,0,0
p005292,salon.com,web.ads.aps.amazon-adsystem.com,request,2.6-202606,False,2,1,1
p005293,salon.com,web.ads.aps.amazon-adsystem.com,request,2.6-202606,False,2,1,1
p005294,salon.com,web.ads.aps.amazon-adsystem.com,request,2.6-202606,False,2,1,1
p005295,salon.com,web.ads.aps.amazon-adsystem.com,request,2.6-202606,False,2,1,1
p005296,salon.com,web.ads.aps.amazon-adsystem.com,request,2.6-202606,False,2,1,1
p005297,salon.com,web.ads.aps.amazon-adsystem.com,request,2.6-202606,False,2,1,1
p005298,salon.com,web.ads.aps.amazon-adsystem.com,request,2.6-202606,False,2,1,1
p005299,salon.com,web.ads.aps.amazon-adsystem.com,request,2.6-202606,False,2,1,1
p005300,digitaltrends.com,web.ads.aps.amazon-adsystem.com,request,2.6-202606,False,2,2,0
p005301,digitaltrends.com,web.ads.aps.amazon-adsystem.com,request,2.6-202606,False,2,2,0
p005302,digitaltrends.com,web.ads.aps.amazon-adsystem.com,request,2.6-202606,False,1,1,0
p005303,macrumors.com,web.ads.aps.amazon-adsystem.com,request,2.6-202606,True,0,0,0
p005304,macrumors.com,web.ads.aps.amazon-adsystem.com,request,2.6-202606,True,0,0,0
p005305,macrumors.com,web.ads.aps.amazon-adsystem.com,request,2.6-202606,False,2,1,1
p005306,macrumors.com,web.ads.aps.amazon-adsystem.com,request,2.6-202606,True,0,0,0
p005307,macrumors.com,web.ads.aps.amazon-adsystem.com,request,2.6-202606,True,0,0,0
p005308,macrumors.com,web.ads.aps.amazon-adsystem.com,request,2.6-202606,True,0,0,0
p005309,macrumors.com,web.ads.aps.amazon-adsystem.com,request,2.6-202606,True,0,0,0
p005310,macrumors.com,web.ads.aps.amazon-adsystem.com,request,2.6-202606,True,0,0,0
p005311,macrumors.com,web.ads.aps.amazon-adsystem.com,request,2.6-202606,True,0,0,0
p005312,macrumors.com,web.ads.aps.amazon-adsystem.com,request,2.6-202606,True,0,0,0
p005313,macrumors.com,web.ads.aps.amazon-adsystem.com,request,2.6-202606,True,0,0,0
p005314,macrumors.com,web.ads.aps.amazon-adsystem.com,request,2.6-202606,True,0,0,0
p005315,macrumors.com,web.ads.aps.amazon-adsystem.com,request,2.6-202606,True,0,0,0
p005316,macrumors.com,web.ads.aps.amazon-adsystem.com,request,2.6-202606,True,0,0,0
p005317,macrumors.com,web.ads.aps.amazon-adsystem.com,request,2.6-202606,False,2,1,1
p005318,macrumors.com,web.ads.aps.amazon-adsystem.com,request,2.6-202606,True,0,0,0
p005319,macrumors.com,web.ads.aps.amazon-adsystem.com,request,2.6-202606,True,0,0,0
p005320,macrumors.com,web.ads.aps.amazon-adsystem.com,request,2.6-202606,True,0,0,0
p005321,macrumors.com,web.ads.aps.amazon-adsystem.com,request,2.6-202606,True,0,0,0
p005322,macrumors.com,web.ads.aps.amazon-adsystem.com,request,2.6-202606,True,0,0,0
p005323,macrumors.com,web.ads.aps.amazon-adsystem.com,request,2.6-202606,True,0,0,0
p005324,macrumors.com,web.ads.aps.amazon-adsystem.com,request,2.6-202606,True,0,0,0
p005325,macrumors.com,web.ads.aps.amazon-adsystem.com,request,2.6-202606,True,0,0,0
p005326,makeuseof.com,web.ads.aps.amazon-adsystem.com,request,2.6-202606,False,2,1,1
p005327,makeuseof.com,web.ads.aps.amazon-adsystem.com,request,2.6-202606,True,0,0,0
p005328,cbr.com,web.ads.aps.amazon-adsystem.com,request,2.6-202606,False,2,1,1
p005329,cbr.com,web.ads.aps.amazon-adsystem.com,request,2.6-202606,True,0,0,0
p005330,goal.com,web.ads.aps.amazon-adsystem.com,request,2.6-202606,False,4,4,0
p005331,goal.com,web.ads.aps.amazon-adsystem.com,request,2.6-202606,False,4,4,0
p005332,benzinga.com,web.ads.aps.amazon-adsystem.com,request,2.6-202606,True,0,0,0
p005333,benzinga.com,web.ads.aps.amazon-adsystem.com,request,2.6-202606,True,0,0,0
p005334,stereogum.com,web.ads.aps.amazon-adsystem.com,request,2.6-202606,True,0,0,0
p005335,stereogum.com,web.ads.aps.amazon-adsystem.com,request,2.6-202606,False,2,1,1
p005336,stereogum.com,web.ads.aps.amazon-adsystem.com,request,2.6-202606,True,0,0,0
p005337,stereogum.com,web.ads.aps.amazon-adsystem.com,request,2.6-202606,False,2,1,1
p005338,distractify.com,web.ads.aps.amazon-adsystem.com,request,2.6-202606,False,3,2,1
p005339,distractify.com,web.ads.aps.amazon-adsystem.com,request,2.6-202606,False,3,2,1
p005340,distractify.com,web.ads.aps.amazon-adsystem.com,request,2.6-202606,False,2,2,0
p005341,distractify.com,web.ads.aps.amazon-adsystem.com,request,2.6-202606,False,3,2,1
p005342,distractify.com,web.ads.aps.amazon-adsystem.com,request,2.6-202606,False,3,2,1
p005343,slashfilm.com,web.ads.aps.amazon-adsystem.com,request,2.6-202606,True,0,0,0
p005344,looper.com,web.ads.aps.amazon-adsystem.com,request,2.6-202606,False,2,1,1
p005345,slashfilm.com,web.ads.aps.amazon-adsystem.com,request,2.6-202606,True,0,0,0
p005346,slashfilm.com,web.ads.aps.amazon-adsystem.com,request,2.6-202606,False,2,1,1
p005347,mashed.com,web.ads.aps.amazon-adsystem.com,request,2.6-202606,True,0,0,0
p005348,mashed.com,web.ads.aps.amazon-adsystem.com,request,2.6-202606,False,2,1,1
p005349,tastingtable.com,web.ads.aps.amazon-adsystem.com,request,2.6-202606,True,0,0,0
p005350,makeuseof.com,web.ads.aps.amazon-adsystem.com,response,2.6-202606,True,0,0,0
p005351,cbr.com,web.ads.aps.amazon-adsystem.com,response,2.6-202606,True,1,0,1
p005352,goal.com,web.ads.aps.amazon-adsystem.com,response,2.6-202606,True,0,0,0
p005353,stereogum.com,web.ads.aps.amazon-adsystem.com,response,2.6-202606,True,1,0,1
p005354,stereogum.com,web.ads.aps.amazon-adsystem.com,response,2.6-202606,True,0,0,0
p005355,standard.co.uk,web.hb.ad.cpe.dotomi.com,request,2.6-202606,False,3,2,1
p005356,standard.co.uk,web.hb.ad.cpe.dotomi.com,request,2.6-202606,False,5,3,2
p005357,standard.co.uk,web.hb.ad.cpe.dotomi.com,request,2.6-202606,False,1,1,0
p005358,standard.co.uk,web.hb.ad.cpe.dotomi.com,request,2.6-202606,False,1,1,0
p005359,standard.co.uk,web.hb.ad.cpe.dotomi.com,request,2.6-202606,False,1,1,0
p005360,standard.co.uk,web.hb.ad.cpe.dotomi.com,request,2.6-202606,False,1,1,0
p005361,9to5mac.com,web.hb.ad.cpe.dotomi.com,request,2.6-202606,True,0,0,0
p005362,9to5mac.com,web.hb.ad.cpe.dotomi.com,request,2.6-202606,True,0,0,0
p005363,9to5mac.com,web.hb.ad.cpe.dotomi.com,request,2.6-202606,True,0,0,0
p005364,9to5mac.com,web.hb.ad.cpe.dotomi.com,request,2.6-202606,True,0,0,0
p005365,goal.com,web.hb.ad.cpe.dotomi.com,request,2.6-202606,True,0,0,0
p005366,goal.com,web.hb.ad.cpe.dotomi.com,request,2.6-202606,True,0,0,0
p005367,standard.co.uk,web.hb.ad.cpe.dotomi.com,response,2.6-202606,True,0,0,0
p005368,standard.co.uk,web.hb.ad.cpe.dotomi.com,response,2.6-202606,True,0,0,0
p005369,standard.co.uk,web.hb.ad.cpe.dotomi.com,response,2.6-202606,True,0,0,0
p005370,standard.co.uk,web.hb.ad.cpe.dotomi.com,response,2.6-202606,True,1,0,1
p005371,9to5mac.com,web.hb.ad.cpe.dotomi.com,response,2.6-202606,True,0,0,0
p005372,9to5mac.com,web.hb.ad.cpe.dotomi.com,response,2.6-202606,True,0,0,0
p005373,9to5mac.com,web.hb.ad.cpe.dotomi.com,response,2.6-202606,True,0,0,0
p005374,9to5mac.com,web.hb.ad.cpe.dotomi.com,response,2.6-202606,True,0,0,0
p005375,goal.com,web.hb.ad.cpe.dotomi.com,response,2.6-202606,True,0,0,0
p005376,goal.com,web.hb.ad.cpe.dotomi.com,response,2.6-202606,True,0,0,0
p005377,metro.co.uk,webc2s.pubgw.yahoo.com,request,2.5,True,0,0,0
p005378,metro.co.uk,webc2s.pubgw.yahoo.com,request,2.5,True,0,0,0
p005379,metro.co.uk,webc2s.pubgw.yahoo.com,request,2.5,True,0,0,0
p005380,metro.co.uk,webc2s.pubgw.yahoo.com,request,2.5,True,0,0,0
p005381,metro.co.uk,webc2s.pubgw.yahoo.com,response,2.6-202606,True,0,0,0
p005382,metro.co.uk,webc2s.pubgw.yahoo.com,response,2.6-202606,True,0,0,0
p005383,metro.co.uk,webc2s.pubgw.yahoo.com,response,2.6-202606,True,0,0,0
p005384,metro.co.uk,webc2s.pubgw.yahoo.com,response,2.6-202606,True,0,0,0
p005385,usatoday.com,www.usatoday.com,request,2.6-202606,True,0,0,0
p005386,usatoday.com,www.usatoday.com,request,2.6-202606,True,0,0,0
p005387,usatoday.com,www.usatoday.com,request,2.6-202606,True,0,0,0
p005388,usatoday.com,www.usatoday.com,request,2.6-202606,True,1,0,1
p005389,usatoday.com,www.usatoday.com,request,2.6-202606,True,0,0,0
p005390,usatoday.com,www.usatoday.com,request,2.6-202606,True,0,0,0
p005391,usatoday.com,www.usatoday.com,response,2.6-202606,True,1,0,1
p005392,usatoday.com,www.usatoday.com,response,2.6-202606,True,0,0,0
p005393,usatoday.com,www.usatoday.com,response,2.6-202606,True,0,0,0
p005394,usmagazine.com,zz42943mtc.pub.tappx.com,request,2.6-202606,False,4,4,0
p005395,usmagazine.com,zz42943mtc.pub.tappx.com,request,2.6-202606,False,4,4,0
p005396,usmagazine.com,zz42943mtc.pub.tappx.com,request,2.6-202606,False,4,4,0
p005397,usmagazine.com,zz42943mtc.pub.tappx.com,request,2.6-202606,False,4,4,0
p005398,usmagazine.com,zz42943mtc.pub.tappx.com,request,2.6-202606,False,4,4,0
p005399,usmagazine.com,zz42943mtc.pub.tappx.com,request,2.6-202606,False,4,4,0
p005400,usmagazine.com,zz42943mtc.pub.tappx.com,request,2.6-202606,False,3,3,0
p005401,usmagazine.com,zz42943mtc.pub.tappx.com,request,2.6-202606,False,3,3,0
p005402,usmagazine.com,zz42943mtc.pub.tappx.com,request,2.6-202606,False,3,3,0
p005403,usmagazine.com,zz42943mtc.pub.tappx.com,request,2.6-202606,False,3,3,0
p005404,usmagazine.com,zz42943mtc.pub.tappx.com,request,2.6-202606,False,3,3,0
p005405,usmagazine.com,zz42943mtc.pub.tappx.com,request,2.6-202606,False,3,3,0
p005406,usmagazine.com,zz42943mtc.pub.tappx.com,request,2.6-202606,False,3,3,0
p005407,usmagazine.com,zz42943mtc.pub.tappx.com,request,2.6-202606,False,3,3,0
p005408,usmagazine.com,zz42943mtc.pub.tappx.com,request,2.6-202606,False,3,3,0
p005409,usmagazine.com,zz42943mtc.pub.tappx.com,request,2.6-202606,False,3,3,0
p005410,usmagazine.com,zz42943mtc.pub.tappx.com,request,2.6-202606,False,3,3,0
p005411,usmagazine.com,zz42943mtc.pub.tappx.com,request,2.6-202606,False,3,3,0
p005412,usmagazine.com,zz42943mtc.pub.tappx.com,request,2.6-202606,False,4,4,0
p005413,usmagazine.com,zz42943mtc.pub.tappx.com,request,2.6-202606,False,4,4,0
