payload_id,site,endpoint,side,best_fit_version,rule,severity,path,section
p000001,tio.ch,20minuten-pbs.relevant-digital.com,request,2.5,openrtb.field.undefined,error,device.sua,3.2.18
p000002,tio.ch,20minuten-pbs.relevant-digital.com,request,2.5,openrtb.field.undefined,error,device.sua,3.2.18
p000003,tio.ch,20minuten-pbs.relevant-digital.com,request,2.5,openrtb.field.undefined,error,device.sua,3.2.18
p000004,tio.ch,20minuten-pbs.relevant-digital.com,request,2.5,openrtb.field.undefined,error,device.sua,3.2.18
p000005,tio.ch,20minuten-pbs.relevant-digital.com,request,2.5,openrtb.field.undefined,error,device.sua,3.2.18
p000009,zerohedge.com,a.ads.rmbl.ws,request,2.6-202606,openrtb.field.moved,error,regs.ext.gdpr,Section 3.2.3
p000010,zerohedge.com,a.ads.rmbl.ws,request,2.6-202606,openrtb.field.moved,error,regs.ext.gdpr,Section 3.2.3
p000011,zerohedge.com,a.ads.rmbl.ws,request,2.6-202606,openrtb.field.moved,error,regs.ext.gdpr,Section 3.2.3
p000012,zerohedge.com,a.ads.rmbl.ws,request,2.6-202606,openrtb.field.moved,error,regs.ext.gdpr,Section 3.2.3
p000013,chl.ca,a.bids.ws,request,2.5,openrtb.field.undefined,error,device.sua,3.2.18
p000014,chl.ca,a.bids.ws,request,2.5,openrtb.field.undefined,error,device.sua,3.2.18
p000015,futbol-11.com,a.bids.ws,request,2.5,openrtb.field.undefined,error,device.sua,3.2.18
p000015,futbol-11.com,a.bids.ws,request,2.5,openrtb.field.undefined,error,site.cattax,3.2.13
p000016,namemc.com,a.bids.ws,request,2.5,openrtb.field.undefined,error,device.sua,3.2.18
p000016,namemc.com,a.bids.ws,request,2.5,openrtb.field.undefined,error,site.cattax,3.2.13
p000017,psychcentral.com,a.bids.ws,request,2.5,openrtb.field.undefined,error,device.sua,3.2.18
p000018,purposegames.com,a.bids.ws,request,2.5,openrtb.field.undefined,error,device.sua,3.2.18
p000018,purposegames.com,a.bids.ws,request,2.5,openrtb.field.undefined,error,site.cattax,3.2.13
p000019,psychcentral.com,a.bids.ws,request,2.5,openrtb.field.undefined,error,device.sua,3.2.18
p000020,psychcentral.com,a.bids.ws,request,2.5,openrtb.field.undefined,error,device.sua,3.2.18
p000021,psychcentral.com,a.bids.ws,request,2.5,openrtb.field.undefined,error,device.sua,3.2.18
p000022,psychcentral.com,a.bids.ws,request,2.5,openrtb.field.undefined,error,device.sua,3.2.18
p000023,psychcentral.com,a.bids.ws,request,2.5,openrtb.field.undefined,error,device.sua,3.2.18
p000024,psychcentral.com,a.bids.ws,request,2.5,openrtb.field.undefined,error,device.sua,3.2.18
p000025,purposegames.com,a.bids.ws,request,2.5,openrtb.field.undefined,error,device.sua,3.2.18
p000025,purposegames.com,a.bids.ws,request,2.5,openrtb.field.undefined,error,site.cattax,3.2.13
p000026,chl.ca,a.bids.ws,response,2.6-202606,openrtb.bid.mtype_missing,warning,seatbid[1].bid[0].mtype,4.2.3
p000027,chl.ca,a.bids.ws,response,2.6-202606,openrtb.bid.mtype_missing,warning,seatbid[1].bid[0].mtype,4.2.3
p000027,chl.ca,a.bids.ws,response,2.6-202606,openrtb.bid.mtype_missing,warning,seatbid[2].bid[0].mtype,4.2.3
p000029,namemc.com,a.bids.ws,response,2.6-202606,openrtb.bid.mtype_missing,warning,seatbid[1].bid[0].mtype,4.2.3
p000029,namemc.com,a.bids.ws,response,2.6-202606,openrtb.bid.mtype_missing,warning,seatbid[1].bid[1].mtype,4.2.3
p000029,namemc.com,a.bids.ws,response,2.6-202606,openrtb.bid.mtype_missing,warning,seatbid[1].bid[2].mtype,4.2.3
p000030,psychcentral.com,a.bids.ws,response,2.6-202606,openrtb.bid.mtype_missing,warning,seatbid[1].bid[0].mtype,4.2.3
p000031,purposegames.com,a.bids.ws,response,2.6-202606,openrtb.bid.mtype_missing,warning,seatbid[1].bid[0].mtype,4.2.3
p000031,purposegames.com,a.bids.ws,response,2.6-202606,openrtb.bid.mtype_missing,warning,seatbid[1].bid[1].mtype,4.2.3
p000031,purposegames.com,a.bids.ws,response,2.6-202606,openrtb.bid.mtype_missing,warning,seatbid[1].bid[2].mtype,4.2.3
p000038,purposegames.com,a.bids.ws,response,2.6-202606,openrtb.bid.mtype_missing,warning,seatbid[0].bid[0].mtype,4.2.3
p000038,purposegames.com,a.bids.ws,response,2.6-202606,openrtb.bid.mtype_missing,warning,seatbid[0].bid[1].mtype,4.2.3
p000038,purposegames.com,a.bids.ws,response,2.6-202606,openrtb.bid.mtype_missing,warning,seatbid[0].bid[2].mtype,4.2.3
p000039,cornucopia.se,ad.360yield.com,request,2.6-202606,openrtb.field.moved,error,regs.ext.gdpr,Section 3.2.3
p000040,cornucopia.se,ad.360yield.com,request,2.6-202606,openrtb.field.moved,error,regs.ext.gdpr,Section 3.2.3
p000041,cornucopia.se,ad.360yield.com,request,2.6-202606,openrtb.field.moved,error,regs.ext.gdpr,Section 3.2.3
p000050,fox11online.com,ads.trustx.org,request,2.6-202606,openrtb.field.deprecated,warning,imp[0].video.placement,Section 3.2.7
p000060,nesn.com,ads.yieldmo.com,request,2.6-202606,openrtb.field.undefined,error,auctionId,3.2.1
p000060,nesn.com,ads.yieldmo.com,request,2.6-202606,openrtb.field.deprecated,warning,imp[0].video.placement,Section 3.2.7
p000060,nesn.com,ads.yieldmo.com,request,2.6-202606,openrtb.field.moved,error,regs.ext.gdpr,Section 3.2.3
p000060,nesn.com,ads.yieldmo.com,request,2.6-202606,openrtb.field.undefined,error,schain,3.2.1
p000060,nesn.com,ads.yieldmo.com,request,2.6-202606,openrtb.field.moved,error,user.ext.consent,Section 3.2.20
p000061,nesn.com,ads.yieldmo.com,request,2.6-202606,openrtb.field.undefined,error,auctionId,3.2.1
p000061,nesn.com,ads.yieldmo.com,request,2.6-202606,openrtb.field.deprecated,warning,imp[0].video.placement,Section 3.2.7
p000061,nesn.com,ads.yieldmo.com,request,2.6-202606,openrtb.field.moved,error,regs.ext.gdpr,Section 3.2.3
p000061,nesn.com,ads.yieldmo.com,request,2.6-202606,openrtb.field.undefined,error,schain,3.2.1
p000061,nesn.com,ads.yieldmo.com,request,2.6-202606,openrtb.field.moved,error,user.ext.consent,Section 3.2.20
p000062,nesn.com,ads.yieldmo.com,request,2.6-202606,openrtb.field.undefined,error,auctionId,3.2.1
p000062,nesn.com,ads.yieldmo.com,request,2.6-202606,openrtb.field.deprecated,warning,imp[0].video.placement,Section 3.2.7
p000062,nesn.com,ads.yieldmo.com,request,2.6-202606,openrtb.field.moved,error,regs.ext.gdpr,Section 3.2.3
p000062,nesn.com,ads.yieldmo.com,request,2.6-202606,openrtb.field.undefined,error,schain,3.2.1
p000062,nesn.com,ads.yieldmo.com,request,2.6-202606,openrtb.field.moved,error,user.ext.consent,Section 3.2.20
p000063,pilotonline.com,ads.yieldmo.com,request,2.6-202606,openrtb.field.undefined,error,auctionId,3.2.1
p000063,pilotonline.com,ads.yieldmo.com,request,2.6-202606,openrtb.field.deprecated,warning,imp[0].video.placement,Section 3.2.7
p000063,pilotonline.com,ads.yieldmo.com,request,2.6-202606,openrtb.field.undefined,error,schain,3.2.1
p000064,pilotonline.com,ads.yieldmo.com,request,2.6-202606,openrtb.field.undefined,error,auctionId,3.2.1
p000064,pilotonline.com,ads.yieldmo.com,request,2.6-202606,openrtb.field.deprecated,warning,imp[0].video.placement,Section 3.2.7
p000064,pilotonline.com,ads.yieldmo.com,request,2.6-202606,openrtb.field.undefined,error,schain,3.2.1
p000065,pilotonline.com,ads.yieldmo.com,request,2.6-202606,openrtb.field.undefined,error,auctionId,3.2.1
p000065,pilotonline.com,ads.yieldmo.com,request,2.6-202606,openrtb.field.deprecated,warning,imp[0].video.placement,Section 3.2.7
p000065,pilotonline.com,ads.yieldmo.com,request,2.6-202606,openrtb.field.undefined,error,schain,3.2.1
p000066,mthai.com,adserver.maximus.mobkoi.com,request,2.6-202606,openrtb.type.mismatch,error,user.id,3.2.20
p000067,mthai.com,adserver.maximus.mobkoi.com,request,2.6-202606,openrtb.type.mismatch,error,user.id,3.2.20
p000068,vietstock.vn,adserver.maximus.mobkoi.com,request,2.6-202606,openrtb.type.mismatch,error,user.id,3.2.20
p000069,vietstock.vn,adserver.maximus.mobkoi.com,request,2.6-202606,openrtb.type.mismatch,error,user.id,3.2.20
p000070,cityam.com,adx.adform.net,request,2.6-202606,openrtb.type.mismatch,error,imp[0].id,3.2.4
p000070,cityam.com,adx.adform.net,request,2.6-202606,openrtb.type.mismatch,error,imp[0].tagid,3.2.4
p000070,cityam.com,adx.adform.net,request,2.6-202606,openrtb.type.mismatch,error,imp[1].id,3.2.4
p000070,cityam.com,adx.adform.net,request,2.6-202606,openrtb.type.mismatch,error,imp[1].tagid,3.2.4
p000070,cityam.com,adx.adform.net,request,2.6-202606,openrtb.type.mismatch,error,imp[2].id,3.2.4
p000070,cityam.com,adx.adform.net,request,2.6-202606,openrtb.type.mismatch,error,imp[2].tagid,3.2.4
p000070,cityam.com,adx.adform.net,request,2.6-202606,openrtb.type.mismatch,error,imp[3].id,3.2.4
p000070,cityam.com,adx.adform.net,request,2.6-202606,openrtb.type.mismatch,error,imp[3].tagid,3.2.4
p000070,cityam.com,adx.adform.net,request,2.6-202606,openrtb.type.mismatch,error,imp[4].id,3.2.4
p000070,cityam.com,adx.adform.net,request,2.6-202606,openrtb.type.mismatch,error,imp[4].tagid,3.2.4
p000070,cityam.com,adx.adform.net,request,2.6-202606,openrtb.type.mismatch,error,imp[5].id,3.2.4
p000070,cityam.com,adx.adform.net,request,2.6-202606,openrtb.type.mismatch,error,imp[5].tagid,3.2.4
p000070,cityam.com,adx.adform.net,request,2.6-202606,openrtb.type.mismatch,error,imp[6].id,3.2.4
p000070,cityam.com,adx.adform.net,request,2.6-202606,openrtb.type.mismatch,error,imp[6].tagid,3.2.4
p000070,cityam.com,adx.adform.net,request,2.6-202606,openrtb.field.moved,error,regs.ext.gdpr,Section 3.2.3
p000071,cityam.com,adx.adform.net,request,2.6-202606,openrtb.type.mismatch,error,imp[0].id,3.2.4
p000071,cityam.com,adx.adform.net,request,2.6-202606,openrtb.type.mismatch,error,imp[0].tagid,3.2.4
p000071,cityam.com,adx.adform.net,request,2.6-202606,openrtb.type.mismatch,error,imp[1].id,3.2.4
p000071,cityam.com,adx.adform.net,request,2.6-202606,openrtb.type.mismatch,error,imp[1].tagid,3.2.4
p000071,cityam.com,adx.adform.net,request,2.6-202606,openrtb.type.mismatch,error,imp[2].id,3.2.4
p000071,cityam.com,adx.adform.net,request,2.6-202606,openrtb.type.mismatch,error,imp[2].tagid,3.2.4
p000071,cityam.com,adx.adform.net,request,2.6-202606,openrtb.type.mismatch,error,imp[3].id,3.2.4
p000071,cityam.com,adx.adform.net,request,2.6-202606,openrtb.type.mismatch,error,imp[3].tagid,3.2.4
p000071,cityam.com,adx.adform.net,request,2.6-202606,openrtb.type.mismatch,error,imp[4].id,3.2.4
p000071,cityam.com,adx.adform.net,request,2.6-202606,openrtb.type.mismatch,error,imp[4].tagid,3.2.4
p000071,cityam.com,adx.adform.net,request,2.6-202606,openrtb.type.mismatch,error,imp[5].id,3.2.4
p000071,cityam.com,adx.adform.net,request,2.6-202606,openrtb.type.mismatch,error,imp[5].tagid,3.2.4
p000071,cityam.com,adx.adform.net,request,2.6-202606,openrtb.type.mismatch,error,imp[6].id,3.2.4
p000071,cityam.com,adx.adform.net,request,2.6-202606,openrtb.type.mismatch,error,imp[6].tagid,3.2.4
p000071,cityam.com,adx.adform.net,request,2.6-202606,openrtb.field.moved,error,regs.ext.gdpr,Section 3.2.3
p000072,cityam.com,adx.adform.net,request,2.6-202606,openrtb.type.mismatch,error,imp[0].id,3.2.4
p000072,cityam.com,adx.adform.net,request,2.6-202606,openrtb.type.mismatch,error,imp[0].tagid,3.2.4
p000072,cityam.com,adx.adform.net,request,2.6-202606,openrtb.type.mismatch,error,imp[1].id,3.2.4
p000072,cityam.com,adx.adform.net,request,2.6-202606,openrtb.type.mismatch,error,imp[1].tagid,3.2.4
p000072,cityam.com,adx.adform.net,request,2.6-202606,openrtb.type.mismatch,error,imp[2].id,3.2.4
p000072,cityam.com,adx.adform.net,request,2.6-202606,openrtb.type.mismatch,error,imp[2].tagid,3.2.4
p000072,cityam.com,adx.adform.net,request,2.6-202606,openrtb.type.mismatch,error,imp[3].id,3.2.4
p000072,cityam.com,adx.adform.net,request,2.6-202606,openrtb.type.mismatch,error,imp[3].tagid,3.2.4
p000072,cityam.com,adx.adform.net,request,2.6-202606,openrtb.type.mismatch,error,imp[4].id,3.2.4
p000072,cityam.com,adx.adform.net,request,2.6-202606,openrtb.type.mismatch,error,imp[4].tagid,3.2.4
p000072,cityam.com,adx.adform.net,request,2.6-202606,openrtb.type.mismatch,error,imp[5].id,3.2.4
p000072,cityam.com,adx.adform.net,request,2.6-202606,openrtb.type.mismatch,error,imp[5].tagid,3.2.4
p000072,cityam.com,adx.adform.net,request,2.6-202606,openrtb.field.moved,error,regs.ext.gdpr,Section 3.2.3
p000073,cornucopia.se,adx.adform.net,request,2.6-202606,openrtb.type.mismatch,error,imp[0].id,3.2.4
p000073,cornucopia.se,adx.adform.net,request,2.6-202606,openrtb.type.mismatch,error,imp[0].tagid,3.2.4
p000073,cornucopia.se,adx.adform.net,request,2.6-202606,openrtb.type.mismatch,error,imp[1].id,3.2.4
p000073,cornucopia.se,adx.adform.net,request,2.6-202606,openrtb.type.mismatch,error,imp[1].tagid,3.2.4
p000073,cornucopia.se,adx.adform.net,request,2.6-202606,openrtb.type.mismatch,error,imp[2].id,3.2.4
p000073,cornucopia.se,adx.adform.net,request,2.6-202606,openrtb.type.mismatch,error,imp[2].tagid,3.2.4
p000073,cornucopia.se,adx.adform.net,request,2.6-202606,openrtb.field.moved,error,regs.ext.gdpr,Section 3.2.3
p000074,cornucopia.se,adx.adform.net,request,2.6-202606,openrtb.type.mismatch,error,imp[0].id,3.2.4
p000074,cornucopia.se,adx.adform.net,request,2.6-202606,openrtb.type.mismatch,error,imp[0].tagid,3.2.4
p000074,cornucopia.se,adx.adform.net,request,2.6-202606,openrtb.type.mismatch,error,imp[1].id,3.2.4
p000074,cornucopia.se,adx.adform.net,request,2.6-202606,openrtb.type.mismatch,error,imp[1].tagid,3.2.4
p000074,cornucopia.se,adx.adform.net,request,2.6-202606,openrtb.field.moved,error,regs.ext.gdpr,Section 3.2.3
p000075,cornucopia.se,adx.adform.net,request,2.6-202606,openrtb.type.mismatch,error,imp[0].id,3.2.4
p000075,cornucopia.se,adx.adform.net,request,2.6-202606,openrtb.type.mismatch,error,imp[0].tagid,3.2.4
p000075,cornucopia.se,adx.adform.net,request,2.6-202606,openrtb.field.moved,error,regs.ext.gdpr,Section 3.2.3
p000076,cornucopia.se,adx.adform.net,request,2.6-202606,openrtb.type.mismatch,error,imp[0].id,3.2.4
p000076,cornucopia.se,adx.adform.net,request,2.6-202606,openrtb.type.mismatch,error,imp[0].tagid,3.2.4
p000076,cornucopia.se,adx.adform.net,request,2.6-202606,openrtb.field.moved,error,regs.ext.gdpr,Section 3.2.3
p000077,csfd.cz,adx.adform.net,request,2.6-202606,openrtb.field.moved,error,regs.ext.gdpr,Section 3.2.3
p000077,csfd.cz,adx.adform.net,request,2.6-202606,openrtb.field.moved,error,user.ext.consent,Section 3.2.20
p000078,csfd.cz,adx.adform.net,request,2.6-202606,openrtb.field.moved,error,regs.ext.gdpr,Section 3.2.3
p000078,csfd.cz,adx.adform.net,request,2.6-202606,openrtb.field.moved,error,user.ext.consent,Section 3.2.20
p000079,csfd.cz,adx.adform.net,request,2.6-202606,openrtb.type.mismatch,error,imp[0].id,3.2.4
p000079,csfd.cz,adx.adform.net,request,2.6-202606,openrtb.type.mismatch,error,imp[0].tagid,3.2.4
p000079,csfd.cz,adx.adform.net,request,2.6-202606,openrtb.type.mismatch,error,imp[1].id,3.2.4
p000079,csfd.cz,adx.adform.net,request,2.6-202606,openrtb.type.mismatch,error,imp[1].tagid,3.2.4
p000079,csfd.cz,adx.adform.net,request,2.6-202606,openrtb.type.mismatch,error,imp[2].id,3.2.4
p000079,csfd.cz,adx.adform.net,request,2.6-202606,openrtb.type.mismatch,error,imp[2].tagid,3.2.4
p000079,csfd.cz,adx.adform.net,request,2.6-202606,openrtb.field.moved,error,regs.ext.gdpr,Section 3.2.3
p000079,csfd.cz,adx.adform.net,request,2.6-202606,openrtb.field.moved,error,user.ext.consent,Section 3.2.20
p000080,csfd.cz,adx.adform.net,request,2.6-202606,openrtb.type.mismatch,error,imp[0].id,3.2.4
p000080,csfd.cz,adx.adform.net,request,2.6-202606,openrtb.type.mismatch,error,imp[0].tagid,3.2.4
p000080,csfd.cz,adx.adform.net,request,2.6-202606,openrtb.type.mismatch,error,imp[1].id,3.2.4
p000080,csfd.cz,adx.adform.net,request,2.6-202606,openrtb.type.mismatch,error,imp[1].tagid,3.2.4
p000080,csfd.cz,adx.adform.net,request,2.6-202606,openrtb.type.mismatch,error,imp[2].id,3.2.4
p000080,csfd.cz,adx.adform.net,request,2.6-202606,openrtb.type.mismatch,error,imp[2].tagid,3.2.4
p000080,csfd.cz,adx.adform.net,request,2.6-202606,openrtb.field.moved,error,regs.ext.gdpr,Section 3.2.3
p000080,csfd.cz,adx.adform.net,request,2.6-202606,openrtb.field.moved,error,user.ext.consent,Section 3.2.20
p000081,csfd.cz,adx.adform.net,request,2.6-202606,openrtb.type.mismatch,error,imp[0].id,3.2.4
p000081,csfd.cz,adx.adform.net,request,2.6-202606,openrtb.type.mismatch,error,imp[0].tagid,3.2.4
p000081,csfd.cz,adx.adform.net,request,2.6-202606,openrtb.type.mismatch,error,imp[1].id,3.2.4
p000081,csfd.cz,adx.adform.net,request,2.6-202606,openrtb.type.mismatch,error,imp[1].tagid,3.2.4
p000081,csfd.cz,adx.adform.net,request,2.6-202606,openrtb.type.mismatch,error,imp[2].id,3.2.4
p000081,csfd.cz,adx.adform.net,request,2.6-202606,openrtb.type.mismatch,error,imp[2].tagid,3.2.4
p000081,csfd.cz,adx.adform.net,request,2.6-202606,openrtb.field.moved,error,regs.ext.gdpr,Section 3.2.3
p000081,csfd.cz,adx.adform.net,request,2.6-202606,openrtb.field.moved,error,user.ext.consent,Section 3.2.20
p000082,cornucopia.se,adx.adform.net,request,2.6-202606,openrtb.type.mismatch,error,imp[0].id,3.2.4
p000082,cornucopia.se,adx.adform.net,request,2.6-202606,openrtb.type.mismatch,error,imp[0].tagid,3.2.4
p000082,cornucopia.se,adx.adform.net,request,2.6-202606,openrtb.field.moved,error,regs.ext.gdpr,Section 3.2.3
p000083,csfd.cz,adx.adform.net,request,2.6-202606,openrtb.field.moved,error,regs.ext.gdpr,Section 3.2.3
p000083,csfd.cz,adx.adform.net,request,2.6-202606,openrtb.field.moved,error,user.ext.consent,Section 3.2.20
p000084,csfd.cz,adx.adform.net,request,2.6-202606,openrtb.field.moved,error,regs.ext.gdpr,Section 3.2.3
p000084,csfd.cz,adx.adform.net,request,2.6-202606,openrtb.field.moved,error,user.ext.consent,Section 3.2.20
p000085,csfd.cz,adx.adform.net,request,2.6-202606,openrtb.type.mismatch,error,imp[0].id,3.2.4
p000085,csfd.cz,adx.adform.net,request,2.6-202606,openrtb.type.mismatch,error,imp[0].tagid,3.2.4
p000085,csfd.cz,adx.adform.net,request,2.6-202606,openrtb.type.mismatch,error,imp[1].id,3.2.4
p000085,csfd.cz,adx.adform.net,request,2.6-202606,openrtb.type.mismatch,error,imp[1].tagid,3.2.4
p000085,csfd.cz,adx.adform.net,request,2.6-202606,openrtb.type.mismatch,error,imp[2].id,3.2.4
p000085,csfd.cz,adx.adform.net,request,2.6-202606,openrtb.type.mismatch,error,imp[2].tagid,3.2.4
p000085,csfd.cz,adx.adform.net,request,2.6-202606,openrtb.field.moved,error,regs.ext.gdpr,Section 3.2.3
p000085,csfd.cz,adx.adform.net,request,2.6-202606,openrtb.field.moved,error,user.ext.consent,Section 3.2.20
p000086,csfd.cz,adx.adform.net,request,2.6-202606,openrtb.type.mismatch,error,imp[0].id,3.2.4
p000086,csfd.cz,adx.adform.net,request,2.6-202606,openrtb.type.mismatch,error,imp[0].tagid,3.2.4
p000086,csfd.cz,adx.adform.net,request,2.6-202606,openrtb.type.mismatch,error,imp[1].id,3.2.4
p000086,csfd.cz,adx.adform.net,request,2.6-202606,openrtb.type.mismatch,error,imp[1].tagid,3.2.4
p000086,csfd.cz,adx.adform.net,request,2.6-202606,openrtb.type.mismatch,error,imp[2].id,3.2.4
p000086,csfd.cz,adx.adform.net,request,2.6-202606,openrtb.type.mismatch,error,imp[2].tagid,3.2.4
p000086,csfd.cz,adx.adform.net,request,2.6-202606,openrtb.field.moved,error,regs.ext.gdpr,Section 3.2.3
p000086,csfd.cz,adx.adform.net,request,2.6-202606,openrtb.field.moved,error,user.ext.consent,Section 3.2.20
p000087,csfd.cz,adx.adform.net,request,2.6-202606,openrtb.type.mismatch,error,imp[0].id,3.2.4
p000087,csfd.cz,adx.adform.net,request,2.6-202606,openrtb.type.mismatch,error,imp[0].tagid,3.2.4
p000087,csfd.cz,adx.adform.net,request,2.6-202606,openrtb.type.mismatch,error,imp[1].id,3.2.4
p000087,csfd.cz,adx.adform.net,request,2.6-202606,openrtb.type.mismatch,error,imp[1].tagid,3.2.4
p000087,csfd.cz,adx.adform.net,request,2.6-202606,openrtb.type.mismatch,error,imp[2].id,3.2.4
p000087,csfd.cz,adx.adform.net,request,2.6-202606,openrtb.type.mismatch,error,imp[2].tagid,3.2.4
p000087,csfd.cz,adx.adform.net,request,2.6-202606,openrtb.field.moved,error,regs.ext.gdpr,Section 3.2.3
p000087,csfd.cz,adx.adform.net,request,2.6-202606,openrtb.field.moved,error,user.ext.consent,Section 3.2.20
p000088,epravda.com.ua,adx.adform.net,request,2.6-202606,openrtb.type.mismatch,error,imp[0].id,3.2.4
p000088,epravda.com.ua,adx.adform.net,request,2.6-202606,openrtb.type.mismatch,error,imp[0].tagid,3.2.4
p000089,epravda.com.ua,adx.adform.net,request,2.6-202606,openrtb.type.mismatch,error,imp[0].id,3.2.4
p000089,epravda.com.ua,adx.adform.net,request,2.6-202606,openrtb.type.mismatch,error,imp[0].tagid,3.2.4
p000090,falstaff.com,adx.adform.net,request,2.6-202606,openrtb.type.mismatch,error,imp[0].id,3.2.4
p000090,falstaff.com,adx.adform.net,request,2.6-202606,openrtb.type.mismatch,error,imp[0].tagid,3.2.4
p000090,falstaff.com,adx.adform.net,request,2.6-202606,openrtb.field.moved,error,regs.ext.gdpr,Section 3.2.3
p000091,haberler.com,adx.adform.net,request,2.6-202606,openrtb.type.mismatch,error,imp[0].id,3.2.4
p000091,haberler.com,adx.adform.net,request,2.6-202606,openrtb.type.mismatch,error,imp[0].tagid,3.2.4
p000092,haberler.com,adx.adform.net,request,2.6-202606,openrtb.type.mismatch,error,imp[0].id,3.2.4
p000092,haberler.com,adx.adform.net,request,2.6-202606,openrtb.type.mismatch,error,imp[0].tagid,3.2.4
p000093,haberler.com,adx.adform.net,request,2.6-202606,openrtb.type.mismatch,error,imp[0].id,3.2.4
p000093,haberler.com,adx.adform.net,request,2.6-202606,openrtb.type.mismatch,error,imp[0].tagid,3.2.4
p000094,haberler.com,adx.adform.net,request,2.6-202606,openrtb.type.mismatch,error,imp[0].id,3.2.4
p000094,haberler.com,adx.adform.net,request,2.6-202606,openrtb.type.mismatch,error,imp[0].tagid,3.2.4
p000095,haberler.com,adx.adform.net,request,2.6-202606,openrtb.type.mismatch,error,imp[0].id,3.2.4
p000095,haberler.com,adx.adform.net,request,2.6-202606,openrtb.type.mismatch,error,imp[0].tagid,3.2.4
p000096,haberler.com,adx.adform.net,request,2.6-202606,openrtb.type.mismatch,error,imp[0].id,3.2.4
p000096,haberler.com,adx.adform.net,request,2.6-202606,openrtb.type.mismatch,error,imp[0].tagid,3.2.4
p000097,haberler.com,adx.adform.net,request,2.6-202606,openrtb.type.mismatch,error,imp[0].id,3.2.4
p000097,haberler.com,adx.adform.net,request,2.6-202606,openrtb.type.mismatch,error,imp[0].tagid,3.2.4
p000098,haberler.com,adx.adform.net,request,2.6-202606,openrtb.type.mismatch,error,imp[0].id,3.2.4
p000098,haberler.com,adx.adform.net,request,2.6-202606,openrtb.type.mismatch,error,imp[0].tagid,3.2.4
p000099,haberler.com,adx.adform.net,request,2.6-202606,openrtb.type.mismatch,error,imp[0].id,3.2.4
p000099,haberler.com,adx.adform.net,request,2.6-202606,openrtb.type.mismatch,error,imp[0].tagid,3.2.4
p000100,haberler.com,adx.adform.net,request,2.6-202606,openrtb.type.mismatch,error,imp[0].id,3.2.4
p000100,haberler.com,adx.adform.net,request,2.6-202606,openrtb.type.mismatch,error,imp[0].tagid,3.2.4
p000101,haberler.com,adx.adform.net,request,2.6-202606,openrtb.type.mismatch,error,imp[0].id,3.2.4
p000101,haberler.com,adx.adform.net,request,2.6-202606,openrtb.type.mismatch,error,imp[0].tagid,3.2.4
p000102,mthai.com,adx.adform.net,request,2.6-202606,openrtb.type.mismatch,error,imp[0].id,3.2.4
p000102,mthai.com,adx.adform.net,request,2.6-202606,openrtb.type.mismatch,error,imp[1].id,3.2.4
p000102,mthai.com,adx.adform.net,request,2.6-202606,openrtb.type.mismatch,error,imp[2].id,3.2.4
p000102,mthai.com,adx.adform.net,request,2.6-202606,openrtb.field.undefined,error,imp[2].video.context,3.2.7
p000102,mthai.com,adx.adform.net,request,2.6-202606,openrtb.field.deprecated,warning,imp[2].video.placement,Section 3.2.7
p000102,mthai.com,adx.adform.net,request,2.6-202606,openrtb.field.undefined,error,imp[2].video.playerSize,3.2.7
p000103,mthai.com,adx.adform.net,request,2.6-202606,openrtb.type.mismatch,error,imp[0].id,3.2.4
p000103,mthai.com,adx.adform.net,request,2.6-202606,openrtb.type.mismatch,error,imp[1].id,3.2.4
p000104,mthai.com,adx.adform.net,request,2.6-202606,openrtb.type.mismatch,error,imp[0].id,3.2.4
p000105,mthai.com,adx.adform.net,request,2.6-202606,openrtb.type.mismatch,error,imp[0].id,3.2.4
p000106,mthai.com,adx.adform.net,request,2.6-202606,openrtb.type.mismatch,error,imp[0].id,3.2.4
p000107,mthai.com,adx.adform.net,request,2.6-202606,openrtb.type.mismatch,error,imp[0].id,3.2.4
p000108,mthai.com,adx.adform.net,request,2.6-202606,openrtb.type.mismatch,error,imp[0].id,3.2.4
p000108,mthai.com,adx.adform.net,request,2.6-202606,openrtb.type.mismatch,error,imp[1].id,3.2.4
p000108,mthai.com,adx.adform.net,request,2.6-202606,openrtb.type.mismatch,error,imp[2].id,3.2.4
p000108,mthai.com,adx.adform.net,request,2.6-202606,openrtb.field.undefined,error,imp[2].video.context,3.2.7
p000108,mthai.com,adx.adform.net,request,2.6-202606,openrtb.field.deprecated,warning,imp[2].video.placement,Section 3.2.7
p000108,mthai.com,adx.adform.net,request,2.6-202606,openrtb.field.undefined,error,imp[2].video.playerSize,3.2.7
p000109,mthai.com,adx.adform.net,request,2.6-202606,openrtb.type.mismatch,error,imp[0].id,3.2.4
p000109,mthai.com,adx.adform.net,request,2.6-202606,openrtb.type.mismatch,error,imp[1].id,3.2.4
p000109,mthai.com,adx.adform.net,request,2.6-202606,openrtb.type.mismatch,error,imp[2].id,3.2.4
p000109,mthai.com,adx.adform.net,request,2.6-202606,openrtb.field.undefined,error,imp[2].video.context,3.2.7
p000109,mthai.com,adx.adform.net,request,2.6-202606,openrtb.field.deprecated,warning,imp[2].video.placement,Section 3.2.7
p000109,mthai.com,adx.adform.net,request,2.6-202606,openrtb.field.undefined,error,imp[2].video.playerSize,3.2.7
p000110,mthai.com,adx.adform.net,request,2.6-202606,openrtb.type.mismatch,error,imp[0].id,3.2.4
p000110,mthai.com,adx.adform.net,request,2.6-202606,openrtb.type.mismatch,error,imp[1].id,3.2.4
p000111,mthai.com,adx.adform.net,request,2.6-202606,openrtb.type.mismatch,error,imp[0].id,3.2.4
p000111,mthai.com,adx.adform.net,request,2.6-202606,openrtb.type.mismatch,error,imp[1].id,3.2.4
p000112,mthai.com,adx.adform.net,request,2.6-202606,openrtb.type.mismatch,error,imp[0].id,3.2.4
p000113,mthai.com,adx.adform.net,request,2.6-202606,openrtb.type.mismatch,error,imp[0].id,3.2.4
p000114,mthai.com,adx.adform.net,request,2.6-202606,openrtb.type.mismatch,error,imp[0].id,3.2.4
p000115,mthai.com,adx.adform.net,request,2.6-202606,openrtb.type.mismatch,error,imp[0].id,3.2.4
p000116,mthai.com,adx.adform.net,request,2.6-202606,openrtb.type.mismatch,error,imp[0].id,3.2.4
p000117,mthai.com,adx.adform.net,request,2.6-202606,openrtb.type.mismatch,error,imp[0].id,3.2.4
p000118,mthai.com,adx.adform.net,request,2.6-202606,openrtb.type.mismatch,error,imp[0].id,3.2.4
p000119,mthai.com,adx.adform.net,request,2.6-202606,openrtb.type.mismatch,error,imp[0].id,3.2.4
p000120,prosport.ro,adx.adform.net,request,2.6-202606,openrtb.type.mismatch,error,imp[0].id,3.2.4
p000120,prosport.ro,adx.adform.net,request,2.6-202606,openrtb.type.mismatch,error,imp[1].id,3.2.4
p000120,prosport.ro,adx.adform.net,request,2.6-202606,openrtb.type.mismatch,error,imp[2].id,3.2.4
p000120,prosport.ro,adx.adform.net,request,2.6-202606,openrtb.type.mismatch,error,imp[3].id,3.2.4
p000120,prosport.ro,adx.adform.net,request,2.6-202606,openrtb.type.mismatch,error,imp[4].id,3.2.4
p000120,prosport.ro,adx.adform.net,request,2.6-202606,openrtb.type.mismatch,error,imp[5].id,3.2.4
p000120,prosport.ro,adx.adform.net,request,2.6-202606,openrtb.type.mismatch,error,imp[6].id,3.2.4
p000120,prosport.ro,adx.adform.net,request,2.6-202606,openrtb.type.mismatch,error,imp[7].id,3.2.4
p000120,prosport.ro,adx.adform.net,request,2.6-202606,openrtb.type.mismatch,error,imp[8].id,3.2.4
p000120,prosport.ro,adx.adform.net,request,2.6-202606,openrtb.field.moved,error,regs.ext.gdpr,Section 3.2.3
p000120,prosport.ro,adx.adform.net,request,2.6-202606,openrtb.field.moved,error,user.ext.consent,Section 3.2.20
p000121,prosport.ro,adx.adform.net,request,2.6-202606,openrtb.type.mismatch,error,imp[0].id,3.2.4
p000121,prosport.ro,adx.adform.net,request,2.6-202606,openrtb.field.moved,error,regs.ext.gdpr,Section 3.2.3
p000121,prosport.ro,adx.adform.net,request,2.6-202606,openrtb.field.moved,error,user.ext.consent,Section 3.2.20
p000122,prosport.ro,adx.adform.net,request,2.6-202606,openrtb.type.mismatch,error,imp[0].id,3.2.4
p000122,prosport.ro,adx.adform.net,request,2.6-202606,openrtb.type.mismatch,error,imp[1].id,3.2.4
p000122,prosport.ro,adx.adform.net,request,2.6-202606,openrtb.type.mismatch,error,imp[2].id,3.2.4
p000122,prosport.ro,adx.adform.net,request,2.6-202606,openrtb.field.moved,error,regs.ext.gdpr,Section 3.2.3
p000122,prosport.ro,adx.adform.net,request,2.6-202606,openrtb.field.moved,error,user.ext.consent,Section 3.2.20
p000123,sozcu.com.tr,adx.adform.net,request,2.6-202606,openrtb.type.mismatch,error,imp[0].id,3.2.4
p000123,sozcu.com.tr,adx.adform.net,request,2.6-202606,openrtb.type.mismatch,error,imp[0].tagid,3.2.4
p000123,sozcu.com.tr,adx.adform.net,request,2.6-202606,openrtb.type.mismatch,error,imp[1].id,3.2.4
p000123,sozcu.com.tr,adx.adform.net,request,2.6-202606,openrtb.type.mismatch,error,imp[1].tagid,3.2.4
p000123,sozcu.com.tr,adx.adform.net,request,2.6-202606,openrtb.type.mismatch,error,imp[2].id,3.2.4
p000123,sozcu.com.tr,adx.adform.net,request,2.6-202606,openrtb.type.mismatch,error,imp[2].tagid,3.2.4
p000123,sozcu.com.tr,adx.adform.net,request,2.6-202606,openrtb.type.mismatch,error,imp[3].id,3.2.4
p000123,sozcu.com.tr,adx.adform.net,request,2.6-202606,openrtb.type.mismatch,error,imp[3].tagid,3.2.4
p000124,sozcu.com.tr,adx.adform.net,request,2.6-202606,openrtb.field.moved,error,regs.ext.gdpr,Section 3.2.3
p000125,sozcu.com.tr,adx.adform.net,request,2.6-202606,openrtb.type.mismatch,error,imp[0].id,3.2.4
p000125,sozcu.com.tr,adx.adform.net,request,2.6-202606,openrtb.type.mismatch,error,imp[0].tagid,3.2.4
p000126,sozcu.com.tr,adx.adform.net,request,2.6-202606,openrtb.field.deprecated,warning,imp[1].video.placement,Section 3.2.7
p000126,sozcu.com.tr,adx.adform.net,request,2.6-202606,openrtb.field.moved,error,regs.ext.gdpr,Section 3.2.3
p000126,sozcu.com.tr,adx.adform.net,request,2.6-202606,openrtb.field.moved,error,user.ext.consent,Section 3.2.20
p000127,sozcu.com.tr,adx.adform.net,request,2.6-202606,openrtb.type.mismatch,error,imp[0].id,3.2.4
p000127,sozcu.com.tr,adx.adform.net,request,2.6-202606,openrtb.type.mismatch,error,imp[0].tagid,3.2.4
p000128,sozcu.com.tr,adx.adform.net,request,2.6-202606,openrtb.type.mismatch,error,imp[0].id,3.2.4
p000128,sozcu.com.tr,adx.adform.net,request,2.6-202606,openrtb.type.mismatch,error,imp[0].tagid,3.2.4
p000129,sozcu.com.tr,adx.adform.net,request,2.6-202606,openrtb.type.mismatch,error,imp[0].id,3.2.4
p000129,sozcu.com.tr,adx.adform.net,request,2.6-202606,openrtb.type.mismatch,error,imp[0].tagid,3.2.4
p000129,sozcu.com.tr,adx.adform.net,request,2.6-202606,openrtb.type.mismatch,error,imp[1].id,3.2.4
p000129,sozcu.com.tr,adx.adform.net,request,2.6-202606,openrtb.type.mismatch,error,imp[1].tagid,3.2.4
p000129,sozcu.com.tr,adx.adform.net,request,2.6-202606,openrtb.type.mismatch,error,imp[2].id,3.2.4
p000129,sozcu.com.tr,adx.adform.net,request,2.6-202606,openrtb.type.mismatch,error,imp[2].tagid,3.2.4
p000129,sozcu.com.tr,adx.adform.net,request,2.6-202606,openrtb.type.mismatch,error,imp[3].id,3.2.4
p000129,sozcu.com.tr,adx.adform.net,request,2.6-202606,openrtb.type.mismatch,error,imp[3].tagid,3.2.4
p000130,sozcu.com.tr,adx.adform.net,request,2.6-202606,openrtb.type.mismatch,error,imp[0].id,3.2.4
p000130,sozcu.com.tr,adx.adform.net,request,2.6-202606,openrtb.type.mismatch,error,imp[0].tagid,3.2.4
p000131,sozcu.com.tr,adx.adform.net,request,2.6-202606,openrtb.type.mismatch,error,imp[0].id,3.2.4
p000131,sozcu.com.tr,adx.adform.net,request,2.6-202606,openrtb.type.mismatch,error,imp[0].tagid,3.2.4
p000132,sozcu.com.tr,adx.adform.net,request,2.6-202606,openrtb.field.deprecated,warning,imp[1].video.placement,Section 3.2.7
p000132,sozcu.com.tr,adx.adform.net,request,2.6-202606,openrtb.field.moved,error,regs.ext.gdpr,Section 3.2.3
p000133,sozcu.com.tr,adx.adform.net,request,2.6-202606,openrtb.field.deprecated,warning,imp[1].video.placement,Section 3.2.7
p000133,sozcu.com.tr,adx.adform.net,request,2.6-202606,openrtb.field.moved,error,regs.ext.gdpr,Section 3.2.3
p000133,sozcu.com.tr,adx.adform.net,request,2.6-202606,openrtb.field.moved,error,user.ext.consent,Section 3.2.20
p000134,sozcu.com.tr,adx.adform.net,request,2.6-202606,openrtb.field.deprecated,warning,imp[1].video.placement,Section 3.2.7
p000134,sozcu.com.tr,adx.adform.net,request,2.6-202606,openrtb.field.moved,error,regs.ext.gdpr,Section 3.2.3
p000134,sozcu.com.tr,adx.adform.net,request,2.6-202606,openrtb.field.moved,error,user.ext.consent,Section 3.2.20
p000135,sozcu.com.tr,adx.adform.net,request,2.6-202606,openrtb.field.deprecated,warning,imp[1].video.placement,Section 3.2.7
p000135,sozcu.com.tr,adx.adform.net,request,2.6-202606,openrtb.field.moved,error,regs.ext.gdpr,Section 3.2.3
p000135,sozcu.com.tr,adx.adform.net,request,2.6-202606,openrtb.field.moved,error,user.ext.consent,Section 3.2.20
p000136,tio.ch,adx.adform.net,request,2.6-202606,openrtb.field.deprecated,warning,imp[0].video.placement,Section 3.2.7
p000136,tio.ch,adx.adform.net,request,2.6-202606,openrtb.value.invalid,error,imp[0].video.skip,3.2.7
p000136,tio.ch,adx.adform.net,request,2.6-202606,openrtb.field.moved,error,regs.ext.gdpr,Section 3.2.3
p000136,tio.ch,adx.adform.net,request,2.6-202606,openrtb.field.moved,error,user.ext.consent,Section 3.2.20
p000137,tio.ch,adx.adform.net,request,2.6-202606,openrtb.field.deprecated,warning,imp[0].video.placement,Section 3.2.7
p000137,tio.ch,adx.adform.net,request,2.6-202606,openrtb.value.invalid,error,imp[0].video.skip,3.2.7
p000137,tio.ch,adx.adform.net,request,2.6-202606,openrtb.field.moved,error,regs.ext.gdpr,Section 3.2.3
p000137,tio.ch,adx.adform.net,request,2.6-202606,openrtb.field.moved,error,user.ext.consent,Section 3.2.20
p000138,tio.ch,adx.adform.net,request,2.6-202606,openrtb.field.moved,error,regs.ext.gdpr,Section 3.2.3
p000138,tio.ch,adx.adform.net,request,2.6-202606,openrtb.field.moved,error,user.ext.consent,Section 3.2.20
p000139,tio.ch,adx.adform.net,request,2.6-202606,openrtb.field.moved,error,regs.ext.gdpr,Section 3.2.3
p000139,tio.ch,adx.adform.net,request,2.6-202606,openrtb.field.moved,error,user.ext.consent,Section 3.2.20
p000140,tio.ch,adx.adform.net,request,2.6-202606,openrtb.field.moved,error,regs.ext.gdpr,Section 3.2.3
p000140,tio.ch,adx.adform.net,request,2.6-202606,openrtb.field.moved,error,user.ext.consent,Section 3.2.20
p000141,tio.ch,adx.adform.net,request,2.6-202606,openrtb.field.moved,error,regs.ext.gdpr,Section 3.2.3
p000141,tio.ch,adx.adform.net,request,2.6-202606,openrtb.field.moved,error,user.ext.consent,Section 3.2.20
p000142,tio.ch,adx.adform.net,request,2.6-202606,openrtb.field.moved,error,regs.ext.gdpr,Section 3.2.3
p000142,tio.ch,adx.adform.net,request,2.6-202606,openrtb.field.moved,error,user.ext.consent,Section 3.2.20
p000143,tio.ch,adx.adform.net,request,2.6-202606,openrtb.field.moved,error,regs.ext.gdpr,Section 3.2.3
p000143,tio.ch,adx.adform.net,request,2.6-202606,openrtb.field.moved,error,user.ext.consent,Section 3.2.20
p000144,tio.ch,adx.adform.net,request,2.6-202606,openrtb.field.moved,error,regs.ext.gdpr,Section 3.2.3
p000144,tio.ch,adx.adform.net,request,2.6-202606,openrtb.field.moved,error,user.ext.consent,Section 3.2.20
p000145,tio.ch,adx.adform.net,request,2.6-202606,openrtb.field.moved,error,regs.ext.gdpr,Section 3.2.3
p000145,tio.ch,adx.adform.net,request,2.6-202606,openrtb.field.moved,error,user.ext.consent,Section 3.2.20
p000146,tio.ch,adx.adform.net,request,2.6-202606,openrtb.field.moved,error,regs.ext.gdpr,Section 3.2.3
p000146,tio.ch,adx.adform.net,request,2.6-202606,openrtb.field.moved,error,user.ext.consent,Section 3.2.20
p000147,tio.ch,adx.adform.net,request,2.6-202606,openrtb.field.moved,error,regs.ext.gdpr,Section 3.2.3
p000147,tio.ch,adx.adform.net,request,2.6-202606,openrtb.field.moved,error,user.ext.consent,Section 3.2.20
p000148,tio.ch,adx.adform.net,request,2.6-202606,openrtb.field.moved,error,regs.ext.gdpr,Section 3.2.3
p000148,tio.ch,adx.adform.net,request,2.6-202606,openrtb.field.moved,error,user.ext.consent,Section 3.2.20
p000149,tio.ch,adx.adform.net,request,2.6-202606,openrtb.field.moved,error,regs.ext.gdpr,Section 3.2.3
p000149,tio.ch,adx.adform.net,request,2.6-202606,openrtb.field.moved,error,user.ext.consent,Section 3.2.20
p000150,tio.ch,adx.adform.net,request,2.6-202606,openrtb.field.moved,error,regs.ext.gdpr,Section 3.2.3
p000150,tio.ch,adx.adform.net,request,2.6-202606,openrtb.field.moved,error,user.ext.consent,Section 3.2.20
p000151,tio.ch,adx.adform.net,request,2.6-202606,openrtb.field.moved,error,regs.ext.gdpr,Section 3.2.3
p000151,tio.ch,adx.adform.net,request,2.6-202606,openrtb.field.moved,error,user.ext.consent,Section 3.2.20
p000152,tio.ch,adx.adform.net,request,2.6-202606,openrtb.field.moved,error,regs.ext.gdpr,Section 3.2.3
p000152,tio.ch,adx.adform.net,request,2.6-202606,openrtb.field.moved,error,user.ext.consent,Section 3.2.20
p000153,cornucopia.se,adx.adform.net,response,2.6-202606,openrtb.bid.mtype_missing,warning,seatbid[0].bid[0].mtype,4.2.3
p000154,cornucopia.se,adx.adform.net,response,2.6-202606,openrtb.bid.mtype_missing,warning,seatbid[0].bid[0].mtype,4.2.3
p000155,elespectador.com,adx2.adform.net,request,2.6-202606,openrtb.field.deprecated,warning,imp[2].video.placement,Section 3.2.7
p000155,elespectador.com,adx2.adform.net,request,2.6-202606,openrtb.field.deprecated,warning,imp[3].video.placement,Section 3.2.7
p000155,elespectador.com,adx2.adform.net,request,2.6-202606,openrtb.field.moved,error,regs.ext.gdpr,Section 3.2.3
p000155,elespectador.com,adx2.adform.net,request,2.6-202606,openrtb.field.moved,error,user.ext.consent,Section 3.2.20
p000156,elespectador.com,adx2.adform.net,request,2.6-202606,openrtb.field.deprecated,warning,imp[2].video.placement,Section 3.2.7
p000156,elespectador.com,adx2.adform.net,request,2.6-202606,openrtb.field.deprecated,warning,imp[3].video.placement,Section 3.2.7
p000156,elespectador.com,adx2.adform.net,request,2.6-202606,openrtb.field.moved,error,regs.ext.gdpr,Section 3.2.3
p000156,elespectador.com,adx2.adform.net,request,2.6-202606,openrtb.field.moved,error,user.ext.consent,Section 3.2.20
p000160,nesn.com,amspbs.com,response,2.6-202606,openrtb.bid.mtype_missing,warning,seatbid[0].bid[0].mtype,4.2.3
p000162,nesn.com,amspbs.com,response,2.6-202606,openrtb.bid.mtype_missing,warning,seatbid[1].bid[0].mtype,4.2.3
p000162,nesn.com,amspbs.com,response,2.6-202606,openrtb.bid.mtype_missing,warning,seatbid[1].bid[1].mtype,4.2.3
p000162,nesn.com,amspbs.com,response,2.6-202606,openrtb.bid.mtype_missing,warning,seatbid[1].bid[2].mtype,4.2.3
p000163,cityam.com,ap.lijit.com,request,2.6-202606,openrtb.field.undefined,error,imp[0].adunitcode,3.2.4
p000164,cityam.com,ap.lijit.com,request,2.6-202606,openrtb.field.undefined,error,imp[0].adunitcode,3.2.4
p000165,cityam.com,ap.lijit.com,request,2.6-202606,openrtb.field.undefined,error,imp[0].adunitcode,3.2.4
p000166,cityam.com,ap.lijit.com,request,2.6-202606,openrtb.field.undefined,error,imp[0].adunitcode,3.2.4
p000167,cityam.com,ap.lijit.com,request,2.6-202606,openrtb.field.undefined,error,imp[0].adunitcode,3.2.4
p000168,cityam.com,ap.lijit.com,request,2.6-202606,openrtb.field.undefined,error,imp[0].adunitcode,3.2.4
p000169,cityam.com,ap.lijit.com,request,2.6-202606,openrtb.field.undefined,error,imp[0].adunitcode,3.2.4
p000170,cityam.com,ap.lijit.com,request,2.6-202606,openrtb.field.undefined,error,imp[0].adunitcode,3.2.4
p000171,cityam.com,ap.lijit.com,request,2.6-202606,openrtb.field.undefined,error,imp[0].adunitcode,3.2.4
p000172,cityam.com,ap.lijit.com,request,2.6-202606,openrtb.field.undefined,error,imp[0].adunitcode,3.2.4
p000173,cycletrader.com,ap.lijit.com,request,2.6-202606,openrtb.field.undefined,error,imp[0].adunitcode,3.2.4
p000173,cycletrader.com,ap.lijit.com,request,2.6-202606,openrtb.field.undefined,error,imp[1].adunitcode,3.2.4
p000173,cycletrader.com,ap.lijit.com,request,2.6-202606,openrtb.field.undefined,error,imp[2].adunitcode,3.2.4
p000173,cycletrader.com,ap.lijit.com,request,2.6-202606,openrtb.field.undefined,error,imp[3].adunitcode,3.2.4
p000174,cycletrader.com,ap.lijit.com,request,2.6-202606,openrtb.field.undefined,error,imp[0].adunitcode,3.2.4
p000174,cycletrader.com,ap.lijit.com,request,2.6-202606,openrtb.field.undefined,error,imp[1].adunitcode,3.2.4
p000174,cycletrader.com,ap.lijit.com,request,2.6-202606,openrtb.field.undefined,error,imp[2].adunitcode,3.2.4
p000175,cycletrader.com,ap.lijit.com,request,2.6-202606,openrtb.field.undefined,error,imp[0].adunitcode,3.2.4
p000175,cycletrader.com,ap.lijit.com,request,2.6-202606,openrtb.field.undefined,error,imp[1].adunitcode,3.2.4
p000176,cycletrader.com,ap.lijit.com,request,2.6-202606,openrtb.field.undefined,error,imp[0].adunitcode,3.2.4
p000176,cycletrader.com,ap.lijit.com,request,2.6-202606,openrtb.field.undefined,error,imp[1].adunitcode,3.2.4
p000176,cycletrader.com,ap.lijit.com,request,2.6-202606,openrtb.field.undefined,error,imp[2].adunitcode,3.2.4
p000176,cycletrader.com,ap.lijit.com,request,2.6-202606,openrtb.field.undefined,error,imp[3].adunitcode,3.2.4
p000177,cycletrader.com,ap.lijit.com,request,2.6-202606,openrtb.field.undefined,error,imp[0].adunitcode,3.2.4
p000177,cycletrader.com,ap.lijit.com,request,2.6-202606,openrtb.field.undefined,error,imp[1].adunitcode,3.2.4
p000177,cycletrader.com,ap.lijit.com,request,2.6-202606,openrtb.field.undefined,error,imp[2].adunitcode,3.2.4
p000177,cycletrader.com,ap.lijit.com,request,2.6-202606,openrtb.field.undefined,error,imp[3].adunitcode,3.2.4
p000178,cycletrader.com,ap.lijit.com,request,2.6-202606,openrtb.field.undefined,error,imp[0].adunitcode,3.2.4
p000178,cycletrader.com,ap.lijit.com,request,2.6-202606,openrtb.field.undefined,error,imp[1].adunitcode,3.2.4
p000178,cycletrader.com,ap.lijit.com,request,2.6-202606,openrtb.field.undefined,error,imp[2].adunitcode,3.2.4
p000178,cycletrader.com,ap.lijit.com,request,2.6-202606,openrtb.field.undefined,error,imp[3].adunitcode,3.2.4
p000178,cycletrader.com,ap.lijit.com,request,2.6-202606,openrtb.field.undefined,error,imp[4].adunitcode,3.2.4
p000178,cycletrader.com,ap.lijit.com,request,2.6-202606,openrtb.field.undefined,error,imp[5].adunitcode,3.2.4
p000178,cycletrader.com,ap.lijit.com,request,2.6-202606,openrtb.field.undefined,error,imp[6].adunitcode,3.2.4
p000178,cycletrader.com,ap.lijit.com,request,2.6-202606,openrtb.field.undefined,error,imp[7].adunitcode,3.2.4
p000178,cycletrader.com,ap.lijit.com,request,2.6-202606,openrtb.field.undefined,error,imp[8].adunitcode,3.2.4
p000178,cycletrader.com,ap.lijit.com,request,2.6-202606,openrtb.field.undefined,error,imp[9].adunitcode,3.2.4
p000178,cycletrader.com,ap.lijit.com,request,2.6-202606,openrtb.field.undefined,error,imp[10].adunitcode,3.2.4
p000178,cycletrader.com,ap.lijit.com,request,2.6-202606,openrtb.field.undefined,error,imp[11].adunitcode,3.2.4
p000178,cycletrader.com,ap.lijit.com,request,2.6-202606,openrtb.field.undefined,error,imp[12].adunitcode,3.2.4
p000178,cycletrader.com,ap.lijit.com,request,2.6-202606,openrtb.field.undefined,error,imp[13].adunitcode,3.2.4
p000179,elespectador.com,ap.lijit.com,request,2.6-202606,openrtb.field.undefined,error,imp[0].adunitcode,3.2.4
p000179,elespectador.com,ap.lijit.com,request,2.6-202606,openrtb.field.moved,error,regs.ext.gdpr,Section 3.2.3
p000179,elespectador.com,ap.lijit.com,request,2.6-202606,openrtb.field.moved,error,user.ext.consent,Section 3.2.20
p000180,elespectador.com,ap.lijit.com,request,2.6-202606,openrtb.field.undefined,error,imp[0].adunitcode,3.2.4
p000180,elespectador.com,ap.lijit.com,request,2.6-202606,openrtb.field.undefined,error,imp[1].adunitcode,3.2.4
p000180,elespectador.com,ap.lijit.com,request,2.6-202606,openrtb.field.undefined,error,imp[2].adunitcode,3.2.4
p000180,elespectador.com,ap.lijit.com,request,2.6-202606,openrtb.field.deprecated,warning,imp[2].video.placement,Section 3.2.7
p000180,elespectador.com,ap.lijit.com,request,2.6-202606,openrtb.field.undefined,error,imp[3].adunitcode,3.2.4
p000180,elespectador.com,ap.lijit.com,request,2.6-202606,openrtb.field.deprecated,warning,imp[3].video.placement,Section 3.2.7
p000180,elespectador.com,ap.lijit.com,request,2.6-202606,openrtb.field.moved,error,regs.ext.gdpr,Section 3.2.3
p000180,elespectador.com,ap.lijit.com,request,2.6-202606,openrtb.field.moved,error,user.ext.consent,Section 3.2.20
p000181,elespectador.com,ap.lijit.com,request,2.6-202606,openrtb.field.undefined,error,imp[0].adunitcode,3.2.4
p000181,elespectador.com,ap.lijit.com,request,2.6-202606,openrtb.field.undefined,error,imp[1].adunitcode,3.2.4
p000181,elespectador.com,ap.lijit.com,request,2.6-202606,openrtb.field.moved,error,regs.ext.gdpr,Section 3.2.3
p000181,elespectador.com,ap.lijit.com,request,2.6-202606,openrtb.field.moved,error,user.ext.consent,Section 3.2.20
p000182,elespectador.com,ap.lijit.com,request,2.6-202606,openrtb.field.undefined,error,imp[0].adunitcode,3.2.4
p000182,elespectador.com,ap.lijit.com,request,2.6-202606,openrtb.field.moved,error,regs.ext.gdpr,Section 3.2.3
p000182,elespectador.com,ap.lijit.com,request,2.6-202606,openrtb.field.moved,error,user.ext.consent,Section 3.2.20
p000183,elespectador.com,ap.lijit.com,request,2.6-202606,openrtb.field.undefined,error,imp[0].adunitcode,3.2.4
p000183,elespectador.com,ap.lijit.com,request,2.6-202606,openrtb.field.undefined,error,imp[1].adunitcode,3.2.4
p000183,elespectador.com,ap.lijit.com,request,2.6-202606,openrtb.field.undefined,error,imp[2].adunitcode,3.2.4
p000183,elespectador.com,ap.lijit.com,request,2.6-202606,openrtb.field.deprecated,warning,imp[2].video.placement,Section 3.2.7
p000183,elespectador.com,ap.lijit.com,request,2.6-202606,openrtb.field.undefined,error,imp[3].adunitcode,3.2.4
p000183,elespectador.com,ap.lijit.com,request,2.6-202606,openrtb.field.deprecated,warning,imp[3].video.placement,Section 3.2.7
p000183,elespectador.com,ap.lijit.com,request,2.6-202606,openrtb.field.moved,error,regs.ext.gdpr,Section 3.2.3
p000183,elespectador.com,ap.lijit.com,request,2.6-202606,openrtb.field.moved,error,user.ext.consent,Section 3.2.20
p000184,elespectador.com,ap.lijit.com,request,2.6-202606,openrtb.field.undefined,error,imp[0].adunitcode,3.2.4
p000184,elespectador.com,ap.lijit.com,request,2.6-202606,openrtb.field.moved,error,regs.ext.gdpr,Section 3.2.3
p000184,elespectador.com,ap.lijit.com,request,2.6-202606,openrtb.field.moved,error,user.ext.consent,Section 3.2.20
p000185,elespectador.com,ap.lijit.com,request,2.6-202606,openrtb.field.undefined,error,imp[0].adunitcode,3.2.4
p000185,elespectador.com,ap.lijit.com,request,2.6-202606,openrtb.field.moved,error,regs.ext.gdpr,Section 3.2.3
p000185,elespectador.com,ap.lijit.com,request,2.6-202606,openrtb.field.moved,error,user.ext.consent,Section 3.2.20
p000186,elespectador.com,ap.lijit.com,request,2.6-202606,openrtb.field.undefined,error,imp[0].adunitcode,3.2.4
p000186,elespectador.com,ap.lijit.com,request,2.6-202606,openrtb.field.undefined,error,imp[1].adunitcode,3.2.4
p000186,elespectador.com,ap.lijit.com,request,2.6-202606,openrtb.field.moved,error,regs.ext.gdpr,Section 3.2.3
p000186,elespectador.com,ap.lijit.com,request,2.6-202606,openrtb.field.moved,error,user.ext.consent,Section 3.2.20
p000187,epravda.com.ua,ap.lijit.com,request,2.6-202606,openrtb.field.undefined,error,imp[0].adunitcode,3.2.4
p000188,epravda.com.ua,ap.lijit.com,request,2.6-202606,openrtb.field.undefined,error,imp[0].adunitcode,3.2.4
p000189,fox11online.com,ap.lijit.com,request,2.6-202606,openrtb.field.undefined,error,imp[0].adunitcode,3.2.4
p000190,fox11online.com,ap.lijit.com,request,2.6-202606,openrtb.field.undefined,error,imp[0].adunitcode,3.2.4
p000191,fox11online.com,ap.lijit.com,request,2.6-202606,openrtb.field.undefined,error,imp[0].adunitcode,3.2.4
p000192,fox11online.com,ap.lijit.com,request,2.6-202606,openrtb.field.undefined,error,imp[0].adunitcode,3.2.4
p000193,fox11online.com,ap.lijit.com,request,2.6-202606,openrtb.field.undefined,error,imp[0].adunitcode,3.2.4
p000194,fox11online.com,ap.lijit.com,request,2.6-202606,openrtb.field.undefined,error,imp[0].adunitcode,3.2.4
p000195,fox11online.com,ap.lijit.com,request,2.6-202606,openrtb.field.undefined,error,imp[0].adunitcode,3.2.4
p000195,fox11online.com,ap.lijit.com,request,2.6-202606,openrtb.field.undefined,error,imp[1].adunitcode,3.2.4
p000195,fox11online.com,ap.lijit.com,request,2.6-202606,openrtb.field.undefined,error,imp[2].adunitcode,3.2.4
p000195,fox11online.com,ap.lijit.com,request,2.6-202606,openrtb.field.undefined,error,imp[3].adunitcode,3.2.4
p000195,fox11online.com,ap.lijit.com,request,2.6-202606,openrtb.field.undefined,error,imp[4].adunitcode,3.2.4
p000195,fox11online.com,ap.lijit.com,request,2.6-202606,openrtb.field.undefined,error,imp[5].adunitcode,3.2.4
p000195,fox11online.com,ap.lijit.com,request,2.6-202606,openrtb.field.undefined,error,imp[6].adunitcode,3.2.4
p000195,fox11online.com,ap.lijit.com,request,2.6-202606,openrtb.field.undefined,error,imp[7].adunitcode,3.2.4
p000195,fox11online.com,ap.lijit.com,request,2.6-202606,openrtb.field.undefined,error,imp[8].adunitcode,3.2.4
p000195,fox11online.com,ap.lijit.com,request,2.6-202606,openrtb.field.undefined,error,imp[9].adunitcode,3.2.4
p000195,fox11online.com,ap.lijit.com,request,2.6-202606,openrtb.field.undefined,error,imp[10].adunitcode,3.2.4
p000195,fox11online.com,ap.lijit.com,request,2.6-202606,openrtb.field.undefined,error,imp[11].adunitcode,3.2.4
p000196,fox11online.com,ap.lijit.com,request,2.6-202606,openrtb.field.undefined,error,imp[0].adunitcode,3.2.4
p000196,fox11online.com,ap.lijit.com,request,2.6-202606,openrtb.field.deprecated,warning,imp[0].video.placement,Section 3.2.7
p000196,fox11online.com,ap.lijit.com,request,2.6-202606,openrtb.field.undefined,error,imp[1].adunitcode,3.2.4
p000196,fox11online.com,ap.lijit.com,request,2.6-202606,openrtb.field.deprecated,warning,imp[1].video.placement,Section 3.2.7
p000196,fox11online.com,ap.lijit.com,request,2.6-202606,openrtb.field.undefined,error,imp[2].adunitcode,3.2.4
p000196,fox11online.com,ap.lijit.com,request,2.6-202606,openrtb.field.deprecated,warning,imp[2].video.placement,Section 3.2.7
p000196,fox11online.com,ap.lijit.com,request,2.6-202606,openrtb.field.undefined,error,imp[3].adunitcode,3.2.4
p000196,fox11online.com,ap.lijit.com,request,2.6-202606,openrtb.field.deprecated,warning,imp[3].video.placement,Section 3.2.7
p000196,fox11online.com,ap.lijit.com,request,2.6-202606,openrtb.field.undefined,error,imp[4].adunitcode,3.2.4
p000196,fox11online.com,ap.lijit.com,request,2.6-202606,openrtb.field.deprecated,warning,imp[4].video.placement,Section 3.2.7
p000197,fox11online.com,ap.lijit.com,request,2.6-202606,openrtb.field.undefined,error,imp[0].adunitcode,3.2.4
p000197,fox11online.com,ap.lijit.com,request,2.6-202606,openrtb.field.undefined,error,imp[1].adunitcode,3.2.4
p000197,fox11online.com,ap.lijit.com,request,2.6-202606,openrtb.field.undefined,error,imp[2].adunitcode,3.2.4
p000197,fox11online.com,ap.lijit.com,request,2.6-202606,openrtb.field.undefined,error,imp[3].adunitcode,3.2.4
p000197,fox11online.com,ap.lijit.com,request,2.6-202606,openrtb.field.undefined,error,imp[4].adunitcode,3.2.4
p000197,fox11online.com,ap.lijit.com,request,2.6-202606,openrtb.field.undefined,error,imp[5].adunitcode,3.2.4
p000198,fox11online.com,ap.lijit.com,request,2.6-202606,openrtb.field.undefined,error,imp[0].adunitcode,3.2.4
p000198,fox11online.com,ap.lijit.com,request,2.6-202606,openrtb.field.deprecated,warning,imp[0].video.placement,Section 3.2.7
p000198,fox11online.com,ap.lijit.com,request,2.6-202606,openrtb.field.undefined,error,imp[1].adunitcode,3.2.4
p000198,fox11online.com,ap.lijit.com,request,2.6-202606,openrtb.field.deprecated,warning,imp[1].video.placement,Section 3.2.7
p000198,fox11online.com,ap.lijit.com,request,2.6-202606,openrtb.field.undefined,error,imp[2].adunitcode,3.2.4
p000198,fox11online.com,ap.lijit.com,request,2.6-202606,openrtb.field.deprecated,warning,imp[2].video.placement,Section 3.2.7
p000198,fox11online.com,ap.lijit.com,request,2.6-202606,openrtb.field.undefined,error,imp[3].adunitcode,3.2.4
p000198,fox11online.com,ap.lijit.com,request,2.6-202606,openrtb.field.deprecated,warning,imp[3].video.placement,Section 3.2.7
p000198,fox11online.com,ap.lijit.com,request,2.6-202606,openrtb.field.undefined,error,imp[4].adunitcode,3.2.4
p000198,fox11online.com,ap.lijit.com,request,2.6-202606,openrtb.field.deprecated,warning,imp[4].video.placement,Section 3.2.7
p000199,genealogy.com,ap.lijit.com,request,2.6-202606,openrtb.field.undefined,error,imp[0].adunitcode,3.2.4
p000200,genealogy.com,ap.lijit.com,request,2.6-202606,openrtb.field.undefined,error,imp[0].adunitcode,3.2.4
p000201,genealogy.com,ap.lijit.com,request,2.6-202606,openrtb.field.undefined,error,imp[0].adunitcode,3.2.4
p000202,genealogy.com,ap.lijit.com,request,2.6-202606,openrtb.field.undefined,error,imp[0].adunitcode,3.2.4
p000203,haberler.com,ap.lijit.com,request,2.6-202606,openrtb.field.undefined,error,imp[0].adunitcode,3.2.4
p000204,haberler.com,ap.lijit.com,request,2.6-202606,openrtb.field.undefined,error,imp[0].adunitcode,3.2.4
p000205,haberler.com,ap.lijit.com,request,2.6-202606,openrtb.field.undefined,error,imp[0].adunitcode,3.2.4
p000206,haberler.com,ap.lijit.com,request,2.6-202606,openrtb.field.undefined,error,imp[0].adunitcode,3.2.4
p000207,howlongtobeat.com,ap.lijit.com,request,2.6-202606,openrtb.field.undefined,error,imp[0].adunitcode,3.2.4
p000207,howlongtobeat.com,ap.lijit.com,request,2.6-202606,openrtb.field.undefined,error,imp[1].adunitcode,3.2.4
p000207,howlongtobeat.com,ap.lijit.com,request,2.6-202606,openrtb.field.undefined,error,imp[2].adunitcode,3.2.4
p000207,howlongtobeat.com,ap.lijit.com,request,2.6-202606,openrtb.field.undefined,error,imp[3].adunitcode,3.2.4
p000208,moly.hu,ap.lijit.com,request,2.6-202606,openrtb.field.undefined,error,imp[0].adunitcode,3.2.4
p000208,moly.hu,ap.lijit.com,request,2.6-202606,openrtb.field.undefined,error,imp[1].adunitcode,3.2.4
p000208,moly.hu,ap.lijit.com,request,2.6-202606,openrtb.field.undefined,error,imp[2].adunitcode,3.2.4
p000208,moly.hu,ap.lijit.com,request,2.6-202606,openrtb.field.undefined,error,imp[3].adunitcode,3.2.4
p000208,moly.hu,ap.lijit.com,request,2.6-202606,openrtb.field.undefined,error,imp[4].adunitcode,3.2.4
p000208,moly.hu,ap.lijit.com,request,2.6-202606,openrtb.field.undefined,error,imp[5].adunitcode,3.2.4
p000208,moly.hu,ap.lijit.com,request,2.6-202606,openrtb.field.undefined,error,imp[6].adunitcode,3.2.4
p000208,moly.hu,ap.lijit.com,request,2.6-202606,openrtb.field.undefined,error,imp[7].adunitcode,3.2.4
p000208,moly.hu,ap.lijit.com,request,2.6-202606,openrtb.field.undefined,error,imp[8].adunitcode,3.2.4
p000208,moly.hu,ap.lijit.com,request,2.6-202606,openrtb.field.undefined,error,imp[9].adunitcode,3.2.4
p000208,moly.hu,ap.lijit.com,request,2.6-202606,openrtb.field.moved,error,regs.ext.gdpr,Section 3.2.3
p000209,moly.hu,ap.lijit.com,request,2.6-202606,openrtb.field.undefined,error,imp[0].adunitcode,3.2.4
p000209,moly.hu,ap.lijit.com,request,2.6-202606,openrtb.field.undefined,error,imp[1].adunitcode,3.2.4
p000209,moly.hu,ap.lijit.com,request,2.6-202606,openrtb.field.undefined,error,imp[2].adunitcode,3.2.4
p000209,moly.hu,ap.lijit.com,request,2.6-202606,openrtb.field.undefined,error,imp[3].adunitcode,3.2.4
p000209,moly.hu,ap.lijit.com,request,2.6-202606,openrtb.field.undefined,error,imp[4].adunitcode,3.2.4
p000209,moly.hu,ap.lijit.com,request,2.6-202606,openrtb.field.undefined,error,imp[5].adunitcode,3.2.4
p000209,moly.hu,ap.lijit.com,request,2.6-202606,openrtb.field.undefined,error,imp[6].adunitcode,3.2.4
p000209,moly.hu,ap.lijit.com,request,2.6-202606,openrtb.field.moved,error,regs.ext.gdpr,Section 3.2.3
p000210,mthai.com,ap.lijit.com,request,2.6-202606,openrtb.field.undefined,error,imp[0].adunitcode,3.2.4
p000211,mthai.com,ap.lijit.com,request,2.6-202606,openrtb.field.undefined,error,imp[0].adunitcode,3.2.4
p000212,mthai.com,ap.lijit.com,request,2.6-202606,openrtb.field.undefined,error,imp[0].adunitcode,3.2.4
p000213,mthai.com,ap.lijit.com,request,2.6-202606,openrtb.field.undefined,error,imp[0].adunitcode,3.2.4
p000214,mthai.com,ap.lijit.com,request,2.6-202606,openrtb.field.undefined,error,imp[0].adunitcode,3.2.4
p000215,mthai.com,ap.lijit.com,request,2.6-202606,openrtb.field.undefined,error,imp[0].adunitcode,3.2.4
p000216,nationaltoday.com,ap.lijit.com,request,2.6-202606,openrtb.field.undefined,error,imp[0].adunitcode,3.2.4
p000216,nationaltoday.com,ap.lijit.com,request,2.6-202606,openrtb.field.undefined,error,imp[1].adunitcode,3.2.4
p000216,nationaltoday.com,ap.lijit.com,request,2.6-202606,openrtb.field.undefined,error,imp[2].adunitcode,3.2.4
p000216,nationaltoday.com,ap.lijit.com,request,2.6-202606,openrtb.field.undefined,error,imp[3].adunitcode,3.2.4
p000216,nationaltoday.com,ap.lijit.com,request,2.6-202606,openrtb.field.undefined,error,imp[4].adunitcode,3.2.4
p000216,nationaltoday.com,ap.lijit.com,request,2.6-202606,openrtb.field.undefined,error,imp[5].adunitcode,3.2.4
p000216,nationaltoday.com,ap.lijit.com,request,2.6-202606,openrtb.field.undefined,error,imp[6].adunitcode,3.2.4
p000216,nationaltoday.com,ap.lijit.com,request,2.6-202606,openrtb.field.undefined,error,imp[7].adunitcode,3.2.4
p000216,nationaltoday.com,ap.lijit.com,request,2.6-202606,openrtb.field.undefined,error,imp[8].adunitcode,3.2.4
p000216,nationaltoday.com,ap.lijit.com,request,2.6-202606,openrtb.field.undefined,error,imp[9].adunitcode,3.2.4
p000216,nationaltoday.com,ap.lijit.com,request,2.6-202606,openrtb.field.undefined,error,imp[10].adunitcode,3.2.4
p000216,nationaltoday.com,ap.lijit.com,request,2.6-202606,openrtb.field.undefined,error,imp[11].adunitcode,3.2.4
p000216,nationaltoday.com,ap.lijit.com,request,2.6-202606,openrtb.field.undefined,error,imp[12].adunitcode,3.2.4
p000216,nationaltoday.com,ap.lijit.com,request,2.6-202606,openrtb.field.moved,error,regs.ext.gdpr,Section 3.2.3
p000217,nationaltoday.com,ap.lijit.com,request,2.6-202606,openrtb.field.undefined,error,imp[0].adunitcode,3.2.4
p000217,nationaltoday.com,ap.lijit.com,request,2.6-202606,openrtb.field.undefined,error,imp[1].adunitcode,3.2.4
p000217,nationaltoday.com,ap.lijit.com,request,2.6-202606,openrtb.field.undefined,error,imp[2].adunitcode,3.2.4
p000217,nationaltoday.com,ap.lijit.com,request,2.6-202606,openrtb.field.moved,error,regs.ext.gdpr,Section 3.2.3
p000218,myjoyonline.com,ap.lijit.com,request,2.6-202606,openrtb.field.undefined,error,imp[0].adunitcode,3.2.4
p000218,myjoyonline.com,ap.lijit.com,request,2.6-202606,openrtb.field.moved,error,regs.ext.gdpr,Section 3.2.3
p000219,nesn.com,ap.lijit.com,request,2.6-202606,openrtb.field.undefined,error,imp[0].adunitcode,3.2.4
p000220,nationaltoday.com,ap.lijit.com,request,2.6-202606,openrtb.field.undefined,error,imp[0].adunitcode,3.2.4
p000220,nationaltoday.com,ap.lijit.com,request,2.6-202606,openrtb.field.undefined,error,imp[1].adunitcode,3.2.4
p000220,nationaltoday.com,ap.lijit.com,request,2.6-202606,openrtb.field.undefined,error,imp[2].adunitcode,3.2.4
p000220,nationaltoday.com,ap.lijit.com,request,2.6-202606,openrtb.field.undefined,error,imp[3].adunitcode,3.2.4
p000220,nationaltoday.com,ap.lijit.com,request,2.6-202606,openrtb.field.undefined,error,imp[4].adunitcode,3.2.4
p000220,nationaltoday.com,ap.lijit.com,request,2.6-202606,openrtb.field.undefined,error,imp[5].adunitcode,3.2.4
p000220,nationaltoday.com,ap.lijit.com,request,2.6-202606,openrtb.field.undefined,error,imp[6].adunitcode,3.2.4
p000220,nationaltoday.com,ap.lijit.com,request,2.6-202606,openrtb.field.undefined,error,imp[7].adunitcode,3.2.4
p000220,nationaltoday.com,ap.lijit.com,request,2.6-202606,openrtb.field.undefined,error,imp[8].adunitcode,3.2.4
p000220,nationaltoday.com,ap.lijit.com,request,2.6-202606,openrtb.field.undefined,error,imp[9].adunitcode,3.2.4
p000220,nationaltoday.com,ap.lijit.com,request,2.6-202606,openrtb.field.undefined,error,imp[10].adunitcode,3.2.4
p000220,nationaltoday.com,ap.lijit.com,request,2.6-202606,openrtb.field.undefined,error,imp[11].adunitcode,3.2.4
p000220,nationaltoday.com,ap.lijit.com,request,2.6-202606,openrtb.field.undefined,error,imp[12].adunitcode,3.2.4
p000220,nationaltoday.com,ap.lijit.com,request,2.6-202606,openrtb.field.moved,error,regs.ext.gdpr,Section 3.2.3
p000221,nesn.com,ap.lijit.com,request,2.6-202606,openrtb.field.undefined,error,imp[0].adunitcode,3.2.4
p000222,nesn.com,ap.lijit.com,request,2.6-202606,openrtb.field.undefined,error,imp[0].adunitcode,3.2.4
p000222,nesn.com,ap.lijit.com,request,2.6-202606,openrtb.field.undefined,error,imp[1].adunitcode,3.2.4
p000222,nesn.com,ap.lijit.com,request,2.6-202606,openrtb.field.undefined,error,imp[2].adunitcode,3.2.4
p000223,teletica.com,ap.lijit.com,request,2.6-202606,openrtb.field.undefined,error,imp[0].adunitcode,3.2.4
p000223,teletica.com,ap.lijit.com,request,2.6-202606,openrtb.field.moved,error,regs.ext.gdpr,Section 3.2.3
p000223,teletica.com,ap.lijit.com,request,2.6-202606,openrtb.field.moved,error,user.ext.consent,Section 3.2.20
p000224,teletica.com,ap.lijit.com,request,2.6-202606,openrtb.field.undefined,error,imp[0].adunitcode,3.2.4
p000224,teletica.com,ap.lijit.com,request,2.6-202606,openrtb.field.moved,error,regs.ext.gdpr,Section 3.2.3
p000224,teletica.com,ap.lijit.com,request,2.6-202606,openrtb.field.moved,error,user.ext.consent,Section 3.2.20
p000225,teletica.com,ap.lijit.com,request,2.6-202606,openrtb.field.undefined,error,imp[0].adunitcode,3.2.4
p000225,teletica.com,ap.lijit.com,request,2.6-202606,openrtb.field.moved,error,regs.ext.gdpr,Section 3.2.3
p000225,teletica.com,ap.lijit.com,request,2.6-202606,openrtb.field.moved,error,user.ext.consent,Section 3.2.20
p000226,teletica.com,ap.lijit.com,request,2.6-202606,openrtb.field.undefined,error,imp[0].adunitcode,3.2.4
p000226,teletica.com,ap.lijit.com,request,2.6-202606,openrtb.field.moved,error,regs.ext.gdpr,Section 3.2.3
p000226,teletica.com,ap.lijit.com,request,2.6-202606,openrtb.field.moved,error,user.ext.consent,Section 3.2.20
p000227,upi.com,ap.lijit.com,request,2.6-202606,openrtb.field.undefined,error,imp[0].adunitcode,3.2.4
p000227,upi.com,ap.lijit.com,request,2.6-202606,openrtb.field.undefined,error,imp[1].adunitcode,3.2.4
p000227,upi.com,ap.lijit.com,request,2.6-202606,openrtb.field.undefined,error,imp[2].adunitcode,3.2.4
p000227,upi.com,ap.lijit.com,request,2.6-202606,openrtb.field.undefined,error,imp[3].adunitcode,3.2.4
p000227,upi.com,ap.lijit.com,request,2.6-202606,openrtb.field.undefined,error,imp[4].adunitcode,3.2.4
p000227,upi.com,ap.lijit.com,request,2.6-202606,openrtb.field.undefined,error,imp[5].adunitcode,3.2.4
p000227,upi.com,ap.lijit.com,request,2.6-202606,openrtb.field.undefined,error,imp[6].adunitcode,3.2.4
p000228,urbandictionary.com,ap.lijit.com,request,2.6-202606,openrtb.field.undefined,error,imp[0].adunitcode,3.2.4
p000228,urbandictionary.com,ap.lijit.com,request,2.6-202606,openrtb.field.undefined,error,imp[1].adunitcode,3.2.4
p000228,urbandictionary.com,ap.lijit.com,request,2.6-202606,openrtb.field.undefined,error,imp[2].adunitcode,3.2.4
p000228,urbandictionary.com,ap.lijit.com,request,2.6-202606,openrtb.field.undefined,error,imp[3].adunitcode,3.2.4
p000229,urbandictionary.com,ap.lijit.com,request,2.6-202606,openrtb.field.undefined,error,imp[0].adunitcode,3.2.4
p000230,urbandictionary.com,ap.lijit.com,request,2.6-202606,openrtb.field.undefined,error,imp[0].adunitcode,3.2.4
p000231,upi.com,ap.lijit.com,request,2.6-202606,openrtb.field.undefined,error,imp[0].adunitcode,3.2.4
p000231,upi.com,ap.lijit.com,request,2.6-202606,openrtb.field.undefined,error,imp[1].adunitcode,3.2.4
p000231,upi.com,ap.lijit.com,request,2.6-202606,openrtb.field.undefined,error,imp[2].adunitcode,3.2.4
p000231,upi.com,ap.lijit.com,request,2.6-202606,openrtb.field.undefined,error,imp[3].adunitcode,3.2.4
p000232,zeldadungeon.net,ap.lijit.com,request,2.6-202606,openrtb.field.undefined,error,imp[0].adunitcode,3.2.4
p000232,zeldadungeon.net,ap.lijit.com,request,2.6-202606,openrtb.field.moved,error,regs.ext.gdpr,Section 3.2.3
p000266,oneindia.com,api.w.inmobi.com,request,2.6-202606,openrtb.field.undefined,error,user.interests,3.2.20
p000267,oneindia.com,api.w.inmobi.com,request,2.6-202606,openrtb.field.undefined,error,user.interests,3.2.20
p000268,oneindia.com,api.w.inmobi.com,request,2.6-202606,openrtb.field.undefined,error,user.interests,3.2.20
p000269,oneindia.com,api.w.inmobi.com,request,2.6-202606,openrtb.field.undefined,error,user.interests,3.2.20
p000272,socialblade.com,api.w.inmobi.com,request,2.6-202606,openrtb.field.undefined,error,imp[0].battr,3.2.4
p000272,socialblade.com,api.w.inmobi.com,request,2.6-202606,openrtb.field.undefined,error,imp[1].battr,3.2.4
p000272,socialblade.com,api.w.inmobi.com,request,2.6-202606,openrtb.field.undefined,error,imp[2].battr,3.2.4
p000272,socialblade.com,api.w.inmobi.com,request,2.6-202606,openrtb.field.undefined,error,imp[3].battr,3.2.4
p000272,socialblade.com,api.w.inmobi.com,request,2.6-202606,openrtb.field.undefined,error,imp[4].battr,3.2.4
p000272,socialblade.com,api.w.inmobi.com,request,2.6-202606,openrtb.field.undefined,error,imp[5].battr,3.2.4
p000272,socialblade.com,api.w.inmobi.com,request,2.6-202606,openrtb.field.undefined,error,imp[6].battr,3.2.4
p000272,socialblade.com,api.w.inmobi.com,request,2.6-202606,openrtb.field.deprecated,warning,imp[6].video.placement,Section 3.2.7
p000272,socialblade.com,api.w.inmobi.com,request,2.6-202606,openrtb.value.invalid,error,imp[6].video.skip,3.2.7
p000273,socialblade.com,api.w.inmobi.com,request,2.6-202606,openrtb.field.undefined,error,imp[0].battr,3.2.4
p000273,socialblade.com,api.w.inmobi.com,request,2.6-202606,openrtb.field.deprecated,warning,imp[0].video.placement,Section 3.2.7
p000273,socialblade.com,api.w.inmobi.com,request,2.6-202606,openrtb.value.invalid,error,imp[0].video.skip,3.2.7
p000277,vice.com,api.w.inmobi.com,request,2.6-202606,openrtb.field.undefined,error,imp[0].battr,3.2.4
p000277,vice.com,api.w.inmobi.com,request,2.6-202606,openrtb.field.undefined,error,imp[1].battr,3.2.4
p000277,vice.com,api.w.inmobi.com,request,2.6-202606,openrtb.field.undefined,error,imp[2].battr,3.2.4
p000278,vice.com,api.w.inmobi.com,request,2.6-202606,openrtb.field.undefined,error,imp[0].battr,3.2.4
p000278,vice.com,api.w.inmobi.com,request,2.6-202606,openrtb.field.undefined,error,imp[1].battr,3.2.4
p000282,tio.ch,app.readpeak.com,request,2.5,openrtb.field.undefined,error,imp[0].tagId,3.2.4
p000283,tio.ch,app.readpeak.com,request,2.5,openrtb.field.undefined,error,imp[0].tagId,3.2.4
p000284,tio.ch,app.readpeak.com,request,2.5,openrtb.field.undefined,error,imp[0].tagId,3.2.4
p000285,tio.ch,app.readpeak.com,request,2.5,openrtb.field.undefined,error,imp[0].tagId,3.2.4
p000286,tio.ch,app.readpeak.com,request,2.5,openrtb.field.undefined,error,imp[0].tagId,3.2.4
p000294,montgomeryadvertiser.com,bid.contextweb.com,request,2.6-202606,openrtb.field.deprecated,warning,imp[0].video.placement,Section 3.2.7
p000294,montgomeryadvertiser.com,bid.contextweb.com,request,2.6-202606,openrtb.value.invalid,error,imp[0].video.skip,3.2.7
p000295,nesn.com,bid.contextweb.com,request,2.6-202606,openrtb.field.deprecated,warning,imp[0].video.placement,Section 3.2.7
p000295,nesn.com,bid.contextweb.com,request,2.6-202606,openrtb.value.invalid,error,imp[0].video.skip,3.2.7
p000296,nesn.com,bid.contextweb.com,request,2.6-202606,openrtb.field.deprecated,warning,imp[0].video.placement,Section 3.2.7
p000296,nesn.com,bid.contextweb.com,request,2.6-202606,openrtb.value.invalid,error,imp[0].video.skip,3.2.7
p000297,tennessean.com,bid.contextweb.com,request,2.6-202606,openrtb.field.deprecated,warning,imp[0].video.placement,Section 3.2.7
p000297,tennessean.com,bid.contextweb.com,request,2.6-202606,openrtb.value.invalid,error,imp[0].video.skip,3.2.7
p000310,cornucopia.se,bid.sparteo.com,request,2.6-202606,openrtb.field.moved,error,regs.ext.gdpr,Section 3.2.3
p000311,cornucopia.se,bid.sparteo.com,request,2.6-202606,openrtb.field.moved,error,regs.ext.gdpr,Section 3.2.3
p000312,falstaff.com,bid.sparteo.com,request,2.6-202606,openrtb.field.moved,error,regs.ext.gdpr,Section 3.2.3
p000325,myjoyonline.com,bid.sparteo.com,request,2.6-202606,openrtb.field.deprecated,warning,imp[0].video.placement,Section 3.2.7
p000336,chl.ca,bid.sparteo.com,response,2.6-202606,openrtb.response.seatbid_or_nbr.required,error,seatbid,4.2.1
p000337,chl.ca,bid.sparteo.com,response,2.6-202606,openrtb.bid.mtype_missing,warning,seatbid[0].bid[0].mtype,4.2.3
p000337,chl.ca,bid.sparteo.com,response,2.6-202606,openrtb.bid.mtype_missing,warning,seatbid[0].bid[1].mtype,4.2.3
p000337,chl.ca,bid.sparteo.com,response,2.6-202606,openrtb.bid.mtype_missing,warning,seatbid[0].bid[2].mtype,4.2.3
p000337,chl.ca,bid.sparteo.com,response,2.6-202606,openrtb.bid.mtype_missing,warning,seatbid[0].bid[3].mtype,4.2.3
p000337,chl.ca,bid.sparteo.com,response,2.6-202606,openrtb.bid.mtype_missing,warning,seatbid[0].bid[4].mtype,4.2.3
p000338,cityam.com,bid.sparteo.com,response,2.6-202606,openrtb.response.seatbid_or_nbr.required,error,seatbid,4.2.1
p000339,cityam.com,bid.sparteo.com,response,2.6-202606,openrtb.response.seatbid_or_nbr.required,error,seatbid,4.2.1
p000340,cityam.com,bid.sparteo.com,response,2.6-202606,openrtb.response.seatbid_or_nbr.required,error,seatbid,4.2.1
p000341,cityam.com,bid.sparteo.com,response,2.6-202606,openrtb.bid.mtype_missing,warning,seatbid[0].bid[0].mtype,4.2.3
p000342,cityam.com,bid.sparteo.com,response,2.6-202606,openrtb.response.seatbid_or_nbr.required,error,seatbid,4.2.1
p000343,cityam.com,bid.sparteo.com,response,2.6-202606,openrtb.response.seatbid_or_nbr.required,error,seatbid,4.2.1
p000344,cityam.com,bid.sparteo.com,response,2.6-202606,openrtb.bid.mtype_missing,warning,seatbid[0].bid[0].mtype,4.2.3
p000345,cityam.com,bid.sparteo.com,response,2.6-202606,openrtb.response.seatbid_or_nbr.required,error,seatbid,4.2.1
p000346,cityam.com,bid.sparteo.com,response,2.6-202606,openrtb.response.seatbid_or_nbr.required,error,seatbid,4.2.1
p000347,cornucopia.se,bid.sparteo.com,response,2.6-202606,openrtb.response.seatbid_or_nbr.required,error,seatbid,4.2.1
p000348,cornucopia.se,bid.sparteo.com,response,2.6-202606,openrtb.response.seatbid_or_nbr.required,error,seatbid,4.2.1
p000349,falstaff.com,bid.sparteo.com,response,2.6-202606,openrtb.bid.mtype_missing,warning,seatbid[0].bid[0].mtype,4.2.3
p000350,haberler.com,bid.sparteo.com,response,2.6-202606,openrtb.response.seatbid_or_nbr.required,error,seatbid,4.2.1
p000351,haberler.com,bid.sparteo.com,response,2.6-202606,openrtb.response.seatbid_or_nbr.required,error,seatbid,4.2.1
p000352,mthai.com,bid.sparteo.com,response,2.6-202606,openrtb.response.seatbid_or_nbr.required,error,seatbid,4.2.1
p000353,mthai.com,bid.sparteo.com,response,2.6-202606,openrtb.response.seatbid_or_nbr.required,error,seatbid,4.2.1
p000354,mthai.com,bid.sparteo.com,response,2.6-202606,openrtb.response.seatbid_or_nbr.required,error,seatbid,4.2.1
p000355,mthai.com,bid.sparteo.com,response,2.6-202606,openrtb.response.seatbid_or_nbr.required,error,seatbid,4.2.1
p000356,mthai.com,bid.sparteo.com,response,2.6-202606,openrtb.response.seatbid_or_nbr.required,error,seatbid,4.2.1
p000357,mthai.com,bid.sparteo.com,response,2.6-202606,openrtb.response.seatbid_or_nbr.required,error,seatbid,4.2.1
p000358,mthai.com,bid.sparteo.com,response,2.6-202606,openrtb.response.seatbid_or_nbr.required,error,seatbid,4.2.1
p000359,mthai.com,bid.sparteo.com,response,2.6-202606,openrtb.response.seatbid_or_nbr.required,error,seatbid,4.2.1
p000360,myjoyonline.com,bid.sparteo.com,response,2.6-202606,openrtb.response.seatbid_or_nbr.required,error,seatbid,4.2.1
p000361,philstar.com,bid.sparteo.com,response,2.6-202606,openrtb.bid.mtype_missing,warning,seatbid[0].bid[0].mtype,4.2.3
p000361,philstar.com,bid.sparteo.com,response,2.6-202606,openrtb.bid.mtype_missing,warning,seatbid[0].bid[1].mtype,4.2.3
p000362,philstar.com,bid.sparteo.com,response,2.6-202606,openrtb.bid.mtype_missing,warning,seatbid[0].bid[0].mtype,4.2.3
p000363,realtimetrains.co.uk,bid.sparteo.com,response,2.6-202606,openrtb.response.seatbid_or_nbr.required,error,seatbid,4.2.1
p000364,realtimetrains.co.uk,bid.sparteo.com,response,2.6-202606,openrtb.bid.mtype_missing,warning,seatbid[0].bid[0].mtype,4.2.3
p000364,realtimetrains.co.uk,bid.sparteo.com,response,2.6-202606,openrtb.bid.mtype_missing,warning,seatbid[0].bid[1].mtype,4.2.3
p000365,rediff.com,bid.sparteo.com,response,2.6-202606,openrtb.response.seatbid_or_nbr.required,error,seatbid,4.2.1
p000366,rediff.com,bid.sparteo.com,response,2.6-202606,openrtb.response.seatbid_or_nbr.required,error,seatbid,4.2.1
p000367,vietstock.vn,bid.sparteo.com,response,2.6-202606,openrtb.response.seatbid_or_nbr.required,error,seatbid,4.2.1
p000368,vietstock.vn,bid.sparteo.com,response,2.6-202606,openrtb.response.seatbid_or_nbr.required,error,seatbid,4.2.1
p000369,barcablaugranes.com,btlr.sharethrough.com,request,2.6-202606,openrtb.type.mismatch,error,site.ref,3.2.13
p000370,barcablaugranes.com,btlr.sharethrough.com,request,2.6-202606,openrtb.type.mismatch,error,site.ref,3.2.13
p000371,barcablaugranes.com,btlr.sharethrough.com,request,2.6-202606,openrtb.type.mismatch,error,site.ref,3.2.13
p000372,barcablaugranes.com,btlr.sharethrough.com,request,2.6-202606,openrtb.type.mismatch,error,site.ref,3.2.13
p000373,barcablaugranes.com,btlr.sharethrough.com,request,2.6-202606,openrtb.type.mismatch,error,site.ref,3.2.13
p000374,barcablaugranes.com,btlr.sharethrough.com,request,2.6-202606,openrtb.type.mismatch,error,site.ref,3.2.13
p000375,barcablaugranes.com,btlr.sharethrough.com,request,2.6-202606,openrtb.type.mismatch,error,site.ref,3.2.13
p000376,barcablaugranes.com,btlr.sharethrough.com,request,2.6-202606,openrtb.type.mismatch,error,site.ref,3.2.13
p000377,barcablaugranes.com,btlr.sharethrough.com,request,2.6-202606,openrtb.type.mismatch,error,site.ref,3.2.13
p000378,barcablaugranes.com,btlr.sharethrough.com,request,2.6-202606,openrtb.type.mismatch,error,site.ref,3.2.13
p000379,barcablaugranes.com,btlr.sharethrough.com,request,2.6-202606,openrtb.type.mismatch,error,site.ref,3.2.13
p000380,barcablaugranes.com,btlr.sharethrough.com,request,2.6-202606,openrtb.type.mismatch,error,site.ref,3.2.13
p000381,barcablaugranes.com,btlr.sharethrough.com,request,2.6-202606,openrtb.type.mismatch,error,site.ref,3.2.13
p000382,coindesk.com,btlr.sharethrough.com,request,2.6-202606,openrtb.type.mismatch,error,site.ref,3.2.13
p000383,coindesk.com,btlr.sharethrough.com,request,2.6-202606,openrtb.type.mismatch,error,site.ref,3.2.13
p000384,coindesk.com,btlr.sharethrough.com,request,2.6-202606,openrtb.type.mismatch,error,site.ref,3.2.13
p000385,coindesk.com,btlr.sharethrough.com,request,2.6-202606,openrtb.type.mismatch,error,site.ref,3.2.13
p000386,coindesk.com,btlr.sharethrough.com,request,2.6-202606,openrtb.type.mismatch,error,site.ref,3.2.13
p000387,coindesk.com,btlr.sharethrough.com,request,2.6-202606,openrtb.type.mismatch,error,site.ref,3.2.13
p000388,cupofjo.com,btlr.sharethrough.com,request,2.6-202606,openrtb.type.mismatch,error,site.ref,3.2.13
p000389,cupofjo.com,btlr.sharethrough.com,request,2.6-202606,openrtb.type.mismatch,error,site.ref,3.2.13
p000390,cupofjo.com,btlr.sharethrough.com,request,2.6-202606,openrtb.type.mismatch,error,site.ref,3.2.13
p000391,cupofjo.com,btlr.sharethrough.com,request,2.6-202606,openrtb.type.mismatch,error,site.ref,3.2.13
p000392,cupofjo.com,btlr.sharethrough.com,request,2.6-202606,openrtb.field.deprecated,warning,imp[0].video.placement,Section 3.2.7
p000392,cupofjo.com,btlr.sharethrough.com,request,2.6-202606,openrtb.field.undefined,error,imp[0].video.topframe,3.2.7
p000392,cupofjo.com,btlr.sharethrough.com,request,2.6-202606,openrtb.type.mismatch,error,site.ref,3.2.13
p000393,dailykos.com,btlr.sharethrough.com,request,2.6-202606,openrtb.type.mismatch,error,site.ref,3.2.13
p000394,dailykos.com,btlr.sharethrough.com,request,2.6-202606,openrtb.type.mismatch,error,site.ref,3.2.13
p000395,dailykos.com,btlr.sharethrough.com,request,2.6-202606,openrtb.type.mismatch,error,site.ref,3.2.13
p000396,dailykos.com,btlr.sharethrough.com,request,2.6-202606,openrtb.type.mismatch,error,site.ref,3.2.13
p000397,dailykos.com,btlr.sharethrough.com,request,2.6-202606,openrtb.type.mismatch,error,site.ref,3.2.13
p000398,dailykos.com,btlr.sharethrough.com,request,2.6-202606,openrtb.type.mismatch,error,site.ref,3.2.13
p000399,dailykos.com,btlr.sharethrough.com,request,2.6-202606,openrtb.type.mismatch,error,site.ref,3.2.13
p000400,dailykos.com,btlr.sharethrough.com,request,2.6-202606,openrtb.type.mismatch,error,site.ref,3.2.13
p000401,dailykos.com,btlr.sharethrough.com,request,2.6-202606,openrtb.type.mismatch,error,site.ref,3.2.13
p000402,dailykos.com,btlr.sharethrough.com,request,2.6-202606,openrtb.type.mismatch,error,site.ref,3.2.13
p000403,dailykos.com,btlr.sharethrough.com,request,2.6-202606,openrtb.type.mismatch,error,site.ref,3.2.13
p000404,dailykos.com,btlr.sharethrough.com,request,2.6-202606,openrtb.type.mismatch,error,site.ref,3.2.13
p000405,elespectador.com,btlr.sharethrough.com,request,2.6-202606,openrtb.field.moved,error,regs.ext.gdpr,Section 3.2.3
p000405,elespectador.com,btlr.sharethrough.com,request,2.6-202606,openrtb.type.mismatch,error,site.ref,3.2.13
p000405,elespectador.com,btlr.sharethrough.com,request,2.6-202606,openrtb.field.moved,error,user.ext.consent,Section 3.2.20
p000406,elespectador.com,btlr.sharethrough.com,request,2.6-202606,openrtb.field.deprecated,warning,imp[0].video.placement,Section 3.2.7
p000406,elespectador.com,btlr.sharethrough.com,request,2.6-202606,openrtb.field.undefined,error,imp[0].video.topframe,3.2.7
p000406,elespectador.com,btlr.sharethrough.com,request,2.6-202606,openrtb.field.moved,error,regs.ext.gdpr,Section 3.2.3
p000406,elespectador.com,btlr.sharethrough.com,request,2.6-202606,openrtb.type.mismatch,error,site.ref,3.2.13
p000406,elespectador.com,btlr.sharethrough.com,request,2.6-202606,openrtb.field.moved,error,user.ext.consent,Section 3.2.20
p000407,elespectador.com,btlr.sharethrough.com,request,2.6-202606,openrtb.field.deprecated,warning,imp[0].video.placement,Section 3.2.7
p000407,elespectador.com,btlr.sharethrough.com,request,2.6-202606,openrtb.field.undefined,error,imp[0].video.topframe,3.2.7
p000407,elespectador.com,btlr.sharethrough.com,request,2.6-202606,openrtb.field.moved,error,regs.ext.gdpr,Section 3.2.3
p000407,elespectador.com,btlr.sharethrough.com,request,2.6-202606,openrtb.type.mismatch,error,site.ref,3.2.13
p000407,elespectador.com,btlr.sharethrough.com,request,2.6-202606,openrtb.field.moved,error,user.ext.consent,Section 3.2.20
p000408,elespectador.com,btlr.sharethrough.com,request,2.6-202606,openrtb.field.moved,error,regs.ext.gdpr,Section 3.2.3
p000408,elespectador.com,btlr.sharethrough.com,request,2.6-202606,openrtb.type.mismatch,error,site.ref,3.2.13
p000408,elespectador.com,btlr.sharethrough.com,request,2.6-202606,openrtb.field.moved,error,user.ext.consent,Section 3.2.20
p000409,elespectador.com,btlr.sharethrough.com,request,2.6-202606,openrtb.field.deprecated,warning,imp[0].video.placement,Section 3.2.7
p000409,elespectador.com,btlr.sharethrough.com,request,2.6-202606,openrtb.field.undefined,error,imp[0].video.topframe,3.2.7
p000409,elespectador.com,btlr.sharethrough.com,request,2.6-202606,openrtb.field.moved,error,regs.ext.gdpr,Section 3.2.3
p000409,elespectador.com,btlr.sharethrough.com,request,2.6-202606,openrtb.type.mismatch,error,site.ref,3.2.13
p000409,elespectador.com,btlr.sharethrough.com,request,2.6-202606,openrtb.field.moved,error,user.ext.consent,Section 3.2.20
p000410,elespectador.com,btlr.sharethrough.com,request,2.6-202606,openrtb.field.deprecated,warning,imp[0].video.placement,Section 3.2.7
p000410,elespectador.com,btlr.sharethrough.com,request,2.6-202606,openrtb.field.undefined,error,imp[0].video.topframe,3.2.7
p000410,elespectador.com,btlr.sharethrough.com,request,2.6-202606,openrtb.field.moved,error,regs.ext.gdpr,Section 3.2.3
p000410,elespectador.com,btlr.sharethrough.com,request,2.6-202606,openrtb.type.mismatch,error,site.ref,3.2.13
p000410,elespectador.com,btlr.sharethrough.com,request,2.6-202606,openrtb.field.moved,error,user.ext.consent,Section 3.2.20
p000411,fox11online.com,btlr.sharethrough.com,request,2.6-202606,openrtb.field.deprecated,warning,imp[0].video.placement,Section 3.2.7
p000411,fox11online.com,btlr.sharethrough.com,request,2.6-202606,openrtb.field.undefined,error,imp[0].video.topframe,3.2.7
p000411,fox11online.com,btlr.sharethrough.com,request,2.6-202606,openrtb.field.moved,error,regs.ext.gdpr,Section 3.2.3
p000411,fox11online.com,btlr.sharethrough.com,request,2.6-202606,openrtb.type.mismatch,error,site.ref,3.2.13
p000412,fox11online.com,btlr.sharethrough.com,request,2.6-202606,openrtb.field.moved,error,regs.ext.gdpr,Section 3.2.3
p000412,fox11online.com,btlr.sharethrough.com,request,2.6-202606,openrtb.type.mismatch,error,site.ref,3.2.13
p000413,fox11online.com,btlr.sharethrough.com,request,2.6-202606,openrtb.field.moved,error,regs.ext.gdpr,Section 3.2.3
p000413,fox11online.com,btlr.sharethrough.com,request,2.6-202606,openrtb.type.mismatch,error,site.ref,3.2.13
p000414,fox11online.com,btlr.sharethrough.com,request,2.6-202606,openrtb.field.moved,error,regs.ext.gdpr,Section 3.2.3
p000414,fox11online.com,btlr.sharethrough.com,request,2.6-202606,openrtb.type.mismatch,error,site.ref,3.2.13
p000415,fox11online.com,btlr.sharethrough.com,request,2.6-202606,openrtb.field.moved,error,regs.ext.gdpr,Section 3.2.3
p000415,fox11online.com,btlr.sharethrough.com,request,2.6-202606,openrtb.type.mismatch,error,site.ref,3.2.13
p000416,fox11online.com,btlr.sharethrough.com,request,2.6-202606,openrtb.field.moved,error,regs.ext.gdpr,Section 3.2.3
p000416,fox11online.com,btlr.sharethrough.com,request,2.6-202606,openrtb.type.mismatch,error,site.ref,3.2.13
p000417,fox11online.com,btlr.sharethrough.com,request,2.6-202606,openrtb.field.moved,error,regs.ext.gdpr,Section 3.2.3
p000417,fox11online.com,btlr.sharethrough.com,request,2.6-202606,openrtb.type.mismatch,error,site.ref,3.2.13
p000418,fox11online.com,btlr.sharethrough.com,request,2.6-202606,openrtb.field.moved,error,regs.ext.gdpr,Section 3.2.3
p000418,fox11online.com,btlr.sharethrough.com,request,2.6-202606,openrtb.type.mismatch,error,site.ref,3.2.13
p000419,fox11online.com,btlr.sharethrough.com,request,2.6-202606,openrtb.field.moved,error,regs.ext.gdpr,Section 3.2.3
p000419,fox11online.com,btlr.sharethrough.com,request,2.6-202606,openrtb.type.mismatch,error,site.ref,3.2.13
p000420,fox11online.com,btlr.sharethrough.com,request,2.6-202606,openrtb.field.deprecated,warning,imp[0].video.placement,Section 3.2.7
p000420,fox11online.com,btlr.sharethrough.com,request,2.6-202606,openrtb.field.undefined,error,imp[0].video.topframe,3.2.7
p000420,fox11online.com,btlr.sharethrough.com,request,2.6-202606,openrtb.field.moved,error,regs.ext.gdpr,Section 3.2.3
p000420,fox11online.com,btlr.sharethrough.com,request,2.6-202606,openrtb.type.mismatch,error,site.ref,3.2.13
p000421,fox11online.com,btlr.sharethrough.com,request,2.6-202606,openrtb.field.moved,error,regs.ext.gdpr,Section 3.2.3
p000421,fox11online.com,btlr.sharethrough.com,request,2.6-202606,openrtb.type.mismatch,error,site.ref,3.2.13
p000422,fox11online.com,btlr.sharethrough.com,request,2.6-202606,openrtb.field.moved,error,regs.ext.gdpr,Section 3.2.3
p000422,fox11online.com,btlr.sharethrough.com,request,2.6-202606,openrtb.type.mismatch,error,site.ref,3.2.13
p000423,fox11online.com,btlr.sharethrough.com,request,2.6-202606,openrtb.field.moved,error,regs.ext.gdpr,Section 3.2.3
p000423,fox11online.com,btlr.sharethrough.com,request,2.6-202606,openrtb.type.mismatch,error,site.ref,3.2.13
p000424,fox11online.com,btlr.sharethrough.com,request,2.6-202606,openrtb.type.mismatch,error,site.ref,3.2.13
p000425,fox11online.com,btlr.sharethrough.com,request,2.6-202606,openrtb.type.mismatch,error,site.ref,3.2.13
p000426,fox11online.com,btlr.sharethrough.com,request,2.6-202606,openrtb.type.mismatch,error,site.ref,3.2.13
p000427,halfbakedharvest.com,btlr.sharethrough.com,request,2.6-202606,openrtb.type.mismatch,error,site.ref,3.2.13
p000428,halfbakedharvest.com,btlr.sharethrough.com,request,2.6-202606,openrtb.type.mismatch,error,site.ref,3.2.13
p000429,halfbakedharvest.com,btlr.sharethrough.com,request,2.6-202606,openrtb.field.deprecated,warning,imp[0].video.placement,Section 3.2.7
p000429,halfbakedharvest.com,btlr.sharethrough.com,request,2.6-202606,openrtb.field.undefined,error,imp[0].video.topframe,3.2.7
p000429,halfbakedharvest.com,btlr.sharethrough.com,request,2.6-202606,openrtb.type.mismatch,error,site.ref,3.2.13
p000430,halfbakedharvest.com,btlr.sharethrough.com,request,2.6-202606,openrtb.type.mismatch,error,site.ref,3.2.13
p000431,halfbakedharvest.com,btlr.sharethrough.com,request,2.6-202606,openrtb.field.deprecated,warning,imp[0].video.placement,Section 3.2.7
p000431,halfbakedharvest.com,btlr.sharethrough.com,request,2.6-202606,openrtb.field.undefined,error,imp[0].video.topframe,3.2.7
p000431,halfbakedharvest.com,btlr.sharethrough.com,request,2.6-202606,openrtb.type.mismatch,error,site.ref,3.2.13
p000432,halfbakedharvest.com,btlr.sharethrough.com,request,2.6-202606,openrtb.type.mismatch,error,site.ref,3.2.13
p000433,halfbakedharvest.com,btlr.sharethrough.com,request,2.6-202606,openrtb.type.mismatch,error,site.ref,3.2.13
p000434,halfbakedharvest.com,btlr.sharethrough.com,request,2.6-202606,openrtb.type.mismatch,error,site.ref,3.2.13
p000435,halfbakedharvest.com,btlr.sharethrough.com,request,2.6-202606,openrtb.field.deprecated,warning,imp[0].video.placement,Section 3.2.7
p000435,halfbakedharvest.com,btlr.sharethrough.com,request,2.6-202606,openrtb.field.undefined,error,imp[0].video.topframe,3.2.7
p000435,halfbakedharvest.com,btlr.sharethrough.com,request,2.6-202606,openrtb.type.mismatch,error,site.ref,3.2.13
p000436,halfbakedharvest.com,btlr.sharethrough.com,request,2.6-202606,openrtb.field.deprecated,warning,imp[0].video.placement,Section 3.2.7
p000436,halfbakedharvest.com,btlr.sharethrough.com,request,2.6-202606,openrtb.field.undefined,error,imp[0].video.topframe,3.2.7
p000436,halfbakedharvest.com,btlr.sharethrough.com,request,2.6-202606,openrtb.type.mismatch,error,site.ref,3.2.13
p000437,iheart.com,btlr.sharethrough.com,request,2.6-202606,openrtb.type.mismatch,error,site.ref,3.2.13
p000438,iheart.com,btlr.sharethrough.com,request,2.6-202606,openrtb.field.deprecated,warning,imp[0].video.placement,Section 3.2.7
p000438,iheart.com,btlr.sharethrough.com,request,2.6-202606,openrtb.field.undefined,error,imp[0].video.topframe,3.2.7
p000438,iheart.com,btlr.sharethrough.com,request,2.6-202606,openrtb.type.mismatch,error,site.ref,3.2.13
p000439,iheart.com,btlr.sharethrough.com,request,2.6-202606,openrtb.type.mismatch,error,site.ref,3.2.13
p000440,mthai.com,btlr.sharethrough.com,request,2.6-202606,openrtb.type.mismatch,error,site.ref,3.2.13
p000441,mthai.com,btlr.sharethrough.com,request,2.6-202606,openrtb.type.mismatch,error,site.ref,3.2.13
p000442,nesn.com,btlr.sharethrough.com,request,2.6-202606,openrtb.type.mismatch,error,imp[0].bidfloor,3.2.4
p000442,nesn.com,btlr.sharethrough.com,request,2.6-202606,openrtb.type.mismatch,error,site.ref,3.2.13
p000443,nesn.com,btlr.sharethrough.com,request,2.6-202606,openrtb.type.mismatch,error,site.ref,3.2.13
p000444,nesn.com,btlr.sharethrough.com,request,2.6-202606,openrtb.type.mismatch,error,site.ref,3.2.13
p000445,nesn.com,btlr.sharethrough.com,request,2.6-202606,openrtb.type.mismatch,error,imp[0].bidfloor,3.2.4
p000445,nesn.com,btlr.sharethrough.com,request,2.6-202606,openrtb.type.mismatch,error,site.ref,3.2.13
p000446,ranker.com,btlr.sharethrough.com,request,2.6-202606,openrtb.type.mismatch,error,site.ref,3.2.13
p000447,ranker.com,btlr.sharethrough.com,request,2.6-202606,openrtb.type.mismatch,error,site.ref,3.2.13
p000448,ranker.com,btlr.sharethrough.com,request,2.6-202606,openrtb.type.mismatch,error,site.ref,3.2.13
p000449,ranker.com,btlr.sharethrough.com,request,2.6-202606,openrtb.type.mismatch,error,site.ref,3.2.13
p000450,ranker.com,btlr.sharethrough.com,request,2.6-202606,openrtb.field.deprecated,warning,imp[0].video.placement,Section 3.2.7
p000450,ranker.com,btlr.sharethrough.com,request,2.6-202606,openrtb.field.undefined,error,imp[0].video.topframe,3.2.7
p000450,ranker.com,btlr.sharethrough.com,request,2.6-202606,openrtb.type.mismatch,error,site.ref,3.2.13
p000451,ranker.com,btlr.sharethrough.com,request,2.6-202606,openrtb.type.mismatch,error,site.ref,3.2.13
p000452,ranker.com,btlr.sharethrough.com,request,2.6-202606,openrtb.type.mismatch,error,site.ref,3.2.13
p000453,ranker.com,btlr.sharethrough.com,request,2.6-202606,openrtb.field.deprecated,warning,imp[0].video.placement,Section 3.2.7
p000453,ranker.com,btlr.sharethrough.com,request,2.6-202606,openrtb.field.undefined,error,imp[0].video.topframe,3.2.7
p000453,ranker.com,btlr.sharethrough.com,request,2.6-202606,openrtb.type.mismatch,error,site.ref,3.2.13
p000454,ranker.com,btlr.sharethrough.com,request,2.6-202606,openrtb.field.deprecated,warning,imp[0].video.placement,Section 3.2.7
p000454,ranker.com,btlr.sharethrough.com,request,2.6-202606,openrtb.field.undefined,error,imp[0].video.topframe,3.2.7
p000454,ranker.com,btlr.sharethrough.com,request,2.6-202606,openrtb.type.mismatch,error,site.ref,3.2.13
p000455,ranker.com,btlr.sharethrough.com,request,2.6-202606,openrtb.field.deprecated,warning,imp[0].video.placement,Section 3.2.7
p000455,ranker.com,btlr.sharethrough.com,request,2.6-202606,openrtb.field.undefined,error,imp[0].video.topframe,3.2.7
p000455,ranker.com,btlr.sharethrough.com,request,2.6-202606,openrtb.type.mismatch,error,site.ref,3.2.13
p000456,ranker.com,btlr.sharethrough.com,request,2.6-202606,openrtb.field.deprecated,warning,imp[0].video.placement,Section 3.2.7
p000456,ranker.com,btlr.sharethrough.com,request,2.6-202606,openrtb.field.undefined,error,imp[0].video.topframe,3.2.7
p000456,ranker.com,btlr.sharethrough.com,request,2.6-202606,openrtb.type.mismatch,error,site.ref,3.2.13
p000457,salon.com,btlr.sharethrough.com,request,2.6-202606,openrtb.type.mismatch,error,site.ref,3.2.13
p000458,salon.com,btlr.sharethrough.com,request,2.6-202606,openrtb.type.mismatch,error,site.ref,3.2.13
p000459,salon.com,btlr.sharethrough.com,request,2.6-202606,openrtb.type.mismatch,error,site.ref,3.2.13
p000460,salon.com,btlr.sharethrough.com,request,2.6-202606,openrtb.type.mismatch,error,site.ref,3.2.13
p000461,salon.com,btlr.sharethrough.com,request,2.6-202606,openrtb.type.mismatch,error,site.ref,3.2.13
p000462,salon.com,btlr.sharethrough.com,request,2.6-202606,openrtb.field.deprecated,warning,imp[0].video.placement,Section 3.2.7
p000462,salon.com,btlr.sharethrough.com,request,2.6-202606,openrtb.field.undefined,error,imp[0].video.topframe,3.2.7
p000462,salon.com,btlr.sharethrough.com,request,2.6-202606,openrtb.type.mismatch,error,site.ref,3.2.13
p000463,salon.com,btlr.sharethrough.com,request,2.6-202606,openrtb.type.mismatch,error,site.ref,3.2.13
p000464,salon.com,btlr.sharethrough.com,request,2.6-202606,openrtb.field.deprecated,warning,imp[0].video.placement,Section 3.2.7
p000464,salon.com,btlr.sharethrough.com,request,2.6-202606,openrtb.field.undefined,error,imp[0].video.topframe,3.2.7
p000464,salon.com,btlr.sharethrough.com,request,2.6-202606,openrtb.type.mismatch,error,site.ref,3.2.13
p000465,salon.com,btlr.sharethrough.com,request,2.6-202606,openrtb.type.mismatch,error,site.ref,3.2.13
p000466,salon.com,btlr.sharethrough.com,request,2.6-202606,openrtb.field.deprecated,warning,imp[0].video.placement,Section 3.2.7
p000466,salon.com,btlr.sharethrough.com,request,2.6-202606,openrtb.field.undefined,error,imp[0].video.topframe,3.2.7
p000466,salon.com,btlr.sharethrough.com,request,2.6-202606,openrtb.type.mismatch,error,site.ref,3.2.13
p000467,salon.com,btlr.sharethrough.com,request,2.6-202606,openrtb.type.mismatch,error,site.ref,3.2.13
p000468,salon.com,btlr.sharethrough.com,request,2.6-202606,openrtb.type.mismatch,error,site.ref,3.2.13
p000469,salon.com,btlr.sharethrough.com,request,2.6-202606,openrtb.type.mismatch,error,site.ref,3.2.13
p000470,salon.com,btlr.sharethrough.com,request,2.6-202606,openrtb.type.mismatch,error,site.ref,3.2.13
p000471,salon.com,btlr.sharethrough.com,request,2.6-202606,openrtb.type.mismatch,error,site.ref,3.2.13
p000472,salon.com,btlr.sharethrough.com,request,2.6-202606,openrtb.field.deprecated,warning,imp[0].video.placement,Section 3.2.7
p000472,salon.com,btlr.sharethrough.com,request,2.6-202606,openrtb.field.undefined,error,imp[0].video.topframe,3.2.7
p000472,salon.com,btlr.sharethrough.com,request,2.6-202606,openrtb.type.mismatch,error,site.ref,3.2.13
p000473,salon.com,btlr.sharethrough.com,request,2.6-202606,openrtb.field.deprecated,warning,imp[0].video.placement,Section 3.2.7
p000473,salon.com,btlr.sharethrough.com,request,2.6-202606,openrtb.field.undefined,error,imp[0].video.topframe,3.2.7
p000473,salon.com,btlr.sharethrough.com,request,2.6-202606,openrtb.type.mismatch,error,site.ref,3.2.13
p000474,salon.com,btlr.sharethrough.com,request,2.6-202606,openrtb.field.deprecated,warning,imp[0].video.placement,Section 3.2.7
p000474,salon.com,btlr.sharethrough.com,request,2.6-202606,openrtb.field.undefined,error,imp[0].video.topframe,3.2.7
p000474,salon.com,btlr.sharethrough.com,request,2.6-202606,openrtb.type.mismatch,error,site.ref,3.2.13
p000475,socialblade.com,btlr.sharethrough.com,request,2.6-202606,openrtb.type.mismatch,error,site.ref,3.2.13
p000476,socialblade.com,btlr.sharethrough.com,request,2.6-202606,openrtb.type.mismatch,error,site.ref,3.2.13
p000477,socialblade.com,btlr.sharethrough.com,request,2.6-202606,openrtb.type.mismatch,error,site.ref,3.2.13
p000478,socialblade.com,btlr.sharethrough.com,request,2.6-202606,openrtb.type.mismatch,error,site.ref,3.2.13
p000479,socialblade.com,btlr.sharethrough.com,request,2.6-202606,openrtb.type.mismatch,error,site.ref,3.2.13
p000480,socialblade.com,btlr.sharethrough.com,request,2.6-202606,openrtb.type.mismatch,error,site.ref,3.2.13
p000481,socialblade.com,btlr.sharethrough.com,request,2.6-202606,openrtb.field.deprecated,warning,imp[0].video.placement,Section 3.2.7
p000481,socialblade.com,btlr.sharethrough.com,request,2.6-202606,openrtb.field.undefined,error,imp[0].video.topframe,3.2.7
p000481,socialblade.com,btlr.sharethrough.com,request,2.6-202606,openrtb.type.mismatch,error,site.ref,3.2.13
p000482,socialblade.com,btlr.sharethrough.com,request,2.6-202606,openrtb.field.deprecated,warning,imp[0].video.placement,Section 3.2.7
p000482,socialblade.com,btlr.sharethrough.com,request,2.6-202606,openrtb.field.undefined,error,imp[0].video.topframe,3.2.7
p000482,socialblade.com,btlr.sharethrough.com,request,2.6-202606,openrtb.type.mismatch,error,site.ref,3.2.13
p000490,urbandictionary.com,btlr.sharethrough.com,request,2.6-202606,openrtb.type.mismatch,error,site.ref,3.2.13
p000491,urbandictionary.com,btlr.sharethrough.com,request,2.6-202606,openrtb.type.mismatch,error,site.ref,3.2.13
p000492,urbandictionary.com,btlr.sharethrough.com,request,2.6-202606,openrtb.type.mismatch,error,site.ref,3.2.13
p000493,urbandictionary.com,btlr.sharethrough.com,request,2.6-202606,openrtb.type.mismatch,error,site.ref,3.2.13
p000494,urbandictionary.com,btlr.sharethrough.com,request,2.6-202606,openrtb.type.mismatch,error,site.ref,3.2.13
p000495,urbandictionary.com,btlr.sharethrough.com,request,2.6-202606,openrtb.type.mismatch,error,site.ref,3.2.13
p000504,webdesignerdepot.com,btlr.sharethrough.com,request,2.6-202606,openrtb.type.mismatch,error,site.ref,3.2.13
p000505,webdesignerdepot.com,btlr.sharethrough.com,request,2.6-202606,openrtb.field.deprecated,warning,imp[0].video.placement,Section 3.2.7
p000505,webdesignerdepot.com,btlr.sharethrough.com,request,2.6-202606,openrtb.field.undefined,error,imp[0].video.topframe,3.2.7
p000505,webdesignerdepot.com,btlr.sharethrough.com,request,2.6-202606,openrtb.type.mismatch,error,site.ref,3.2.13
p000506,webdesignerdepot.com,btlr.sharethrough.com,request,2.6-202606,openrtb.type.mismatch,error,site.ref,3.2.13
p000507,webdesignerdepot.com,btlr.sharethrough.com,request,2.6-202606,openrtb.field.deprecated,warning,imp[0].video.placement,Section 3.2.7
p000507,webdesignerdepot.com,btlr.sharethrough.com,request,2.6-202606,openrtb.field.undefined,error,imp[0].video.topframe,3.2.7
p000507,webdesignerdepot.com,btlr.sharethrough.com,request,2.6-202606,openrtb.type.mismatch,error,site.ref,3.2.13
p000508,webdesignerdepot.com,btlr.sharethrough.com,request,2.6-202606,openrtb.type.mismatch,error,site.ref,3.2.13
p000509,webdesignerdepot.com,btlr.sharethrough.com,request,2.6-202606,openrtb.field.deprecated,warning,imp[0].video.placement,Section 3.2.7
p000509,webdesignerdepot.com,btlr.sharethrough.com,request,2.6-202606,openrtb.field.undefined,error,imp[0].video.topframe,3.2.7
p000509,webdesignerdepot.com,btlr.sharethrough.com,request,2.6-202606,openrtb.type.mismatch,error,site.ref,3.2.13
p000510,webdesignerdepot.com,btlr.sharethrough.com,request,2.6-202606,openrtb.type.mismatch,error,site.ref,3.2.13
p000511,webdesignerdepot.com,btlr.sharethrough.com,request,2.6-202606,openrtb.type.mismatch,error,site.ref,3.2.13
p000512,webdesignerdepot.com,btlr.sharethrough.com,request,2.6-202606,openrtb.field.deprecated,warning,imp[0].video.placement,Section 3.2.7
p000512,webdesignerdepot.com,btlr.sharethrough.com,request,2.6-202606,openrtb.field.undefined,error,imp[0].video.topframe,3.2.7
p000512,webdesignerdepot.com,btlr.sharethrough.com,request,2.6-202606,openrtb.type.mismatch,error,site.ref,3.2.13
p000513,webdesignerdepot.com,btlr.sharethrough.com,request,2.6-202606,openrtb.type.mismatch,error,site.ref,3.2.13
p000514,webdesignerdepot.com,btlr.sharethrough.com,request,2.6-202606,openrtb.type.mismatch,error,site.ref,3.2.13
p000515,webdesignerdepot.com,btlr.sharethrough.com,request,2.6-202606,openrtb.field.deprecated,warning,imp[0].video.placement,Section 3.2.7
p000515,webdesignerdepot.com,btlr.sharethrough.com,request,2.6-202606,openrtb.field.undefined,error,imp[0].video.topframe,3.2.7
p000515,webdesignerdepot.com,btlr.sharethrough.com,request,2.6-202606,openrtb.type.mismatch,error,site.ref,3.2.13
p000516,webdesignerdepot.com,btlr.sharethrough.com,request,2.6-202606,openrtb.type.mismatch,error,site.ref,3.2.13
p000517,webdesignerdepot.com,btlr.sharethrough.com,request,2.6-202606,openrtb.type.mismatch,error,site.ref,3.2.13
p000518,webdesignerdepot.com,btlr.sharethrough.com,request,2.6-202606,openrtb.field.deprecated,warning,imp[0].video.placement,Section 3.2.7
p000518,webdesignerdepot.com,btlr.sharethrough.com,request,2.6-202606,openrtb.field.undefined,error,imp[0].video.topframe,3.2.7
p000518,webdesignerdepot.com,btlr.sharethrough.com,request,2.6-202606,openrtb.type.mismatch,error,site.ref,3.2.13
p000519,webdesignerdepot.com,btlr.sharethrough.com,request,2.6-202606,openrtb.field.deprecated,warning,imp[0].video.placement,Section 3.2.7
p000519,webdesignerdepot.com,btlr.sharethrough.com,request,2.6-202606,openrtb.field.undefined,error,imp[0].video.topframe,3.2.7
p000519,webdesignerdepot.com,btlr.sharethrough.com,request,2.6-202606,openrtb.type.mismatch,error,site.ref,3.2.13
p000520,webdesignerdepot.com,btlr.sharethrough.com,request,2.6-202606,openrtb.field.deprecated,warning,imp[0].video.placement,Section 3.2.7
p000520,webdesignerdepot.com,btlr.sharethrough.com,request,2.6-202606,openrtb.field.undefined,error,imp[0].video.topframe,3.2.7
p000520,webdesignerdepot.com,btlr.sharethrough.com,request,2.6-202606,openrtb.type.mismatch,error,site.ref,3.2.13
p000521,webdesignerdepot.com,btlr.sharethrough.com,request,2.6-202606,openrtb.field.deprecated,warning,imp[0].video.placement,Section 3.2.7
p000521,webdesignerdepot.com,btlr.sharethrough.com,request,2.6-202606,openrtb.field.undefined,error,imp[0].video.topframe,3.2.7
p000521,webdesignerdepot.com,btlr.sharethrough.com,request,2.6-202606,openrtb.type.mismatch,error,site.ref,3.2.13
p000522,autoguide.com,c2shb.pubgw.yahoo.com,request,2.6-202606,openrtb.field.moved,error,regs.ext.gdpr,Section 3.2.3
p000523,autoguide.com,c2shb.pubgw.yahoo.com,request,2.6-202606,openrtb.field.moved,error,regs.ext.gdpr,Section 3.2.3
p000524,autoguide.com,c2shb.pubgw.yahoo.com,request,2.6-202606,openrtb.field.moved,error,regs.ext.gdpr,Section 3.2.3
p000525,autoguide.com,c2shb.pubgw.yahoo.com,request,2.6-202606,openrtb.field.moved,error,regs.ext.gdpr,Section 3.2.3
p000526,autoguide.com,c2shb.pubgw.yahoo.com,request,2.6-202606,openrtb.field.moved,error,regs.ext.gdpr,Section 3.2.3
p000527,autoguide.com,c2shb.pubgw.yahoo.com,request,2.6-202606,openrtb.field.moved,error,regs.ext.gdpr,Section 3.2.3
p000528,autoguide.com,c2shb.pubgw.yahoo.com,request,2.6-202606,openrtb.field.moved,error,regs.ext.gdpr,Section 3.2.3
p000529,autoguide.com,c2shb.pubgw.yahoo.com,request,2.6-202606,openrtb.field.moved,error,regs.ext.gdpr,Section 3.2.3
p000530,autoguide.com,c2shb.pubgw.yahoo.com,request,2.6-202606,openrtb.field.moved,error,regs.ext.gdpr,Section 3.2.3
p000531,autoguide.com,c2shb.pubgw.yahoo.com,request,2.6-202606,openrtb.field.moved,error,regs.ext.gdpr,Section 3.2.3
p000532,autoguide.com,c2shb.pubgw.yahoo.com,request,2.6-202606,openrtb.field.moved,error,regs.ext.gdpr,Section 3.2.3
p000533,autoguide.com,c2shb.pubgw.yahoo.com,request,2.6-202606,openrtb.field.moved,error,regs.ext.gdpr,Section 3.2.3
p000534,autoguide.com,c2shb.pubgw.yahoo.com,request,2.6-202606,openrtb.field.moved,error,regs.ext.gdpr,Section 3.2.3
p000535,autoguide.com,c2shb.pubgw.yahoo.com,request,2.6-202606,openrtb.field.moved,error,regs.ext.gdpr,Section 3.2.3
p000536,autoguide.com,c2shb.pubgw.yahoo.com,request,2.6-202606,openrtb.field.moved,error,regs.ext.gdpr,Section 3.2.3
p000537,autoguide.com,c2shb.pubgw.yahoo.com,request,2.6-202606,openrtb.field.moved,error,regs.ext.gdpr,Section 3.2.3
p000538,autoguide.com,c2shb.pubgw.yahoo.com,request,2.6-202606,openrtb.field.moved,error,regs.ext.gdpr,Section 3.2.3
p000539,autoguide.com,c2shb.pubgw.yahoo.com,request,2.6-202606,openrtb.field.moved,error,regs.ext.gdpr,Section 3.2.3
p000540,autoguide.com,c2shb.pubgw.yahoo.com,request,2.6-202606,openrtb.field.moved,error,regs.ext.gdpr,Section 3.2.3
p000541,autoguide.com,c2shb.pubgw.yahoo.com,request,2.6-202606,openrtb.field.moved,error,regs.ext.gdpr,Section 3.2.3
p000542,autoguide.com,c2shb.pubgw.yahoo.com,request,2.6-202606,openrtb.field.moved,error,regs.ext.gdpr,Section 3.2.3
p000543,autoguide.com,c2shb.pubgw.yahoo.com,request,2.6-202606,openrtb.field.moved,error,regs.ext.gdpr,Section 3.2.3
p000544,autoguide.com,c2shb.pubgw.yahoo.com,request,2.6-202606,openrtb.field.moved,error,regs.ext.gdpr,Section 3.2.3
p000545,autoguide.com,c2shb.pubgw.yahoo.com,request,2.6-202606,openrtb.field.moved,error,regs.ext.gdpr,Section 3.2.3
p000546,autoguide.com,c2shb.pubgw.yahoo.com,request,2.6-202606,openrtb.field.moved,error,regs.ext.gdpr,Section 3.2.3
p000547,autoguide.com,c2shb.pubgw.yahoo.com,request,2.6-202606,openrtb.field.moved,error,regs.ext.gdpr,Section 3.2.3
p000548,autoguide.com,c2shb.pubgw.yahoo.com,request,2.6-202606,openrtb.field.moved,error,regs.ext.gdpr,Section 3.2.3
p000549,autoguide.com,c2shb.pubgw.yahoo.com,request,2.6-202606,openrtb.field.moved,error,regs.ext.gdpr,Section 3.2.3
p000550,autoguide.com,c2shb.pubgw.yahoo.com,request,2.6-202606,openrtb.field.moved,error,regs.ext.gdpr,Section 3.2.3
p000551,autoguide.com,c2shb.pubgw.yahoo.com,request,2.6-202606,openrtb.field.moved,error,regs.ext.gdpr,Section 3.2.3
p000552,autoguide.com,c2shb.pubgw.yahoo.com,request,2.6-202606,openrtb.field.moved,error,regs.ext.gdpr,Section 3.2.3
p000553,autoguide.com,c2shb.pubgw.yahoo.com,request,2.6-202606,openrtb.field.moved,error,regs.ext.gdpr,Section 3.2.3
p000554,autoguide.com,c2shb.pubgw.yahoo.com,request,2.6-202606,openrtb.field.moved,error,regs.ext.gdpr,Section 3.2.3
p000555,autoguide.com,c2shb.pubgw.yahoo.com,request,2.6-202606,openrtb.field.moved,error,regs.ext.gdpr,Section 3.2.3
p000556,autoguide.com,c2shb.pubgw.yahoo.com,request,2.6-202606,openrtb.field.moved,error,regs.ext.gdpr,Section 3.2.3
p000557,autoguide.com,c2shb.pubgw.yahoo.com,request,2.6-202606,openrtb.field.moved,error,regs.ext.gdpr,Section 3.2.3
p000558,autoguide.com,c2shb.pubgw.yahoo.com,request,2.6-202606,openrtb.field.moved,error,regs.ext.gdpr,Section 3.2.3
p000559,autoguide.com,c2shb.pubgw.yahoo.com,request,2.6-202606,openrtb.field.moved,error,regs.ext.gdpr,Section 3.2.3
p000560,autoguide.com,c2shb.pubgw.yahoo.com,request,2.6-202606,openrtb.field.moved,error,regs.ext.gdpr,Section 3.2.3
p000561,autoguide.com,c2shb.pubgw.yahoo.com,request,2.6-202606,openrtb.field.moved,error,regs.ext.gdpr,Section 3.2.3
p000562,autoguide.com,c2shb.pubgw.yahoo.com,request,2.6-202606,openrtb.field.moved,error,regs.ext.gdpr,Section 3.2.3
p000563,autoguide.com,c2shb.pubgw.yahoo.com,request,2.6-202606,openrtb.field.moved,error,regs.ext.gdpr,Section 3.2.3
p000564,barcablaugranes.com,c2shb.pubgw.yahoo.com,request,2.6-202606,openrtb.field.moved,error,regs.ext.gdpr,Section 3.2.3
p000564,barcablaugranes.com,c2shb.pubgw.yahoo.com,request,2.6-202606,openrtb.field.moved,error,user.ext.consent,Section 3.2.20
p000565,barcablaugranes.com,c2shb.pubgw.yahoo.com,request,2.6-202606,openrtb.field.moved,error,regs.ext.gdpr,Section 3.2.3
p000565,barcablaugranes.com,c2shb.pubgw.yahoo.com,request,2.6-202606,openrtb.field.moved,error,user.ext.consent,Section 3.2.20
p000566,barcablaugranes.com,c2shb.pubgw.yahoo.com,request,2.6-202606,openrtb.field.moved,error,regs.ext.gdpr,Section 3.2.3
p000566,barcablaugranes.com,c2shb.pubgw.yahoo.com,request,2.6-202606,openrtb.field.moved,error,user.ext.consent,Section 3.2.20
p000567,barcablaugranes.com,c2shb.pubgw.yahoo.com,request,2.6-202606,openrtb.field.moved,error,regs.ext.gdpr,Section 3.2.3
p000567,barcablaugranes.com,c2shb.pubgw.yahoo.com,request,2.6-202606,openrtb.field.moved,error,user.ext.consent,Section 3.2.20
p000568,barcablaugranes.com,c2shb.pubgw.yahoo.com,request,2.6-202606,openrtb.field.moved,error,regs.ext.gdpr,Section 3.2.3
p000568,barcablaugranes.com,c2shb.pubgw.yahoo.com,request,2.6-202606,openrtb.field.moved,error,user.ext.consent,Section 3.2.20
p000569,barcablaugranes.com,c2shb.pubgw.yahoo.com,request,2.6-202606,openrtb.field.moved,error,regs.ext.gdpr,Section 3.2.3
p000569,barcablaugranes.com,c2shb.pubgw.yahoo.com,request,2.6-202606,openrtb.field.moved,error,user.ext.consent,Section 3.2.20
p000570,barcablaugranes.com,c2shb.pubgw.yahoo.com,request,2.6-202606,openrtb.field.moved,error,regs.ext.gdpr,Section 3.2.3
p000570,barcablaugranes.com,c2shb.pubgw.yahoo.com,request,2.6-202606,openrtb.field.moved,error,user.ext.consent,Section 3.2.20
p000571,barcablaugranes.com,c2shb.pubgw.yahoo.com,request,2.6-202606,openrtb.field.moved,error,regs.ext.gdpr,Section 3.2.3
p000571,barcablaugranes.com,c2shb.pubgw.yahoo.com,request,2.6-202606,openrtb.field.moved,error,user.ext.consent,Section 3.2.20
p000572,barcablaugranes.com,c2shb.pubgw.yahoo.com,request,2.6-202606,openrtb.field.moved,error,regs.ext.gdpr,Section 3.2.3
p000572,barcablaugranes.com,c2shb.pubgw.yahoo.com,request,2.6-202606,openrtb.field.moved,error,user.ext.consent,Section 3.2.20
p000573,barcablaugranes.com,c2shb.pubgw.yahoo.com,request,2.6-202606,openrtb.field.moved,error,regs.ext.gdpr,Section 3.2.3
p000573,barcablaugranes.com,c2shb.pubgw.yahoo.com,request,2.6-202606,openrtb.field.moved,error,user.ext.consent,Section 3.2.20
p000574,barcablaugranes.com,c2shb.pubgw.yahoo.com,request,2.6-202606,openrtb.field.moved,error,regs.ext.gdpr,Section 3.2.3
p000574,barcablaugranes.com,c2shb.pubgw.yahoo.com,request,2.6-202606,openrtb.field.moved,error,user.ext.consent,Section 3.2.20
p000575,barcablaugranes.com,c2shb.pubgw.yahoo.com,request,2.6-202606,openrtb.field.moved,error,regs.ext.gdpr,Section 3.2.3
p000575,barcablaugranes.com,c2shb.pubgw.yahoo.com,request,2.6-202606,openrtb.field.moved,error,user.ext.consent,Section 3.2.20
p000576,barcablaugranes.com,c2shb.pubgw.yahoo.com,request,2.6-202606,openrtb.field.moved,error,regs.ext.gdpr,Section 3.2.3
p000576,barcablaugranes.com,c2shb.pubgw.yahoo.com,request,2.6-202606,openrtb.field.moved,error,user.ext.consent,Section 3.2.20
p000577,chicagotribune.com,c2shb.pubgw.yahoo.com,request,2.6-202606,openrtb.field.deprecated,warning,imp[0].video.placement,Section 3.2.7
p000577,chicagotribune.com,c2shb.pubgw.yahoo.com,request,2.6-202606,openrtb.field.moved,error,regs.ext.gdpr,Section 3.2.3
p000577,chicagotribune.com,c2shb.pubgw.yahoo.com,request,2.6-202606,openrtb.field.moved,error,user.ext.consent,Section 3.2.20
p000578,chicagotribune.com,c2shb.pubgw.yahoo.com,request,2.6-202606,openrtb.field.deprecated,warning,imp[0].video.placement,Section 3.2.7
p000578,chicagotribune.com,c2shb.pubgw.yahoo.com,request,2.6-202606,openrtb.field.moved,error,regs.ext.gdpr,Section 3.2.3
p000578,chicagotribune.com,c2shb.pubgw.yahoo.com,request,2.6-202606,openrtb.field.moved,error,user.ext.consent,Section 3.2.20
p000579,chicagotribune.com,c2shb.pubgw.yahoo.com,request,2.6-202606,openrtb.field.deprecated,warning,imp[0].video.placement,Section 3.2.7
p000579,chicagotribune.com,c2shb.pubgw.yahoo.com,request,2.6-202606,openrtb.field.moved,error,regs.ext.gdpr,Section 3.2.3
p000579,chicagotribune.com,c2shb.pubgw.yahoo.com,request,2.6-202606,openrtb.field.moved,error,user.ext.consent,Section 3.2.20
p000580,chicagotribune.com,c2shb.pubgw.yahoo.com,request,2.6-202606,openrtb.field.deprecated,warning,imp[0].video.placement,Section 3.2.7
p000580,chicagotribune.com,c2shb.pubgw.yahoo.com,request,2.6-202606,openrtb.field.moved,error,regs.ext.gdpr,Section 3.2.3
p000580,chicagotribune.com,c2shb.pubgw.yahoo.com,request,2.6-202606,openrtb.field.moved,error,user.ext.consent,Section 3.2.20
p000581,chicagotribune.com,c2shb.pubgw.yahoo.com,request,2.6-202606,openrtb.field.deprecated,warning,imp[0].video.placement,Section 3.2.7
p000581,chicagotribune.com,c2shb.pubgw.yahoo.com,request,2.6-202606,openrtb.field.moved,error,regs.ext.gdpr,Section 3.2.3
p000581,chicagotribune.com,c2shb.pubgw.yahoo.com,request,2.6-202606,openrtb.field.moved,error,user.ext.consent,Section 3.2.20
p000582,fncstatic.com,c2shb.pubgw.yahoo.com,request,2.6-202606,openrtb.field.moved,error,regs.ext.gdpr,Section 3.2.3
p000582,fncstatic.com,c2shb.pubgw.yahoo.com,request,2.6-202606,openrtb.field.moved,error,user.ext.consent,Section 3.2.20
p000583,fncstatic.com,c2shb.pubgw.yahoo.com,request,2.6-202606,openrtb.field.moved,error,regs.ext.gdpr,Section 3.2.3
p000583,fncstatic.com,c2shb.pubgw.yahoo.com,request,2.6-202606,openrtb.field.moved,error,user.ext.consent,Section 3.2.20
p000584,fncstatic.com,c2shb.pubgw.yahoo.com,request,2.6-202606,openrtb.field.moved,error,regs.ext.gdpr,Section 3.2.3
p000584,fncstatic.com,c2shb.pubgw.yahoo.com,request,2.6-202606,openrtb.field.moved,error,user.ext.consent,Section 3.2.20
p000585,fncstatic.com,c2shb.pubgw.yahoo.com,request,2.6-202606,openrtb.field.moved,error,regs.ext.gdpr,Section 3.2.3
p000585,fncstatic.com,c2shb.pubgw.yahoo.com,request,2.6-202606,openrtb.field.moved,error,user.ext.consent,Section 3.2.20
p000586,fncstatic.com,c2shb.pubgw.yahoo.com,request,2.6-202606,openrtb.field.moved,error,regs.ext.gdpr,Section 3.2.3
p000586,fncstatic.com,c2shb.pubgw.yahoo.com,request,2.6-202606,openrtb.field.moved,error,user.ext.consent,Section 3.2.20
p000587,nesn.com,c2shb.pubgw.yahoo.com,request,2.6-202606,openrtb.field.deprecated,warning,imp[0].video.placement,Section 3.2.7
p000587,nesn.com,c2shb.pubgw.yahoo.com,request,2.6-202606,openrtb.field.moved,error,regs.ext.gdpr,Section 3.2.3
p000587,nesn.com,c2shb.pubgw.yahoo.com,request,2.6-202606,openrtb.field.moved,error,user.ext.consent,Section 3.2.20
p000588,nesn.com,c2shb.pubgw.yahoo.com,request,2.6-202606,openrtb.field.deprecated,warning,imp[0].video.placement,Section 3.2.7
p000588,nesn.com,c2shb.pubgw.yahoo.com,request,2.6-202606,openrtb.field.moved,error,regs.ext.gdpr,Section 3.2.3
p000588,nesn.com,c2shb.pubgw.yahoo.com,request,2.6-202606,openrtb.field.moved,error,user.ext.consent,Section 3.2.20
p000589,pilotonline.com,c2shb.pubgw.yahoo.com,request,2.6-202606,openrtb.field.deprecated,warning,imp[0].video.placement,Section 3.2.7
p000589,pilotonline.com,c2shb.pubgw.yahoo.com,request,2.6-202606,openrtb.field.moved,error,regs.ext.gdpr,Section 3.2.3
p000589,pilotonline.com,c2shb.pubgw.yahoo.com,request,2.6-202606,openrtb.field.moved,error,user.ext.consent,Section 3.2.20
p000590,pilotonline.com,c2shb.pubgw.yahoo.com,request,2.6-202606,openrtb.field.deprecated,warning,imp[0].video.placement,Section 3.2.7
p000590,pilotonline.com,c2shb.pubgw.yahoo.com,request,2.6-202606,openrtb.field.moved,error,regs.ext.gdpr,Section 3.2.3
p000590,pilotonline.com,c2shb.pubgw.yahoo.com,request,2.6-202606,openrtb.field.moved,error,user.ext.consent,Section 3.2.20
p000591,pilotonline.com,c2shb.pubgw.yahoo.com,request,2.6-202606,openrtb.field.deprecated,warning,imp[0].video.placement,Section 3.2.7
p000591,pilotonline.com,c2shb.pubgw.yahoo.com,request,2.6-202606,openrtb.field.moved,error,regs.ext.gdpr,Section 3.2.3
p000591,pilotonline.com,c2shb.pubgw.yahoo.com,request,2.6-202606,openrtb.field.moved,error,user.ext.consent,Section 3.2.20
p000592,ranker.com,c2shb.pubgw.yahoo.com,request,2.6-202606,openrtb.field.moved,error,regs.ext.gdpr,Section 3.2.3
p000592,ranker.com,c2shb.pubgw.yahoo.com,request,2.6-202606,openrtb.field.moved,error,user.ext.consent,Section 3.2.20
p000593,ranker.com,c2shb.pubgw.yahoo.com,request,2.6-202606,openrtb.field.moved,error,regs.ext.gdpr,Section 3.2.3
p000593,ranker.com,c2shb.pubgw.yahoo.com,request,2.6-202606,openrtb.field.moved,error,user.ext.consent,Section 3.2.20
p000594,ranker.com,c2shb.pubgw.yahoo.com,request,2.6-202606,openrtb.field.moved,error,regs.ext.gdpr,Section 3.2.3
p000594,ranker.com,c2shb.pubgw.yahoo.com,request,2.6-202606,openrtb.field.moved,error,user.ext.consent,Section 3.2.20
p000595,ranker.com,c2shb.pubgw.yahoo.com,request,2.6-202606,openrtb.field.moved,error,regs.ext.gdpr,Section 3.2.3
p000595,ranker.com,c2shb.pubgw.yahoo.com,request,2.6-202606,openrtb.field.moved,error,user.ext.consent,Section 3.2.20
p000596,ranker.com,c2shb.pubgw.yahoo.com,request,2.6-202606,openrtb.field.deprecated,warning,imp[0].video.placement,Section 3.2.7
p000596,ranker.com,c2shb.pubgw.yahoo.com,request,2.6-202606,openrtb.field.moved,error,regs.ext.gdpr,Section 3.2.3
p000596,ranker.com,c2shb.pubgw.yahoo.com,request,2.6-202606,openrtb.field.moved,error,user.ext.consent,Section 3.2.20
p000597,ranker.com,c2shb.pubgw.yahoo.com,request,2.6-202606,openrtb.field.moved,error,regs.ext.gdpr,Section 3.2.3
p000597,ranker.com,c2shb.pubgw.yahoo.com,request,2.6-202606,openrtb.field.moved,error,user.ext.consent,Section 3.2.20
p000598,ranker.com,c2shb.pubgw.yahoo.com,request,2.6-202606,openrtb.field.moved,error,regs.ext.gdpr,Section 3.2.3
p000598,ranker.com,c2shb.pubgw.yahoo.com,request,2.6-202606,openrtb.field.moved,error,user.ext.consent,Section 3.2.20
p000599,ranker.com,c2shb.pubgw.yahoo.com,request,2.6-202606,openrtb.field.deprecated,warning,imp[0].video.placement,Section 3.2.7
p000599,ranker.com,c2shb.pubgw.yahoo.com,request,2.6-202606,openrtb.field.moved,error,regs.ext.gdpr,Section 3.2.3
p000599,ranker.com,c2shb.pubgw.yahoo.com,request,2.6-202606,openrtb.field.moved,error,user.ext.consent,Section 3.2.20
p000600,ranker.com,c2shb.pubgw.yahoo.com,request,2.6-202606,openrtb.field.deprecated,warning,imp[0].video.placement,Section 3.2.7
p000600,ranker.com,c2shb.pubgw.yahoo.com,request,2.6-202606,openrtb.field.moved,error,regs.ext.gdpr,Section 3.2.3
p000600,ranker.com,c2shb.pubgw.yahoo.com,request,2.6-202606,openrtb.field.moved,error,user.ext.consent,Section 3.2.20
p000601,ranker.com,c2shb.pubgw.yahoo.com,request,2.6-202606,openrtb.field.deprecated,warning,imp[0].video.placement,Section 3.2.7
p000601,ranker.com,c2shb.pubgw.yahoo.com,request,2.6-202606,openrtb.field.moved,error,regs.ext.gdpr,Section 3.2.3
p000601,ranker.com,c2shb.pubgw.yahoo.com,request,2.6-202606,openrtb.field.moved,error,user.ext.consent,Section 3.2.20
p000602,ranker.com,c2shb.pubgw.yahoo.com,request,2.6-202606,openrtb.field.deprecated,warning,imp[0].video.placement,Section 3.2.7
p000602,ranker.com,c2shb.pubgw.yahoo.com,request,2.6-202606,openrtb.field.moved,error,regs.ext.gdpr,Section 3.2.3
p000602,ranker.com,c2shb.pubgw.yahoo.com,request,2.6-202606,openrtb.field.moved,error,user.ext.consent,Section 3.2.20
p000603,self.com,c2shb.pubgw.yahoo.com,request,2.6-202606,openrtb.field.moved,error,regs.ext.gdpr,Section 3.2.3
p000603,self.com,c2shb.pubgw.yahoo.com,request,2.6-202606,openrtb.field.moved,error,user.ext.consent,Section 3.2.20
p000604,self.com,c2shb.pubgw.yahoo.com,request,2.6-202606,openrtb.field.moved,error,regs.ext.gdpr,Section 3.2.3
p000604,self.com,c2shb.pubgw.yahoo.com,request,2.6-202606,openrtb.field.moved,error,user.ext.consent,Section 3.2.20
p000605,self.com,c2shb.pubgw.yahoo.com,request,2.6-202606,openrtb.field.moved,error,regs.ext.gdpr,Section 3.2.3
p000605,self.com,c2shb.pubgw.yahoo.com,request,2.6-202606,openrtb.field.moved,error,user.ext.consent,Section 3.2.20
p000606,socialblade.com,c2shb.pubgw.yahoo.com,request,2.6-202606,openrtb.field.undefined,error,imp[0].data,3.2.4
p000607,socialblade.com,c2shb.pubgw.yahoo.com,request,2.6-202606,openrtb.field.undefined,error,imp[0].data,3.2.4
p000608,socialblade.com,c2shb.pubgw.yahoo.com,request,2.6-202606,openrtb.field.undefined,error,imp[0].data,3.2.4
p000609,socialblade.com,c2shb.pubgw.yahoo.com,request,2.6-202606,openrtb.field.undefined,error,imp[0].data,3.2.4
p000610,socialblade.com,c2shb.pubgw.yahoo.com,request,2.6-202606,openrtb.field.undefined,error,imp[0].data,3.2.4
p000611,socialblade.com,c2shb.pubgw.yahoo.com,request,2.6-202606,openrtb.field.undefined,error,imp[0].data,3.2.4
p000612,socialblade.com,c2shb.pubgw.yahoo.com,request,2.6-202606,openrtb.field.undefined,error,imp[0].data,3.2.4
p000612,socialblade.com,c2shb.pubgw.yahoo.com,request,2.6-202606,openrtb.field.deprecated,warning,imp[0].video.placement,Section 3.2.7
p000613,self.com,c2shb.pubgw.yahoo.com,request,2.6-202606,openrtb.field.moved,error,regs.ext.gdpr,Section 3.2.3
p000613,self.com,c2shb.pubgw.yahoo.com,request,2.6-202606,openrtb.field.moved,error,user.ext.consent,Section 3.2.20
p000614,self.com,c2shb.pubgw.yahoo.com,request,2.6-202606,openrtb.field.moved,error,regs.ext.gdpr,Section 3.2.3
p000614,self.com,c2shb.pubgw.yahoo.com,request,2.6-202606,openrtb.field.moved,error,user.ext.consent,Section 3.2.20
p000615,self.com,c2shb.pubgw.yahoo.com,request,2.6-202606,openrtb.field.moved,error,regs.ext.gdpr,Section 3.2.3
p000615,self.com,c2shb.pubgw.yahoo.com,request,2.6-202606,openrtb.field.moved,error,user.ext.consent,Section 3.2.20
p000616,self.com,c2shb.pubgw.yahoo.com,request,2.6-202606,openrtb.field.moved,error,regs.ext.gdpr,Section 3.2.3
p000616,self.com,c2shb.pubgw.yahoo.com,request,2.6-202606,openrtb.field.moved,error,user.ext.consent,Section 3.2.20
p000617,socialblade.com,c2shb.pubgw.yahoo.com,request,2.6-202606,openrtb.field.undefined,error,imp[0].data,3.2.4
p000617,socialblade.com,c2shb.pubgw.yahoo.com,request,2.6-202606,openrtb.field.deprecated,warning,imp[0].video.placement,Section 3.2.7
p000618,upi.com,c2shb.pubgw.yahoo.com,request,2.6-202606,openrtb.field.undefined,error,imp[0].data,3.2.4
p000618,upi.com,c2shb.pubgw.yahoo.com,request,2.6-202606,openrtb.field.undefined,error,user.eids[4]._ref,3.2.27
p000619,upi.com,c2shb.pubgw.yahoo.com,request,2.6-202606,openrtb.field.undefined,error,imp[0].data,3.2.4
p000619,upi.com,c2shb.pubgw.yahoo.com,request,2.6-202606,openrtb.field.undefined,error,user.eids[4]._ref,3.2.27
p000620,upi.com,c2shb.pubgw.yahoo.com,request,2.6-202606,openrtb.field.undefined,error,imp[0].data,3.2.4
p000620,upi.com,c2shb.pubgw.yahoo.com,request,2.6-202606,openrtb.field.undefined,error,user.eids[4]._ref,3.2.27
p000621,upi.com,c2shb.pubgw.yahoo.com,request,2.6-202606,openrtb.field.undefined,error,imp[0].data,3.2.4
p000621,upi.com,c2shb.pubgw.yahoo.com,request,2.6-202606,openrtb.field.undefined,error,user.eids[4]._ref,3.2.27
p000622,upi.com,c2shb.pubgw.yahoo.com,request,2.6-202606,openrtb.field.undefined,error,imp[0].data,3.2.4
p000622,upi.com,c2shb.pubgw.yahoo.com,request,2.6-202606,openrtb.field.undefined,error,user.eids[4]._ref,3.2.27
p000623,upi.com,c2shb.pubgw.yahoo.com,request,2.6-202606,openrtb.field.undefined,error,imp[0].data,3.2.4
p000623,upi.com,c2shb.pubgw.yahoo.com,request,2.6-202606,openrtb.field.undefined,error,user.eids[4]._ref,3.2.27
p000624,upi.com,c2shb.pubgw.yahoo.com,request,2.6-202606,openrtb.field.undefined,error,imp[0].data,3.2.4
p000624,upi.com,c2shb.pubgw.yahoo.com,request,2.6-202606,openrtb.field.undefined,error,user.eids[4]._ref,3.2.27
p000625,upi.com,c2shb.pubgw.yahoo.com,request,2.6-202606,openrtb.field.undefined,error,imp[0].data,3.2.4
p000625,upi.com,c2shb.pubgw.yahoo.com,request,2.6-202606,openrtb.field.undefined,error,user.eids[4]._ref,3.2.27
p000626,upi.com,c2shb.pubgw.yahoo.com,request,2.6-202606,openrtb.field.undefined,error,imp[0].data,3.2.4
p000626,upi.com,c2shb.pubgw.yahoo.com,request,2.6-202606,openrtb.field.undefined,error,user.eids[4]._ref,3.2.27
p000627,upi.com,c2shb.pubgw.yahoo.com,request,2.6-202606,openrtb.field.undefined,error,imp[0].data,3.2.4
p000627,upi.com,c2shb.pubgw.yahoo.com,request,2.6-202606,openrtb.field.undefined,error,user.eids[4]._ref,3.2.27
p000628,upi.com,c2shb.pubgw.yahoo.com,request,2.6-202606,openrtb.field.undefined,error,imp[0].data,3.2.4
p000628,upi.com,c2shb.pubgw.yahoo.com,request,2.6-202606,openrtb.field.undefined,error,user.eids[4]._ref,3.2.27
p000629,upi.com,c2shb.pubgw.yahoo.com,request,2.6-202606,openrtb.field.undefined,error,imp[0].data,3.2.4
p000629,upi.com,c2shb.pubgw.yahoo.com,request,2.6-202606,openrtb.field.undefined,error,user.eids[4]._ref,3.2.27
p000630,upi.com,c2shb.pubgw.yahoo.com,request,2.6-202606,openrtb.field.undefined,error,imp[0].data,3.2.4
p000630,upi.com,c2shb.pubgw.yahoo.com,request,2.6-202606,openrtb.field.undefined,error,user.eids[4]._ref,3.2.27
p000631,upi.com,c2shb.pubgw.yahoo.com,request,2.6-202606,openrtb.field.undefined,error,imp[0].data,3.2.4
p000631,upi.com,c2shb.pubgw.yahoo.com,request,2.6-202606,openrtb.field.undefined,error,user.eids[4]._ref,3.2.27
p000632,upi.com,c2shb.pubgw.yahoo.com,request,2.6-202606,openrtb.field.undefined,error,imp[0].data,3.2.4
p000632,upi.com,c2shb.pubgw.yahoo.com,request,2.6-202606,openrtb.field.undefined,error,user.eids[4]._ref,3.2.27
p000633,upi.com,c2shb.pubgw.yahoo.com,request,2.6-202606,openrtb.field.undefined,error,imp[0].data,3.2.4
p000633,upi.com,c2shb.pubgw.yahoo.com,request,2.6-202606,openrtb.field.undefined,error,user.eids[4]._ref,3.2.27
p000634,upi.com,c2shb.pubgw.yahoo.com,request,2.6-202606,openrtb.field.undefined,error,imp[0].data,3.2.4
p000634,upi.com,c2shb.pubgw.yahoo.com,request,2.6-202606,openrtb.field.undefined,error,user.eids[4]._ref,3.2.27
p000635,upi.com,c2shb.pubgw.yahoo.com,request,2.6-202606,openrtb.field.undefined,error,imp[0].data,3.2.4
p000635,upi.com,c2shb.pubgw.yahoo.com,request,2.6-202606,openrtb.field.undefined,error,user.eids[4]._ref,3.2.27
p000636,upi.com,c2shb.pubgw.yahoo.com,request,2.6-202606,openrtb.field.undefined,error,imp[0].data,3.2.4
p000636,upi.com,c2shb.pubgw.yahoo.com,request,2.6-202606,openrtb.field.undefined,error,user.eids[4]._ref,3.2.27
p000637,upi.com,c2shb.pubgw.yahoo.com,request,2.6-202606,openrtb.field.undefined,error,imp[0].data,3.2.4
p000637,upi.com,c2shb.pubgw.yahoo.com,request,2.6-202606,openrtb.field.undefined,error,user.eids[4]._ref,3.2.27
p000638,upi.com,c2shb.pubgw.yahoo.com,request,2.6-202606,openrtb.field.undefined,error,imp[0].data,3.2.4
p000638,upi.com,c2shb.pubgw.yahoo.com,request,2.6-202606,openrtb.field.undefined,error,user.eids[5]._ref,3.2.27
p000639,upi.com,c2shb.pubgw.yahoo.com,request,2.6-202606,openrtb.field.undefined,error,imp[0].data,3.2.4
p000639,upi.com,c2shb.pubgw.yahoo.com,request,2.6-202606,openrtb.field.undefined,error,user.eids[5]._ref,3.2.27
p000640,upi.com,c2shb.pubgw.yahoo.com,request,2.6-202606,openrtb.field.undefined,error,imp[0].data,3.2.4
p000640,upi.com,c2shb.pubgw.yahoo.com,request,2.6-202606,openrtb.field.undefined,error,user.eids[5]._ref,3.2.27
p000641,upi.com,c2shb.pubgw.yahoo.com,request,2.6-202606,openrtb.field.undefined,error,imp[0].data,3.2.4
p000641,upi.com,c2shb.pubgw.yahoo.com,request,2.6-202606,openrtb.field.undefined,error,user.eids[5]._ref,3.2.27
p000642,upi.com,c2shb.pubgw.yahoo.com,request,2.6-202606,openrtb.field.undefined,error,imp[0].data,3.2.4
p000642,upi.com,c2shb.pubgw.yahoo.com,request,2.6-202606,openrtb.field.undefined,error,user.eids[5]._ref,3.2.27
p000643,upi.com,c2shb.pubgw.yahoo.com,request,2.6-202606,openrtb.field.undefined,error,imp[0].data,3.2.4
p000643,upi.com,c2shb.pubgw.yahoo.com,request,2.6-202606,openrtb.field.undefined,error,user.eids[5]._ref,3.2.27
p000644,upi.com,c2shb.pubgw.yahoo.com,request,2.6-202606,openrtb.field.undefined,error,imp[0].data,3.2.4
p000644,upi.com,c2shb.pubgw.yahoo.com,request,2.6-202606,openrtb.field.undefined,error,user.eids[5]._ref,3.2.27
p000645,upi.com,c2shb.pubgw.yahoo.com,request,2.6-202606,openrtb.field.undefined,error,imp[0].data,3.2.4
p000645,upi.com,c2shb.pubgw.yahoo.com,request,2.6-202606,openrtb.field.undefined,error,user.eids[5]._ref,3.2.27
p000646,upi.com,c2shb.pubgw.yahoo.com,request,2.6-202606,openrtb.field.undefined,error,imp[0].data,3.2.4
p000646,upi.com,c2shb.pubgw.yahoo.com,request,2.6-202606,openrtb.field.undefined,error,user.eids[5]._ref,3.2.27
p000647,upi.com,c2shb.pubgw.yahoo.com,request,2.6-202606,openrtb.field.undefined,error,imp[0].data,3.2.4
p000647,upi.com,c2shb.pubgw.yahoo.com,request,2.6-202606,openrtb.field.undefined,error,user.eids[5]._ref,3.2.27
p000648,upi.com,c2shb.pubgw.yahoo.com,request,2.6-202606,openrtb.field.undefined,error,imp[0].data,3.2.4
p000648,upi.com,c2shb.pubgw.yahoo.com,request,2.6-202606,openrtb.field.undefined,error,user.eids[5]._ref,3.2.27
p000649,upi.com,c2shb.pubgw.yahoo.com,request,2.6-202606,openrtb.field.undefined,error,imp[0].data,3.2.4
p000649,upi.com,c2shb.pubgw.yahoo.com,request,2.6-202606,openrtb.field.undefined,error,user.eids[5]._ref,3.2.27
p000650,upi.com,c2shb.pubgw.yahoo.com,request,2.6-202606,openrtb.field.undefined,error,imp[0].data,3.2.4
p000650,upi.com,c2shb.pubgw.yahoo.com,request,2.6-202606,openrtb.field.undefined,error,user.eids[5]._ref,3.2.27
p000651,webdesignerdepot.com,c2shb.pubgw.yahoo.com,request,2.6-202606,openrtb.field.moved,error,regs.ext.gdpr,Section 3.2.3
p000651,webdesignerdepot.com,c2shb.pubgw.yahoo.com,request,2.6-202606,openrtb.field.moved,error,user.ext.consent,Section 3.2.20
p000652,webdesignerdepot.com,c2shb.pubgw.yahoo.com,request,2.6-202606,openrtb.field.deprecated,warning,imp[0].video.placement,Section 3.2.7
p000652,webdesignerdepot.com,c2shb.pubgw.yahoo.com,request,2.6-202606,openrtb.field.moved,error,regs.ext.gdpr,Section 3.2.3
p000652,webdesignerdepot.com,c2shb.pubgw.yahoo.com,request,2.6-202606,openrtb.field.moved,error,user.ext.consent,Section 3.2.20
p000653,webdesignerdepot.com,c2shb.pubgw.yahoo.com,request,2.6-202606,openrtb.field.moved,error,regs.ext.gdpr,Section 3.2.3
p000653,webdesignerdepot.com,c2shb.pubgw.yahoo.com,request,2.6-202606,openrtb.field.moved,error,user.ext.consent,Section 3.2.20
p000654,webdesignerdepot.com,c2shb.pubgw.yahoo.com,request,2.6-202606,openrtb.field.deprecated,warning,imp[0].video.placement,Section 3.2.7
p000654,webdesignerdepot.com,c2shb.pubgw.yahoo.com,request,2.6-202606,openrtb.field.moved,error,regs.ext.gdpr,Section 3.2.3
p000654,webdesignerdepot.com,c2shb.pubgw.yahoo.com,request,2.6-202606,openrtb.field.moved,error,user.ext.consent,Section 3.2.20
p000655,webdesignerdepot.com,c2shb.pubgw.yahoo.com,request,2.6-202606,openrtb.field.moved,error,regs.ext.gdpr,Section 3.2.3
p000655,webdesignerdepot.com,c2shb.pubgw.yahoo.com,request,2.6-202606,openrtb.field.moved,error,user.ext.consent,Section 3.2.20
p000656,webdesignerdepot.com,c2shb.pubgw.yahoo.com,request,2.6-202606,openrtb.field.deprecated,warning,imp[0].video.placement,Section 3.2.7
p000656,webdesignerdepot.com,c2shb.pubgw.yahoo.com,request,2.6-202606,openrtb.field.moved,error,regs.ext.gdpr,Section 3.2.3
p000656,webdesignerdepot.com,c2shb.pubgw.yahoo.com,request,2.6-202606,openrtb.field.moved,error,user.ext.consent,Section 3.2.20
p000657,webdesignerdepot.com,c2shb.pubgw.yahoo.com,request,2.6-202606,openrtb.field.deprecated,warning,imp[0].video.placement,Section 3.2.7
p000657,webdesignerdepot.com,c2shb.pubgw.yahoo.com,request,2.6-202606,openrtb.field.moved,error,regs.ext.gdpr,Section 3.2.3
p000657,webdesignerdepot.com,c2shb.pubgw.yahoo.com,request,2.6-202606,openrtb.field.moved,error,user.ext.consent,Section 3.2.20
p000658,webdesignerdepot.com,c2shb.pubgw.yahoo.com,request,2.6-202606,openrtb.field.deprecated,warning,imp[0].video.placement,Section 3.2.7
p000658,webdesignerdepot.com,c2shb.pubgw.yahoo.com,request,2.6-202606,openrtb.field.moved,error,regs.ext.gdpr,Section 3.2.3
p000658,webdesignerdepot.com,c2shb.pubgw.yahoo.com,request,2.6-202606,openrtb.field.moved,error,user.ext.consent,Section 3.2.20
p000659,webdesignerdepot.com,c2shb.pubgw.yahoo.com,request,2.6-202606,openrtb.field.deprecated,warning,imp[0].video.placement,Section 3.2.7
p000659,webdesignerdepot.com,c2shb.pubgw.yahoo.com,request,2.6-202606,openrtb.field.moved,error,regs.ext.gdpr,Section 3.2.3
p000659,webdesignerdepot.com,c2shb.pubgw.yahoo.com,request,2.6-202606,openrtb.field.moved,error,user.ext.consent,Section 3.2.20
p000660,webdesignerdepot.com,c2shb.pubgw.yahoo.com,request,2.6-202606,openrtb.field.moved,error,regs.ext.gdpr,Section 3.2.3
p000660,webdesignerdepot.com,c2shb.pubgw.yahoo.com,request,2.6-202606,openrtb.field.moved,error,user.ext.consent,Section 3.2.20
p000661,webdesignerdepot.com,c2shb.pubgw.yahoo.com,request,2.6-202606,openrtb.field.moved,error,regs.ext.gdpr,Section 3.2.3
p000661,webdesignerdepot.com,c2shb.pubgw.yahoo.com,request,2.6-202606,openrtb.field.moved,error,user.ext.consent,Section 3.2.20
p000662,webdesignerdepot.com,c2shb.pubgw.yahoo.com,request,2.6-202606,openrtb.field.deprecated,warning,imp[0].video.placement,Section 3.2.7
p000662,webdesignerdepot.com,c2shb.pubgw.yahoo.com,request,2.6-202606,openrtb.field.moved,error,regs.ext.gdpr,Section 3.2.3
p000662,webdesignerdepot.com,c2shb.pubgw.yahoo.com,request,2.6-202606,openrtb.field.moved,error,user.ext.consent,Section 3.2.20
p000663,webdesignerdepot.com,c2shb.pubgw.yahoo.com,request,2.6-202606,openrtb.field.moved,error,regs.ext.gdpr,Section 3.2.3
p000663,webdesignerdepot.com,c2shb.pubgw.yahoo.com,request,2.6-202606,openrtb.field.moved,error,user.ext.consent,Section 3.2.20
p000664,webdesignerdepot.com,c2shb.pubgw.yahoo.com,request,2.6-202606,openrtb.field.moved,error,regs.ext.gdpr,Section 3.2.3
p000664,webdesignerdepot.com,c2shb.pubgw.yahoo.com,request,2.6-202606,openrtb.field.moved,error,user.ext.consent,Section 3.2.20
p000665,webdesignerdepot.com,c2shb.pubgw.yahoo.com,request,2.6-202606,openrtb.field.deprecated,warning,imp[0].video.placement,Section 3.2.7
p000665,webdesignerdepot.com,c2shb.pubgw.yahoo.com,request,2.6-202606,openrtb.field.moved,error,regs.ext.gdpr,Section 3.2.3
p000665,webdesignerdepot.com,c2shb.pubgw.yahoo.com,request,2.6-202606,openrtb.field.moved,error,user.ext.consent,Section 3.2.20
p000666,webdesignerdepot.com,c2shb.pubgw.yahoo.com,request,2.6-202606,openrtb.field.moved,error,regs.ext.gdpr,Section 3.2.3
p000666,webdesignerdepot.com,c2shb.pubgw.yahoo.com,request,2.6-202606,openrtb.field.moved,error,user.ext.consent,Section 3.2.20
p000667,webdesignerdepot.com,c2shb.pubgw.yahoo.com,request,2.6-202606,openrtb.field.moved,error,regs.ext.gdpr,Section 3.2.3
p000667,webdesignerdepot.com,c2shb.pubgw.yahoo.com,request,2.6-202606,openrtb.field.moved,error,user.ext.consent,Section 3.2.20
p000668,webdesignerdepot.com,c2shb.pubgw.yahoo.com,request,2.6-202606,openrtb.field.deprecated,warning,imp[0].video.placement,Section 3.2.7
p000668,webdesignerdepot.com,c2shb.pubgw.yahoo.com,request,2.6-202606,openrtb.field.moved,error,regs.ext.gdpr,Section 3.2.3
p000668,webdesignerdepot.com,c2shb.pubgw.yahoo.com,request,2.6-202606,openrtb.field.moved,error,user.ext.consent,Section 3.2.20
p000669,webdesignerdepot.com,c2shb.pubgw.yahoo.com,request,2.6-202606,openrtb.field.deprecated,warning,imp[0].video.placement,Section 3.2.7
p000669,webdesignerdepot.com,c2shb.pubgw.yahoo.com,request,2.6-202606,openrtb.field.moved,error,regs.ext.gdpr,Section 3.2.3
p000669,webdesignerdepot.com,c2shb.pubgw.yahoo.com,request,2.6-202606,openrtb.field.moved,error,user.ext.consent,Section 3.2.20
p000670,webdesignerdepot.com,c2shb.pubgw.yahoo.com,request,2.6-202606,openrtb.field.deprecated,warning,imp[0].video.placement,Section 3.2.7
p000670,webdesignerdepot.com,c2shb.pubgw.yahoo.com,request,2.6-202606,openrtb.field.moved,error,regs.ext.gdpr,Section 3.2.3
p000670,webdesignerdepot.com,c2shb.pubgw.yahoo.com,request,2.6-202606,openrtb.field.moved,error,user.ext.consent,Section 3.2.20
p000671,webdesignerdepot.com,c2shb.pubgw.yahoo.com,request,2.6-202606,openrtb.field.deprecated,warning,imp[0].video.placement,Section 3.2.7
p000671,webdesignerdepot.com,c2shb.pubgw.yahoo.com,request,2.6-202606,openrtb.field.moved,error,regs.ext.gdpr,Section 3.2.3
p000671,webdesignerdepot.com,c2shb.pubgw.yahoo.com,request,2.6-202606,openrtb.field.moved,error,user.ext.consent,Section 3.2.20
p000672,webdesignerdepot.com,c2shb.pubgw.yahoo.com,request,2.6-202606,openrtb.field.deprecated,warning,imp[0].video.placement,Section 3.2.7
p000672,webdesignerdepot.com,c2shb.pubgw.yahoo.com,request,2.6-202606,openrtb.field.moved,error,regs.ext.gdpr,Section 3.2.3
p000672,webdesignerdepot.com,c2shb.pubgw.yahoo.com,request,2.6-202606,openrtb.field.moved,error,user.ext.consent,Section 3.2.20
p000673,autoguide.com,c2shb.pubgw.yahoo.com,response,2.6-202606,openrtb.bid.mtype_missing,warning,seatbid[0].bid[0].mtype,4.2.3
p000675,autoguide.com,c2shb.pubgw.yahoo.com,response,2.6-202606,openrtb.bid.mtype_missing,warning,seatbid[0].bid[0].mtype,4.2.3
p000676,autoguide.com,c2shb.pubgw.yahoo.com,response,2.6-202606,openrtb.bid.mtype_missing,warning,seatbid[0].bid[0].mtype,4.2.3
p000677,autoguide.com,c2shb.pubgw.yahoo.com,response,2.6-202606,openrtb.bid.mtype_missing,warning,seatbid[0].bid[0].mtype,4.2.3
p000678,autoguide.com,c2shb.pubgw.yahoo.com,response,2.6-202606,openrtb.bid.mtype_missing,warning,seatbid[0].bid[0].mtype,4.2.3
p000679,autoguide.com,c2shb.pubgw.yahoo.com,response,2.6-202606,openrtb.bid.mtype_missing,warning,seatbid[0].bid[0].mtype,4.2.3
p000680,autoguide.com,c2shb.pubgw.yahoo.com,response,2.6-202606,openrtb.bid.mtype_missing,warning,seatbid[0].bid[0].mtype,4.2.3
p000681,autoguide.com,c2shb.pubgw.yahoo.com,response,2.6-202606,openrtb.bid.mtype_missing,warning,seatbid[0].bid[0].mtype,4.2.3
p000682,autoguide.com,c2shb.pubgw.yahoo.com,response,2.6-202606,openrtb.bid.mtype_missing,warning,seatbid[0].bid[0].mtype,4.2.3
p000683,autoguide.com,c2shb.pubgw.yahoo.com,response,2.6-202606,openrtb.bid.mtype_missing,warning,seatbid[0].bid[0].mtype,4.2.3
p000684,autoguide.com,c2shb.pubgw.yahoo.com,response,2.6-202606,openrtb.bid.mtype_missing,warning,seatbid[0].bid[0].mtype,4.2.3
p000686,autoguide.com,c2shb.pubgw.yahoo.com,response,2.6-202606,openrtb.bid.mtype_missing,warning,seatbid[0].bid[0].mtype,4.2.3
p000687,autoguide.com,c2shb.pubgw.yahoo.com,response,2.6-202606,openrtb.bid.mtype_missing,warning,seatbid[0].bid[0].mtype,4.2.3
p000688,autoguide.com,c2shb.pubgw.yahoo.com,response,2.6-202606,openrtb.bid.mtype_missing,warning,seatbid[0].bid[0].mtype,4.2.3
p000689,autoguide.com,c2shb.pubgw.yahoo.com,response,2.6-202606,openrtb.bid.mtype_missing,warning,seatbid[0].bid[0].mtype,4.2.3
p000690,autoguide.com,c2shb.pubgw.yahoo.com,response,2.6-202606,openrtb.bid.mtype_missing,warning,seatbid[0].bid[0].mtype,4.2.3
p000691,autoguide.com,c2shb.pubgw.yahoo.com,response,2.6-202606,openrtb.bid.mtype_missing,warning,seatbid[0].bid[0].mtype,4.2.3
p000692,autoguide.com,c2shb.pubgw.yahoo.com,response,2.6-202606,openrtb.bid.mtype_missing,warning,seatbid[0].bid[0].mtype,4.2.3
p000694,autoguide.com,c2shb.pubgw.yahoo.com,response,2.6-202606,openrtb.bid.mtype_missing,warning,seatbid[0].bid[0].mtype,4.2.3
p000695,autoguide.com,c2shb.pubgw.yahoo.com,response,2.6-202606,openrtb.bid.mtype_missing,warning,seatbid[0].bid[0].mtype,4.2.3
p000696,autoguide.com,c2shb.pubgw.yahoo.com,response,2.6-202606,openrtb.bid.mtype_missing,warning,seatbid[0].bid[0].mtype,4.2.3
p000702,autoguide.com,c2shb.pubgw.yahoo.com,response,2.6-202606,openrtb.bid.mtype_missing,warning,seatbid[0].bid[0].mtype,4.2.3
p000703,autoguide.com,c2shb.pubgw.yahoo.com,response,2.6-202606,openrtb.bid.mtype_missing,warning,seatbid[0].bid[0].mtype,4.2.3
p000704,autoguide.com,c2shb.pubgw.yahoo.com,response,2.6-202606,openrtb.bid.mtype_missing,warning,seatbid[0].bid[0].mtype,4.2.3
p000706,autoguide.com,c2shb.pubgw.yahoo.com,response,2.6-202606,openrtb.bid.mtype_missing,warning,seatbid[0].bid[0].mtype,4.2.3
p000711,autoguide.com,c2shb.pubgw.yahoo.com,response,2.6-202606,openrtb.bid.mtype_missing,warning,seatbid[0].bid[0].mtype,4.2.3
p000712,autoguide.com,c2shb.pubgw.yahoo.com,response,2.6-202606,openrtb.bid.mtype_missing,warning,seatbid[0].bid[0].mtype,4.2.3
p000714,autoguide.com,c2shb.pubgw.yahoo.com,response,2.6-202606,openrtb.bid.mtype_missing,warning,seatbid[0].bid[0].mtype,4.2.3
p000715,barcablaugranes.com,c2shb.pubgw.yahoo.com,response,2.6-202606,openrtb.bid.mtype_missing,warning,seatbid[0].bid[0].mtype,4.2.3
p000716,barcablaugranes.com,c2shb.pubgw.yahoo.com,response,2.6-202606,openrtb.bid.mtype_missing,warning,seatbid[0].bid[0].mtype,4.2.3
p000717,barcablaugranes.com,c2shb.pubgw.yahoo.com,response,2.6-202606,openrtb.bid.mtype_missing,warning,seatbid[0].bid[0].mtype,4.2.3
p000719,barcablaugranes.com,c2shb.pubgw.yahoo.com,response,2.6-202606,openrtb.bid.mtype_missing,warning,seatbid[0].bid[0].mtype,4.2.3
p000720,barcablaugranes.com,c2shb.pubgw.yahoo.com,response,2.6-202606,openrtb.bid.mtype_missing,warning,seatbid[0].bid[0].mtype,4.2.3
p000721,barcablaugranes.com,c2shb.pubgw.yahoo.com,response,2.6-202606,openrtb.bid.mtype_missing,warning,seatbid[0].bid[0].mtype,4.2.3
p000722,barcablaugranes.com,c2shb.pubgw.yahoo.com,response,2.6-202606,openrtb.bid.mtype_missing,warning,seatbid[0].bid[0].mtype,4.2.3
p000723,barcablaugranes.com,c2shb.pubgw.yahoo.com,response,2.6-202606,openrtb.bid.mtype_missing,warning,seatbid[0].bid[0].mtype,4.2.3
p000724,barcablaugranes.com,c2shb.pubgw.yahoo.com,response,2.6-202606,openrtb.bid.mtype_missing,warning,seatbid[0].bid[0].mtype,4.2.3
p000725,barcablaugranes.com,c2shb.pubgw.yahoo.com,response,2.6-202606,openrtb.bid.mtype_missing,warning,seatbid[0].bid[0].mtype,4.2.3
p000726,barcablaugranes.com,c2shb.pubgw.yahoo.com,response,2.6-202606,openrtb.bid.mtype_missing,warning,seatbid[0].bid[0].mtype,4.2.3
p000727,barcablaugranes.com,c2shb.pubgw.yahoo.com,response,2.6-202606,openrtb.bid.mtype_missing,warning,seatbid[0].bid[0].mtype,4.2.3
p000733,fncstatic.com,c2shb.pubgw.yahoo.com,response,2.6-202606,openrtb.bid.mtype_missing,warning,seatbid[0].bid[0].mtype,4.2.3
p000736,fncstatic.com,c2shb.pubgw.yahoo.com,response,2.6-202606,openrtb.bid.mtype_missing,warning,seatbid[0].bid[0].mtype,4.2.3
p000737,fncstatic.com,c2shb.pubgw.yahoo.com,response,2.6-202606,openrtb.bid.mtype_missing,warning,seatbid[0].bid[0].mtype,4.2.3
p000740,pilotonline.com,c2shb.pubgw.yahoo.com,response,2.6-202606,openrtb.bid.mtype_missing,warning,seatbid[0].bid[0].mtype,4.2.3
p000747,ranker.com,c2shb.pubgw.yahoo.com,response,2.6-202606,openrtb.bid.mtype_missing,warning,seatbid[0].bid[0].mtype,4.2.3
p000754,self.com,c2shb.pubgw.yahoo.com,response,2.6-202606,openrtb.bid.mtype_missing,warning,seatbid[0].bid[0].mtype,4.2.3
p000755,self.com,c2shb.pubgw.yahoo.com,response,2.6-202606,openrtb.bid.mtype_missing,warning,seatbid[0].bid[0].mtype,4.2.3
p000756,self.com,c2shb.pubgw.yahoo.com,response,2.6-202606,openrtb.bid.mtype_missing,warning,seatbid[0].bid[0].mtype,4.2.3
p000760,socialblade.com,c2shb.pubgw.yahoo.com,response,2.6-202606,openrtb.bid.mtype_missing,warning,seatbid[0].bid[0].mtype,4.2.3
p000761,socialblade.com,c2shb.pubgw.yahoo.com,response,2.6-202606,openrtb.bid.mtype_missing,warning,seatbid[0].bid[0].mtype,4.2.3
p000762,socialblade.com,c2shb.pubgw.yahoo.com,response,2.6-202606,openrtb.bid.mtype_missing,warning,seatbid[0].bid[0].mtype,4.2.3
p000764,self.com,c2shb.pubgw.yahoo.com,response,2.6-202606,openrtb.bid.mtype_missing,warning,seatbid[0].bid[0].mtype,4.2.3
p000765,self.com,c2shb.pubgw.yahoo.com,response,2.6-202606,openrtb.bid.mtype_missing,warning,seatbid[0].bid[0].mtype,4.2.3
p000766,self.com,c2shb.pubgw.yahoo.com,response,2.6-202606,openrtb.bid.mtype_missing,warning,seatbid[0].bid[0].mtype,4.2.3
p000767,self.com,c2shb.pubgw.yahoo.com,response,2.6-202606,openrtb.bid.mtype_missing,warning,seatbid[0].bid[0].mtype,4.2.3
p000771,upi.com,c2shb.pubgw.yahoo.com,response,2.6-202606,openrtb.bid.mtype_missing,warning,seatbid[0].bid[0].mtype,4.2.3
p000772,upi.com,c2shb.pubgw.yahoo.com,response,2.6-202606,openrtb.bid.mtype_missing,warning,seatbid[0].bid[0].mtype,4.2.3
p000775,upi.com,c2shb.pubgw.yahoo.com,response,2.6-202606,openrtb.bid.mtype_missing,warning,seatbid[0].bid[0].mtype,4.2.3
p000776,upi.com,c2shb.pubgw.yahoo.com,response,2.6-202606,openrtb.bid.mtype_missing,warning,seatbid[0].bid[0].mtype,4.2.3
p000778,upi.com,c2shb.pubgw.yahoo.com,response,2.6-202606,openrtb.bid.mtype_missing,warning,seatbid[0].bid[0].mtype,4.2.3
p000779,upi.com,c2shb.pubgw.yahoo.com,response,2.6-202606,openrtb.bid.mtype_missing,warning,seatbid[0].bid[0].mtype,4.2.3
p000783,upi.com,c2shb.pubgw.yahoo.com,response,2.6-202606,openrtb.bid.mtype_missing,warning,seatbid[0].bid[0].mtype,4.2.3
p000790,upi.com,c2shb.pubgw.yahoo.com,response,2.6-202606,openrtb.bid.mtype_missing,warning,seatbid[0].bid[0].mtype,4.2.3
p000791,upi.com,c2shb.pubgw.yahoo.com,response,2.6-202606,openrtb.bid.mtype_missing,warning,seatbid[0].bid[0].mtype,4.2.3
p000792,upi.com,c2shb.pubgw.yahoo.com,response,2.6-202606,openrtb.bid.mtype_missing,warning,seatbid[0].bid[0].mtype,4.2.3
p000793,upi.com,c2shb.pubgw.yahoo.com,response,2.6-202606,openrtb.bid.mtype_missing,warning,seatbid[0].bid[0].mtype,4.2.3
p000794,upi.com,c2shb.pubgw.yahoo.com,response,2.6-202606,openrtb.bid.mtype_missing,warning,seatbid[0].bid[0].mtype,4.2.3
p000795,upi.com,c2shb.pubgw.yahoo.com,response,2.6-202606,openrtb.bid.mtype_missing,warning,seatbid[0].bid[0].mtype,4.2.3
p000796,upi.com,c2shb.pubgw.yahoo.com,response,2.6-202606,openrtb.bid.mtype_missing,warning,seatbid[0].bid[0].mtype,4.2.3
p000798,upi.com,c2shb.pubgw.yahoo.com,response,2.6-202606,openrtb.bid.mtype_missing,warning,seatbid[0].bid[0].mtype,4.2.3
p000799,upi.com,c2shb.pubgw.yahoo.com,response,2.6-202606,openrtb.bid.mtype_missing,warning,seatbid[0].bid[0].mtype,4.2.3
p000800,upi.com,c2shb.pubgw.yahoo.com,response,2.6-202606,openrtb.bid.mtype_missing,warning,seatbid[0].bid[0].mtype,4.2.3
p000813,webdesignerdepot.com,c2shb.pubgw.yahoo.com,response,2.6-202606,openrtb.bid.mtype_missing,warning,seatbid[0].bid[0].mtype,4.2.3
p000824,myjoyonline.com,cpm.vuukle.net,request,2.6-202606,openrtb.field.moved,error,regs.ext.gdpr,Section 3.2.3
p000826,csfd.cz,dale.performax.cz,request,2.6-202606,openrtb.field.moved,error,regs.ext.gdpr,Section 3.2.3
p000826,csfd.cz,dale.performax.cz,request,2.6-202606,openrtb.field.moved,error,user.ext.consent,Section 3.2.20
p000827,csfd.cz,dale.performax.cz,request,2.6-202606,openrtb.field.moved,error,regs.ext.gdpr,Section 3.2.3
p000827,csfd.cz,dale.performax.cz,request,2.6-202606,openrtb.field.moved,error,user.ext.consent,Section 3.2.20
p000828,businessinsider.com,direct.adsrvr.org,request,2.6-202606,openrtb.type.mismatch,error,site.ref,3.2.13
p000829,businessinsider.com,direct.adsrvr.org,request,2.6-202606,openrtb.type.mismatch,error,site.ref,3.2.13
p000830,businessinsider.com,direct.adsrvr.org,request,2.6-202606,openrtb.type.mismatch,error,site.ref,3.2.13
p000831,businessinsider.com,direct.adsrvr.org,request,2.6-202606,openrtb.type.mismatch,error,site.ref,3.2.13
p000832,chicagotribune.com,direct.adsrvr.org,request,2.6-202606,openrtb.type.mismatch,error,site.ref,3.2.13
p000833,chl.ca,direct.adsrvr.org,request,2.6-202606,openrtb.type.mismatch,error,site.ref,3.2.13
p000834,chicagotribune.com,direct.adsrvr.org,request,2.6-202606,openrtb.type.mismatch,error,site.ref,3.2.13
p000835,chicagotribune.com,direct.adsrvr.org,request,2.6-202606,openrtb.type.mismatch,error,site.ref,3.2.13
p000836,chicagotribune.com,direct.adsrvr.org,request,2.6-202606,openrtb.type.mismatch,error,site.ref,3.2.13
p000837,chl.ca,direct.adsrvr.org,request,2.6-202606,openrtb.type.mismatch,error,site.ref,3.2.13
p000838,chicagotribune.com,direct.adsrvr.org,request,2.6-202606,openrtb.type.mismatch,error,site.ref,3.2.13
p000839,chicagotribune.com,direct.adsrvr.org,request,2.6-202606,openrtb.type.mismatch,error,site.ref,3.2.13
p000840,chicagotribune.com,direct.adsrvr.org,request,2.6-202606,openrtb.type.mismatch,error,site.ref,3.2.13
p000841,chicagotribune.com,direct.adsrvr.org,request,2.6-202606,openrtb.type.mismatch,error,device.geo.metro,3.2.19
p000841,chicagotribune.com,direct.adsrvr.org,request,2.6-202606,openrtb.field.deprecated,warning,imp[0].video.placement,Section 3.2.7
p000841,chicagotribune.com,direct.adsrvr.org,request,2.6-202606,openrtb.field.moved,error,regs.ext.gdpr,Section 3.2.3
p000841,chicagotribune.com,direct.adsrvr.org,request,2.6-202606,openrtb.field.moved,error,user.ext.consent,Section 3.2.20
p000842,chicagotribune.com,direct.adsrvr.org,request,2.6-202606,openrtb.type.mismatch,error,device.geo.metro,3.2.19
p000842,chicagotribune.com,direct.adsrvr.org,request,2.6-202606,openrtb.field.moved,error,regs.ext.gdpr,Section 3.2.3
p000842,chicagotribune.com,direct.adsrvr.org,request,2.6-202606,openrtb.field.moved,error,user.ext.consent,Section 3.2.20
p000843,chicagotribune.com,direct.adsrvr.org,request,2.6-202606,openrtb.type.mismatch,error,device.geo.metro,3.2.19
p000843,chicagotribune.com,direct.adsrvr.org,request,2.6-202606,openrtb.field.moved,error,regs.ext.gdpr,Section 3.2.3
p000843,chicagotribune.com,direct.adsrvr.org,request,2.6-202606,openrtb.field.moved,error,user.ext.consent,Section 3.2.20
p000844,chicagotribune.com,direct.adsrvr.org,request,2.6-202606,openrtb.type.mismatch,error,device.geo.metro,3.2.19
p000844,chicagotribune.com,direct.adsrvr.org,request,2.6-202606,openrtb.field.deprecated,warning,imp[0].video.placement,Section 3.2.7
p000844,chicagotribune.com,direct.adsrvr.org,request,2.6-202606,openrtb.field.moved,error,regs.ext.gdpr,Section 3.2.3
p000844,chicagotribune.com,direct.adsrvr.org,request,2.6-202606,openrtb.field.moved,error,user.ext.consent,Section 3.2.20
p000845,coindesk.com,direct.adsrvr.org,request,2.6-202606,openrtb.type.mismatch,error,site.ref,3.2.13
p000846,coindesk.com,direct.adsrvr.org,request,2.6-202606,openrtb.type.mismatch,error,site.ref,3.2.13
p000847,cupofjo.com,direct.adsrvr.org,request,2.6-202606,openrtb.type.mismatch,error,site.ref,3.2.13
p000848,cupofjo.com,direct.adsrvr.org,request,2.6-202606,openrtb.type.mismatch,error,site.ref,3.2.13
p000849,cupofjo.com,direct.adsrvr.org,request,2.6-202606,openrtb.type.mismatch,error,site.ref,3.2.13
p000850,cupofjo.com,direct.adsrvr.org,request,2.6-202606,openrtb.type.mismatch,error,site.ref,3.2.13
p000851,cupofjo.com,direct.adsrvr.org,request,2.6-202606,openrtb.field.deprecated,warning,imp[0].video.placement,Section 3.2.7
p000851,cupofjo.com,direct.adsrvr.org,request,2.6-202606,openrtb.value.invalid,error,imp[0].video.skip,3.2.7
p000851,cupofjo.com,direct.adsrvr.org,request,2.6-202606,openrtb.type.mismatch,error,site.ref,3.2.13
p000852,dailykos.com,direct.adsrvr.org,request,2.6-202606,openrtb.type.mismatch,error,site.ref,3.2.13
p000853,dailykos.com,direct.adsrvr.org,request,2.6-202606,openrtb.type.mismatch,error,site.ref,3.2.13
p000854,dailykos.com,direct.adsrvr.org,request,2.6-202606,openrtb.type.mismatch,error,site.ref,3.2.13
p000855,dailykos.com,direct.adsrvr.org,request,2.6-202606,openrtb.type.mismatch,error,site.ref,3.2.13
p000856,dailykos.com,direct.adsrvr.org,request,2.6-202606,openrtb.type.mismatch,error,site.ref,3.2.13
p000857,fncstatic.com,direct.adsrvr.org,request,2.6-202606,openrtb.value.invalid,error,device.connectiontype,3.2.18
p000857,fncstatic.com,direct.adsrvr.org,request,2.6-202606,openrtb.type.mismatch,error,site.ref,3.2.13
p000858,fncstatic.com,direct.adsrvr.org,request,2.6-202606,openrtb.value.invalid,error,device.connectiontype,3.2.18
p000858,fncstatic.com,direct.adsrvr.org,request,2.6-202606,openrtb.type.mismatch,error,site.ref,3.2.13
p000859,fncstatic.com,direct.adsrvr.org,request,2.6-202606,openrtb.value.invalid,error,device.connectiontype,3.2.18
p000859,fncstatic.com,direct.adsrvr.org,request,2.6-202606,openrtb.type.mismatch,error,site.ref,3.2.13
p000860,fncstatic.com,direct.adsrvr.org,request,2.6-202606,openrtb.value.invalid,error,device.connectiontype,3.2.18
p000860,fncstatic.com,direct.adsrvr.org,request,2.6-202606,openrtb.type.mismatch,error,site.ref,3.2.13
p000861,fox11online.com,direct.adsrvr.org,request,2.6-202606,openrtb.field.deprecated,warning,imp[0].video.placement,Section 3.2.7
p000861,fox11online.com,direct.adsrvr.org,request,2.6-202606,openrtb.field.moved,error,regs.ext.gdpr,Section 3.2.3
p000861,fox11online.com,direct.adsrvr.org,request,2.6-202606,openrtb.type.mismatch,error,site.ref,3.2.13
p000862,fox11online.com,direct.adsrvr.org,request,2.6-202606,openrtb.field.moved,error,regs.ext.gdpr,Section 3.2.3
p000862,fox11online.com,direct.adsrvr.org,request,2.6-202606,openrtb.type.mismatch,error,site.ref,3.2.13
p000863,fox11online.com,direct.adsrvr.org,request,2.6-202606,openrtb.field.deprecated,warning,imp[0].video.placement,Section 3.2.7
p000863,fox11online.com,direct.adsrvr.org,request,2.6-202606,openrtb.field.moved,error,regs.ext.gdpr,Section 3.2.3
p000863,fox11online.com,direct.adsrvr.org,request,2.6-202606,openrtb.type.mismatch,error,site.ref,3.2.13
p000864,fox11online.com,direct.adsrvr.org,request,2.6-202606,openrtb.field.moved,error,regs.ext.gdpr,Section 3.2.3
p000864,fox11online.com,direct.adsrvr.org,request,2.6-202606,openrtb.type.mismatch,error,site.ref,3.2.13
p000865,fox11online.com,direct.adsrvr.org,request,2.6-202606,openrtb.field.deprecated,warning,imp[0].video.placement,Section 3.2.7
p000865,fox11online.com,direct.adsrvr.org,request,2.6-202606,openrtb.type.mismatch,error,site.ref,3.2.13
p000868,giantfreakinrobot.com,direct.adsrvr.org,request,2.6-202606,openrtb.field.deprecated,warning,imp[0].video.placement,Section 3.2.7
p000868,giantfreakinrobot.com,direct.adsrvr.org,request,2.6-202606,openrtb.value.invalid,error,imp[0].video.skip,3.2.7
p000870,halfbakedharvest.com,direct.adsrvr.org,request,2.6-202606,openrtb.type.mismatch,error,site.ref,3.2.13
p000871,halfbakedharvest.com,direct.adsrvr.org,request,2.6-202606,openrtb.type.mismatch,error,site.ref,3.2.13
p000872,halfbakedharvest.com,direct.adsrvr.org,request,2.6-202606,openrtb.field.deprecated,warning,imp[0].video.placement,Section 3.2.7
p000872,halfbakedharvest.com,direct.adsrvr.org,request,2.6-202606,openrtb.value.invalid,error,imp[0].video.skip,3.2.7
p000872,halfbakedharvest.com,direct.adsrvr.org,request,2.6-202606,openrtb.type.mismatch,error,site.ref,3.2.13
p000873,halfbakedharvest.com,direct.adsrvr.org,request,2.6-202606,openrtb.field.deprecated,warning,imp[1].video.placement,Section 3.2.7
p000873,halfbakedharvest.com,direct.adsrvr.org,request,2.6-202606,openrtb.value.invalid,error,imp[1].video.skip,3.2.7
p000873,halfbakedharvest.com,direct.adsrvr.org,request,2.6-202606,openrtb.type.mismatch,error,site.ref,3.2.13
p000874,halfbakedharvest.com,direct.adsrvr.org,request,2.6-202606,openrtb.type.mismatch,error,site.ref,3.2.13
p000875,halfbakedharvest.com,direct.adsrvr.org,request,2.6-202606,openrtb.type.mismatch,error,site.ref,3.2.13
p000876,halfbakedharvest.com,direct.adsrvr.org,request,2.6-202606,openrtb.type.mismatch,error,site.ref,3.2.13
p000877,halfbakedharvest.com,direct.adsrvr.org,request,2.6-202606,openrtb.field.deprecated,warning,imp[0].video.placement,Section 3.2.7
p000877,halfbakedharvest.com,direct.adsrvr.org,request,2.6-202606,openrtb.value.invalid,error,imp[0].video.skip,3.2.7
p000877,halfbakedharvest.com,direct.adsrvr.org,request,2.6-202606,openrtb.type.mismatch,error,site.ref,3.2.13
p000878,halfbakedharvest.com,direct.adsrvr.org,request,2.6-202606,openrtb.field.deprecated,warning,imp[0].video.placement,Section 3.2.7
p000878,halfbakedharvest.com,direct.adsrvr.org,request,2.6-202606,openrtb.value.invalid,error,imp[0].video.skip,3.2.7
p000878,halfbakedharvest.com,direct.adsrvr.org,request,2.6-202606,openrtb.type.mismatch,error,site.ref,3.2.13
p000879,howlongtobeat.com,direct.adsrvr.org,request,2.6-202606,openrtb.type.mismatch,error,site.publisher.id,3.2.15
p000880,imore.com,direct.adsrvr.org,request,2.6-202606,openrtb.field.moved,error,regs.ext.gdpr,Section 3.2.3
p000880,imore.com,direct.adsrvr.org,request,2.6-202606,openrtb.type.mismatch,error,site.ref,3.2.13
p000881,iheart.com,direct.adsrvr.org,request,2.6-202606,openrtb.field.deprecated,warning,imp[1].video.placement,Section 3.2.7
p000881,iheart.com,direct.adsrvr.org,request,2.6-202606,openrtb.value.invalid,error,imp[1].video.skip,3.2.7
p000881,iheart.com,direct.adsrvr.org,request,2.6-202606,openrtb.type.mismatch,error,site.ref,3.2.13
p000882,imore.com,direct.adsrvr.org,request,2.6-202606,openrtb.field.moved,error,regs.ext.gdpr,Section 3.2.3
p000882,imore.com,direct.adsrvr.org,request,2.6-202606,openrtb.type.mismatch,error,site.ref,3.2.13
p000883,imore.com,direct.adsrvr.org,request,2.6-202606,openrtb.field.moved,error,regs.ext.gdpr,Section 3.2.3
p000883,imore.com,direct.adsrvr.org,request,2.6-202606,openrtb.type.mismatch,error,site.ref,3.2.13
p000884,kptv.com,direct.adsrvr.org,request,2.6-202606,openrtb.type.mismatch,error,site.ref,3.2.13
p000885,kptv.com,direct.adsrvr.org,request,2.6-202606,openrtb.type.mismatch,error,site.ref,3.2.13
p000886,kptv.com,direct.adsrvr.org,request,2.6-202606,openrtb.type.mismatch,error,site.ref,3.2.13
p000887,kptv.com,direct.adsrvr.org,request,2.6-202606,openrtb.type.mismatch,error,site.ref,3.2.13
p000888,kptv.com,direct.adsrvr.org,request,2.6-202606,openrtb.type.mismatch,error,site.ref,3.2.13
p000889,kptv.com,direct.adsrvr.org,request,2.6-202606,openrtb.type.mismatch,error,site.ref,3.2.13
p000890,kptv.com,direct.adsrvr.org,request,2.6-202606,openrtb.type.mismatch,error,site.ref,3.2.13
p000891,kptv.com,direct.adsrvr.org,request,2.6-202606,openrtb.type.mismatch,error,site.ref,3.2.13
p000892,kptv.com,direct.adsrvr.org,request,2.6-202606,openrtb.type.mismatch,error,site.ref,3.2.13
p000893,kptv.com,direct.adsrvr.org,request,2.6-202606,openrtb.type.mismatch,error,site.ref,3.2.13
p000894,kptv.com,direct.adsrvr.org,request,2.6-202606,openrtb.type.mismatch,error,site.ref,3.2.13
p000895,kptv.com,direct.adsrvr.org,request,2.6-202606,openrtb.type.mismatch,error,site.ref,3.2.13
p000896,kptv.com,direct.adsrvr.org,request,2.6-202606,openrtb.type.mismatch,error,site.ref,3.2.13
p000897,moly.hu,direct.adsrvr.org,request,2.6-202606,openrtb.field.moved,error,regs.ext.gdpr,Section 3.2.3
p000898,moly.hu,direct.adsrvr.org,request,2.6-202606,openrtb.field.moved,error,regs.ext.gdpr,Section 3.2.3
p000899,namemc.com,direct.adsrvr.org,request,2.6-202606,openrtb.field.moved,error,regs.ext.gdpr,Section 3.2.3
p000899,namemc.com,direct.adsrvr.org,request,2.6-202606,openrtb.type.mismatch,error,site.ref,3.2.13
p000900,namemc.com,direct.adsrvr.org,request,2.6-202606,openrtb.field.deprecated,warning,imp[0].video.placement,Section 3.2.7
p000900,namemc.com,direct.adsrvr.org,request,2.6-202606,openrtb.type.mismatch,error,site.ref,3.2.13
p000901,namemc.com,direct.adsrvr.org,request,2.6-202606,openrtb.field.deprecated,warning,imp[0].video.placement,Section 3.2.7
p000901,namemc.com,direct.adsrvr.org,request,2.6-202606,openrtb.type.mismatch,error,site.ref,3.2.13
p000902,nationaltoday.com,direct.adsrvr.org,request,2.6-202606,openrtb.field.moved,error,regs.ext.gdpr,Section 3.2.3
p000903,nationaltoday.com,direct.adsrvr.org,request,2.6-202606,openrtb.field.moved,error,regs.ext.gdpr,Section 3.2.3
p000904,nesn.com,direct.adsrvr.org,request,2.6-202606,openrtb.type.mismatch,error,site.ref,3.2.13
p000905,nationaltoday.com,direct.adsrvr.org,request,2.6-202606,openrtb.field.moved,error,regs.ext.gdpr,Section 3.2.3
p000906,nationaltoday.com,direct.adsrvr.org,request,2.6-202606,openrtb.field.deprecated,warning,imp[0].video.placement,Section 3.2.7
p000906,nationaltoday.com,direct.adsrvr.org,request,2.6-202606,openrtb.type.mismatch,error,site.ref,3.2.13
p000907,nesn.com,direct.adsrvr.org,request,2.6-202606,openrtb.type.mismatch,error,site.ref,3.2.13
p000908,nesn.com,direct.adsrvr.org,request,2.6-202606,openrtb.type.mismatch,error,site.ref,3.2.13
p000909,nesn.com,direct.adsrvr.org,request,2.6-202606,openrtb.field.deprecated,warning,imp[0].video.placement,Section 3.2.7
p000909,nesn.com,direct.adsrvr.org,request,2.6-202606,openrtb.type.mismatch,error,site.ref,3.2.13
p000910,nesn.com,direct.adsrvr.org,request,2.6-202606,openrtb.field.deprecated,warning,imp[0].video.placement,Section 3.2.7
p000910,nesn.com,direct.adsrvr.org,request,2.6-202606,openrtb.type.mismatch,error,site.ref,3.2.13
p000911,outsideonline.com,direct.adsrvr.org,request,2.6-202606,openrtb.field.moved,error,regs.ext.gdpr,Section 3.2.3
p000911,outsideonline.com,direct.adsrvr.org,request,2.6-202606,openrtb.type.mismatch,error,site.ref,3.2.13
p000912,outsideonline.com,direct.adsrvr.org,request,2.6-202606,openrtb.field.moved,error,regs.ext.gdpr,Section 3.2.3
p000912,outsideonline.com,direct.adsrvr.org,request,2.6-202606,openrtb.type.mismatch,error,site.ref,3.2.13
p000913,outsideonline.com,direct.adsrvr.org,request,2.6-202606,openrtb.field.moved,error,regs.ext.gdpr,Section 3.2.3
p000913,outsideonline.com,direct.adsrvr.org,request,2.6-202606,openrtb.type.mismatch,error,site.ref,3.2.13
p000914,outsideonline.com,direct.adsrvr.org,request,2.6-202606,openrtb.field.moved,error,regs.ext.gdpr,Section 3.2.3
p000914,outsideonline.com,direct.adsrvr.org,request,2.6-202606,openrtb.type.mismatch,error,site.ref,3.2.13
p000915,outsideonline.com,direct.adsrvr.org,request,2.6-202606,openrtb.field.moved,error,regs.ext.gdpr,Section 3.2.3
p000915,outsideonline.com,direct.adsrvr.org,request,2.6-202606,openrtb.type.mismatch,error,site.ref,3.2.13
p000916,outsideonline.com,direct.adsrvr.org,request,2.6-202606,openrtb.field.moved,error,regs.ext.gdpr,Section 3.2.3
p000916,outsideonline.com,direct.adsrvr.org,request,2.6-202606,openrtb.type.mismatch,error,site.ref,3.2.13
p000917,outsideonline.com,direct.adsrvr.org,request,2.6-202606,openrtb.field.moved,error,regs.ext.gdpr,Section 3.2.3
p000917,outsideonline.com,direct.adsrvr.org,request,2.6-202606,openrtb.type.mismatch,error,site.ref,3.2.13
p000918,outsideonline.com,direct.adsrvr.org,request,2.6-202606,openrtb.field.moved,error,regs.ext.gdpr,Section 3.2.3
p000918,outsideonline.com,direct.adsrvr.org,request,2.6-202606,openrtb.type.mismatch,error,site.ref,3.2.13
p000919,outsideonline.com,direct.adsrvr.org,request,2.6-202606,openrtb.field.moved,error,regs.ext.gdpr,Section 3.2.3
p000919,outsideonline.com,direct.adsrvr.org,request,2.6-202606,openrtb.type.mismatch,error,site.ref,3.2.13
p000920,outsideonline.com,direct.adsrvr.org,request,2.6-202606,openrtb.field.moved,error,regs.ext.gdpr,Section 3.2.3
p000920,outsideonline.com,direct.adsrvr.org,request,2.6-202606,openrtb.type.mismatch,error,site.ref,3.2.13
p000921,outsideonline.com,direct.adsrvr.org,request,2.6-202606,openrtb.field.moved,error,regs.ext.gdpr,Section 3.2.3
p000921,outsideonline.com,direct.adsrvr.org,request,2.6-202606,openrtb.type.mismatch,error,site.ref,3.2.13
p000922,outsideonline.com,direct.adsrvr.org,request,2.6-202606,openrtb.field.moved,error,regs.ext.gdpr,Section 3.2.3
p000922,outsideonline.com,direct.adsrvr.org,request,2.6-202606,openrtb.type.mismatch,error,site.ref,3.2.13
p000923,outsideonline.com,direct.adsrvr.org,request,2.6-202606,openrtb.field.moved,error,regs.ext.gdpr,Section 3.2.3
p000923,outsideonline.com,direct.adsrvr.org,request,2.6-202606,openrtb.type.mismatch,error,site.ref,3.2.13
p000924,outsideonline.com,direct.adsrvr.org,request,2.6-202606,openrtb.field.moved,error,regs.ext.gdpr,Section 3.2.3
p000924,outsideonline.com,direct.adsrvr.org,request,2.6-202606,openrtb.type.mismatch,error,site.ref,3.2.13
p000925,outsideonline.com,direct.adsrvr.org,request,2.6-202606,openrtb.field.moved,error,regs.ext.gdpr,Section 3.2.3
p000925,outsideonline.com,direct.adsrvr.org,request,2.6-202606,openrtb.type.mismatch,error,site.ref,3.2.13
p000926,outsideonline.com,direct.adsrvr.org,request,2.6-202606,openrtb.field.moved,error,regs.ext.gdpr,Section 3.2.3
p000926,outsideonline.com,direct.adsrvr.org,request,2.6-202606,openrtb.type.mismatch,error,site.ref,3.2.13
p000927,pilotonline.com,direct.adsrvr.org,request,2.6-202606,openrtb.type.mismatch,error,site.ref,3.2.13
p000928,pilotonline.com,direct.adsrvr.org,request,2.6-202606,openrtb.type.mismatch,error,site.ref,3.2.13
p000929,pilotonline.com,direct.adsrvr.org,request,2.6-202606,openrtb.type.mismatch,error,site.ref,3.2.13
p000930,pilotonline.com,direct.adsrvr.org,request,2.6-202606,openrtb.type.mismatch,error,site.ref,3.2.13
p000931,pilotonline.com,direct.adsrvr.org,request,2.6-202606,openrtb.type.mismatch,error,site.ref,3.2.13
p000932,pilotonline.com,direct.adsrvr.org,request,2.6-202606,openrtb.type.mismatch,error,device.geo.metro,3.2.19
p000932,pilotonline.com,direct.adsrvr.org,request,2.6-202606,openrtb.field.deprecated,warning,imp[0].video.placement,Section 3.2.7
p000932,pilotonline.com,direct.adsrvr.org,request,2.6-202606,openrtb.field.moved,error,regs.ext.gdpr,Section 3.2.3
p000932,pilotonline.com,direct.adsrvr.org,request,2.6-202606,openrtb.field.moved,error,user.ext.consent,Section 3.2.20
p000933,pilotonline.com,direct.adsrvr.org,request,2.6-202606,openrtb.type.mismatch,error,device.geo.metro,3.2.19
p000933,pilotonline.com,direct.adsrvr.org,request,2.6-202606,openrtb.field.moved,error,regs.ext.gdpr,Section 3.2.3
p000933,pilotonline.com,direct.adsrvr.org,request,2.6-202606,openrtb.field.moved,error,user.ext.consent,Section 3.2.20
p000934,pilotonline.com,direct.adsrvr.org,request,2.6-202606,openrtb.type.mismatch,error,device.geo.metro,3.2.19
p000934,pilotonline.com,direct.adsrvr.org,request,2.6-202606,openrtb.field.moved,error,regs.ext.gdpr,Section 3.2.3
p000934,pilotonline.com,direct.adsrvr.org,request,2.6-202606,openrtb.field.moved,error,user.ext.consent,Section 3.2.20
p000935,pilotonline.com,direct.adsrvr.org,request,2.6-202606,openrtb.type.mismatch,error,device.geo.metro,3.2.19
p000935,pilotonline.com,direct.adsrvr.org,request,2.6-202606,openrtb.field.deprecated,warning,imp[0].video.placement,Section 3.2.7
p000935,pilotonline.com,direct.adsrvr.org,request,2.6-202606,openrtb.field.moved,error,regs.ext.gdpr,Section 3.2.3
p000935,pilotonline.com,direct.adsrvr.org,request,2.6-202606,openrtb.field.moved,error,user.ext.consent,Section 3.2.20
p000936,pilotonline.com,direct.adsrvr.org,request,2.6-202606,openrtb.type.mismatch,error,device.geo.metro,3.2.19
p000936,pilotonline.com,direct.adsrvr.org,request,2.6-202606,openrtb.field.moved,error,regs.ext.gdpr,Section 3.2.3
p000936,pilotonline.com,direct.adsrvr.org,request,2.6-202606,openrtb.field.moved,error,user.ext.consent,Section 3.2.20
p000937,psychcentral.com,direct.adsrvr.org,request,2.6-202606,openrtb.value.invalid,error,device.connectiontype,3.2.18
p000937,psychcentral.com,direct.adsrvr.org,request,2.6-202606,openrtb.field.deprecated,warning,imp[0].video.placement,Section 3.2.7
p000937,psychcentral.com,direct.adsrvr.org,request,2.6-202606,openrtb.type.mismatch,error,site.ref,3.2.13
p000938,ranker.com,direct.adsrvr.org,request,2.6-202606,openrtb.type.mismatch,error,site.ref,3.2.13
p000939,rawstory.com,direct.adsrvr.org,request,2.6-202606,openrtb.field.moved,error,regs.ext.gdpr,Section 3.2.3
p000939,rawstory.com,direct.adsrvr.org,request,2.6-202606,openrtb.type.mismatch,error,site.ref,3.2.13
p000939,rawstory.com,direct.adsrvr.org,request,2.6-202606,openrtb.field.moved,error,user.ext.consent,Section 3.2.20
p000940,rawstory.com,direct.adsrvr.org,request,2.6-202606,openrtb.field.moved,error,regs.ext.gdpr,Section 3.2.3
p000940,rawstory.com,direct.adsrvr.org,request,2.6-202606,openrtb.type.mismatch,error,site.ref,3.2.13
p000940,rawstory.com,direct.adsrvr.org,request,2.6-202606,openrtb.field.moved,error,user.ext.consent,Section 3.2.20
p000941,realtimetrains.co.uk,direct.adsrvr.org,request,2.6-202606,openrtb.type.mismatch,error,site.ref,3.2.13
p000942,realtimetrains.co.uk,direct.adsrvr.org,request,2.6-202606,openrtb.type.mismatch,error,site.ref,3.2.13
p000943,rawstory.com,direct.adsrvr.org,request,2.6-202606,openrtb.field.moved,error,regs.ext.gdpr,Section 3.2.3
p000943,rawstory.com,direct.adsrvr.org,request,2.6-202606,openrtb.type.mismatch,error,site.ref,3.2.13
p000943,rawstory.com,direct.adsrvr.org,request,2.6-202606,openrtb.field.moved,error,user.ext.consent,Section 3.2.20
p000944,rawstory.com,direct.adsrvr.org,request,2.6-202606,openrtb.type.mismatch,error,device.geo.metro,3.2.19
p000944,rawstory.com,direct.adsrvr.org,request,2.6-202606,openrtb.field.moved,error,regs.ext.gdpr,Section 3.2.3
p000944,rawstory.com,direct.adsrvr.org,request,2.6-202606,openrtb.field.moved,error,user.ext.consent,Section 3.2.20
p000945,ranker.com,direct.adsrvr.org,request,2.6-202606,openrtb.type.mismatch,error,site.ref,3.2.13
p000946,ranker.com,direct.adsrvr.org,request,2.6-202606,openrtb.type.mismatch,error,site.ref,3.2.13
p000947,ranker.com,direct.adsrvr.org,request,2.6-202606,openrtb.field.deprecated,warning,imp[1].video.placement,Section 3.2.7
p000947,ranker.com,direct.adsrvr.org,request,2.6-202606,openrtb.value.invalid,error,imp[1].video.skip,3.2.7
p000947,ranker.com,direct.adsrvr.org,request,2.6-202606,openrtb.type.mismatch,error,site.ref,3.2.13
p000948,ranker.com,direct.adsrvr.org,request,2.6-202606,openrtb.type.mismatch,error,site.ref,3.2.13
p000949,ranker.com,direct.adsrvr.org,request,2.6-202606,openrtb.type.mismatch,error,site.ref,3.2.13
p000950,ranker.com,direct.adsrvr.org,request,2.6-202606,openrtb.field.deprecated,warning,imp[0].video.placement,Section 3.2.7
p000950,ranker.com,direct.adsrvr.org,request,2.6-202606,openrtb.value.invalid,error,imp[0].video.skip,3.2.7
p000950,ranker.com,direct.adsrvr.org,request,2.6-202606,openrtb.type.mismatch,error,site.ref,3.2.13
p000951,ranker.com,direct.adsrvr.org,request,2.6-202606,openrtb.field.deprecated,warning,imp[0].video.placement,Section 3.2.7
p000951,ranker.com,direct.adsrvr.org,request,2.6-202606,openrtb.value.invalid,error,imp[0].video.skip,3.2.7
p000951,ranker.com,direct.adsrvr.org,request,2.6-202606,openrtb.type.mismatch,error,site.ref,3.2.13
p000952,ranker.com,direct.adsrvr.org,request,2.6-202606,openrtb.field.deprecated,warning,imp[0].video.placement,Section 3.2.7
p000952,ranker.com,direct.adsrvr.org,request,2.6-202606,openrtb.value.invalid,error,imp[0].video.skip,3.2.7
p000952,ranker.com,direct.adsrvr.org,request,2.6-202606,openrtb.type.mismatch,error,site.ref,3.2.13
p000953,ranker.com,direct.adsrvr.org,request,2.6-202606,openrtb.field.deprecated,warning,imp[0].video.placement,Section 3.2.7
p000953,ranker.com,direct.adsrvr.org,request,2.6-202606,openrtb.value.invalid,error,imp[0].video.skip,3.2.7
p000953,ranker.com,direct.adsrvr.org,request,2.6-202606,openrtb.type.mismatch,error,site.ref,3.2.13
p000954,rawstory.com,direct.adsrvr.org,request,2.6-202606,openrtb.field.moved,error,regs.ext.gdpr,Section 3.2.3
p000954,rawstory.com,direct.adsrvr.org,request,2.6-202606,openrtb.type.mismatch,error,site.ref,3.2.13
p000954,rawstory.com,direct.adsrvr.org,request,2.6-202606,openrtb.field.moved,error,user.ext.consent,Section 3.2.20
p000955,rawstory.com,direct.adsrvr.org,request,2.6-202606,openrtb.type.mismatch,error,device.geo.metro,3.2.19
p000955,rawstory.com,direct.adsrvr.org,request,2.6-202606,openrtb.field.moved,error,regs.ext.gdpr,Section 3.2.3
p000955,rawstory.com,direct.adsrvr.org,request,2.6-202606,openrtb.field.moved,error,user.ext.consent,Section 3.2.20
p000956,rawstory.com,direct.adsrvr.org,request,2.6-202606,openrtb.type.mismatch,error,device.geo.metro,3.2.19
p000956,rawstory.com,direct.adsrvr.org,request,2.6-202606,openrtb.field.moved,error,regs.ext.gdpr,Section 3.2.3
p000956,rawstory.com,direct.adsrvr.org,request,2.6-202606,openrtb.field.moved,error,user.ext.consent,Section 3.2.20
p000957,rawstory.com,direct.adsrvr.org,request,2.6-202606,openrtb.type.mismatch,error,device.geo.metro,3.2.19
p000957,rawstory.com,direct.adsrvr.org,request,2.6-202606,openrtb.field.moved,error,regs.ext.gdpr,Section 3.2.3
p000957,rawstory.com,direct.adsrvr.org,request,2.6-202606,openrtb.field.moved,error,user.ext.consent,Section 3.2.20
p000958,salon.com,direct.adsrvr.org,request,2.6-202606,openrtb.type.mismatch,error,site.ref,3.2.13
p000959,salon.com,direct.adsrvr.org,request,2.6-202606,openrtb.type.mismatch,error,site.ref,3.2.13
p000963,salon.com,direct.adsrvr.org,request,2.6-202606,openrtb.type.mismatch,error,site.ref,3.2.13
p000964,salon.com,direct.adsrvr.org,request,2.6-202606,openrtb.type.mismatch,error,site.ref,3.2.13
p000965,salon.com,direct.adsrvr.org,request,2.6-202606,openrtb.type.mismatch,error,site.ref,3.2.13
p000966,salon.com,direct.adsrvr.org,request,2.6-202606,openrtb.field.deprecated,warning,imp[0].video.placement,Section 3.2.7
p000966,salon.com,direct.adsrvr.org,request,2.6-202606,openrtb.value.invalid,error,imp[0].video.skip,3.2.7
p000966,salon.com,direct.adsrvr.org,request,2.6-202606,openrtb.type.mismatch,error,site.ref,3.2.13
p000967,salon.com,direct.adsrvr.org,request,2.6-202606,openrtb.type.mismatch,error,site.ref,3.2.13
p000968,salon.com,direct.adsrvr.org,request,2.6-202606,openrtb.field.deprecated,warning,imp[0].video.placement,Section 3.2.7
p000968,salon.com,direct.adsrvr.org,request,2.6-202606,openrtb.value.invalid,error,imp[0].video.skip,3.2.7
p000968,salon.com,direct.adsrvr.org,request,2.6-202606,openrtb.type.mismatch,error,site.ref,3.2.13
p000969,salon.com,direct.adsrvr.org,request,2.6-202606,openrtb.field.deprecated,warning,imp[1].video.placement,Section 3.2.7
p000969,salon.com,direct.adsrvr.org,request,2.6-202606,openrtb.value.invalid,error,imp[1].video.skip,3.2.7
p000969,salon.com,direct.adsrvr.org,request,2.6-202606,openrtb.type.mismatch,error,site.ref,3.2.13
p000970,salon.com,direct.adsrvr.org,request,2.6-202606,openrtb.type.mismatch,error,site.ref,3.2.13
p000971,salon.com,direct.adsrvr.org,request,2.6-202606,openrtb.type.mismatch,error,site.ref,3.2.13
p000972,salon.com,direct.adsrvr.org,request,2.6-202606,openrtb.type.mismatch,error,site.ref,3.2.13
p000973,salon.com,direct.adsrvr.org,request,2.6-202606,openrtb.type.mismatch,error,site.ref,3.2.13
p000974,salon.com,direct.adsrvr.org,request,2.6-202606,openrtb.type.mismatch,error,site.ref,3.2.13
p000975,salon.com,direct.adsrvr.org,request,2.6-202606,openrtb.field.deprecated,warning,imp[0].video.placement,Section 3.2.7
p000975,salon.com,direct.adsrvr.org,request,2.6-202606,openrtb.value.invalid,error,imp[0].video.skip,3.2.7
p000975,salon.com,direct.adsrvr.org,request,2.6-202606,openrtb.type.mismatch,error,site.ref,3.2.13
p000976,salon.com,direct.adsrvr.org,request,2.6-202606,openrtb.field.deprecated,warning,imp[0].video.placement,Section 3.2.7
p000976,salon.com,direct.adsrvr.org,request,2.6-202606,openrtb.value.invalid,error,imp[0].video.skip,3.2.7
p000976,salon.com,direct.adsrvr.org,request,2.6-202606,openrtb.type.mismatch,error,site.ref,3.2.13
p000977,salon.com,direct.adsrvr.org,request,2.6-202606,openrtb.field.deprecated,warning,imp[0].video.placement,Section 3.2.7
p000977,salon.com,direct.adsrvr.org,request,2.6-202606,openrtb.value.invalid,error,imp[0].video.skip,3.2.7
p000977,salon.com,direct.adsrvr.org,request,2.6-202606,openrtb.type.mismatch,error,site.ref,3.2.13
p000978,self.com,direct.adsrvr.org,request,2.6-202606,openrtb.fields.mutually_exclusive,error,site.keywords,3.2.13
p000979,self.com,direct.adsrvr.org,request,2.6-202606,openrtb.fields.mutually_exclusive,error,site.keywords,3.2.13
p000980,self.com,direct.adsrvr.org,request,2.6-202606,openrtb.fields.mutually_exclusive,error,site.keywords,3.2.13
p000981,self.com,direct.adsrvr.org,request,2.6-202606,openrtb.fields.mutually_exclusive,error,site.keywords,3.2.13
p000982,thesun.ie,direct.adsrvr.org,request,2.6-202606,openrtb.field.moved,error,regs.ext.gdpr,Section 3.2.3
p000982,thesun.ie,direct.adsrvr.org,request,2.6-202606,openrtb.type.mismatch,error,site.ref,3.2.13
p000983,thesun.ie,direct.adsrvr.org,request,2.6-202606,openrtb.field.moved,error,regs.ext.gdpr,Section 3.2.3
p000983,thesun.ie,direct.adsrvr.org,request,2.6-202606,openrtb.type.mismatch,error,site.ref,3.2.13
p000984,thesun.ie,direct.adsrvr.org,request,2.6-202606,openrtb.field.moved,error,regs.ext.gdpr,Section 3.2.3
p000984,thesun.ie,direct.adsrvr.org,request,2.6-202606,openrtb.type.mismatch,error,site.ref,3.2.13
p000985,thesun.ie,direct.adsrvr.org,request,2.6-202606,openrtb.field.moved,error,regs.ext.gdpr,Section 3.2.3
p000985,thesun.ie,direct.adsrvr.org,request,2.6-202606,openrtb.type.mismatch,error,site.ref,3.2.13
p000986,thesun.ie,direct.adsrvr.org,request,2.6-202606,openrtb.field.deprecated,warning,imp[0].video.placement,Section 3.2.7
p000986,thesun.ie,direct.adsrvr.org,request,2.6-202606,openrtb.field.moved,error,regs.ext.gdpr,Section 3.2.3
p000986,thesun.ie,direct.adsrvr.org,request,2.6-202606,openrtb.type.mismatch,error,site.ref,3.2.13
p000987,thesun.ie,direct.adsrvr.org,request,2.6-202606,openrtb.field.moved,error,regs.ext.gdpr,Section 3.2.3
p000987,thesun.ie,direct.adsrvr.org,request,2.6-202606,openrtb.type.mismatch,error,site.ref,3.2.13
p000988,thesun.ie,direct.adsrvr.org,request,2.6-202606,openrtb.field.moved,error,regs.ext.gdpr,Section 3.2.3
p000988,thesun.ie,direct.adsrvr.org,request,2.6-202606,openrtb.type.mismatch,error,site.ref,3.2.13
p000989,thesun.ie,direct.adsrvr.org,request,2.6-202606,openrtb.field.deprecated,warning,imp[0].video.placement,Section 3.2.7
p000989,thesun.ie,direct.adsrvr.org,request,2.6-202606,openrtb.field.moved,error,regs.ext.gdpr,Section 3.2.3
p000989,thesun.ie,direct.adsrvr.org,request,2.6-202606,openrtb.type.mismatch,error,site.ref,3.2.13
p000990,thesun.ie,direct.adsrvr.org,request,2.6-202606,openrtb.field.moved,error,regs.ext.gdpr,Section 3.2.3
p000990,thesun.ie,direct.adsrvr.org,request,2.6-202606,openrtb.type.mismatch,error,site.ref,3.2.13
p000991,tio.ch,direct.adsrvr.org,request,2.6-202606,openrtb.field.deprecated,warning,imp[0].video.placement,Section 3.2.7
p000991,tio.ch,direct.adsrvr.org,request,2.6-202606,openrtb.value.invalid,error,imp[0].video.skip,3.2.7
p000991,tio.ch,direct.adsrvr.org,request,2.6-202606,openrtb.field.moved,error,regs.ext.gdpr,Section 3.2.3
p000991,tio.ch,direct.adsrvr.org,request,2.6-202606,openrtb.type.mismatch,error,site.ref,3.2.13
p000991,tio.ch,direct.adsrvr.org,request,2.6-202606,openrtb.field.moved,error,user.ext.consent,Section 3.2.20
p000992,tio.ch,direct.adsrvr.org,request,2.6-202606,openrtb.field.moved,error,regs.ext.gdpr,Section 3.2.3
p000992,tio.ch,direct.adsrvr.org,request,2.6-202606,openrtb.type.mismatch,error,site.ref,3.2.13
p000992,tio.ch,direct.adsrvr.org,request,2.6-202606,openrtb.field.moved,error,user.ext.consent,Section 3.2.20
p000993,tio.ch,direct.adsrvr.org,request,2.6-202606,openrtb.field.moved,error,regs.ext.gdpr,Section 3.2.3
p000993,tio.ch,direct.adsrvr.org,request,2.6-202606,openrtb.type.mismatch,error,site.ref,3.2.13
p000993,tio.ch,direct.adsrvr.org,request,2.6-202606,openrtb.field.moved,error,user.ext.consent,Section 3.2.20
p000994,tio.ch,direct.adsrvr.org,request,2.6-202606,openrtb.field.moved,error,regs.ext.gdpr,Section 3.2.3
p000994,tio.ch,direct.adsrvr.org,request,2.6-202606,openrtb.type.mismatch,error,site.ref,3.2.13
p000994,tio.ch,direct.adsrvr.org,request,2.6-202606,openrtb.field.moved,error,user.ext.consent,Section 3.2.20
p000995,tio.ch,direct.adsrvr.org,request,2.6-202606,openrtb.field.moved,error,regs.ext.gdpr,Section 3.2.3
p000995,tio.ch,direct.adsrvr.org,request,2.6-202606,openrtb.type.mismatch,error,site.ref,3.2.13
p000995,tio.ch,direct.adsrvr.org,request,2.6-202606,openrtb.field.moved,error,user.ext.consent,Section 3.2.20
p000996,tio.ch,direct.adsrvr.org,request,2.6-202606,openrtb.field.moved,error,regs.ext.gdpr,Section 3.2.3
p000996,tio.ch,direct.adsrvr.org,request,2.6-202606,openrtb.type.mismatch,error,site.ref,3.2.13
p000996,tio.ch,direct.adsrvr.org,request,2.6-202606,openrtb.field.moved,error,user.ext.consent,Section 3.2.20
p000997,treehugger.com,direct.adsrvr.org,request,2.6-202606,openrtb.type.mismatch,error,site.ref,3.2.13
p000998,treehugger.com,direct.adsrvr.org,request,2.6-202606,openrtb.type.mismatch,error,site.ref,3.2.13
p000999,upi.com,direct.adsrvr.org,request,2.6-202606,openrtb.field.undefined,error,imp[0].battr,3.2.4
p000999,upi.com,direct.adsrvr.org,request,2.6-202606,openrtb.field.undefined,error,imp[1].battr,3.2.4
p000999,upi.com,direct.adsrvr.org,request,2.6-202606,openrtb.field.undefined,error,imp[2].battr,3.2.4
p000999,upi.com,direct.adsrvr.org,request,2.6-202606,openrtb.field.undefined,error,imp[3].battr,3.2.4
p000999,upi.com,direct.adsrvr.org,request,2.6-202606,openrtb.field.undefined,error,imp[4].battr,3.2.4
p000999,upi.com,direct.adsrvr.org,request,2.6-202606,openrtb.field.undefined,error,imp[5].battr,3.2.4
p000999,upi.com,direct.adsrvr.org,request,2.6-202606,openrtb.field.undefined,error,imp[6].battr,3.2.4
p000999,upi.com,direct.adsrvr.org,request,2.6-202606,openrtb.type.mismatch,error,site.publisher.id,3.2.15
p001000,urbandictionary.com,direct.adsrvr.org,request,2.6-202606,openrtb.type.mismatch,error,site.ref,3.2.13
p001001,urbandictionary.com,direct.adsrvr.org,request,2.6-202606,openrtb.type.mismatch,error,site.ref,3.2.13
p001002,urbandictionary.com,direct.adsrvr.org,request,2.6-202606,openrtb.type.mismatch,error,site.ref,3.2.13
p001003,upi.com,direct.adsrvr.org,request,2.6-202606,openrtb.field.undefined,error,imp[0].battr,3.2.4
p001003,upi.com,direct.adsrvr.org,request,2.6-202606,openrtb.field.undefined,error,imp[1].battr,3.2.4
p001003,upi.com,direct.adsrvr.org,request,2.6-202606,openrtb.field.undefined,error,imp[2].battr,3.2.4
p001003,upi.com,direct.adsrvr.org,request,2.6-202606,openrtb.field.undefined,error,imp[3].battr,3.2.4
p001003,upi.com,direct.adsrvr.org,request,2.6-202606,openrtb.type.mismatch,error,site.publisher.id,3.2.15
p001004,vice.com,direct.adsrvr.org,request,2.6-202606,openrtb.field.undefined,error,imp[0].battr,3.2.4
p001004,vice.com,direct.adsrvr.org,request,2.6-202606,openrtb.field.undefined,error,imp[1].battr,3.2.4
p001004,vice.com,direct.adsrvr.org,request,2.6-202606,openrtb.field.undefined,error,imp[2].battr,3.2.4
p001005,vice.com,direct.adsrvr.org,request,2.6-202606,openrtb.field.undefined,error,imp[0].battr,3.2.4
p001005,vice.com,direct.adsrvr.org,request,2.6-202606,openrtb.field.undefined,error,imp[1].battr,3.2.4
p001006,webdesignerdepot.com,direct.adsrvr.org,request,2.6-202606,openrtb.type.mismatch,error,site.ref,3.2.13
p001007,webdesignerdepot.com,direct.adsrvr.org,request,2.6-202606,openrtb.field.deprecated,warning,imp[0].video.placement,Section 3.2.7
p001007,webdesignerdepot.com,direct.adsrvr.org,request,2.6-202606,openrtb.value.invalid,error,imp[0].video.skip,3.2.7
p001007,webdesignerdepot.com,direct.adsrvr.org,request,2.6-202606,openrtb.type.mismatch,error,site.ref,3.2.13
p001008,webdesignerdepot.com,direct.adsrvr.org,request,2.6-202606,openrtb.field.deprecated,warning,imp[1].video.placement,Section 3.2.7
p001008,webdesignerdepot.com,direct.adsrvr.org,request,2.6-202606,openrtb.value.invalid,error,imp[1].video.skip,3.2.7
p001008,webdesignerdepot.com,direct.adsrvr.org,request,2.6-202606,openrtb.type.mismatch,error,site.ref,3.2.13
p001009,webdesignerdepot.com,direct.adsrvr.org,request,2.6-202606,openrtb.type.mismatch,error,site.ref,3.2.13
p001010,webdesignerdepot.com,direct.adsrvr.org,request,2.6-202606,openrtb.field.deprecated,warning,imp[0].video.placement,Section 3.2.7
p001010,webdesignerdepot.com,direct.adsrvr.org,request,2.6-202606,openrtb.value.invalid,error,imp[0].video.skip,3.2.7
p001010,webdesignerdepot.com,direct.adsrvr.org,request,2.6-202606,openrtb.type.mismatch,error,site.ref,3.2.13
p001011,webdesignerdepot.com,direct.adsrvr.org,request,2.6-202606,openrtb.type.mismatch,error,site.ref,3.2.13
p001012,webdesignerdepot.com,direct.adsrvr.org,request,2.6-202606,openrtb.type.mismatch,error,site.ref,3.2.13
p001013,webdesignerdepot.com,direct.adsrvr.org,request,2.6-202606,openrtb.field.deprecated,warning,imp[0].video.placement,Section 3.2.7
p001013,webdesignerdepot.com,direct.adsrvr.org,request,2.6-202606,openrtb.value.invalid,error,imp[0].video.skip,3.2.7
p001013,webdesignerdepot.com,direct.adsrvr.org,request,2.6-202606,openrtb.type.mismatch,error,site.ref,3.2.13
p001014,webdesignerdepot.com,direct.adsrvr.org,request,2.6-202606,openrtb.type.mismatch,error,site.ref,3.2.13
p001015,webdesignerdepot.com,direct.adsrvr.org,request,2.6-202606,openrtb.field.deprecated,warning,imp[1].video.placement,Section 3.2.7
p001015,webdesignerdepot.com,direct.adsrvr.org,request,2.6-202606,openrtb.value.invalid,error,imp[1].video.skip,3.2.7
p001015,webdesignerdepot.com,direct.adsrvr.org,request,2.6-202606,openrtb.type.mismatch,error,site.ref,3.2.13
p001016,webdesignerdepot.com,direct.adsrvr.org,request,2.6-202606,openrtb.type.mismatch,error,site.ref,3.2.13
p001017,webdesignerdepot.com,direct.adsrvr.org,request,2.6-202606,openrtb.field.deprecated,warning,imp[1].video.placement,Section 3.2.7
p001017,webdesignerdepot.com,direct.adsrvr.org,request,2.6-202606,openrtb.value.invalid,error,imp[1].video.skip,3.2.7
p001017,webdesignerdepot.com,direct.adsrvr.org,request,2.6-202606,openrtb.type.mismatch,error,site.ref,3.2.13
p001018,webdesignerdepot.com,direct.adsrvr.org,request,2.6-202606,openrtb.field.deprecated,warning,imp[0].video.placement,Section 3.2.7
p001018,webdesignerdepot.com,direct.adsrvr.org,request,2.6-202606,openrtb.value.invalid,error,imp[0].video.skip,3.2.7
p001018,webdesignerdepot.com,direct.adsrvr.org,request,2.6-202606,openrtb.type.mismatch,error,site.ref,3.2.13
p001019,webdesignerdepot.com,direct.adsrvr.org,request,2.6-202606,openrtb.field.deprecated,warning,imp[0].video.placement,Section 3.2.7
p001019,webdesignerdepot.com,direct.adsrvr.org,request,2.6-202606,openrtb.value.invalid,error,imp[0].video.skip,3.2.7
p001019,webdesignerdepot.com,direct.adsrvr.org,request,2.6-202606,openrtb.type.mismatch,error,site.ref,3.2.13
p001020,webdesignerdepot.com,direct.adsrvr.org,request,2.6-202606,openrtb.field.deprecated,warning,imp[0].video.placement,Section 3.2.7
p001020,webdesignerdepot.com,direct.adsrvr.org,request,2.6-202606,openrtb.value.invalid,error,imp[0].video.skip,3.2.7
p001020,webdesignerdepot.com,direct.adsrvr.org,request,2.6-202606,openrtb.type.mismatch,error,site.ref,3.2.13
p001021,zeldadungeon.net,direct.adsrvr.org,request,2.6-202606,openrtb.field.moved,error,regs.ext.gdpr,Section 3.2.3
p001107,em.com.br,display.bidder.taboola.com,request,2.6-202606,openrtb.type.mismatch,error,imp[0].bidfloor,3.2.4
p001107,em.com.br,display.bidder.taboola.com,request,2.6-202606,openrtb.type.mismatch,error,imp[1].bidfloor,3.2.4
p001107,em.com.br,display.bidder.taboola.com,request,2.6-202606,openrtb.type.mismatch,error,imp[2].bidfloor,3.2.4
p001107,em.com.br,display.bidder.taboola.com,request,2.6-202606,openrtb.type.mismatch,error,imp[3].bidfloor,3.2.4
p001107,em.com.br,display.bidder.taboola.com,request,2.6-202606,openrtb.type.mismatch,error,imp[4].bidfloor,3.2.4
p001107,em.com.br,display.bidder.taboola.com,request,2.6-202606,openrtb.type.mismatch,error,imp[5].bidfloor,3.2.4
p001107,em.com.br,display.bidder.taboola.com,request,2.6-202606,openrtb.field.required,error,imp[5].video.mimes,3.2.7
p001107,em.com.br,display.bidder.taboola.com,request,2.6-202606,openrtb.type.mismatch,error,imp[6].bidfloor,3.2.4
p001107,em.com.br,display.bidder.taboola.com,request,2.6-202606,openrtb.field.required,error,imp[6].video.mimes,3.2.7
p001107,em.com.br,display.bidder.taboola.com,request,2.6-202606,openrtb.type.mismatch,error,imp[7].bidfloor,3.2.4
p001107,em.com.br,display.bidder.taboola.com,request,2.6-202606,openrtb.field.required,error,imp[7].video.mimes,3.2.7
p001107,em.com.br,display.bidder.taboola.com,request,2.6-202606,openrtb.type.mismatch,error,imp[8].bidfloor,3.2.4
p001107,em.com.br,display.bidder.taboola.com,request,2.6-202606,openrtb.field.required,error,imp[8].video.mimes,3.2.7
p001107,em.com.br,display.bidder.taboola.com,request,2.6-202606,openrtb.type.mismatch,error,imp[9].bidfloor,3.2.4
p001107,em.com.br,display.bidder.taboola.com,request,2.6-202606,openrtb.type.mismatch,error,imp[10].bidfloor,3.2.4
p001108,em.com.br,display.bidder.taboola.com,request,2.6-202606,openrtb.type.mismatch,error,imp[0].bidfloor,3.2.4
p001109,em.com.br,display.bidder.taboola.com,request,2.6-202606,openrtb.type.mismatch,error,imp[0].bidfloor,3.2.4
p001110,em.com.br,display.bidder.taboola.com,request,2.6-202606,openrtb.type.mismatch,error,imp[0].bidfloor,3.2.4
p001111,em.com.br,display.bidder.taboola.com,request,2.6-202606,openrtb.type.mismatch,error,imp[0].bidfloor,3.2.4
p001111,em.com.br,display.bidder.taboola.com,request,2.6-202606,openrtb.type.mismatch,error,imp[1].bidfloor,3.2.4
p001111,em.com.br,display.bidder.taboola.com,request,2.6-202606,openrtb.type.mismatch,error,imp[2].bidfloor,3.2.4
p001111,em.com.br,display.bidder.taboola.com,request,2.6-202606,openrtb.type.mismatch,error,imp[3].bidfloor,3.2.4
p001111,em.com.br,display.bidder.taboola.com,request,2.6-202606,openrtb.type.mismatch,error,imp[4].bidfloor,3.2.4
p001111,em.com.br,display.bidder.taboola.com,request,2.6-202606,openrtb.type.mismatch,error,imp[5].bidfloor,3.2.4
p001111,em.com.br,display.bidder.taboola.com,request,2.6-202606,openrtb.field.required,error,imp[5].video.mimes,3.2.7
p001111,em.com.br,display.bidder.taboola.com,request,2.6-202606,openrtb.type.mismatch,error,imp[6].bidfloor,3.2.4
p001111,em.com.br,display.bidder.taboola.com,request,2.6-202606,openrtb.field.required,error,imp[6].video.mimes,3.2.7
p001111,em.com.br,display.bidder.taboola.com,request,2.6-202606,openrtb.type.mismatch,error,imp[7].bidfloor,3.2.4
p001111,em.com.br,display.bidder.taboola.com,request,2.6-202606,openrtb.field.required,error,imp[7].video.mimes,3.2.7
p001111,em.com.br,display.bidder.taboola.com,request,2.6-202606,openrtb.type.mismatch,error,imp[8].bidfloor,3.2.4
p001111,em.com.br,display.bidder.taboola.com,request,2.6-202606,openrtb.field.required,error,imp[8].video.mimes,3.2.7
p001111,em.com.br,display.bidder.taboola.com,request,2.6-202606,openrtb.type.mismatch,error,imp[9].bidfloor,3.2.4
p001111,em.com.br,display.bidder.taboola.com,request,2.6-202606,openrtb.type.mismatch,error,imp[10].bidfloor,3.2.4
p001112,fox11online.com,display.bidder.taboola.com,request,2.6-202606,openrtb.field.moved,error,regs.ext.gdpr,Section 3.2.3
p001113,fox11online.com,display.bidder.taboola.com,request,2.6-202606,openrtb.field.moved,error,regs.ext.gdpr,Section 3.2.3
p001114,loksatta.com,display.bidder.taboola.com,request,2.6-202606,openrtb.type.mismatch,error,imp[0].bidfloor,3.2.4
p001114,loksatta.com,display.bidder.taboola.com,request,2.6-202606,openrtb.type.mismatch,error,imp[1].bidfloor,3.2.4
p001114,loksatta.com,display.bidder.taboola.com,request,2.6-202606,openrtb.type.mismatch,error,imp[2].bidfloor,3.2.4
p001114,loksatta.com,display.bidder.taboola.com,request,2.6-202606,openrtb.type.mismatch,error,imp[3].bidfloor,3.2.4
p001114,loksatta.com,display.bidder.taboola.com,request,2.6-202606,openrtb.type.mismatch,error,imp[4].bidfloor,3.2.4
p001114,loksatta.com,display.bidder.taboola.com,request,2.6-202606,openrtb.type.mismatch,error,imp[5].bidfloor,3.2.4
p001114,loksatta.com,display.bidder.taboola.com,request,2.6-202606,openrtb.type.mismatch,error,imp[6].bidfloor,3.2.4
p001114,loksatta.com,display.bidder.taboola.com,request,2.6-202606,openrtb.type.mismatch,error,imp[7].bidfloor,3.2.4
p001119,nbcconnecticut.com,display.bidder.taboola.com,request,2.6-202606,openrtb.type.mismatch,error,imp[0].bidfloor,3.2.4
p001119,nbcconnecticut.com,display.bidder.taboola.com,request,2.6-202606,openrtb.type.mismatch,error,user.buyeruid,3.2.20
p001120,nbcconnecticut.com,display.bidder.taboola.com,request,2.6-202606,openrtb.type.mismatch,error,imp[0].bidfloor,3.2.4
p001120,nbcconnecticut.com,display.bidder.taboola.com,request,2.6-202606,openrtb.type.mismatch,error,user.buyeruid,3.2.20
p001121,nbcconnecticut.com,display.bidder.taboola.com,request,2.6-202606,openrtb.type.mismatch,error,imp[0].bidfloor,3.2.4
p001121,nbcconnecticut.com,display.bidder.taboola.com,request,2.6-202606,openrtb.type.mismatch,error,user.buyeruid,3.2.20
p001122,nbcconnecticut.com,display.bidder.taboola.com,request,2.6-202606,openrtb.type.mismatch,error,imp[0].bidfloor,3.2.4
p001122,nbcconnecticut.com,display.bidder.taboola.com,request,2.6-202606,openrtb.type.mismatch,error,user.buyeruid,3.2.20
p001123,nbcconnecticut.com,display.bidder.taboola.com,request,2.6-202606,openrtb.type.mismatch,error,imp[0].bidfloor,3.2.4
p001123,nbcconnecticut.com,display.bidder.taboola.com,request,2.6-202606,openrtb.type.mismatch,error,user.buyeruid,3.2.20
p001124,nbcconnecticut.com,display.bidder.taboola.com,request,2.6-202606,openrtb.type.mismatch,error,imp[0].bidfloor,3.2.4
p001124,nbcconnecticut.com,display.bidder.taboola.com,request,2.6-202606,openrtb.type.mismatch,error,user.buyeruid,3.2.20
p001125,nbcconnecticut.com,display.bidder.taboola.com,request,2.6-202606,openrtb.type.mismatch,error,imp[0].bidfloor,3.2.4
p001125,nbcconnecticut.com,display.bidder.taboola.com,request,2.6-202606,openrtb.type.mismatch,error,user.buyeruid,3.2.20
p001126,nbcconnecticut.com,display.bidder.taboola.com,request,2.6-202606,openrtb.type.mismatch,error,imp[0].bidfloor,3.2.4
p001126,nbcconnecticut.com,display.bidder.taboola.com,request,2.6-202606,openrtb.type.mismatch,error,user.buyeruid,3.2.20
p001127,nbcconnecticut.com,display.bidder.taboola.com,request,2.6-202606,openrtb.type.mismatch,error,imp[0].bidfloor,3.2.4
p001127,nbcconnecticut.com,display.bidder.taboola.com,request,2.6-202606,openrtb.type.mismatch,error,user.buyeruid,3.2.20
p001128,rawstory.com,display.bidder.taboola.com,request,2.6-202606,openrtb.field.moved,error,regs.ext.gdpr,Section 3.2.3
p001128,rawstory.com,display.bidder.taboola.com,request,2.6-202606,openrtb.field.moved,error,user.ext.consent,Section 3.2.20
p001129,rawstory.com,display.bidder.taboola.com,request,2.6-202606,openrtb.field.moved,error,regs.ext.gdpr,Section 3.2.3
p001129,rawstory.com,display.bidder.taboola.com,request,2.6-202606,openrtb.field.moved,error,user.ext.consent,Section 3.2.20
p001130,rawstory.com,display.bidder.taboola.com,request,2.6-202606,openrtb.field.moved,error,regs.ext.gdpr,Section 3.2.3
p001130,rawstory.com,display.bidder.taboola.com,request,2.6-202606,openrtb.field.moved,error,user.ext.consent,Section 3.2.20
p001131,rawstory.com,display.bidder.taboola.com,request,2.6-202606,openrtb.field.moved,error,regs.ext.gdpr,Section 3.2.3
p001131,rawstory.com,display.bidder.taboola.com,request,2.6-202606,openrtb.field.moved,error,user.ext.consent,Section 3.2.20
p001132,sozcu.com.tr,display.bidder.taboola.com,request,2.6-202606,openrtb.type.mismatch,error,imp[0].bidfloor,3.2.4
p001132,sozcu.com.tr,display.bidder.taboola.com,request,2.6-202606,openrtb.type.mismatch,error,imp[1].bidfloor,3.2.4
p001132,sozcu.com.tr,display.bidder.taboola.com,request,2.6-202606,openrtb.type.mismatch,error,imp[2].bidfloor,3.2.4
p001132,sozcu.com.tr,display.bidder.taboola.com,request,2.6-202606,openrtb.type.mismatch,error,imp[3].bidfloor,3.2.4
p001132,sozcu.com.tr,display.bidder.taboola.com,request,2.6-202606,openrtb.type.mismatch,error,site.id,3.2.13
p001132,sozcu.com.tr,display.bidder.taboola.com,request,2.6-202606,openrtb.type.mismatch,error,site.name,3.2.13
p001132,sozcu.com.tr,display.bidder.taboola.com,request,2.6-202606,openrtb.type.mismatch,error,site.publisher.id,3.2.15
p001132,sozcu.com.tr,display.bidder.taboola.com,request,2.6-202606,openrtb.type.mismatch,error,user.buyeruid,3.2.20
p001133,sozcu.com.tr,display.bidder.taboola.com,request,2.6-202606,openrtb.type.mismatch,error,imp[0].bidfloor,3.2.4
p001133,sozcu.com.tr,display.bidder.taboola.com,request,2.6-202606,openrtb.type.mismatch,error,site.id,3.2.13
p001133,sozcu.com.tr,display.bidder.taboola.com,request,2.6-202606,openrtb.type.mismatch,error,site.name,3.2.13
p001133,sozcu.com.tr,display.bidder.taboola.com,request,2.6-202606,openrtb.type.mismatch,error,site.publisher.id,3.2.15
p001134,sozcu.com.tr,display.bidder.taboola.com,request,2.6-202606,openrtb.type.mismatch,error,imp[0].bidfloor,3.2.4
p001134,sozcu.com.tr,display.bidder.taboola.com,request,2.6-202606,openrtb.type.mismatch,error,site.id,3.2.13
p001134,sozcu.com.tr,display.bidder.taboola.com,request,2.6-202606,openrtb.type.mismatch,error,site.name,3.2.13
p001134,sozcu.com.tr,display.bidder.taboola.com,request,2.6-202606,openrtb.type.mismatch,error,site.publisher.id,3.2.15
p001135,sozcu.com.tr,display.bidder.taboola.com,request,2.6-202606,openrtb.type.mismatch,error,imp[0].bidfloor,3.2.4
p001135,sozcu.com.tr,display.bidder.taboola.com,request,2.6-202606,openrtb.type.mismatch,error,site.id,3.2.13
p001135,sozcu.com.tr,display.bidder.taboola.com,request,2.6-202606,openrtb.type.mismatch,error,site.name,3.2.13
p001135,sozcu.com.tr,display.bidder.taboola.com,request,2.6-202606,openrtb.type.mismatch,error,site.publisher.id,3.2.15
p001136,sozcu.com.tr,display.bidder.taboola.com,request,2.6-202606,openrtb.type.mismatch,error,imp[0].bidfloor,3.2.4
p001136,sozcu.com.tr,display.bidder.taboola.com,request,2.6-202606,openrtb.type.mismatch,error,imp[1].bidfloor,3.2.4
p001136,sozcu.com.tr,display.bidder.taboola.com,request,2.6-202606,openrtb.type.mismatch,error,imp[2].bidfloor,3.2.4
p001136,sozcu.com.tr,display.bidder.taboola.com,request,2.6-202606,openrtb.type.mismatch,error,imp[3].bidfloor,3.2.4
p001136,sozcu.com.tr,display.bidder.taboola.com,request,2.6-202606,openrtb.type.mismatch,error,site.id,3.2.13
p001136,sozcu.com.tr,display.bidder.taboola.com,request,2.6-202606,openrtb.type.mismatch,error,site.name,3.2.13
p001136,sozcu.com.tr,display.bidder.taboola.com,request,2.6-202606,openrtb.type.mismatch,error,site.publisher.id,3.2.15
p001137,sozcu.com.tr,display.bidder.taboola.com,request,2.6-202606,openrtb.type.mismatch,error,imp[0].bidfloor,3.2.4
p001137,sozcu.com.tr,display.bidder.taboola.com,request,2.6-202606,openrtb.type.mismatch,error,site.id,3.2.13
p001137,sozcu.com.tr,display.bidder.taboola.com,request,2.6-202606,openrtb.type.mismatch,error,site.name,3.2.13
p001137,sozcu.com.tr,display.bidder.taboola.com,request,2.6-202606,openrtb.type.mismatch,error,site.publisher.id,3.2.15
p001138,sozcu.com.tr,display.bidder.taboola.com,request,2.6-202606,openrtb.type.mismatch,error,imp[0].bidfloor,3.2.4
p001138,sozcu.com.tr,display.bidder.taboola.com,request,2.6-202606,openrtb.type.mismatch,error,site.id,3.2.13
p001138,sozcu.com.tr,display.bidder.taboola.com,request,2.6-202606,openrtb.type.mismatch,error,site.name,3.2.13
p001138,sozcu.com.tr,display.bidder.taboola.com,request,2.6-202606,openrtb.type.mismatch,error,site.publisher.id,3.2.15
p001141,em.com.br,display.bidder.taboola.com,response,2.6-202606,openrtb.bid.mtype_missing,warning,seatbid[0].bid[0].mtype,4.2.3
p001141,em.com.br,display.bidder.taboola.com,response,2.6-202606,openrtb.bid.mtype_missing,warning,seatbid[0].bid[1].mtype,4.2.3
p001141,em.com.br,display.bidder.taboola.com,response,2.6-202606,openrtb.bid.mtype_missing,warning,seatbid[0].bid[2].mtype,4.2.3
p001141,em.com.br,display.bidder.taboola.com,response,2.6-202606,openrtb.bid.mtype_missing,warning,seatbid[0].bid[3].mtype,4.2.3
p001141,em.com.br,display.bidder.taboola.com,response,2.6-202606,openrtb.bid.mtype_missing,warning,seatbid[0].bid[4].mtype,4.2.3
p001141,em.com.br,display.bidder.taboola.com,response,2.6-202606,openrtb.bid.mtype_missing,warning,seatbid[0].bid[5].mtype,4.2.3
p001141,em.com.br,display.bidder.taboola.com,response,2.6-202606,openrtb.bid.mtype_missing,warning,seatbid[0].bid[6].mtype,4.2.3
p001141,em.com.br,display.bidder.taboola.com,response,2.6-202606,openrtb.bid.mtype_missing,warning,seatbid[0].bid[7].mtype,4.2.3
p001141,em.com.br,display.bidder.taboola.com,response,2.6-202606,openrtb.bid.mtype_missing,warning,seatbid[0].bid[8].mtype,4.2.3
p001141,em.com.br,display.bidder.taboola.com,response,2.6-202606,openrtb.bid.mtype_missing,warning,seatbid[0].bid[9].mtype,4.2.3
p001141,em.com.br,display.bidder.taboola.com,response,2.6-202606,openrtb.bid.mtype_missing,warning,seatbid[0].bid[10].mtype,4.2.3
p001142,em.com.br,display.bidder.taboola.com,response,2.6-202606,openrtb.bid.mtype_missing,warning,seatbid[0].bid[0].mtype,4.2.3
p001143,em.com.br,display.bidder.taboola.com,response,2.6-202606,openrtb.bid.mtype_missing,warning,seatbid[0].bid[0].mtype,4.2.3
p001144,em.com.br,display.bidder.taboola.com,response,2.6-202606,openrtb.bid.mtype_missing,warning,seatbid[0].bid[0].mtype,4.2.3
p001145,em.com.br,display.bidder.taboola.com,response,2.6-202606,openrtb.bid.mtype_missing,warning,seatbid[0].bid[0].mtype,4.2.3
p001145,em.com.br,display.bidder.taboola.com,response,2.6-202606,openrtb.bid.mtype_missing,warning,seatbid[0].bid[1].mtype,4.2.3
p001145,em.com.br,display.bidder.taboola.com,response,2.6-202606,openrtb.bid.mtype_missing,warning,seatbid[0].bid[2].mtype,4.2.3
p001145,em.com.br,display.bidder.taboola.com,response,2.6-202606,openrtb.bid.mtype_missing,warning,seatbid[0].bid[3].mtype,4.2.3
p001145,em.com.br,display.bidder.taboola.com,response,2.6-202606,openrtb.bid.mtype_missing,warning,seatbid[0].bid[4].mtype,4.2.3
p001146,fox11online.com,display.bidder.taboola.com,response,2.6-202606,openrtb.bid.mtype_missing,warning,seatbid[0].bid[0].mtype,4.2.3
p001147,montgomeryadvertiser.com,display.bidder.taboola.com,response,2.6-202606,openrtb.bid.mtype_missing,warning,seatbid[0].bid[0].mtype,4.2.3
p001148,autoexpress.co.uk,elb.the-ozone-project.com,request,2.5,openrtb.field.undefined,error,imp[0].placementId,3.2.4
p001149,autoexpress.co.uk,elb.the-ozone-project.com,request,2.5,openrtb.field.undefined,error,imp[0].placementId,3.2.4
p001150,autoexpress.co.uk,elb.the-ozone-project.com,request,2.5,openrtb.field.undefined,error,imp[0].placementId,3.2.4
p001151,autoexpress.co.uk,elb.the-ozone-project.com,request,2.5,openrtb.field.undefined,error,imp[0].placementId,3.2.4
p001152,autoexpress.co.uk,elb.the-ozone-project.com,request,2.5,openrtb.field.undefined,error,imp[0].placementId,3.2.4
p001153,autoexpress.co.uk,elb.the-ozone-project.com,request,2.5,openrtb.field.undefined,error,imp[0].placementId,3.2.4
p001154,autoexpress.co.uk,elb.the-ozone-project.com,request,2.5,openrtb.field.undefined,error,imp[0].placementId,3.2.4
p001155,autoexpress.co.uk,elb.the-ozone-project.com,request,2.5,openrtb.field.undefined,error,imp[0].placementId,3.2.4
p001156,businessinsider.com,elb.the-ozone-project.com,request,2.5,openrtb.field.undefined,error,imp[0].floor,3.2.4
p001156,businessinsider.com,elb.the-ozone-project.com,request,2.5,openrtb.field.undefined,error,imp[0].placementId,3.2.4
p001157,businessinsider.com,elb.the-ozone-project.com,request,2.5,openrtb.field.undefined,error,imp[0].floor,3.2.4
p001157,businessinsider.com,elb.the-ozone-project.com,request,2.5,openrtb.field.undefined,error,imp[0].placementId,3.2.4
p001158,businessinsider.com,elb.the-ozone-project.com,request,2.5,openrtb.field.undefined,error,imp[0].floor,3.2.4
p001158,businessinsider.com,elb.the-ozone-project.com,request,2.5,openrtb.field.undefined,error,imp[0].placementId,3.2.4
p001159,businessinsider.com,elb.the-ozone-project.com,request,2.5,openrtb.field.undefined,error,imp[0].floor,3.2.4
p001159,businessinsider.com,elb.the-ozone-project.com,request,2.5,openrtb.field.undefined,error,imp[0].placementId,3.2.4
p001160,giantfreakinrobot.com,elb.the-ozone-project.com,request,2.5,openrtb.field.undefined,error,imp[0].placementId,3.2.4
p001161,giantfreakinrobot.com,elb.the-ozone-project.com,request,2.5,openrtb.field.undefined,error,imp[0].placementId,3.2.4
p001161,giantfreakinrobot.com,elb.the-ozone-project.com,request,2.5,openrtb.field.undefined,error,imp[0].video.plcmt,3.2.7
p001161,giantfreakinrobot.com,elb.the-ozone-project.com,request,2.5,openrtb.field.undefined,error,imp[1].placementId,3.2.4
p001162,giantfreakinrobot.com,elb.the-ozone-project.com,request,2.5,openrtb.field.undefined,error,imp[0].placementId,3.2.4
p001163,giantfreakinrobot.com,elb.the-ozone-project.com,request,2.5,openrtb.field.undefined,error,imp[0].placementId,3.2.4
p001164,howlongtobeat.com,elb.the-ozone-project.com,request,2.5,openrtb.field.undefined,error,imp[0].placementId,3.2.4
p001164,howlongtobeat.com,elb.the-ozone-project.com,request,2.5,openrtb.field.undefined,error,imp[1].placementId,3.2.4
p001164,howlongtobeat.com,elb.the-ozone-project.com,request,2.5,openrtb.field.undefined,error,imp[2].placementId,3.2.4
p001164,howlongtobeat.com,elb.the-ozone-project.com,request,2.5,openrtb.field.undefined,error,imp[3].placementId,3.2.4
p001165,nesn.com,elb.the-ozone-project.com,request,2.5,openrtb.field.undefined,error,device.sua,3.2.18
p001165,nesn.com,elb.the-ozone-project.com,request,2.5,openrtb.field.undefined,error,imp[0].placementId,3.2.4
p001166,nesn.com,elb.the-ozone-project.com,request,2.5,openrtb.field.undefined,error,device.sua,3.2.18
p001166,nesn.com,elb.the-ozone-project.com,request,2.5,openrtb.field.undefined,error,imp[0].placementId,3.2.4
p001167,nesn.com,elb.the-ozone-project.com,request,2.5,openrtb.field.undefined,error,device.sua,3.2.18
p001167,nesn.com,elb.the-ozone-project.com,request,2.5,openrtb.field.undefined,error,imp[0].placementId,3.2.4
p001167,nesn.com,elb.the-ozone-project.com,request,2.5,openrtb.field.undefined,error,imp[1].placementId,3.2.4
p001167,nesn.com,elb.the-ozone-project.com,request,2.5,openrtb.field.undefined,error,imp[2].placementId,3.2.4
p001168,nintendoeverything.com,elb.the-ozone-project.com,request,2.5,openrtb.field.undefined,error,imp[0].placementId,3.2.4
p001168,nintendoeverything.com,elb.the-ozone-project.com,request,2.5,openrtb.field.undefined,error,imp[1].placementId,3.2.4
p001168,nintendoeverything.com,elb.the-ozone-project.com,request,2.5,openrtb.field.undefined,error,imp[2].placementId,3.2.4
p001168,nintendoeverything.com,elb.the-ozone-project.com,request,2.5,openrtb.field.undefined,error,imp[2].video.plcmt,3.2.7
p001169,nintendoeverything.com,elb.the-ozone-project.com,request,2.5,openrtb.field.undefined,error,imp[0].placementId,3.2.4
p001169,nintendoeverything.com,elb.the-ozone-project.com,request,2.5,openrtb.field.undefined,error,imp[1].placementId,3.2.4
p001169,nintendoeverything.com,elb.the-ozone-project.com,request,2.5,openrtb.field.undefined,error,imp[2].placementId,3.2.4
p001169,nintendoeverything.com,elb.the-ozone-project.com,request,2.5,openrtb.field.undefined,error,imp[2].video.plcmt,3.2.7
p001169,nintendoeverything.com,elb.the-ozone-project.com,request,2.5,openrtb.field.undefined,error,imp[3].placementId,3.2.4
p001169,nintendoeverything.com,elb.the-ozone-project.com,request,2.5,openrtb.field.undefined,error,imp[4].placementId,3.2.4
p001169,nintendoeverything.com,elb.the-ozone-project.com,request,2.5,openrtb.field.undefined,error,imp[4].video.plcmt,3.2.7
p001169,nintendoeverything.com,elb.the-ozone-project.com,request,2.5,openrtb.field.undefined,error,imp[5].placementId,3.2.4
p001170,nintendoeverything.com,elb.the-ozone-project.com,request,2.5,openrtb.field.undefined,error,imp[0].placementId,3.2.4
p001170,nintendoeverything.com,elb.the-ozone-project.com,request,2.5,openrtb.field.undefined,error,imp[1].placementId,3.2.4
p001170,nintendoeverything.com,elb.the-ozone-project.com,request,2.5,openrtb.field.undefined,error,imp[1].video.plcmt,3.2.7
p001170,nintendoeverything.com,elb.the-ozone-project.com,request,2.5,openrtb.field.undefined,error,imp[2].placementId,3.2.4
p001171,nintendoeverything.com,elb.the-ozone-project.com,request,2.5,openrtb.field.undefined,error,imp[0].placementId,3.2.4
p001171,nintendoeverything.com,elb.the-ozone-project.com,request,2.5,openrtb.field.undefined,error,imp[0].video.plcmt,3.2.7
p001171,nintendoeverything.com,elb.the-ozone-project.com,request,2.5,openrtb.field.undefined,error,imp[1].placementId,3.2.4
p001172,nintendoeverything.com,elb.the-ozone-project.com,request,2.5,openrtb.field.undefined,error,imp[0].placementId,3.2.4
p001172,nintendoeverything.com,elb.the-ozone-project.com,request,2.5,openrtb.field.undefined,error,imp[1].placementId,3.2.4
p001172,nintendoeverything.com,elb.the-ozone-project.com,request,2.5,openrtb.field.undefined,error,imp[1].video.plcmt,3.2.7
p001173,nintendoeverything.com,elb.the-ozone-project.com,request,2.5,openrtb.field.undefined,error,imp[0].placementId,3.2.4
p001173,nintendoeverything.com,elb.the-ozone-project.com,request,2.5,openrtb.field.undefined,error,imp[1].placementId,3.2.4
p001173,nintendoeverything.com,elb.the-ozone-project.com,request,2.5,openrtb.field.undefined,error,imp[2].placementId,3.2.4
p001173,nintendoeverything.com,elb.the-ozone-project.com,request,2.5,openrtb.field.undefined,error,imp[2].video.plcmt,3.2.7
p001173,nintendoeverything.com,elb.the-ozone-project.com,request,2.5,openrtb.field.undefined,error,imp[3].placementId,3.2.4
p001173,nintendoeverything.com,elb.the-ozone-project.com,request,2.5,openrtb.field.undefined,error,imp[4].placementId,3.2.4
p001173,nintendoeverything.com,elb.the-ozone-project.com,request,2.5,openrtb.field.undefined,error,imp[4].video.plcmt,3.2.7
p001173,nintendoeverything.com,elb.the-ozone-project.com,request,2.5,openrtb.field.undefined,error,imp[5].placementId,3.2.4
p001173,nintendoeverything.com,elb.the-ozone-project.com,request,2.5,openrtb.field.undefined,error,imp[6].placementId,3.2.4
p001173,nintendoeverything.com,elb.the-ozone-project.com,request,2.5,openrtb.field.undefined,error,imp[7].placementId,3.2.4
p001173,nintendoeverything.com,elb.the-ozone-project.com,request,2.5,openrtb.field.undefined,error,imp[7].video.plcmt,3.2.7
p001173,nintendoeverything.com,elb.the-ozone-project.com,request,2.5,openrtb.field.undefined,error,imp[8].placementId,3.2.4
p001174,nintendoeverything.com,elb.the-ozone-project.com,request,2.5,openrtb.field.undefined,error,imp[0].placementId,3.2.4
p001174,nintendoeverything.com,elb.the-ozone-project.com,request,2.5,openrtb.field.undefined,error,imp[0].video.plcmt,3.2.7
p001175,nintendoeverything.com,elb.the-ozone-project.com,request,2.5,openrtb.field.undefined,error,imp[0].placementId,3.2.4
p001175,nintendoeverything.com,elb.the-ozone-project.com,request,2.5,openrtb.field.undefined,error,imp[0].video.plcmt,3.2.7
p001175,nintendoeverything.com,elb.the-ozone-project.com,request,2.5,openrtb.field.undefined,error,imp[1].placementId,3.2.4
p001176,nintendoeverything.com,elb.the-ozone-project.com,request,2.5,openrtb.field.undefined,error,imp[0].placementId,3.2.4
p001176,nintendoeverything.com,elb.the-ozone-project.com,request,2.5,openrtb.field.undefined,error,imp[0].video.plcmt,3.2.7
p001177,nintendoeverything.com,elb.the-ozone-project.com,request,2.5,openrtb.field.undefined,error,imp[0].placementId,3.2.4
p001177,nintendoeverything.com,elb.the-ozone-project.com,request,2.5,openrtb.field.undefined,error,imp[0].video.plcmt,3.2.7
p001178,thesun.ie,elb.the-ozone-project.com,request,2.5,openrtb.field.undefined,error,imp[0].floor,3.2.4
p001178,thesun.ie,elb.the-ozone-project.com,request,2.5,openrtb.field.undefined,error,imp[0].placementId,3.2.4
p001178,thesun.ie,elb.the-ozone-project.com,request,2.5,openrtb.field.undefined,error,imp[1].floor,3.2.4
p001178,thesun.ie,elb.the-ozone-project.com,request,2.5,openrtb.field.undefined,error,imp[1].placementId,3.2.4
p001178,thesun.ie,elb.the-ozone-project.com,request,2.5,openrtb.field.undefined,error,imp[2].floor,3.2.4
p001178,thesun.ie,elb.the-ozone-project.com,request,2.5,openrtb.field.undefined,error,imp[2].placementId,3.2.4
p001178,thesun.ie,elb.the-ozone-project.com,request,2.5,openrtb.field.undefined,error,imp[3].floor,3.2.4
p001178,thesun.ie,elb.the-ozone-project.com,request,2.5,openrtb.field.undefined,error,imp[3].placementId,3.2.4
p001178,thesun.ie,elb.the-ozone-project.com,request,2.5,openrtb.field.undefined,error,imp[4].floor,3.2.4
p001178,thesun.ie,elb.the-ozone-project.com,request,2.5,openrtb.field.undefined,error,imp[4].placementId,3.2.4
p001178,thesun.ie,elb.the-ozone-project.com,request,2.5,openrtb.field.undefined,error,imp[5].floor,3.2.4
p001178,thesun.ie,elb.the-ozone-project.com,request,2.5,openrtb.field.undefined,error,imp[5].placementId,3.2.4
p001178,thesun.ie,elb.the-ozone-project.com,request,2.5,openrtb.field.undefined,error,imp[6].floor,3.2.4
p001178,thesun.ie,elb.the-ozone-project.com,request,2.5,openrtb.field.undefined,error,imp[6].placementId,3.2.4
p001178,thesun.ie,elb.the-ozone-project.com,request,2.5,openrtb.field.undefined,error,imp[7].floor,3.2.4
p001178,thesun.ie,elb.the-ozone-project.com,request,2.5,openrtb.field.undefined,error,imp[7].placementId,3.2.4
p001178,thesun.ie,elb.the-ozone-project.com,request,2.5,openrtb.field.undefined,error,imp[8].floor,3.2.4
p001178,thesun.ie,elb.the-ozone-project.com,request,2.5,openrtb.field.undefined,error,imp[8].placementId,3.2.4
p001178,thesun.ie,elb.the-ozone-project.com,request,2.5,openrtb.field.undefined,error,imp[9].floor,3.2.4
p001178,thesun.ie,elb.the-ozone-project.com,request,2.5,openrtb.field.undefined,error,imp[9].placementId,3.2.4
p001179,thesun.ie,elb.the-ozone-project.com,request,2.5,openrtb.field.undefined,error,imp[0].floor,3.2.4
p001179,thesun.ie,elb.the-ozone-project.com,request,2.5,openrtb.field.undefined,error,imp[0].placementId,3.2.4
p001179,thesun.ie,elb.the-ozone-project.com,request,2.5,openrtb.field.undefined,error,imp[1].floor,3.2.4
p001179,thesun.ie,elb.the-ozone-project.com,request,2.5,openrtb.field.undefined,error,imp[1].placementId,3.2.4
p001180,thesun.ie,elb.the-ozone-project.com,request,2.5,openrtb.field.undefined,error,imp[0].floor,3.2.4
p001180,thesun.ie,elb.the-ozone-project.com,request,2.5,openrtb.field.undefined,error,imp[0].placementId,3.2.4
p001180,thesun.ie,elb.the-ozone-project.com,request,2.5,openrtb.field.undefined,error,imp[1].floor,3.2.4
p001180,thesun.ie,elb.the-ozone-project.com,request,2.5,openrtb.field.undefined,error,imp[1].placementId,3.2.4
p001181,thesun.ie,elb.the-ozone-project.com,request,2.5,openrtb.field.undefined,error,imp[0].floor,3.2.4
p001181,thesun.ie,elb.the-ozone-project.com,request,2.5,openrtb.field.undefined,error,imp[0].placementId,3.2.4
p001181,thesun.ie,elb.the-ozone-project.com,request,2.5,openrtb.field.undefined,error,imp[1].floor,3.2.4
p001181,thesun.ie,elb.the-ozone-project.com,request,2.5,openrtb.field.undefined,error,imp[1].placementId,3.2.4
p001181,thesun.ie,elb.the-ozone-project.com,request,2.5,openrtb.field.undefined,error,imp[2].floor,3.2.4
p001181,thesun.ie,elb.the-ozone-project.com,request,2.5,openrtb.field.undefined,error,imp[2].placementId,3.2.4
p001181,thesun.ie,elb.the-ozone-project.com,request,2.5,openrtb.field.undefined,error,imp[3].floor,3.2.4
p001181,thesun.ie,elb.the-ozone-project.com,request,2.5,openrtb.field.undefined,error,imp[3].placementId,3.2.4
p001181,thesun.ie,elb.the-ozone-project.com,request,2.5,openrtb.field.undefined,error,imp[4].floor,3.2.4
p001181,thesun.ie,elb.the-ozone-project.com,request,2.5,openrtb.field.undefined,error,imp[4].placementId,3.2.4
p001181,thesun.ie,elb.the-ozone-project.com,request,2.5,openrtb.field.undefined,error,imp[5].floor,3.2.4
p001181,thesun.ie,elb.the-ozone-project.com,request,2.5,openrtb.field.undefined,error,imp[5].placementId,3.2.4
p001181,thesun.ie,elb.the-ozone-project.com,request,2.5,openrtb.field.undefined,error,imp[6].floor,3.2.4
p001181,thesun.ie,elb.the-ozone-project.com,request,2.5,openrtb.field.undefined,error,imp[6].placementId,3.2.4
p001181,thesun.ie,elb.the-ozone-project.com,request,2.5,openrtb.field.undefined,error,imp[7].floor,3.2.4
p001181,thesun.ie,elb.the-ozone-project.com,request,2.5,openrtb.field.undefined,error,imp[7].placementId,3.2.4
p001181,thesun.ie,elb.the-ozone-project.com,request,2.5,openrtb.field.undefined,error,imp[8].floor,3.2.4
p001181,thesun.ie,elb.the-ozone-project.com,request,2.5,openrtb.field.undefined,error,imp[8].placementId,3.2.4
p001182,thesun.ie,elb.the-ozone-project.com,request,2.5,openrtb.field.undefined,error,imp[0].floor,3.2.4
p001182,thesun.ie,elb.the-ozone-project.com,request,2.5,openrtb.field.undefined,error,imp[0].placementId,3.2.4
p001182,thesun.ie,elb.the-ozone-project.com,request,2.5,openrtb.field.undefined,error,imp[0].video.plcmt,3.2.7
p001183,thesun.ie,elb.the-ozone-project.com,request,2.5,openrtb.field.undefined,error,imp[0].floor,3.2.4
p001183,thesun.ie,elb.the-ozone-project.com,request,2.5,openrtb.field.undefined,error,imp[0].placementId,3.2.4
p001183,thesun.ie,elb.the-ozone-project.com,request,2.5,openrtb.field.undefined,error,imp[1].floor,3.2.4
p001183,thesun.ie,elb.the-ozone-project.com,request,2.5,openrtb.field.undefined,error,imp[1].placementId,3.2.4
p001184,thesun.ie,elb.the-ozone-project.com,request,2.5,openrtb.field.undefined,error,imp[0].floor,3.2.4
p001184,thesun.ie,elb.the-ozone-project.com,request,2.5,openrtb.field.undefined,error,imp[0].placementId,3.2.4
p001184,thesun.ie,elb.the-ozone-project.com,request,2.5,openrtb.field.undefined,error,imp[1].floor,3.2.4
p001184,thesun.ie,elb.the-ozone-project.com,request,2.5,openrtb.field.undefined,error,imp[1].placementId,3.2.4
p001185,thesun.ie,elb.the-ozone-project.com,request,2.5,openrtb.field.undefined,error,imp[0].floor,3.2.4
p001185,thesun.ie,elb.the-ozone-project.com,request,2.5,openrtb.field.undefined,error,imp[0].placementId,3.2.4
p001185,thesun.ie,elb.the-ozone-project.com,request,2.5,openrtb.field.undefined,error,imp[0].video.plcmt,3.2.7
p001186,thesun.ie,elb.the-ozone-project.com,request,2.5,openrtb.field.undefined,error,imp[0].floor,3.2.4
p001186,thesun.ie,elb.the-ozone-project.com,request,2.5,openrtb.field.undefined,error,imp[0].placementId,3.2.4
p001186,thesun.ie,elb.the-ozone-project.com,request,2.5,openrtb.field.undefined,error,imp[1].floor,3.2.4
p001186,thesun.ie,elb.the-ozone-project.com,request,2.5,openrtb.field.undefined,error,imp[1].placementId,3.2.4
p001187,autoexpress.co.uk,elb.the-ozone-project.com,response,2.6-202606,openrtb.bid.mtype_missing,warning,seatbid[0].bid[0].mtype,4.2.3
p001188,autoexpress.co.uk,elb.the-ozone-project.com,response,2.6-202606,openrtb.bid.mtype_missing,warning,seatbid[0].bid[0].mtype,4.2.3
p001189,autoexpress.co.uk,elb.the-ozone-project.com,response,2.6-202606,openrtb.bid.mtype_missing,warning,seatbid[0].bid[0].mtype,4.2.3
p001190,autoexpress.co.uk,elb.the-ozone-project.com,response,2.6-202606,openrtb.bid.mtype_missing,warning,seatbid[0].bid[0].mtype,4.2.3
p001191,autoexpress.co.uk,elb.the-ozone-project.com,response,2.6-202606,openrtb.bid.mtype_missing,warning,seatbid[0].bid[0].mtype,4.2.3
p001192,autoexpress.co.uk,elb.the-ozone-project.com,response,2.6-202606,openrtb.bid.mtype_missing,warning,seatbid[0].bid[0].mtype,4.2.3
p001193,autoexpress.co.uk,elb.the-ozone-project.com,response,2.6-202606,openrtb.bid.mtype_missing,warning,seatbid[0].bid[0].mtype,4.2.3
p001194,autoexpress.co.uk,elb.the-ozone-project.com,response,2.6-202606,openrtb.bid.mtype_missing,warning,seatbid[0].bid[0].mtype,4.2.3
p001195,businessinsider.com,elb.the-ozone-project.com,response,2.6-202606,openrtb.bid.mtype_missing,warning,seatbid[0].bid[0].mtype,4.2.3
p001196,businessinsider.com,elb.the-ozone-project.com,response,2.6-202606,openrtb.bid.mtype_missing,warning,seatbid[0].bid[0].mtype,4.2.3
p001197,businessinsider.com,elb.the-ozone-project.com,response,2.6-202606,openrtb.bid.mtype_missing,warning,seatbid[0].bid[0].mtype,4.2.3
p001198,businessinsider.com,elb.the-ozone-project.com,response,2.6-202606,openrtb.bid.mtype_missing,warning,seatbid[0].bid[0].mtype,4.2.3
p001203,howlongtobeat.com,elb.the-ozone-project.com,response,2.6-202606,openrtb.bid.mtype_missing,warning,seatbid[0].bid[0].mtype,4.2.3
p001203,howlongtobeat.com,elb.the-ozone-project.com,response,2.6-202606,openrtb.bid.mtype_missing,warning,seatbid[0].bid[1].mtype,4.2.3
p001203,howlongtobeat.com,elb.the-ozone-project.com,response,2.6-202606,openrtb.bid.mtype_missing,warning,seatbid[0].bid[2].mtype,4.2.3
p001203,howlongtobeat.com,elb.the-ozone-project.com,response,2.6-202606,openrtb.bid.mtype_missing,warning,seatbid[0].bid[3].mtype,4.2.3
p001204,nesn.com,elb.the-ozone-project.com,response,2.6-202606,openrtb.bid.mtype_missing,warning,seatbid[0].bid[0].mtype,4.2.3
p001205,nesn.com,elb.the-ozone-project.com,response,2.6-202606,openrtb.bid.mtype_missing,warning,seatbid[0].bid[0].mtype,4.2.3
p001206,nesn.com,elb.the-ozone-project.com,response,2.6-202606,openrtb.bid.mtype_missing,warning,seatbid[0].bid[0].mtype,4.2.3
p001206,nesn.com,elb.the-ozone-project.com,response,2.6-202606,openrtb.bid.mtype_missing,warning,seatbid[0].bid[1].mtype,4.2.3
p001217,thesun.ie,elb.the-ozone-project.com,response,2.6-202606,openrtb.bid.mtype_missing,warning,seatbid[0].bid[0].mtype,4.2.3
p001217,thesun.ie,elb.the-ozone-project.com,response,2.6-202606,openrtb.bid.mtype_missing,warning,seatbid[1].bid[0].mtype,4.2.3
p001218,thesun.ie,elb.the-ozone-project.com,response,2.6-202606,openrtb.bid.mtype_missing,warning,seatbid[0].bid[0].mtype,4.2.3
p001219,genealogy.com,ex.ingage.tech,request,2.6-202606,openrtb.type.mismatch,error,site.ref,3.2.13
p001220,genealogy.com,ex.ingage.tech,request,2.6-202606,openrtb.type.mismatch,error,site.ref,3.2.13
p001221,genealogy.com,ex.ingage.tech,request,2.6-202606,openrtb.type.mismatch,error,site.ref,3.2.13
p001222,genealogy.com,ex.ingage.tech,request,2.6-202606,openrtb.type.mismatch,error,site.ref,3.2.13
p001223,nationaltoday.com,ex.ingage.tech,request,2.6-202606,openrtb.field.moved,error,regs.ext.gdpr,Section 3.2.3
p001223,nationaltoday.com,ex.ingage.tech,request,2.6-202606,openrtb.type.mismatch,error,site.ref,3.2.13
p001224,nationaltoday.com,ex.ingage.tech,request,2.6-202606,openrtb.field.moved,error,regs.ext.gdpr,Section 3.2.3
p001224,nationaltoday.com,ex.ingage.tech,request,2.6-202606,openrtb.type.mismatch,error,site.ref,3.2.13
p001225,nationaltoday.com,ex.ingage.tech,request,2.6-202606,openrtb.field.moved,error,regs.ext.gdpr,Section 3.2.3
p001225,nationaltoday.com,ex.ingage.tech,request,2.6-202606,openrtb.type.mismatch,error,site.ref,3.2.13
p001226,upi.com,ex.ingage.tech,request,2.6-202606,openrtb.type.mismatch,error,site.ref,3.2.13
p001227,upi.com,ex.ingage.tech,request,2.6-202606,openrtb.type.mismatch,error,site.ref,3.2.13
p001228,zeldadungeon.net,ex.ingage.tech,request,2.6-202606,openrtb.field.moved,error,regs.ext.gdpr,Section 3.2.3
p001228,zeldadungeon.net,ex.ingage.tech,request,2.6-202606,openrtb.type.mismatch,error,site.ref,3.2.13
p001237,fox11online.com,exchange.postrelease.com,request,2.6-202606,openrtb.field.deprecated,warning,imp[0].video.placement,Section 3.2.7
p001238,fox11online.com,exchange.postrelease.com,request,2.6-202606,openrtb.field.deprecated,warning,imp[0].video.placement,Section 3.2.7
p001272,webdesignerdepot.com,exchange.postrelease.com,request,2.6-202606,openrtb.field.deprecated,warning,imp[1].video.placement,Section 3.2.7
p001272,webdesignerdepot.com,exchange.postrelease.com,request,2.6-202606,openrtb.value.invalid,error,imp[1].video.skip,3.2.7
p001275,zerohedge.com,exchange.postrelease.com,request,2.6-202606,openrtb.field.moved,error,regs.ext.gdpr,Section 3.2.3
p001276,zerohedge.com,exchange.postrelease.com,request,2.6-202606,openrtb.field.moved,error,regs.ext.gdpr,Section 3.2.3
p001277,zerohedge.com,exchange.postrelease.com,request,2.6-202606,openrtb.field.moved,error,regs.ext.gdpr,Section 3.2.3
p001278,chl.ca,exchange.postrelease.com,response,2.6-202606,openrtb.field.undefined,error,seatbid[0].syncUrls,4.2.2
p001279,chl.ca,exchange.postrelease.com,response,2.6-202606,openrtb.field.undefined,error,seatbid[0].syncUrls,4.2.2
p001280,cupofjo.com,exchange.postrelease.com,response,2.6-202606,openrtb.field.undefined,error,seatbid[0].syncUrls,4.2.2
p001289,nationaltoday.com,fast.nexx360.io,request,2.5,openrtb.field.undefined,error,device.sua,3.2.18
p001289,nationaltoday.com,fast.nexx360.io,request,2.5,openrtb.field.undefined,error,regs.gpp,3.2.3
p001289,nationaltoday.com,fast.nexx360.io,request,2.5,openrtb.field.undefined,error,regs.gpp_sid,3.2.3
p001290,nationaltoday.com,fast.nexx360.io,request,2.5,openrtb.field.undefined,error,device.sua,3.2.18
p001290,nationaltoday.com,fast.nexx360.io,request,2.5,openrtb.field.undefined,error,regs.gpp,3.2.3
p001290,nationaltoday.com,fast.nexx360.io,request,2.5,openrtb.field.undefined,error,regs.gpp_sid,3.2.3
p001291,nationaltoday.com,fast.nexx360.io,request,2.5,openrtb.field.undefined,error,device.sua,3.2.18
p001291,nationaltoday.com,fast.nexx360.io,request,2.5,openrtb.field.undefined,error,regs.gpp,3.2.3
p001291,nationaltoday.com,fast.nexx360.io,request,2.5,openrtb.field.undefined,error,regs.gpp_sid,3.2.3
p001293,tio.ch,fast.nexx360.io,request,2.5,openrtb.field.undefined,error,device.sua,3.2.18
p001293,tio.ch,fast.nexx360.io,request,2.5,openrtb.field.undefined,error,imp[0].video.plcmt,3.2.7
p001294,tio.ch,fast.nexx360.io,request,2.5,openrtb.field.undefined,error,device.sua,3.2.18
p001294,tio.ch,fast.nexx360.io,request,2.5,openrtb.field.undefined,error,imp[0].video.plcmt,3.2.7
p001295,tio.ch,fast.nexx360.io,request,2.5,openrtb.field.undefined,error,device.sua,3.2.18
p001296,tio.ch,fast.nexx360.io,request,2.5,openrtb.field.undefined,error,device.sua,3.2.18
p001297,tio.ch,fast.nexx360.io,request,2.5,openrtb.field.undefined,error,device.sua,3.2.18
p001298,tio.ch,fast.nexx360.io,request,2.5,openrtb.field.undefined,error,device.sua,3.2.18
p001299,tio.ch,fast.nexx360.io,request,2.5,openrtb.field.undefined,error,device.sua,3.2.18
p001300,tio.ch,fast.nexx360.io,request,2.5,openrtb.field.undefined,error,device.sua,3.2.18
p001301,tio.ch,fast.nexx360.io,request,2.5,openrtb.field.undefined,error,device.sua,3.2.18
p001302,tio.ch,fast.nexx360.io,request,2.5,openrtb.field.undefined,error,device.sua,3.2.18
p001303,tio.ch,fast.nexx360.io,request,2.5,openrtb.field.undefined,error,device.sua,3.2.18
p001304,tio.ch,fast.nexx360.io,request,2.5,openrtb.field.undefined,error,device.sua,3.2.18
p001305,tio.ch,fast.nexx360.io,request,2.5,openrtb.field.undefined,error,device.sua,3.2.18
p001306,tio.ch,fast.nexx360.io,request,2.5,openrtb.field.undefined,error,device.sua,3.2.18
p001307,tio.ch,fast.nexx360.io,request,2.5,openrtb.field.undefined,error,device.sua,3.2.18
p001308,zeldadungeon.net,fast.nexx360.io,request,2.5,openrtb.field.undefined,error,device.sua,3.2.18
p001309,elespectador.com,fast.nexx360.io,response,2.6-202606,openrtb.response.seatbid_or_nbr.required,error,seatbid,4.2.1
p001310,elespectador.com,fast.nexx360.io,response,2.6-202606,openrtb.response.seatbid_or_nbr.required,error,seatbid,4.2.1
p001311,elespectador.com,fast.nexx360.io,response,2.6-202606,openrtb.response.seatbid_or_nbr.required,error,seatbid,4.2.1
p001312,elespectador.com,fast.nexx360.io,response,2.6-202606,openrtb.response.seatbid_or_nbr.required,error,seatbid,4.2.1
p001313,elespectador.com,fast.nexx360.io,response,2.6-202606,openrtb.response.seatbid_or_nbr.required,error,seatbid,4.2.1
p001314,elespectador.com,fast.nexx360.io,response,2.6-202606,openrtb.bid.mtype_missing,warning,seatbid[0].bid[0].mtype,4.2.3
p001315,elespectador.com,fast.nexx360.io,response,2.6-202606,openrtb.response.seatbid_or_nbr.required,error,seatbid,4.2.1
p001316,elespectador.com,fast.nexx360.io,response,2.6-202606,openrtb.response.seatbid_or_nbr.required,error,seatbid,4.2.1
p001317,nationaltoday.com,fast.nexx360.io,response,2.6-202606,openrtb.response.seatbid_or_nbr.required,error,seatbid,4.2.1
p001318,nationaltoday.com,fast.nexx360.io,response,2.6-202606,openrtb.response.seatbid_or_nbr.required,error,seatbid,4.2.1
p001319,nationaltoday.com,fast.nexx360.io,response,2.6-202606,openrtb.response.seatbid_or_nbr.required,error,seatbid,4.2.1
p001320,philstar.com,fast.nexx360.io,response,2.6-202606,openrtb.bid.mtype_missing,warning,seatbid[0].bid[0].mtype,4.2.3
p001321,tio.ch,fast.nexx360.io,response,2.6-202606,openrtb.response.seatbid_or_nbr.required,error,seatbid,4.2.1
p001322,tio.ch,fast.nexx360.io,response,2.6-202606,openrtb.response.seatbid_or_nbr.required,error,seatbid,4.2.1
p001323,tio.ch,fast.nexx360.io,response,2.6-202606,openrtb.response.seatbid_or_nbr.required,error,seatbid,4.2.1
p001324,tio.ch,fast.nexx360.io,response,2.6-202606,openrtb.response.seatbid_or_nbr.required,error,seatbid,4.2.1
p001325,tio.ch,fast.nexx360.io,response,2.6-202606,openrtb.response.seatbid_or_nbr.required,error,seatbid,4.2.1
p001326,tio.ch,fast.nexx360.io,response,2.6-202606,openrtb.response.seatbid_or_nbr.required,error,seatbid,4.2.1
p001327,tio.ch,fast.nexx360.io,response,2.6-202606,openrtb.response.seatbid_or_nbr.required,error,seatbid,4.2.1
p001328,tio.ch,fast.nexx360.io,response,2.6-202606,openrtb.response.seatbid_or_nbr.required,error,seatbid,4.2.1
p001329,tio.ch,fast.nexx360.io,response,2.6-202606,openrtb.response.seatbid_or_nbr.required,error,seatbid,4.2.1
p001330,tio.ch,fast.nexx360.io,response,2.6-202606,openrtb.response.seatbid_or_nbr.required,error,seatbid,4.2.1
p001331,tio.ch,fast.nexx360.io,response,2.6-202606,openrtb.response.seatbid_or_nbr.required,error,seatbid,4.2.1
p001332,tio.ch,fast.nexx360.io,response,2.6-202606,openrtb.response.seatbid_or_nbr.required,error,seatbid,4.2.1
p001333,tio.ch,fast.nexx360.io,response,2.6-202606,openrtb.response.seatbid_or_nbr.required,error,seatbid,4.2.1
p001334,tio.ch,fast.nexx360.io,response,2.6-202606,openrtb.response.seatbid_or_nbr.required,error,seatbid,4.2.1
p001335,tio.ch,fast.nexx360.io,response,2.6-202606,openrtb.response.seatbid_or_nbr.required,error,seatbid,4.2.1
p001336,zeldadungeon.net,fast.nexx360.io,response,2.6-202606,openrtb.response.seatbid_or_nbr.required,error,seatbid,4.2.1
p001361,cityam.com,fastlane.rubiconproject.com,request,2.6-202606,openrtb.field.moved,error,regs.ext.gdpr,Section 3.2.3
p001362,cityam.com,fastlane.rubiconproject.com,request,2.6-202606,openrtb.field.moved,error,regs.ext.gdpr,Section 3.2.3
p001363,cityam.com,fastlane.rubiconproject.com,request,2.6-202606,openrtb.field.moved,error,regs.ext.gdpr,Section 3.2.3
p001364,cityam.com,fastlane.rubiconproject.com,request,2.6-202606,openrtb.field.moved,error,regs.ext.gdpr,Section 3.2.3
p001365,cityam.com,fastlane.rubiconproject.com,request,2.6-202606,openrtb.field.moved,error,regs.ext.gdpr,Section 3.2.3
p001366,cityam.com,fastlane.rubiconproject.com,request,2.6-202606,openrtb.field.moved,error,regs.ext.gdpr,Section 3.2.3
p001367,elespectador.com,fastlane.rubiconproject.com,request,2.6-202606,openrtb.field.moved,error,regs.ext.gdpr,Section 3.2.3
p001367,elespectador.com,fastlane.rubiconproject.com,request,2.6-202606,openrtb.field.moved,error,user.ext.consent,Section 3.2.20
p001368,elespectador.com,fastlane.rubiconproject.com,request,2.6-202606,openrtb.field.deprecated,warning,imp[0].video.placement,Section 3.2.7
p001368,elespectador.com,fastlane.rubiconproject.com,request,2.6-202606,openrtb.field.deprecated,warning,imp[1].video.placement,Section 3.2.7
p001368,elespectador.com,fastlane.rubiconproject.com,request,2.6-202606,openrtb.field.moved,error,regs.ext.gdpr,Section 3.2.3
p001368,elespectador.com,fastlane.rubiconproject.com,request,2.6-202606,openrtb.field.moved,error,user.ext.consent,Section 3.2.20
p001371,elespectador.com,fastlane.rubiconproject.com,request,2.6-202606,openrtb.field.moved,error,regs.ext.gdpr,Section 3.2.3
p001371,elespectador.com,fastlane.rubiconproject.com,request,2.6-202606,openrtb.field.moved,error,user.ext.consent,Section 3.2.20
p001372,elespectador.com,fastlane.rubiconproject.com,request,2.6-202606,openrtb.field.deprecated,warning,imp[0].video.placement,Section 3.2.7
p001372,elespectador.com,fastlane.rubiconproject.com,request,2.6-202606,openrtb.field.deprecated,warning,imp[1].video.placement,Section 3.2.7
p001372,elespectador.com,fastlane.rubiconproject.com,request,2.6-202606,openrtb.field.moved,error,regs.ext.gdpr,Section 3.2.3
p001372,elespectador.com,fastlane.rubiconproject.com,request,2.6-202606,openrtb.field.moved,error,user.ext.consent,Section 3.2.20
p001379,falstaff.com,fastlane.rubiconproject.com,request,2.6-202606,openrtb.field.moved,error,regs.ext.gdpr,Section 3.2.3
p001380,fox11online.com,fastlane.rubiconproject.com,request,2.6-202606,openrtb.field.deprecated,warning,imp[0].video.placement,Section 3.2.7
p001380,fox11online.com,fastlane.rubiconproject.com,request,2.6-202606,openrtb.field.moved,error,regs.ext.gdpr,Section 3.2.3
p001381,fox11online.com,fastlane.rubiconproject.com,request,2.6-202606,openrtb.field.moved,error,regs.ext.gdpr,Section 3.2.3
p001388,fox11online.com,fastlane.rubiconproject.com,request,2.6-202606,openrtb.field.deprecated,warning,imp[0].video.placement,Section 3.2.7
p001388,fox11online.com,fastlane.rubiconproject.com,request,2.6-202606,openrtb.field.moved,error,regs.ext.gdpr,Section 3.2.3
p001389,fox11online.com,fastlane.rubiconproject.com,request,2.6-202606,openrtb.field.moved,error,regs.ext.gdpr,Section 3.2.3
p001391,iheart.com,fastlane.rubiconproject.com,request,2.6-202606,openrtb.field.deprecated,warning,imp[0].video.placement,Section 3.2.7
p001391,iheart.com,fastlane.rubiconproject.com,request,2.6-202606,openrtb.value.invalid,error,imp[0].video.skip,3.2.7
p001403,outsideonline.com,fastlane.rubiconproject.com,request,2.6-202606,openrtb.field.moved,error,regs.ext.gdpr,Section 3.2.3
p001404,outsideonline.com,fastlane.rubiconproject.com,request,2.6-202606,openrtb.field.moved,error,regs.ext.gdpr,Section 3.2.3
p001405,outsideonline.com,fastlane.rubiconproject.com,request,2.6-202606,openrtb.field.moved,error,regs.ext.gdpr,Section 3.2.3
p001406,outsideonline.com,fastlane.rubiconproject.com,request,2.6-202606,openrtb.field.moved,error,regs.ext.gdpr,Section 3.2.3
p001407,outsideonline.com,fastlane.rubiconproject.com,request,2.6-202606,openrtb.field.moved,error,regs.ext.gdpr,Section 3.2.3
p001408,outsideonline.com,fastlane.rubiconproject.com,request,2.6-202606,openrtb.field.moved,error,regs.ext.gdpr,Section 3.2.3
p001409,outsideonline.com,fastlane.rubiconproject.com,request,2.6-202606,openrtb.field.moved,error,regs.ext.gdpr,Section 3.2.3
p001410,outsideonline.com,fastlane.rubiconproject.com,request,2.6-202606,openrtb.field.moved,error,regs.ext.gdpr,Section 3.2.3
p001411,outsideonline.com,fastlane.rubiconproject.com,request,2.6-202606,openrtb.field.moved,error,regs.ext.gdpr,Section 3.2.3
p001412,outsideonline.com,fastlane.rubiconproject.com,request,2.6-202606,openrtb.field.moved,error,regs.ext.gdpr,Section 3.2.3
p001413,outsideonline.com,fastlane.rubiconproject.com,request,2.6-202606,openrtb.field.moved,error,regs.ext.gdpr,Section 3.2.3
p001414,outsideonline.com,fastlane.rubiconproject.com,request,2.6-202606,openrtb.field.moved,error,regs.ext.gdpr,Section 3.2.3
p001415,outsideonline.com,fastlane.rubiconproject.com,request,2.6-202606,openrtb.field.moved,error,regs.ext.gdpr,Section 3.2.3
p001416,outsideonline.com,fastlane.rubiconproject.com,request,2.6-202606,openrtb.field.moved,error,regs.ext.gdpr,Section 3.2.3
p001417,outsideonline.com,fastlane.rubiconproject.com,request,2.6-202606,openrtb.field.moved,error,regs.ext.gdpr,Section 3.2.3
p001418,outsideonline.com,fastlane.rubiconproject.com,request,2.6-202606,openrtb.field.moved,error,regs.ext.gdpr,Section 3.2.3
p001419,rawstory.com,fastlane.rubiconproject.com,request,2.6-202606,openrtb.field.moved,error,regs.ext.gdpr,Section 3.2.3
p001419,rawstory.com,fastlane.rubiconproject.com,request,2.6-202606,openrtb.field.moved,error,user.ext.consent,Section 3.2.20
p001420,rawstory.com,fastlane.rubiconproject.com,request,2.6-202606,openrtb.field.moved,error,regs.ext.gdpr,Section 3.2.3
p001420,rawstory.com,fastlane.rubiconproject.com,request,2.6-202606,openrtb.field.moved,error,user.ext.consent,Section 3.2.20
p001421,rawstory.com,fastlane.rubiconproject.com,request,2.6-202606,openrtb.field.moved,error,regs.ext.gdpr,Section 3.2.3
p001421,rawstory.com,fastlane.rubiconproject.com,request,2.6-202606,openrtb.field.moved,error,user.ext.consent,Section 3.2.20
p001422,rawstory.com,fastlane.rubiconproject.com,request,2.6-202606,openrtb.field.moved,error,regs.ext.gdpr,Section 3.2.3
p001422,rawstory.com,fastlane.rubiconproject.com,request,2.6-202606,openrtb.field.moved,error,user.ext.consent,Section 3.2.20
p001426,barcablaugranes.com,fastlane.rubiconproject.com,response,2.6-202606,openrtb.field.required,error,seatbid[0].bid,4.2.2
p001427,barcablaugranes.com,fastlane.rubiconproject.com,response,2.6-202606,openrtb.field.required,error,seatbid[0].bid,4.2.2
p001430,barcablaugranes.com,fastlane.rubiconproject.com,response,2.6-202606,openrtb.field.required,error,seatbid[0].bid,4.2.2
p001431,barcablaugranes.com,fastlane.rubiconproject.com,response,2.6-202606,openrtb.field.required,error,seatbid[0].bid,4.2.2
p001432,barcablaugranes.com,fastlane.rubiconproject.com,response,2.6-202606,openrtb.field.required,error,seatbid[0].bid,4.2.2
p001433,barcablaugranes.com,fastlane.rubiconproject.com,response,2.6-202606,openrtb.field.required,error,seatbid[0].bid,4.2.2
p001434,barcablaugranes.com,fastlane.rubiconproject.com,response,2.6-202606,openrtb.field.required,error,seatbid[0].bid,4.2.2
p001435,barcablaugranes.com,fastlane.rubiconproject.com,response,2.6-202606,openrtb.field.required,error,seatbid[0].bid,4.2.2
p001437,barcablaugranes.com,fastlane.rubiconproject.com,response,2.6-202606,openrtb.field.required,error,seatbid[0].bid,4.2.2
p001438,barcablaugranes.com,fastlane.rubiconproject.com,response,2.6-202606,openrtb.field.required,error,seatbid[0].bid,4.2.2
p001440,businessinsider.com,fastlane.rubiconproject.com,response,2.6-202606,openrtb.field.deprecated,warning,seatbid[1].bid[0].api,4.2.3
p001440,businessinsider.com,fastlane.rubiconproject.com,response,2.6-202606,openrtb.bid.adm.vast_root_missing,warning,seatbid[1].bid[0].adm,4.2.3
p001441,barcablaugranes.com,fastlane.rubiconproject.com,response,2.6-202606,openrtb.field.required,error,seatbid[0].bid,4.2.2
p001443,barcablaugranes.com,fastlane.rubiconproject.com,response,2.6-202606,openrtb.field.required,error,seatbid[0].bid,4.2.2
p001444,barcablaugranes.com,fastlane.rubiconproject.com,response,2.6-202606,openrtb.field.required,error,seatbid[0].bid,4.2.2
p001445,barcablaugranes.com,fastlane.rubiconproject.com,response,2.6-202606,openrtb.field.required,error,seatbid[0].bid,4.2.2
p001446,barcablaugranes.com,fastlane.rubiconproject.com,response,2.6-202606,openrtb.field.required,error,seatbid[0].bid,4.2.2
p001447,barcablaugranes.com,fastlane.rubiconproject.com,response,2.6-202606,openrtb.field.required,error,seatbid[0].bid,4.2.2
p001448,barcablaugranes.com,fastlane.rubiconproject.com,response,2.6-202606,openrtb.field.required,error,seatbid[0].bid,4.2.2
p001449,barcablaugranes.com,fastlane.rubiconproject.com,response,2.6-202606,openrtb.field.required,error,seatbid[0].bid,4.2.2
p001450,cityam.com,fastlane.rubiconproject.com,response,2.6-202606,openrtb.field.required,error,seatbid[0].bid,4.2.2
p001451,cityam.com,fastlane.rubiconproject.com,response,2.6-202606,openrtb.field.required,error,seatbid[0].bid,4.2.2
p001452,cityam.com,fastlane.rubiconproject.com,response,2.6-202606,openrtb.field.required,error,seatbid[0].bid,4.2.2
p001453,cityam.com,fastlane.rubiconproject.com,response,2.6-202606,openrtb.field.required,error,seatbid[0].bid,4.2.2
p001454,cityam.com,fastlane.rubiconproject.com,response,2.6-202606,openrtb.field.required,error,seatbid[0].bid,4.2.2
p001455,cityam.com,fastlane.rubiconproject.com,response,2.6-202606,openrtb.field.required,error,seatbid[0].bid,4.2.2
p001456,elespectador.com,fastlane.rubiconproject.com,response,2.6-202606,openrtb.field.required,error,seatbid[0].bid,4.2.2
p001457,elespectador.com,fastlane.rubiconproject.com,response,2.6-202606,openrtb.field.required,error,seatbid[0].bid,4.2.2
p001466,falstaff.com,fastlane.rubiconproject.com,response,2.6-202606,openrtb.field.required,error,seatbid[0].bid,4.2.2
p001467,fox11online.com,fastlane.rubiconproject.com,response,2.6-202606,openrtb.field.required,error,seatbid[0].bid,4.2.2
p001468,fox11online.com,fastlane.rubiconproject.com,response,2.6-202606,openrtb.field.required,error,seatbid[0].bid,4.2.2
p001469,fox11online.com,fastlane.rubiconproject.com,response,2.6-202606,openrtb.field.required,error,seatbid[0].bid,4.2.2
p001470,fox11online.com,fastlane.rubiconproject.com,response,2.6-202606,openrtb.field.required,error,seatbid[0].bid,4.2.2
p001471,fox11online.com,fastlane.rubiconproject.com,response,2.6-202606,openrtb.field.required,error,seatbid[0].bid,4.2.2
p001472,fox11online.com,fastlane.rubiconproject.com,response,2.6-202606,openrtb.field.required,error,seatbid[0].bid,4.2.2
p001473,fox11online.com,fastlane.rubiconproject.com,response,2.6-202606,openrtb.field.required,error,seatbid[0].bid,4.2.2
p001474,fox11online.com,fastlane.rubiconproject.com,response,2.6-202606,openrtb.field.required,error,seatbid[0].bid,4.2.2
p001475,fox11online.com,fastlane.rubiconproject.com,response,2.6-202606,openrtb.field.required,error,seatbid[0].bid,4.2.2
p001476,fox11online.com,fastlane.rubiconproject.com,response,2.6-202606,openrtb.field.required,error,seatbid[0].bid,4.2.2
p001477,iheart.com,fastlane.rubiconproject.com,response,2.6-202606,openrtb.field.required,error,seatbid[0].bid,4.2.2
p001478,iheart.com,fastlane.rubiconproject.com,response,2.6-202606,openrtb.field.required,error,seatbid[0].bid,4.2.2
p001479,mthai.com,fastlane.rubiconproject.com,response,2.6-202606,openrtb.field.required,error,seatbid[0].bid,4.2.2
p001480,mthai.com,fastlane.rubiconproject.com,response,2.6-202606,openrtb.field.required,error,seatbid[0].bid,4.2.2
p001481,nbcconnecticut.com,fastlane.rubiconproject.com,response,2.6-202606,openrtb.field.required,error,seatbid[0].bid,4.2.2
p001482,nbcconnecticut.com,fastlane.rubiconproject.com,response,2.6-202606,openrtb.field.required,error,seatbid[0].bid,4.2.2
p001483,nbcconnecticut.com,fastlane.rubiconproject.com,response,2.6-202606,openrtb.field.required,error,seatbid[0].bid,4.2.2
p001484,nbcconnecticut.com,fastlane.rubiconproject.com,response,2.6-202606,openrtb.field.required,error,seatbid[0].bid,4.2.2
p001485,nbcconnecticut.com,fastlane.rubiconproject.com,response,2.6-202606,openrtb.field.required,error,seatbid[0].bid,4.2.2
p001486,nbcconnecticut.com,fastlane.rubiconproject.com,response,2.6-202606,openrtb.field.required,error,seatbid[0].bid,4.2.2
p001487,nbcconnecticut.com,fastlane.rubiconproject.com,response,2.6-202606,openrtb.field.required,error,seatbid[0].bid,4.2.2
p001488,nbcconnecticut.com,fastlane.rubiconproject.com,response,2.6-202606,openrtb.field.required,error,seatbid[0].bid,4.2.2
p001489,nbcconnecticut.com,fastlane.rubiconproject.com,response,2.6-202606,openrtb.field.required,error,seatbid[0].bid,4.2.2
p001490,outsideonline.com,fastlane.rubiconproject.com,response,2.6-202606,openrtb.field.required,error,seatbid[0].bid,4.2.2
p001491,outsideonline.com,fastlane.rubiconproject.com,response,2.6-202606,openrtb.field.required,error,seatbid[0].bid,4.2.2
p001492,outsideonline.com,fastlane.rubiconproject.com,response,2.6-202606,openrtb.field.required,error,seatbid[0].bid,4.2.2
p001494,outsideonline.com,fastlane.rubiconproject.com,response,2.6-202606,openrtb.field.required,error,seatbid[0].bid,4.2.2
p001496,outsideonline.com,fastlane.rubiconproject.com,response,2.6-202606,openrtb.field.required,error,seatbid[0].bid,4.2.2
p001498,outsideonline.com,fastlane.rubiconproject.com,response,2.6-202606,openrtb.field.required,error,seatbid[0].bid,4.2.2
p001499,outsideonline.com,fastlane.rubiconproject.com,response,2.6-202606,openrtb.field.required,error,seatbid[0].bid,4.2.2
p001502,outsideonline.com,fastlane.rubiconproject.com,response,2.6-202606,openrtb.field.required,error,seatbid[0].bid,4.2.2
p001506,rawstory.com,fastlane.rubiconproject.com,response,2.6-202606,openrtb.field.required,error,seatbid[0].bid,4.2.2
p001513,tio.ch,goldlayer-api.prod.gbads.net,request,2.5,openrtb.field.undefined,error,device.sua,3.2.18
p001513,tio.ch,goldlayer-api.prod.gbads.net,request,2.5,openrtb.field.undefined,error,imp[0].video.plcmt,3.2.7
p001514,tio.ch,goldlayer-api.prod.gbads.net,request,2.5,openrtb.field.undefined,error,device.sua,3.2.18
p001515,tio.ch,goldlayer-api.prod.gbads.net,request,2.5,openrtb.field.undefined,error,device.sua,3.2.18
p001516,tio.ch,goldlayer-api.prod.gbads.net,request,2.5,openrtb.field.undefined,error,device.sua,3.2.18
p001517,tio.ch,goldlayer-api.prod.gbads.net,request,2.5,openrtb.field.undefined,error,device.sua,3.2.18
p001518,tio.ch,goldlayer-api.prod.gbads.net,request,2.5,openrtb.field.undefined,error,device.sua,3.2.18
p001519,tio.ch,goldlayer-api.prod.gbads.net,response,2.6-202606,openrtb.response.seatbid_or_nbr.required,error,seatbid,4.2.1
p001520,tio.ch,goldlayer-api.prod.gbads.net,response,2.6-202606,openrtb.response.seatbid_or_nbr.required,error,seatbid,4.2.1
p001521,tio.ch,goldlayer-api.prod.gbads.net,response,2.6-202606,openrtb.response.seatbid_or_nbr.required,error,seatbid,4.2.1
p001522,tio.ch,goldlayer-api.prod.gbads.net,response,2.6-202606,openrtb.response.seatbid_or_nbr.required,error,seatbid,4.2.1
p001523,tio.ch,goldlayer-api.prod.gbads.net,response,2.6-202606,openrtb.response.seatbid_or_nbr.required,error,seatbid,4.2.1
p001524,tio.ch,goldlayer-api.prod.gbads.net,response,2.6-202606,openrtb.response.seatbid_or_nbr.required,error,seatbid,4.2.1
p001526,csfd.cz,grid-bidder.criteo.com,request,2.6-202606,openrtb.field.moved,error,regs.ext.gdpr,Section 3.2.3
p001526,csfd.cz,grid-bidder.criteo.com,request,2.6-202606,openrtb.field.moved,error,user.ext.consent,Section 3.2.20
p001530,cupofjo.com,grid-bidder.criteo.com,request,2.6-202606,openrtb.field.deprecated,warning,imp[0].video.placement,Section 3.2.7
p001530,cupofjo.com,grid-bidder.criteo.com,request,2.6-202606,openrtb.value.invalid,error,imp[0].video.skip,3.2.7
p001531,csfd.cz,grid-bidder.criteo.com,request,2.6-202606,openrtb.field.moved,error,regs.ext.gdpr,Section 3.2.3
p001531,csfd.cz,grid-bidder.criteo.com,request,2.6-202606,openrtb.field.moved,error,user.ext.consent,Section 3.2.20
p001539,futbol-11.com,grid-bidder.criteo.com,request,2.6-202606,openrtb.field.moved,error,regs.ext.gdpr,Section 3.2.3
p001546,halfbakedharvest.com,grid-bidder.criteo.com,request,2.6-202606,openrtb.field.deprecated,warning,imp[0].video.placement,Section 3.2.7
p001546,halfbakedharvest.com,grid-bidder.criteo.com,request,2.6-202606,openrtb.value.invalid,error,imp[0].video.skip,3.2.7
p001547,halfbakedharvest.com,grid-bidder.criteo.com,request,2.6-202606,openrtb.field.deprecated,warning,imp[0].video.placement,Section 3.2.7
p001547,halfbakedharvest.com,grid-bidder.criteo.com,request,2.6-202606,openrtb.value.invalid,error,imp[0].video.skip,3.2.7
p001547,halfbakedharvest.com,grid-bidder.criteo.com,request,2.6-202606,openrtb.field.required,error,imp[1].native.request,3.2.9
p001547,halfbakedharvest.com,grid-bidder.criteo.com,request,2.6-202606,openrtb.field.undefined,error,imp[1].native.request_native,3.2.9
p001547,halfbakedharvest.com,grid-bidder.criteo.com,request,2.6-202606,openrtb.type.mismatch,error,site.publisher.id,3.2.15
p001548,halfbakedharvest.com,grid-bidder.criteo.com,request,2.6-202606,openrtb.field.required,error,imp[0].native.request,3.2.9
p001548,halfbakedharvest.com,grid-bidder.criteo.com,request,2.6-202606,openrtb.field.undefined,error,imp[0].native.request_native,3.2.9
p001548,halfbakedharvest.com,grid-bidder.criteo.com,request,2.6-202606,openrtb.type.mismatch,error,site.publisher.id,3.2.15
p001551,halfbakedharvest.com,grid-bidder.criteo.com,request,2.6-202606,openrtb.field.deprecated,warning,imp[0].video.placement,Section 3.2.7
p001551,halfbakedharvest.com,grid-bidder.criteo.com,request,2.6-202606,openrtb.value.invalid,error,imp[0].video.skip,3.2.7
p001552,halfbakedharvest.com,grid-bidder.criteo.com,request,2.6-202606,openrtb.field.deprecated,warning,imp[0].video.placement,Section 3.2.7
p001552,halfbakedharvest.com,grid-bidder.criteo.com,request,2.6-202606,openrtb.value.invalid,error,imp[0].video.skip,3.2.7
p001553,moly.hu,grid-bidder.criteo.com,request,2.6-202606,openrtb.field.moved,error,regs.ext.gdpr,Section 3.2.3
p001555,moly.hu,grid-bidder.criteo.com,request,2.6-202606,openrtb.field.moved,error,regs.ext.gdpr,Section 3.2.3
p001557,namemc.com,grid-bidder.criteo.com,request,2.6-202606,openrtb.field.moved,error,regs.ext.gdpr,Section 3.2.3
p001558,pilotonline.com,grid-bidder.criteo.com,request,2.6-202606,openrtb.field.deprecated,warning,imp[0].video.placement,Section 3.2.7
p001559,pilotonline.com,grid-bidder.criteo.com,request,2.6-202606,openrtb.field.deprecated,warning,imp[0].video.placement,Section 3.2.7
p001560,pilotonline.com,grid-bidder.criteo.com,request,2.6-202606,openrtb.field.deprecated,warning,imp[0].video.placement,Section 3.2.7
p001561,purposegames.com,grid-bidder.criteo.com,request,2.6-202606,openrtb.field.moved,error,regs.ext.gdpr,Section 3.2.3
p001562,purposegames.com,grid-bidder.criteo.com,request,2.6-202606,openrtb.field.moved,error,regs.ext.gdpr,Section 3.2.3
p001563,purposegames.com,grid-bidder.criteo.com,request,2.6-202606,openrtb.request.tmax_implausible,warning,tmax,3.2.1
p001567,ranker.com,grid-bidder.criteo.com,request,2.6-202606,openrtb.field.deprecated,warning,imp[0].video.placement,Section 3.2.7
p001567,ranker.com,grid-bidder.criteo.com,request,2.6-202606,openrtb.value.invalid,error,imp[0].video.skip,3.2.7
p001567,ranker.com,grid-bidder.criteo.com,request,2.6-202606,openrtb.field.required,error,imp[1].native.request,3.2.9
p001567,ranker.com,grid-bidder.criteo.com,request,2.6-202606,openrtb.field.undefined,error,imp[1].native.request_native,3.2.9
p001567,ranker.com,grid-bidder.criteo.com,request,2.6-202606,openrtb.type.mismatch,error,site.publisher.id,3.2.15
p001568,ranker.com,grid-bidder.criteo.com,request,2.6-202606,openrtb.field.required,error,imp[0].native.request,3.2.9
p001568,ranker.com,grid-bidder.criteo.com,request,2.6-202606,openrtb.field.undefined,error,imp[0].native.request_native,3.2.9
p001568,ranker.com,grid-bidder.criteo.com,request,2.6-202606,openrtb.type.mismatch,error,site.publisher.id,3.2.15
p001569,ranker.com,grid-bidder.criteo.com,request,2.6-202606,openrtb.field.required,error,imp[0].native.request,3.2.9
p001569,ranker.com,grid-bidder.criteo.com,request,2.6-202606,openrtb.field.undefined,error,imp[0].native.request_native,3.2.9
p001569,ranker.com,grid-bidder.criteo.com,request,2.6-202606,openrtb.type.mismatch,error,site.publisher.id,3.2.15
p001570,ranker.com,grid-bidder.criteo.com,request,2.6-202606,openrtb.field.deprecated,warning,imp[0].video.placement,Section 3.2.7
p001570,ranker.com,grid-bidder.criteo.com,request,2.6-202606,openrtb.value.invalid,error,imp[0].video.skip,3.2.7
p001571,ranker.com,grid-bidder.criteo.com,request,2.6-202606,openrtb.field.deprecated,warning,imp[0].video.placement,Section 3.2.7
p001571,ranker.com,grid-bidder.criteo.com,request,2.6-202606,openrtb.value.invalid,error,imp[0].video.skip,3.2.7
p001572,ranker.com,grid-bidder.criteo.com,request,2.6-202606,openrtb.field.deprecated,warning,imp[0].video.placement,Section 3.2.7
p001572,ranker.com,grid-bidder.criteo.com,request,2.6-202606,openrtb.value.invalid,error,imp[0].video.skip,3.2.7
p001573,ranker.com,grid-bidder.criteo.com,request,2.6-202606,openrtb.field.deprecated,warning,imp[0].video.placement,Section 3.2.7
p001573,ranker.com,grid-bidder.criteo.com,request,2.6-202606,openrtb.value.invalid,error,imp[0].video.skip,3.2.7
p001579,salon.com,grid-bidder.criteo.com,request,2.6-202606,openrtb.field.deprecated,warning,imp[0].video.placement,Section 3.2.7
p001579,salon.com,grid-bidder.criteo.com,request,2.6-202606,openrtb.value.invalid,error,imp[0].video.skip,3.2.7
p001580,salon.com,grid-bidder.criteo.com,request,2.6-202606,openrtb.field.required,error,imp[0].native.request,3.2.9
p001580,salon.com,grid-bidder.criteo.com,request,2.6-202606,openrtb.field.undefined,error,imp[0].native.request_native,3.2.9
p001580,salon.com,grid-bidder.criteo.com,request,2.6-202606,openrtb.type.mismatch,error,site.publisher.id,3.2.15
p001581,salon.com,grid-bidder.criteo.com,request,2.6-202606,openrtb.field.deprecated,warning,imp[0].video.placement,Section 3.2.7
p001581,salon.com,grid-bidder.criteo.com,request,2.6-202606,openrtb.value.invalid,error,imp[0].video.skip,3.2.7
p001582,salon.com,grid-bidder.criteo.com,request,2.6-202606,openrtb.field.deprecated,warning,imp[0].video.placement,Section 3.2.7
p001582,salon.com,grid-bidder.criteo.com,request,2.6-202606,openrtb.value.invalid,error,imp[0].video.skip,3.2.7
p001582,salon.com,grid-bidder.criteo.com,request,2.6-202606,openrtb.field.required,error,imp[1].native.request,3.2.9
p001582,salon.com,grid-bidder.criteo.com,request,2.6-202606,openrtb.field.undefined,error,imp[1].native.request_native,3.2.9
p001582,salon.com,grid-bidder.criteo.com,request,2.6-202606,openrtb.type.mismatch,error,site.publisher.id,3.2.15
p001583,salon.com,grid-bidder.criteo.com,request,2.6-202606,openrtb.field.required,error,imp[0].native.request,3.2.9
p001583,salon.com,grid-bidder.criteo.com,request,2.6-202606,openrtb.field.undefined,error,imp[0].native.request_native,3.2.9
p001583,salon.com,grid-bidder.criteo.com,request,2.6-202606,openrtb.type.mismatch,error,site.publisher.id,3.2.15
p001584,salon.com,grid-bidder.criteo.com,request,2.6-202606,openrtb.field.required,error,imp[0].native.request,3.2.9
p001584,salon.com,grid-bidder.criteo.com,request,2.6-202606,openrtb.field.undefined,error,imp[0].native.request_native,3.2.9
p001584,salon.com,grid-bidder.criteo.com,request,2.6-202606,openrtb.type.mismatch,error,site.publisher.id,3.2.15
p001585,salon.com,grid-bidder.criteo.com,request,2.6-202606,openrtb.field.required,error,imp[0].native.request,3.2.9
p001585,salon.com,grid-bidder.criteo.com,request,2.6-202606,openrtb.field.undefined,error,imp[0].native.request_native,3.2.9
p001585,salon.com,grid-bidder.criteo.com,request,2.6-202606,openrtb.type.mismatch,error,site.publisher.id,3.2.15
p001586,salon.com,grid-bidder.criteo.com,request,2.6-202606,openrtb.field.required,error,imp[0].native.request,3.2.9
p001586,salon.com,grid-bidder.criteo.com,request,2.6-202606,openrtb.field.undefined,error,imp[0].native.request_native,3.2.9
p001586,salon.com,grid-bidder.criteo.com,request,2.6-202606,openrtb.type.mismatch,error,site.publisher.id,3.2.15
p001587,salon.com,grid-bidder.criteo.com,request,2.6-202606,openrtb.field.required,error,imp[0].native.request,3.2.9
p001587,salon.com,grid-bidder.criteo.com,request,2.6-202606,openrtb.field.undefined,error,imp[0].native.request_native,3.2.9
p001587,salon.com,grid-bidder.criteo.com,request,2.6-202606,openrtb.type.mismatch,error,site.publisher.id,3.2.15
p001588,salon.com,grid-bidder.criteo.com,request,2.6-202606,openrtb.field.deprecated,warning,imp[0].video.placement,Section 3.2.7
p001588,salon.com,grid-bidder.criteo.com,request,2.6-202606,openrtb.value.invalid,error,imp[0].video.skip,3.2.7
p001589,salon.com,grid-bidder.criteo.com,request,2.6-202606,openrtb.field.deprecated,warning,imp[0].video.placement,Section 3.2.7
p001589,salon.com,grid-bidder.criteo.com,request,2.6-202606,openrtb.value.invalid,error,imp[0].video.skip,3.2.7
p001590,salon.com,grid-bidder.criteo.com,request,2.6-202606,openrtb.field.deprecated,warning,imp[0].video.placement,Section 3.2.7
p001590,salon.com,grid-bidder.criteo.com,request,2.6-202606,openrtb.value.invalid,error,imp[0].video.skip,3.2.7
p001594,webdesignerdepot.com,grid-bidder.criteo.com,request,2.6-202606,openrtb.field.deprecated,warning,imp[0].video.placement,Section 3.2.7
p001594,webdesignerdepot.com,grid-bidder.criteo.com,request,2.6-202606,openrtb.value.invalid,error,imp[0].video.skip,3.2.7
p001595,webdesignerdepot.com,grid-bidder.criteo.com,request,2.6-202606,openrtb.field.deprecated,warning,imp[0].video.placement,Section 3.2.7
p001595,webdesignerdepot.com,grid-bidder.criteo.com,request,2.6-202606,openrtb.value.invalid,error,imp[0].video.skip,3.2.7
p001595,webdesignerdepot.com,grid-bidder.criteo.com,request,2.6-202606,openrtb.field.required,error,imp[1].native.request,3.2.9
p001595,webdesignerdepot.com,grid-bidder.criteo.com,request,2.6-202606,openrtb.field.undefined,error,imp[1].native.request_native,3.2.9
p001595,webdesignerdepot.com,grid-bidder.criteo.com,request,2.6-202606,openrtb.type.mismatch,error,site.publisher.id,3.2.15
p001596,webdesignerdepot.com,grid-bidder.criteo.com,request,2.6-202606,openrtb.field.required,error,imp[0].native.request,3.2.9
p001596,webdesignerdepot.com,grid-bidder.criteo.com,request,2.6-202606,openrtb.field.undefined,error,imp[0].native.request_native,3.2.9
p001596,webdesignerdepot.com,grid-bidder.criteo.com,request,2.6-202606,openrtb.type.mismatch,error,site.publisher.id,3.2.15
p001597,webdesignerdepot.com,grid-bidder.criteo.com,request,2.6-202606,openrtb.field.deprecated,warning,imp[0].video.placement,Section 3.2.7
p001597,webdesignerdepot.com,grid-bidder.criteo.com,request,2.6-202606,openrtb.value.invalid,error,imp[0].video.skip,3.2.7
p001598,webdesignerdepot.com,grid-bidder.criteo.com,request,2.6-202606,openrtb.field.deprecated,warning,imp[0].video.placement,Section 3.2.7
p001598,webdesignerdepot.com,grid-bidder.criteo.com,request,2.6-202606,openrtb.value.invalid,error,imp[0].video.skip,3.2.7
p001599,webdesignerdepot.com,grid-bidder.criteo.com,request,2.6-202606,openrtb.field.deprecated,warning,imp[0].video.placement,Section 3.2.7
p001599,webdesignerdepot.com,grid-bidder.criteo.com,request,2.6-202606,openrtb.value.invalid,error,imp[0].video.skip,3.2.7
p001600,webdesignerdepot.com,grid-bidder.criteo.com,request,2.6-202606,openrtb.field.deprecated,warning,imp[0].video.placement,Section 3.2.7
p001600,webdesignerdepot.com,grid-bidder.criteo.com,request,2.6-202606,openrtb.value.invalid,error,imp[0].video.skip,3.2.7
p001603,webdesignerdepot.com,grid-bidder.criteo.com,request,2.6-202606,openrtb.field.deprecated,warning,imp[0].video.placement,Section 3.2.7
p001603,webdesignerdepot.com,grid-bidder.criteo.com,request,2.6-202606,openrtb.value.invalid,error,imp[0].video.skip,3.2.7
p001604,webdesignerdepot.com,grid-bidder.criteo.com,request,2.6-202606,openrtb.field.required,error,imp[0].native.request,3.2.9
p001604,webdesignerdepot.com,grid-bidder.criteo.com,request,2.6-202606,openrtb.field.undefined,error,imp[0].native.request_native,3.2.9
p001604,webdesignerdepot.com,grid-bidder.criteo.com,request,2.6-202606,openrtb.type.mismatch,error,site.publisher.id,3.2.15
p001605,webdesignerdepot.com,grid-bidder.criteo.com,request,2.6-202606,openrtb.field.deprecated,warning,imp[0].video.placement,Section 3.2.7
p001605,webdesignerdepot.com,grid-bidder.criteo.com,request,2.6-202606,openrtb.value.invalid,error,imp[0].video.skip,3.2.7
p001605,webdesignerdepot.com,grid-bidder.criteo.com,request,2.6-202606,openrtb.field.required,error,imp[1].native.request,3.2.9
p001605,webdesignerdepot.com,grid-bidder.criteo.com,request,2.6-202606,openrtb.field.undefined,error,imp[1].native.request_native,3.2.9
p001605,webdesignerdepot.com,grid-bidder.criteo.com,request,2.6-202606,openrtb.type.mismatch,error,site.publisher.id,3.2.15
p001606,webdesignerdepot.com,grid-bidder.criteo.com,request,2.6-202606,openrtb.field.required,error,imp[0].native.request,3.2.9
p001606,webdesignerdepot.com,grid-bidder.criteo.com,request,2.6-202606,openrtb.field.undefined,error,imp[0].native.request_native,3.2.9
p001606,webdesignerdepot.com,grid-bidder.criteo.com,request,2.6-202606,openrtb.type.mismatch,error,site.publisher.id,3.2.15
p001607,webdesignerdepot.com,grid-bidder.criteo.com,request,2.6-202606,openrtb.field.deprecated,warning,imp[0].video.placement,Section 3.2.7
p001607,webdesignerdepot.com,grid-bidder.criteo.com,request,2.6-202606,openrtb.value.invalid,error,imp[0].video.skip,3.2.7
p001607,webdesignerdepot.com,grid-bidder.criteo.com,request,2.6-202606,openrtb.type.mismatch,error,site.publisher.id,3.2.15
p001608,webdesignerdepot.com,grid-bidder.criteo.com,request,2.6-202606,openrtb.field.deprecated,warning,imp[0].video.placement,Section 3.2.7
p001608,webdesignerdepot.com,grid-bidder.criteo.com,request,2.6-202606,openrtb.value.invalid,error,imp[0].video.skip,3.2.7
p001609,webdesignerdepot.com,grid-bidder.criteo.com,request,2.6-202606,openrtb.field.deprecated,warning,imp[0].video.placement,Section 3.2.7
p001609,webdesignerdepot.com,grid-bidder.criteo.com,request,2.6-202606,openrtb.value.invalid,error,imp[0].video.skip,3.2.7
p001610,webdesignerdepot.com,grid-bidder.criteo.com,request,2.6-202606,openrtb.field.deprecated,warning,imp[0].video.placement,Section 3.2.7
p001610,webdesignerdepot.com,grid-bidder.criteo.com,request,2.6-202606,openrtb.value.invalid,error,imp[0].video.skip,3.2.7
p001611,webdesignerdepot.com,grid-bidder.criteo.com,request,2.6-202606,openrtb.field.deprecated,warning,imp[0].video.placement,Section 3.2.7
p001611,webdesignerdepot.com,grid-bidder.criteo.com,request,2.6-202606,openrtb.value.invalid,error,imp[0].video.skip,3.2.7
p001612,zeldadungeon.net,grid-bidder.criteo.com,request,2.6-202606,openrtb.field.moved,error,regs.ext.gdpr,Section 3.2.3
p001613,webdesignerdepot.com,grid-bidder.criteo.com,response,2.6-202606,openrtb.field.undefined,error,seatbid[0].bid[0].auid,4.2.3
p001613,webdesignerdepot.com,grid-bidder.criteo.com,response,2.6-202606,openrtb.field.undefined,error,seatbid[0].bid[0].content_type,4.2.3
p001613,webdesignerdepot.com,grid-bidder.criteo.com,response,2.6-202606,openrtb.bid.mtype_missing,warning,seatbid[0].bid[0].mtype,4.2.3
p001614,webdesignerdepot.com,grid-bidder.criteo.com,response,2.6-202606,openrtb.field.undefined,error,seatbid[0].bid[0].content_type,4.2.3
p001614,webdesignerdepot.com,grid-bidder.criteo.com,response,2.6-202606,openrtb.bid.mtype_missing,warning,seatbid[0].bid[0].mtype,4.2.3
p001615,webdesignerdepot.com,grid-bidder.criteo.com,response,2.6-202606,openrtb.field.undefined,error,seatbid[0].bid[0].content_type,4.2.3
p001615,webdesignerdepot.com,grid-bidder.criteo.com,response,2.6-202606,openrtb.bid.mtype_missing,warning,seatbid[0].bid[0].mtype,4.2.3
p001616,webdesignerdepot.com,grid-bidder.criteo.com,response,2.6-202606,openrtb.field.undefined,error,seatbid[0].bid[0].content_type,4.2.3
p001616,webdesignerdepot.com,grid-bidder.criteo.com,response,2.6-202606,openrtb.bid.mtype_missing,warning,seatbid[0].bid[0].mtype,4.2.3
p001617,eonline.com,hb.emxdgt.com,request,2.6-202606,openrtb.type.mismatch,error,cur,3.2.1
p001617,eonline.com,hb.emxdgt.com,request,2.6-202606,openrtb.field.undefined,error,imp[0].tid,3.2.4
p001617,eonline.com,hb.emxdgt.com,request,2.6-202606,openrtb.field.undefined,error,imp[0].video.context,3.2.7
p001617,eonline.com,hb.emxdgt.com,request,2.6-202606,openrtb.field.undefined,error,imp[0].video.floor,3.2.7
p001617,eonline.com,hb.emxdgt.com,request,2.6-202606,openrtb.field.deprecated,warning,imp[0].video.placement,Section 3.2.7
p001617,eonline.com,hb.emxdgt.com,request,2.6-202606,openrtb.field.undefined,error,imp[0].video.playerSize,3.2.7
p001617,eonline.com,hb.emxdgt.com,request,2.6-202606,openrtb.value.invalid,error,imp[0].video.skip,3.2.7
p001617,eonline.com,hb.emxdgt.com,request,2.6-202606,openrtb.field.undefined,error,version,3.2.1
p001618,eonline.com,hb.emxdgt.com,request,2.6-202606,openrtb.type.mismatch,error,cur,3.2.1
p001618,eonline.com,hb.emxdgt.com,request,2.6-202606,openrtb.field.undefined,error,imp[0].tid,3.2.4
p001618,eonline.com,hb.emxdgt.com,request,2.6-202606,openrtb.field.undefined,error,imp[0].video.context,3.2.7
p001618,eonline.com,hb.emxdgt.com,request,2.6-202606,openrtb.field.undefined,error,imp[0].video.floor,3.2.7
p001618,eonline.com,hb.emxdgt.com,request,2.6-202606,openrtb.field.deprecated,warning,imp[0].video.placement,Section 3.2.7
p001618,eonline.com,hb.emxdgt.com,request,2.6-202606,openrtb.field.undefined,error,imp[0].video.playerSize,3.2.7
p001618,eonline.com,hb.emxdgt.com,request,2.6-202606,openrtb.value.invalid,error,imp[0].video.skip,3.2.7
p001618,eonline.com,hb.emxdgt.com,request,2.6-202606,openrtb.field.undefined,error,version,3.2.1
p001619,eonline.com,hb.emxdgt.com,request,2.6-202606,openrtb.type.mismatch,error,cur,3.2.1
p001619,eonline.com,hb.emxdgt.com,request,2.6-202606,openrtb.field.undefined,error,imp[0].tid,3.2.4
p001619,eonline.com,hb.emxdgt.com,request,2.6-202606,openrtb.field.undefined,error,imp[0].video.context,3.2.7
p001619,eonline.com,hb.emxdgt.com,request,2.6-202606,openrtb.field.undefined,error,imp[0].video.floor,3.2.7
p001619,eonline.com,hb.emxdgt.com,request,2.6-202606,openrtb.field.deprecated,warning,imp[0].video.placement,Section 3.2.7
p001619,eonline.com,hb.emxdgt.com,request,2.6-202606,openrtb.field.undefined,error,imp[0].video.playerSize,3.2.7
p001619,eonline.com,hb.emxdgt.com,request,2.6-202606,openrtb.value.invalid,error,imp[0].video.skip,3.2.7
p001619,eonline.com,hb.emxdgt.com,request,2.6-202606,openrtb.field.undefined,error,version,3.2.1
p001620,eonline.com,hb.emxdgt.com,request,2.6-202606,openrtb.type.mismatch,error,cur,3.2.1
p001620,eonline.com,hb.emxdgt.com,request,2.6-202606,openrtb.field.undefined,error,imp[0].tid,3.2.4
p001620,eonline.com,hb.emxdgt.com,request,2.6-202606,openrtb.field.undefined,error,imp[0].video.context,3.2.7
p001620,eonline.com,hb.emxdgt.com,request,2.6-202606,openrtb.field.undefined,error,imp[0].video.floor,3.2.7
p001620,eonline.com,hb.emxdgt.com,request,2.6-202606,openrtb.field.deprecated,warning,imp[0].video.placement,Section 3.2.7
p001620,eonline.com,hb.emxdgt.com,request,2.6-202606,openrtb.field.undefined,error,imp[0].video.playerSize,3.2.7
p001620,eonline.com,hb.emxdgt.com,request,2.6-202606,openrtb.value.invalid,error,imp[0].video.skip,3.2.7
p001620,eonline.com,hb.emxdgt.com,request,2.6-202606,openrtb.field.undefined,error,version,3.2.1
p001621,eonline.com,hb.emxdgt.com,request,2.6-202606,openrtb.type.mismatch,error,cur,3.2.1
p001621,eonline.com,hb.emxdgt.com,request,2.6-202606,openrtb.field.undefined,error,imp[0].tid,3.2.4
p001621,eonline.com,hb.emxdgt.com,request,2.6-202606,openrtb.field.undefined,error,imp[0].video.context,3.2.7
p001621,eonline.com,hb.emxdgt.com,request,2.6-202606,openrtb.field.undefined,error,imp[0].video.floor,3.2.7
p001621,eonline.com,hb.emxdgt.com,request,2.6-202606,openrtb.field.deprecated,warning,imp[0].video.placement,Section 3.2.7
p001621,eonline.com,hb.emxdgt.com,request,2.6-202606,openrtb.field.undefined,error,imp[0].video.playerSize,3.2.7
p001621,eonline.com,hb.emxdgt.com,request,2.6-202606,openrtb.value.invalid,error,imp[0].video.skip,3.2.7
p001621,eonline.com,hb.emxdgt.com,request,2.6-202606,openrtb.field.undefined,error,version,3.2.1
p001622,eonline.com,hb.emxdgt.com,request,2.6-202606,openrtb.type.mismatch,error,cur,3.2.1
p001622,eonline.com,hb.emxdgt.com,request,2.6-202606,openrtb.field.undefined,error,imp[0].tid,3.2.4
p001622,eonline.com,hb.emxdgt.com,request,2.6-202606,openrtb.field.undefined,error,imp[0].video.context,3.2.7
p001622,eonline.com,hb.emxdgt.com,request,2.6-202606,openrtb.field.undefined,error,imp[0].video.floor,3.2.7
p001622,eonline.com,hb.emxdgt.com,request,2.6-202606,openrtb.field.deprecated,warning,imp[0].video.placement,Section 3.2.7
p001622,eonline.com,hb.emxdgt.com,request,2.6-202606,openrtb.field.undefined,error,imp[0].video.playerSize,3.2.7
p001622,eonline.com,hb.emxdgt.com,request,2.6-202606,openrtb.value.invalid,error,imp[0].video.skip,3.2.7
p001622,eonline.com,hb.emxdgt.com,request,2.6-202606,openrtb.field.undefined,error,version,3.2.1
p001623,eonline.com,hb.emxdgt.com,request,2.6-202606,openrtb.type.mismatch,error,cur,3.2.1
p001623,eonline.com,hb.emxdgt.com,request,2.6-202606,openrtb.field.undefined,error,imp[0].tid,3.2.4
p001623,eonline.com,hb.emxdgt.com,request,2.6-202606,openrtb.field.undefined,error,imp[0].video.context,3.2.7
p001623,eonline.com,hb.emxdgt.com,request,2.6-202606,openrtb.field.undefined,error,imp[0].video.floor,3.2.7
p001623,eonline.com,hb.emxdgt.com,request,2.6-202606,openrtb.field.deprecated,warning,imp[0].video.placement,Section 3.2.7
p001623,eonline.com,hb.emxdgt.com,request,2.6-202606,openrtb.field.undefined,error,imp[0].video.playerSize,3.2.7
p001623,eonline.com,hb.emxdgt.com,request,2.6-202606,openrtb.value.invalid,error,imp[0].video.skip,3.2.7
p001623,eonline.com,hb.emxdgt.com,request,2.6-202606,openrtb.field.undefined,error,version,3.2.1
p001624,nesn.com,hb.emxdgt.com,request,2.6-202606,openrtb.type.mismatch,error,cur,3.2.1
p001624,nesn.com,hb.emxdgt.com,request,2.6-202606,openrtb.field.undefined,error,imp[0].tid,3.2.4
p001624,nesn.com,hb.emxdgt.com,request,2.6-202606,openrtb.field.undefined,error,imp[0].video.context,3.2.7
p001624,nesn.com,hb.emxdgt.com,request,2.6-202606,openrtb.field.undefined,error,imp[0].video.floor,3.2.7
p001624,nesn.com,hb.emxdgt.com,request,2.6-202606,openrtb.field.deprecated,warning,imp[0].video.placement,Section 3.2.7
p001624,nesn.com,hb.emxdgt.com,request,2.6-202606,openrtb.field.undefined,error,imp[0].video.playerSize,3.2.7
p001624,nesn.com,hb.emxdgt.com,request,2.6-202606,openrtb.value.invalid,error,imp[0].video.skip,3.2.7
p001624,nesn.com,hb.emxdgt.com,request,2.6-202606,openrtb.field.undefined,error,version,3.2.1
p001625,nesn.com,hb.emxdgt.com,request,2.6-202606,openrtb.type.mismatch,error,cur,3.2.1
p001625,nesn.com,hb.emxdgt.com,request,2.6-202606,openrtb.field.undefined,error,imp[0].tid,3.2.4
p001625,nesn.com,hb.emxdgt.com,request,2.6-202606,openrtb.field.undefined,error,imp[0].video.context,3.2.7
p001625,nesn.com,hb.emxdgt.com,request,2.6-202606,openrtb.field.undefined,error,imp[0].video.floor,3.2.7
p001625,nesn.com,hb.emxdgt.com,request,2.6-202606,openrtb.field.deprecated,warning,imp[0].video.placement,Section 3.2.7
p001625,nesn.com,hb.emxdgt.com,request,2.6-202606,openrtb.field.undefined,error,imp[0].video.playerSize,3.2.7
p001625,nesn.com,hb.emxdgt.com,request,2.6-202606,openrtb.value.invalid,error,imp[0].video.skip,3.2.7
p001625,nesn.com,hb.emxdgt.com,request,2.6-202606,openrtb.field.undefined,error,version,3.2.1
p001626,chicagotribune.com,hbopenbid.pubmatic.com,request,2.6-202606,openrtb.type.mismatch,error,device.geo.metro,3.2.19
p001626,chicagotribune.com,hbopenbid.pubmatic.com,request,2.6-202606,openrtb.field.deprecated,warning,imp[0].video.placement,Section 3.2.7
p001626,chicagotribune.com,hbopenbid.pubmatic.com,request,2.6-202606,openrtb.field.deprecated,warning,imp[1].video.placement,Section 3.2.7
p001626,chicagotribune.com,hbopenbid.pubmatic.com,request,2.6-202606,openrtb.field.moved,error,regs.ext.gdpr,Section 3.2.3
p001626,chicagotribune.com,hbopenbid.pubmatic.com,request,2.6-202606,openrtb.field.moved,error,user.ext.consent,Section 3.2.20
p001627,cityam.com,hbopenbid.pubmatic.com,request,2.6-202606,openrtb.type.mismatch,error,device.geo.metro,3.2.19
p001627,cityam.com,hbopenbid.pubmatic.com,request,2.6-202606,openrtb.field.deprecated,warning,imp[0].video.placement,Section 3.2.7
p001627,cityam.com,hbopenbid.pubmatic.com,request,2.6-202606,openrtb.field.moved,error,regs.ext.gdpr,Section 3.2.3
p001627,cityam.com,hbopenbid.pubmatic.com,request,2.6-202606,openrtb.field.moved,error,user.ext.consent,Section 3.2.20
p001628,cityam.com,hbopenbid.pubmatic.com,request,2.6-202606,openrtb.type.mismatch,error,device.geo.metro,3.2.19
p001628,cityam.com,hbopenbid.pubmatic.com,request,2.6-202606,openrtb.field.deprecated,warning,imp[0].video.placement,Section 3.2.7
p001628,cityam.com,hbopenbid.pubmatic.com,request,2.6-202606,openrtb.field.moved,error,regs.ext.gdpr,Section 3.2.3
p001628,cityam.com,hbopenbid.pubmatic.com,request,2.6-202606,openrtb.field.moved,error,user.ext.consent,Section 3.2.20
p001629,cornucopia.se,hbopenbid.pubmatic.com,request,2.6-202606,openrtb.field.moved,error,regs.ext.gdpr,Section 3.2.3
p001630,cornucopia.se,hbopenbid.pubmatic.com,request,2.6-202606,openrtb.field.moved,error,regs.ext.gdpr,Section 3.2.3
p001631,cornucopia.se,hbopenbid.pubmatic.com,request,2.6-202606,openrtb.field.moved,error,regs.ext.gdpr,Section 3.2.3
p001632,cornucopia.se,hbopenbid.pubmatic.com,request,2.6-202606,openrtb.field.moved,error,regs.ext.gdpr,Section 3.2.3
p001635,cornucopia.se,hbopenbid.pubmatic.com,request,2.6-202606,openrtb.field.moved,error,regs.ext.gdpr,Section 3.2.3
p001638,cupofjo.com,hbopenbid.pubmatic.com,request,2.6-202606,openrtb.field.deprecated,warning,imp[0].video.placement,Section 3.2.7
p001638,cupofjo.com,hbopenbid.pubmatic.com,request,2.6-202606,openrtb.value.invalid,error,imp[0].video.skip,3.2.7
p001639,eonline.com,hbopenbid.pubmatic.com,request,2.6-202606,openrtb.field.deprecated,warning,imp[0].video.placement,Section 3.2.7
p001639,eonline.com,hbopenbid.pubmatic.com,request,2.6-202606,openrtb.value.invalid,error,imp[0].video.skip,3.2.7
p001640,eonline.com,hbopenbid.pubmatic.com,request,2.6-202606,openrtb.field.deprecated,warning,imp[0].video.placement,Section 3.2.7
p001640,eonline.com,hbopenbid.pubmatic.com,request,2.6-202606,openrtb.value.invalid,error,imp[0].video.skip,3.2.7
p001641,eonline.com,hbopenbid.pubmatic.com,request,2.6-202606,openrtb.field.deprecated,warning,imp[0].video.placement,Section 3.2.7
p001641,eonline.com,hbopenbid.pubmatic.com,request,2.6-202606,openrtb.value.invalid,error,imp[0].video.skip,3.2.7
p001642,eonline.com,hbopenbid.pubmatic.com,request,2.6-202606,openrtb.field.deprecated,warning,imp[0].video.placement,Section 3.2.7
p001642,eonline.com,hbopenbid.pubmatic.com,request,2.6-202606,openrtb.value.invalid,error,imp[0].video.skip,3.2.7
p001643,eonline.com,hbopenbid.pubmatic.com,request,2.6-202606,openrtb.field.deprecated,warning,imp[0].video.placement,Section 3.2.7
p001643,eonline.com,hbopenbid.pubmatic.com,request,2.6-202606,openrtb.value.invalid,error,imp[0].video.skip,3.2.7
p001644,eonline.com,hbopenbid.pubmatic.com,request,2.6-202606,openrtb.field.deprecated,warning,imp[0].video.placement,Section 3.2.7
p001644,eonline.com,hbopenbid.pubmatic.com,request,2.6-202606,openrtb.value.invalid,error,imp[0].video.skip,3.2.7
p001645,eonline.com,hbopenbid.pubmatic.com,request,2.6-202606,openrtb.field.deprecated,warning,imp[0].video.placement,Section 3.2.7
p001645,eonline.com,hbopenbid.pubmatic.com,request,2.6-202606,openrtb.value.invalid,error,imp[0].video.skip,3.2.7
p001646,eonline.com,hbopenbid.pubmatic.com,request,2.6-202606,openrtb.field.deprecated,warning,imp[0].video.placement,Section 3.2.7
p001646,eonline.com,hbopenbid.pubmatic.com,request,2.6-202606,openrtb.value.invalid,error,imp[0].video.skip,3.2.7
p001647,fncstatic.com,hbopenbid.pubmatic.com,request,2.6-202606,openrtb.field.deprecated,warning,imp[1].video.placement,Section 3.2.7
p001649,fncstatic.com,hbopenbid.pubmatic.com,request,2.6-202606,openrtb.field.deprecated,warning,imp[0].video.placement,Section 3.2.7
p001651,fox11online.com,hbopenbid.pubmatic.com,request,2.6-202606,openrtb.field.deprecated,warning,imp[0].video.placement,Section 3.2.7
p001651,fox11online.com,hbopenbid.pubmatic.com,request,2.6-202606,openrtb.value.invalid,error,imp[0].video.skip,3.2.7
p001652,fox11online.com,hbopenbid.pubmatic.com,request,2.6-202606,openrtb.field.deprecated,warning,imp[0].video.placement,Section 3.2.7
p001652,fox11online.com,hbopenbid.pubmatic.com,request,2.6-202606,openrtb.value.invalid,error,imp[0].video.skip,3.2.7
p001653,fox11online.com,hbopenbid.pubmatic.com,request,2.6-202606,openrtb.field.deprecated,warning,imp[0].video.placement,Section 3.2.7
p001653,fox11online.com,hbopenbid.pubmatic.com,request,2.6-202606,openrtb.value.invalid,error,imp[0].video.skip,3.2.7
p001654,fox11online.com,hbopenbid.pubmatic.com,request,2.6-202606,openrtb.field.deprecated,warning,imp[0].video.placement,Section 3.2.7
p001654,fox11online.com,hbopenbid.pubmatic.com,request,2.6-202606,openrtb.value.invalid,error,imp[0].video.skip,3.2.7
p001655,fox11online.com,hbopenbid.pubmatic.com,request,2.6-202606,openrtb.field.deprecated,warning,imp[0].video.placement,Section 3.2.7
p001655,fox11online.com,hbopenbid.pubmatic.com,request,2.6-202606,openrtb.value.invalid,error,imp[0].video.skip,3.2.7
p001656,fox11online.com,hbopenbid.pubmatic.com,request,2.6-202606,openrtb.field.deprecated,warning,imp[0].video.placement,Section 3.2.7
p001656,fox11online.com,hbopenbid.pubmatic.com,request,2.6-202606,openrtb.value.invalid,error,imp[0].video.skip,3.2.7
p001658,fox11online.com,hbopenbid.pubmatic.com,request,2.6-202606,openrtb.field.deprecated,warning,imp[0].video.placement,Section 3.2.7
p001659,fox11online.com,hbopenbid.pubmatic.com,request,2.6-202606,openrtb.field.deprecated,warning,imp[0].video.placement,Section 3.2.7
p001660,fox11online.com,hbopenbid.pubmatic.com,request,2.6-202606,openrtb.field.deprecated,warning,imp[0].video.placement,Section 3.2.7
p001660,fox11online.com,hbopenbid.pubmatic.com,request,2.6-202606,openrtb.value.invalid,error,imp[0].video.skip,3.2.7
p001661,fox11online.com,hbopenbid.pubmatic.com,request,2.6-202606,openrtb.field.deprecated,warning,imp[0].video.placement,Section 3.2.7
p001661,fox11online.com,hbopenbid.pubmatic.com,request,2.6-202606,openrtb.value.invalid,error,imp[0].video.skip,3.2.7
p001662,fox11online.com,hbopenbid.pubmatic.com,request,2.6-202606,openrtb.field.deprecated,warning,imp[0].video.placement,Section 3.2.7
p001662,fox11online.com,hbopenbid.pubmatic.com,request,2.6-202606,openrtb.value.invalid,error,imp[0].video.skip,3.2.7
p001663,futbol-11.com,hbopenbid.pubmatic.com,request,2.6-202606,openrtb.field.moved,error,regs.ext.gdpr,Section 3.2.3
p001666,halfbakedharvest.com,hbopenbid.pubmatic.com,request,2.6-202606,openrtb.field.deprecated,warning,imp[0].video.placement,Section 3.2.7
p001666,halfbakedharvest.com,hbopenbid.pubmatic.com,request,2.6-202606,openrtb.value.invalid,error,imp[0].video.skip,3.2.7
p001667,halfbakedharvest.com,hbopenbid.pubmatic.com,request,2.6-202606,openrtb.field.deprecated,warning,imp[0].video.placement,Section 3.2.7
p001667,halfbakedharvest.com,hbopenbid.pubmatic.com,request,2.6-202606,openrtb.value.invalid,error,imp[0].video.skip,3.2.7
p001671,halfbakedharvest.com,hbopenbid.pubmatic.com,request,2.6-202606,openrtb.field.deprecated,warning,imp[0].video.placement,Section 3.2.7
p001671,halfbakedharvest.com,hbopenbid.pubmatic.com,request,2.6-202606,openrtb.value.invalid,error,imp[0].video.skip,3.2.7
p001672,halfbakedharvest.com,hbopenbid.pubmatic.com,request,2.6-202606,openrtb.field.deprecated,warning,imp[0].video.placement,Section 3.2.7
p001672,halfbakedharvest.com,hbopenbid.pubmatic.com,request,2.6-202606,openrtb.value.invalid,error,imp[0].video.skip,3.2.7
p001673,halfbakedharvest.com,hbopenbid.pubmatic.com,request,2.6-202606,openrtb.field.deprecated,warning,imp[0].video.placement,Section 3.2.7
p001673,halfbakedharvest.com,hbopenbid.pubmatic.com,request,2.6-202606,openrtb.value.invalid,error,imp[0].video.skip,3.2.7
p001695,namemc.com,hbopenbid.pubmatic.com,request,2.6-202606,openrtb.field.moved,error,regs.ext.gdpr,Section 3.2.3
p001698,myjoyonline.com,hbopenbid.pubmatic.com,request,2.6-202606,openrtb.field.moved,error,regs.ext.gdpr,Section 3.2.3
p001699,nationaltoday.com,hbopenbid.pubmatic.com,request,2.6-202606,openrtb.field.deprecated,warning,imp[0].video.placement,Section 3.2.7
p001700,nesn.com,hbopenbid.pubmatic.com,request,2.6-202606,openrtb.field.deprecated,warning,imp[0].video.placement,Section 3.2.7
p001700,nesn.com,hbopenbid.pubmatic.com,request,2.6-202606,openrtb.value.invalid,error,imp[0].video.skip,3.2.7
p001701,nesn.com,hbopenbid.pubmatic.com,request,2.6-202606,openrtb.field.deprecated,warning,imp[0].video.placement,Section 3.2.7
p001701,nesn.com,hbopenbid.pubmatic.com,request,2.6-202606,openrtb.value.invalid,error,imp[0].video.skip,3.2.7
p001702,philstar.com,hbopenbid.pubmatic.com,request,2.6-202606,openrtb.type.mismatch,error,site.publisher.id,3.2.15
p001703,pilotonline.com,hbopenbid.pubmatic.com,request,2.6-202606,openrtb.type.mismatch,error,device.geo.metro,3.2.19
p001703,pilotonline.com,hbopenbid.pubmatic.com,request,2.6-202606,openrtb.field.deprecated,warning,imp[0].video.placement,Section 3.2.7
p001703,pilotonline.com,hbopenbid.pubmatic.com,request,2.6-202606,openrtb.field.deprecated,warning,imp[1].video.placement,Section 3.2.7
p001703,pilotonline.com,hbopenbid.pubmatic.com,request,2.6-202606,openrtb.field.moved,error,regs.ext.gdpr,Section 3.2.3
p001703,pilotonline.com,hbopenbid.pubmatic.com,request,2.6-202606,openrtb.field.moved,error,user.ext.consent,Section 3.2.20
p001704,purposegames.com,hbopenbid.pubmatic.com,request,2.6-202606,openrtb.field.moved,error,regs.ext.gdpr,Section 3.2.3
p001705,purposegames.com,hbopenbid.pubmatic.com,request,2.6-202606,openrtb.field.moved,error,regs.ext.gdpr,Section 3.2.3
p001707,rawstory.com,hbopenbid.pubmatic.com,request,2.6-202606,openrtb.type.mismatch,error,device.geo.metro,3.2.19
p001707,rawstory.com,hbopenbid.pubmatic.com,request,2.6-202606,openrtb.field.moved,error,regs.ext.gdpr,Section 3.2.3
p001707,rawstory.com,hbopenbid.pubmatic.com,request,2.6-202606,openrtb.field.moved,error,user.ext.consent,Section 3.2.20
p001710,ranker.com,hbopenbid.pubmatic.com,request,2.6-202606,openrtb.field.deprecated,warning,imp[0].video.placement,Section 3.2.7
p001710,ranker.com,hbopenbid.pubmatic.com,request,2.6-202606,openrtb.value.invalid,error,imp[0].video.skip,3.2.7
p001713,ranker.com,hbopenbid.pubmatic.com,request,2.6-202606,openrtb.field.deprecated,warning,imp[0].video.placement,Section 3.2.7
p001713,ranker.com,hbopenbid.pubmatic.com,request,2.6-202606,openrtb.value.invalid,error,imp[0].video.skip,3.2.7
p001714,ranker.com,hbopenbid.pubmatic.com,request,2.6-202606,openrtb.field.deprecated,warning,imp[0].video.placement,Section 3.2.7
p001714,ranker.com,hbopenbid.pubmatic.com,request,2.6-202606,openrtb.value.invalid,error,imp[0].video.skip,3.2.7
p001715,ranker.com,hbopenbid.pubmatic.com,request,2.6-202606,openrtb.field.deprecated,warning,imp[0].video.placement,Section 3.2.7
p001715,ranker.com,hbopenbid.pubmatic.com,request,2.6-202606,openrtb.value.invalid,error,imp[0].video.skip,3.2.7
p001716,ranker.com,hbopenbid.pubmatic.com,request,2.6-202606,openrtb.field.deprecated,warning,imp[0].video.placement,Section 3.2.7
p001716,ranker.com,hbopenbid.pubmatic.com,request,2.6-202606,openrtb.value.invalid,error,imp[0].video.skip,3.2.7
p001717,rawstory.com,hbopenbid.pubmatic.com,request,2.6-202606,openrtb.type.mismatch,error,device.geo.metro,3.2.19
p001717,rawstory.com,hbopenbid.pubmatic.com,request,2.6-202606,openrtb.field.moved,error,regs.ext.gdpr,Section 3.2.3
p001717,rawstory.com,hbopenbid.pubmatic.com,request,2.6-202606,openrtb.field.moved,error,user.ext.consent,Section 3.2.20
p001723,salon.com,hbopenbid.pubmatic.com,request,2.6-202606,openrtb.field.deprecated,warning,imp[0].video.placement,Section 3.2.7
p001723,salon.com,hbopenbid.pubmatic.com,request,2.6-202606,openrtb.value.invalid,error,imp[0].video.skip,3.2.7
p001725,salon.com,hbopenbid.pubmatic.com,request,2.6-202606,openrtb.field.deprecated,warning,imp[0].video.placement,Section 3.2.7
p001725,salon.com,hbopenbid.pubmatic.com,request,2.6-202606,openrtb.value.invalid,error,imp[0].video.skip,3.2.7
p001726,salon.com,hbopenbid.pubmatic.com,request,2.6-202606,openrtb.field.deprecated,warning,imp[0].video.placement,Section 3.2.7
p001726,salon.com,hbopenbid.pubmatic.com,request,2.6-202606,openrtb.value.invalid,error,imp[0].video.skip,3.2.7
p001732,salon.com,hbopenbid.pubmatic.com,request,2.6-202606,openrtb.field.deprecated,warning,imp[0].video.placement,Section 3.2.7
p001732,salon.com,hbopenbid.pubmatic.com,request,2.6-202606,openrtb.value.invalid,error,imp[0].video.skip,3.2.7
p001733,salon.com,hbopenbid.pubmatic.com,request,2.6-202606,openrtb.field.deprecated,warning,imp[0].video.placement,Section 3.2.7
p001733,salon.com,hbopenbid.pubmatic.com,request,2.6-202606,openrtb.value.invalid,error,imp[0].video.skip,3.2.7
p001734,salon.com,hbopenbid.pubmatic.com,request,2.6-202606,openrtb.field.deprecated,warning,imp[0].video.placement,Section 3.2.7
p001734,salon.com,hbopenbid.pubmatic.com,request,2.6-202606,openrtb.value.invalid,error,imp[0].video.skip,3.2.7
p001735,sozcu.com.tr,hbopenbid.pubmatic.com,request,2.6-202606,openrtb.field.deprecated,warning,imp[0].video.placement,Section 3.2.7
p001735,sozcu.com.tr,hbopenbid.pubmatic.com,request,2.6-202606,openrtb.value.invalid,error,imp[0].video.skip,3.2.7
p001736,sozcu.com.tr,hbopenbid.pubmatic.com,request,2.6-202606,openrtb.field.deprecated,warning,imp[0].video.placement,Section 3.2.7
p001736,sozcu.com.tr,hbopenbid.pubmatic.com,request,2.6-202606,openrtb.value.invalid,error,imp[0].video.skip,3.2.7
p001737,sozcu.com.tr,hbopenbid.pubmatic.com,request,2.6-202606,openrtb.field.deprecated,warning,imp[0].video.placement,Section 3.2.7
p001737,sozcu.com.tr,hbopenbid.pubmatic.com,request,2.6-202606,openrtb.value.invalid,error,imp[0].video.skip,3.2.7
p001738,thesun.ie,hbopenbid.pubmatic.com,request,2.6-202606,openrtb.type.mismatch,error,device.geo.metro,3.2.19
p001738,thesun.ie,hbopenbid.pubmatic.com,request,2.6-202606,openrtb.field.deprecated,warning,imp[0].video.placement,Section 3.2.7
p001738,thesun.ie,hbopenbid.pubmatic.com,request,2.6-202606,openrtb.field.moved,error,regs.ext.gdpr,Section 3.2.3
p001738,thesun.ie,hbopenbid.pubmatic.com,request,2.6-202606,openrtb.field.moved,error,user.ext.consent,Section 3.2.20
p001739,upi.com,hbopenbid.pubmatic.com,request,2.6-202606,openrtb.field.deprecated,warning,imp[0].video.placement,Section 3.2.7
p001740,upi.com,hbopenbid.pubmatic.com,request,2.6-202606,openrtb.field.deprecated,warning,imp[0].video.placement,Section 3.2.7
p001741,upi.com,hbopenbid.pubmatic.com,request,2.6-202606,openrtb.field.deprecated,warning,imp[0].video.placement,Section 3.2.7
p001742,upi.com,hbopenbid.pubmatic.com,request,2.6-202606,openrtb.field.deprecated,warning,imp[0].video.placement,Section 3.2.7
p001743,upi.com,hbopenbid.pubmatic.com,request,2.6-202606,openrtb.field.deprecated,warning,imp[0].video.placement,Section 3.2.7
p001745,webdesignerdepot.com,hbopenbid.pubmatic.com,request,2.6-202606,openrtb.field.deprecated,warning,imp[0].video.placement,Section 3.2.7
p001745,webdesignerdepot.com,hbopenbid.pubmatic.com,request,2.6-202606,openrtb.value.invalid,error,imp[0].video.skip,3.2.7
p001746,webdesignerdepot.com,hbopenbid.pubmatic.com,request,2.6-202606,openrtb.field.deprecated,warning,imp[0].video.placement,Section 3.2.7
p001746,webdesignerdepot.com,hbopenbid.pubmatic.com,request,2.6-202606,openrtb.value.invalid,error,imp[0].video.skip,3.2.7
p001748,webdesignerdepot.com,hbopenbid.pubmatic.com,request,2.6-202606,openrtb.field.deprecated,warning,imp[0].video.placement,Section 3.2.7
p001748,webdesignerdepot.com,hbopenbid.pubmatic.com,request,2.6-202606,openrtb.value.invalid,error,imp[0].video.skip,3.2.7
p001751,webdesignerdepot.com,hbopenbid.pubmatic.com,request,2.6-202606,openrtb.field.deprecated,warning,imp[0].video.placement,Section 3.2.7
p001751,webdesignerdepot.com,hbopenbid.pubmatic.com,request,2.6-202606,openrtb.value.invalid,error,imp[0].video.skip,3.2.7
p001753,webdesignerdepot.com,hbopenbid.pubmatic.com,request,2.6-202606,openrtb.field.deprecated,warning,imp[0].video.placement,Section 3.2.7
p001753,webdesignerdepot.com,hbopenbid.pubmatic.com,request,2.6-202606,openrtb.value.invalid,error,imp[0].video.skip,3.2.7
p001755,webdesignerdepot.com,hbopenbid.pubmatic.com,request,2.6-202606,openrtb.field.deprecated,warning,imp[0].video.placement,Section 3.2.7
p001755,webdesignerdepot.com,hbopenbid.pubmatic.com,request,2.6-202606,openrtb.value.invalid,error,imp[0].video.skip,3.2.7
p001756,webdesignerdepot.com,hbopenbid.pubmatic.com,request,2.6-202606,openrtb.field.deprecated,warning,imp[0].video.placement,Section 3.2.7
p001756,webdesignerdepot.com,hbopenbid.pubmatic.com,request,2.6-202606,openrtb.value.invalid,error,imp[0].video.skip,3.2.7
p001757,webdesignerdepot.com,hbopenbid.pubmatic.com,request,2.6-202606,openrtb.field.deprecated,warning,imp[0].video.placement,Section 3.2.7
p001757,webdesignerdepot.com,hbopenbid.pubmatic.com,request,2.6-202606,openrtb.value.invalid,error,imp[0].video.skip,3.2.7
p001758,webdesignerdepot.com,hbopenbid.pubmatic.com,request,2.6-202606,openrtb.field.deprecated,warning,imp[0].video.placement,Section 3.2.7
p001758,webdesignerdepot.com,hbopenbid.pubmatic.com,request,2.6-202606,openrtb.value.invalid,error,imp[0].video.skip,3.2.7
p001775,autoguide.com,htlb.casalemedia.com,request,2.6-202606,openrtb.field.moved,error,regs.ext.gdpr,Section 3.2.3
p001776,autoguide.com,htlb.casalemedia.com,request,2.6-202606,openrtb.field.moved,error,regs.ext.gdpr,Section 3.2.3
p001777,autoguide.com,htlb.casalemedia.com,request,2.6-202606,openrtb.field.moved,error,regs.ext.gdpr,Section 3.2.3
p001778,autoguide.com,htlb.casalemedia.com,request,2.6-202606,openrtb.field.moved,error,regs.ext.gdpr,Section 3.2.3
p001779,autoguide.com,htlb.casalemedia.com,request,2.6-202606,openrtb.field.moved,error,regs.ext.gdpr,Section 3.2.3
p001780,autoguide.com,htlb.casalemedia.com,request,2.6-202606,openrtb.field.moved,error,regs.ext.gdpr,Section 3.2.3
p001781,autoguide.com,htlb.casalemedia.com,request,2.6-202606,openrtb.field.moved,error,regs.ext.gdpr,Section 3.2.3
p001782,autoguide.com,htlb.casalemedia.com,request,2.6-202606,openrtb.field.moved,error,regs.ext.gdpr,Section 3.2.3
p001783,autoguide.com,htlb.casalemedia.com,request,2.6-202606,openrtb.field.moved,error,regs.ext.gdpr,Section 3.2.3
p001784,autoguide.com,htlb.casalemedia.com,request,2.6-202606,openrtb.field.moved,error,regs.ext.gdpr,Section 3.2.3
p001785,autoguide.com,htlb.casalemedia.com,request,2.6-202606,openrtb.field.moved,error,regs.ext.gdpr,Section 3.2.3
p001786,autoguide.com,htlb.casalemedia.com,request,2.6-202606,openrtb.field.moved,error,regs.ext.gdpr,Section 3.2.3
p001787,autoguide.com,htlb.casalemedia.com,request,2.6-202606,openrtb.field.moved,error,regs.ext.gdpr,Section 3.2.3
p001788,autoguide.com,htlb.casalemedia.com,request,2.6-202606,openrtb.field.moved,error,regs.ext.gdpr,Section 3.2.3
p001789,autoguide.com,htlb.casalemedia.com,request,2.6-202606,openrtb.field.moved,error,regs.ext.gdpr,Section 3.2.3
p001804,chl.ca,htlb.casalemedia.com,request,2.6-202606,openrtb.field.undefined,error,user.eids[5].rti_partner,3.2.27
p001805,chicagotribune.com,htlb.casalemedia.com,request,2.6-202606,openrtb.field.deprecated,warning,imp[0].video.placement,Section 3.2.7
p001805,chicagotribune.com,htlb.casalemedia.com,request,2.6-202606,openrtb.field.undefined,error,imp[0].video.playerSize,3.2.7
p001806,chicagotribune.com,htlb.casalemedia.com,request,2.6-202606,openrtb.field.deprecated,warning,imp[0].video.placement,Section 3.2.7
p001806,chicagotribune.com,htlb.casalemedia.com,request,2.6-202606,openrtb.field.undefined,error,imp[0].video.playerSize,3.2.7
p001810,chicagotribune.com,htlb.casalemedia.com,request,2.6-202606,openrtb.field.deprecated,warning,imp[0].video.placement,Section 3.2.7
p001810,chicagotribune.com,htlb.casalemedia.com,request,2.6-202606,openrtb.field.undefined,error,imp[0].video.playerSize,3.2.7
p001814,chicagotribune.com,htlb.casalemedia.com,request,2.6-202606,openrtb.field.deprecated,warning,imp[0].video.placement,Section 3.2.7
p001814,chicagotribune.com,htlb.casalemedia.com,request,2.6-202606,openrtb.field.undefined,error,imp[0].video.playerSize,3.2.7
p001814,chicagotribune.com,htlb.casalemedia.com,request,2.6-202606,openrtb.field.undefined,error,user.eids[10].uids[0].stype,3.2.28
p001816,chicagotribune.com,htlb.casalemedia.com,request,2.6-202606,openrtb.field.deprecated,warning,imp[0].video.placement,Section 3.2.7
p001816,chicagotribune.com,htlb.casalemedia.com,request,2.6-202606,openrtb.field.undefined,error,imp[0].video.playerSize,3.2.7
p001816,chicagotribune.com,htlb.casalemedia.com,request,2.6-202606,openrtb.field.undefined,error,user.eids[12].uids[0].stype,3.2.28
p001818,cityam.com,htlb.casalemedia.com,request,2.6-202606,openrtb.field.moved,error,regs.ext.gdpr,Section 3.2.3
p001819,cityam.com,htlb.casalemedia.com,request,2.6-202606,openrtb.field.moved,error,regs.ext.gdpr,Section 3.2.3
p001821,cityam.com,htlb.casalemedia.com,request,2.6-202606,openrtb.field.moved,error,regs.ext.gdpr,Section 3.2.3
p001822,cornucopia.se,htlb.casalemedia.com,request,2.6-202606,openrtb.field.moved,error,regs.ext.gdpr,Section 3.2.3
p001823,cornucopia.se,htlb.casalemedia.com,request,2.6-202606,openrtb.field.moved,error,regs.ext.gdpr,Section 3.2.3
p001825,csfd.cz,htlb.casalemedia.com,request,2.6-202606,openrtb.field.moved,error,regs.ext.gdpr,Section 3.2.3
p001825,csfd.cz,htlb.casalemedia.com,request,2.6-202606,openrtb.field.moved,error,user.ext.consent,Section 3.2.20
p001829,cupofjo.com,htlb.casalemedia.com,request,2.6-202606,openrtb.field.deprecated,warning,imp[0].video.placement,Section 3.2.7
p001829,cupofjo.com,htlb.casalemedia.com,request,2.6-202606,openrtb.field.undefined,error,imp[0].video.playerSize,3.2.7
p001829,cupofjo.com,htlb.casalemedia.com,request,2.6-202606,openrtb.value.invalid,error,imp[0].video.skip,3.2.7
p001830,csfd.cz,htlb.casalemedia.com,request,2.6-202606,openrtb.field.moved,error,regs.ext.gdpr,Section 3.2.3
p001830,csfd.cz,htlb.casalemedia.com,request,2.6-202606,openrtb.field.moved,error,user.ext.consent,Section 3.2.20
p001839,dailykos.com,htlb.casalemedia.com,request,2.6-202606,openrtb.field.undefined,error,user.eids[7].rti_partner,3.2.27
p001841,dailykos.com,htlb.casalemedia.com,request,2.6-202606,openrtb.field.undefined,error,user.eids[7].rti_partner,3.2.27
p001842,elespectador.com,htlb.casalemedia.com,request,2.6-202606,openrtb.type.mismatch,error,site.publisher.id,3.2.15
p001843,elespectador.com,htlb.casalemedia.com,request,2.6-202606,openrtb.type.mismatch,error,site.publisher.id,3.2.15
p001844,elespectador.com,htlb.casalemedia.com,request,2.6-202606,openrtb.type.mismatch,error,site.publisher.id,3.2.15
p001845,elespectador.com,htlb.casalemedia.com,request,2.6-202606,openrtb.type.mismatch,error,site.publisher.id,3.2.15
p001846,elespectador.com,htlb.casalemedia.com,request,2.6-202606,openrtb.type.mismatch,error,site.publisher.id,3.2.15
p001847,elespectador.com,htlb.casalemedia.com,request,2.6-202606,openrtb.type.mismatch,error,site.publisher.id,3.2.15
p001848,elespectador.com,htlb.casalemedia.com,request,2.6-202606,openrtb.type.mismatch,error,site.publisher.id,3.2.15
p001849,elespectador.com,htlb.casalemedia.com,request,2.6-202606,openrtb.type.mismatch,error,site.publisher.id,3.2.15
p001859,fncstatic.com,htlb.casalemedia.com,request,2.6-202606,openrtb.field.deprecated,warning,imp[0].video.placement,Section 3.2.7
p001859,fncstatic.com,htlb.casalemedia.com,request,2.6-202606,openrtb.field.undefined,error,imp[0].video.playerSize,3.2.7
p001861,fncstatic.com,htlb.casalemedia.com,request,2.6-202606,openrtb.field.deprecated,warning,imp[0].video.placement,Section 3.2.7
p001861,fncstatic.com,htlb.casalemedia.com,request,2.6-202606,openrtb.field.undefined,error,imp[0].video.playerSize,3.2.7
p001863,fox11online.com,htlb.casalemedia.com,request,2.6-202606,openrtb.field.deprecated,warning,imp[0].video.placement,Section 3.2.7
p001863,fox11online.com,htlb.casalemedia.com,request,2.6-202606,openrtb.field.undefined,error,imp[0].video.playerSize,3.2.7
p001863,fox11online.com,htlb.casalemedia.com,request,2.6-202606,openrtb.field.moved,error,regs.ext.gdpr,Section 3.2.3
p001864,fox11online.com,htlb.casalemedia.com,request,2.6-202606,openrtb.field.moved,error,regs.ext.gdpr,Section 3.2.3
p001865,fox11online.com,htlb.casalemedia.com,request,2.6-202606,openrtb.field.deprecated,warning,imp[0].video.placement,Section 3.2.7
p001865,fox11online.com,htlb.casalemedia.com,request,2.6-202606,openrtb.field.undefined,error,imp[0].video.playerSize,3.2.7
p001865,fox11online.com,htlb.casalemedia.com,request,2.6-202606,openrtb.field.moved,error,regs.ext.gdpr,Section 3.2.3
p001866,fox11online.com,htlb.casalemedia.com,request,2.6-202606,openrtb.field.moved,error,regs.ext.gdpr,Section 3.2.3
p001868,fox11online.com,htlb.casalemedia.com,request,2.6-202606,openrtb.field.deprecated,warning,imp[0].video.placement,Section 3.2.7
p001868,fox11online.com,htlb.casalemedia.com,request,2.6-202606,openrtb.field.undefined,error,imp[0].video.playerSize,3.2.7
p001870,fox11online.com,htlb.casalemedia.com,request,2.6-202606,openrtb.field.deprecated,warning,imp[0].video.placement,Section 3.2.7
p001870,fox11online.com,htlb.casalemedia.com,request,2.6-202606,openrtb.field.undefined,error,imp[0].video.playerSize,3.2.7
p001871,fox11online.com,htlb.casalemedia.com,request,2.6-202606,openrtb.field.deprecated,warning,imp[0].video.placement,Section 3.2.7
p001871,fox11online.com,htlb.casalemedia.com,request,2.6-202606,openrtb.field.undefined,error,imp[0].video.playerSize,3.2.7
p001872,genealogy.com,htlb.casalemedia.com,request,2.6-202606,openrtb.field.undefined,error,device.geo.state,3.2.19
p001872,genealogy.com,htlb.casalemedia.com,request,2.6-202606,openrtb.field.deprecated,warning,imp[0].video.placement,Section 3.2.7
p001872,genealogy.com,htlb.casalemedia.com,request,2.6-202606,openrtb.field.undefined,error,imp[0].video.playerSize,3.2.7
p001873,genealogy.com,htlb.casalemedia.com,request,2.6-202606,openrtb.field.undefined,error,device.geo.state,3.2.19
p001873,genealogy.com,htlb.casalemedia.com,request,2.6-202606,openrtb.field.deprecated,warning,imp[0].video.placement,Section 3.2.7
p001873,genealogy.com,htlb.casalemedia.com,request,2.6-202606,openrtb.field.undefined,error,imp[0].video.playerSize,3.2.7
p001873,genealogy.com,htlb.casalemedia.com,request,2.6-202606,openrtb.field.undefined,error,user.eids[3].rti_partner,3.2.27
p001874,genealogy.com,htlb.casalemedia.com,request,2.6-202606,openrtb.field.undefined,error,device.geo.state,3.2.19
p001874,genealogy.com,htlb.casalemedia.com,request,2.6-202606,openrtb.field.deprecated,warning,imp[0].video.placement,Section 3.2.7
p001874,genealogy.com,htlb.casalemedia.com,request,2.6-202606,openrtb.field.undefined,error,imp[0].video.playerSize,3.2.7
p001874,genealogy.com,htlb.casalemedia.com,request,2.6-202606,openrtb.field.undefined,error,user.eids[3].rti_partner,3.2.27
p001875,genealogy.com,htlb.casalemedia.com,request,2.6-202606,openrtb.field.undefined,error,device.geo.state,3.2.19
p001875,genealogy.com,htlb.casalemedia.com,request,2.6-202606,openrtb.field.deprecated,warning,imp[0].video.placement,Section 3.2.7
p001875,genealogy.com,htlb.casalemedia.com,request,2.6-202606,openrtb.field.undefined,error,imp[0].video.playerSize,3.2.7
p001875,genealogy.com,htlb.casalemedia.com,request,2.6-202606,openrtb.value.invalid,error,imp[0].video.skip,3.2.7
p001876,giantfreakinrobot.com,htlb.casalemedia.com,request,2.6-202606,openrtb.type.mismatch,error,user.eids[4].uids[0].id,3.2.28
p001877,giantfreakinrobot.com,htlb.casalemedia.com,request,2.6-202606,openrtb.field.deprecated,warning,imp[1].video.placement,Section 3.2.7
p001877,giantfreakinrobot.com,htlb.casalemedia.com,request,2.6-202606,openrtb.field.undefined,error,imp[1].video.playerSize,3.2.7
p001877,giantfreakinrobot.com,htlb.casalemedia.com,request,2.6-202606,openrtb.value.invalid,error,imp[1].video.skip,3.2.7
p001877,giantfreakinrobot.com,htlb.casalemedia.com,request,2.6-202606,openrtb.type.mismatch,error,user.eids[4].uids[0].id,3.2.28
p001878,giantfreakinrobot.com,htlb.casalemedia.com,request,2.6-202606,openrtb.type.mismatch,error,user.eids[12].uids[0].id,3.2.28
p001879,giantfreakinrobot.com,htlb.casalemedia.com,request,2.6-202606,openrtb.type.mismatch,error,user.eids[12].uids[0].id,3.2.28
p001882,halfbakedharvest.com,htlb.casalemedia.com,request,2.6-202606,openrtb.field.deprecated,warning,imp[0].video.placement,Section 3.2.7
p001882,halfbakedharvest.com,htlb.casalemedia.com,request,2.6-202606,openrtb.field.undefined,error,imp[0].video.playerSize,3.2.7
p001882,halfbakedharvest.com,htlb.casalemedia.com,request,2.6-202606,openrtb.value.invalid,error,imp[0].video.skip,3.2.7
p001883,halfbakedharvest.com,htlb.casalemedia.com,request,2.6-202606,openrtb.field.deprecated,warning,imp[1].video.placement,Section 3.2.7
p001883,halfbakedharvest.com,htlb.casalemedia.com,request,2.6-202606,openrtb.field.undefined,error,imp[1].video.playerSize,3.2.7
p001883,halfbakedharvest.com,htlb.casalemedia.com,request,2.6-202606,openrtb.value.invalid,error,imp[1].video.skip,3.2.7
p001888,halfbakedharvest.com,htlb.casalemedia.com,request,2.6-202606,openrtb.field.deprecated,warning,imp[0].video.placement,Section 3.2.7
p001888,halfbakedharvest.com,htlb.casalemedia.com,request,2.6-202606,openrtb.field.undefined,error,imp[0].video.playerSize,3.2.7
p001888,halfbakedharvest.com,htlb.casalemedia.com,request,2.6-202606,openrtb.value.invalid,error,imp[0].video.skip,3.2.7
p001889,halfbakedharvest.com,htlb.casalemedia.com,request,2.6-202606,openrtb.field.deprecated,warning,imp[0].video.placement,Section 3.2.7
p001889,halfbakedharvest.com,htlb.casalemedia.com,request,2.6-202606,openrtb.field.undefined,error,imp[0].video.playerSize,3.2.7
p001889,halfbakedharvest.com,htlb.casalemedia.com,request,2.6-202606,openrtb.value.invalid,error,imp[0].video.skip,3.2.7
p001890,halfbakedharvest.com,htlb.casalemedia.com,request,2.6-202606,openrtb.field.deprecated,warning,imp[0].video.placement,Section 3.2.7
p001890,halfbakedharvest.com,htlb.casalemedia.com,request,2.6-202606,openrtb.field.undefined,error,imp[0].video.playerSize,3.2.7
p001890,halfbakedharvest.com,htlb.casalemedia.com,request,2.6-202606,openrtb.value.invalid,error,imp[0].video.skip,3.2.7
p001893,imore.com,htlb.casalemedia.com,request,2.6-202606,openrtb.field.moved,error,regs.ext.gdpr,Section 3.2.3
p001894,iheart.com,htlb.casalemedia.com,request,2.6-202606,openrtb.field.deprecated,warning,imp[2].video.placement,Section 3.2.7
p001894,iheart.com,htlb.casalemedia.com,request,2.6-202606,openrtb.field.undefined,error,imp[2].video.playerSize,3.2.7
p001894,iheart.com,htlb.casalemedia.com,request,2.6-202606,openrtb.value.invalid,error,imp[2].video.skip,3.2.7
p001895,imore.com,htlb.casalemedia.com,request,2.6-202606,openrtb.field.moved,error,regs.ext.gdpr,Section 3.2.3
p001896,imore.com,htlb.casalemedia.com,request,2.6-202606,openrtb.field.moved,error,regs.ext.gdpr,Section 3.2.3
p001911,moly.hu,htlb.casalemedia.com,request,2.6-202606,openrtb.field.moved,error,regs.ext.gdpr,Section 3.2.3
p001912,montgomeryadvertiser.com,htlb.casalemedia.com,request,2.6-202606,openrtb.field.undefined,error,device.geo.state,3.2.19
p001912,montgomeryadvertiser.com,htlb.casalemedia.com,request,2.6-202606,openrtb.field.deprecated,warning,imp[0].video.placement,Section 3.2.7
p001912,montgomeryadvertiser.com,htlb.casalemedia.com,request,2.6-202606,openrtb.field.undefined,error,imp[0].video.playerSize,3.2.7
p001913,montgomeryadvertiser.com,htlb.casalemedia.com,request,2.6-202606,openrtb.field.undefined,error,device.geo.state,3.2.19
p001913,montgomeryadvertiser.com,htlb.casalemedia.com,request,2.6-202606,openrtb.field.deprecated,warning,imp[0].video.placement,Section 3.2.7
p001913,montgomeryadvertiser.com,htlb.casalemedia.com,request,2.6-202606,openrtb.field.undefined,error,imp[0].video.playerSize,3.2.7
p001915,moly.hu,htlb.casalemedia.com,request,2.6-202606,openrtb.field.moved,error,regs.ext.gdpr,Section 3.2.3
p001917,namemc.com,htlb.casalemedia.com,request,2.6-202606,openrtb.field.moved,error,regs.ext.gdpr,Section 3.2.3
p001918,namemc.com,htlb.casalemedia.com,request,2.6-202606,openrtb.field.deprecated,warning,imp[0].video.placement,Section 3.2.7
p001918,namemc.com,htlb.casalemedia.com,request,2.6-202606,openrtb.field.undefined,error,imp[0].video.playerSize,3.2.7
p001919,namemc.com,htlb.casalemedia.com,request,2.6-202606,openrtb.field.deprecated,warning,imp[0].video.placement,Section 3.2.7
p001919,namemc.com,htlb.casalemedia.com,request,2.6-202606,openrtb.field.undefined,error,imp[0].video.playerSize,3.2.7
p001920,namemc.com,htlb.casalemedia.com,request,2.6-202606,openrtb.field.deprecated,warning,imp[0].video.placement,Section 3.2.7
p001920,namemc.com,htlb.casalemedia.com,request,2.6-202606,openrtb.field.undefined,error,imp[0].video.playerSize,3.2.7
p001921,namemc.com,htlb.casalemedia.com,request,2.6-202606,openrtb.field.deprecated,warning,imp[0].video.placement,Section 3.2.7
p001921,namemc.com,htlb.casalemedia.com,request,2.6-202606,openrtb.field.undefined,error,imp[0].video.playerSize,3.2.7
p001922,namemc.com,htlb.casalemedia.com,request,2.6-202606,openrtb.field.deprecated,warning,imp[0].video.placement,Section 3.2.7
p001922,namemc.com,htlb.casalemedia.com,request,2.6-202606,openrtb.field.undefined,error,imp[0].video.playerSize,3.2.7
p001923,namemc.com,htlb.casalemedia.com,request,2.6-202606,openrtb.field.deprecated,warning,imp[0].video.placement,Section 3.2.7
p001923,namemc.com,htlb.casalemedia.com,request,2.6-202606,openrtb.field.undefined,error,imp[0].video.playerSize,3.2.7
p001946,nintendoeverything.com,htlb.casalemedia.com,request,2.6-202606,openrtb.field.deprecated,warning,imp[2].video.placement,Section 3.2.7
p001946,nintendoeverything.com,htlb.casalemedia.com,request,2.6-202606,openrtb.field.undefined,error,imp[2].video.playerSize,3.2.7
p001946,nintendoeverything.com,htlb.casalemedia.com,request,2.6-202606,openrtb.value.invalid,error,imp[2].video.skip,3.2.7
p001946,nintendoeverything.com,htlb.casalemedia.com,request,2.6-202606,openrtb.type.mismatch,error,user.eids[4].uids[0].id,3.2.28
p001947,nintendoeverything.com,htlb.casalemedia.com,request,2.6-202606,openrtb.field.deprecated,warning,imp[3].video.placement,Section 3.2.7
p001947,nintendoeverything.com,htlb.casalemedia.com,request,2.6-202606,openrtb.field.undefined,error,imp[3].video.playerSize,3.2.7
p001947,nintendoeverything.com,htlb.casalemedia.com,request,2.6-202606,openrtb.value.invalid,error,imp[3].video.skip,3.2.7
p001947,nintendoeverything.com,htlb.casalemedia.com,request,2.6-202606,openrtb.field.deprecated,warning,imp[4].video.placement,Section 3.2.7
p001947,nintendoeverything.com,htlb.casalemedia.com,request,2.6-202606,openrtb.field.undefined,error,imp[4].video.playerSize,3.2.7
p001947,nintendoeverything.com,htlb.casalemedia.com,request,2.6-202606,openrtb.value.invalid,error,imp[4].video.skip,3.2.7
p001947,nintendoeverything.com,htlb.casalemedia.com,request,2.6-202606,openrtb.type.mismatch,error,user.eids[4].uids[0].id,3.2.28
p001948,nintendoeverything.com,htlb.casalemedia.com,request,2.6-202606,openrtb.field.deprecated,warning,imp[1].video.placement,Section 3.2.7
p001948,nintendoeverything.com,htlb.casalemedia.com,request,2.6-202606,openrtb.field.undefined,error,imp[1].video.playerSize,3.2.7
p001948,nintendoeverything.com,htlb.casalemedia.com,request,2.6-202606,openrtb.value.invalid,error,imp[1].video.skip,3.2.7
p001948,nintendoeverything.com,htlb.casalemedia.com,request,2.6-202606,openrtb.type.mismatch,error,user.eids[12].uids[0].id,3.2.28
p001949,nintendoeverything.com,htlb.casalemedia.com,request,2.6-202606,openrtb.field.deprecated,warning,imp[1].video.placement,Section 3.2.7
p001949,nintendoeverything.com,htlb.casalemedia.com,request,2.6-202606,openrtb.field.undefined,error,imp[1].video.playerSize,3.2.7
p001949,nintendoeverything.com,htlb.casalemedia.com,request,2.6-202606,openrtb.value.invalid,error,imp[1].video.skip,3.2.7
p001949,nintendoeverything.com,htlb.casalemedia.com,request,2.6-202606,openrtb.type.mismatch,error,user.eids[12].uids[0].id,3.2.28
p001952,nintendoeverything.com,htlb.casalemedia.com,request,2.6-202606,openrtb.field.deprecated,warning,imp[1].video.placement,Section 3.2.7
p001952,nintendoeverything.com,htlb.casalemedia.com,request,2.6-202606,openrtb.field.undefined,error,imp[1].video.playerSize,3.2.7
p001952,nintendoeverything.com,htlb.casalemedia.com,request,2.6-202606,openrtb.value.invalid,error,imp[1].video.skip,3.2.7
p001952,nintendoeverything.com,htlb.casalemedia.com,request,2.6-202606,openrtb.type.mismatch,error,user.eids[12].uids[0].id,3.2.28
p001953,nintendoeverything.com,htlb.casalemedia.com,request,2.6-202606,openrtb.field.deprecated,warning,imp[4].video.placement,Section 3.2.7
p001953,nintendoeverything.com,htlb.casalemedia.com,request,2.6-202606,openrtb.field.undefined,error,imp[4].video.playerSize,3.2.7
p001953,nintendoeverything.com,htlb.casalemedia.com,request,2.6-202606,openrtb.value.invalid,error,imp[4].video.skip,3.2.7
p001953,nintendoeverything.com,htlb.casalemedia.com,request,2.6-202606,openrtb.field.deprecated,warning,imp[5].video.placement,Section 3.2.7
p001953,nintendoeverything.com,htlb.casalemedia.com,request,2.6-202606,openrtb.field.undefined,error,imp[5].video.playerSize,3.2.7
p001953,nintendoeverything.com,htlb.casalemedia.com,request,2.6-202606,openrtb.value.invalid,error,imp[5].video.skip,3.2.7
p001953,nintendoeverything.com,htlb.casalemedia.com,request,2.6-202606,openrtb.field.deprecated,warning,imp[6].video.placement,Section 3.2.7
p001953,nintendoeverything.com,htlb.casalemedia.com,request,2.6-202606,openrtb.field.undefined,error,imp[6].video.playerSize,3.2.7
p001953,nintendoeverything.com,htlb.casalemedia.com,request,2.6-202606,openrtb.value.invalid,error,imp[6].video.skip,3.2.7
p001953,nintendoeverything.com,htlb.casalemedia.com,request,2.6-202606,openrtb.type.mismatch,error,user.eids[15].uids[0].id,3.2.28
p001954,nintendoeverything.com,htlb.casalemedia.com,request,2.6-202606,openrtb.field.deprecated,warning,imp[0].video.placement,Section 3.2.7
p001954,nintendoeverything.com,htlb.casalemedia.com,request,2.6-202606,openrtb.field.undefined,error,imp[0].video.playerSize,3.2.7
p001954,nintendoeverything.com,htlb.casalemedia.com,request,2.6-202606,openrtb.type.mismatch,error,user.eids[15].uids[0].id,3.2.28
p001955,nintendoeverything.com,htlb.casalemedia.com,request,2.6-202606,openrtb.field.deprecated,warning,imp[1].video.placement,Section 3.2.7
p001955,nintendoeverything.com,htlb.casalemedia.com,request,2.6-202606,openrtb.field.undefined,error,imp[1].video.playerSize,3.2.7
p001955,nintendoeverything.com,htlb.casalemedia.com,request,2.6-202606,openrtb.value.invalid,error,imp[1].video.skip,3.2.7
p001955,nintendoeverything.com,htlb.casalemedia.com,request,2.6-202606,openrtb.type.mismatch,error,user.eids[15].uids[0].id,3.2.28
p001956,nintendoeverything.com,htlb.casalemedia.com,request,2.6-202606,openrtb.field.deprecated,warning,imp[0].video.placement,Section 3.2.7
p001956,nintendoeverything.com,htlb.casalemedia.com,request,2.6-202606,openrtb.field.undefined,error,imp[0].video.playerSize,3.2.7
p001956,nintendoeverything.com,htlb.casalemedia.com,request,2.6-202606,openrtb.type.mismatch,error,user.eids[15].uids[0].id,3.2.28
p001957,nintendoeverything.com,htlb.casalemedia.com,request,2.6-202606,openrtb.field.deprecated,warning,imp[0].video.placement,Section 3.2.7
p001957,nintendoeverything.com,htlb.casalemedia.com,request,2.6-202606,openrtb.field.undefined,error,imp[0].video.playerSize,3.2.7
p001957,nintendoeverything.com,htlb.casalemedia.com,request,2.6-202606,openrtb.type.mismatch,error,user.eids[15].uids[0].id,3.2.28
p001958,outsideonline.com,htlb.casalemedia.com,request,2.6-202606,openrtb.field.moved,error,regs.ext.gdpr,Section 3.2.3
p001959,outsideonline.com,htlb.casalemedia.com,request,2.6-202606,openrtb.field.moved,error,regs.ext.gdpr,Section 3.2.3
p001960,outsideonline.com,htlb.casalemedia.com,request,2.6-202606,openrtb.field.moved,error,regs.ext.gdpr,Section 3.2.3
p001961,outsideonline.com,htlb.casalemedia.com,request,2.6-202606,openrtb.field.moved,error,regs.ext.gdpr,Section 3.2.3
p001962,outsideonline.com,htlb.casalemedia.com,request,2.6-202606,openrtb.field.moved,error,regs.ext.gdpr,Section 3.2.3
p001965,outsideonline.com,htlb.casalemedia.com,request,2.6-202606,openrtb.field.moved,error,regs.ext.gdpr,Section 3.2.3
p001966,outsideonline.com,htlb.casalemedia.com,request,2.6-202606,openrtb.field.moved,error,regs.ext.gdpr,Section 3.2.3
p001967,outsideonline.com,htlb.casalemedia.com,request,2.6-202606,openrtb.field.moved,error,regs.ext.gdpr,Section 3.2.3
p001968,outsideonline.com,htlb.casalemedia.com,request,2.6-202606,openrtb.field.moved,error,regs.ext.gdpr,Section 3.2.3
p001969,outsideonline.com,htlb.casalemedia.com,request,2.6-202606,openrtb.field.moved,error,regs.ext.gdpr,Section 3.2.3
p001970,outsideonline.com,htlb.casalemedia.com,request,2.6-202606,openrtb.field.moved,error,regs.ext.gdpr,Section 3.2.3
p001971,outsideonline.com,htlb.casalemedia.com,request,2.6-202606,openrtb.field.moved,error,regs.ext.gdpr,Section 3.2.3
p001973,pilotonline.com,htlb.casalemedia.com,request,2.6-202606,openrtb.field.deprecated,warning,imp[0].video.placement,Section 3.2.7
p001973,pilotonline.com,htlb.casalemedia.com,request,2.6-202606,openrtb.field.undefined,error,imp[0].video.playerSize,3.2.7
p001974,pilotonline.com,htlb.casalemedia.com,request,2.6-202606,openrtb.field.deprecated,warning,imp[0].video.placement,Section 3.2.7
p001974,pilotonline.com,htlb.casalemedia.com,request,2.6-202606,openrtb.field.undefined,error,imp[0].video.playerSize,3.2.7
p001974,pilotonline.com,htlb.casalemedia.com,request,2.6-202606,openrtb.field.undefined,error,user.eids[12].uids[0].stype,3.2.28
p001974,pilotonline.com,htlb.casalemedia.com,request,2.6-202606,openrtb.field.undefined,error,user.eids[12].uids[1].stype,3.2.28
p001977,pilotonline.com,htlb.casalemedia.com,request,2.6-202606,openrtb.field.deprecated,warning,imp[0].video.placement,Section 3.2.7
p001977,pilotonline.com,htlb.casalemedia.com,request,2.6-202606,openrtb.field.undefined,error,imp[0].video.playerSize,3.2.7
p001977,pilotonline.com,htlb.casalemedia.com,request,2.6-202606,openrtb.field.undefined,error,user.eids[12].uids[0].stype,3.2.28
p001977,pilotonline.com,htlb.casalemedia.com,request,2.6-202606,openrtb.field.undefined,error,user.eids[12].uids[1].stype,3.2.28
p001978,philstar.com,htlb.casalemedia.com,request,2.6-202606,openrtb.type.mismatch,error,site.publisher.id,3.2.15
p001981,purposegames.com,htlb.casalemedia.com,request,2.6-202606,openrtb.field.moved,error,regs.ext.gdpr,Section 3.2.3
p001982,psychcentral.com,htlb.casalemedia.com,request,2.6-202606,openrtb.field.deprecated,warning,imp[0].video.placement,Section 3.2.7
p001982,psychcentral.com,htlb.casalemedia.com,request,2.6-202606,openrtb.field.undefined,error,imp[0].video.playerSize,3.2.7
p001983,purposegames.com,htlb.casalemedia.com,request,2.6-202606,openrtb.field.moved,error,regs.ext.gdpr,Section 3.2.3
p001984,purposegames.com,htlb.casalemedia.com,request,2.6-202606,openrtb.field.deprecated,warning,imp[0].video.placement,Section 3.2.7
p001984,purposegames.com,htlb.casalemedia.com,request,2.6-202606,openrtb.field.undefined,error,imp[0].video.playerSize,3.2.7
p001987,purposegames.com,htlb.casalemedia.com,request,2.6-202606,openrtb.field.deprecated,warning,imp[0].video.placement,Section 3.2.7
p001987,purposegames.com,htlb.casalemedia.com,request,2.6-202606,openrtb.field.undefined,error,imp[0].video.playerSize,3.2.7
p001989,rawstory.com,htlb.casalemedia.com,request,2.6-202606,openrtb.field.moved,error,regs.ext.gdpr,Section 3.2.3
p001989,rawstory.com,htlb.casalemedia.com,request,2.6-202606,openrtb.field.moved,error,user.ext.consent,Section 3.2.20
p001990,rawstory.com,htlb.casalemedia.com,request,2.6-202606,openrtb.field.moved,error,regs.ext.gdpr,Section 3.2.3
p001990,rawstory.com,htlb.casalemedia.com,request,2.6-202606,openrtb.field.moved,error,user.ext.consent,Section 3.2.20
p001991,rawstory.com,htlb.casalemedia.com,request,2.6-202606,openrtb.field.moved,error,regs.ext.gdpr,Section 3.2.3
p001991,rawstory.com,htlb.casalemedia.com,request,2.6-202606,openrtb.field.moved,error,user.ext.consent,Section 3.2.20
p001994,ranker.com,htlb.casalemedia.com,request,2.6-202606,openrtb.field.deprecated,warning,imp[1].video.placement,Section 3.2.7
p001994,ranker.com,htlb.casalemedia.com,request,2.6-202606,openrtb.field.undefined,error,imp[1].video.playerSize,3.2.7
p001994,ranker.com,htlb.casalemedia.com,request,2.6-202606,openrtb.value.invalid,error,imp[1].video.skip,3.2.7
p001997,ranker.com,htlb.casalemedia.com,request,2.6-202606,openrtb.field.deprecated,warning,imp[0].video.placement,Section 3.2.7
p001997,ranker.com,htlb.casalemedia.com,request,2.6-202606,openrtb.field.undefined,error,imp[0].video.playerSize,3.2.7
p001997,ranker.com,htlb.casalemedia.com,request,2.6-202606,openrtb.value.invalid,error,imp[0].video.skip,3.2.7
p001998,ranker.com,htlb.casalemedia.com,request,2.6-202606,openrtb.field.deprecated,warning,imp[0].video.placement,Section 3.2.7
p001998,ranker.com,htlb.casalemedia.com,request,2.6-202606,openrtb.field.undefined,error,imp[0].video.playerSize,3.2.7
p001998,ranker.com,htlb.casalemedia.com,request,2.6-202606,openrtb.value.invalid,error,imp[0].video.skip,3.2.7
p001999,ranker.com,htlb.casalemedia.com,request,2.6-202606,openrtb.field.deprecated,warning,imp[0].video.placement,Section 3.2.7
p001999,ranker.com,htlb.casalemedia.com,request,2.6-202606,openrtb.field.undefined,error,imp[0].video.playerSize,3.2.7
p001999,ranker.com,htlb.casalemedia.com,request,2.6-202606,openrtb.value.invalid,error,imp[0].video.skip,3.2.7
p002000,ranker.com,htlb.casalemedia.com,request,2.6-202606,openrtb.field.deprecated,warning,imp[0].video.placement,Section 3.2.7
p002000,ranker.com,htlb.casalemedia.com,request,2.6-202606,openrtb.field.undefined,error,imp[0].video.playerSize,3.2.7
p002000,ranker.com,htlb.casalemedia.com,request,2.6-202606,openrtb.value.invalid,error,imp[0].video.skip,3.2.7
p002001,rawstory.com,htlb.casalemedia.com,request,2.6-202606,openrtb.field.moved,error,regs.ext.gdpr,Section 3.2.3
p002001,rawstory.com,htlb.casalemedia.com,request,2.6-202606,openrtb.field.moved,error,user.ext.consent,Section 3.2.20
p002004,self.com,htlb.casalemedia.com,request,2.6-202606,openrtb.field.undefined,error,imp[0].video.language,3.2.7
p002004,self.com,htlb.casalemedia.com,request,2.6-202606,openrtb.field.deprecated,warning,imp[0].video.placement,Section 3.2.7
p002004,self.com,htlb.casalemedia.com,request,2.6-202606,openrtb.field.undefined,error,imp[0].video.playerSize,3.2.7
p002004,self.com,htlb.casalemedia.com,request,2.6-202606,openrtb.field.undefined,error,imp[0].video.size_id,3.2.7
p002011,salon.com,htlb.casalemedia.com,request,2.6-202606,openrtb.field.deprecated,warning,imp[0].video.placement,Section 3.2.7
p002011,salon.com,htlb.casalemedia.com,request,2.6-202606,openrtb.field.undefined,error,imp[0].video.playerSize,3.2.7
p002011,salon.com,htlb.casalemedia.com,request,2.6-202606,openrtb.value.invalid,error,imp[0].video.skip,3.2.7
p002013,salon.com,htlb.casalemedia.com,request,2.6-202606,openrtb.field.deprecated,warning,imp[0].video.placement,Section 3.2.7
p002013,salon.com,htlb.casalemedia.com,request,2.6-202606,openrtb.field.undefined,error,imp[0].video.playerSize,3.2.7
p002013,salon.com,htlb.casalemedia.com,request,2.6-202606,openrtb.value.invalid,error,imp[0].video.skip,3.2.7
p002014,salon.com,htlb.casalemedia.com,request,2.6-202606,openrtb.field.deprecated,warning,imp[1].video.placement,Section 3.2.7
p002014,salon.com,htlb.casalemedia.com,request,2.6-202606,openrtb.field.undefined,error,imp[1].video.playerSize,3.2.7
p002014,salon.com,htlb.casalemedia.com,request,2.6-202606,openrtb.value.invalid,error,imp[1].video.skip,3.2.7
p002020,salon.com,htlb.casalemedia.com,request,2.6-202606,openrtb.field.deprecated,warning,imp[0].video.placement,Section 3.2.7
p002020,salon.com,htlb.casalemedia.com,request,2.6-202606,openrtb.field.undefined,error,imp[0].video.playerSize,3.2.7
p002020,salon.com,htlb.casalemedia.com,request,2.6-202606,openrtb.value.invalid,error,imp[0].video.skip,3.2.7
p002021,salon.com,htlb.casalemedia.com,request,2.6-202606,openrtb.field.deprecated,warning,imp[0].video.placement,Section 3.2.7
p002021,salon.com,htlb.casalemedia.com,request,2.6-202606,openrtb.field.undefined,error,imp[0].video.playerSize,3.2.7
p002021,salon.com,htlb.casalemedia.com,request,2.6-202606,openrtb.value.invalid,error,imp[0].video.skip,3.2.7
p002022,salon.com,htlb.casalemedia.com,request,2.6-202606,openrtb.field.deprecated,warning,imp[0].video.placement,Section 3.2.7
p002022,salon.com,htlb.casalemedia.com,request,2.6-202606,openrtb.field.undefined,error,imp[0].video.playerSize,3.2.7
p002022,salon.com,htlb.casalemedia.com,request,2.6-202606,openrtb.value.invalid,error,imp[0].video.skip,3.2.7
p002023,socialblade.com,htlb.casalemedia.com,request,2.6-202606,openrtb.field.deprecated,warning,imp[6].video.placement,Section 3.2.7
p002023,socialblade.com,htlb.casalemedia.com,request,2.6-202606,openrtb.field.undefined,error,imp[6].video.playerSize,3.2.7
p002023,socialblade.com,htlb.casalemedia.com,request,2.6-202606,openrtb.value.invalid,error,imp[6].video.skip,3.2.7
p002024,self.com,htlb.casalemedia.com,request,2.6-202606,openrtb.field.undefined,error,imp[0].video.language,3.2.7
p002024,self.com,htlb.casalemedia.com,request,2.6-202606,openrtb.field.deprecated,warning,imp[0].video.placement,Section 3.2.7
p002024,self.com,htlb.casalemedia.com,request,2.6-202606,openrtb.field.undefined,error,imp[0].video.playerSize,3.2.7
p002024,self.com,htlb.casalemedia.com,request,2.6-202606,openrtb.field.undefined,error,imp[0].video.size_id,3.2.7
p002029,socialblade.com,htlb.casalemedia.com,request,2.6-202606,openrtb.field.deprecated,warning,imp[0].video.placement,Section 3.2.7
p002029,socialblade.com,htlb.casalemedia.com,request,2.6-202606,openrtb.field.undefined,error,imp[0].video.playerSize,3.2.7
p002029,socialblade.com,htlb.casalemedia.com,request,2.6-202606,openrtb.value.invalid,error,imp[0].video.skip,3.2.7
p002030,teletica.com,htlb.casalemedia.com,request,2.6-202606,openrtb.field.moved,error,regs.ext.gdpr,Section 3.2.3
p002030,teletica.com,htlb.casalemedia.com,request,2.6-202606,openrtb.field.moved,error,user.ext.consent,Section 3.2.20
p002031,teletica.com,htlb.casalemedia.com,request,2.6-202606,openrtb.field.moved,error,regs.ext.gdpr,Section 3.2.3
p002031,teletica.com,htlb.casalemedia.com,request,2.6-202606,openrtb.field.moved,error,user.ext.consent,Section 3.2.20
p002032,tennessean.com,htlb.casalemedia.com,request,2.6-202606,openrtb.field.undefined,error,device.geo.state,3.2.19
p002032,tennessean.com,htlb.casalemedia.com,request,2.6-202606,openrtb.field.deprecated,warning,imp[0].video.placement,Section 3.2.7
p002032,tennessean.com,htlb.casalemedia.com,request,2.6-202606,openrtb.field.undefined,error,imp[0].video.playerSize,3.2.7
p002032,tennessean.com,htlb.casalemedia.com,request,2.6-202606,openrtb.value.invalid,error,imp[0].video.skip,3.2.7
p002033,teletica.com,htlb.casalemedia.com,request,2.6-202606,openrtb.field.moved,error,regs.ext.gdpr,Section 3.2.3
p002033,teletica.com,htlb.casalemedia.com,request,2.6-202606,openrtb.field.moved,error,user.ext.consent,Section 3.2.20
p002037,thesun.ie,htlb.casalemedia.com,request,2.6-202606,openrtb.field.moved,error,regs.ext.gdpr,Section 3.2.3
p002038,thesun.ie,htlb.casalemedia.com,request,2.6-202606,openrtb.field.moved,error,regs.ext.gdpr,Section 3.2.3
p002039,thesun.ie,htlb.casalemedia.com,request,2.6-202606,openrtb.field.moved,error,regs.ext.gdpr,Section 3.2.3
p002040,thesun.ie,htlb.casalemedia.com,request,2.6-202606,openrtb.field.moved,error,regs.ext.gdpr,Section 3.2.3
p002041,thesun.ie,htlb.casalemedia.com,request,2.6-202606,openrtb.field.deprecated,warning,imp[0].video.placement,Section 3.2.7
p002041,thesun.ie,htlb.casalemedia.com,request,2.6-202606,openrtb.field.undefined,error,imp[0].video.playerSize,3.2.7
p002041,thesun.ie,htlb.casalemedia.com,request,2.6-202606,openrtb.field.moved,error,regs.ext.gdpr,Section 3.2.3
p002041,thesun.ie,htlb.casalemedia.com,request,2.6-202606,openrtb.field.undefined,error,user.eids[2].rti_partner,3.2.27
p002042,thesun.ie,htlb.casalemedia.com,request,2.6-202606,openrtb.field.moved,error,regs.ext.gdpr,Section 3.2.3
p002042,thesun.ie,htlb.casalemedia.com,request,2.6-202606,openrtb.field.undefined,error,user.eids[2].rti_partner,3.2.27
p002043,thesun.ie,htlb.casalemedia.com,request,2.6-202606,openrtb.field.moved,error,regs.ext.gdpr,Section 3.2.3
p002043,thesun.ie,htlb.casalemedia.com,request,2.6-202606,openrtb.field.undefined,error,user.eids[2].rti_partner,3.2.27
p002044,thesun.ie,htlb.casalemedia.com,request,2.6-202606,openrtb.field.deprecated,warning,imp[0].video.placement,Section 3.2.7
p002044,thesun.ie,htlb.casalemedia.com,request,2.6-202606,openrtb.field.undefined,error,imp[0].video.playerSize,3.2.7
p002044,thesun.ie,htlb.casalemedia.com,request,2.6-202606,openrtb.field.moved,error,regs.ext.gdpr,Section 3.2.3
p002044,thesun.ie,htlb.casalemedia.com,request,2.6-202606,openrtb.field.undefined,error,user.eids[2].rti_partner,3.2.27
p002045,thesun.ie,htlb.casalemedia.com,request,2.6-202606,openrtb.field.moved,error,regs.ext.gdpr,Section 3.2.3
p002045,thesun.ie,htlb.casalemedia.com,request,2.6-202606,openrtb.field.undefined,error,user.eids[2].rti_partner,3.2.27
p002046,tio.ch,htlb.casalemedia.com,request,2.6-202606,openrtb.field.deprecated,warning,imp[0].video.placement,Section 3.2.7
p002046,tio.ch,htlb.casalemedia.com,request,2.6-202606,openrtb.field.undefined,error,imp[0].video.playerSize,3.2.7
p002046,tio.ch,htlb.casalemedia.com,request,2.6-202606,openrtb.value.invalid,error,imp[0].video.skip,3.2.7
p002046,tio.ch,htlb.casalemedia.com,request,2.6-202606,openrtb.field.undefined,error,imp[0].video.video,3.2.7
p002046,tio.ch,htlb.casalemedia.com,request,2.6-202606,openrtb.field.moved,error,regs.ext.gdpr,Section 3.2.3
p002046,tio.ch,htlb.casalemedia.com,request,2.6-202606,openrtb.field.moved,error,user.ext.consent,Section 3.2.20
p002047,tio.ch,htlb.casalemedia.com,request,2.6-202606,openrtb.field.moved,error,regs.ext.gdpr,Section 3.2.3
p002047,tio.ch,htlb.casalemedia.com,request,2.6-202606,openrtb.field.moved,error,user.ext.consent,Section 3.2.20
p002048,tio.ch,htlb.casalemedia.com,request,2.6-202606,openrtb.field.moved,error,regs.ext.gdpr,Section 3.2.3
p002048,tio.ch,htlb.casalemedia.com,request,2.6-202606,openrtb.field.moved,error,user.ext.consent,Section 3.2.20
p002049,tio.ch,htlb.casalemedia.com,request,2.6-202606,openrtb.field.moved,error,regs.ext.gdpr,Section 3.2.3
p002049,tio.ch,htlb.casalemedia.com,request,2.6-202606,openrtb.field.moved,error,user.ext.consent,Section 3.2.20
p002050,tio.ch,htlb.casalemedia.com,request,2.6-202606,openrtb.field.moved,error,regs.ext.gdpr,Section 3.2.3
p002050,tio.ch,htlb.casalemedia.com,request,2.6-202606,openrtb.field.moved,error,user.ext.consent,Section 3.2.20
p002051,tio.ch,htlb.casalemedia.com,request,2.6-202606,openrtb.field.moved,error,regs.ext.gdpr,Section 3.2.3
p002051,tio.ch,htlb.casalemedia.com,request,2.6-202606,openrtb.field.moved,error,user.ext.consent,Section 3.2.20
p002052,treehugger.com,htlb.casalemedia.com,request,2.6-202606,openrtb.field.undefined,error,user.eids[2].rti_partner,3.2.27
p002053,treehugger.com,htlb.casalemedia.com,request,2.6-202606,openrtb.field.undefined,error,user.eids[2].rti_partner,3.2.27
p002054,upi.com,htlb.casalemedia.com,request,2.6-202606,openrtb.field.undefined,error,user.eids[6]._ref,3.2.27
p002058,upi.com,htlb.casalemedia.com,request,2.6-202606,openrtb.field.undefined,error,user.eids[6]._ref,3.2.27
p002064,webdesignerdepot.com,htlb.casalemedia.com,request,2.6-202606,openrtb.field.deprecated,warning,imp[0].video.placement,Section 3.2.7
p002064,webdesignerdepot.com,htlb.casalemedia.com,request,2.6-202606,openrtb.field.undefined,error,imp[0].video.playerSize,3.2.7
p002064,webdesignerdepot.com,htlb.casalemedia.com,request,2.6-202606,openrtb.value.invalid,error,imp[0].video.skip,3.2.7
p002065,webdesignerdepot.com,htlb.casalemedia.com,request,2.6-202606,openrtb.field.deprecated,warning,imp[1].video.placement,Section 3.2.7
p002065,webdesignerdepot.com,htlb.casalemedia.com,request,2.6-202606,openrtb.field.undefined,error,imp[1].video.playerSize,3.2.7
p002065,webdesignerdepot.com,htlb.casalemedia.com,request,2.6-202606,openrtb.value.invalid,error,imp[1].video.skip,3.2.7
p002067,webdesignerdepot.com,htlb.casalemedia.com,request,2.6-202606,openrtb.field.deprecated,warning,imp[0].video.placement,Section 3.2.7
p002067,webdesignerdepot.com,htlb.casalemedia.com,request,2.6-202606,openrtb.field.undefined,error,imp[0].video.playerSize,3.2.7
p002067,webdesignerdepot.com,htlb.casalemedia.com,request,2.6-202606,openrtb.value.invalid,error,imp[0].video.skip,3.2.7
p002070,webdesignerdepot.com,htlb.casalemedia.com,request,2.6-202606,openrtb.field.deprecated,warning,imp[0].video.placement,Section 3.2.7
p002070,webdesignerdepot.com,htlb.casalemedia.com,request,2.6-202606,openrtb.field.undefined,error,imp[0].video.playerSize,3.2.7
p002070,webdesignerdepot.com,htlb.casalemedia.com,request,2.6-202606,openrtb.value.invalid,error,imp[0].video.skip,3.2.7
p002072,webdesignerdepot.com,htlb.casalemedia.com,request,2.6-202606,openrtb.field.deprecated,warning,imp[1].video.placement,Section 3.2.7
p002072,webdesignerdepot.com,htlb.casalemedia.com,request,2.6-202606,openrtb.field.undefined,error,imp[1].video.playerSize,3.2.7
p002072,webdesignerdepot.com,htlb.casalemedia.com,request,2.6-202606,openrtb.value.invalid,error,imp[1].video.skip,3.2.7
p002075,webdesignerdepot.com,htlb.casalemedia.com,request,2.6-202606,openrtb.field.deprecated,warning,imp[0].video.placement,Section 3.2.7
p002075,webdesignerdepot.com,htlb.casalemedia.com,request,2.6-202606,openrtb.field.undefined,error,imp[0].video.playerSize,3.2.7
p002075,webdesignerdepot.com,htlb.casalemedia.com,request,2.6-202606,openrtb.value.invalid,error,imp[0].video.skip,3.2.7
p002076,webdesignerdepot.com,htlb.casalemedia.com,request,2.6-202606,openrtb.field.deprecated,warning,imp[0].video.placement,Section 3.2.7
p002076,webdesignerdepot.com,htlb.casalemedia.com,request,2.6-202606,openrtb.field.undefined,error,imp[0].video.playerSize,3.2.7
p002076,webdesignerdepot.com,htlb.casalemedia.com,request,2.6-202606,openrtb.value.invalid,error,imp[0].video.skip,3.2.7
p002077,webdesignerdepot.com,htlb.casalemedia.com,request,2.6-202606,openrtb.field.deprecated,warning,imp[0].video.placement,Section 3.2.7
p002077,webdesignerdepot.com,htlb.casalemedia.com,request,2.6-202606,openrtb.field.undefined,error,imp[0].video.playerSize,3.2.7
p002077,webdesignerdepot.com,htlb.casalemedia.com,request,2.6-202606,openrtb.value.invalid,error,imp[0].video.skip,3.2.7
p002078,zeldadungeon.net,htlb.casalemedia.com,request,2.6-202606,openrtb.field.moved,error,regs.ext.gdpr,Section 3.2.3
p002081,autoguide.com,htlb.casalemedia.com,response,2.6-202606,openrtb.response.seatbid_or_nbr.required,error,seatbid,4.2.1
p002087,autoguide.com,htlb.casalemedia.com,response,2.6-202606,openrtb.response.seatbid_or_nbr.required,error,seatbid,4.2.1
p002096,barcablaugranes.com,htlb.casalemedia.com,response,2.6-202606,openrtb.response.seatbid_or_nbr.required,error,seatbid,4.2.1
p002097,barcablaugranes.com,htlb.casalemedia.com,response,2.6-202606,openrtb.response.seatbid_or_nbr.required,error,seatbid,4.2.1
p002103,barcablaugranes.com,htlb.casalemedia.com,response,2.6-202606,openrtb.response.seatbid_or_nbr.required,error,seatbid,4.2.1
p002119,coindesk.com,htlb.casalemedia.com,response,2.6-202606,openrtb.response.seatbid_or_nbr.required,error,seatbid,4.2.1
p002121,cupofjo.com,htlb.casalemedia.com,response,2.6-202606,openrtb.response.seatbid_or_nbr.required,error,seatbid,4.2.1
p002122,cupofjo.com,htlb.casalemedia.com,response,2.6-202606,openrtb.response.seatbid_or_nbr.required,error,seatbid,4.2.1
p002123,cupofjo.com,htlb.casalemedia.com,response,2.6-202606,openrtb.response.seatbid_or_nbr.required,error,seatbid,4.2.1
p002124,cupofjo.com,htlb.casalemedia.com,response,2.6-202606,openrtb.response.seatbid_or_nbr.required,error,seatbid,4.2.1
p002125,cupofjo.com,htlb.casalemedia.com,response,2.6-202606,openrtb.response.seatbid_or_nbr.required,error,seatbid,4.2.1
p002127,dailykos.com,htlb.casalemedia.com,response,2.6-202606,openrtb.response.seatbid_or_nbr.required,error,seatbid,4.2.1
p002129,dailykos.com,htlb.casalemedia.com,response,2.6-202606,openrtb.response.seatbid_or_nbr.required,error,seatbid,4.2.1
p002130,dailykos.com,htlb.casalemedia.com,response,2.6-202606,openrtb.response.seatbid_or_nbr.required,error,seatbid,4.2.1
p002139,eonline.com,htlb.casalemedia.com,response,2.6-202606,openrtb.response.seatbid_or_nbr.required,error,seatbid,4.2.1
p002142,eonline.com,htlb.casalemedia.com,response,2.6-202606,openrtb.response.seatbid_or_nbr.required,error,seatbid,4.2.1
p002146,fox11online.com,htlb.casalemedia.com,response,2.6-202606,openrtb.response.seatbid_or_nbr.required,error,seatbid,4.2.1
p002151,fox11online.com,htlb.casalemedia.com,response,2.6-202606,openrtb.response.seatbid_or_nbr.required,error,seatbid,4.2.1
p002152,genealogy.com,htlb.casalemedia.com,response,2.6-202606,openrtb.response.seatbid_or_nbr.required,error,seatbid,4.2.1
p002153,genealogy.com,htlb.casalemedia.com,response,2.6-202606,openrtb.response.seatbid_or_nbr.required,error,seatbid,4.2.1
p002154,genealogy.com,htlb.casalemedia.com,response,2.6-202606,openrtb.response.seatbid_or_nbr.required,error,seatbid,4.2.1
p002155,genealogy.com,htlb.casalemedia.com,response,2.6-202606,openrtb.response.seatbid_or_nbr.required,error,seatbid,4.2.1
p002157,giantfreakinrobot.com,htlb.casalemedia.com,response,2.6-202606,openrtb.response.seatbid_or_nbr.required,error,seatbid,4.2.1
p002158,giantfreakinrobot.com,htlb.casalemedia.com,response,2.6-202606,openrtb.response.seatbid_or_nbr.required,error,seatbid,4.2.1
p002160,halfbakedharvest.com,htlb.casalemedia.com,response,2.6-202606,openrtb.response.seatbid_or_nbr.required,error,seatbid,4.2.1
p002161,halfbakedharvest.com,htlb.casalemedia.com,response,2.6-202606,openrtb.response.seatbid_or_nbr.required,error,seatbid,4.2.1
p002162,halfbakedharvest.com,htlb.casalemedia.com,response,2.6-202606,openrtb.response.seatbid_or_nbr.required,error,seatbid,4.2.1
p002163,halfbakedharvest.com,htlb.casalemedia.com,response,2.6-202606,openrtb.response.seatbid_or_nbr.required,error,seatbid,4.2.1
p002164,halfbakedharvest.com,htlb.casalemedia.com,response,2.6-202606,openrtb.response.seatbid_or_nbr.required,error,seatbid,4.2.1
p002165,hokkaido-np.co.jp,htlb.casalemedia.com,response,2.6-202606,openrtb.response.seatbid_or_nbr.required,error,seatbid,4.2.1
p002166,halfbakedharvest.com,htlb.casalemedia.com,response,2.6-202606,openrtb.response.seatbid_or_nbr.required,error,seatbid,4.2.1
p002167,halfbakedharvest.com,htlb.casalemedia.com,response,2.6-202606,openrtb.response.seatbid_or_nbr.required,error,seatbid,4.2.1
p002168,halfbakedharvest.com,htlb.casalemedia.com,response,2.6-202606,openrtb.response.seatbid_or_nbr.required,error,seatbid,4.2.1
p002169,halfbakedharvest.com,htlb.casalemedia.com,response,2.6-202606,openrtb.response.seatbid_or_nbr.required,error,seatbid,4.2.1
p002170,halfbakedharvest.com,htlb.casalemedia.com,response,2.6-202606,openrtb.response.seatbid_or_nbr.required,error,seatbid,4.2.1
p002171,hokkaido-np.co.jp,htlb.casalemedia.com,response,2.6-202606,openrtb.response.seatbid_or_nbr.required,error,seatbid,4.2.1
p002184,montgomeryadvertiser.com,htlb.casalemedia.com,response,2.6-202606,openrtb.response.seatbid_or_nbr.required,error,seatbid,4.2.1
p002185,montgomeryadvertiser.com,htlb.casalemedia.com,response,2.6-202606,openrtb.response.seatbid_or_nbr.required,error,seatbid,4.2.1
p002188,namemc.com,htlb.casalemedia.com,response,2.6-202606,openrtb.response.seatbid_or_nbr.required,error,seatbid,4.2.1
p002189,namemc.com,htlb.casalemedia.com,response,2.6-202606,openrtb.response.seatbid_or_nbr.required,error,seatbid,4.2.1
p002190,namemc.com,htlb.casalemedia.com,response,2.6-202606,openrtb.response.seatbid_or_nbr.required,error,seatbid,4.2.1
p002191,namemc.com,htlb.casalemedia.com,response,2.6-202606,openrtb.response.seatbid_or_nbr.required,error,seatbid,4.2.1
p002192,namemc.com,htlb.casalemedia.com,response,2.6-202606,openrtb.response.seatbid_or_nbr.required,error,seatbid,4.2.1
p002193,namemc.com,htlb.casalemedia.com,response,2.6-202606,openrtb.response.seatbid_or_nbr.required,error,seatbid,4.2.1
p002194,nbcconnecticut.com,htlb.casalemedia.com,response,2.6-202606,openrtb.response.seatbid_or_nbr.required,error,seatbid,4.2.1
p002195,nbcconnecticut.com,htlb.casalemedia.com,response,2.6-202606,openrtb.response.seatbid_or_nbr.required,error,seatbid,4.2.1
p002196,nbcconnecticut.com,htlb.casalemedia.com,response,2.6-202606,openrtb.response.seatbid_or_nbr.required,error,seatbid,4.2.1
p002197,nbcconnecticut.com,htlb.casalemedia.com,response,2.6-202606,openrtb.response.seatbid_or_nbr.required,error,seatbid,4.2.1
p002198,nbcconnecticut.com,htlb.casalemedia.com,response,2.6-202606,openrtb.response.seatbid_or_nbr.required,error,seatbid,4.2.1
p002199,nbcconnecticut.com,htlb.casalemedia.com,response,2.6-202606,openrtb.response.seatbid_or_nbr.required,error,seatbid,4.2.1
p002200,nbcconnecticut.com,htlb.casalemedia.com,response,2.6-202606,openrtb.response.seatbid_or_nbr.required,error,seatbid,4.2.1
p002201,nbcconnecticut.com,htlb.casalemedia.com,response,2.6-202606,openrtb.response.seatbid_or_nbr.required,error,seatbid,4.2.1
p002202,nbcconnecticut.com,htlb.casalemedia.com,response,2.6-202606,openrtb.response.seatbid_or_nbr.required,error,seatbid,4.2.1
p002205,nbcconnecticut.com,htlb.casalemedia.com,response,2.6-202606,openrtb.response.seatbid_or_nbr.required,error,seatbid,4.2.1
p002206,nbcconnecticut.com,htlb.casalemedia.com,response,2.6-202606,openrtb.response.seatbid_or_nbr.required,error,seatbid,4.2.1
p002207,nbcconnecticut.com,htlb.casalemedia.com,response,2.6-202606,openrtb.response.seatbid_or_nbr.required,error,seatbid,4.2.1
p002210,nbcconnecticut.com,htlb.casalemedia.com,response,2.6-202606,openrtb.response.seatbid_or_nbr.required,error,seatbid,4.2.1
p002216,nintendoeverything.com,htlb.casalemedia.com,response,2.6-202606,openrtb.response.seatbid_or_nbr.required,error,seatbid,4.2.1
p002217,nintendoeverything.com,htlb.casalemedia.com,response,2.6-202606,openrtb.response.seatbid_or_nbr.required,error,seatbid,4.2.1
p002218,nintendoeverything.com,htlb.casalemedia.com,response,2.6-202606,openrtb.response.seatbid_or_nbr.required,error,seatbid,4.2.1
p002219,nintendoeverything.com,htlb.casalemedia.com,response,2.6-202606,openrtb.response.seatbid_or_nbr.required,error,seatbid,4.2.1
p002225,nintendoeverything.com,htlb.casalemedia.com,response,2.6-202606,openrtb.response.seatbid_or_nbr.required,error,seatbid,4.2.1
p002228,outsideonline.com,htlb.casalemedia.com,response,2.6-202606,openrtb.response.seatbid_or_nbr.required,error,seatbid,4.2.1
p002230,outsideonline.com,htlb.casalemedia.com,response,2.6-202606,openrtb.response.seatbid_or_nbr.required,error,seatbid,4.2.1
p002231,outsideonline.com,htlb.casalemedia.com,response,2.6-202606,openrtb.response.seatbid_or_nbr.required,error,seatbid,4.2.1
p002239,outsideonline.com,htlb.casalemedia.com,response,2.6-202606,openrtb.response.seatbid_or_nbr.required,error,seatbid,4.2.1
p002241,outsideonline.com,htlb.casalemedia.com,response,2.6-202606,openrtb.response.seatbid_or_nbr.required,error,seatbid,4.2.1
p002246,ranker.com,htlb.casalemedia.com,response,2.6-202606,openrtb.response.seatbid_or_nbr.required,error,seatbid,4.2.1
p002250,ranker.com,htlb.casalemedia.com,response,2.6-202606,openrtb.response.seatbid_or_nbr.required,error,seatbid,4.2.1
p002251,ranker.com,htlb.casalemedia.com,response,2.6-202606,openrtb.response.seatbid_or_nbr.required,error,seatbid,4.2.1
p002252,ranker.com,htlb.casalemedia.com,response,2.6-202606,openrtb.response.seatbid_or_nbr.required,error,seatbid,4.2.1
p002253,ranker.com,htlb.casalemedia.com,response,2.6-202606,openrtb.response.seatbid_or_nbr.required,error,seatbid,4.2.1
p002254,ranker.com,htlb.casalemedia.com,response,2.6-202606,openrtb.response.seatbid_or_nbr.required,error,seatbid,4.2.1
p002255,ranker.com,htlb.casalemedia.com,response,2.6-202606,openrtb.response.seatbid_or_nbr.required,error,seatbid,4.2.1
p002256,ranker.com,htlb.casalemedia.com,response,2.6-202606,openrtb.response.seatbid_or_nbr.required,error,seatbid,4.2.1
p002257,ranker.com,htlb.casalemedia.com,response,2.6-202606,openrtb.response.seatbid_or_nbr.required,error,seatbid,4.2.1
p002258,ranker.com,htlb.casalemedia.com,response,2.6-202606,openrtb.response.seatbid_or_nbr.required,error,seatbid,4.2.1
p002260,salon.com,htlb.casalemedia.com,response,2.6-202606,openrtb.response.seatbid_or_nbr.required,error,seatbid,4.2.1
p002261,salon.com,htlb.casalemedia.com,response,2.6-202606,openrtb.response.seatbid_or_nbr.required,error,seatbid,4.2.1
p002262,self.com,htlb.casalemedia.com,response,2.6-202606,openrtb.response.seatbid_or_nbr.required,error,seatbid,4.2.1
p002266,salon.com,htlb.casalemedia.com,response,2.6-202606,openrtb.response.seatbid_or_nbr.required,error,seatbid,4.2.1
p002267,salon.com,htlb.casalemedia.com,response,2.6-202606,openrtb.response.seatbid_or_nbr.required,error,seatbid,4.2.1
p002268,salon.com,htlb.casalemedia.com,response,2.6-202606,openrtb.response.seatbid_or_nbr.required,error,seatbid,4.2.1
p002269,salon.com,htlb.casalemedia.com,response,2.6-202606,openrtb.response.seatbid_or_nbr.required,error,seatbid,4.2.1
p002270,salon.com,htlb.casalemedia.com,response,2.6-202606,openrtb.response.seatbid_or_nbr.required,error,seatbid,4.2.1
p002271,salon.com,htlb.casalemedia.com,response,2.6-202606,openrtb.response.seatbid_or_nbr.required,error,seatbid,4.2.1
p002272,salon.com,htlb.casalemedia.com,response,2.6-202606,openrtb.response.seatbid_or_nbr.required,error,seatbid,4.2.1
p002273,salon.com,htlb.casalemedia.com,response,2.6-202606,openrtb.response.seatbid_or_nbr.required,error,seatbid,4.2.1
p002274,salon.com,htlb.casalemedia.com,response,2.6-202606,openrtb.response.seatbid_or_nbr.required,error,seatbid,4.2.1
p002275,salon.com,htlb.casalemedia.com,response,2.6-202606,openrtb.response.seatbid_or_nbr.required,error,seatbid,4.2.1
p002276,salon.com,htlb.casalemedia.com,response,2.6-202606,openrtb.response.seatbid_or_nbr.required,error,seatbid,4.2.1
p002277,salon.com,htlb.casalemedia.com,response,2.6-202606,openrtb.response.seatbid_or_nbr.required,error,seatbid,4.2.1
p002278,salon.com,htlb.casalemedia.com,response,2.6-202606,openrtb.response.seatbid_or_nbr.required,error,seatbid,4.2.1
p002279,salon.com,htlb.casalemedia.com,response,2.6-202606,openrtb.response.seatbid_or_nbr.required,error,seatbid,4.2.1
p002280,salon.com,htlb.casalemedia.com,response,2.6-202606,openrtb.response.seatbid_or_nbr.required,error,seatbid,4.2.1
p002282,self.com,htlb.casalemedia.com,response,2.6-202606,openrtb.response.seatbid_or_nbr.required,error,seatbid,4.2.1
p002287,socialblade.com,htlb.casalemedia.com,response,2.6-202606,openrtb.response.seatbid_or_nbr.required,error,seatbid,4.2.1
p002288,teletica.com,htlb.casalemedia.com,response,2.6-202606,openrtb.response.seatbid_or_nbr.required,error,seatbid,4.2.1
p002289,teletica.com,htlb.casalemedia.com,response,2.6-202606,openrtb.response.seatbid_or_nbr.required,error,seatbid,4.2.1
p002290,tennessean.com,htlb.casalemedia.com,response,2.6-202606,openrtb.response.seatbid_or_nbr.required,error,seatbid,4.2.1
p002296,thesun.ie,htlb.casalemedia.com,response,2.6-202606,openrtb.response.seatbid_or_nbr.required,error,seatbid,4.2.1
p002297,thesun.ie,htlb.casalemedia.com,response,2.6-202606,openrtb.response.seatbid_or_nbr.required,error,seatbid,4.2.1
p002298,thesun.ie,htlb.casalemedia.com,response,2.6-202606,openrtb.response.seatbid_or_nbr.required,error,seatbid,4.2.1
p002299,thesun.ie,htlb.casalemedia.com,response,2.6-202606,openrtb.response.seatbid_or_nbr.required,error,seatbid,4.2.1
p002300,thesun.ie,htlb.casalemedia.com,response,2.6-202606,openrtb.response.seatbid_or_nbr.required,error,seatbid,4.2.1
p002301,thesun.ie,htlb.casalemedia.com,response,2.6-202606,openrtb.response.seatbid_or_nbr.required,error,seatbid,4.2.1
p002303,thesun.ie,htlb.casalemedia.com,response,2.6-202606,openrtb.response.seatbid_or_nbr.required,error,seatbid,4.2.1
p002304,tio.ch,htlb.casalemedia.com,response,2.6-202606,openrtb.response.seatbid_or_nbr.required,error,seatbid,4.2.1
p002305,tio.ch,htlb.casalemedia.com,response,2.6-202606,openrtb.response.seatbid_or_nbr.required,error,seatbid,4.2.1
p002306,tio.ch,htlb.casalemedia.com,response,2.6-202606,openrtb.response.seatbid_or_nbr.required,error,seatbid,4.2.1
p002307,tio.ch,htlb.casalemedia.com,response,2.6-202606,openrtb.response.seatbid_or_nbr.required,error,seatbid,4.2.1
p002308,tio.ch,htlb.casalemedia.com,response,2.6-202606,openrtb.response.seatbid_or_nbr.required,error,seatbid,4.2.1
p002309,tio.ch,htlb.casalemedia.com,response,2.6-202606,openrtb.response.seatbid_or_nbr.required,error,seatbid,4.2.1
p002310,treehugger.com,htlb.casalemedia.com,response,2.6-202606,openrtb.response.seatbid_or_nbr.required,error,seatbid,4.2.1
p002311,treehugger.com,htlb.casalemedia.com,response,2.6-202606,openrtb.response.seatbid_or_nbr.required,error,seatbid,4.2.1
p002313,urbandictionary.com,htlb.casalemedia.com,response,2.6-202606,openrtb.response.seatbid_or_nbr.required,error,seatbid,4.2.1
p002314,urbandictionary.com,htlb.casalemedia.com,response,2.6-202606,openrtb.response.seatbid_or_nbr.required,error,seatbid,4.2.1
p002315,urbandictionary.com,htlb.casalemedia.com,response,2.6-202606,openrtb.response.seatbid_or_nbr.required,error,seatbid,4.2.1
p002318,vice.com,htlb.casalemedia.com,response,2.6-202606,openrtb.response.seatbid_or_nbr.required,error,seatbid,4.2.1
p002319,webdesignerdepot.com,htlb.casalemedia.com,response,2.6-202606,openrtb.response.seatbid_or_nbr.required,error,seatbid,4.2.1
p002320,webdesignerdepot.com,htlb.casalemedia.com,response,2.6-202606,openrtb.response.seatbid_or_nbr.required,error,seatbid,4.2.1
p002321,webdesignerdepot.com,htlb.casalemedia.com,response,2.6-202606,openrtb.response.seatbid_or_nbr.required,error,seatbid,4.2.1
p002322,webdesignerdepot.com,htlb.casalemedia.com,response,2.6-202606,openrtb.response.seatbid_or_nbr.required,error,seatbid,4.2.1
p002323,webdesignerdepot.com,htlb.casalemedia.com,response,2.6-202606,openrtb.response.seatbid_or_nbr.required,error,seatbid,4.2.1
p002324,webdesignerdepot.com,htlb.casalemedia.com,response,2.6-202606,openrtb.response.seatbid_or_nbr.required,error,seatbid,4.2.1
p002325,webdesignerdepot.com,htlb.casalemedia.com,response,2.6-202606,openrtb.response.seatbid_or_nbr.required,error,seatbid,4.2.1
p002326,webdesignerdepot.com,htlb.casalemedia.com,response,2.6-202606,openrtb.response.seatbid_or_nbr.required,error,seatbid,4.2.1
p002327,webdesignerdepot.com,htlb.casalemedia.com,response,2.6-202606,openrtb.response.seatbid_or_nbr.required,error,seatbid,4.2.1
p002328,webdesignerdepot.com,htlb.casalemedia.com,response,2.6-202606,openrtb.response.seatbid_or_nbr.required,error,seatbid,4.2.1
p002329,webdesignerdepot.com,htlb.casalemedia.com,response,2.6-202606,openrtb.response.seatbid_or_nbr.required,error,seatbid,4.2.1
p002330,webdesignerdepot.com,htlb.casalemedia.com,response,2.6-202606,openrtb.response.seatbid_or_nbr.required,error,seatbid,4.2.1
p002331,webdesignerdepot.com,htlb.casalemedia.com,response,2.6-202606,openrtb.response.seatbid_or_nbr.required,error,seatbid,4.2.1
p002332,webdesignerdepot.com,htlb.casalemedia.com,response,2.6-202606,openrtb.response.seatbid_or_nbr.required,error,seatbid,4.2.1
p002333,webdesignerdepot.com,htlb.casalemedia.com,response,2.6-202606,openrtb.response.seatbid_or_nbr.required,error,seatbid,4.2.1
p002335,tio.ch,i.connectad.io,request,2.5,openrtb.field.undefined,error,device.sua,3.2.18
p002336,tio.ch,i.connectad.io,request,2.5,openrtb.field.undefined,error,device.sua,3.2.18
p002337,tio.ch,i.connectad.io,request,2.5,openrtb.field.undefined,error,device.sua,3.2.18
p002338,tio.ch,i.connectad.io,request,2.5,openrtb.field.undefined,error,device.sua,3.2.18
p002339,tio.ch,i.connectad.io,request,2.5,openrtb.field.undefined,error,device.sua,3.2.18
p002340,dhnet.be,ib.adnxs-simple.com,request,2.5,openrtb.field.undefined,error,device.sua,3.2.18
p002341,dhnet.be,ib.adnxs-simple.com,request,2.5,openrtb.field.undefined,error,device.sua,3.2.18
p002342,dhnet.be,ib.adnxs-simple.com,request,2.5,openrtb.field.undefined,error,device.sua,3.2.18
p002343,dhnet.be,ib.adnxs-simple.com,request,2.5,openrtb.field.undefined,error,device.sua,3.2.18
p002344,autoexpress.co.uk,ib.adnxs.com,request,2.6-202606,openrtb.field.undefined,error,device.geo.state,3.2.19
p002344,autoexpress.co.uk,ib.adnxs.com,request,2.6-202606,openrtb.field.deprecated,warning,imp[0].video.placement,Section 3.2.7
p002345,autoexpress.co.uk,ib.adnxs.com,request,2.6-202606,openrtb.field.undefined,error,device.geo.state,3.2.19
p002345,autoexpress.co.uk,ib.adnxs.com,request,2.6-202606,openrtb.field.deprecated,warning,imp[0].video.placement,Section 3.2.7
p002348,cifraclub.com,ib.adnxs.com,request,2.6-202606,openrtb.field.undefined,error,site.ownerdomain,3.2.13
p002350,cityam.com,ib.adnxs.com,request,2.6-202606,openrtb.field.moved,error,regs.ext.gdpr,Section 3.2.3
p002351,cityam.com,ib.adnxs.com,request,2.6-202606,openrtb.field.moved,error,regs.ext.gdpr,Section 3.2.3
p002362,cifraclub.com,ib.adnxs.com,request,2.6-202606,openrtb.field.undefined,error,site.ownerdomain,3.2.13
p002364,cityam.com,ib.adnxs.com,request,2.6-202606,openrtb.field.moved,error,regs.ext.gdpr,Section 3.2.3
p002376,genealogy.com,ib.adnxs.com,request,2.6-202606,openrtb.field.undefined,error,device.geo.state,3.2.19
p002376,genealogy.com,ib.adnxs.com,request,2.6-202606,openrtb.field.deprecated,warning,imp[0].video.placement,Section 3.2.7
p002377,genealogy.com,ib.adnxs.com,request,2.6-202606,openrtb.field.undefined,error,device.geo.state,3.2.19
p002377,genealogy.com,ib.adnxs.com,request,2.6-202606,openrtb.field.deprecated,warning,imp[0].video.placement,Section 3.2.7
p002378,genealogy.com,ib.adnxs.com,request,2.6-202606,openrtb.field.undefined,error,device.geo.state,3.2.19
p002378,genealogy.com,ib.adnxs.com,request,2.6-202606,openrtb.field.deprecated,warning,imp[0].video.placement,Section 3.2.7
p002379,genealogy.com,ib.adnxs.com,request,2.6-202606,openrtb.field.undefined,error,device.geo.state,3.2.19
p002379,genealogy.com,ib.adnxs.com,request,2.6-202606,openrtb.field.deprecated,warning,imp[0].video.placement,Section 3.2.7
p002384,sozcu.com.tr,ib.adnxs.com,request,2.6-202606,openrtb.field.moved,error,regs.ext.gdpr,Section 3.2.3
p002385,sozcu.com.tr,ib.adnxs.com,request,2.6-202606,openrtb.field.moved,error,regs.ext.gdpr,Section 3.2.3
p002385,sozcu.com.tr,ib.adnxs.com,request,2.6-202606,openrtb.field.moved,error,user.ext.consent,Section 3.2.20
p002386,sozcu.com.tr,ib.adnxs.com,request,2.6-202606,openrtb.field.moved,error,regs.ext.gdpr,Section 3.2.3
p002387,sozcu.com.tr,ib.adnxs.com,request,2.6-202606,openrtb.field.moved,error,regs.ext.gdpr,Section 3.2.3
p002387,sozcu.com.tr,ib.adnxs.com,request,2.6-202606,openrtb.field.moved,error,user.ext.consent,Section 3.2.20
p002388,sozcu.com.tr,ib.adnxs.com,request,2.6-202606,openrtb.field.moved,error,regs.ext.gdpr,Section 3.2.3
p002388,sozcu.com.tr,ib.adnxs.com,request,2.6-202606,openrtb.field.moved,error,user.ext.consent,Section 3.2.20
p002389,sozcu.com.tr,ib.adnxs.com,request,2.6-202606,openrtb.field.moved,error,regs.ext.gdpr,Section 3.2.3
p002389,sozcu.com.tr,ib.adnxs.com,request,2.6-202606,openrtb.field.moved,error,user.ext.consent,Section 3.2.20
p002390,teletica.com,ib.adnxs.com,request,2.6-202606,openrtb.value.invalid,error,imp[0].video.skip,3.2.7
p002390,teletica.com,ib.adnxs.com,request,2.6-202606,openrtb.field.moved,error,regs.ext.gdpr,Section 3.2.3
p002390,teletica.com,ib.adnxs.com,request,2.6-202606,openrtb.field.moved,error,user.ext.consent,Section 3.2.20
p002391,teletica.com,ib.adnxs.com,request,2.6-202606,openrtb.value.invalid,error,imp[0].video.skip,3.2.7
p002391,teletica.com,ib.adnxs.com,request,2.6-202606,openrtb.field.moved,error,regs.ext.gdpr,Section 3.2.3
p002391,teletica.com,ib.adnxs.com,request,2.6-202606,openrtb.field.moved,error,user.ext.consent,Section 3.2.20
p002392,thesun.ie,ib.adnxs.com,request,2.6-202606,openrtb.field.moved,error,regs.ext.gdpr,Section 3.2.3
p002393,thesun.ie,ib.adnxs.com,request,2.6-202606,openrtb.field.moved,error,regs.ext.gdpr,Section 3.2.3
p002394,thesun.ie,ib.adnxs.com,request,2.6-202606,openrtb.field.moved,error,regs.ext.gdpr,Section 3.2.3
p002395,thesun.ie,ib.adnxs.com,request,2.6-202606,openrtb.field.moved,error,regs.ext.gdpr,Section 3.2.3
p002396,thesun.ie,ib.adnxs.com,request,2.6-202606,openrtb.field.deprecated,warning,imp[0].video.placement,Section 3.2.7
p002396,thesun.ie,ib.adnxs.com,request,2.6-202606,openrtb.field.moved,error,regs.ext.gdpr,Section 3.2.3
p002397,thesun.ie,ib.adnxs.com,request,2.6-202606,openrtb.field.moved,error,regs.ext.gdpr,Section 3.2.3
p002398,thesun.ie,ib.adnxs.com,request,2.6-202606,openrtb.field.moved,error,regs.ext.gdpr,Section 3.2.3
p002399,thesun.ie,ib.adnxs.com,request,2.6-202606,openrtb.field.deprecated,warning,imp[0].video.placement,Section 3.2.7
p002399,thesun.ie,ib.adnxs.com,request,2.6-202606,openrtb.field.moved,error,regs.ext.gdpr,Section 3.2.3
p002400,thesun.ie,ib.adnxs.com,request,2.6-202606,openrtb.field.moved,error,regs.ext.gdpr,Section 3.2.3
p002403,upi.com,ib.adnxs.com,request,2.6-202606,openrtb.field.undefined,error,geo,3.2.1
p002403,upi.com,ib.adnxs.com,request,2.6-202606,openrtb.field.undefined,error,imp[0].battr,3.2.4
p002403,upi.com,ib.adnxs.com,request,2.6-202606,openrtb.field.undefined,error,imp[1].battr,3.2.4
p002403,upi.com,ib.adnxs.com,request,2.6-202606,openrtb.field.undefined,error,imp[2].battr,3.2.4
p002403,upi.com,ib.adnxs.com,request,2.6-202606,openrtb.field.undefined,error,imp[3].battr,3.2.4
p002403,upi.com,ib.adnxs.com,request,2.6-202606,openrtb.field.undefined,error,imp[4].battr,3.2.4
p002403,upi.com,ib.adnxs.com,request,2.6-202606,openrtb.field.undefined,error,imp[5].battr,3.2.4
p002403,upi.com,ib.adnxs.com,request,2.6-202606,openrtb.field.undefined,error,imp[6].battr,3.2.4
p002404,upi.com,ib.adnxs.com,request,2.6-202606,openrtb.field.undefined,error,geo,3.2.1
p002404,upi.com,ib.adnxs.com,request,2.6-202606,openrtb.field.undefined,error,imp[0].battr,3.2.4
p002404,upi.com,ib.adnxs.com,request,2.6-202606,openrtb.field.undefined,error,imp[1].battr,3.2.4
p002404,upi.com,ib.adnxs.com,request,2.6-202606,openrtb.field.undefined,error,imp[2].battr,3.2.4
p002404,upi.com,ib.adnxs.com,request,2.6-202606,openrtb.field.undefined,error,imp[3].battr,3.2.4
p002405,vivitusuerte.com,ib.adnxs.com,request,2.6-202606,openrtb.value.invalid,error,imp[0].video.skip,3.2.7
p002405,vivitusuerte.com,ib.adnxs.com,request,2.6-202606,openrtb.field.moved,error,regs.ext.gdpr,Section 3.2.3
p002405,vivitusuerte.com,ib.adnxs.com,request,2.6-202606,openrtb.field.moved,error,user.ext.consent,Section 3.2.20
p002406,vivitusuerte.com,ib.adnxs.com,request,2.6-202606,openrtb.value.invalid,error,imp[0].video.skip,3.2.7
p002406,vivitusuerte.com,ib.adnxs.com,request,2.6-202606,openrtb.field.moved,error,regs.ext.gdpr,Section 3.2.3
p002406,vivitusuerte.com,ib.adnxs.com,request,2.6-202606,openrtb.field.moved,error,user.ext.consent,Section 3.2.20
p002407,vivitusuerte.com,ib.adnxs.com,request,2.6-202606,openrtb.value.invalid,error,imp[0].video.skip,3.2.7
p002407,vivitusuerte.com,ib.adnxs.com,request,2.6-202606,openrtb.field.moved,error,regs.ext.gdpr,Section 3.2.3
p002407,vivitusuerte.com,ib.adnxs.com,request,2.6-202606,openrtb.field.moved,error,user.ext.consent,Section 3.2.20
p002408,vivitusuerte.com,ib.adnxs.com,request,2.6-202606,openrtb.value.invalid,error,imp[0].video.skip,3.2.7
p002408,vivitusuerte.com,ib.adnxs.com,request,2.6-202606,openrtb.field.moved,error,regs.ext.gdpr,Section 3.2.3
p002408,vivitusuerte.com,ib.adnxs.com,request,2.6-202606,openrtb.field.moved,error,user.ext.consent,Section 3.2.20
p002409,vivitusuerte.com,ib.adnxs.com,request,2.6-202606,openrtb.value.invalid,error,imp[0].video.skip,3.2.7
p002409,vivitusuerte.com,ib.adnxs.com,request,2.6-202606,openrtb.field.moved,error,regs.ext.gdpr,Section 3.2.3
p002409,vivitusuerte.com,ib.adnxs.com,request,2.6-202606,openrtb.field.moved,error,user.ext.consent,Section 3.2.20
p002410,vivitusuerte.com,ib.adnxs.com,request,2.6-202606,openrtb.value.invalid,error,imp[0].video.skip,3.2.7
p002410,vivitusuerte.com,ib.adnxs.com,request,2.6-202606,openrtb.field.moved,error,regs.ext.gdpr,Section 3.2.3
p002410,vivitusuerte.com,ib.adnxs.com,request,2.6-202606,openrtb.field.moved,error,user.ext.consent,Section 3.2.20
p002411,vivitusuerte.com,ib.adnxs.com,request,2.6-202606,openrtb.value.invalid,error,imp[0].video.skip,3.2.7
p002411,vivitusuerte.com,ib.adnxs.com,request,2.6-202606,openrtb.field.moved,error,regs.ext.gdpr,Section 3.2.3
p002411,vivitusuerte.com,ib.adnxs.com,request,2.6-202606,openrtb.field.moved,error,user.ext.consent,Section 3.2.20
p002412,vivitusuerte.com,ib.adnxs.com,request,2.6-202606,openrtb.value.invalid,error,imp[0].video.skip,3.2.7
p002412,vivitusuerte.com,ib.adnxs.com,request,2.6-202606,openrtb.field.moved,error,regs.ext.gdpr,Section 3.2.3
p002412,vivitusuerte.com,ib.adnxs.com,request,2.6-202606,openrtb.field.moved,error,user.ext.consent,Section 3.2.20
p002413,vivitusuerte.com,ib.adnxs.com,request,2.6-202606,openrtb.value.invalid,error,imp[0].video.skip,3.2.7
p002413,vivitusuerte.com,ib.adnxs.com,request,2.6-202606,openrtb.field.moved,error,regs.ext.gdpr,Section 3.2.3
p002413,vivitusuerte.com,ib.adnxs.com,request,2.6-202606,openrtb.field.moved,error,user.ext.consent,Section 3.2.20
p002414,vivitusuerte.com,ib.adnxs.com,request,2.6-202606,openrtb.value.invalid,error,imp[0].video.skip,3.2.7
p002414,vivitusuerte.com,ib.adnxs.com,request,2.6-202606,openrtb.field.moved,error,regs.ext.gdpr,Section 3.2.3
p002414,vivitusuerte.com,ib.adnxs.com,request,2.6-202606,openrtb.field.moved,error,user.ext.consent,Section 3.2.20
p002415,chl.ca,ib.adnxs.com,response,2.6-202606,openrtb.bid.mtype_missing,warning,seatbid[0].bid[0].mtype,4.2.3
p002416,chl.ca,ib.adnxs.com,response,2.6-202606,openrtb.bid.mtype_missing,warning,seatbid[0].bid[0].mtype,4.2.3
p002416,chl.ca,ib.adnxs.com,response,2.6-202606,openrtb.bid.mtype_missing,warning,seatbid[1].bid[0].mtype,4.2.3
p002416,chl.ca,ib.adnxs.com,response,2.6-202606,openrtb.bid.mtype_missing,warning,seatbid[2].bid[0].mtype,4.2.3
p002416,chl.ca,ib.adnxs.com,response,2.6-202606,openrtb.bid.mtype_missing,warning,seatbid[3].bid[0].mtype,4.2.3
p002416,chl.ca,ib.adnxs.com,response,2.6-202606,openrtb.bid.mtype_missing,warning,seatbid[4].bid[0].mtype,4.2.3
p002417,cifraclub.com,ib.adnxs.com,response,2.6-202606,openrtb.bid.mtype_missing,warning,seatbid[0].bid[0].mtype,4.2.3
p002418,cityam.com,ib.adnxs.com,response,2.6-202606,openrtb.bid.mtype_missing,warning,seatbid[0].bid[0].mtype,4.2.3
p002418,cityam.com,ib.adnxs.com,response,2.6-202606,openrtb.bid.mtype_missing,warning,seatbid[1].bid[0].mtype,4.2.3
p002418,cityam.com,ib.adnxs.com,response,2.6-202606,openrtb.bid.mtype_missing,warning,seatbid[2].bid[0].mtype,4.2.3
p002418,cityam.com,ib.adnxs.com,response,2.6-202606,openrtb.bid.mtype_missing,warning,seatbid[3].bid[0].mtype,4.2.3
p002418,cityam.com,ib.adnxs.com,response,2.6-202606,openrtb.bid.mtype_missing,warning,seatbid[4].bid[0].mtype,4.2.3
p002418,cityam.com,ib.adnxs.com,response,2.6-202606,openrtb.bid.mtype_missing,warning,seatbid[5].bid[0].mtype,4.2.3
p002419,cityam.com,ib.adnxs.com,response,2.6-202606,openrtb.bid.mtype_missing,warning,seatbid[0].bid[0].mtype,4.2.3
p002419,cityam.com,ib.adnxs.com,response,2.6-202606,openrtb.bid.mtype_missing,warning,seatbid[1].bid[0].mtype,4.2.3
p002419,cityam.com,ib.adnxs.com,response,2.6-202606,openrtb.bid.mtype_missing,warning,seatbid[2].bid[0].mtype,4.2.3
p002419,cityam.com,ib.adnxs.com,response,2.6-202606,openrtb.bid.mtype_missing,warning,seatbid[3].bid[0].mtype,4.2.3
p002419,cityam.com,ib.adnxs.com,response,2.6-202606,openrtb.bid.mtype_missing,warning,seatbid[4].bid[0].mtype,4.2.3
p002419,cityam.com,ib.adnxs.com,response,2.6-202606,openrtb.bid.mtype_missing,warning,seatbid[5].bid[0].mtype,4.2.3
p002419,cityam.com,ib.adnxs.com,response,2.6-202606,openrtb.bid.mtype_missing,warning,seatbid[6].bid[0].mtype,4.2.3
p002420,cifraclub.com,ib.adnxs.com,response,2.6-202606,openrtb.bid.mtype_missing,warning,seatbid[0].bid[0].mtype,4.2.3
p002420,cifraclub.com,ib.adnxs.com,response,2.6-202606,openrtb.bid.mtype_missing,warning,seatbid[1].bid[0].mtype,4.2.3
p002421,cityam.com,ib.adnxs.com,response,2.6-202606,openrtb.bid.mtype_missing,warning,seatbid[0].bid[0].mtype,4.2.3
p002421,cityam.com,ib.adnxs.com,response,2.6-202606,openrtb.bid.mtype_missing,warning,seatbid[1].bid[0].mtype,4.2.3
p002421,cityam.com,ib.adnxs.com,response,2.6-202606,openrtb.bid.mtype_missing,warning,seatbid[2].bid[0].mtype,4.2.3
p002421,cityam.com,ib.adnxs.com,response,2.6-202606,openrtb.bid.mtype_missing,warning,seatbid[3].bid[0].mtype,4.2.3
p002421,cityam.com,ib.adnxs.com,response,2.6-202606,openrtb.bid.mtype_missing,warning,seatbid[4].bid[0].mtype,4.2.3
p002421,cityam.com,ib.adnxs.com,response,2.6-202606,openrtb.bid.mtype_missing,warning,seatbid[5].bid[0].mtype,4.2.3
p002422,fox11online.com,ib.adnxs.com,response,2.6-202606,openrtb.bid.mtype_missing,warning,seatbid[0].bid[0].mtype,4.2.3
p002423,fox11online.com,ib.adnxs.com,response,2.6-202606,openrtb.bid.mtype_missing,warning,seatbid[0].bid[0].mtype,4.2.3
p002424,fox11online.com,ib.adnxs.com,response,2.6-202606,openrtb.bid.mtype_missing,warning,seatbid[0].bid[0].mtype,4.2.3
p002425,fox11online.com,ib.adnxs.com,response,2.6-202606,openrtb.bid.mtype_missing,warning,seatbid[0].bid[0].mtype,4.2.3
p002426,fox11online.com,ib.adnxs.com,response,2.6-202606,openrtb.bid.mtype_missing,warning,seatbid[0].bid[0].mtype,4.2.3
p002427,fox11online.com,ib.adnxs.com,response,2.6-202606,openrtb.bid.mtype_missing,warning,seatbid[0].bid[0].mtype,4.2.3
p002428,sozcu.com.tr,ib.adnxs.com,response,2.6-202606,openrtb.bid.mtype_missing,warning,seatbid[0].bid[0].mtype,4.2.3
p002429,sozcu.com.tr,ib.adnxs.com,response,2.6-202606,openrtb.bid.mtype_missing,warning,seatbid[0].bid[0].mtype,4.2.3
p002430,sozcu.com.tr,ib.adnxs.com,response,2.6-202606,openrtb.bid.mtype_missing,warning,seatbid[0].bid[0].mtype,4.2.3
p002431,sozcu.com.tr,ib.adnxs.com,response,2.6-202606,openrtb.bid.mtype_missing,warning,seatbid[0].bid[0].mtype,4.2.3
p002432,sozcu.com.tr,ib.adnxs.com,response,2.6-202606,openrtb.bid.mtype_missing,warning,seatbid[0].bid[0].mtype,4.2.3
p002433,sozcu.com.tr,ib.adnxs.com,response,2.6-202606,openrtb.bid.mtype_missing,warning,seatbid[0].bid[0].mtype,4.2.3
p002434,treehugger.com,ib.adnxs.com,response,2.6-202606,openrtb.bid.mtype_missing,warning,seatbid[0].bid[0].mtype,4.2.3
p002434,treehugger.com,ib.adnxs.com,response,2.6-202606,openrtb.bid.mtype_missing,warning,seatbid[1].bid[0].mtype,4.2.3
p002435,csfd.cz,ice.360yield-basic.com,request,2.5,openrtb.field.undefined,error,device.sua,3.2.18
p002436,csfd.cz,ice.360yield-basic.com,request,2.5,openrtb.field.undefined,error,device.sua,3.2.18
p002437,falstaff.com,ittr-us-e.eskimi.com,request,2.5,openrtb.field.undefined,error,device.sua,3.2.18
p002438,sozcu.com.tr,ittr-us-e.eskimi.com,request,2.5,openrtb.field.undefined,error,device.sua,3.2.18
p002439,sozcu.com.tr,ittr-us-e.eskimi.com,request,2.5,openrtb.field.undefined,error,device.sua,3.2.18
p002440,sozcu.com.tr,ittr-us-e.eskimi.com,request,2.5,openrtb.field.undefined,error,device.sua,3.2.18
p002441,sozcu.com.tr,ittr-us-e.eskimi.com,request,2.5,openrtb.field.undefined,error,device.sua,3.2.18
p002442,sozcu.com.tr,ittr-us-e.eskimi.com,request,2.5,openrtb.field.undefined,error,device.sua,3.2.18
p002443,sozcu.com.tr,ittr-us-e.eskimi.com,request,2.5,openrtb.field.undefined,error,device.sua,3.2.18
p002446,imore.com,mweb-hb.presage.io,request,2.6-202606,openrtb.field.moved,error,regs.ext.gdpr,Section 3.2.3
p002448,imore.com,mweb-hb.presage.io,request,2.6-202606,openrtb.field.moved,error,regs.ext.gdpr,Section 3.2.3
p002449,imore.com,mweb-hb.presage.io,request,2.6-202606,openrtb.field.moved,error,regs.ext.gdpr,Section 3.2.3
p002450,nationaltoday.com,mweb-hb.presage.io,request,2.6-202606,openrtb.field.moved,error,regs.ext.gdpr,Section 3.2.3
p002451,nationaltoday.com,mweb-hb.presage.io,request,2.6-202606,openrtb.field.moved,error,regs.ext.gdpr,Section 3.2.3
p002453,nationaltoday.com,mweb-hb.presage.io,request,2.6-202606,openrtb.field.moved,error,regs.ext.gdpr,Section 3.2.3
p002456,philstar.com,mweb-hb.presage.io,request,2.6-202606,openrtb.field.moved,error,regs.ext.gdpr,Section 3.2.3
p002456,philstar.com,mweb-hb.presage.io,request,2.6-202606,openrtb.field.moved,error,user.ext.consent,Section 3.2.20
p002457,socialblade.com,mweb-hb.presage.io,request,2.6-202606,openrtb.field.undefined,error,imp[0].battr,3.2.4
p002457,socialblade.com,mweb-hb.presage.io,request,2.6-202606,openrtb.field.undefined,error,imp[1].battr,3.2.4
p002457,socialblade.com,mweb-hb.presage.io,request,2.6-202606,openrtb.field.undefined,error,imp[2].battr,3.2.4
p002458,tio.ch,mweb-hb.presage.io,request,2.6-202606,openrtb.field.moved,error,regs.ext.gdpr,Section 3.2.3
p002458,tio.ch,mweb-hb.presage.io,request,2.6-202606,openrtb.field.moved,error,user.ext.consent,Section 3.2.20
p002459,tio.ch,mweb-hb.presage.io,request,2.6-202606,openrtb.field.moved,error,regs.ext.gdpr,Section 3.2.3
p002459,tio.ch,mweb-hb.presage.io,request,2.6-202606,openrtb.field.moved,error,user.ext.consent,Section 3.2.20
p002460,tio.ch,mweb-hb.presage.io,request,2.6-202606,openrtb.field.moved,error,regs.ext.gdpr,Section 3.2.3
p002460,tio.ch,mweb-hb.presage.io,request,2.6-202606,openrtb.field.moved,error,user.ext.consent,Section 3.2.20
p002461,tio.ch,mweb-hb.presage.io,request,2.6-202606,openrtb.field.moved,error,regs.ext.gdpr,Section 3.2.3
p002461,tio.ch,mweb-hb.presage.io,request,2.6-202606,openrtb.field.moved,error,user.ext.consent,Section 3.2.20
p002462,tio.ch,mweb-hb.presage.io,request,2.6-202606,openrtb.field.moved,error,regs.ext.gdpr,Section 3.2.3
p002462,tio.ch,mweb-hb.presage.io,request,2.6-202606,openrtb.field.moved,error,user.ext.consent,Section 3.2.20
p002493,pilotonline.com,npid.amspbs.com,response,2.6-202606,openrtb.response.seatbid_or_nbr.required,error,seatbid,4.2.1
p002496,oneindia.com,o.clickiocdn.com,request,2.6-202606,openrtb.field.undefined,error,user.interests,3.2.20
p002497,oneindia.com,o.clickiocdn.com,request,2.6-202606,openrtb.field.undefined,error,user.interests,3.2.20
p002498,oneindia.com,o.clickiocdn.com,request,2.6-202606,openrtb.field.undefined,error,user.interests,3.2.20
p002499,oneindia.com,o.clickiocdn.com,request,2.6-202606,openrtb.field.undefined,error,user.interests,3.2.20
p002525,liveinternet.ru,pb.adriver.ru,request,2.6-202606,openrtb.field.undefined,error,user.buyerid,3.2.20
p002526,liveinternet.ru,pb.adriver.ru,request,2.6-202606,openrtb.field.undefined,error,user.buyerid,3.2.20
p002531,cupofjo.com,pbs-raptive-us.ay.delivery,request,2.6-202606,openrtb.field.deprecated,warning,imp[0].video.placement,Section 3.2.7
p002531,cupofjo.com,pbs-raptive-us.ay.delivery,request,2.6-202606,openrtb.value.invalid,error,imp[0].video.skip,3.2.7
p002534,halfbakedharvest.com,pbs-raptive-us.ay.delivery,request,2.6-202606,openrtb.field.deprecated,warning,imp[0].video.placement,Section 3.2.7
p002534,halfbakedharvest.com,pbs-raptive-us.ay.delivery,request,2.6-202606,openrtb.value.invalid,error,imp[0].video.skip,3.2.7
p002535,halfbakedharvest.com,pbs-raptive-us.ay.delivery,request,2.6-202606,openrtb.field.deprecated,warning,imp[1].video.placement,Section 3.2.7
p002535,halfbakedharvest.com,pbs-raptive-us.ay.delivery,request,2.6-202606,openrtb.value.invalid,error,imp[1].video.skip,3.2.7
p002535,halfbakedharvest.com,pbs-raptive-us.ay.delivery,request,2.6-202606,openrtb.field.deprecated,warning,imp[3].video.placement,Section 3.2.7
p002535,halfbakedharvest.com,pbs-raptive-us.ay.delivery,request,2.6-202606,openrtb.value.invalid,error,imp[3].video.skip,3.2.7
p002535,halfbakedharvest.com,pbs-raptive-us.ay.delivery,request,2.6-202606,openrtb.field.deprecated,warning,imp[5].video.placement,Section 3.2.7
p002535,halfbakedharvest.com,pbs-raptive-us.ay.delivery,request,2.6-202606,openrtb.value.invalid,error,imp[5].video.skip,3.2.7
p002539,halfbakedharvest.com,pbs-raptive-us.ay.delivery,request,2.6-202606,openrtb.field.deprecated,warning,imp[0].video.placement,Section 3.2.7
p002539,halfbakedharvest.com,pbs-raptive-us.ay.delivery,request,2.6-202606,openrtb.value.invalid,error,imp[0].video.skip,3.2.7
p002540,halfbakedharvest.com,pbs-raptive-us.ay.delivery,request,2.6-202606,openrtb.field.deprecated,warning,imp[0].video.placement,Section 3.2.7
p002540,halfbakedharvest.com,pbs-raptive-us.ay.delivery,request,2.6-202606,openrtb.value.invalid,error,imp[0].video.skip,3.2.7
p002544,ranker.com,pbs-raptive-us.ay.delivery,request,2.6-202606,openrtb.field.deprecated,warning,imp[1].video.placement,Section 3.2.7
p002544,ranker.com,pbs-raptive-us.ay.delivery,request,2.6-202606,openrtb.value.invalid,error,imp[1].video.skip,3.2.7
p002544,ranker.com,pbs-raptive-us.ay.delivery,request,2.6-202606,openrtb.field.deprecated,warning,imp[3].video.placement,Section 3.2.7
p002544,ranker.com,pbs-raptive-us.ay.delivery,request,2.6-202606,openrtb.value.invalid,error,imp[3].video.skip,3.2.7
p002544,ranker.com,pbs-raptive-us.ay.delivery,request,2.6-202606,openrtb.field.deprecated,warning,imp[5].video.placement,Section 3.2.7
p002544,ranker.com,pbs-raptive-us.ay.delivery,request,2.6-202606,openrtb.value.invalid,error,imp[5].video.skip,3.2.7
p002547,ranker.com,pbs-raptive-us.ay.delivery,request,2.6-202606,openrtb.field.deprecated,warning,imp[0].video.placement,Section 3.2.7
p002547,ranker.com,pbs-raptive-us.ay.delivery,request,2.6-202606,openrtb.value.invalid,error,imp[0].video.skip,3.2.7
p002548,ranker.com,pbs-raptive-us.ay.delivery,request,2.6-202606,openrtb.field.deprecated,warning,imp[0].video.placement,Section 3.2.7
p002548,ranker.com,pbs-raptive-us.ay.delivery,request,2.6-202606,openrtb.value.invalid,error,imp[0].video.skip,3.2.7
p002549,ranker.com,pbs-raptive-us.ay.delivery,request,2.6-202606,openrtb.field.deprecated,warning,imp[0].video.placement,Section 3.2.7
p002549,ranker.com,pbs-raptive-us.ay.delivery,request,2.6-202606,openrtb.value.invalid,error,imp[0].video.skip,3.2.7
p002550,ranker.com,pbs-raptive-us.ay.delivery,request,2.6-202606,openrtb.field.deprecated,warning,imp[0].video.placement,Section 3.2.7
p002550,ranker.com,pbs-raptive-us.ay.delivery,request,2.6-202606,openrtb.value.invalid,error,imp[0].video.skip,3.2.7
p002556,salon.com,pbs-raptive-us.ay.delivery,request,2.6-202606,openrtb.field.deprecated,warning,imp[0].video.placement,Section 3.2.7
p002556,salon.com,pbs-raptive-us.ay.delivery,request,2.6-202606,openrtb.value.invalid,error,imp[0].video.skip,3.2.7
p002558,salon.com,pbs-raptive-us.ay.delivery,request,2.6-202606,openrtb.field.deprecated,warning,imp[0].video.placement,Section 3.2.7
p002558,salon.com,pbs-raptive-us.ay.delivery,request,2.6-202606,openrtb.value.invalid,error,imp[0].video.skip,3.2.7
p002559,salon.com,pbs-raptive-us.ay.delivery,request,2.6-202606,openrtb.field.deprecated,warning,imp[1].video.placement,Section 3.2.7
p002559,salon.com,pbs-raptive-us.ay.delivery,request,2.6-202606,openrtb.value.invalid,error,imp[1].video.skip,3.2.7
p002559,salon.com,pbs-raptive-us.ay.delivery,request,2.6-202606,openrtb.field.deprecated,warning,imp[3].video.placement,Section 3.2.7
p002559,salon.com,pbs-raptive-us.ay.delivery,request,2.6-202606,openrtb.value.invalid,error,imp[3].video.skip,3.2.7
p002559,salon.com,pbs-raptive-us.ay.delivery,request,2.6-202606,openrtb.field.deprecated,warning,imp[5].video.placement,Section 3.2.7
p002559,salon.com,pbs-raptive-us.ay.delivery,request,2.6-202606,openrtb.value.invalid,error,imp[5].video.skip,3.2.7
p002565,salon.com,pbs-raptive-us.ay.delivery,request,2.6-202606,openrtb.field.deprecated,warning,imp[0].video.placement,Section 3.2.7
p002565,salon.com,pbs-raptive-us.ay.delivery,request,2.6-202606,openrtb.value.invalid,error,imp[0].video.skip,3.2.7
p002566,salon.com,pbs-raptive-us.ay.delivery,request,2.6-202606,openrtb.field.deprecated,warning,imp[0].video.placement,Section 3.2.7
p002566,salon.com,pbs-raptive-us.ay.delivery,request,2.6-202606,openrtb.value.invalid,error,imp[0].video.skip,3.2.7
p002567,salon.com,pbs-raptive-us.ay.delivery,request,2.6-202606,openrtb.field.deprecated,warning,imp[0].video.placement,Section 3.2.7
p002567,salon.com,pbs-raptive-us.ay.delivery,request,2.6-202606,openrtb.value.invalid,error,imp[0].video.skip,3.2.7
p002569,webdesignerdepot.com,pbs-raptive-us.ay.delivery,request,2.6-202606,openrtb.field.deprecated,warning,imp[0].video.placement,Section 3.2.7
p002569,webdesignerdepot.com,pbs-raptive-us.ay.delivery,request,2.6-202606,openrtb.value.invalid,error,imp[0].video.skip,3.2.7
p002570,webdesignerdepot.com,pbs-raptive-us.ay.delivery,request,2.6-202606,openrtb.field.deprecated,warning,imp[1].video.placement,Section 3.2.7
p002570,webdesignerdepot.com,pbs-raptive-us.ay.delivery,request,2.6-202606,openrtb.value.invalid,error,imp[1].video.skip,3.2.7
p002570,webdesignerdepot.com,pbs-raptive-us.ay.delivery,request,2.6-202606,openrtb.field.deprecated,warning,imp[3].video.placement,Section 3.2.7
p002570,webdesignerdepot.com,pbs-raptive-us.ay.delivery,request,2.6-202606,openrtb.value.invalid,error,imp[3].video.skip,3.2.7
p002570,webdesignerdepot.com,pbs-raptive-us.ay.delivery,request,2.6-202606,openrtb.field.deprecated,warning,imp[5].video.placement,Section 3.2.7
p002570,webdesignerdepot.com,pbs-raptive-us.ay.delivery,request,2.6-202606,openrtb.value.invalid,error,imp[5].video.skip,3.2.7
p002572,webdesignerdepot.com,pbs-raptive-us.ay.delivery,request,2.6-202606,openrtb.field.deprecated,warning,imp[0].video.placement,Section 3.2.7
p002572,webdesignerdepot.com,pbs-raptive-us.ay.delivery,request,2.6-202606,openrtb.value.invalid,error,imp[0].video.skip,3.2.7
p002573,webdesignerdepot.com,pbs-raptive-us.ay.delivery,request,2.6-202606,openrtb.field.deprecated,warning,imp[0].video.placement,Section 3.2.7
p002573,webdesignerdepot.com,pbs-raptive-us.ay.delivery,request,2.6-202606,openrtb.value.invalid,error,imp[0].video.skip,3.2.7
p002574,webdesignerdepot.com,pbs-raptive-us.ay.delivery,request,2.6-202606,openrtb.field.deprecated,warning,imp[0].video.placement,Section 3.2.7
p002574,webdesignerdepot.com,pbs-raptive-us.ay.delivery,request,2.6-202606,openrtb.value.invalid,error,imp[0].video.skip,3.2.7
p002575,webdesignerdepot.com,pbs-raptive-us.ay.delivery,request,2.6-202606,openrtb.field.deprecated,warning,imp[0].video.placement,Section 3.2.7
p002575,webdesignerdepot.com,pbs-raptive-us.ay.delivery,request,2.6-202606,openrtb.value.invalid,error,imp[0].video.skip,3.2.7
p002578,webdesignerdepot.com,pbs-raptive-us.ay.delivery,request,2.6-202606,openrtb.field.deprecated,warning,imp[0].video.placement,Section 3.2.7
p002578,webdesignerdepot.com,pbs-raptive-us.ay.delivery,request,2.6-202606,openrtb.value.invalid,error,imp[0].video.skip,3.2.7
p002580,webdesignerdepot.com,pbs-raptive-us.ay.delivery,request,2.6-202606,openrtb.field.deprecated,warning,imp[1].video.placement,Section 3.2.7
p002580,webdesignerdepot.com,pbs-raptive-us.ay.delivery,request,2.6-202606,openrtb.value.invalid,error,imp[1].video.skip,3.2.7
p002580,webdesignerdepot.com,pbs-raptive-us.ay.delivery,request,2.6-202606,openrtb.field.deprecated,warning,imp[3].video.placement,Section 3.2.7
p002580,webdesignerdepot.com,pbs-raptive-us.ay.delivery,request,2.6-202606,openrtb.value.invalid,error,imp[3].video.skip,3.2.7
p002580,webdesignerdepot.com,pbs-raptive-us.ay.delivery,request,2.6-202606,openrtb.field.deprecated,warning,imp[5].video.placement,Section 3.2.7
p002580,webdesignerdepot.com,pbs-raptive-us.ay.delivery,request,2.6-202606,openrtb.value.invalid,error,imp[5].video.skip,3.2.7
p002582,webdesignerdepot.com,pbs-raptive-us.ay.delivery,request,2.6-202606,openrtb.field.deprecated,warning,imp[1].video.placement,Section 3.2.7
p002582,webdesignerdepot.com,pbs-raptive-us.ay.delivery,request,2.6-202606,openrtb.value.invalid,error,imp[1].video.skip,3.2.7
p002582,webdesignerdepot.com,pbs-raptive-us.ay.delivery,request,2.6-202606,openrtb.field.deprecated,warning,imp[2].video.placement,Section 3.2.7
p002582,webdesignerdepot.com,pbs-raptive-us.ay.delivery,request,2.6-202606,openrtb.value.invalid,error,imp[2].video.skip,3.2.7
p002583,webdesignerdepot.com,pbs-raptive-us.ay.delivery,request,2.6-202606,openrtb.field.deprecated,warning,imp[0].video.placement,Section 3.2.7
p002583,webdesignerdepot.com,pbs-raptive-us.ay.delivery,request,2.6-202606,openrtb.value.invalid,error,imp[0].video.skip,3.2.7
p002584,webdesignerdepot.com,pbs-raptive-us.ay.delivery,request,2.6-202606,openrtb.field.deprecated,warning,imp[0].video.placement,Section 3.2.7
p002584,webdesignerdepot.com,pbs-raptive-us.ay.delivery,request,2.6-202606,openrtb.value.invalid,error,imp[0].video.skip,3.2.7
p002585,webdesignerdepot.com,pbs-raptive-us.ay.delivery,request,2.6-202606,openrtb.field.deprecated,warning,imp[0].video.placement,Section 3.2.7
p002585,webdesignerdepot.com,pbs-raptive-us.ay.delivery,request,2.6-202606,openrtb.value.invalid,error,imp[0].video.skip,3.2.7
p002586,webdesignerdepot.com,pbs-raptive-us.ay.delivery,request,2.6-202606,openrtb.field.deprecated,warning,imp[0].video.placement,Section 3.2.7
p002586,webdesignerdepot.com,pbs-raptive-us.ay.delivery,request,2.6-202606,openrtb.value.invalid,error,imp[0].video.skip,3.2.7
p002589,halfbakedharvest.com,pbs-raptive-us.ay.delivery,response,2.6-202606,openrtb.bid.mtype_missing,warning,seatbid[0].bid[0].mtype,4.2.3
p002590,halfbakedharvest.com,pbs-raptive-us.ay.delivery,response,2.6-202606,openrtb.bid.mtype_missing,warning,seatbid[3].bid[0].mtype,4.2.3
p002590,halfbakedharvest.com,pbs-raptive-us.ay.delivery,response,2.6-202606,openrtb.bid.mtype_missing,warning,seatbid[4].bid[0].mtype,4.2.3
p002591,halfbakedharvest.com,pbs-raptive-us.ay.delivery,response,2.6-202606,openrtb.bid.mtype_missing,warning,seatbid[0].bid[0].mtype,4.2.3
p002601,webdesignerdepot.com,pbs-raptive-us.ay.delivery,response,2.6-202606,openrtb.bid.mtype_missing,warning,seatbid[0].bid[0].mtype,4.2.3
p002604,webdesignerdepot.com,pbs-raptive-us.ay.delivery,response,2.6-202606,openrtb.bid.mtype_missing,warning,seatbid[0].bid[0].mtype,4.2.3
p002605,autoguide.com,pbs-us-east.ay.delivery,request,2.6-202606,openrtb.field.moved,error,regs.ext.gdpr,Section 3.2.3
p002606,autoguide.com,pbs-us-east.ay.delivery,request,2.6-202606,openrtb.field.moved,error,regs.ext.gdpr,Section 3.2.3
p002607,autoguide.com,pbs-us-east.ay.delivery,request,2.6-202606,openrtb.field.moved,error,regs.ext.gdpr,Section 3.2.3
p002608,autoguide.com,pbs-us-east.ay.delivery,request,2.6-202606,openrtb.field.moved,error,regs.ext.gdpr,Section 3.2.3
p002609,autoguide.com,pbs-us-east.ay.delivery,request,2.6-202606,openrtb.field.moved,error,regs.ext.gdpr,Section 3.2.3
p002610,autoguide.com,pbs-us-east.ay.delivery,request,2.6-202606,openrtb.field.moved,error,regs.ext.gdpr,Section 3.2.3
p002611,autoguide.com,pbs-us-east.ay.delivery,request,2.6-202606,openrtb.field.moved,error,regs.ext.gdpr,Section 3.2.3
p002612,autoguide.com,pbs-us-east.ay.delivery,request,2.6-202606,openrtb.field.moved,error,regs.ext.gdpr,Section 3.2.3
p002613,autoguide.com,pbs-us-east.ay.delivery,request,2.6-202606,openrtb.field.moved,error,regs.ext.gdpr,Section 3.2.3
p002614,autoguide.com,pbs-us-east.ay.delivery,request,2.6-202606,openrtb.field.moved,error,regs.ext.gdpr,Section 3.2.3
p002615,autoguide.com,pbs-us-east.ay.delivery,request,2.6-202606,openrtb.field.moved,error,regs.ext.gdpr,Section 3.2.3
p002616,autoguide.com,pbs-us-east.ay.delivery,request,2.6-202606,openrtb.field.moved,error,regs.ext.gdpr,Section 3.2.3
p002617,autoguide.com,pbs-us-east.ay.delivery,request,2.6-202606,openrtb.field.moved,error,regs.ext.gdpr,Section 3.2.3
p002618,autoguide.com,pbs-us-east.ay.delivery,request,2.6-202606,openrtb.field.moved,error,regs.ext.gdpr,Section 3.2.3
p002619,autoguide.com,pbs-us-east.ay.delivery,request,2.6-202606,openrtb.field.moved,error,regs.ext.gdpr,Section 3.2.3
p002622,autoguide.com,pbs-us-east.ay.delivery,response,2.6-202606,openrtb.bid.mtype_missing,warning,seatbid[1].bid[0].mtype,4.2.3
p002623,autoguide.com,pbs-us-east.ay.delivery,response,2.6-202606,openrtb.bid.mtype_missing,warning,seatbid[0].bid[0].mtype,4.2.3
p002624,autoguide.com,pbs-us-east.ay.delivery,response,2.6-202606,openrtb.bid.mtype_missing,warning,seatbid[0].bid[0].mtype,4.2.3
p002625,autoguide.com,pbs-us-east.ay.delivery,response,2.6-202606,openrtb.bid.mtype_missing,warning,seatbid[0].bid[0].mtype,4.2.3
p002626,autoguide.com,pbs-us-east.ay.delivery,response,2.6-202606,openrtb.bid.mtype_missing,warning,seatbid[2].bid[0].mtype,4.2.3
p002627,autoguide.com,pbs-us-east.ay.delivery,response,2.6-202606,openrtb.bid.mtype_missing,warning,seatbid[2].bid[0].mtype,4.2.3
p002628,autoguide.com,pbs-us-east.ay.delivery,response,2.6-202606,openrtb.bid.mtype_missing,warning,seatbid[2].bid[0].mtype,4.2.3
p002629,autoguide.com,pbs-us-east.ay.delivery,response,2.6-202606,openrtb.bid.mtype_missing,warning,seatbid[2].bid[0].mtype,4.2.3
p002630,autoguide.com,pbs-us-east.ay.delivery,response,2.6-202606,openrtb.bid.mtype_missing,warning,seatbid[1].bid[0].mtype,4.2.3
p002631,autoguide.com,pbs-us-east.ay.delivery,response,2.6-202606,openrtb.bid.mtype_missing,warning,seatbid[1].bid[0].mtype,4.2.3
p002632,autoguide.com,pbs-us-east.ay.delivery,response,2.6-202606,openrtb.bid.mtype_missing,warning,seatbid[0].bid[0].mtype,4.2.3
p002633,autoguide.com,pbs-us-east.ay.delivery,response,2.6-202606,openrtb.bid.mtype_missing,warning,seatbid[2].bid[0].mtype,4.2.3
p002634,autoguide.com,pbs-us-east.ay.delivery,response,2.6-202606,openrtb.bid.mtype_missing,warning,seatbid[0].bid[0].mtype,4.2.3
p002635,autoguide.com,pbs-us-east.ay.delivery,response,2.6-202606,openrtb.bid.mtype_missing,warning,seatbid[0].bid[0].mtype,4.2.3
p002636,futbol-11.com,pbs.anyadx.live,request,2.6-202606,openrtb.field.deprecated,warning,imp[0].video.placement,Section 3.2.7
p002636,futbol-11.com,pbs.anyadx.live,request,2.6-202606,openrtb.request.tmax_implausible,warning,tmax,3.2.1
p002637,purposegames.com,pbs.anyadx.live,request,2.6-202606,openrtb.field.deprecated,warning,imp[0].video.placement,Section 3.2.7
p002637,purposegames.com,pbs.anyadx.live,request,2.6-202606,openrtb.request.tmax_implausible,warning,tmax,3.2.1
p002640,purposegames.com,pbs.anyadx.live,request,2.6-202606,openrtb.field.deprecated,warning,imp[0].video.placement,Section 3.2.7
p002640,purposegames.com,pbs.anyadx.live,request,2.6-202606,openrtb.request.tmax_implausible,warning,tmax,3.2.1
p002655,andhrajyothy.com,pbs.nextmillmedia.com,request,2.6-202606,openrtb.type.mismatch,error,site.ref,3.2.13
p002656,fox11online.com,pbs.nextmillmedia.com,request,2.6-202606,openrtb.field.deprecated,warning,imp[0].video.placement,Section 3.2.7
p002656,fox11online.com,pbs.nextmillmedia.com,request,2.6-202606,openrtb.type.mismatch,error,site.ref,3.2.13
p002657,fox11online.com,pbs.nextmillmedia.com,request,2.6-202606,openrtb.type.mismatch,error,site.ref,3.2.13
p002658,fox11online.com,pbs.nextmillmedia.com,request,2.6-202606,openrtb.field.deprecated,warning,imp[0].video.placement,Section 3.2.7
p002658,fox11online.com,pbs.nextmillmedia.com,request,2.6-202606,openrtb.type.mismatch,error,site.ref,3.2.13
p002659,fox11online.com,pbs.nextmillmedia.com,request,2.6-202606,openrtb.type.mismatch,error,site.ref,3.2.13
p002660,rediff.com,pbs.nextmillmedia.com,request,2.6-202606,openrtb.type.mismatch,error,site.ref,3.2.13
p002661,rediff.com,pbs.nextmillmedia.com,request,2.6-202606,openrtb.type.mismatch,error,site.ref,3.2.13
p002662,rediff.com,pbs.nextmillmedia.com,request,2.6-202606,openrtb.type.mismatch,error,site.ref,3.2.13
p002666,psychcentral.com,pbs2418030.adspsp.com,request,2.5,openrtb.field.undefined,error,device.sua,3.2.18
p002667,psychcentral.com,pbs2418030.adspsp.com,request,2.5,openrtb.field.undefined,error,device.sua,3.2.18
p002668,psychcentral.com,pbs2418030.adspsp.com,request,2.5,openrtb.field.undefined,error,device.sua,3.2.18
p002669,psychcentral.com,pbs2418030.adspsp.com,request,2.5,openrtb.field.undefined,error,device.sua,3.2.18
p002670,psychcentral.com,pbs2418030.adspsp.com,request,2.5,openrtb.field.undefined,error,device.sua,3.2.18
p002671,psychcentral.com,pbs2418030.adspsp.com,request,2.5,openrtb.field.undefined,error,device.sua,3.2.18
p002672,psychcentral.com,pbs2418030.adspsp.com,request,2.5,openrtb.field.undefined,error,device.sua,3.2.18
p002682,csfd.cz,prebid-eu.creativecdn.com,request,2.6-202606,openrtb.field.moved,error,regs.ext.gdpr,Section 3.2.3
p002682,csfd.cz,prebid-eu.creativecdn.com,request,2.6-202606,openrtb.field.moved,error,user.ext.consent,Section 3.2.20
p002683,csfd.cz,prebid-eu.creativecdn.com,request,2.6-202606,openrtb.field.moved,error,regs.ext.gdpr,Section 3.2.3
p002683,csfd.cz,prebid-eu.creativecdn.com,request,2.6-202606,openrtb.field.moved,error,user.ext.consent,Section 3.2.20
p002684,csfd.cz,prebid-eu.creativecdn.com,request,2.6-202606,openrtb.type.mismatch,error,imp[2].native.request,3.2.9
p002684,csfd.cz,prebid-eu.creativecdn.com,request,2.6-202606,openrtb.type.mismatch,error,imp[11].native.request,3.2.9
p002684,csfd.cz,prebid-eu.creativecdn.com,request,2.6-202606,openrtb.type.mismatch,error,imp[16].native.request,3.2.9
p002684,csfd.cz,prebid-eu.creativecdn.com,request,2.6-202606,openrtb.type.mismatch,error,imp[19].native.request,3.2.9
p002684,csfd.cz,prebid-eu.creativecdn.com,request,2.6-202606,openrtb.type.mismatch,error,imp[21].native.request,3.2.9
p002684,csfd.cz,prebid-eu.creativecdn.com,request,2.6-202606,openrtb.type.mismatch,error,imp[23].native.request,3.2.9
p002684,csfd.cz,prebid-eu.creativecdn.com,request,2.6-202606,openrtb.field.moved,error,regs.ext.gdpr,Section 3.2.3
p002684,csfd.cz,prebid-eu.creativecdn.com,request,2.6-202606,openrtb.field.moved,error,user.ext.consent,Section 3.2.20
p002685,csfd.cz,prebid-eu.creativecdn.com,request,2.6-202606,openrtb.field.moved,error,regs.ext.gdpr,Section 3.2.3
p002685,csfd.cz,prebid-eu.creativecdn.com,request,2.6-202606,openrtb.field.moved,error,user.ext.consent,Section 3.2.20
p002686,elespectador.com,prebid-eu.creativecdn.com,request,2.6-202606,openrtb.field.moved,error,user.ext.consent,Section 3.2.20
p002687,elespectador.com,prebid-eu.creativecdn.com,request,2.6-202606,openrtb.field.moved,error,user.ext.consent,Section 3.2.20
p002690,haberler.com,prebid-eu.creativecdn.com,request,2.6-202606,openrtb.type.mismatch,error,imp[1].native.request,3.2.9
p002691,haberler.com,prebid-eu.creativecdn.com,request,2.6-202606,openrtb.type.mismatch,error,imp[1].native.request,3.2.9
p002708,prosport.ro,prebid-eu.creativecdn.com,request,2.6-202606,openrtb.field.moved,error,regs.ext.gdpr,Section 3.2.3
p002708,prosport.ro,prebid-eu.creativecdn.com,request,2.6-202606,openrtb.field.moved,error,user.ext.consent,Section 3.2.20
p002709,prosport.ro,prebid-eu.creativecdn.com,request,2.6-202606,openrtb.field.moved,error,regs.ext.gdpr,Section 3.2.3
p002709,prosport.ro,prebid-eu.creativecdn.com,request,2.6-202606,openrtb.field.moved,error,user.ext.consent,Section 3.2.20
p002710,prosport.ro,prebid-eu.creativecdn.com,request,2.6-202606,openrtb.field.moved,error,regs.ext.gdpr,Section 3.2.3
p002710,prosport.ro,prebid-eu.creativecdn.com,request,2.6-202606,openrtb.field.moved,error,user.ext.consent,Section 3.2.20
p002712,sozcu.com.tr,prebid-eu.creativecdn.com,request,2.6-202606,openrtb.field.moved,error,regs.ext.gdpr,Section 3.2.3
p002712,sozcu.com.tr,prebid-eu.creativecdn.com,request,2.6-202606,openrtb.field.moved,error,user.ext.consent,Section 3.2.20
p002714,sozcu.com.tr,prebid-eu.creativecdn.com,request,2.6-202606,openrtb.field.moved,error,regs.ext.gdpr,Section 3.2.3
p002714,sozcu.com.tr,prebid-eu.creativecdn.com,request,2.6-202606,openrtb.field.moved,error,user.ext.consent,Section 3.2.20
p002715,sozcu.com.tr,prebid-eu.creativecdn.com,request,2.6-202606,openrtb.field.moved,error,regs.ext.gdpr,Section 3.2.3
p002715,sozcu.com.tr,prebid-eu.creativecdn.com,request,2.6-202606,openrtb.field.moved,error,user.ext.consent,Section 3.2.20
p002716,sozcu.com.tr,prebid-eu.creativecdn.com,request,2.6-202606,openrtb.field.moved,error,regs.ext.gdpr,Section 3.2.3
p002716,sozcu.com.tr,prebid-eu.creativecdn.com,request,2.6-202606,openrtb.field.moved,error,user.ext.consent,Section 3.2.20
p002726,philstar.com,prebid-server.pbstck.com,response,2.6-202606,openrtb.field.undefined,error,seatbid[0].bid[0].cpm,4.2.3
p002726,philstar.com,prebid-server.pbstck.com,response,2.6-202606,openrtb.field.undefined,error,seatbid[0].bid[0].creativeId,4.2.3
p002726,philstar.com,prebid-server.pbstck.com,response,2.6-202606,openrtb.field.undefined,error,seatbid[0].bid[0].netRevenue,4.2.3
p002726,philstar.com,prebid-server.pbstck.com,response,2.6-202606,openrtb.field.undefined,error,seatbid[0].bid[0].ttl,4.2.3
p002727,philstar.com,prebid-server.pbstck.com,response,2.6-202606,openrtb.field.undefined,error,seatbid[0].bid[0].cpm,4.2.3
p002727,philstar.com,prebid-server.pbstck.com,response,2.6-202606,openrtb.field.undefined,error,seatbid[0].bid[0].creativeId,4.2.3
p002727,philstar.com,prebid-server.pbstck.com,response,2.6-202606,openrtb.field.undefined,error,seatbid[0].bid[0].netRevenue,4.2.3
p002727,philstar.com,prebid-server.pbstck.com,response,2.6-202606,openrtb.field.undefined,error,seatbid[0].bid[0].ttl,4.2.3
p002728,barcablaugranes.com,prebid-server.rubiconproject.com,request,2.6-202606,openrtb.type.mismatch,error,site.publisher.id,3.2.15
p002729,businessinsider.com,prebid-server.rubiconproject.com,request,2.6-202606,openrtb.type.mismatch,error,site.publisher.id,3.2.15
p002730,barcablaugranes.com,prebid-server.rubiconproject.com,request,2.6-202606,openrtb.type.mismatch,error,site.publisher.id,3.2.15
p002731,barcablaugranes.com,prebid-server.rubiconproject.com,request,2.6-202606,openrtb.type.mismatch,error,site.publisher.id,3.2.15
p002732,barcablaugranes.com,prebid-server.rubiconproject.com,request,2.6-202606,openrtb.type.mismatch,error,site.publisher.id,3.2.15
p002733,barcablaugranes.com,prebid-server.rubiconproject.com,request,2.6-202606,openrtb.type.mismatch,error,site.publisher.id,3.2.15
p002734,businessinsider.com,prebid-server.rubiconproject.com,request,2.6-202606,openrtb.type.mismatch,error,site.publisher.id,3.2.15
p002735,businessinsider.com,prebid-server.rubiconproject.com,request,2.6-202606,openrtb.type.mismatch,error,site.publisher.id,3.2.15
p002736,businessinsider.com,prebid-server.rubiconproject.com,request,2.6-202606,openrtb.type.mismatch,error,site.publisher.id,3.2.15
p002737,barcablaugranes.com,prebid-server.rubiconproject.com,request,2.6-202606,openrtb.type.mismatch,error,site.publisher.id,3.2.15
p002738,barcablaugranes.com,prebid-server.rubiconproject.com,request,2.6-202606,openrtb.type.mismatch,error,site.publisher.id,3.2.15
p002739,barcablaugranes.com,prebid-server.rubiconproject.com,request,2.6-202606,openrtb.type.mismatch,error,site.publisher.id,3.2.15
p002740,barcablaugranes.com,prebid-server.rubiconproject.com,request,2.6-202606,openrtb.type.mismatch,error,site.publisher.id,3.2.15
p002741,chicagotribune.com,prebid-server.rubiconproject.com,request,2.6-202606,openrtb.field.deprecated,warning,imp[0].video.placement,Section 3.2.7
p002742,chicagotribune.com,prebid-server.rubiconproject.com,request,2.6-202606,openrtb.field.deprecated,warning,imp[0].video.placement,Section 3.2.7
p002743,chicagotribune.com,prebid-server.rubiconproject.com,request,2.6-202606,openrtb.field.deprecated,warning,imp[0].video.placement,Section 3.2.7
p002744,chicagotribune.com,prebid-server.rubiconproject.com,request,2.6-202606,openrtb.field.deprecated,warning,imp[0].video.placement,Section 3.2.7
p002745,chicagotribune.com,prebid-server.rubiconproject.com,request,2.6-202606,openrtb.field.deprecated,warning,imp[0].video.placement,Section 3.2.7
p002746,cityam.com,prebid-server.rubiconproject.com,request,2.6-202606,openrtb.field.moved,error,regs.ext.gdpr,Section 3.2.3
p002746,cityam.com,prebid-server.rubiconproject.com,request,2.6-202606,openrtb.type.mismatch,error,site.publisher.id,3.2.15
p002747,cityam.com,prebid-server.rubiconproject.com,request,2.6-202606,openrtb.field.moved,error,regs.ext.gdpr,Section 3.2.3
p002747,cityam.com,prebid-server.rubiconproject.com,request,2.6-202606,openrtb.type.mismatch,error,site.publisher.id,3.2.15
p002748,cityam.com,prebid-server.rubiconproject.com,request,2.6-202606,openrtb.field.moved,error,regs.ext.gdpr,Section 3.2.3
p002748,cityam.com,prebid-server.rubiconproject.com,request,2.6-202606,openrtb.type.mismatch,error,site.publisher.id,3.2.15
p002749,cupofjo.com,prebid-server.rubiconproject.com,request,2.6-202606,openrtb.field.deprecated,warning,imp[0].video.placement,Section 3.2.7
p002749,cupofjo.com,prebid-server.rubiconproject.com,request,2.6-202606,openrtb.value.invalid,error,imp[0].video.skip,3.2.7
p002750,dhnet.be,prebid-server.rubiconproject.com,request,2.6-202606,openrtb.field.moved,error,regs.ext.gdpr,Section 3.2.3
p002750,dhnet.be,prebid-server.rubiconproject.com,request,2.6-202606,openrtb.field.moved,error,user.ext.consent,Section 3.2.20
p002751,dhnet.be,prebid-server.rubiconproject.com,request,2.6-202606,openrtb.field.moved,error,regs.ext.gdpr,Section 3.2.3
p002751,dhnet.be,prebid-server.rubiconproject.com,request,2.6-202606,openrtb.field.moved,error,user.ext.consent,Section 3.2.20
p002752,eonline.com,prebid-server.rubiconproject.com,request,2.6-202606,openrtb.field.deprecated,warning,imp[0].video.placement,Section 3.2.7
p002752,eonline.com,prebid-server.rubiconproject.com,request,2.6-202606,openrtb.value.invalid,error,imp[0].video.skip,3.2.7
p002753,eonline.com,prebid-server.rubiconproject.com,request,2.6-202606,openrtb.field.deprecated,warning,imp[0].video.placement,Section 3.2.7
p002753,eonline.com,prebid-server.rubiconproject.com,request,2.6-202606,openrtb.value.invalid,error,imp[0].video.skip,3.2.7
p002754,eonline.com,prebid-server.rubiconproject.com,request,2.6-202606,openrtb.field.deprecated,warning,imp[0].video.placement,Section 3.2.7
p002754,eonline.com,prebid-server.rubiconproject.com,request,2.6-202606,openrtb.value.invalid,error,imp[0].video.skip,3.2.7
p002755,eonline.com,prebid-server.rubiconproject.com,request,2.6-202606,openrtb.field.deprecated,warning,imp[0].video.placement,Section 3.2.7
p002755,eonline.com,prebid-server.rubiconproject.com,request,2.6-202606,openrtb.value.invalid,error,imp[0].video.skip,3.2.7
p002756,eonline.com,prebid-server.rubiconproject.com,request,2.6-202606,openrtb.field.deprecated,warning,imp[0].video.placement,Section 3.2.7
p002756,eonline.com,prebid-server.rubiconproject.com,request,2.6-202606,openrtb.value.invalid,error,imp[0].video.skip,3.2.7
p002757,eonline.com,prebid-server.rubiconproject.com,request,2.6-202606,openrtb.field.deprecated,warning,imp[0].video.placement,Section 3.2.7
p002757,eonline.com,prebid-server.rubiconproject.com,request,2.6-202606,openrtb.value.invalid,error,imp[0].video.skip,3.2.7
p002758,eonline.com,prebid-server.rubiconproject.com,request,2.6-202606,openrtb.field.deprecated,warning,imp[0].video.placement,Section 3.2.7
p002758,eonline.com,prebid-server.rubiconproject.com,request,2.6-202606,openrtb.value.invalid,error,imp[0].video.skip,3.2.7
p002759,fncstatic.com,prebid-server.rubiconproject.com,request,2.6-202606,openrtb.field.deprecated,warning,imp[0].video.placement,Section 3.2.7
p002759,fncstatic.com,prebid-server.rubiconproject.com,request,2.6-202606,openrtb.field.undefined,error,publisher,3.2.1
p002760,fncstatic.com,prebid-server.rubiconproject.com,request,2.6-202606,openrtb.field.deprecated,warning,imp[0].video.placement,Section 3.2.7
p002760,fncstatic.com,prebid-server.rubiconproject.com,request,2.6-202606,openrtb.field.undefined,error,publisher,3.2.1
p002761,fox11online.com,prebid-server.rubiconproject.com,request,2.6-202606,openrtb.field.deprecated,warning,imp[0].video.placement,Section 3.2.7
p002761,fox11online.com,prebid-server.rubiconproject.com,request,2.6-202606,openrtb.value.invalid,error,imp[0].video.skip,3.2.7
p002762,fox11online.com,prebid-server.rubiconproject.com,request,2.6-202606,openrtb.field.deprecated,warning,imp[0].video.placement,Section 3.2.7
p002762,fox11online.com,prebid-server.rubiconproject.com,request,2.6-202606,openrtb.value.invalid,error,imp[0].video.skip,3.2.7
p002763,fox11online.com,prebid-server.rubiconproject.com,request,2.6-202606,openrtb.field.deprecated,warning,imp[0].video.placement,Section 3.2.7
p002763,fox11online.com,prebid-server.rubiconproject.com,request,2.6-202606,openrtb.value.invalid,error,imp[0].video.skip,3.2.7
p002764,fox11online.com,prebid-server.rubiconproject.com,request,2.6-202606,openrtb.field.deprecated,warning,imp[0].video.placement,Section 3.2.7
p002764,fox11online.com,prebid-server.rubiconproject.com,request,2.6-202606,openrtb.value.invalid,error,imp[0].video.skip,3.2.7
p002765,fox11online.com,prebid-server.rubiconproject.com,request,2.6-202606,openrtb.field.deprecated,warning,imp[0].video.placement,Section 3.2.7
p002765,fox11online.com,prebid-server.rubiconproject.com,request,2.6-202606,openrtb.value.invalid,error,imp[0].video.skip,3.2.7
p002766,fox11online.com,prebid-server.rubiconproject.com,request,2.6-202606,openrtb.field.deprecated,warning,imp[0].video.placement,Section 3.2.7
p002766,fox11online.com,prebid-server.rubiconproject.com,request,2.6-202606,openrtb.value.invalid,error,imp[0].video.skip,3.2.7
p002767,fox11online.com,prebid-server.rubiconproject.com,request,2.6-202606,openrtb.field.deprecated,warning,imp[0].video.placement,Section 3.2.7
p002767,fox11online.com,prebid-server.rubiconproject.com,request,2.6-202606,openrtb.value.invalid,error,imp[0].video.skip,3.2.7
p002768,fox11online.com,prebid-server.rubiconproject.com,request,2.6-202606,openrtb.field.deprecated,warning,imp[0].video.placement,Section 3.2.7
p002768,fox11online.com,prebid-server.rubiconproject.com,request,2.6-202606,openrtb.type.mismatch,error,site.content.cat,3.2.16
p002768,fox11online.com,prebid-server.rubiconproject.com,request,2.6-202606,openrtb.field.undefined,error,site.content.pagecat,3.2.16
p002769,fox11online.com,prebid-server.rubiconproject.com,request,2.6-202606,openrtb.field.deprecated,warning,imp[0].video.placement,Section 3.2.7
p002769,fox11online.com,prebid-server.rubiconproject.com,request,2.6-202606,openrtb.type.mismatch,error,site.content.cat,3.2.16
p002769,fox11online.com,prebid-server.rubiconproject.com,request,2.6-202606,openrtb.field.undefined,error,site.content.pagecat,3.2.16
p002770,fox11online.com,prebid-server.rubiconproject.com,request,2.6-202606,openrtb.field.deprecated,warning,imp[0].video.placement,Section 3.2.7
p002770,fox11online.com,prebid-server.rubiconproject.com,request,2.6-202606,openrtb.type.mismatch,error,site.content.cat,3.2.16
p002770,fox11online.com,prebid-server.rubiconproject.com,request,2.6-202606,openrtb.field.undefined,error,site.content.pagecat,3.2.16
p002771,fox11online.com,prebid-server.rubiconproject.com,request,2.6-202606,openrtb.field.deprecated,warning,imp[0].video.placement,Section 3.2.7
p002771,fox11online.com,prebid-server.rubiconproject.com,request,2.6-202606,openrtb.value.invalid,error,imp[0].video.skip,3.2.7
p002772,fox11online.com,prebid-server.rubiconproject.com,request,2.6-202606,openrtb.field.deprecated,warning,imp[0].video.placement,Section 3.2.7
p002772,fox11online.com,prebid-server.rubiconproject.com,request,2.6-202606,openrtb.value.invalid,error,imp[0].video.skip,3.2.7
p002773,fox11online.com,prebid-server.rubiconproject.com,request,2.6-202606,openrtb.field.deprecated,warning,imp[0].video.placement,Section 3.2.7
p002773,fox11online.com,prebid-server.rubiconproject.com,request,2.6-202606,openrtb.value.invalid,error,imp[0].video.skip,3.2.7
p002774,genealogy.com,prebid-server.rubiconproject.com,request,2.6-202606,openrtb.field.undefined,error,device.geo.state,3.2.19
p002774,genealogy.com,prebid-server.rubiconproject.com,request,2.6-202606,openrtb.field.deprecated,warning,imp[0].video.placement,Section 3.2.7
p002774,genealogy.com,prebid-server.rubiconproject.com,request,2.6-202606,openrtb.value.invalid,error,imp[0].video.skip,3.2.7
p002775,genealogy.com,prebid-server.rubiconproject.com,request,2.6-202606,openrtb.field.undefined,error,device.geo.state,3.2.19
p002775,genealogy.com,prebid-server.rubiconproject.com,request,2.6-202606,openrtb.field.deprecated,warning,imp[0].video.placement,Section 3.2.7
p002775,genealogy.com,prebid-server.rubiconproject.com,request,2.6-202606,openrtb.value.invalid,error,imp[0].video.skip,3.2.7
p002776,genealogy.com,prebid-server.rubiconproject.com,request,2.6-202606,openrtb.field.undefined,error,device.geo.state,3.2.19
p002776,genealogy.com,prebid-server.rubiconproject.com,request,2.6-202606,openrtb.field.deprecated,warning,imp[0].video.placement,Section 3.2.7
p002777,genealogy.com,prebid-server.rubiconproject.com,request,2.6-202606,openrtb.field.undefined,error,device.geo.state,3.2.19
p002777,genealogy.com,prebid-server.rubiconproject.com,request,2.6-202606,openrtb.field.deprecated,warning,imp[0].video.placement,Section 3.2.7
p002778,giantfreakinrobot.com,prebid-server.rubiconproject.com,request,2.6-202606,openrtb.field.deprecated,warning,imp[0].video.placement,Section 3.2.7
p002778,giantfreakinrobot.com,prebid-server.rubiconproject.com,request,2.6-202606,openrtb.value.invalid,error,imp[0].video.skip,3.2.7
p002779,halfbakedharvest.com,prebid-server.rubiconproject.com,request,2.6-202606,openrtb.field.deprecated,warning,imp[0].video.placement,Section 3.2.7
p002779,halfbakedharvest.com,prebid-server.rubiconproject.com,request,2.6-202606,openrtb.value.invalid,error,imp[0].video.skip,3.2.7
p002782,halfbakedharvest.com,prebid-server.rubiconproject.com,request,2.6-202606,openrtb.field.deprecated,warning,imp[0].video.placement,Section 3.2.7
p002782,halfbakedharvest.com,prebid-server.rubiconproject.com,request,2.6-202606,openrtb.value.invalid,error,imp[0].video.skip,3.2.7
p002783,halfbakedharvest.com,prebid-server.rubiconproject.com,request,2.6-202606,openrtb.field.deprecated,warning,imp[0].video.placement,Section 3.2.7
p002783,halfbakedharvest.com,prebid-server.rubiconproject.com,request,2.6-202606,openrtb.value.invalid,error,imp[0].video.skip,3.2.7
p002784,halfbakedharvest.com,prebid-server.rubiconproject.com,request,2.6-202606,openrtb.field.deprecated,warning,imp[0].video.placement,Section 3.2.7
p002784,halfbakedharvest.com,prebid-server.rubiconproject.com,request,2.6-202606,openrtb.value.invalid,error,imp[0].video.skip,3.2.7
p002786,namemc.com,prebid-server.rubiconproject.com,request,2.6-202606,openrtb.field.deprecated,warning,imp[0].video.placement,Section 3.2.7
p002786,namemc.com,prebid-server.rubiconproject.com,request,2.6-202606,openrtb.type.mismatch,error,site.content.cat,3.2.16
p002786,namemc.com,prebid-server.rubiconproject.com,request,2.6-202606,openrtb.field.undefined,error,site.content.pagecat,3.2.16
p002787,namemc.com,prebid-server.rubiconproject.com,request,2.6-202606,openrtb.field.deprecated,warning,imp[0].video.placement,Section 3.2.7
p002787,namemc.com,prebid-server.rubiconproject.com,request,2.6-202606,openrtb.type.mismatch,error,site.content.cat,3.2.16
p002787,namemc.com,prebid-server.rubiconproject.com,request,2.6-202606,openrtb.field.undefined,error,site.content.pagecat,3.2.16
p002788,namemc.com,prebid-server.rubiconproject.com,request,2.6-202606,openrtb.field.deprecated,warning,imp[0].video.placement,Section 3.2.7
p002788,namemc.com,prebid-server.rubiconproject.com,request,2.6-202606,openrtb.type.mismatch,error,site.content.cat,3.2.16
p002788,namemc.com,prebid-server.rubiconproject.com,request,2.6-202606,openrtb.field.undefined,error,site.content.pagecat,3.2.16
p002789,namemc.com,prebid-server.rubiconproject.com,request,2.6-202606,openrtb.field.deprecated,warning,imp[0].video.placement,Section 3.2.7
p002789,namemc.com,prebid-server.rubiconproject.com,request,2.6-202606,openrtb.type.mismatch,error,site.content.cat,3.2.16
p002789,namemc.com,prebid-server.rubiconproject.com,request,2.6-202606,openrtb.field.undefined,error,site.content.pagecat,3.2.16
p002790,namemc.com,prebid-server.rubiconproject.com,request,2.6-202606,openrtb.field.deprecated,warning,imp[0].video.placement,Section 3.2.7
p002790,namemc.com,prebid-server.rubiconproject.com,request,2.6-202606,openrtb.type.mismatch,error,site.content.cat,3.2.16
p002790,namemc.com,prebid-server.rubiconproject.com,request,2.6-202606,openrtb.field.undefined,error,site.content.pagecat,3.2.16
p002791,namemc.com,prebid-server.rubiconproject.com,request,2.6-202606,openrtb.field.deprecated,warning,imp[0].video.placement,Section 3.2.7
p002791,namemc.com,prebid-server.rubiconproject.com,request,2.6-202606,openrtb.type.mismatch,error,site.content.cat,3.2.16
p002791,namemc.com,prebid-server.rubiconproject.com,request,2.6-202606,openrtb.field.undefined,error,site.content.pagecat,3.2.16
p002792,myjoyonline.com,prebid-server.rubiconproject.com,request,2.6-202606,openrtb.field.deprecated,warning,imp[0].video.placement,Section 3.2.7
p002793,nationaltoday.com,prebid-server.rubiconproject.com,request,2.6-202606,openrtb.field.deprecated,warning,imp[0].video.placement,Section 3.2.7
p002793,nationaltoday.com,prebid-server.rubiconproject.com,request,2.6-202606,openrtb.type.mismatch,error,site.content.cat,3.2.16
p002793,nationaltoday.com,prebid-server.rubiconproject.com,request,2.6-202606,openrtb.field.undefined,error,site.content.pagecat,3.2.16
p002794,nationaltoday.com,prebid-server.rubiconproject.com,request,2.6-202606,openrtb.field.deprecated,warning,imp[0].video.placement,Section 3.2.7
p002794,nationaltoday.com,prebid-server.rubiconproject.com,request,2.6-202606,openrtb.type.mismatch,error,site.content.cat,3.2.16
p002794,nationaltoday.com,prebid-server.rubiconproject.com,request,2.6-202606,openrtb.field.undefined,error,site.content.pagecat,3.2.16
p002795,nesn.com,prebid-server.rubiconproject.com,request,2.6-202606,openrtb.field.deprecated,warning,imp[0].video.placement,Section 3.2.7
p002796,nesn.com,prebid-server.rubiconproject.com,request,2.6-202606,openrtb.field.deprecated,warning,imp[0].video.placement,Section 3.2.7
p002796,nesn.com,prebid-server.rubiconproject.com,request,2.6-202606,openrtb.field.deprecated,warning,imp[1].video.placement,Section 3.2.7
p002797,nesn.com,prebid-server.rubiconproject.com,request,2.6-202606,openrtb.field.deprecated,warning,imp[0].video.placement,Section 3.2.7
p002798,nesn.com,prebid-server.rubiconproject.com,request,2.6-202606,openrtb.field.deprecated,warning,imp[0].video.placement,Section 3.2.7
p002798,nesn.com,prebid-server.rubiconproject.com,request,2.6-202606,openrtb.field.deprecated,warning,imp[1].video.placement,Section 3.2.7
p002799,nesn.com,prebid-server.rubiconproject.com,request,2.6-202606,openrtb.field.deprecated,warning,imp[0].video.placement,Section 3.2.7
p002800,nintendoeverything.com,prebid-server.rubiconproject.com,request,2.6-202606,openrtb.field.deprecated,warning,imp[0].video.placement,Section 3.2.7
p002800,nintendoeverything.com,prebid-server.rubiconproject.com,request,2.6-202606,openrtb.value.invalid,error,imp[0].video.skip,3.2.7
p002801,nintendoeverything.com,prebid-server.rubiconproject.com,request,2.6-202606,openrtb.field.deprecated,warning,imp[0].video.placement,Section 3.2.7
p002801,nintendoeverything.com,prebid-server.rubiconproject.com,request,2.6-202606,openrtb.value.invalid,error,imp[0].video.skip,3.2.7
p002801,nintendoeverything.com,prebid-server.rubiconproject.com,request,2.6-202606,openrtb.field.deprecated,warning,imp[1].video.placement,Section 3.2.7
p002801,nintendoeverything.com,prebid-server.rubiconproject.com,request,2.6-202606,openrtb.value.invalid,error,imp[1].video.skip,3.2.7
p002802,nintendoeverything.com,prebid-server.rubiconproject.com,request,2.6-202606,openrtb.field.deprecated,warning,imp[0].video.placement,Section 3.2.7
p002802,nintendoeverything.com,prebid-server.rubiconproject.com,request,2.6-202606,openrtb.value.invalid,error,imp[0].video.skip,3.2.7
p002803,nintendoeverything.com,prebid-server.rubiconproject.com,request,2.6-202606,openrtb.field.deprecated,warning,imp[0].video.placement,Section 3.2.7
p002803,nintendoeverything.com,prebid-server.rubiconproject.com,request,2.6-202606,openrtb.value.invalid,error,imp[0].video.skip,3.2.7
p002804,nintendoeverything.com,prebid-server.rubiconproject.com,request,2.6-202606,openrtb.field.deprecated,warning,imp[0].video.placement,Section 3.2.7
p002804,nintendoeverything.com,prebid-server.rubiconproject.com,request,2.6-202606,openrtb.value.invalid,error,imp[0].video.skip,3.2.7
p002805,nintendoeverything.com,prebid-server.rubiconproject.com,request,2.6-202606,openrtb.field.deprecated,warning,imp[0].video.placement,Section 3.2.7
p002805,nintendoeverything.com,prebid-server.rubiconproject.com,request,2.6-202606,openrtb.value.invalid,error,imp[0].video.skip,3.2.7
p002805,nintendoeverything.com,prebid-server.rubiconproject.com,request,2.6-202606,openrtb.field.deprecated,warning,imp[1].video.placement,Section 3.2.7
p002805,nintendoeverything.com,prebid-server.rubiconproject.com,request,2.6-202606,openrtb.value.invalid,error,imp[1].video.skip,3.2.7
p002805,nintendoeverything.com,prebid-server.rubiconproject.com,request,2.6-202606,openrtb.field.deprecated,warning,imp[2].video.placement,Section 3.2.7
p002805,nintendoeverything.com,prebid-server.rubiconproject.com,request,2.6-202606,openrtb.value.invalid,error,imp[2].video.skip,3.2.7
p002806,nintendoeverything.com,prebid-server.rubiconproject.com,request,2.6-202606,openrtb.field.deprecated,warning,imp[0].video.placement,Section 3.2.7
p002807,nintendoeverything.com,prebid-server.rubiconproject.com,request,2.6-202606,openrtb.field.deprecated,warning,imp[0].video.placement,Section 3.2.7
p002807,nintendoeverything.com,prebid-server.rubiconproject.com,request,2.6-202606,openrtb.value.invalid,error,imp[0].video.skip,3.2.7
p002808,nintendoeverything.com,prebid-server.rubiconproject.com,request,2.6-202606,openrtb.field.deprecated,warning,imp[0].video.placement,Section 3.2.7
p002809,nintendoeverything.com,prebid-server.rubiconproject.com,request,2.6-202606,openrtb.field.deprecated,warning,imp[0].video.placement,Section 3.2.7
p002810,outsideonline.com,prebid-server.rubiconproject.com,request,2.6-202606,openrtb.field.moved,error,regs.ext.gdpr,Section 3.2.3
p002810,outsideonline.com,prebid-server.rubiconproject.com,request,2.6-202606,openrtb.type.mismatch,error,site.publisher.id,3.2.15
p002811,outsideonline.com,prebid-server.rubiconproject.com,request,2.6-202606,openrtb.field.moved,error,regs.ext.gdpr,Section 3.2.3
p002811,outsideonline.com,prebid-server.rubiconproject.com,request,2.6-202606,openrtb.type.mismatch,error,site.publisher.id,3.2.15
p002812,outsideonline.com,prebid-server.rubiconproject.com,request,2.6-202606,openrtb.field.moved,error,regs.ext.gdpr,Section 3.2.3
p002812,outsideonline.com,prebid-server.rubiconproject.com,request,2.6-202606,openrtb.type.mismatch,error,site.publisher.id,3.2.15
p002813,outsideonline.com,prebid-server.rubiconproject.com,request,2.6-202606,openrtb.field.moved,error,regs.ext.gdpr,Section 3.2.3
p002813,outsideonline.com,prebid-server.rubiconproject.com,request,2.6-202606,openrtb.type.mismatch,error,site.publisher.id,3.2.15
p002814,outsideonline.com,prebid-server.rubiconproject.com,request,2.6-202606,openrtb.field.moved,error,regs.ext.gdpr,Section 3.2.3
p002814,outsideonline.com,prebid-server.rubiconproject.com,request,2.6-202606,openrtb.type.mismatch,error,site.publisher.id,3.2.15
p002815,outsideonline.com,prebid-server.rubiconproject.com,request,2.6-202606,openrtb.field.moved,error,regs.ext.gdpr,Section 3.2.3
p002815,outsideonline.com,prebid-server.rubiconproject.com,request,2.6-202606,openrtb.type.mismatch,error,site.publisher.id,3.2.15
p002816,outsideonline.com,prebid-server.rubiconproject.com,request,2.6-202606,openrtb.field.moved,error,regs.ext.gdpr,Section 3.2.3
p002816,outsideonline.com,prebid-server.rubiconproject.com,request,2.6-202606,openrtb.type.mismatch,error,site.publisher.id,3.2.15
p002817,outsideonline.com,prebid-server.rubiconproject.com,request,2.6-202606,openrtb.field.moved,error,regs.ext.gdpr,Section 3.2.3
p002817,outsideonline.com,prebid-server.rubiconproject.com,request,2.6-202606,openrtb.type.mismatch,error,site.publisher.id,3.2.15
p002818,outsideonline.com,prebid-server.rubiconproject.com,request,2.6-202606,openrtb.field.moved,error,regs.ext.gdpr,Section 3.2.3
p002818,outsideonline.com,prebid-server.rubiconproject.com,request,2.6-202606,openrtb.type.mismatch,error,site.publisher.id,3.2.15
p002819,outsideonline.com,prebid-server.rubiconproject.com,request,2.6-202606,openrtb.field.moved,error,regs.ext.gdpr,Section 3.2.3
p002819,outsideonline.com,prebid-server.rubiconproject.com,request,2.6-202606,openrtb.type.mismatch,error,site.publisher.id,3.2.15
p002820,outsideonline.com,prebid-server.rubiconproject.com,request,2.6-202606,openrtb.field.moved,error,regs.ext.gdpr,Section 3.2.3
p002820,outsideonline.com,prebid-server.rubiconproject.com,request,2.6-202606,openrtb.type.mismatch,error,site.publisher.id,3.2.15
p002821,outsideonline.com,prebid-server.rubiconproject.com,request,2.6-202606,openrtb.field.moved,error,regs.ext.gdpr,Section 3.2.3
p002821,outsideonline.com,prebid-server.rubiconproject.com,request,2.6-202606,openrtb.type.mismatch,error,site.publisher.id,3.2.15
p002822,outsideonline.com,prebid-server.rubiconproject.com,request,2.6-202606,openrtb.field.moved,error,regs.ext.gdpr,Section 3.2.3
p002822,outsideonline.com,prebid-server.rubiconproject.com,request,2.6-202606,openrtb.type.mismatch,error,site.publisher.id,3.2.15
p002823,outsideonline.com,prebid-server.rubiconproject.com,request,2.6-202606,openrtb.field.moved,error,regs.ext.gdpr,Section 3.2.3
p002823,outsideonline.com,prebid-server.rubiconproject.com,request,2.6-202606,openrtb.type.mismatch,error,site.publisher.id,3.2.15
p002824,outsideonline.com,prebid-server.rubiconproject.com,request,2.6-202606,openrtb.field.moved,error,regs.ext.gdpr,Section 3.2.3
p002824,outsideonline.com,prebid-server.rubiconproject.com,request,2.6-202606,openrtb.type.mismatch,error,site.publisher.id,3.2.15
p002825,outsideonline.com,prebid-server.rubiconproject.com,request,2.6-202606,openrtb.field.moved,error,regs.ext.gdpr,Section 3.2.3
p002825,outsideonline.com,prebid-server.rubiconproject.com,request,2.6-202606,openrtb.type.mismatch,error,site.publisher.id,3.2.15
p002826,pilotonline.com,prebid-server.rubiconproject.com,request,2.6-202606,openrtb.field.deprecated,warning,imp[0].video.placement,Section 3.2.7
p002827,pilotonline.com,prebid-server.rubiconproject.com,request,2.6-202606,openrtb.field.deprecated,warning,imp[0].video.placement,Section 3.2.7
p002828,pilotonline.com,prebid-server.rubiconproject.com,request,2.6-202606,openrtb.field.deprecated,warning,imp[0].video.placement,Section 3.2.7
p002829,psychcentral.com,prebid-server.rubiconproject.com,request,2.6-202606,openrtb.field.deprecated,warning,imp[0].video.placement,Section 3.2.7
p002833,ranker.com,prebid-server.rubiconproject.com,request,2.6-202606,openrtb.field.deprecated,warning,imp[0].video.placement,Section 3.2.7
p002833,ranker.com,prebid-server.rubiconproject.com,request,2.6-202606,openrtb.value.invalid,error,imp[0].video.skip,3.2.7
p002834,ranker.com,prebid-server.rubiconproject.com,request,2.6-202606,openrtb.field.deprecated,warning,imp[0].video.placement,Section 3.2.7
p002834,ranker.com,prebid-server.rubiconproject.com,request,2.6-202606,openrtb.value.invalid,error,imp[0].video.skip,3.2.7
p002835,ranker.com,prebid-server.rubiconproject.com,request,2.6-202606,openrtb.field.deprecated,warning,imp[0].video.placement,Section 3.2.7
p002835,ranker.com,prebid-server.rubiconproject.com,request,2.6-202606,openrtb.value.invalid,error,imp[0].video.skip,3.2.7
p002836,ranker.com,prebid-server.rubiconproject.com,request,2.6-202606,openrtb.field.deprecated,warning,imp[0].video.placement,Section 3.2.7
p002836,ranker.com,prebid-server.rubiconproject.com,request,2.6-202606,openrtb.value.invalid,error,imp[0].video.skip,3.2.7
p002837,self.com,prebid-server.rubiconproject.com,request,2.6-202606,openrtb.field.deprecated,warning,imp[0].video.placement,Section 3.2.7
p002837,self.com,prebid-server.rubiconproject.com,request,2.6-202606,openrtb.fields.mutually_exclusive,error,site.keywords,3.2.13
p002838,salon.com,prebid-server.rubiconproject.com,request,2.6-202606,openrtb.field.deprecated,warning,imp[0].video.placement,Section 3.2.7
p002838,salon.com,prebid-server.rubiconproject.com,request,2.6-202606,openrtb.value.invalid,error,imp[0].video.skip,3.2.7
p002840,salon.com,prebid-server.rubiconproject.com,request,2.6-202606,openrtb.field.deprecated,warning,imp[0].video.placement,Section 3.2.7
p002840,salon.com,prebid-server.rubiconproject.com,request,2.6-202606,openrtb.value.invalid,error,imp[0].video.skip,3.2.7
p002847,salon.com,prebid-server.rubiconproject.com,request,2.6-202606,openrtb.field.deprecated,warning,imp[0].video.placement,Section 3.2.7
p002847,salon.com,prebid-server.rubiconproject.com,request,2.6-202606,openrtb.value.invalid,error,imp[0].video.skip,3.2.7
p002848,salon.com,prebid-server.rubiconproject.com,request,2.6-202606,openrtb.field.deprecated,warning,imp[0].video.placement,Section 3.2.7
p002848,salon.com,prebid-server.rubiconproject.com,request,2.6-202606,openrtb.value.invalid,error,imp[0].video.skip,3.2.7
p002849,salon.com,prebid-server.rubiconproject.com,request,2.6-202606,openrtb.field.deprecated,warning,imp[0].video.placement,Section 3.2.7
p002849,salon.com,prebid-server.rubiconproject.com,request,2.6-202606,openrtb.value.invalid,error,imp[0].video.skip,3.2.7
p002850,socialblade.com,prebid-server.rubiconproject.com,request,2.6-202606,openrtb.field.undefined,error,imp[0].battr,3.2.4
p002850,socialblade.com,prebid-server.rubiconproject.com,request,2.6-202606,openrtb.field.deprecated,warning,imp[0].video.placement,Section 3.2.7
p002850,socialblade.com,prebid-server.rubiconproject.com,request,2.6-202606,openrtb.value.invalid,error,imp[0].video.skip,3.2.7
p002851,self.com,prebid-server.rubiconproject.com,request,2.6-202606,openrtb.field.deprecated,warning,imp[0].video.placement,Section 3.2.7
p002851,self.com,prebid-server.rubiconproject.com,request,2.6-202606,openrtb.fields.mutually_exclusive,error,site.keywords,3.2.13
p002852,socialblade.com,prebid-server.rubiconproject.com,request,2.6-202606,openrtb.field.undefined,error,imp[0].battr,3.2.4
p002852,socialblade.com,prebid-server.rubiconproject.com,request,2.6-202606,openrtb.field.deprecated,warning,imp[0].video.placement,Section 3.2.7
p002852,socialblade.com,prebid-server.rubiconproject.com,request,2.6-202606,openrtb.value.invalid,error,imp[0].video.skip,3.2.7
p002853,sozcu.com.tr,prebid-server.rubiconproject.com,request,2.6-202606,openrtb.field.deprecated,warning,imp[0].video.placement,Section 3.2.7
p002853,sozcu.com.tr,prebid-server.rubiconproject.com,request,2.6-202606,openrtb.field.moved,error,regs.ext.gdpr,Section 3.2.3
p002853,sozcu.com.tr,prebid-server.rubiconproject.com,request,2.6-202606,openrtb.field.moved,error,user.ext.consent,Section 3.2.20
p002854,sozcu.com.tr,prebid-server.rubiconproject.com,request,2.6-202606,openrtb.field.deprecated,warning,imp[0].video.placement,Section 3.2.7
p002854,sozcu.com.tr,prebid-server.rubiconproject.com,request,2.6-202606,openrtb.field.moved,error,regs.ext.gdpr,Section 3.2.3
p002855,sozcu.com.tr,prebid-server.rubiconproject.com,request,2.6-202606,openrtb.field.deprecated,warning,imp[0].video.placement,Section 3.2.7
p002855,sozcu.com.tr,prebid-server.rubiconproject.com,request,2.6-202606,openrtb.field.moved,error,regs.ext.gdpr,Section 3.2.3
p002855,sozcu.com.tr,prebid-server.rubiconproject.com,request,2.6-202606,openrtb.field.moved,error,user.ext.consent,Section 3.2.20
p002856,sozcu.com.tr,prebid-server.rubiconproject.com,request,2.6-202606,openrtb.field.deprecated,warning,imp[0].video.placement,Section 3.2.7
p002856,sozcu.com.tr,prebid-server.rubiconproject.com,request,2.6-202606,openrtb.field.moved,error,regs.ext.gdpr,Section 3.2.3
p002856,sozcu.com.tr,prebid-server.rubiconproject.com,request,2.6-202606,openrtb.field.moved,error,user.ext.consent,Section 3.2.20
p002857,sozcu.com.tr,prebid-server.rubiconproject.com,request,2.6-202606,openrtb.field.deprecated,warning,imp[0].video.placement,Section 3.2.7
p002857,sozcu.com.tr,prebid-server.rubiconproject.com,request,2.6-202606,openrtb.field.moved,error,regs.ext.gdpr,Section 3.2.3
p002857,sozcu.com.tr,prebid-server.rubiconproject.com,request,2.6-202606,openrtb.field.moved,error,user.ext.consent,Section 3.2.20
p002858,tennessean.com,prebid-server.rubiconproject.com,request,2.6-202606,openrtb.field.deprecated,warning,imp[0].video.placement,Section 3.2.7
p002858,tennessean.com,prebid-server.rubiconproject.com,request,2.6-202606,openrtb.value.invalid,error,imp[0].video.skip,3.2.7
p002859,thesun.ie,prebid-server.rubiconproject.com,request,2.6-202606,openrtb.field.moved,error,regs.ext.gdpr,Section 3.2.3
p002859,thesun.ie,prebid-server.rubiconproject.com,request,2.6-202606,openrtb.type.mismatch,error,site.publisher.id,3.2.15
p002860,thesun.ie,prebid-server.rubiconproject.com,request,2.6-202606,openrtb.field.moved,error,regs.ext.gdpr,Section 3.2.3
p002860,thesun.ie,prebid-server.rubiconproject.com,request,2.6-202606,openrtb.type.mismatch,error,site.publisher.id,3.2.15
p002861,thesun.ie,prebid-server.rubiconproject.com,request,2.6-202606,openrtb.field.moved,error,regs.ext.gdpr,Section 3.2.3
p002861,thesun.ie,prebid-server.rubiconproject.com,request,2.6-202606,openrtb.type.mismatch,error,site.publisher.id,3.2.15
p002862,thesun.ie,prebid-server.rubiconproject.com,request,2.6-202606,openrtb.field.moved,error,regs.ext.gdpr,Section 3.2.3
p002862,thesun.ie,prebid-server.rubiconproject.com,request,2.6-202606,openrtb.type.mismatch,error,site.publisher.id,3.2.15
p002863,thesun.ie,prebid-server.rubiconproject.com,request,2.6-202606,openrtb.field.deprecated,warning,imp[0].video.placement,Section 3.2.7
p002863,thesun.ie,prebid-server.rubiconproject.com,request,2.6-202606,openrtb.field.moved,error,regs.ext.gdpr,Section 3.2.3
p002864,thesun.ie,prebid-server.rubiconproject.com,request,2.6-202606,openrtb.field.moved,error,regs.ext.gdpr,Section 3.2.3
p002864,thesun.ie,prebid-server.rubiconproject.com,request,2.6-202606,openrtb.type.mismatch,error,site.publisher.id,3.2.15
p002865,thesun.ie,prebid-server.rubiconproject.com,request,2.6-202606,openrtb.field.moved,error,regs.ext.gdpr,Section 3.2.3
p002865,thesun.ie,prebid-server.rubiconproject.com,request,2.6-202606,openrtb.type.mismatch,error,site.publisher.id,3.2.15
p002866,thesun.ie,prebid-server.rubiconproject.com,request,2.6-202606,openrtb.field.deprecated,warning,imp[0].video.placement,Section 3.2.7
p002866,thesun.ie,prebid-server.rubiconproject.com,request,2.6-202606,openrtb.field.moved,error,regs.ext.gdpr,Section 3.2.3
p002867,thesun.ie,prebid-server.rubiconproject.com,request,2.6-202606,openrtb.field.moved,error,regs.ext.gdpr,Section 3.2.3
p002867,thesun.ie,prebid-server.rubiconproject.com,request,2.6-202606,openrtb.type.mismatch,error,site.publisher.id,3.2.15
p002868,tio.ch,prebid-server.rubiconproject.com,request,2.6-202606,openrtb.field.deprecated,warning,imp[0].video.placement,Section 3.2.7
p002868,tio.ch,prebid-server.rubiconproject.com,request,2.6-202606,openrtb.value.invalid,error,imp[0].video.skip,3.2.7
p002868,tio.ch,prebid-server.rubiconproject.com,request,2.6-202606,openrtb.field.moved,error,regs.ext.gdpr,Section 3.2.3
p002868,tio.ch,prebid-server.rubiconproject.com,request,2.6-202606,openrtb.field.moved,error,user.ext.consent,Section 3.2.20
p002869,upi.com,prebid-server.rubiconproject.com,request,2.6-202606,openrtb.field.deprecated,warning,imp[0].video.placement,Section 3.2.7
p002869,upi.com,prebid-server.rubiconproject.com,request,2.6-202606,openrtb.field.undefined,error,site.content.pagecat,3.2.16
p002870,upi.com,prebid-server.rubiconproject.com,request,2.6-202606,openrtb.field.deprecated,warning,imp[0].video.placement,Section 3.2.7
p002870,upi.com,prebid-server.rubiconproject.com,request,2.6-202606,openrtb.field.undefined,error,site.content.pagecat,3.2.16
p002871,upi.com,prebid-server.rubiconproject.com,request,2.6-202606,openrtb.field.deprecated,warning,imp[0].video.placement,Section 3.2.7
p002871,upi.com,prebid-server.rubiconproject.com,request,2.6-202606,openrtb.field.undefined,error,site.content.pagecat,3.2.16
p002872,upi.com,prebid-server.rubiconproject.com,request,2.6-202606,openrtb.field.deprecated,warning,imp[0].video.placement,Section 3.2.7
p002872,upi.com,prebid-server.rubiconproject.com,request,2.6-202606,openrtb.field.undefined,error,site.content.pagecat,3.2.16
p002873,upi.com,prebid-server.rubiconproject.com,request,2.6-202606,openrtb.field.deprecated,warning,imp[0].video.placement,Section 3.2.7
p002873,upi.com,prebid-server.rubiconproject.com,request,2.6-202606,openrtb.field.undefined,error,site.content.pagecat,3.2.16
p002874,upi.com,prebid-server.rubiconproject.com,request,2.6-202606,openrtb.field.deprecated,warning,imp[0].video.placement,Section 3.2.7
p002874,upi.com,prebid-server.rubiconproject.com,request,2.6-202606,openrtb.field.undefined,error,site.content.pagecat,3.2.16
p002875,upi.com,prebid-server.rubiconproject.com,request,2.6-202606,openrtb.field.deprecated,warning,imp[0].video.placement,Section 3.2.7
p002875,upi.com,prebid-server.rubiconproject.com,request,2.6-202606,openrtb.field.undefined,error,site.content.pagecat,3.2.16
p002876,upi.com,prebid-server.rubiconproject.com,request,2.6-202606,openrtb.field.deprecated,warning,imp[0].video.placement,Section 3.2.7
p002876,upi.com,prebid-server.rubiconproject.com,request,2.6-202606,openrtb.field.undefined,error,site.content.pagecat,3.2.16
p002877,upi.com,prebid-server.rubiconproject.com,request,2.6-202606,openrtb.field.deprecated,warning,imp[0].video.placement,Section 3.2.7
p002877,upi.com,prebid-server.rubiconproject.com,request,2.6-202606,openrtb.field.undefined,error,site.content.pagecat,3.2.16
p002878,upi.com,prebid-server.rubiconproject.com,request,2.6-202606,openrtb.field.deprecated,warning,imp[0].video.placement,Section 3.2.7
p002878,upi.com,prebid-server.rubiconproject.com,request,2.6-202606,openrtb.field.undefined,error,site.content.pagecat,3.2.16
p002879,vivitusuerte.com,prebid-server.rubiconproject.com,request,2.6-202606,openrtb.value.invalid,error,imp[0].video.skip,3.2.7
p002879,vivitusuerte.com,prebid-server.rubiconproject.com,request,2.6-202606,openrtb.field.moved,error,regs.ext.gdpr,Section 3.2.3
p002879,vivitusuerte.com,prebid-server.rubiconproject.com,request,2.6-202606,openrtb.field.moved,error,user.ext.consent,Section 3.2.20
p002880,vivitusuerte.com,prebid-server.rubiconproject.com,request,2.6-202606,openrtb.value.invalid,error,imp[0].video.skip,3.2.7
p002880,vivitusuerte.com,prebid-server.rubiconproject.com,request,2.6-202606,openrtb.field.moved,error,regs.ext.gdpr,Section 3.2.3
p002880,vivitusuerte.com,prebid-server.rubiconproject.com,request,2.6-202606,openrtb.field.moved,error,user.ext.consent,Section 3.2.20
p002881,vivitusuerte.com,prebid-server.rubiconproject.com,request,2.6-202606,openrtb.value.invalid,error,imp[0].video.skip,3.2.7
p002881,vivitusuerte.com,prebid-server.rubiconproject.com,request,2.6-202606,openrtb.field.moved,error,regs.ext.gdpr,Section 3.2.3
p002881,vivitusuerte.com,prebid-server.rubiconproject.com,request,2.6-202606,openrtb.field.moved,error,user.ext.consent,Section 3.2.20
p002882,vivitusuerte.com,prebid-server.rubiconproject.com,request,2.6-202606,openrtb.value.invalid,error,imp[0].video.skip,3.2.7
p002882,vivitusuerte.com,prebid-server.rubiconproject.com,request,2.6-202606,openrtb.field.moved,error,regs.ext.gdpr,Section 3.2.3
p002882,vivitusuerte.com,prebid-server.rubiconproject.com,request,2.6-202606,openrtb.field.moved,error,user.ext.consent,Section 3.2.20
p002883,vivitusuerte.com,prebid-server.rubiconproject.com,request,2.6-202606,openrtb.value.invalid,error,imp[0].video.skip,3.2.7
p002883,vivitusuerte.com,prebid-server.rubiconproject.com,request,2.6-202606,openrtb.field.moved,error,regs.ext.gdpr,Section 3.2.3
p002883,vivitusuerte.com,prebid-server.rubiconproject.com,request,2.6-202606,openrtb.field.moved,error,user.ext.consent,Section 3.2.20
p002884,webdesignerdepot.com,prebid-server.rubiconproject.com,request,2.6-202606,openrtb.field.deprecated,warning,imp[0].video.placement,Section 3.2.7
p002884,webdesignerdepot.com,prebid-server.rubiconproject.com,request,2.6-202606,openrtb.value.invalid,error,imp[0].video.skip,3.2.7
p002887,webdesignerdepot.com,prebid-server.rubiconproject.com,request,2.6-202606,openrtb.field.deprecated,warning,imp[0].video.placement,Section 3.2.7
p002887,webdesignerdepot.com,prebid-server.rubiconproject.com,request,2.6-202606,openrtb.value.invalid,error,imp[0].video.skip,3.2.7
p002888,webdesignerdepot.com,prebid-server.rubiconproject.com,request,2.6-202606,openrtb.field.deprecated,warning,imp[0].video.placement,Section 3.2.7
p002888,webdesignerdepot.com,prebid-server.rubiconproject.com,request,2.6-202606,openrtb.value.invalid,error,imp[0].video.skip,3.2.7
p002892,webdesignerdepot.com,prebid-server.rubiconproject.com,request,2.6-202606,openrtb.field.deprecated,warning,imp[0].video.placement,Section 3.2.7
p002892,webdesignerdepot.com,prebid-server.rubiconproject.com,request,2.6-202606,openrtb.value.invalid,error,imp[0].video.skip,3.2.7
p002893,webdesignerdepot.com,prebid-server.rubiconproject.com,request,2.6-202606,openrtb.field.deprecated,warning,imp[0].video.placement,Section 3.2.7
p002893,webdesignerdepot.com,prebid-server.rubiconproject.com,request,2.6-202606,openrtb.value.invalid,error,imp[0].video.skip,3.2.7
p002894,webdesignerdepot.com,prebid-server.rubiconproject.com,request,2.6-202606,openrtb.field.deprecated,warning,imp[0].video.placement,Section 3.2.7
p002894,webdesignerdepot.com,prebid-server.rubiconproject.com,request,2.6-202606,openrtb.value.invalid,error,imp[0].video.skip,3.2.7
p002913,cityam.com,prebid-server.rubiconproject.com,response,2.6-202606,openrtb.bid.mtype_missing,warning,seatbid[0].bid[0].mtype,4.2.3
p002913,cityam.com,prebid-server.rubiconproject.com,response,2.6-202606,openrtb.bid.mtype_missing,warning,seatbid[0].bid[1].mtype,4.2.3
p002913,cityam.com,prebid-server.rubiconproject.com,response,2.6-202606,openrtb.bid.mtype_missing,warning,seatbid[0].bid[2].mtype,4.2.3
p002913,cityam.com,prebid-server.rubiconproject.com,response,2.6-202606,openrtb.bid.mtype_missing,warning,seatbid[0].bid[3].mtype,4.2.3
p002913,cityam.com,prebid-server.rubiconproject.com,response,2.6-202606,openrtb.bid.mtype_missing,warning,seatbid[0].bid[4].mtype,4.2.3
p002913,cityam.com,prebid-server.rubiconproject.com,response,2.6-202606,openrtb.bid.mtype_missing,warning,seatbid[0].bid[5].mtype,4.2.3
p002913,cityam.com,prebid-server.rubiconproject.com,response,2.6-202606,openrtb.bid.mtype_missing,warning,seatbid[0].bid[6].mtype,4.2.3
p002914,cityam.com,prebid-server.rubiconproject.com,response,2.6-202606,openrtb.bid.mtype_missing,warning,seatbid[1].bid[0].mtype,4.2.3
p002914,cityam.com,prebid-server.rubiconproject.com,response,2.6-202606,openrtb.bid.mtype_missing,warning,seatbid[1].bid[1].mtype,4.2.3
p002914,cityam.com,prebid-server.rubiconproject.com,response,2.6-202606,openrtb.bid.mtype_missing,warning,seatbid[1].bid[2].mtype,4.2.3
p002914,cityam.com,prebid-server.rubiconproject.com,response,2.6-202606,openrtb.bid.mtype_missing,warning,seatbid[1].bid[3].mtype,4.2.3
p002914,cityam.com,prebid-server.rubiconproject.com,response,2.6-202606,openrtb.bid.mtype_missing,warning,seatbid[1].bid[4].mtype,4.2.3
p002914,cityam.com,prebid-server.rubiconproject.com,response,2.6-202606,openrtb.bid.mtype_missing,warning,seatbid[1].bid[5].mtype,4.2.3
p002914,cityam.com,prebid-server.rubiconproject.com,response,2.6-202606,openrtb.bid.mtype_missing,warning,seatbid[1].bid[6].mtype,4.2.3
p002915,cityam.com,prebid-server.rubiconproject.com,response,2.6-202606,openrtb.bid.mtype_missing,warning,seatbid[1].bid[0].mtype,4.2.3
p002915,cityam.com,prebid-server.rubiconproject.com,response,2.6-202606,openrtb.bid.mtype_missing,warning,seatbid[1].bid[1].mtype,4.2.3
p002915,cityam.com,prebid-server.rubiconproject.com,response,2.6-202606,openrtb.bid.mtype_missing,warning,seatbid[1].bid[2].mtype,4.2.3
p002915,cityam.com,prebid-server.rubiconproject.com,response,2.6-202606,openrtb.bid.mtype_missing,warning,seatbid[1].bid[3].mtype,4.2.3
p002915,cityam.com,prebid-server.rubiconproject.com,response,2.6-202606,openrtb.bid.mtype_missing,warning,seatbid[1].bid[4].mtype,4.2.3
p002915,cityam.com,prebid-server.rubiconproject.com,response,2.6-202606,openrtb.bid.mtype_missing,warning,seatbid[1].bid[5].mtype,4.2.3
p002974,nintendoeverything.com,prebid-server.rubiconproject.com,response,2.6-202606,openrtb.field.deprecated,warning,seatbid[0].bid[0].api,4.2.3
p002977,outsideonline.com,prebid-server.rubiconproject.com,response,2.6-202606,openrtb.bid.mtype_missing,warning,seatbid[0].bid[0].mtype,4.2.3
p002979,outsideonline.com,prebid-server.rubiconproject.com,response,2.6-202606,openrtb.bid.mtype_missing,warning,seatbid[0].bid[0].mtype,4.2.3
p002983,outsideonline.com,prebid-server.rubiconproject.com,response,2.6-202606,openrtb.bid.mtype_missing,warning,seatbid[0].bid[0].mtype,4.2.3
p002985,outsideonline.com,prebid-server.rubiconproject.com,response,2.6-202606,openrtb.bid.mtype_missing,warning,seatbid[1].bid[0].mtype,4.2.3
p002990,outsideonline.com,prebid-server.rubiconproject.com,response,2.6-202606,openrtb.bid.mtype_missing,warning,seatbid[0].bid[0].mtype,4.2.3
p002991,outsideonline.com,prebid-server.rubiconproject.com,response,2.6-202606,openrtb.bid.mtype_missing,warning,seatbid[0].bid[0].mtype,4.2.3
p003060,em.com.br,prebid-us.creativecdn.com,request,2.6-202606,openrtb.type.mismatch,error,imp[5].native.request,3.2.9
p003060,em.com.br,prebid-us.creativecdn.com,request,2.6-202606,openrtb.type.mismatch,error,imp[6].native.request,3.2.9
p003060,em.com.br,prebid-us.creativecdn.com,request,2.6-202606,openrtb.type.mismatch,error,imp[7].native.request,3.2.9
p003060,em.com.br,prebid-us.creativecdn.com,request,2.6-202606,openrtb.type.mismatch,error,imp[8].native.request,3.2.9
p003064,em.com.br,prebid-us.creativecdn.com,request,2.6-202606,openrtb.type.mismatch,error,imp[5].native.request,3.2.9
p003064,em.com.br,prebid-us.creativecdn.com,request,2.6-202606,openrtb.type.mismatch,error,imp[6].native.request,3.2.9
p003064,em.com.br,prebid-us.creativecdn.com,request,2.6-202606,openrtb.type.mismatch,error,imp[7].native.request,3.2.9
p003064,em.com.br,prebid-us.creativecdn.com,request,2.6-202606,openrtb.type.mismatch,error,imp[8].native.request,3.2.9
p003070,mthai.com,prebid.ad.smaato.net,request,2.6-202606,openrtb.field.moved,error,regs.ext.gdpr,Section 3.2.3
p003071,mthai.com,prebid.ad.smaato.net,request,2.6-202606,openrtb.field.moved,error,regs.ext.gdpr,Section 3.2.3
p003072,mthai.com,prebid.ad.smaato.net,request,2.6-202606,openrtb.field.moved,error,regs.ext.gdpr,Section 3.2.3
p003073,mthai.com,prebid.ad.smaato.net,request,2.6-202606,openrtb.field.moved,error,regs.ext.gdpr,Section 3.2.3
p003074,mthai.com,prebid.ad.smaato.net,request,2.6-202606,openrtb.field.moved,error,regs.ext.gdpr,Section 3.2.3
p003075,mthai.com,prebid.ad.smaato.net,request,2.6-202606,openrtb.field.moved,error,regs.ext.gdpr,Section 3.2.3
p003076,mthai.com,prebid.ad.smaato.net,request,2.6-202606,openrtb.field.moved,error,regs.ext.gdpr,Section 3.2.3
p003077,tennessean.com,prebid.ad.smaato.net,request,2.6-202606,openrtb.field.undefined,error,device.geo.state,3.2.19
p003077,tennessean.com,prebid.ad.smaato.net,request,2.6-202606,openrtb.field.deprecated,warning,imp[0].video.placement,Section 3.2.7
p003077,tennessean.com,prebid.ad.smaato.net,request,2.6-202606,openrtb.value.invalid,error,imp[0].video.skip,3.2.7
p003078,nationaltoday.com,prebid.dblks.net,request,2.6-202606,openrtb.field.undefined,error,device.buyerid,3.2.18
p003078,nationaltoday.com,prebid.dblks.net,request,2.6-202606,openrtb.field.undefined,error,imp[0].floor,3.2.4
p003078,nationaltoday.com,prebid.dblks.net,request,2.6-202606,openrtb.field.undefined,error,imp[0].ortb2,3.2.4
p003078,nationaltoday.com,prebid.dblks.net,request,2.6-202606,openrtb.field.undefined,error,imp[0].placement_id,3.2.4
p003078,nationaltoday.com,prebid.dblks.net,request,2.6-202606,openrtb.type.mismatch,error,imp[0].secure,3.2.4
p003078,nationaltoday.com,prebid.dblks.net,request,2.6-202606,openrtb.field.undefined,error,imp[1].floor,3.2.4
p003078,nationaltoday.com,prebid.dblks.net,request,2.6-202606,openrtb.field.undefined,error,imp[1].ortb2,3.2.4
p003078,nationaltoday.com,prebid.dblks.net,request,2.6-202606,openrtb.field.undefined,error,imp[1].placement_id,3.2.4
p003078,nationaltoday.com,prebid.dblks.net,request,2.6-202606,openrtb.type.mismatch,error,imp[1].secure,3.2.4
p003078,nationaltoday.com,prebid.dblks.net,request,2.6-202606,openrtb.field.undefined,error,imp[2].floor,3.2.4
p003078,nationaltoday.com,prebid.dblks.net,request,2.6-202606,openrtb.field.undefined,error,imp[2].ortb2,3.2.4
p003078,nationaltoday.com,prebid.dblks.net,request,2.6-202606,openrtb.field.undefined,error,imp[2].placement_id,3.2.4
p003078,nationaltoday.com,prebid.dblks.net,request,2.6-202606,openrtb.type.mismatch,error,imp[2].secure,3.2.4
p003078,nationaltoday.com,prebid.dblks.net,request,2.6-202606,openrtb.field.undefined,error,site.schain,3.2.13
p003079,nationaltoday.com,prebid.dblks.net,request,2.6-202606,openrtb.field.undefined,error,device.buyerid,3.2.18
p003079,nationaltoday.com,prebid.dblks.net,request,2.6-202606,openrtb.field.undefined,error,imp[0].floor,3.2.4
p003079,nationaltoday.com,prebid.dblks.net,request,2.6-202606,openrtb.field.undefined,error,imp[0].ortb2,3.2.4
p003079,nationaltoday.com,prebid.dblks.net,request,2.6-202606,openrtb.field.undefined,error,imp[0].placement_id,3.2.4
p003079,nationaltoday.com,prebid.dblks.net,request,2.6-202606,openrtb.type.mismatch,error,imp[0].secure,3.2.4
p003079,nationaltoday.com,prebid.dblks.net,request,2.6-202606,openrtb.field.undefined,error,site.schain,3.2.13
p003080,nationaltoday.com,prebid.dblks.net,request,2.6-202606,openrtb.field.undefined,error,device.buyerid,3.2.18
p003080,nationaltoday.com,prebid.dblks.net,request,2.6-202606,openrtb.field.undefined,error,imp[0].floor,3.2.4
p003080,nationaltoday.com,prebid.dblks.net,request,2.6-202606,openrtb.field.undefined,error,imp[0].ortb2,3.2.4
p003080,nationaltoday.com,prebid.dblks.net,request,2.6-202606,openrtb.field.undefined,error,imp[0].placement_id,3.2.4
p003080,nationaltoday.com,prebid.dblks.net,request,2.6-202606,openrtb.type.mismatch,error,imp[0].secure,3.2.4
p003080,nationaltoday.com,prebid.dblks.net,request,2.6-202606,openrtb.field.undefined,error,imp[1].floor,3.2.4
p003080,nationaltoday.com,prebid.dblks.net,request,2.6-202606,openrtb.field.undefined,error,imp[1].ortb2,3.2.4
p003080,nationaltoday.com,prebid.dblks.net,request,2.6-202606,openrtb.field.undefined,error,imp[1].placement_id,3.2.4
p003080,nationaltoday.com,prebid.dblks.net,request,2.6-202606,openrtb.type.mismatch,error,imp[1].secure,3.2.4
p003080,nationaltoday.com,prebid.dblks.net,request,2.6-202606,openrtb.field.undefined,error,imp[2].floor,3.2.4
p003080,nationaltoday.com,prebid.dblks.net,request,2.6-202606,openrtb.field.undefined,error,imp[2].ortb2,3.2.4
p003080,nationaltoday.com,prebid.dblks.net,request,2.6-202606,openrtb.field.undefined,error,imp[2].placement_id,3.2.4
p003080,nationaltoday.com,prebid.dblks.net,request,2.6-202606,openrtb.type.mismatch,error,imp[2].secure,3.2.4
p003080,nationaltoday.com,prebid.dblks.net,request,2.6-202606,openrtb.field.undefined,error,imp[3].floor,3.2.4
p003080,nationaltoday.com,prebid.dblks.net,request,2.6-202606,openrtb.field.undefined,error,imp[3].ortb2,3.2.4
p003080,nationaltoday.com,prebid.dblks.net,request,2.6-202606,openrtb.field.undefined,error,imp[3].placement_id,3.2.4
p003080,nationaltoday.com,prebid.dblks.net,request,2.6-202606,openrtb.type.mismatch,error,imp[3].secure,3.2.4
p003080,nationaltoday.com,prebid.dblks.net,request,2.6-202606,openrtb.field.undefined,error,site.schain,3.2.13
p003081,nationaltoday.com,prebid.dblks.net,response,2.6-202606,openrtb.response.seatbid_or_nbr.required,error,seatbid,4.2.1
p003082,nationaltoday.com,prebid.dblks.net,response,2.6-202606,openrtb.response.seatbid_or_nbr.required,error,seatbid,4.2.1
p003083,nationaltoday.com,prebid.dblks.net,response,2.6-202606,openrtb.response.seatbid_or_nbr.required,error,seatbid,4.2.1
p003086,carsdirect.com,prebid.media.net,request,2.6-202606,openrtb.type.mismatch,error,id,3.2.1
p003086,carsdirect.com,prebid.media.net,request,2.6-202606,openrtb.field.undefined,error,imp[0].all,3.2.4
p003086,carsdirect.com,prebid.media.net,request,2.6-202606,openrtb.type.mismatch,error,imp[0].banner,3.2.4
p003086,carsdirect.com,prebid.media.net,request,2.6-202606,openrtb.field.undefined,error,imp[0].bidfloors,3.2.4
p003086,carsdirect.com,prebid.media.net,request,2.6-202606,openrtb.field.undefined,error,imp[0].ortb2Imp,3.2.4
p003086,carsdirect.com,prebid.media.net,request,2.6-202606,openrtb.field.undefined,error,imp[1].all,3.2.4
p003086,carsdirect.com,prebid.media.net,request,2.6-202606,openrtb.type.mismatch,error,imp[1].banner,3.2.4
p003086,carsdirect.com,prebid.media.net,request,2.6-202606,openrtb.field.undefined,error,imp[1].bidfloors,3.2.4
p003086,carsdirect.com,prebid.media.net,request,2.6-202606,openrtb.field.undefined,error,imp[1].ortb2Imp,3.2.4
p003086,carsdirect.com,prebid.media.net,request,2.6-202606,openrtb.field.undefined,error,ortb2,3.2.1
p003086,carsdirect.com,prebid.media.net,request,2.6-202606,openrtb.field.undefined,error,site.canonical_url,3.2.13
p003086,carsdirect.com,prebid.media.net,request,2.6-202606,openrtb.field.undefined,error,site.isTop,3.2.13
p003086,carsdirect.com,prebid.media.net,request,2.6-202606,openrtb.field.undefined,error,site.topMostLocation,3.2.13
p003087,carsdirect.com,prebid.media.net,request,2.6-202606,openrtb.type.mismatch,error,id,3.2.1
p003087,carsdirect.com,prebid.media.net,request,2.6-202606,openrtb.field.undefined,error,imp[0].all,3.2.4
p003087,carsdirect.com,prebid.media.net,request,2.6-202606,openrtb.type.mismatch,error,imp[0].banner,3.2.4
p003087,carsdirect.com,prebid.media.net,request,2.6-202606,openrtb.field.undefined,error,imp[0].ortb2Imp,3.2.4
p003087,carsdirect.com,prebid.media.net,request,2.6-202606,openrtb.field.undefined,error,ortb2,3.2.1
p003087,carsdirect.com,prebid.media.net,request,2.6-202606,openrtb.field.undefined,error,site.canonical_url,3.2.13
p003087,carsdirect.com,prebid.media.net,request,2.6-202606,openrtb.field.undefined,error,site.isTop,3.2.13
p003087,carsdirect.com,prebid.media.net,request,2.6-202606,openrtb.field.undefined,error,site.topMostLocation,3.2.13
p003088,carsdirect.com,prebid.media.net,request,2.6-202606,openrtb.type.mismatch,error,id,3.2.1
p003088,carsdirect.com,prebid.media.net,request,2.6-202606,openrtb.field.undefined,error,imp[0].all,3.2.4
p003088,carsdirect.com,prebid.media.net,request,2.6-202606,openrtb.type.mismatch,error,imp[0].banner,3.2.4
p003088,carsdirect.com,prebid.media.net,request,2.6-202606,openrtb.field.undefined,error,imp[0].bidfloors,3.2.4
p003088,carsdirect.com,prebid.media.net,request,2.6-202606,openrtb.field.undefined,error,imp[0].ortb2Imp,3.2.4
p003088,carsdirect.com,prebid.media.net,request,2.6-202606,openrtb.field.undefined,error,ortb2,3.2.1
p003088,carsdirect.com,prebid.media.net,request,2.6-202606,openrtb.field.undefined,error,site.canonical_url,3.2.13
p003088,carsdirect.com,prebid.media.net,request,2.6-202606,openrtb.field.undefined,error,site.isTop,3.2.13
p003088,carsdirect.com,prebid.media.net,request,2.6-202606,openrtb.field.undefined,error,site.topMostLocation,3.2.13
p003089,chl.ca,prebid.media.net,request,2.6-202606,openrtb.field.undefined,error,imp[0].all,3.2.4
p003089,chl.ca,prebid.media.net,request,2.6-202606,openrtb.type.mismatch,error,imp[0].banner,3.2.4
p003089,chl.ca,prebid.media.net,request,2.6-202606,openrtb.field.undefined,error,imp[0].bidfloors,3.2.4
p003089,chl.ca,prebid.media.net,request,2.6-202606,openrtb.field.undefined,error,imp[0].ortb2Imp,3.2.4
p003089,chl.ca,prebid.media.net,request,2.6-202606,openrtb.field.undefined,error,imp[0].transactionId,3.2.4
p003089,chl.ca,prebid.media.net,request,2.6-202606,openrtb.field.undefined,error,imp[1].all,3.2.4
p003089,chl.ca,prebid.media.net,request,2.6-202606,openrtb.type.mismatch,error,imp[1].banner,3.2.4
p003089,chl.ca,prebid.media.net,request,2.6-202606,openrtb.field.undefined,error,imp[1].bidfloors,3.2.4
p003089,chl.ca,prebid.media.net,request,2.6-202606,openrtb.field.undefined,error,imp[1].ortb2Imp,3.2.4
p003089,chl.ca,prebid.media.net,request,2.6-202606,openrtb.field.undefined,error,imp[1].transactionId,3.2.4
p003089,chl.ca,prebid.media.net,request,2.6-202606,openrtb.field.undefined,error,imp[2].all,3.2.4
p003089,chl.ca,prebid.media.net,request,2.6-202606,openrtb.type.mismatch,error,imp[2].banner,3.2.4
p003089,chl.ca,prebid.media.net,request,2.6-202606,openrtb.field.undefined,error,imp[2].bidfloors,3.2.4
p003089,chl.ca,prebid.media.net,request,2.6-202606,openrtb.field.undefined,error,imp[2].ortb2Imp,3.2.4
p003089,chl.ca,prebid.media.net,request,2.6-202606,openrtb.field.undefined,error,imp[2].transactionId,3.2.4
p003089,chl.ca,prebid.media.net,request,2.6-202606,openrtb.field.undefined,error,imp[3].all,3.2.4
p003089,chl.ca,prebid.media.net,request,2.6-202606,openrtb.type.mismatch,error,imp[3].banner,3.2.4
p003089,chl.ca,prebid.media.net,request,2.6-202606,openrtb.field.undefined,error,imp[3].bidfloors,3.2.4
p003089,chl.ca,prebid.media.net,request,2.6-202606,openrtb.field.undefined,error,imp[3].ortb2Imp,3.2.4
p003089,chl.ca,prebid.media.net,request,2.6-202606,openrtb.field.undefined,error,imp[3].transactionId,3.2.4
p003089,chl.ca,prebid.media.net,request,2.6-202606,openrtb.field.undefined,error,ortb2,3.2.1
p003089,chl.ca,prebid.media.net,request,2.6-202606,openrtb.field.undefined,error,site.canonical_url,3.2.13
p003089,chl.ca,prebid.media.net,request,2.6-202606,openrtb.field.undefined,error,site.isTop,3.2.13
p003089,chl.ca,prebid.media.net,request,2.6-202606,openrtb.field.undefined,error,site.topMostLocation,3.2.13
p003090,chicagotribune.com,prebid.media.net,request,2.6-202606,openrtb.field.undefined,error,imp[0].all,3.2.4
p003090,chicagotribune.com,prebid.media.net,request,2.6-202606,openrtb.field.undefined,error,imp[0].bidfloors,3.2.4
p003090,chicagotribune.com,prebid.media.net,request,2.6-202606,openrtb.field.undefined,error,imp[0].ortb2Imp,3.2.4
p003090,chicagotribune.com,prebid.media.net,request,2.6-202606,openrtb.field.undefined,error,imp[0].transactionId,3.2.4
p003090,chicagotribune.com,prebid.media.net,request,2.6-202606,openrtb.field.undefined,error,imp[0].video.context,3.2.7
p003090,chicagotribune.com,prebid.media.net,request,2.6-202606,openrtb.field.deprecated,warning,imp[0].video.placement,Section 3.2.7
p003090,chicagotribune.com,prebid.media.net,request,2.6-202606,openrtb.field.undefined,error,imp[0].video.playerSize,3.2.7
p003090,chicagotribune.com,prebid.media.net,request,2.6-202606,openrtb.field.undefined,error,imp[1].all,3.2.4
p003090,chicagotribune.com,prebid.media.net,request,2.6-202606,openrtb.field.undefined,error,imp[1].bidfloors,3.2.4
p003090,chicagotribune.com,prebid.media.net,request,2.6-202606,openrtb.field.undefined,error,imp[1].ortb2Imp,3.2.4
p003090,chicagotribune.com,prebid.media.net,request,2.6-202606,openrtb.field.undefined,error,imp[1].transactionId,3.2.4
p003090,chicagotribune.com,prebid.media.net,request,2.6-202606,openrtb.field.undefined,error,imp[1].video.context,3.2.7
p003090,chicagotribune.com,prebid.media.net,request,2.6-202606,openrtb.field.deprecated,warning,imp[1].video.placement,Section 3.2.7
p003090,chicagotribune.com,prebid.media.net,request,2.6-202606,openrtb.field.undefined,error,imp[1].video.playerSize,3.2.7
p003090,chicagotribune.com,prebid.media.net,request,2.6-202606,openrtb.field.undefined,error,imp[2].all,3.2.4
p003090,chicagotribune.com,prebid.media.net,request,2.6-202606,openrtb.field.undefined,error,imp[2].bidfloors,3.2.4
p003090,chicagotribune.com,prebid.media.net,request,2.6-202606,openrtb.field.undefined,error,imp[2].ortb2Imp,3.2.4
p003090,chicagotribune.com,prebid.media.net,request,2.6-202606,openrtb.field.undefined,error,imp[2].transactionId,3.2.4
p003090,chicagotribune.com,prebid.media.net,request,2.6-202606,openrtb.field.undefined,error,imp[2].video.context,3.2.7
p003090,chicagotribune.com,prebid.media.net,request,2.6-202606,openrtb.field.deprecated,warning,imp[2].video.placement,Section 3.2.7
p003090,chicagotribune.com,prebid.media.net,request,2.6-202606,openrtb.field.undefined,error,imp[2].video.playerSize,3.2.7
p003090,chicagotribune.com,prebid.media.net,request,2.6-202606,openrtb.field.undefined,error,ortb2,3.2.1
p003090,chicagotribune.com,prebid.media.net,request,2.6-202606,openrtb.field.undefined,error,site.canonical_url,3.2.13
p003090,chicagotribune.com,prebid.media.net,request,2.6-202606,openrtb.field.undefined,error,site.isTop,3.2.13
p003090,chicagotribune.com,prebid.media.net,request,2.6-202606,openrtb.field.undefined,error,site.topMostLocation,3.2.13
p003091,chicagotribune.com,prebid.media.net,request,2.6-202606,openrtb.field.undefined,error,imp[0].all,3.2.4
p003091,chicagotribune.com,prebid.media.net,request,2.6-202606,openrtb.field.undefined,error,imp[0].bidfloors,3.2.4
p003091,chicagotribune.com,prebid.media.net,request,2.6-202606,openrtb.field.undefined,error,imp[0].ortb2Imp,3.2.4
p003091,chicagotribune.com,prebid.media.net,request,2.6-202606,openrtb.field.undefined,error,imp[0].transactionId,3.2.4
p003091,chicagotribune.com,prebid.media.net,request,2.6-202606,openrtb.field.undefined,error,imp[0].video.context,3.2.7
p003091,chicagotribune.com,prebid.media.net,request,2.6-202606,openrtb.field.deprecated,warning,imp[0].video.placement,Section 3.2.7
p003091,chicagotribune.com,prebid.media.net,request,2.6-202606,openrtb.field.undefined,error,imp[0].video.playerSize,3.2.7
p003091,chicagotribune.com,prebid.media.net,request,2.6-202606,openrtb.field.undefined,error,imp[1].all,3.2.4
p003091,chicagotribune.com,prebid.media.net,request,2.6-202606,openrtb.field.undefined,error,imp[1].bidfloors,3.2.4
p003091,chicagotribune.com,prebid.media.net,request,2.6-202606,openrtb.field.undefined,error,imp[1].ortb2Imp,3.2.4
p003091,chicagotribune.com,prebid.media.net,request,2.6-202606,openrtb.field.undefined,error,imp[1].transactionId,3.2.4
p003091,chicagotribune.com,prebid.media.net,request,2.6-202606,openrtb.field.undefined,error,imp[1].video.context,3.2.7
p003091,chicagotribune.com,prebid.media.net,request,2.6-202606,openrtb.field.deprecated,warning,imp[1].video.placement,Section 3.2.7
p003091,chicagotribune.com,prebid.media.net,request,2.6-202606,openrtb.field.undefined,error,imp[1].video.playerSize,3.2.7
p003091,chicagotribune.com,prebid.media.net,request,2.6-202606,openrtb.field.undefined,error,imp[2].all,3.2.4
p003091,chicagotribune.com,prebid.media.net,request,2.6-202606,openrtb.field.undefined,error,imp[2].bidfloors,3.2.4
p003091,chicagotribune.com,prebid.media.net,request,2.6-202606,openrtb.field.undefined,error,imp[2].ortb2Imp,3.2.4
p003091,chicagotribune.com,prebid.media.net,request,2.6-202606,openrtb.field.undefined,error,imp[2].transactionId,3.2.4
p003091,chicagotribune.com,prebid.media.net,request,2.6-202606,openrtb.field.undefined,error,imp[2].video.context,3.2.7
p003091,chicagotribune.com,prebid.media.net,request,2.6-202606,openrtb.field.deprecated,warning,imp[2].video.placement,Section 3.2.7
p003091,chicagotribune.com,prebid.media.net,request,2.6-202606,openrtb.field.undefined,error,imp[2].video.playerSize,3.2.7
p003091,chicagotribune.com,prebid.media.net,request,2.6-202606,openrtb.field.undefined,error,ortb2,3.2.1
p003091,chicagotribune.com,prebid.media.net,request,2.6-202606,openrtb.field.undefined,error,site.canonical_url,3.2.13
p003091,chicagotribune.com,prebid.media.net,request,2.6-202606,openrtb.field.undefined,error,site.isTop,3.2.13
p003091,chicagotribune.com,prebid.media.net,request,2.6-202606,openrtb.field.undefined,error,site.topMostLocation,3.2.13
p003092,carsdirect.com,prebid.media.net,request,2.6-202606,openrtb.type.mismatch,error,id,3.2.1
p003092,carsdirect.com,prebid.media.net,request,2.6-202606,openrtb.field.undefined,error,imp[0].all,3.2.4
p003092,carsdirect.com,prebid.media.net,request,2.6-202606,openrtb.type.mismatch,error,imp[0].banner,3.2.4
p003092,carsdirect.com,prebid.media.net,request,2.6-202606,openrtb.field.undefined,error,imp[0].bidfloors,3.2.4
p003092,carsdirect.com,prebid.media.net,request,2.6-202606,openrtb.field.undefined,error,imp[0].ortb2Imp,3.2.4
p003092,carsdirect.com,prebid.media.net,request,2.6-202606,openrtb.field.undefined,error,imp[1].all,3.2.4
p003092,carsdirect.com,prebid.media.net,request,2.6-202606,openrtb.type.mismatch,error,imp[1].banner,3.2.4
p003092,carsdirect.com,prebid.media.net,request,2.6-202606,openrtb.field.undefined,error,imp[1].bidfloors,3.2.4
p003092,carsdirect.com,prebid.media.net,request,2.6-202606,openrtb.field.undefined,error,imp[1].ortb2Imp,3.2.4
p003092,carsdirect.com,prebid.media.net,request,2.6-202606,openrtb.field.undefined,error,imp[2].all,3.2.4
p003092,carsdirect.com,prebid.media.net,request,2.6-202606,openrtb.type.mismatch,error,imp[2].banner,3.2.4
p003092,carsdirect.com,prebid.media.net,request,2.6-202606,openrtb.field.undefined,error,imp[2].bidfloors,3.2.4
p003092,carsdirect.com,prebid.media.net,request,2.6-202606,openrtb.field.undefined,error,imp[2].ortb2Imp,3.2.4
p003092,carsdirect.com,prebid.media.net,request,2.6-202606,openrtb.field.undefined,error,ortb2,3.2.1
p003092,carsdirect.com,prebid.media.net,request,2.6-202606,openrtb.field.undefined,error,site.canonical_url,3.2.13
p003092,carsdirect.com,prebid.media.net,request,2.6-202606,openrtb.field.undefined,error,site.isTop,3.2.13
p003092,carsdirect.com,prebid.media.net,request,2.6-202606,openrtb.field.undefined,error,site.topMostLocation,3.2.13
p003093,carsdirect.com,prebid.media.net,request,2.6-202606,openrtb.type.mismatch,error,id,3.2.1
p003093,carsdirect.com,prebid.media.net,request,2.6-202606,openrtb.field.undefined,error,imp[0].all,3.2.4
p003093,carsdirect.com,prebid.media.net,request,2.6-202606,openrtb.type.mismatch,error,imp[0].banner,3.2.4
p003093,carsdirect.com,prebid.media.net,request,2.6-202606,openrtb.field.undefined,error,imp[0].bidfloors,3.2.4
p003093,carsdirect.com,prebid.media.net,request,2.6-202606,openrtb.field.undefined,error,imp[0].ortb2Imp,3.2.4
p003093,carsdirect.com,prebid.media.net,request,2.6-202606,openrtb.field.undefined,error,ortb2,3.2.1
p003093,carsdirect.com,prebid.media.net,request,2.6-202606,openrtb.field.undefined,error,site.canonical_url,3.2.13
p003093,carsdirect.com,prebid.media.net,request,2.6-202606,openrtb.field.undefined,error,site.isTop,3.2.13
p003093,carsdirect.com,prebid.media.net,request,2.6-202606,openrtb.field.undefined,error,site.topMostLocation,3.2.13
p003094,carsdirect.com,prebid.media.net,request,2.6-202606,openrtb.type.mismatch,error,id,3.2.1
p003094,carsdirect.com,prebid.media.net,request,2.6-202606,openrtb.field.undefined,error,imp[0].all,3.2.4
p003094,carsdirect.com,prebid.media.net,request,2.6-202606,openrtb.type.mismatch,error,imp[0].banner,3.2.4
p003094,carsdirect.com,prebid.media.net,request,2.6-202606,openrtb.field.undefined,error,imp[0].bidfloors,3.2.4
p003094,carsdirect.com,prebid.media.net,request,2.6-202606,openrtb.field.undefined,error,imp[0].ortb2Imp,3.2.4
p003094,carsdirect.com,prebid.media.net,request,2.6-202606,openrtb.field.undefined,error,ortb2,3.2.1
p003094,carsdirect.com,prebid.media.net,request,2.6-202606,openrtb.field.undefined,error,site.canonical_url,3.2.13
p003094,carsdirect.com,prebid.media.net,request,2.6-202606,openrtb.field.undefined,error,site.isTop,3.2.13
p003094,carsdirect.com,prebid.media.net,request,2.6-202606,openrtb.field.undefined,error,site.topMostLocation,3.2.13
p003095,carsdirect.com,prebid.media.net,request,2.6-202606,openrtb.type.mismatch,error,id,3.2.1
p003095,carsdirect.com,prebid.media.net,request,2.6-202606,openrtb.field.undefined,error,imp[0].all,3.2.4
p003095,carsdirect.com,prebid.media.net,request,2.6-202606,openrtb.type.mismatch,error,imp[0].banner,3.2.4
p003095,carsdirect.com,prebid.media.net,request,2.6-202606,openrtb.field.undefined,error,imp[0].bidfloors,3.2.4
p003095,carsdirect.com,prebid.media.net,request,2.6-202606,openrtb.field.undefined,error,imp[0].ortb2Imp,3.2.4
p003095,carsdirect.com,prebid.media.net,request,2.6-202606,openrtb.field.undefined,error,ortb2,3.2.1
p003095,carsdirect.com,prebid.media.net,request,2.6-202606,openrtb.field.undefined,error,site.canonical_url,3.2.13
p003095,carsdirect.com,prebid.media.net,request,2.6-202606,openrtb.field.undefined,error,site.isTop,3.2.13
p003095,carsdirect.com,prebid.media.net,request,2.6-202606,openrtb.field.undefined,error,site.topMostLocation,3.2.13
p003096,chl.ca,prebid.media.net,request,2.6-202606,openrtb.field.undefined,error,imp[0].all,3.2.4
p003096,chl.ca,prebid.media.net,request,2.6-202606,openrtb.type.mismatch,error,imp[0].banner,3.2.4
p003096,chl.ca,prebid.media.net,request,2.6-202606,openrtb.field.undefined,error,imp[0].ortb2Imp,3.2.4
p003096,chl.ca,prebid.media.net,request,2.6-202606,openrtb.field.undefined,error,imp[0].transactionId,3.2.4
p003096,chl.ca,prebid.media.net,request,2.6-202606,openrtb.field.undefined,error,imp[1].all,3.2.4
p003096,chl.ca,prebid.media.net,request,2.6-202606,openrtb.type.mismatch,error,imp[1].banner,3.2.4
p003096,chl.ca,prebid.media.net,request,2.6-202606,openrtb.field.undefined,error,imp[1].ortb2Imp,3.2.4
p003096,chl.ca,prebid.media.net,request,2.6-202606,openrtb.field.undefined,error,imp[1].transactionId,3.2.4
p003096,chl.ca,prebid.media.net,request,2.6-202606,openrtb.field.undefined,error,imp[2].all,3.2.4
p003096,chl.ca,prebid.media.net,request,2.6-202606,openrtb.type.mismatch,error,imp[2].banner,3.2.4
p003096,chl.ca,prebid.media.net,request,2.6-202606,openrtb.field.undefined,error,imp[2].ortb2Imp,3.2.4
p003096,chl.ca,prebid.media.net,request,2.6-202606,openrtb.field.undefined,error,imp[2].transactionId,3.2.4
p003096,chl.ca,prebid.media.net,request,2.6-202606,openrtb.field.undefined,error,imp[3].all,3.2.4
p003096,chl.ca,prebid.media.net,request,2.6-202606,openrtb.type.mismatch,error,imp[3].banner,3.2.4
p003096,chl.ca,prebid.media.net,request,2.6-202606,openrtb.field.undefined,error,imp[3].ortb2Imp,3.2.4
p003096,chl.ca,prebid.media.net,request,2.6-202606,openrtb.field.undefined,error,imp[3].transactionId,3.2.4
p003096,chl.ca,prebid.media.net,request,2.6-202606,openrtb.field.undefined,error,imp[4].all,3.2.4
p003096,chl.ca,prebid.media.net,request,2.6-202606,openrtb.type.mismatch,error,imp[4].banner,3.2.4
p003096,chl.ca,prebid.media.net,request,2.6-202606,openrtb.field.undefined,error,imp[4].ortb2Imp,3.2.4
p003096,chl.ca,prebid.media.net,request,2.6-202606,openrtb.field.undefined,error,imp[4].transactionId,3.2.4
p003096,chl.ca,prebid.media.net,request,2.6-202606,openrtb.field.undefined,error,ortb2,3.2.1
p003096,chl.ca,prebid.media.net,request,2.6-202606,openrtb.field.undefined,error,site.canonical_url,3.2.13
p003096,chl.ca,prebid.media.net,request,2.6-202606,openrtb.field.undefined,error,site.isTop,3.2.13
p003096,chl.ca,prebid.media.net,request,2.6-202606,openrtb.field.undefined,error,site.topMostLocation,3.2.13
p003097,carsdirect.com,prebid.media.net,request,2.6-202606,openrtb.type.mismatch,error,id,3.2.1
p003097,carsdirect.com,prebid.media.net,request,2.6-202606,openrtb.field.undefined,error,imp[0].all,3.2.4
p003097,carsdirect.com,prebid.media.net,request,2.6-202606,openrtb.type.mismatch,error,imp[0].banner,3.2.4
p003097,carsdirect.com,prebid.media.net,request,2.6-202606,openrtb.field.undefined,error,imp[0].bidfloors,3.2.4
p003097,carsdirect.com,prebid.media.net,request,2.6-202606,openrtb.field.undefined,error,imp[0].ortb2Imp,3.2.4
p003097,carsdirect.com,prebid.media.net,request,2.6-202606,openrtb.field.undefined,error,ortb2,3.2.1
p003097,carsdirect.com,prebid.media.net,request,2.6-202606,openrtb.field.undefined,error,site.canonical_url,3.2.13
p003097,carsdirect.com,prebid.media.net,request,2.6-202606,openrtb.field.undefined,error,site.isTop,3.2.13
p003097,carsdirect.com,prebid.media.net,request,2.6-202606,openrtb.field.undefined,error,site.topMostLocation,3.2.13
p003098,chicagotribune.com,prebid.media.net,request,2.6-202606,openrtb.field.undefined,error,imp[0].all,3.2.4
p003098,chicagotribune.com,prebid.media.net,request,2.6-202606,openrtb.field.undefined,error,imp[0].bidfloors,3.2.4
p003098,chicagotribune.com,prebid.media.net,request,2.6-202606,openrtb.field.undefined,error,imp[0].ortb2Imp,3.2.4
p003098,chicagotribune.com,prebid.media.net,request,2.6-202606,openrtb.field.undefined,error,imp[0].transactionId,3.2.4
p003098,chicagotribune.com,prebid.media.net,request,2.6-202606,openrtb.field.undefined,error,imp[0].video.context,3.2.7
p003098,chicagotribune.com,prebid.media.net,request,2.6-202606,openrtb.field.deprecated,warning,imp[0].video.placement,Section 3.2.7
p003098,chicagotribune.com,prebid.media.net,request,2.6-202606,openrtb.field.undefined,error,imp[0].video.playerSize,3.2.7
p003098,chicagotribune.com,prebid.media.net,request,2.6-202606,openrtb.field.undefined,error,imp[1].all,3.2.4
p003098,chicagotribune.com,prebid.media.net,request,2.6-202606,openrtb.field.undefined,error,imp[1].bidfloors,3.2.4
p003098,chicagotribune.com,prebid.media.net,request,2.6-202606,openrtb.field.undefined,error,imp[1].ortb2Imp,3.2.4
p003098,chicagotribune.com,prebid.media.net,request,2.6-202606,openrtb.field.undefined,error,imp[1].transactionId,3.2.4
p003098,chicagotribune.com,prebid.media.net,request,2.6-202606,openrtb.field.undefined,error,imp[1].video.context,3.2.7
p003098,chicagotribune.com,prebid.media.net,request,2.6-202606,openrtb.field.deprecated,warning,imp[1].video.placement,Section 3.2.7
p003098,chicagotribune.com,prebid.media.net,request,2.6-202606,openrtb.field.undefined,error,imp[1].video.playerSize,3.2.7
p003098,chicagotribune.com,prebid.media.net,request,2.6-202606,openrtb.field.undefined,error,imp[2].all,3.2.4
p003098,chicagotribune.com,prebid.media.net,request,2.6-202606,openrtb.field.undefined,error,imp[2].bidfloors,3.2.4
p003098,chicagotribune.com,prebid.media.net,request,2.6-202606,openrtb.field.undefined,error,imp[2].ortb2Imp,3.2.4
p003098,chicagotribune.com,prebid.media.net,request,2.6-202606,openrtb.field.undefined,error,imp[2].transactionId,3.2.4
p003098,chicagotribune.com,prebid.media.net,request,2.6-202606,openrtb.field.undefined,error,imp[2].video.context,3.2.7
p003098,chicagotribune.com,prebid.media.net,request,2.6-202606,openrtb.field.deprecated,warning,imp[2].video.placement,Section 3.2.7
p003098,chicagotribune.com,prebid.media.net,request,2.6-202606,openrtb.field.undefined,error,imp[2].video.playerSize,3.2.7
p003098,chicagotribune.com,prebid.media.net,request,2.6-202606,openrtb.field.undefined,error,ortb2,3.2.1
p003098,chicagotribune.com,prebid.media.net,request,2.6-202606,openrtb.field.undefined,error,site.canonical_url,3.2.13
p003098,chicagotribune.com,prebid.media.net,request,2.6-202606,openrtb.field.undefined,error,site.isTop,3.2.13
p003098,chicagotribune.com,prebid.media.net,request,2.6-202606,openrtb.field.undefined,error,site.topMostLocation,3.2.13
p003099,chicagotribune.com,prebid.media.net,request,2.6-202606,openrtb.field.undefined,error,imp[0].all,3.2.4
p003099,chicagotribune.com,prebid.media.net,request,2.6-202606,openrtb.field.undefined,error,imp[0].bidfloors,3.2.4
p003099,chicagotribune.com,prebid.media.net,request,2.6-202606,openrtb.field.undefined,error,imp[0].ortb2Imp,3.2.4
p003099,chicagotribune.com,prebid.media.net,request,2.6-202606,openrtb.field.undefined,error,imp[0].transactionId,3.2.4
p003099,chicagotribune.com,prebid.media.net,request,2.6-202606,openrtb.field.undefined,error,imp[0].video.context,3.2.7
p003099,chicagotribune.com,prebid.media.net,request,2.6-202606,openrtb.field.deprecated,warning,imp[0].video.placement,Section 3.2.7
p003099,chicagotribune.com,prebid.media.net,request,2.6-202606,openrtb.field.undefined,error,imp[0].video.playerSize,3.2.7
p003099,chicagotribune.com,prebid.media.net,request,2.6-202606,openrtb.field.undefined,error,imp[1].all,3.2.4
p003099,chicagotribune.com,prebid.media.net,request,2.6-202606,openrtb.field.undefined,error,imp[1].bidfloors,3.2.4
p003099,chicagotribune.com,prebid.media.net,request,2.6-202606,openrtb.field.undefined,error,imp[1].ortb2Imp,3.2.4
p003099,chicagotribune.com,prebid.media.net,request,2.6-202606,openrtb.field.undefined,error,imp[1].transactionId,3.2.4
p003099,chicagotribune.com,prebid.media.net,request,2.6-202606,openrtb.field.undefined,error,imp[1].video.context,3.2.7
p003099,chicagotribune.com,prebid.media.net,request,2.6-202606,openrtb.field.deprecated,warning,imp[1].video.placement,Section 3.2.7
p003099,chicagotribune.com,prebid.media.net,request,2.6-202606,openrtb.field.undefined,error,imp[1].video.playerSize,3.2.7
p003099,chicagotribune.com,prebid.media.net,request,2.6-202606,openrtb.field.undefined,error,imp[2].all,3.2.4
p003099,chicagotribune.com,prebid.media.net,request,2.6-202606,openrtb.field.undefined,error,imp[2].bidfloors,3.2.4
p003099,chicagotribune.com,prebid.media.net,request,2.6-202606,openrtb.field.undefined,error,imp[2].ortb2Imp,3.2.4
p003099,chicagotribune.com,prebid.media.net,request,2.6-202606,openrtb.field.undefined,error,imp[2].transactionId,3.2.4
p003099,chicagotribune.com,prebid.media.net,request,2.6-202606,openrtb.field.undefined,error,imp[2].video.context,3.2.7
p003099,chicagotribune.com,prebid.media.net,request,2.6-202606,openrtb.field.deprecated,warning,imp[2].video.placement,Section 3.2.7
p003099,chicagotribune.com,prebid.media.net,request,2.6-202606,openrtb.field.undefined,error,imp[2].video.playerSize,3.2.7
p003099,chicagotribune.com,prebid.media.net,request,2.6-202606,openrtb.field.undefined,error,ortb2,3.2.1
p003099,chicagotribune.com,prebid.media.net,request,2.6-202606,openrtb.field.undefined,error,site.canonical_url,3.2.13
p003099,chicagotribune.com,prebid.media.net,request,2.6-202606,openrtb.field.undefined,error,site.isTop,3.2.13
p003099,chicagotribune.com,prebid.media.net,request,2.6-202606,openrtb.field.undefined,error,site.topMostLocation,3.2.13
p003100,cityam.com,prebid.media.net,request,2.6-202606,openrtb.field.undefined,error,imp[0].all,3.2.4
p003100,cityam.com,prebid.media.net,request,2.6-202606,openrtb.type.mismatch,error,imp[0].banner,3.2.4
p003100,cityam.com,prebid.media.net,request,2.6-202606,openrtb.field.undefined,error,imp[0].ortb2Imp,3.2.4
p003100,cityam.com,prebid.media.net,request,2.6-202606,openrtb.field.undefined,error,imp[0].transactionId,3.2.4
p003100,cityam.com,prebid.media.net,request,2.6-202606,openrtb.field.undefined,error,imp[1].all,3.2.4
p003100,cityam.com,prebid.media.net,request,2.6-202606,openrtb.type.mismatch,error,imp[1].banner,3.2.4
p003100,cityam.com,prebid.media.net,request,2.6-202606,openrtb.field.undefined,error,imp[1].ortb2Imp,3.2.4
p003100,cityam.com,prebid.media.net,request,2.6-202606,openrtb.field.undefined,error,imp[1].transactionId,3.2.4
p003100,cityam.com,prebid.media.net,request,2.6-202606,openrtb.field.undefined,error,imp[2].all,3.2.4
p003100,cityam.com,prebid.media.net,request,2.6-202606,openrtb.type.mismatch,error,imp[2].banner,3.2.4
p003100,cityam.com,prebid.media.net,request,2.6-202606,openrtb.field.undefined,error,imp[2].ortb2Imp,3.2.4
p003100,cityam.com,prebid.media.net,request,2.6-202606,openrtb.field.undefined,error,imp[2].transactionId,3.2.4
p003100,cityam.com,prebid.media.net,request,2.6-202606,openrtb.field.undefined,error,imp[3].all,3.2.4
p003100,cityam.com,prebid.media.net,request,2.6-202606,openrtb.type.mismatch,error,imp[3].banner,3.2.4
p003100,cityam.com,prebid.media.net,request,2.6-202606,openrtb.field.undefined,error,imp[3].ortb2Imp,3.2.4
p003100,cityam.com,prebid.media.net,request,2.6-202606,openrtb.field.undefined,error,imp[3].transactionId,3.2.4
p003100,cityam.com,prebid.media.net,request,2.6-202606,openrtb.field.undefined,error,imp[4].all,3.2.4
p003100,cityam.com,prebid.media.net,request,2.6-202606,openrtb.type.mismatch,error,imp[4].banner,3.2.4
p003100,cityam.com,prebid.media.net,request,2.6-202606,openrtb.field.undefined,error,imp[4].ortb2Imp,3.2.4
p003100,cityam.com,prebid.media.net,request,2.6-202606,openrtb.field.undefined,error,imp[4].transactionId,3.2.4
p003100,cityam.com,prebid.media.net,request,2.6-202606,openrtb.field.undefined,error,imp[5].all,3.2.4
p003100,cityam.com,prebid.media.net,request,2.6-202606,openrtb.type.mismatch,error,imp[5].banner,3.2.4
p003100,cityam.com,prebid.media.net,request,2.6-202606,openrtb.field.undefined,error,imp[5].ortb2Imp,3.2.4
p003100,cityam.com,prebid.media.net,request,2.6-202606,openrtb.field.undefined,error,imp[5].transactionId,3.2.4
p003100,cityam.com,prebid.media.net,request,2.6-202606,openrtb.field.undefined,error,imp[6].all,3.2.4
p003100,cityam.com,prebid.media.net,request,2.6-202606,openrtb.type.mismatch,error,imp[6].banner,3.2.4
p003100,cityam.com,prebid.media.net,request,2.6-202606,openrtb.field.undefined,error,imp[6].ortb2Imp,3.2.4
p003100,cityam.com,prebid.media.net,request,2.6-202606,openrtb.field.undefined,error,imp[6].transactionId,3.2.4
p003100,cityam.com,prebid.media.net,request,2.6-202606,openrtb.field.undefined,error,ortb2,3.2.1
p003100,cityam.com,prebid.media.net,request,2.6-202606,openrtb.field.undefined,error,site.canonical_url,3.2.13
p003100,cityam.com,prebid.media.net,request,2.6-202606,openrtb.field.undefined,error,site.isTop,3.2.13
p003100,cityam.com,prebid.media.net,request,2.6-202606,openrtb.field.undefined,error,site.topMostLocation,3.2.13
p003101,cityam.com,prebid.media.net,request,2.6-202606,openrtb.field.undefined,error,imp[0].all,3.2.4
p003101,cityam.com,prebid.media.net,request,2.6-202606,openrtb.type.mismatch,error,imp[0].banner,3.2.4
p003101,cityam.com,prebid.media.net,request,2.6-202606,openrtb.field.undefined,error,imp[0].ortb2Imp,3.2.4
p003101,cityam.com,prebid.media.net,request,2.6-202606,openrtb.field.undefined,error,imp[0].transactionId,3.2.4
p003101,cityam.com,prebid.media.net,request,2.6-202606,openrtb.field.undefined,error,imp[1].all,3.2.4
p003101,cityam.com,prebid.media.net,request,2.6-202606,openrtb.type.mismatch,error,imp[1].banner,3.2.4
p003101,cityam.com,prebid.media.net,request,2.6-202606,openrtb.field.undefined,error,imp[1].ortb2Imp,3.2.4
p003101,cityam.com,prebid.media.net,request,2.6-202606,openrtb.field.undefined,error,imp[1].transactionId,3.2.4
p003101,cityam.com,prebid.media.net,request,2.6-202606,openrtb.field.undefined,error,imp[2].all,3.2.4
p003101,cityam.com,prebid.media.net,request,2.6-202606,openrtb.type.mismatch,error,imp[2].banner,3.2.4
p003101,cityam.com,prebid.media.net,request,2.6-202606,openrtb.field.undefined,error,imp[2].ortb2Imp,3.2.4
p003101,cityam.com,prebid.media.net,request,2.6-202606,openrtb.field.undefined,error,imp[2].transactionId,3.2.4
p003101,cityam.com,prebid.media.net,request,2.6-202606,openrtb.field.undefined,error,imp[3].all,3.2.4
p003101,cityam.com,prebid.media.net,request,2.6-202606,openrtb.type.mismatch,error,imp[3].banner,3.2.4
p003101,cityam.com,prebid.media.net,request,2.6-202606,openrtb.field.undefined,error,imp[3].ortb2Imp,3.2.4
p003101,cityam.com,prebid.media.net,request,2.6-202606,openrtb.field.undefined,error,imp[3].transactionId,3.2.4
p003101,cityam.com,prebid.media.net,request,2.6-202606,openrtb.field.undefined,error,imp[4].all,3.2.4
p003101,cityam.com,prebid.media.net,request,2.6-202606,openrtb.type.mismatch,error,imp[4].banner,3.2.4
p003101,cityam.com,prebid.media.net,request,2.6-202606,openrtb.field.undefined,error,imp[4].ortb2Imp,3.2.4
p003101,cityam.com,prebid.media.net,request,2.6-202606,openrtb.field.undefined,error,imp[4].transactionId,3.2.4
p003101,cityam.com,prebid.media.net,request,2.6-202606,openrtb.field.undefined,error,imp[5].all,3.2.4
p003101,cityam.com,prebid.media.net,request,2.6-202606,openrtb.type.mismatch,error,imp[5].banner,3.2.4
p003101,cityam.com,prebid.media.net,request,2.6-202606,openrtb.field.undefined,error,imp[5].ortb2Imp,3.2.4
p003101,cityam.com,prebid.media.net,request,2.6-202606,openrtb.field.undefined,error,imp[5].transactionId,3.2.4
p003101,cityam.com,prebid.media.net,request,2.6-202606,openrtb.field.undefined,error,imp[6].all,3.2.4
p003101,cityam.com,prebid.media.net,request,2.6-202606,openrtb.type.mismatch,error,imp[6].banner,3.2.4
p003101,cityam.com,prebid.media.net,request,2.6-202606,openrtb.field.undefined,error,imp[6].ortb2Imp,3.2.4
p003101,cityam.com,prebid.media.net,request,2.6-202606,openrtb.field.undefined,error,imp[6].transactionId,3.2.4
p003101,cityam.com,prebid.media.net,request,2.6-202606,openrtb.field.undefined,error,ortb2,3.2.1
p003101,cityam.com,prebid.media.net,request,2.6-202606,openrtb.field.undefined,error,site.canonical_url,3.2.13
p003101,cityam.com,prebid.media.net,request,2.6-202606,openrtb.field.undefined,error,site.isTop,3.2.13
p003101,cityam.com,prebid.media.net,request,2.6-202606,openrtb.field.undefined,error,site.topMostLocation,3.2.13
p003102,cityam.com,prebid.media.net,request,2.6-202606,openrtb.field.undefined,error,imp[0].all,3.2.4
p003102,cityam.com,prebid.media.net,request,2.6-202606,openrtb.type.mismatch,error,imp[0].banner,3.2.4
p003102,cityam.com,prebid.media.net,request,2.6-202606,openrtb.field.undefined,error,imp[0].ortb2Imp,3.2.4
p003102,cityam.com,prebid.media.net,request,2.6-202606,openrtb.field.undefined,error,imp[0].transactionId,3.2.4
p003102,cityam.com,prebid.media.net,request,2.6-202606,openrtb.field.undefined,error,imp[1].all,3.2.4
p003102,cityam.com,prebid.media.net,request,2.6-202606,openrtb.type.mismatch,error,imp[1].banner,3.2.4
p003102,cityam.com,prebid.media.net,request,2.6-202606,openrtb.field.undefined,error,imp[1].ortb2Imp,3.2.4
p003102,cityam.com,prebid.media.net,request,2.6-202606,openrtb.field.undefined,error,imp[1].transactionId,3.2.4
p003102,cityam.com,prebid.media.net,request,2.6-202606,openrtb.field.undefined,error,imp[2].all,3.2.4
p003102,cityam.com,prebid.media.net,request,2.6-202606,openrtb.type.mismatch,error,imp[2].banner,3.2.4
p003102,cityam.com,prebid.media.net,request,2.6-202606,openrtb.field.undefined,error,imp[2].ortb2Imp,3.2.4
p003102,cityam.com,prebid.media.net,request,2.6-202606,openrtb.field.undefined,error,imp[2].transactionId,3.2.4
p003102,cityam.com,prebid.media.net,request,2.6-202606,openrtb.field.undefined,error,imp[3].all,3.2.4
p003102,cityam.com,prebid.media.net,request,2.6-202606,openrtb.type.mismatch,error,imp[3].banner,3.2.4
p003102,cityam.com,prebid.media.net,request,2.6-202606,openrtb.field.undefined,error,imp[3].ortb2Imp,3.2.4
p003102,cityam.com,prebid.media.net,request,2.6-202606,openrtb.field.undefined,error,imp[3].transactionId,3.2.4
p003102,cityam.com,prebid.media.net,request,2.6-202606,openrtb.field.undefined,error,imp[4].all,3.2.4
p003102,cityam.com,prebid.media.net,request,2.6-202606,openrtb.type.mismatch,error,imp[4].banner,3.2.4
p003102,cityam.com,prebid.media.net,request,2.6-202606,openrtb.field.undefined,error,imp[4].ortb2Imp,3.2.4
p003102,cityam.com,prebid.media.net,request,2.6-202606,openrtb.field.undefined,error,imp[4].transactionId,3.2.4
p003102,cityam.com,prebid.media.net,request,2.6-202606,openrtb.field.undefined,error,imp[5].all,3.2.4
p003102,cityam.com,prebid.media.net,request,2.6-202606,openrtb.type.mismatch,error,imp[5].banner,3.2.4
p003102,cityam.com,prebid.media.net,request,2.6-202606,openrtb.field.undefined,error,imp[5].ortb2Imp,3.2.4
p003102,cityam.com,prebid.media.net,request,2.6-202606,openrtb.field.undefined,error,imp[5].transactionId,3.2.4
p003102,cityam.com,prebid.media.net,request,2.6-202606,openrtb.field.undefined,error,ortb2,3.2.1
p003102,cityam.com,prebid.media.net,request,2.6-202606,openrtb.field.undefined,error,site.canonical_url,3.2.13
p003102,cityam.com,prebid.media.net,request,2.6-202606,openrtb.field.undefined,error,site.isTop,3.2.13
p003102,cityam.com,prebid.media.net,request,2.6-202606,openrtb.field.undefined,error,site.topMostLocation,3.2.13
p003103,cycletrader.com,prebid.media.net,request,2.6-202606,openrtb.field.undefined,error,imp[0].all,3.2.4
p003103,cycletrader.com,prebid.media.net,request,2.6-202606,openrtb.type.mismatch,error,imp[0].banner,3.2.4
p003103,cycletrader.com,prebid.media.net,request,2.6-202606,openrtb.field.undefined,error,imp[0].ortb2Imp,3.2.4
p003103,cycletrader.com,prebid.media.net,request,2.6-202606,openrtb.field.undefined,error,imp[0].transactionId,3.2.4
p003103,cycletrader.com,prebid.media.net,request,2.6-202606,openrtb.field.undefined,error,imp[1].all,3.2.4
p003103,cycletrader.com,prebid.media.net,request,2.6-202606,openrtb.type.mismatch,error,imp[1].banner,3.2.4
p003103,cycletrader.com,prebid.media.net,request,2.6-202606,openrtb.field.undefined,error,imp[1].ortb2Imp,3.2.4
p003103,cycletrader.com,prebid.media.net,request,2.6-202606,openrtb.field.undefined,error,imp[1].transactionId,3.2.4
p003103,cycletrader.com,prebid.media.net,request,2.6-202606,openrtb.field.undefined,error,ortb2,3.2.1
p003103,cycletrader.com,prebid.media.net,request,2.6-202606,openrtb.field.undefined,error,site.canonical_url,3.2.13
p003103,cycletrader.com,prebid.media.net,request,2.6-202606,openrtb.field.undefined,error,site.isTop,3.2.13
p003103,cycletrader.com,prebid.media.net,request,2.6-202606,openrtb.field.undefined,error,site.topMostLocation,3.2.13
p003104,cycletrader.com,prebid.media.net,request,2.6-202606,openrtb.field.undefined,error,imp[0].all,3.2.4
p003104,cycletrader.com,prebid.media.net,request,2.6-202606,openrtb.type.mismatch,error,imp[0].banner,3.2.4
p003104,cycletrader.com,prebid.media.net,request,2.6-202606,openrtb.field.undefined,error,imp[0].ortb2Imp,3.2.4
p003104,cycletrader.com,prebid.media.net,request,2.6-202606,openrtb.field.undefined,error,imp[0].transactionId,3.2.4
p003104,cycletrader.com,prebid.media.net,request,2.6-202606,openrtb.field.undefined,error,ortb2,3.2.1
p003104,cycletrader.com,prebid.media.net,request,2.6-202606,openrtb.field.undefined,error,site.canonical_url,3.2.13
p003104,cycletrader.com,prebid.media.net,request,2.6-202606,openrtb.field.undefined,error,site.isTop,3.2.13
p003104,cycletrader.com,prebid.media.net,request,2.6-202606,openrtb.field.undefined,error,site.topMostLocation,3.2.13
p003105,cycletrader.com,prebid.media.net,request,2.6-202606,openrtb.field.undefined,error,imp[0].all,3.2.4
p003105,cycletrader.com,prebid.media.net,request,2.6-202606,openrtb.type.mismatch,error,imp[0].banner,3.2.4
p003105,cycletrader.com,prebid.media.net,request,2.6-202606,openrtb.field.undefined,error,imp[0].ortb2Imp,3.2.4
p003105,cycletrader.com,prebid.media.net,request,2.6-202606,openrtb.field.undefined,error,imp[0].transactionId,3.2.4
p003105,cycletrader.com,prebid.media.net,request,2.6-202606,openrtb.field.undefined,error,ortb2,3.2.1
p003105,cycletrader.com,prebid.media.net,request,2.6-202606,openrtb.field.undefined,error,site.canonical_url,3.2.13
p003105,cycletrader.com,prebid.media.net,request,2.6-202606,openrtb.field.undefined,error,site.isTop,3.2.13
p003105,cycletrader.com,prebid.media.net,request,2.6-202606,openrtb.field.undefined,error,site.topMostLocation,3.2.13
p003106,cycletrader.com,prebid.media.net,request,2.6-202606,openrtb.field.undefined,error,imp[0].all,3.2.4
p003106,cycletrader.com,prebid.media.net,request,2.6-202606,openrtb.type.mismatch,error,imp[0].banner,3.2.4
p003106,cycletrader.com,prebid.media.net,request,2.6-202606,openrtb.field.undefined,error,imp[0].ortb2Imp,3.2.4
p003106,cycletrader.com,prebid.media.net,request,2.6-202606,openrtb.field.undefined,error,imp[0].transactionId,3.2.4
p003106,cycletrader.com,prebid.media.net,request,2.6-202606,openrtb.field.undefined,error,ortb2,3.2.1
p003106,cycletrader.com,prebid.media.net,request,2.6-202606,openrtb.field.undefined,error,site.canonical_url,3.2.13
p003106,cycletrader.com,prebid.media.net,request,2.6-202606,openrtb.field.undefined,error,site.isTop,3.2.13
p003106,cycletrader.com,prebid.media.net,request,2.6-202606,openrtb.field.undefined,error,site.topMostLocation,3.2.13
p003107,dailykos.com,prebid.media.net,request,2.6-202606,openrtb.field.undefined,error,imp[0].all,3.2.4
p003107,dailykos.com,prebid.media.net,request,2.6-202606,openrtb.type.mismatch,error,imp[0].banner,3.2.4
p003107,dailykos.com,prebid.media.net,request,2.6-202606,openrtb.field.undefined,error,imp[0].bidfloors,3.2.4
p003107,dailykos.com,prebid.media.net,request,2.6-202606,openrtb.field.undefined,error,imp[0].ortb2Imp,3.2.4
p003107,dailykos.com,prebid.media.net,request,2.6-202606,openrtb.field.undefined,error,imp[0].transactionId,3.2.4
p003107,dailykos.com,prebid.media.net,request,2.6-202606,openrtb.field.undefined,error,ortb2,3.2.1
p003107,dailykos.com,prebid.media.net,request,2.6-202606,openrtb.field.undefined,error,site.canonical_url,3.2.13
p003107,dailykos.com,prebid.media.net,request,2.6-202606,openrtb.field.undefined,error,site.isTop,3.2.13
p003107,dailykos.com,prebid.media.net,request,2.6-202606,openrtb.field.undefined,error,site.topMostLocation,3.2.13
p003108,cycletrader.com,prebid.media.net,request,2.6-202606,openrtb.field.undefined,error,imp[0].all,3.2.4
p003108,cycletrader.com,prebid.media.net,request,2.6-202606,openrtb.type.mismatch,error,imp[0].banner,3.2.4
p003108,cycletrader.com,prebid.media.net,request,2.6-202606,openrtb.field.undefined,error,imp[0].ortb2Imp,3.2.4
p003108,cycletrader.com,prebid.media.net,request,2.6-202606,openrtb.field.undefined,error,imp[0].transactionId,3.2.4
p003108,cycletrader.com,prebid.media.net,request,2.6-202606,openrtb.field.undefined,error,imp[1].all,3.2.4
p003108,cycletrader.com,prebid.media.net,request,2.6-202606,openrtb.type.mismatch,error,imp[1].banner,3.2.4
p003108,cycletrader.com,prebid.media.net,request,2.6-202606,openrtb.field.undefined,error,imp[1].ortb2Imp,3.2.4
p003108,cycletrader.com,prebid.media.net,request,2.6-202606,openrtb.field.undefined,error,imp[1].transactionId,3.2.4
p003108,cycletrader.com,prebid.media.net,request,2.6-202606,openrtb.field.undefined,error,ortb2,3.2.1
p003108,cycletrader.com,prebid.media.net,request,2.6-202606,openrtb.field.undefined,error,site.canonical_url,3.2.13
p003108,cycletrader.com,prebid.media.net,request,2.6-202606,openrtb.field.undefined,error,site.isTop,3.2.13
p003108,cycletrader.com,prebid.media.net,request,2.6-202606,openrtb.field.undefined,error,site.topMostLocation,3.2.13
p003109,cycletrader.com,prebid.media.net,request,2.6-202606,openrtb.field.undefined,error,imp[0].all,3.2.4
p003109,cycletrader.com,prebid.media.net,request,2.6-202606,openrtb.type.mismatch,error,imp[0].banner,3.2.4
p003109,cycletrader.com,prebid.media.net,request,2.6-202606,openrtb.field.undefined,error,imp[0].ortb2Imp,3.2.4
p003109,cycletrader.com,prebid.media.net,request,2.6-202606,openrtb.field.undefined,error,imp[0].transactionId,3.2.4
p003109,cycletrader.com,prebid.media.net,request,2.6-202606,openrtb.field.undefined,error,imp[1].all,3.2.4
p003109,cycletrader.com,prebid.media.net,request,2.6-202606,openrtb.type.mismatch,error,imp[1].banner,3.2.4
p003109,cycletrader.com,prebid.media.net,request,2.6-202606,openrtb.field.undefined,error,imp[1].ortb2Imp,3.2.4
p003109,cycletrader.com,prebid.media.net,request,2.6-202606,openrtb.field.undefined,error,imp[1].transactionId,3.2.4
p003109,cycletrader.com,prebid.media.net,request,2.6-202606,openrtb.field.undefined,error,imp[2].all,3.2.4
p003109,cycletrader.com,prebid.media.net,request,2.6-202606,openrtb.type.mismatch,error,imp[2].banner,3.2.4
p003109,cycletrader.com,prebid.media.net,request,2.6-202606,openrtb.field.undefined,error,imp[2].ortb2Imp,3.2.4
p003109,cycletrader.com,prebid.media.net,request,2.6-202606,openrtb.field.undefined,error,imp[2].transactionId,3.2.4
p003109,cycletrader.com,prebid.media.net,request,2.6-202606,openrtb.field.undefined,error,ortb2,3.2.1
p003109,cycletrader.com,prebid.media.net,request,2.6-202606,openrtb.field.undefined,error,site.canonical_url,3.2.13
p003109,cycletrader.com,prebid.media.net,request,2.6-202606,openrtb.field.undefined,error,site.isTop,3.2.13
p003109,cycletrader.com,prebid.media.net,request,2.6-202606,openrtb.field.undefined,error,site.topMostLocation,3.2.13
p003110,dailykos.com,prebid.media.net,request,2.6-202606,openrtb.field.undefined,error,imp[0].all,3.2.4
p003110,dailykos.com,prebid.media.net,request,2.6-202606,openrtb.type.mismatch,error,imp[0].banner,3.2.4
p003110,dailykos.com,prebid.media.net,request,2.6-202606,openrtb.field.undefined,error,imp[0].bidfloors,3.2.4
p003110,dailykos.com,prebid.media.net,request,2.6-202606,openrtb.field.undefined,error,imp[0].ortb2Imp,3.2.4
p003110,dailykos.com,prebid.media.net,request,2.6-202606,openrtb.field.undefined,error,imp[0].transactionId,3.2.4
p003110,dailykos.com,prebid.media.net,request,2.6-202606,openrtb.field.undefined,error,imp[1].all,3.2.4
p003110,dailykos.com,prebid.media.net,request,2.6-202606,openrtb.type.mismatch,error,imp[1].banner,3.2.4
p003110,dailykos.com,prebid.media.net,request,2.6-202606,openrtb.field.undefined,error,imp[1].bidfloors,3.2.4
p003110,dailykos.com,prebid.media.net,request,2.6-202606,openrtb.field.undefined,error,imp[1].ortb2Imp,3.2.4
p003110,dailykos.com,prebid.media.net,request,2.6-202606,openrtb.field.undefined,error,imp[1].transactionId,3.2.4
p003110,dailykos.com,prebid.media.net,request,2.6-202606,openrtb.field.undefined,error,imp[2].all,3.2.4
p003110,dailykos.com,prebid.media.net,request,2.6-202606,openrtb.type.mismatch,error,imp[2].banner,3.2.4
p003110,dailykos.com,prebid.media.net,request,2.6-202606,openrtb.field.undefined,error,imp[2].bidfloors,3.2.4
p003110,dailykos.com,prebid.media.net,request,2.6-202606,openrtb.field.undefined,error,imp[2].ortb2Imp,3.2.4
p003110,dailykos.com,prebid.media.net,request,2.6-202606,openrtb.field.undefined,error,imp[2].transactionId,3.2.4
p003110,dailykos.com,prebid.media.net,request,2.6-202606,openrtb.field.undefined,error,imp[3].all,3.2.4
p003110,dailykos.com,prebid.media.net,request,2.6-202606,openrtb.type.mismatch,error,imp[3].banner,3.2.4
p003110,dailykos.com,prebid.media.net,request,2.6-202606,openrtb.field.undefined,error,imp[3].bidfloors,3.2.4
p003110,dailykos.com,prebid.media.net,request,2.6-202606,openrtb.field.undefined,error,imp[3].ortb2Imp,3.2.4
p003110,dailykos.com,prebid.media.net,request,2.6-202606,openrtb.field.undefined,error,imp[3].transactionId,3.2.4
p003110,dailykos.com,prebid.media.net,request,2.6-202606,openrtb.field.undefined,error,ortb2,3.2.1
p003110,dailykos.com,prebid.media.net,request,2.6-202606,openrtb.field.undefined,error,site.canonical_url,3.2.13
p003110,dailykos.com,prebid.media.net,request,2.6-202606,openrtb.field.undefined,error,site.isTop,3.2.13
p003110,dailykos.com,prebid.media.net,request,2.6-202606,openrtb.field.undefined,error,site.topMostLocation,3.2.13
p003111,dailykos.com,prebid.media.net,request,2.6-202606,openrtb.field.undefined,error,imp[0].all,3.2.4
p003111,dailykos.com,prebid.media.net,request,2.6-202606,openrtb.type.mismatch,error,imp[0].banner,3.2.4
p003111,dailykos.com,prebid.media.net,request,2.6-202606,openrtb.field.undefined,error,imp[0].bidfloors,3.2.4
p003111,dailykos.com,prebid.media.net,request,2.6-202606,openrtb.field.undefined,error,imp[0].ortb2Imp,3.2.4
p003111,dailykos.com,prebid.media.net,request,2.6-202606,openrtb.field.undefined,error,imp[0].transactionId,3.2.4
p003111,dailykos.com,prebid.media.net,request,2.6-202606,openrtb.field.undefined,error,ortb2,3.2.1
p003111,dailykos.com,prebid.media.net,request,2.6-202606,openrtb.field.undefined,error,site.canonical_url,3.2.13
p003111,dailykos.com,prebid.media.net,request,2.6-202606,openrtb.field.undefined,error,site.isTop,3.2.13
p003111,dailykos.com,prebid.media.net,request,2.6-202606,openrtb.field.undefined,error,site.topMostLocation,3.2.13
p003112,dailykos.com,prebid.media.net,request,2.6-202606,openrtb.field.undefined,error,imp[0].all,3.2.4
p003112,dailykos.com,prebid.media.net,request,2.6-202606,openrtb.type.mismatch,error,imp[0].banner,3.2.4
p003112,dailykos.com,prebid.media.net,request,2.6-202606,openrtb.field.undefined,error,imp[0].bidfloors,3.2.4
p003112,dailykos.com,prebid.media.net,request,2.6-202606,openrtb.field.undefined,error,imp[0].ortb2Imp,3.2.4
p003112,dailykos.com,prebid.media.net,request,2.6-202606,openrtb.field.undefined,error,imp[0].transactionId,3.2.4
p003112,dailykos.com,prebid.media.net,request,2.6-202606,openrtb.field.undefined,error,imp[1].all,3.2.4
p003112,dailykos.com,prebid.media.net,request,2.6-202606,openrtb.type.mismatch,error,imp[1].banner,3.2.4
p003112,dailykos.com,prebid.media.net,request,2.6-202606,openrtb.field.undefined,error,imp[1].bidfloors,3.2.4
p003112,dailykos.com,prebid.media.net,request,2.6-202606,openrtb.field.undefined,error,imp[1].ortb2Imp,3.2.4
p003112,dailykos.com,prebid.media.net,request,2.6-202606,openrtb.field.undefined,error,imp[1].transactionId,3.2.4
p003112,dailykos.com,prebid.media.net,request,2.6-202606,openrtb.field.undefined,error,ortb2,3.2.1
p003112,dailykos.com,prebid.media.net,request,2.6-202606,openrtb.field.undefined,error,site.canonical_url,3.2.13
p003112,dailykos.com,prebid.media.net,request,2.6-202606,openrtb.field.undefined,error,site.isTop,3.2.13
p003112,dailykos.com,prebid.media.net,request,2.6-202606,openrtb.field.undefined,error,site.topMostLocation,3.2.13
p003113,dailykos.com,prebid.media.net,request,2.6-202606,openrtb.field.undefined,error,imp[0].all,3.2.4
p003113,dailykos.com,prebid.media.net,request,2.6-202606,openrtb.type.mismatch,error,imp[0].banner,3.2.4
p003113,dailykos.com,prebid.media.net,request,2.6-202606,openrtb.field.undefined,error,imp[0].bidfloors,3.2.4
p003113,dailykos.com,prebid.media.net,request,2.6-202606,openrtb.field.undefined,error,imp[0].ortb2Imp,3.2.4
p003113,dailykos.com,prebid.media.net,request,2.6-202606,openrtb.field.undefined,error,imp[0].transactionId,3.2.4
p003113,dailykos.com,prebid.media.net,request,2.6-202606,openrtb.field.undefined,error,imp[1].all,3.2.4
p003113,dailykos.com,prebid.media.net,request,2.6-202606,openrtb.type.mismatch,error,imp[1].banner,3.2.4
p003113,dailykos.com,prebid.media.net,request,2.6-202606,openrtb.field.undefined,error,imp[1].bidfloors,3.2.4
p003113,dailykos.com,prebid.media.net,request,2.6-202606,openrtb.field.undefined,error,imp[1].ortb2Imp,3.2.4
p003113,dailykos.com,prebid.media.net,request,2.6-202606,openrtb.field.undefined,error,imp[1].transactionId,3.2.4
p003113,dailykos.com,prebid.media.net,request,2.6-202606,openrtb.field.undefined,error,imp[2].all,3.2.4
p003113,dailykos.com,prebid.media.net,request,2.6-202606,openrtb.type.mismatch,error,imp[2].banner,3.2.4
p003113,dailykos.com,prebid.media.net,request,2.6-202606,openrtb.field.undefined,error,imp[2].bidfloors,3.2.4
p003113,dailykos.com,prebid.media.net,request,2.6-202606,openrtb.field.undefined,error,imp[2].ortb2Imp,3.2.4
p003113,dailykos.com,prebid.media.net,request,2.6-202606,openrtb.field.undefined,error,imp[2].transactionId,3.2.4
p003113,dailykos.com,prebid.media.net,request,2.6-202606,openrtb.field.undefined,error,imp[3].all,3.2.4
p003113,dailykos.com,prebid.media.net,request,2.6-202606,openrtb.type.mismatch,error,imp[3].banner,3.2.4
p003113,dailykos.com,prebid.media.net,request,2.6-202606,openrtb.field.undefined,error,imp[3].bidfloors,3.2.4
p003113,dailykos.com,prebid.media.net,request,2.6-202606,openrtb.field.undefined,error,imp[3].ortb2Imp,3.2.4
p003113,dailykos.com,prebid.media.net,request,2.6-202606,openrtb.field.undefined,error,imp[3].transactionId,3.2.4
p003113,dailykos.com,prebid.media.net,request,2.6-202606,openrtb.field.undefined,error,ortb2,3.2.1
p003113,dailykos.com,prebid.media.net,request,2.6-202606,openrtb.field.undefined,error,site.canonical_url,3.2.13
p003113,dailykos.com,prebid.media.net,request,2.6-202606,openrtb.field.undefined,error,site.isTop,3.2.13
p003113,dailykos.com,prebid.media.net,request,2.6-202606,openrtb.field.undefined,error,site.topMostLocation,3.2.13
p003114,elespectador.com,prebid.media.net,request,2.6-202606,openrtb.field.undefined,error,imp[0].all,3.2.4
p003114,elespectador.com,prebid.media.net,request,2.6-202606,openrtb.type.mismatch,error,imp[0].banner,3.2.4
p003114,elespectador.com,prebid.media.net,request,2.6-202606,openrtb.field.undefined,error,imp[0].ortb2Imp,3.2.4
p003114,elespectador.com,prebid.media.net,request,2.6-202606,openrtb.field.undefined,error,imp[0].transactionId,3.2.4
p003114,elespectador.com,prebid.media.net,request,2.6-202606,openrtb.field.undefined,error,ortb2,3.2.1
p003114,elespectador.com,prebid.media.net,request,2.6-202606,openrtb.field.undefined,error,site.canonical_url,3.2.13
p003114,elespectador.com,prebid.media.net,request,2.6-202606,openrtb.field.undefined,error,site.isTop,3.2.13
p003114,elespectador.com,prebid.media.net,request,2.6-202606,openrtb.field.undefined,error,site.topMostLocation,3.2.13
p003115,elespectador.com,prebid.media.net,request,2.6-202606,openrtb.field.undefined,error,imp[0].all,3.2.4
p003115,elespectador.com,prebid.media.net,request,2.6-202606,openrtb.type.mismatch,error,imp[0].banner,3.2.4
p003115,elespectador.com,prebid.media.net,request,2.6-202606,openrtb.field.undefined,error,imp[0].ortb2Imp,3.2.4
p003115,elespectador.com,prebid.media.net,request,2.6-202606,openrtb.field.undefined,error,imp[0].transactionId,3.2.4
p003115,elespectador.com,prebid.media.net,request,2.6-202606,openrtb.field.undefined,error,ortb2,3.2.1
p003115,elespectador.com,prebid.media.net,request,2.6-202606,openrtb.field.undefined,error,site.canonical_url,3.2.13
p003115,elespectador.com,prebid.media.net,request,2.6-202606,openrtb.field.undefined,error,site.isTop,3.2.13
p003115,elespectador.com,prebid.media.net,request,2.6-202606,openrtb.field.undefined,error,site.topMostLocation,3.2.13
p003116,elespectador.com,prebid.media.net,request,2.6-202606,openrtb.field.undefined,error,imp[0].all,3.2.4
p003116,elespectador.com,prebid.media.net,request,2.6-202606,openrtb.type.mismatch,error,imp[0].banner,3.2.4
p003116,elespectador.com,prebid.media.net,request,2.6-202606,openrtb.field.undefined,error,imp[0].ortb2Imp,3.2.4
p003116,elespectador.com,prebid.media.net,request,2.6-202606,openrtb.field.undefined,error,imp[0].transactionId,3.2.4
p003116,elespectador.com,prebid.media.net,request,2.6-202606,openrtb.field.undefined,error,ortb2,3.2.1
p003116,elespectador.com,prebid.media.net,request,2.6-202606,openrtb.field.undefined,error,site.canonical_url,3.2.13
p003116,elespectador.com,prebid.media.net,request,2.6-202606,openrtb.field.undefined,error,site.isTop,3.2.13
p003116,elespectador.com,prebid.media.net,request,2.6-202606,openrtb.field.undefined,error,site.topMostLocation,3.2.13
p003117,elespectador.com,prebid.media.net,request,2.6-202606,openrtb.field.undefined,error,imp[0].all,3.2.4
p003117,elespectador.com,prebid.media.net,request,2.6-202606,openrtb.type.mismatch,error,imp[0].banner,3.2.4
p003117,elespectador.com,prebid.media.net,request,2.6-202606,openrtb.field.undefined,error,imp[0].ortb2Imp,3.2.4
p003117,elespectador.com,prebid.media.net,request,2.6-202606,openrtb.field.undefined,error,imp[0].transactionId,3.2.4
p003117,elespectador.com,prebid.media.net,request,2.6-202606,openrtb.field.undefined,error,ortb2,3.2.1
p003117,elespectador.com,prebid.media.net,request,2.6-202606,openrtb.field.undefined,error,site.canonical_url,3.2.13
p003117,elespectador.com,prebid.media.net,request,2.6-202606,openrtb.field.undefined,error,site.isTop,3.2.13
p003117,elespectador.com,prebid.media.net,request,2.6-202606,openrtb.field.undefined,error,site.topMostLocation,3.2.13
p003118,elespectador.com,prebid.media.net,request,2.6-202606,openrtb.field.undefined,error,imp[0].all,3.2.4
p003118,elespectador.com,prebid.media.net,request,2.6-202606,openrtb.type.mismatch,error,imp[0].banner,3.2.4
p003118,elespectador.com,prebid.media.net,request,2.6-202606,openrtb.field.undefined,error,imp[0].ortb2Imp,3.2.4
p003118,elespectador.com,prebid.media.net,request,2.6-202606,openrtb.field.undefined,error,imp[0].transactionId,3.2.4
p003118,elespectador.com,prebid.media.net,request,2.6-202606,openrtb.field.undefined,error,ortb2,3.2.1
p003118,elespectador.com,prebid.media.net,request,2.6-202606,openrtb.field.undefined,error,site.canonical_url,3.2.13
p003118,elespectador.com,prebid.media.net,request,2.6-202606,openrtb.field.undefined,error,site.isTop,3.2.13
p003118,elespectador.com,prebid.media.net,request,2.6-202606,openrtb.field.undefined,error,site.topMostLocation,3.2.13
p003119,elespectador.com,prebid.media.net,request,2.6-202606,openrtb.field.undefined,error,imp[0].all,3.2.4
p003119,elespectador.com,prebid.media.net,request,2.6-202606,openrtb.type.mismatch,error,imp[0].banner,3.2.4
p003119,elespectador.com,prebid.media.net,request,2.6-202606,openrtb.field.undefined,error,imp[0].ortb2Imp,3.2.4
p003119,elespectador.com,prebid.media.net,request,2.6-202606,openrtb.field.undefined,error,imp[0].transactionId,3.2.4
p003119,elespectador.com,prebid.media.net,request,2.6-202606,openrtb.field.undefined,error,ortb2,3.2.1
p003119,elespectador.com,prebid.media.net,request,2.6-202606,openrtb.field.undefined,error,site.canonical_url,3.2.13
p003119,elespectador.com,prebid.media.net,request,2.6-202606,openrtb.field.undefined,error,site.isTop,3.2.13
p003119,elespectador.com,prebid.media.net,request,2.6-202606,openrtb.field.undefined,error,site.topMostLocation,3.2.13
p003120,elespectador.com,prebid.media.net,request,2.6-202606,openrtb.field.undefined,error,imp[0].all,3.2.4
p003120,elespectador.com,prebid.media.net,request,2.6-202606,openrtb.type.mismatch,error,imp[0].banner,3.2.4
p003120,elespectador.com,prebid.media.net,request,2.6-202606,openrtb.field.undefined,error,imp[0].ortb2Imp,3.2.4
p003120,elespectador.com,prebid.media.net,request,2.6-202606,openrtb.field.undefined,error,imp[0].transactionId,3.2.4
p003120,elespectador.com,prebid.media.net,request,2.6-202606,openrtb.field.undefined,error,ortb2,3.2.1
p003120,elespectador.com,prebid.media.net,request,2.6-202606,openrtb.field.undefined,error,site.canonical_url,3.2.13
p003120,elespectador.com,prebid.media.net,request,2.6-202606,openrtb.field.undefined,error,site.isTop,3.2.13
p003120,elespectador.com,prebid.media.net,request,2.6-202606,openrtb.field.undefined,error,site.topMostLocation,3.2.13
p003121,elespectador.com,prebid.media.net,request,2.6-202606,openrtb.field.undefined,error,imp[0].all,3.2.4
p003121,elespectador.com,prebid.media.net,request,2.6-202606,openrtb.type.mismatch,error,imp[0].banner,3.2.4
p003121,elespectador.com,prebid.media.net,request,2.6-202606,openrtb.field.undefined,error,imp[0].ortb2Imp,3.2.4
p003121,elespectador.com,prebid.media.net,request,2.6-202606,openrtb.field.undefined,error,imp[0].transactionId,3.2.4
p003121,elespectador.com,prebid.media.net,request,2.6-202606,openrtb.field.undefined,error,ortb2,3.2.1
p003121,elespectador.com,prebid.media.net,request,2.6-202606,openrtb.field.undefined,error,site.canonical_url,3.2.13
p003121,elespectador.com,prebid.media.net,request,2.6-202606,openrtb.field.undefined,error,site.isTop,3.2.13
p003121,elespectador.com,prebid.media.net,request,2.6-202606,openrtb.field.undefined,error,site.topMostLocation,3.2.13
p003122,eonline.com,prebid.media.net,request,2.6-202606,openrtb.field.undefined,error,imp[0].all,3.2.4
p003122,eonline.com,prebid.media.net,request,2.6-202606,openrtb.field.undefined,error,imp[0].bidfloors,3.2.4
p003122,eonline.com,prebid.media.net,request,2.6-202606,openrtb.field.undefined,error,imp[0].ortb2Imp,3.2.4
p003122,eonline.com,prebid.media.net,request,2.6-202606,openrtb.field.undefined,error,imp[0].transactionId,3.2.4
p003122,eonline.com,prebid.media.net,request,2.6-202606,openrtb.field.undefined,error,imp[0].video.context,3.2.7
p003122,eonline.com,prebid.media.net,request,2.6-202606,openrtb.field.deprecated,warning,imp[0].video.placement,Section 3.2.7
p003122,eonline.com,prebid.media.net,request,2.6-202606,openrtb.field.undefined,error,imp[0].video.playerSize,3.2.7
p003122,eonline.com,prebid.media.net,request,2.6-202606,openrtb.value.invalid,error,imp[0].video.skip,3.2.7
p003122,eonline.com,prebid.media.net,request,2.6-202606,openrtb.field.undefined,error,ortb2,3.2.1
p003122,eonline.com,prebid.media.net,request,2.6-202606,openrtb.field.undefined,error,site.canonical_url,3.2.13
p003122,eonline.com,prebid.media.net,request,2.6-202606,openrtb.field.undefined,error,site.isTop,3.2.13
p003122,eonline.com,prebid.media.net,request,2.6-202606,openrtb.field.undefined,error,site.og_url,3.2.13
p003122,eonline.com,prebid.media.net,request,2.6-202606,openrtb.field.undefined,error,site.topMostLocation,3.2.13
p003123,eonline.com,prebid.media.net,request,2.6-202606,openrtb.field.undefined,error,imp[0].all,3.2.4
p003123,eonline.com,prebid.media.net,request,2.6-202606,openrtb.field.undefined,error,imp[0].bidfloors,3.2.4
p003123,eonline.com,prebid.media.net,request,2.6-202606,openrtb.field.undefined,error,imp[0].ortb2Imp,3.2.4
p003123,eonline.com,prebid.media.net,request,2.6-202606,openrtb.field.undefined,error,imp[0].transactionId,3.2.4
p003123,eonline.com,prebid.media.net,request,2.6-202606,openrtb.field.undefined,error,imp[0].video.context,3.2.7
p003123,eonline.com,prebid.media.net,request,2.6-202606,openrtb.field.deprecated,warning,imp[0].video.placement,Section 3.2.7
p003123,eonline.com,prebid.media.net,request,2.6-202606,openrtb.field.undefined,error,imp[0].video.playerSize,3.2.7
p003123,eonline.com,prebid.media.net,request,2.6-202606,openrtb.value.invalid,error,imp[0].video.skip,3.2.7
p003123,eonline.com,prebid.media.net,request,2.6-202606,openrtb.field.undefined,error,ortb2,3.2.1
p003123,eonline.com,prebid.media.net,request,2.6-202606,openrtb.field.undefined,error,site.canonical_url,3.2.13
p003123,eonline.com,prebid.media.net,request,2.6-202606,openrtb.field.undefined,error,site.isTop,3.2.13
p003123,eonline.com,prebid.media.net,request,2.6-202606,openrtb.field.undefined,error,site.og_url,3.2.13
p003123,eonline.com,prebid.media.net,request,2.6-202606,openrtb.field.undefined,error,site.topMostLocation,3.2.13
p003124,eonline.com,prebid.media.net,request,2.6-202606,openrtb.field.undefined,error,imp[0].all,3.2.4
p003124,eonline.com,prebid.media.net,request,2.6-202606,openrtb.field.undefined,error,imp[0].bidfloors,3.2.4
p003124,eonline.com,prebid.media.net,request,2.6-202606,openrtb.field.undefined,error,imp[0].ortb2Imp,3.2.4
p003124,eonline.com,prebid.media.net,request,2.6-202606,openrtb.field.undefined,error,imp[0].transactionId,3.2.4
p003124,eonline.com,prebid.media.net,request,2.6-202606,openrtb.field.undefined,error,imp[0].video.context,3.2.7
p003124,eonline.com,prebid.media.net,request,2.6-202606,openrtb.field.deprecated,warning,imp[0].video.placement,Section 3.2.7
p003124,eonline.com,prebid.media.net,request,2.6-202606,openrtb.field.undefined,error,imp[0].video.playerSize,3.2.7
p003124,eonline.com,prebid.media.net,request,2.6-202606,openrtb.value.invalid,error,imp[0].video.skip,3.2.7
p003124,eonline.com,prebid.media.net,request,2.6-202606,openrtb.field.undefined,error,ortb2,3.2.1
p003124,eonline.com,prebid.media.net,request,2.6-202606,openrtb.field.undefined,error,site.canonical_url,3.2.13
p003124,eonline.com,prebid.media.net,request,2.6-202606,openrtb.field.undefined,error,site.isTop,3.2.13
p003124,eonline.com,prebid.media.net,request,2.6-202606,openrtb.field.undefined,error,site.og_url,3.2.13
p003124,eonline.com,prebid.media.net,request,2.6-202606,openrtb.field.undefined,error,site.topMostLocation,3.2.13
p003124,eonline.com,prebid.media.net,request,2.6-202606,openrtb.field.undefined,error,site.twitter_url,3.2.13
p003125,eonline.com,prebid.media.net,request,2.6-202606,openrtb.field.undefined,error,imp[0].all,3.2.4
p003125,eonline.com,prebid.media.net,request,2.6-202606,openrtb.field.undefined,error,imp[0].bidfloors,3.2.4
p003125,eonline.com,prebid.media.net,request,2.6-202606,openrtb.field.undefined,error,imp[0].ortb2Imp,3.2.4
p003125,eonline.com,prebid.media.net,request,2.6-202606,openrtb.field.undefined,error,imp[0].transactionId,3.2.4
p003125,eonline.com,prebid.media.net,request,2.6-202606,openrtb.field.undefined,error,imp[0].video.context,3.2.7
p003125,eonline.com,prebid.media.net,request,2.6-202606,openrtb.field.deprecated,warning,imp[0].video.placement,Section 3.2.7
p003125,eonline.com,prebid.media.net,request,2.6-202606,openrtb.field.undefined,error,imp[0].video.playerSize,3.2.7
p003125,eonline.com,prebid.media.net,request,2.6-202606,openrtb.value.invalid,error,imp[0].video.skip,3.2.7
p003125,eonline.com,prebid.media.net,request,2.6-202606,openrtb.field.undefined,error,ortb2,3.2.1
p003125,eonline.com,prebid.media.net,request,2.6-202606,openrtb.field.undefined,error,site.canonical_url,3.2.13
p003125,eonline.com,prebid.media.net,request,2.6-202606,openrtb.field.undefined,error,site.isTop,3.2.13
p003125,eonline.com,prebid.media.net,request,2.6-202606,openrtb.field.undefined,error,site.og_url,3.2.13
p003125,eonline.com,prebid.media.net,request,2.6-202606,openrtb.field.undefined,error,site.topMostLocation,3.2.13
p003125,eonline.com,prebid.media.net,request,2.6-202606,openrtb.field.undefined,error,site.twitter_url,3.2.13
p003126,eonline.com,prebid.media.net,request,2.6-202606,openrtb.field.undefined,error,imp[0].all,3.2.4
p003126,eonline.com,prebid.media.net,request,2.6-202606,openrtb.field.undefined,error,imp[0].bidfloors,3.2.4
p003126,eonline.com,prebid.media.net,request,2.6-202606,openrtb.field.undefined,error,imp[0].ortb2Imp,3.2.4
p003126,eonline.com,prebid.media.net,request,2.6-202606,openrtb.field.undefined,error,imp[0].transactionId,3.2.4
p003126,eonline.com,prebid.media.net,request,2.6-202606,openrtb.field.undefined,error,imp[0].video.context,3.2.7
p003126,eonline.com,prebid.media.net,request,2.6-202606,openrtb.field.deprecated,warning,imp[0].video.placement,Section 3.2.7
p003126,eonline.com,prebid.media.net,request,2.6-202606,openrtb.field.undefined,error,imp[0].video.playerSize,3.2.7
p003126,eonline.com,prebid.media.net,request,2.6-202606,openrtb.value.invalid,error,imp[0].video.skip,3.2.7
p003126,eonline.com,prebid.media.net,request,2.6-202606,openrtb.field.undefined,error,ortb2,3.2.1
p003126,eonline.com,prebid.media.net,request,2.6-202606,openrtb.field.undefined,error,site.canonical_url,3.2.13
p003126,eonline.com,prebid.media.net,request,2.6-202606,openrtb.field.undefined,error,site.isTop,3.2.13
p003126,eonline.com,prebid.media.net,request,2.6-202606,openrtb.field.undefined,error,site.og_url,3.2.13
p003126,eonline.com,prebid.media.net,request,2.6-202606,openrtb.field.undefined,error,site.topMostLocation,3.2.13
p003126,eonline.com,prebid.media.net,request,2.6-202606,openrtb.field.undefined,error,site.twitter_url,3.2.13
p003127,eonline.com,prebid.media.net,request,2.6-202606,openrtb.field.undefined,error,imp[0].all,3.2.4
p003127,eonline.com,prebid.media.net,request,2.6-202606,openrtb.field.undefined,error,imp[0].bidfloors,3.2.4
p003127,eonline.com,prebid.media.net,request,2.6-202606,openrtb.field.undefined,error,imp[0].ortb2Imp,3.2.4
p003127,eonline.com,prebid.media.net,request,2.6-202606,openrtb.field.undefined,error,imp[0].transactionId,3.2.4
p003127,eonline.com,prebid.media.net,request,2.6-202606,openrtb.field.undefined,error,imp[0].video.context,3.2.7
p003127,eonline.com,prebid.media.net,request,2.6-202606,openrtb.field.deprecated,warning,imp[0].video.placement,Section 3.2.7
p003127,eonline.com,prebid.media.net,request,2.6-202606,openrtb.field.undefined,error,imp[0].video.playerSize,3.2.7
p003127,eonline.com,prebid.media.net,request,2.6-202606,openrtb.value.invalid,error,imp[0].video.skip,3.2.7
p003127,eonline.com,prebid.media.net,request,2.6-202606,openrtb.field.undefined,error,ortb2,3.2.1
p003127,eonline.com,prebid.media.net,request,2.6-202606,openrtb.field.undefined,error,site.canonical_url,3.2.13
p003127,eonline.com,prebid.media.net,request,2.6-202606,openrtb.field.undefined,error,site.isTop,3.2.13
p003127,eonline.com,prebid.media.net,request,2.6-202606,openrtb.field.undefined,error,site.og_url,3.2.13
p003127,eonline.com,prebid.media.net,request,2.6-202606,openrtb.field.undefined,error,site.topMostLocation,3.2.13
p003127,eonline.com,prebid.media.net,request,2.6-202606,openrtb.field.undefined,error,site.twitter_url,3.2.13
p003128,eonline.com,prebid.media.net,request,2.6-202606,openrtb.field.undefined,error,imp[0].all,3.2.4
p003128,eonline.com,prebid.media.net,request,2.6-202606,openrtb.field.undefined,error,imp[0].bidfloors,3.2.4
p003128,eonline.com,prebid.media.net,request,2.6-202606,openrtb.field.undefined,error,imp[0].ortb2Imp,3.2.4
p003128,eonline.com,prebid.media.net,request,2.6-202606,openrtb.field.undefined,error,imp[0].transactionId,3.2.4
p003128,eonline.com,prebid.media.net,request,2.6-202606,openrtb.field.undefined,error,imp[0].video.context,3.2.7
p003128,eonline.com,prebid.media.net,request,2.6-202606,openrtb.field.deprecated,warning,imp[0].video.placement,Section 3.2.7
p003128,eonline.com,prebid.media.net,request,2.6-202606,openrtb.field.undefined,error,imp[0].video.playerSize,3.2.7
p003128,eonline.com,prebid.media.net,request,2.6-202606,openrtb.value.invalid,error,imp[0].video.skip,3.2.7
p003128,eonline.com,prebid.media.net,request,2.6-202606,openrtb.field.undefined,error,ortb2,3.2.1
p003128,eonline.com,prebid.media.net,request,2.6-202606,openrtb.field.undefined,error,site.canonical_url,3.2.13
p003128,eonline.com,prebid.media.net,request,2.6-202606,openrtb.field.undefined,error,site.isTop,3.2.13
p003128,eonline.com,prebid.media.net,request,2.6-202606,openrtb.field.undefined,error,site.og_url,3.2.13
p003128,eonline.com,prebid.media.net,request,2.6-202606,openrtb.field.undefined,error,site.topMostLocation,3.2.13
p003128,eonline.com,prebid.media.net,request,2.6-202606,openrtb.field.undefined,error,site.twitter_url,3.2.13
p003129,eonline.com,prebid.media.net,request,2.6-202606,openrtb.field.undefined,error,imp[0].all,3.2.4
p003129,eonline.com,prebid.media.net,request,2.6-202606,openrtb.field.undefined,error,imp[0].bidfloors,3.2.4
p003129,eonline.com,prebid.media.net,request,2.6-202606,openrtb.field.undefined,error,imp[0].ortb2Imp,3.2.4
p003129,eonline.com,prebid.media.net,request,2.6-202606,openrtb.field.undefined,error,imp[0].transactionId,3.2.4
p003129,eonline.com,prebid.media.net,request,2.6-202606,openrtb.field.undefined,error,imp[0].video.context,3.2.7
p003129,eonline.com,prebid.media.net,request,2.6-202606,openrtb.field.deprecated,warning,imp[0].video.placement,Section 3.2.7
p003129,eonline.com,prebid.media.net,request,2.6-202606,openrtb.field.undefined,error,imp[0].video.playerSize,3.2.7
p003129,eonline.com,prebid.media.net,request,2.6-202606,openrtb.value.invalid,error,imp[0].video.skip,3.2.7
p003129,eonline.com,prebid.media.net,request,2.6-202606,openrtb.field.undefined,error,ortb2,3.2.1
p003129,eonline.com,prebid.media.net,request,2.6-202606,openrtb.field.undefined,error,site.canonical_url,3.2.13
p003129,eonline.com,prebid.media.net,request,2.6-202606,openrtb.field.undefined,error,site.isTop,3.2.13
p003129,eonline.com,prebid.media.net,request,2.6-202606,openrtb.field.undefined,error,site.og_url,3.2.13
p003129,eonline.com,prebid.media.net,request,2.6-202606,openrtb.field.undefined,error,site.topMostLocation,3.2.13
p003129,eonline.com,prebid.media.net,request,2.6-202606,openrtb.field.undefined,error,site.twitter_url,3.2.13
p003130,eonline.com,prebid.media.net,request,2.6-202606,openrtb.field.undefined,error,imp[0].all,3.2.4
p003130,eonline.com,prebid.media.net,request,2.6-202606,openrtb.field.undefined,error,imp[0].bidfloors,3.2.4
p003130,eonline.com,prebid.media.net,request,2.6-202606,openrtb.field.undefined,error,imp[0].ortb2Imp,3.2.4
p003130,eonline.com,prebid.media.net,request,2.6-202606,openrtb.field.undefined,error,imp[0].transactionId,3.2.4
p003130,eonline.com,prebid.media.net,request,2.6-202606,openrtb.field.undefined,error,imp[0].video.context,3.2.7
p003130,eonline.com,prebid.media.net,request,2.6-202606,openrtb.field.deprecated,warning,imp[0].video.placement,Section 3.2.7
p003130,eonline.com,prebid.media.net,request,2.6-202606,openrtb.field.undefined,error,imp[0].video.playerSize,3.2.7
p003130,eonline.com,prebid.media.net,request,2.6-202606,openrtb.value.invalid,error,imp[0].video.skip,3.2.7
p003130,eonline.com,prebid.media.net,request,2.6-202606,openrtb.field.undefined,error,ortb2,3.2.1
p003130,eonline.com,prebid.media.net,request,2.6-202606,openrtb.field.undefined,error,site.canonical_url,3.2.13
p003130,eonline.com,prebid.media.net,request,2.6-202606,openrtb.field.undefined,error,site.isTop,3.2.13
p003130,eonline.com,prebid.media.net,request,2.6-202606,openrtb.field.undefined,error,site.og_url,3.2.13
p003130,eonline.com,prebid.media.net,request,2.6-202606,openrtb.field.undefined,error,site.topMostLocation,3.2.13
p003130,eonline.com,prebid.media.net,request,2.6-202606,openrtb.field.undefined,error,site.twitter_url,3.2.13
p003131,fox11online.com,prebid.media.net,request,2.6-202606,openrtb.field.undefined,error,imp[0].all,3.2.4
p003131,fox11online.com,prebid.media.net,request,2.6-202606,openrtb.field.undefined,error,imp[0].bidfloors,3.2.4
p003131,fox11online.com,prebid.media.net,request,2.6-202606,openrtb.field.undefined,error,imp[0].ortb2Imp,3.2.4
p003131,fox11online.com,prebid.media.net,request,2.6-202606,openrtb.field.undefined,error,imp[0].transactionId,3.2.4
p003131,fox11online.com,prebid.media.net,request,2.6-202606,openrtb.field.undefined,error,imp[0].video.context,3.2.7
p003131,fox11online.com,prebid.media.net,request,2.6-202606,openrtb.field.deprecated,warning,imp[0].video.placement,Section 3.2.7
p003131,fox11online.com,prebid.media.net,request,2.6-202606,openrtb.field.undefined,error,imp[0].video.playerSize,3.2.7
p003131,fox11online.com,prebid.media.net,request,2.6-202606,openrtb.field.undefined,error,ortb2,3.2.1
p003131,fox11online.com,prebid.media.net,request,2.6-202606,openrtb.field.undefined,error,site.canonical_url,3.2.13
p003131,fox11online.com,prebid.media.net,request,2.6-202606,openrtb.field.undefined,error,site.isTop,3.2.13
p003131,fox11online.com,prebid.media.net,request,2.6-202606,openrtb.field.undefined,error,site.topMostLocation,3.2.13
p003132,fox11online.com,prebid.media.net,request,2.6-202606,openrtb.field.undefined,error,imp[0].all,3.2.4
p003132,fox11online.com,prebid.media.net,request,2.6-202606,openrtb.type.mismatch,error,imp[0].banner,3.2.4
p003132,fox11online.com,prebid.media.net,request,2.6-202606,openrtb.field.undefined,error,imp[0].bidfloors,3.2.4
p003132,fox11online.com,prebid.media.net,request,2.6-202606,openrtb.field.undefined,error,imp[0].ortb2Imp,3.2.4
p003132,fox11online.com,prebid.media.net,request,2.6-202606,openrtb.field.undefined,error,imp[0].transactionId,3.2.4
p003132,fox11online.com,prebid.media.net,request,2.6-202606,openrtb.field.undefined,error,imp[1].all,3.2.4
p003132,fox11online.com,prebid.media.net,request,2.6-202606,openrtb.type.mismatch,error,imp[1].banner,3.2.4
p003132,fox11online.com,prebid.media.net,request,2.6-202606,openrtb.field.undefined,error,imp[1].bidfloors,3.2.4
p003132,fox11online.com,prebid.media.net,request,2.6-202606,openrtb.field.undefined,error,imp[1].ortb2Imp,3.2.4
p003132,fox11online.com,prebid.media.net,request,2.6-202606,openrtb.field.undefined,error,imp[1].transactionId,3.2.4
p003132,fox11online.com,prebid.media.net,request,2.6-202606,openrtb.field.undefined,error,imp[2].all,3.2.4
p003132,fox11online.com,prebid.media.net,request,2.6-202606,openrtb.type.mismatch,error,imp[2].banner,3.2.4
p003132,fox11online.com,prebid.media.net,request,2.6-202606,openrtb.field.undefined,error,imp[2].bidfloors,3.2.4
p003132,fox11online.com,prebid.media.net,request,2.6-202606,openrtb.field.undefined,error,imp[2].ortb2Imp,3.2.4
p003132,fox11online.com,prebid.media.net,request,2.6-202606,openrtb.field.undefined,error,imp[2].transactionId,3.2.4
p003132,fox11online.com,prebid.media.net,request,2.6-202606,openrtb.field.undefined,error,imp[3].all,3.2.4
p003132,fox11online.com,prebid.media.net,request,2.6-202606,openrtb.type.mismatch,error,imp[3].banner,3.2.4
p003132,fox11online.com,prebid.media.net,request,2.6-202606,openrtb.field.undefined,error,imp[3].bidfloors,3.2.4
p003132,fox11online.com,prebid.media.net,request,2.6-202606,openrtb.field.undefined,error,imp[3].ortb2Imp,3.2.4
p003132,fox11online.com,prebid.media.net,request,2.6-202606,openrtb.field.undefined,error,imp[3].transactionId,3.2.4
p003132,fox11online.com,prebid.media.net,request,2.6-202606,openrtb.field.undefined,error,imp[4].all,3.2.4
p003132,fox11online.com,prebid.media.net,request,2.6-202606,openrtb.type.mismatch,error,imp[4].banner,3.2.4
p003132,fox11online.com,prebid.media.net,request,2.6-202606,openrtb.field.undefined,error,imp[4].bidfloors,3.2.4
p003132,fox11online.com,prebid.media.net,request,2.6-202606,openrtb.field.undefined,error,imp[4].ortb2Imp,3.2.4
p003132,fox11online.com,prebid.media.net,request,2.6-202606,openrtb.field.undefined,error,imp[4].transactionId,3.2.4
p003132,fox11online.com,prebid.media.net,request,2.6-202606,openrtb.field.undefined,error,imp[5].all,3.2.4
p003132,fox11online.com,prebid.media.net,request,2.6-202606,openrtb.type.mismatch,error,imp[5].banner,3.2.4
p003132,fox11online.com,prebid.media.net,request,2.6-202606,openrtb.field.undefined,error,imp[5].bidfloors,3.2.4
p003132,fox11online.com,prebid.media.net,request,2.6-202606,openrtb.field.undefined,error,imp[5].ortb2Imp,3.2.4
p003132,fox11online.com,prebid.media.net,request,2.6-202606,openrtb.field.undefined,error,imp[5].transactionId,3.2.4
p003132,fox11online.com,prebid.media.net,request,2.6-202606,openrtb.field.undefined,error,imp[6].all,3.2.4
p003132,fox11online.com,prebid.media.net,request,2.6-202606,openrtb.type.mismatch,error,imp[6].banner,3.2.4
p003132,fox11online.com,prebid.media.net,request,2.6-202606,openrtb.field.undefined,error,imp[6].bidfloors,3.2.4
p003132,fox11online.com,prebid.media.net,request,2.6-202606,openrtb.field.undefined,error,imp[6].ortb2Imp,3.2.4
p003132,fox11online.com,prebid.media.net,request,2.6-202606,openrtb.field.undefined,error,imp[6].transactionId,3.2.4
p003132,fox11online.com,prebid.media.net,request,2.6-202606,openrtb.field.undefined,error,imp[7].all,3.2.4
p003132,fox11online.com,prebid.media.net,request,2.6-202606,openrtb.type.mismatch,error,imp[7].banner,3.2.4
p003132,fox11online.com,prebid.media.net,request,2.6-202606,openrtb.field.undefined,error,imp[7].bidfloors,3.2.4
p003132,fox11online.com,prebid.media.net,request,2.6-202606,openrtb.field.undefined,error,imp[7].ortb2Imp,3.2.4
p003132,fox11online.com,prebid.media.net,request,2.6-202606,openrtb.field.undefined,error,imp[7].transactionId,3.2.4
p003132,fox11online.com,prebid.media.net,request,2.6-202606,openrtb.field.undefined,error,ortb2,3.2.1
p003132,fox11online.com,prebid.media.net,request,2.6-202606,openrtb.field.undefined,error,site.canonical_url,3.2.13
p003132,fox11online.com,prebid.media.net,request,2.6-202606,openrtb.field.undefined,error,site.isTop,3.2.13
p003132,fox11online.com,prebid.media.net,request,2.6-202606,openrtb.field.undefined,error,site.topMostLocation,3.2.13
p003133,fox11online.com,prebid.media.net,request,2.6-202606,openrtb.field.undefined,error,imp[0].all,3.2.4
p003133,fox11online.com,prebid.media.net,request,2.6-202606,openrtb.field.undefined,error,imp[0].bidfloors,3.2.4
p003133,fox11online.com,prebid.media.net,request,2.6-202606,openrtb.field.undefined,error,imp[0].ortb2Imp,3.2.4
p003133,fox11online.com,prebid.media.net,request,2.6-202606,openrtb.field.undefined,error,imp[0].transactionId,3.2.4
p003133,fox11online.com,prebid.media.net,request,2.6-202606,openrtb.field.undefined,error,imp[0].video.context,3.2.7
p003133,fox11online.com,prebid.media.net,request,2.6-202606,openrtb.field.deprecated,warning,imp[0].video.placement,Section 3.2.7
p003133,fox11online.com,prebid.media.net,request,2.6-202606,openrtb.field.undefined,error,imp[0].video.playerSize,3.2.7
p003133,fox11online.com,prebid.media.net,request,2.6-202606,openrtb.value.invalid,error,imp[0].video.skip,3.2.7
p003133,fox11online.com,prebid.media.net,request,2.6-202606,openrtb.field.undefined,error,ortb2,3.2.1
p003133,fox11online.com,prebid.media.net,request,2.6-202606,openrtb.field.undefined,error,site.canonical_url,3.2.13
p003133,fox11online.com,prebid.media.net,request,2.6-202606,openrtb.field.undefined,error,site.isTop,3.2.13
p003133,fox11online.com,prebid.media.net,request,2.6-202606,openrtb.field.undefined,error,site.og_url,3.2.13
p003133,fox11online.com,prebid.media.net,request,2.6-202606,openrtb.field.undefined,error,site.topMostLocation,3.2.13
p003134,fox11online.com,prebid.media.net,request,2.6-202606,openrtb.field.undefined,error,imp[0].all,3.2.4
p003134,fox11online.com,prebid.media.net,request,2.6-202606,openrtb.field.undefined,error,imp[0].bidfloors,3.2.4
p003134,fox11online.com,prebid.media.net,request,2.6-202606,openrtb.field.undefined,error,imp[0].ortb2Imp,3.2.4
p003134,fox11online.com,prebid.media.net,request,2.6-202606,openrtb.field.undefined,error,imp[0].transactionId,3.2.4
p003134,fox11online.com,prebid.media.net,request,2.6-202606,openrtb.field.undefined,error,imp[0].video.context,3.2.7
p003134,fox11online.com,prebid.media.net,request,2.6-202606,openrtb.field.deprecated,warning,imp[0].video.placement,Section 3.2.7
p003134,fox11online.com,prebid.media.net,request,2.6-202606,openrtb.field.undefined,error,imp[0].video.playerSize,3.2.7
p003134,fox11online.com,prebid.media.net,request,2.6-202606,openrtb.value.invalid,error,imp[0].video.skip,3.2.7
p003134,fox11online.com,prebid.media.net,request,2.6-202606,openrtb.field.undefined,error,ortb2,3.2.1
p003134,fox11online.com,prebid.media.net,request,2.6-202606,openrtb.field.undefined,error,site.canonical_url,3.2.13
p003134,fox11online.com,prebid.media.net,request,2.6-202606,openrtb.field.undefined,error,site.isTop,3.2.13
p003134,fox11online.com,prebid.media.net,request,2.6-202606,openrtb.field.undefined,error,site.og_url,3.2.13
p003134,fox11online.com,prebid.media.net,request,2.6-202606,openrtb.field.undefined,error,site.topMostLocation,3.2.13
p003135,fox11online.com,prebid.media.net,request,2.6-202606,openrtb.field.undefined,error,imp[0].all,3.2.4
p003135,fox11online.com,prebid.media.net,request,2.6-202606,openrtb.field.undefined,error,imp[0].bidfloors,3.2.4
p003135,fox11online.com,prebid.media.net,request,2.6-202606,openrtb.field.undefined,error,imp[0].ortb2Imp,3.2.4
p003135,fox11online.com,prebid.media.net,request,2.6-202606,openrtb.field.undefined,error,imp[0].transactionId,3.2.4
p003135,fox11online.com,prebid.media.net,request,2.6-202606,openrtb.field.undefined,error,imp[0].video.context,3.2.7
p003135,fox11online.com,prebid.media.net,request,2.6-202606,openrtb.field.deprecated,warning,imp[0].video.placement,Section 3.2.7
p003135,fox11online.com,prebid.media.net,request,2.6-202606,openrtb.field.undefined,error,imp[0].video.playerSize,3.2.7
p003135,fox11online.com,prebid.media.net,request,2.6-202606,openrtb.value.invalid,error,imp[0].video.skip,3.2.7
p003135,fox11online.com,prebid.media.net,request,2.6-202606,openrtb.field.undefined,error,ortb2,3.2.1
p003135,fox11online.com,prebid.media.net,request,2.6-202606,openrtb.field.undefined,error,site.canonical_url,3.2.13
p003135,fox11online.com,prebid.media.net,request,2.6-202606,openrtb.field.undefined,error,site.isTop,3.2.13
p003135,fox11online.com,prebid.media.net,request,2.6-202606,openrtb.field.undefined,error,site.og_url,3.2.13
p003135,fox11online.com,prebid.media.net,request,2.6-202606,openrtb.field.undefined,error,site.topMostLocation,3.2.13
p003136,fox11online.com,prebid.media.net,request,2.6-202606,openrtb.field.undefined,error,imp[0].all,3.2.4
p003136,fox11online.com,prebid.media.net,request,2.6-202606,openrtb.field.undefined,error,imp[0].bidfloors,3.2.4
p003136,fox11online.com,prebid.media.net,request,2.6-202606,openrtb.field.undefined,error,imp[0].ortb2Imp,3.2.4
p003136,fox11online.com,prebid.media.net,request,2.6-202606,openrtb.field.undefined,error,imp[0].transactionId,3.2.4
p003136,fox11online.com,prebid.media.net,request,2.6-202606,openrtb.field.undefined,error,imp[0].video.context,3.2.7
p003136,fox11online.com,prebid.media.net,request,2.6-202606,openrtb.field.deprecated,warning,imp[0].video.placement,Section 3.2.7
p003136,fox11online.com,prebid.media.net,request,2.6-202606,openrtb.field.undefined,error,imp[0].video.playerSize,3.2.7
p003136,fox11online.com,prebid.media.net,request,2.6-202606,openrtb.value.invalid,error,imp[0].video.skip,3.2.7
p003136,fox11online.com,prebid.media.net,request,2.6-202606,openrtb.field.undefined,error,ortb2,3.2.1
p003136,fox11online.com,prebid.media.net,request,2.6-202606,openrtb.field.undefined,error,site.canonical_url,3.2.13
p003136,fox11online.com,prebid.media.net,request,2.6-202606,openrtb.field.undefined,error,site.isTop,3.2.13
p003136,fox11online.com,prebid.media.net,request,2.6-202606,openrtb.field.undefined,error,site.og_url,3.2.13
p003136,fox11online.com,prebid.media.net,request,2.6-202606,openrtb.field.undefined,error,site.topMostLocation,3.2.13
p003137,fox11online.com,prebid.media.net,request,2.6-202606,openrtb.field.undefined,error,imp[0].all,3.2.4
p003137,fox11online.com,prebid.media.net,request,2.6-202606,openrtb.field.undefined,error,imp[0].bidfloors,3.2.4
p003137,fox11online.com,prebid.media.net,request,2.6-202606,openrtb.field.undefined,error,imp[0].ortb2Imp,3.2.4
p003137,fox11online.com,prebid.media.net,request,2.6-202606,openrtb.field.undefined,error,imp[0].transactionId,3.2.4
p003137,fox11online.com,prebid.media.net,request,2.6-202606,openrtb.field.undefined,error,imp[0].video.context,3.2.7
p003137,fox11online.com,prebid.media.net,request,2.6-202606,openrtb.field.deprecated,warning,imp[0].video.placement,Section 3.2.7
p003137,fox11online.com,prebid.media.net,request,2.6-202606,openrtb.field.undefined,error,imp[0].video.playerSize,3.2.7
p003137,fox11online.com,prebid.media.net,request,2.6-202606,openrtb.field.undefined,error,ortb2,3.2.1
p003137,fox11online.com,prebid.media.net,request,2.6-202606,openrtb.field.undefined,error,site.canonical_url,3.2.13
p003137,fox11online.com,prebid.media.net,request,2.6-202606,openrtb.field.undefined,error,site.isTop,3.2.13
p003137,fox11online.com,prebid.media.net,request,2.6-202606,openrtb.field.undefined,error,site.topMostLocation,3.2.13
p003138,fox11online.com,prebid.media.net,request,2.6-202606,openrtb.field.undefined,error,imp[0].all,3.2.4
p003138,fox11online.com,prebid.media.net,request,2.6-202606,openrtb.type.mismatch,error,imp[0].banner,3.2.4
p003138,fox11online.com,prebid.media.net,request,2.6-202606,openrtb.field.undefined,error,imp[0].bidfloors,3.2.4
p003138,fox11online.com,prebid.media.net,request,2.6-202606,openrtb.field.undefined,error,imp[0].ortb2Imp,3.2.4
p003138,fox11online.com,prebid.media.net,request,2.6-202606,openrtb.field.undefined,error,imp[0].transactionId,3.2.4
p003138,fox11online.com,prebid.media.net,request,2.6-202606,openrtb.field.undefined,error,imp[1].all,3.2.4
p003138,fox11online.com,prebid.media.net,request,2.6-202606,openrtb.type.mismatch,error,imp[1].banner,3.2.4
p003138,fox11online.com,prebid.media.net,request,2.6-202606,openrtb.field.undefined,error,imp[1].bidfloors,3.2.4
p003138,fox11online.com,prebid.media.net,request,2.6-202606,openrtb.field.undefined,error,imp[1].ortb2Imp,3.2.4
p003138,fox11online.com,prebid.media.net,request,2.6-202606,openrtb.field.undefined,error,imp[1].transactionId,3.2.4
p003138,fox11online.com,prebid.media.net,request,2.6-202606,openrtb.field.undefined,error,imp[2].all,3.2.4
p003138,fox11online.com,prebid.media.net,request,2.6-202606,openrtb.type.mismatch,error,imp[2].banner,3.2.4
p003138,fox11online.com,prebid.media.net,request,2.6-202606,openrtb.field.undefined,error,imp[2].bidfloors,3.2.4
p003138,fox11online.com,prebid.media.net,request,2.6-202606,openrtb.field.undefined,error,imp[2].ortb2Imp,3.2.4
p003138,fox11online.com,prebid.media.net,request,2.6-202606,openrtb.field.undefined,error,imp[2].transactionId,3.2.4
p003138,fox11online.com,prebid.media.net,request,2.6-202606,openrtb.field.undefined,error,ortb2,3.2.1
p003138,fox11online.com,prebid.media.net,request,2.6-202606,openrtb.field.undefined,error,site.canonical_url,3.2.13
p003138,fox11online.com,prebid.media.net,request,2.6-202606,openrtb.field.undefined,error,site.isTop,3.2.13
p003138,fox11online.com,prebid.media.net,request,2.6-202606,openrtb.field.undefined,error,site.topMostLocation,3.2.13
p003139,fox11online.com,prebid.media.net,request,2.6-202606,openrtb.field.undefined,error,imp[0].all,3.2.4
p003139,fox11online.com,prebid.media.net,request,2.6-202606,openrtb.field.undefined,error,imp[0].bidfloors,3.2.4
p003139,fox11online.com,prebid.media.net,request,2.6-202606,openrtb.field.undefined,error,imp[0].ortb2Imp,3.2.4
p003139,fox11online.com,prebid.media.net,request,2.6-202606,openrtb.field.undefined,error,imp[0].transactionId,3.2.4
p003139,fox11online.com,prebid.media.net,request,2.6-202606,openrtb.field.undefined,error,imp[0].video.context,3.2.7
p003139,fox11online.com,prebid.media.net,request,2.6-202606,openrtb.field.deprecated,warning,imp[0].video.placement,Section 3.2.7
p003139,fox11online.com,prebid.media.net,request,2.6-202606,openrtb.field.undefined,error,imp[0].video.playerSize,3.2.7
p003139,fox11online.com,prebid.media.net,request,2.6-202606,openrtb.value.invalid,error,imp[0].video.skip,3.2.7
p003139,fox11online.com,prebid.media.net,request,2.6-202606,openrtb.field.undefined,error,ortb2,3.2.1
p003139,fox11online.com,prebid.media.net,request,2.6-202606,openrtb.field.undefined,error,site.canonical_url,3.2.13
p003139,fox11online.com,prebid.media.net,request,2.6-202606,openrtb.field.undefined,error,site.isTop,3.2.13
p003139,fox11online.com,prebid.media.net,request,2.6-202606,openrtb.field.undefined,error,site.og_url,3.2.13
p003139,fox11online.com,prebid.media.net,request,2.6-202606,openrtb.field.undefined,error,site.topMostLocation,3.2.13
p003140,fox11online.com,prebid.media.net,request,2.6-202606,openrtb.field.undefined,error,imp[0].all,3.2.4
p003140,fox11online.com,prebid.media.net,request,2.6-202606,openrtb.field.undefined,error,imp[0].bidfloors,3.2.4
p003140,fox11online.com,prebid.media.net,request,2.6-202606,openrtb.field.undefined,error,imp[0].ortb2Imp,3.2.4
p003140,fox11online.com,prebid.media.net,request,2.6-202606,openrtb.field.undefined,error,imp[0].transactionId,3.2.4
p003140,fox11online.com,prebid.media.net,request,2.6-202606,openrtb.field.undefined,error,imp[0].video.context,3.2.7
p003140,fox11online.com,prebid.media.net,request,2.6-202606,openrtb.field.deprecated,warning,imp[0].video.placement,Section 3.2.7
p003140,fox11online.com,prebid.media.net,request,2.6-202606,openrtb.field.undefined,error,imp[0].video.playerSize,3.2.7
p003140,fox11online.com,prebid.media.net,request,2.6-202606,openrtb.value.invalid,error,imp[0].video.skip,3.2.7
p003140,fox11online.com,prebid.media.net,request,2.6-202606,openrtb.field.undefined,error,ortb2,3.2.1
p003140,fox11online.com,prebid.media.net,request,2.6-202606,openrtb.field.undefined,error,site.canonical_url,3.2.13
p003140,fox11online.com,prebid.media.net,request,2.6-202606,openrtb.field.undefined,error,site.isTop,3.2.13
p003140,fox11online.com,prebid.media.net,request,2.6-202606,openrtb.field.undefined,error,site.og_url,3.2.13
p003140,fox11online.com,prebid.media.net,request,2.6-202606,openrtb.field.undefined,error,site.topMostLocation,3.2.13
p003141,futbol-11.com,prebid.media.net,request,2.6-202606,openrtb.type.mismatch,error,id,3.2.1
p003141,futbol-11.com,prebid.media.net,request,2.6-202606,openrtb.field.undefined,error,imp[0].all,3.2.4
p003141,futbol-11.com,prebid.media.net,request,2.6-202606,openrtb.type.mismatch,error,imp[0].banner,3.2.4
p003141,futbol-11.com,prebid.media.net,request,2.6-202606,openrtb.field.undefined,error,imp[0].bidfloors,3.2.4
p003141,futbol-11.com,prebid.media.net,request,2.6-202606,openrtb.field.undefined,error,imp[0].ortb2Imp,3.2.4
p003141,futbol-11.com,prebid.media.net,request,2.6-202606,openrtb.field.undefined,error,ortb2,3.2.1
p003141,futbol-11.com,prebid.media.net,request,2.6-202606,openrtb.field.undefined,error,site.isTop,3.2.13
p003141,futbol-11.com,prebid.media.net,request,2.6-202606,openrtb.field.undefined,error,site.topMostLocation,3.2.13
p003142,moly.hu,prebid.media.net,request,2.6-202606,openrtb.field.undefined,error,imp[0].all,3.2.4
p003142,moly.hu,prebid.media.net,request,2.6-202606,openrtb.type.mismatch,error,imp[0].banner,3.2.4
p003142,moly.hu,prebid.media.net,request,2.6-202606,openrtb.field.undefined,error,imp[0].ortb2Imp,3.2.4
p003142,moly.hu,prebid.media.net,request,2.6-202606,openrtb.field.undefined,error,imp[0].transactionId,3.2.4
p003142,moly.hu,prebid.media.net,request,2.6-202606,openrtb.field.undefined,error,imp[1].all,3.2.4
p003142,moly.hu,prebid.media.net,request,2.6-202606,openrtb.type.mismatch,error,imp[1].banner,3.2.4
p003142,moly.hu,prebid.media.net,request,2.6-202606,openrtb.field.undefined,error,imp[1].ortb2Imp,3.2.4
p003142,moly.hu,prebid.media.net,request,2.6-202606,openrtb.field.undefined,error,imp[1].transactionId,3.2.4
p003142,moly.hu,prebid.media.net,request,2.6-202606,openrtb.field.undefined,error,imp[2].all,3.2.4
p003142,moly.hu,prebid.media.net,request,2.6-202606,openrtb.type.mismatch,error,imp[2].banner,3.2.4
p003142,moly.hu,prebid.media.net,request,2.6-202606,openrtb.field.undefined,error,imp[2].ortb2Imp,3.2.4
p003142,moly.hu,prebid.media.net,request,2.6-202606,openrtb.field.undefined,error,imp[2].transactionId,3.2.4
p003142,moly.hu,prebid.media.net,request,2.6-202606,openrtb.field.undefined,error,ortb2,3.2.1
p003142,moly.hu,prebid.media.net,request,2.6-202606,openrtb.field.undefined,error,site.canonical_url,3.2.13
p003142,moly.hu,prebid.media.net,request,2.6-202606,openrtb.field.undefined,error,site.isTop,3.2.13
p003142,moly.hu,prebid.media.net,request,2.6-202606,openrtb.field.undefined,error,site.topMostLocation,3.2.13
p003143,montgomeryadvertiser.com,prebid.media.net,request,2.6-202606,openrtb.field.undefined,error,imp[0].all,3.2.4
p003143,montgomeryadvertiser.com,prebid.media.net,request,2.6-202606,openrtb.field.undefined,error,imp[0].bidfloors,3.2.4
p003143,montgomeryadvertiser.com,prebid.media.net,request,2.6-202606,openrtb.field.undefined,error,imp[0].ortb2Imp,3.2.4
p003143,montgomeryadvertiser.com,prebid.media.net,request,2.6-202606,openrtb.field.undefined,error,imp[0].transactionId,3.2.4
p003143,montgomeryadvertiser.com,prebid.media.net,request,2.6-202606,openrtb.field.undefined,error,imp[0].video.context,3.2.7
p003143,montgomeryadvertiser.com,prebid.media.net,request,2.6-202606,openrtb.field.deprecated,warning,imp[0].video.placement,Section 3.2.7
p003143,montgomeryadvertiser.com,prebid.media.net,request,2.6-202606,openrtb.field.undefined,error,imp[0].video.playerSize,3.2.7
p003143,montgomeryadvertiser.com,prebid.media.net,request,2.6-202606,openrtb.value.invalid,error,imp[0].video.skip,3.2.7
p003143,montgomeryadvertiser.com,prebid.media.net,request,2.6-202606,openrtb.field.undefined,error,ortb2,3.2.1
p003143,montgomeryadvertiser.com,prebid.media.net,request,2.6-202606,openrtb.field.undefined,error,site.canonical_url,3.2.13
p003143,montgomeryadvertiser.com,prebid.media.net,request,2.6-202606,openrtb.field.undefined,error,site.isTop,3.2.13
p003143,montgomeryadvertiser.com,prebid.media.net,request,2.6-202606,openrtb.field.undefined,error,site.og_url,3.2.13
p003143,montgomeryadvertiser.com,prebid.media.net,request,2.6-202606,openrtb.field.undefined,error,site.topMostLocation,3.2.13
p003144,moly.hu,prebid.media.net,request,2.6-202606,openrtb.field.undefined,error,imp[0].all,3.2.4
p003144,moly.hu,prebid.media.net,request,2.6-202606,openrtb.type.mismatch,error,imp[0].banner,3.2.4
p003144,moly.hu,prebid.media.net,request,2.6-202606,openrtb.field.undefined,error,imp[0].ortb2Imp,3.2.4
p003144,moly.hu,prebid.media.net,request,2.6-202606,openrtb.field.undefined,error,imp[0].transactionId,3.2.4
p003144,moly.hu,prebid.media.net,request,2.6-202606,openrtb.field.undefined,error,imp[1].all,3.2.4
p003144,moly.hu,prebid.media.net,request,2.6-202606,openrtb.type.mismatch,error,imp[1].banner,3.2.4
p003144,moly.hu,prebid.media.net,request,2.6-202606,openrtb.field.undefined,error,imp[1].ortb2Imp,3.2.4
p003144,moly.hu,prebid.media.net,request,2.6-202606,openrtb.field.undefined,error,imp[1].transactionId,3.2.4
p003144,moly.hu,prebid.media.net,request,2.6-202606,openrtb.field.undefined,error,ortb2,3.2.1
p003144,moly.hu,prebid.media.net,request,2.6-202606,openrtb.field.undefined,error,site.canonical_url,3.2.13
p003144,moly.hu,prebid.media.net,request,2.6-202606,openrtb.field.undefined,error,site.isTop,3.2.13
p003144,moly.hu,prebid.media.net,request,2.6-202606,openrtb.field.undefined,error,site.topMostLocation,3.2.13
p003145,namemc.com,prebid.media.net,request,2.6-202606,openrtb.type.mismatch,error,id,3.2.1
p003145,namemc.com,prebid.media.net,request,2.6-202606,openrtb.field.undefined,error,imp[0].all,3.2.4
p003145,namemc.com,prebid.media.net,request,2.6-202606,openrtb.type.mismatch,error,imp[0].banner,3.2.4
p003145,namemc.com,prebid.media.net,request,2.6-202606,openrtb.field.undefined,error,imp[0].bidfloors,3.2.4
p003145,namemc.com,prebid.media.net,request,2.6-202606,openrtb.field.undefined,error,imp[0].ortb2Imp,3.2.4
p003145,namemc.com,prebid.media.net,request,2.6-202606,openrtb.field.undefined,error,imp[1].all,3.2.4
p003145,namemc.com,prebid.media.net,request,2.6-202606,openrtb.type.mismatch,error,imp[1].banner,3.2.4
p003145,namemc.com,prebid.media.net,request,2.6-202606,openrtb.field.undefined,error,imp[1].bidfloors,3.2.4
p003145,namemc.com,prebid.media.net,request,2.6-202606,openrtb.field.undefined,error,imp[1].ortb2Imp,3.2.4
p003145,namemc.com,prebid.media.net,request,2.6-202606,openrtb.field.undefined,error,imp[2].all,3.2.4
p003145,namemc.com,prebid.media.net,request,2.6-202606,openrtb.type.mismatch,error,imp[2].banner,3.2.4
p003145,namemc.com,prebid.media.net,request,2.6-202606,openrtb.field.undefined,error,imp[2].bidfloors,3.2.4
p003145,namemc.com,prebid.media.net,request,2.6-202606,openrtb.field.undefined,error,imp[2].ortb2Imp,3.2.4
p003145,namemc.com,prebid.media.net,request,2.6-202606,openrtb.field.undefined,error,imp[3].all,3.2.4
p003145,namemc.com,prebid.media.net,request,2.6-202606,openrtb.type.mismatch,error,imp[3].banner,3.2.4
p003145,namemc.com,prebid.media.net,request,2.6-202606,openrtb.field.undefined,error,imp[3].bidfloors,3.2.4
p003145,namemc.com,prebid.media.net,request,2.6-202606,openrtb.field.undefined,error,imp[3].ortb2Imp,3.2.4
p003145,namemc.com,prebid.media.net,request,2.6-202606,openrtb.field.undefined,error,imp[4].all,3.2.4
p003145,namemc.com,prebid.media.net,request,2.6-202606,openrtb.type.mismatch,error,imp[4].banner,3.2.4
p003145,namemc.com,prebid.media.net,request,2.6-202606,openrtb.field.undefined,error,imp[4].bidfloors,3.2.4
p003145,namemc.com,prebid.media.net,request,2.6-202606,openrtb.field.undefined,error,imp[4].ortb2Imp,3.2.4
p003145,namemc.com,prebid.media.net,request,2.6-202606,openrtb.field.undefined,error,imp[5].all,3.2.4
p003145,namemc.com,prebid.media.net,request,2.6-202606,openrtb.type.mismatch,error,imp[5].banner,3.2.4
p003145,namemc.com,prebid.media.net,request,2.6-202606,openrtb.field.undefined,error,imp[5].bidfloors,3.2.4
p003145,namemc.com,prebid.media.net,request,2.6-202606,openrtb.field.undefined,error,imp[5].ortb2Imp,3.2.4
p003145,namemc.com,prebid.media.net,request,2.6-202606,openrtb.field.undefined,error,imp[6].all,3.2.4
p003145,namemc.com,prebid.media.net,request,2.6-202606,openrtb.type.mismatch,error,imp[6].banner,3.2.4
p003145,namemc.com,prebid.media.net,request,2.6-202606,openrtb.field.undefined,error,imp[6].bidfloors,3.2.4
p003145,namemc.com,prebid.media.net,request,2.6-202606,openrtb.field.undefined,error,imp[6].ortb2Imp,3.2.4
p003145,namemc.com,prebid.media.net,request,2.6-202606,openrtb.field.undefined,error,imp[7].all,3.2.4
p003145,namemc.com,prebid.media.net,request,2.6-202606,openrtb.type.mismatch,error,imp[7].banner,3.2.4
p003145,namemc.com,prebid.media.net,request,2.6-202606,openrtb.field.undefined,error,imp[7].bidfloors,3.2.4
p003145,namemc.com,prebid.media.net,request,2.6-202606,openrtb.field.undefined,error,imp[7].ortb2Imp,3.2.4
p003145,namemc.com,prebid.media.net,request,2.6-202606,openrtb.field.undefined,error,ortb2,3.2.1
p003145,namemc.com,prebid.media.net,request,2.6-202606,openrtb.field.undefined,error,site.canonical_url,3.2.13
p003145,namemc.com,prebid.media.net,request,2.6-202606,openrtb.field.undefined,error,site.isTop,3.2.13
p003145,namemc.com,prebid.media.net,request,2.6-202606,openrtb.field.undefined,error,site.topMostLocation,3.2.13
p003146,nationaltoday.com,prebid.media.net,request,2.6-202606,openrtb.field.undefined,error,imp[0].all,3.2.4
p003146,nationaltoday.com,prebid.media.net,request,2.6-202606,openrtb.type.mismatch,error,imp[0].banner,3.2.4
p003146,nationaltoday.com,prebid.media.net,request,2.6-202606,openrtb.field.undefined,error,imp[0].ortb2Imp,3.2.4
p003146,nationaltoday.com,prebid.media.net,request,2.6-202606,openrtb.field.undefined,error,imp[0].transactionId,3.2.4
p003146,nationaltoday.com,prebid.media.net,request,2.6-202606,openrtb.field.undefined,error,imp[1].all,3.2.4
p003146,nationaltoday.com,prebid.media.net,request,2.6-202606,openrtb.type.mismatch,error,imp[1].banner,3.2.4
p003146,nationaltoday.com,prebid.media.net,request,2.6-202606,openrtb.field.undefined,error,imp[1].ortb2Imp,3.2.4
p003146,nationaltoday.com,prebid.media.net,request,2.6-202606,openrtb.field.undefined,error,imp[1].transactionId,3.2.4
p003146,nationaltoday.com,prebid.media.net,request,2.6-202606,openrtb.field.undefined,error,imp[2].all,3.2.4
p003146,nationaltoday.com,prebid.media.net,request,2.6-202606,openrtb.type.mismatch,error,imp[2].banner,3.2.4
p003146,nationaltoday.com,prebid.media.net,request,2.6-202606,openrtb.field.undefined,error,imp[2].ortb2Imp,3.2.4
p003146,nationaltoday.com,prebid.media.net,request,2.6-202606,openrtb.field.undefined,error,imp[2].transactionId,3.2.4
p003146,nationaltoday.com,prebid.media.net,request,2.6-202606,openrtb.field.undefined,error,ortb2,3.2.1
p003146,nationaltoday.com,prebid.media.net,request,2.6-202606,openrtb.field.undefined,error,site.canonical_url,3.2.13
p003146,nationaltoday.com,prebid.media.net,request,2.6-202606,openrtb.field.undefined,error,site.isTop,3.2.13
p003146,nationaltoday.com,prebid.media.net,request,2.6-202606,openrtb.field.undefined,error,site.topMostLocation,3.2.13
p003147,nationaltoday.com,prebid.media.net,request,2.6-202606,openrtb.field.undefined,error,imp[0].all,3.2.4
p003147,nationaltoday.com,prebid.media.net,request,2.6-202606,openrtb.type.mismatch,error,imp[0].banner,3.2.4
p003147,nationaltoday.com,prebid.media.net,request,2.6-202606,openrtb.field.undefined,error,imp[0].ortb2Imp,3.2.4
p003147,nationaltoday.com,prebid.media.net,request,2.6-202606,openrtb.field.undefined,error,imp[0].transactionId,3.2.4
p003147,nationaltoday.com,prebid.media.net,request,2.6-202606,openrtb.field.undefined,error,ortb2,3.2.1
p003147,nationaltoday.com,prebid.media.net,request,2.6-202606,openrtb.field.undefined,error,site.canonical_url,3.2.13
p003147,nationaltoday.com,prebid.media.net,request,2.6-202606,openrtb.field.undefined,error,site.isTop,3.2.13
p003147,nationaltoday.com,prebid.media.net,request,2.6-202606,openrtb.field.undefined,error,site.topMostLocation,3.2.13
p003148,nesn.com,prebid.media.net,request,2.6-202606,openrtb.field.undefined,error,imp[0].all,3.2.4
p003148,nesn.com,prebid.media.net,request,2.6-202606,openrtb.type.mismatch,error,imp[0].banner,3.2.4
p003148,nesn.com,prebid.media.net,request,2.6-202606,openrtb.field.undefined,error,imp[0].ortb2Imp,3.2.4
p003148,nesn.com,prebid.media.net,request,2.6-202606,openrtb.field.undefined,error,imp[0].transactionId,3.2.4
p003148,nesn.com,prebid.media.net,request,2.6-202606,openrtb.field.undefined,error,ortb2,3.2.1
p003148,nesn.com,prebid.media.net,request,2.6-202606,openrtb.field.undefined,error,site.canonical_url,3.2.13
p003148,nesn.com,prebid.media.net,request,2.6-202606,openrtb.field.undefined,error,site.isTop,3.2.13
p003148,nesn.com,prebid.media.net,request,2.6-202606,openrtb.field.undefined,error,site.og_url,3.2.13
p003148,nesn.com,prebid.media.net,request,2.6-202606,openrtb.field.undefined,error,site.topMostLocation,3.2.13
p003148,nesn.com,prebid.media.net,request,2.6-202606,openrtb.field.undefined,error,site.twitter_url,3.2.13
p003149,nationaltoday.com,prebid.media.net,request,2.6-202606,openrtb.field.undefined,error,imp[0].all,3.2.4
p003149,nationaltoday.com,prebid.media.net,request,2.6-202606,openrtb.type.mismatch,error,imp[0].banner,3.2.4
p003149,nationaltoday.com,prebid.media.net,request,2.6-202606,openrtb.field.undefined,error,imp[0].ortb2Imp,3.2.4
p003149,nationaltoday.com,prebid.media.net,request,2.6-202606,openrtb.field.undefined,error,imp[0].transactionId,3.2.4
p003149,nationaltoday.com,prebid.media.net,request,2.6-202606,openrtb.field.undefined,error,imp[1].all,3.2.4
p003149,nationaltoday.com,prebid.media.net,request,2.6-202606,openrtb.type.mismatch,error,imp[1].banner,3.2.4
p003149,nationaltoday.com,prebid.media.net,request,2.6-202606,openrtb.field.undefined,error,imp[1].ortb2Imp,3.2.4
p003149,nationaltoday.com,prebid.media.net,request,2.6-202606,openrtb.field.undefined,error,imp[1].transactionId,3.2.4
p003149,nationaltoday.com,prebid.media.net,request,2.6-202606,openrtb.field.undefined,error,imp[2].all,3.2.4
p003149,nationaltoday.com,prebid.media.net,request,2.6-202606,openrtb.type.mismatch,error,imp[2].banner,3.2.4
p003149,nationaltoday.com,prebid.media.net,request,2.6-202606,openrtb.field.undefined,error,imp[2].ortb2Imp,3.2.4
p003149,nationaltoday.com,prebid.media.net,request,2.6-202606,openrtb.field.undefined,error,imp[2].transactionId,3.2.4
p003149,nationaltoday.com,prebid.media.net,request,2.6-202606,openrtb.field.undefined,error,imp[3].all,3.2.4
p003149,nationaltoday.com,prebid.media.net,request,2.6-202606,openrtb.type.mismatch,error,imp[3].banner,3.2.4
p003149,nationaltoday.com,prebid.media.net,request,2.6-202606,openrtb.field.undefined,error,imp[3].ortb2Imp,3.2.4
p003149,nationaltoday.com,prebid.media.net,request,2.6-202606,openrtb.field.undefined,error,imp[3].transactionId,3.2.4
p003149,nationaltoday.com,prebid.media.net,request,2.6-202606,openrtb.field.undefined,error,ortb2,3.2.1
p003149,nationaltoday.com,prebid.media.net,request,2.6-202606,openrtb.field.undefined,error,site.canonical_url,3.2.13
p003149,nationaltoday.com,prebid.media.net,request,2.6-202606,openrtb.field.undefined,error,site.isTop,3.2.13
p003149,nationaltoday.com,prebid.media.net,request,2.6-202606,openrtb.field.undefined,error,site.topMostLocation,3.2.13
p003150,nesn.com,prebid.media.net,request,2.6-202606,openrtb.field.undefined,error,imp[0].all,3.2.4
p003150,nesn.com,prebid.media.net,request,2.6-202606,openrtb.type.mismatch,error,imp[0].banner,3.2.4
p003150,nesn.com,prebid.media.net,request,2.6-202606,openrtb.field.undefined,error,imp[0].ortb2Imp,3.2.4
p003150,nesn.com,prebid.media.net,request,2.6-202606,openrtb.field.undefined,error,imp[0].transactionId,3.2.4
p003150,nesn.com,prebid.media.net,request,2.6-202606,openrtb.field.undefined,error,ortb2,3.2.1
p003150,nesn.com,prebid.media.net,request,2.6-202606,openrtb.field.undefined,error,site.canonical_url,3.2.13
p003150,nesn.com,prebid.media.net,request,2.6-202606,openrtb.field.undefined,error,site.isTop,3.2.13
p003150,nesn.com,prebid.media.net,request,2.6-202606,openrtb.field.undefined,error,site.og_url,3.2.13
p003150,nesn.com,prebid.media.net,request,2.6-202606,openrtb.field.undefined,error,site.topMostLocation,3.2.13
p003150,nesn.com,prebid.media.net,request,2.6-202606,openrtb.field.undefined,error,site.twitter_url,3.2.13
p003151,nesn.com,prebid.media.net,request,2.6-202606,openrtb.field.undefined,error,imp[0].all,3.2.4
p003151,nesn.com,prebid.media.net,request,2.6-202606,openrtb.type.mismatch,error,imp[0].banner,3.2.4
p003151,nesn.com,prebid.media.net,request,2.6-202606,openrtb.field.undefined,error,imp[0].ortb2Imp,3.2.4
p003151,nesn.com,prebid.media.net,request,2.6-202606,openrtb.field.undefined,error,imp[0].transactionId,3.2.4
p003151,nesn.com,prebid.media.net,request,2.6-202606,openrtb.field.undefined,error,imp[1].all,3.2.4
p003151,nesn.com,prebid.media.net,request,2.6-202606,openrtb.type.mismatch,error,imp[1].banner,3.2.4
p003151,nesn.com,prebid.media.net,request,2.6-202606,openrtb.field.undefined,error,imp[1].ortb2Imp,3.2.4
p003151,nesn.com,prebid.media.net,request,2.6-202606,openrtb.field.undefined,error,imp[1].transactionId,3.2.4
p003151,nesn.com,prebid.media.net,request,2.6-202606,openrtb.field.undefined,error,imp[2].all,3.2.4
p003151,nesn.com,prebid.media.net,request,2.6-202606,openrtb.type.mismatch,error,imp[2].banner,3.2.4
p003151,nesn.com,prebid.media.net,request,2.6-202606,openrtb.field.undefined,error,imp[2].ortb2Imp,3.2.4
p003151,nesn.com,prebid.media.net,request,2.6-202606,openrtb.field.undefined,error,imp[2].transactionId,3.2.4
p003151,nesn.com,prebid.media.net,request,2.6-202606,openrtb.field.undefined,error,ortb2,3.2.1
p003151,nesn.com,prebid.media.net,request,2.6-202606,openrtb.field.undefined,error,site.canonical_url,3.2.13
p003151,nesn.com,prebid.media.net,request,2.6-202606,openrtb.field.undefined,error,site.isTop,3.2.13
p003151,nesn.com,prebid.media.net,request,2.6-202606,openrtb.field.undefined,error,site.og_url,3.2.13
p003151,nesn.com,prebid.media.net,request,2.6-202606,openrtb.field.undefined,error,site.topMostLocation,3.2.13
p003151,nesn.com,prebid.media.net,request,2.6-202606,openrtb.field.undefined,error,site.twitter_url,3.2.13
p003152,nesn.com,prebid.media.net,request,2.6-202606,openrtb.field.undefined,error,imp[0].all,3.2.4
p003152,nesn.com,prebid.media.net,request,2.6-202606,openrtb.field.undefined,error,imp[0].bidfloors,3.2.4
p003152,nesn.com,prebid.media.net,request,2.6-202606,openrtb.field.undefined,error,imp[0].ortb2Imp,3.2.4
p003152,nesn.com,prebid.media.net,request,2.6-202606,openrtb.field.undefined,error,imp[0].transactionId,3.2.4
p003152,nesn.com,prebid.media.net,request,2.6-202606,openrtb.field.undefined,error,imp[0].video.context,3.2.7
p003152,nesn.com,prebid.media.net,request,2.6-202606,openrtb.field.deprecated,warning,imp[0].video.placement,Section 3.2.7
p003152,nesn.com,prebid.media.net,request,2.6-202606,openrtb.field.undefined,error,imp[0].video.playerSize,3.2.7
p003152,nesn.com,prebid.media.net,request,2.6-202606,openrtb.field.undefined,error,imp[1].all,3.2.4
p003152,nesn.com,prebid.media.net,request,2.6-202606,openrtb.field.undefined,error,imp[1].bidfloors,3.2.4
p003152,nesn.com,prebid.media.net,request,2.6-202606,openrtb.field.undefined,error,imp[1].ortb2Imp,3.2.4
p003152,nesn.com,prebid.media.net,request,2.6-202606,openrtb.field.undefined,error,imp[1].transactionId,3.2.4
p003152,nesn.com,prebid.media.net,request,2.6-202606,openrtb.field.undefined,error,imp[1].video.context,3.2.7
p003152,nesn.com,prebid.media.net,request,2.6-202606,openrtb.field.deprecated,warning,imp[1].video.placement,Section 3.2.7
p003152,nesn.com,prebid.media.net,request,2.6-202606,openrtb.field.undefined,error,imp[1].video.playerSize,3.2.7
p003152,nesn.com,prebid.media.net,request,2.6-202606,openrtb.field.undefined,error,imp[2].all,3.2.4
p003152,nesn.com,prebid.media.net,request,2.6-202606,openrtb.field.undefined,error,imp[2].bidfloors,3.2.4
p003152,nesn.com,prebid.media.net,request,2.6-202606,openrtb.field.undefined,error,imp[2].ortb2Imp,3.2.4
p003152,nesn.com,prebid.media.net,request,2.6-202606,openrtb.field.undefined,error,imp[2].transactionId,3.2.4
p003152,nesn.com,prebid.media.net,request,2.6-202606,openrtb.field.undefined,error,imp[2].video.context,3.2.7
p003152,nesn.com,prebid.media.net,request,2.6-202606,openrtb.field.deprecated,warning,imp[2].video.placement,Section 3.2.7
p003152,nesn.com,prebid.media.net,request,2.6-202606,openrtb.field.undefined,error,imp[2].video.playerSize,3.2.7
p003152,nesn.com,prebid.media.net,request,2.6-202606,openrtb.field.undefined,error,ortb2,3.2.1
p003152,nesn.com,prebid.media.net,request,2.6-202606,openrtb.field.undefined,error,site.canonical_url,3.2.13
p003152,nesn.com,prebid.media.net,request,2.6-202606,openrtb.field.undefined,error,site.isTop,3.2.13
p003152,nesn.com,prebid.media.net,request,2.6-202606,openrtb.field.undefined,error,site.topMostLocation,3.2.13
p003153,nesn.com,prebid.media.net,request,2.6-202606,openrtb.field.undefined,error,imp[0].all,3.2.4
p003153,nesn.com,prebid.media.net,request,2.6-202606,openrtb.field.undefined,error,imp[0].bidfloors,3.2.4
p003153,nesn.com,prebid.media.net,request,2.6-202606,openrtb.field.undefined,error,imp[0].ortb2Imp,3.2.4
p003153,nesn.com,prebid.media.net,request,2.6-202606,openrtb.field.undefined,error,imp[0].transactionId,3.2.4
p003153,nesn.com,prebid.media.net,request,2.6-202606,openrtb.field.undefined,error,imp[0].video.context,3.2.7
p003153,nesn.com,prebid.media.net,request,2.6-202606,openrtb.field.deprecated,warning,imp[0].video.placement,Section 3.2.7
p003153,nesn.com,prebid.media.net,request,2.6-202606,openrtb.field.undefined,error,imp[0].video.playerSize,3.2.7
p003153,nesn.com,prebid.media.net,request,2.6-202606,openrtb.field.undefined,error,imp[1].all,3.2.4
p003153,nesn.com,prebid.media.net,request,2.6-202606,openrtb.field.undefined,error,imp[1].bidfloors,3.2.4
p003153,nesn.com,prebid.media.net,request,2.6-202606,openrtb.field.undefined,error,imp[1].ortb2Imp,3.2.4
p003153,nesn.com,prebid.media.net,request,2.6-202606,openrtb.field.undefined,error,imp[1].transactionId,3.2.4
p003153,nesn.com,prebid.media.net,request,2.6-202606,openrtb.field.undefined,error,imp[1].video.context,3.2.7
p003153,nesn.com,prebid.media.net,request,2.6-202606,openrtb.field.deprecated,warning,imp[1].video.placement,Section 3.2.7
p003153,nesn.com,prebid.media.net,request,2.6-202606,openrtb.field.undefined,error,imp[1].video.playerSize,3.2.7
p003153,nesn.com,prebid.media.net,request,2.6-202606,openrtb.field.undefined,error,imp[2].all,3.2.4
p003153,nesn.com,prebid.media.net,request,2.6-202606,openrtb.field.undefined,error,imp[2].bidfloors,3.2.4
p003153,nesn.com,prebid.media.net,request,2.6-202606,openrtb.field.undefined,error,imp[2].ortb2Imp,3.2.4
p003153,nesn.com,prebid.media.net,request,2.6-202606,openrtb.field.undefined,error,imp[2].transactionId,3.2.4
p003153,nesn.com,prebid.media.net,request,2.6-202606,openrtb.field.undefined,error,imp[2].video.context,3.2.7
p003153,nesn.com,prebid.media.net,request,2.6-202606,openrtb.field.deprecated,warning,imp[2].video.placement,Section 3.2.7
p003153,nesn.com,prebid.media.net,request,2.6-202606,openrtb.field.undefined,error,imp[2].video.playerSize,3.2.7
p003153,nesn.com,prebid.media.net,request,2.6-202606,openrtb.field.undefined,error,imp[3].all,3.2.4
p003153,nesn.com,prebid.media.net,request,2.6-202606,openrtb.field.undefined,error,imp[3].bidfloors,3.2.4
p003153,nesn.com,prebid.media.net,request,2.6-202606,openrtb.field.undefined,error,imp[3].ortb2Imp,3.2.4
p003153,nesn.com,prebid.media.net,request,2.6-202606,openrtb.field.undefined,error,imp[3].transactionId,3.2.4
p003153,nesn.com,prebid.media.net,request,2.6-202606,openrtb.field.undefined,error,imp[3].video.context,3.2.7
p003153,nesn.com,prebid.media.net,request,2.6-202606,openrtb.field.deprecated,warning,imp[3].video.placement,Section 3.2.7
p003153,nesn.com,prebid.media.net,request,2.6-202606,openrtb.field.undefined,error,imp[3].video.playerSize,3.2.7
p003153,nesn.com,prebid.media.net,request,2.6-202606,openrtb.field.undefined,error,imp[4].all,3.2.4
p003153,nesn.com,prebid.media.net,request,2.6-202606,openrtb.field.undefined,error,imp[4].bidfloors,3.2.4
p003153,nesn.com,prebid.media.net,request,2.6-202606,openrtb.field.undefined,error,imp[4].ortb2Imp,3.2.4
p003153,nesn.com,prebid.media.net,request,2.6-202606,openrtb.field.undefined,error,imp[4].transactionId,3.2.4
p003153,nesn.com,prebid.media.net,request,2.6-202606,openrtb.field.undefined,error,imp[4].video.context,3.2.7
p003153,nesn.com,prebid.media.net,request,2.6-202606,openrtb.field.deprecated,warning,imp[4].video.placement,Section 3.2.7
p003153,nesn.com,prebid.media.net,request,2.6-202606,openrtb.field.undefined,error,imp[4].video.playerSize,3.2.7
p003153,nesn.com,prebid.media.net,request,2.6-202606,openrtb.field.undefined,error,imp[5].all,3.2.4
p003153,nesn.com,prebid.media.net,request,2.6-202606,openrtb.field.undefined,error,imp[5].bidfloors,3.2.4
p003153,nesn.com,prebid.media.net,request,2.6-202606,openrtb.field.undefined,error,imp[5].ortb2Imp,3.2.4
p003153,nesn.com,prebid.media.net,request,2.6-202606,openrtb.field.undefined,error,imp[5].transactionId,3.2.4
p003153,nesn.com,prebid.media.net,request,2.6-202606,openrtb.field.undefined,error,imp[5].video.context,3.2.7
p003153,nesn.com,prebid.media.net,request,2.6-202606,openrtb.field.deprecated,warning,imp[5].video.placement,Section 3.2.7
p003153,nesn.com,prebid.media.net,request,2.6-202606,openrtb.field.undefined,error,imp[5].video.playerSize,3.2.7
p003153,nesn.com,prebid.media.net,request,2.6-202606,openrtb.field.undefined,error,imp[6].all,3.2.4
p003153,nesn.com,prebid.media.net,request,2.6-202606,openrtb.field.undefined,error,imp[6].bidfloors,3.2.4
p003153,nesn.com,prebid.media.net,request,2.6-202606,openrtb.field.undefined,error,imp[6].ortb2Imp,3.2.4
p003153,nesn.com,prebid.media.net,request,2.6-202606,openrtb.field.undefined,error,imp[6].transactionId,3.2.4
p003153,nesn.com,prebid.media.net,request,2.6-202606,openrtb.field.undefined,error,imp[6].video.context,3.2.7
p003153,nesn.com,prebid.media.net,request,2.6-202606,openrtb.field.deprecated,warning,imp[6].video.placement,Section 3.2.7
p003153,nesn.com,prebid.media.net,request,2.6-202606,openrtb.field.undefined,error,imp[6].video.playerSize,3.2.7
p003153,nesn.com,prebid.media.net,request,2.6-202606,openrtb.field.undefined,error,imp[7].all,3.2.4
p003153,nesn.com,prebid.media.net,request,2.6-202606,openrtb.field.undefined,error,imp[7].bidfloors,3.2.4
p003153,nesn.com,prebid.media.net,request,2.6-202606,openrtb.field.undefined,error,imp[7].ortb2Imp,3.2.4
p003153,nesn.com,prebid.media.net,request,2.6-202606,openrtb.field.undefined,error,imp[7].transactionId,3.2.4
p003153,nesn.com,prebid.media.net,request,2.6-202606,openrtb.field.undefined,error,imp[7].video.context,3.2.7
p003153,nesn.com,prebid.media.net,request,2.6-202606,openrtb.field.deprecated,warning,imp[7].video.placement,Section 3.2.7
p003153,nesn.com,prebid.media.net,request,2.6-202606,openrtb.field.undefined,error,imp[7].video.playerSize,3.2.7
p003153,nesn.com,prebid.media.net,request,2.6-202606,openrtb.field.undefined,error,imp[8].all,3.2.4
p003153,nesn.com,prebid.media.net,request,2.6-202606,openrtb.field.undefined,error,imp[8].bidfloors,3.2.4
p003153,nesn.com,prebid.media.net,request,2.6-202606,openrtb.field.undefined,error,imp[8].ortb2Imp,3.2.4
p003153,nesn.com,prebid.media.net,request,2.6-202606,openrtb.field.undefined,error,imp[8].transactionId,3.2.4
p003153,nesn.com,prebid.media.net,request,2.6-202606,openrtb.field.undefined,error,imp[8].video.context,3.2.7
p003153,nesn.com,prebid.media.net,request,2.6-202606,openrtb.field.deprecated,warning,imp[8].video.placement,Section 3.2.7
p003153,nesn.com,prebid.media.net,request,2.6-202606,openrtb.field.undefined,error,imp[8].video.playerSize,3.2.7
p003153,nesn.com,prebid.media.net,request,2.6-202606,openrtb.field.undefined,error,imp[9].all,3.2.4
p003153,nesn.com,prebid.media.net,request,2.6-202606,openrtb.field.undefined,error,imp[9].bidfloors,3.2.4
p003153,nesn.com,prebid.media.net,request,2.6-202606,openrtb.field.undefined,error,imp[9].ortb2Imp,3.2.4
p003153,nesn.com,prebid.media.net,request,2.6-202606,openrtb.field.undefined,error,imp[9].transactionId,3.2.4
p003153,nesn.com,prebid.media.net,request,2.6-202606,openrtb.field.undefined,error,imp[9].video.context,3.2.7
p003153,nesn.com,prebid.media.net,request,2.6-202606,openrtb.field.deprecated,warning,imp[9].video.placement,Section 3.2.7
p003153,nesn.com,prebid.media.net,request,2.6-202606,openrtb.field.undefined,error,imp[9].video.playerSize,3.2.7
p003153,nesn.com,prebid.media.net,request,2.6-202606,openrtb.field.undefined,error,ortb2,3.2.1
p003153,nesn.com,prebid.media.net,request,2.6-202606,openrtb.field.undefined,error,site.canonical_url,3.2.13
p003153,nesn.com,prebid.media.net,request,2.6-202606,openrtb.field.undefined,error,site.isTop,3.2.13
p003153,nesn.com,prebid.media.net,request,2.6-202606,openrtb.field.undefined,error,site.topMostLocation,3.2.13
p003154,nesn.com,prebid.media.net,request,2.6-202606,openrtb.field.undefined,error,imp[0].all,3.2.4
p003154,nesn.com,prebid.media.net,request,2.6-202606,openrtb.field.undefined,error,imp[0].bidfloors,3.2.4
p003154,nesn.com,prebid.media.net,request,2.6-202606,openrtb.field.undefined,error,imp[0].ortb2Imp,3.2.4
p003154,nesn.com,prebid.media.net,request,2.6-202606,openrtb.field.undefined,error,imp[0].transactionId,3.2.4
p003154,nesn.com,prebid.media.net,request,2.6-202606,openrtb.field.undefined,error,imp[0].video.context,3.2.7
p003154,nesn.com,prebid.media.net,request,2.6-202606,openrtb.field.deprecated,warning,imp[0].video.placement,Section 3.2.7
p003154,nesn.com,prebid.media.net,request,2.6-202606,openrtb.field.undefined,error,imp[0].video.playerSize,3.2.7
p003154,nesn.com,prebid.media.net,request,2.6-202606,openrtb.field.undefined,error,ortb2,3.2.1
p003154,nesn.com,prebid.media.net,request,2.6-202606,openrtb.field.undefined,error,site.canonical_url,3.2.13
p003154,nesn.com,prebid.media.net,request,2.6-202606,openrtb.field.undefined,error,site.isTop,3.2.13
p003154,nesn.com,prebid.media.net,request,2.6-202606,openrtb.field.undefined,error,site.topMostLocation,3.2.13
p003155,nesn.com,prebid.media.net,request,2.6-202606,openrtb.field.undefined,error,imp[0].all,3.2.4
p003155,nesn.com,prebid.media.net,request,2.6-202606,openrtb.field.undefined,error,imp[0].bidfloors,3.2.4
p003155,nesn.com,prebid.media.net,request,2.6-202606,openrtb.field.undefined,error,imp[0].ortb2Imp,3.2.4
p003155,nesn.com,prebid.media.net,request,2.6-202606,openrtb.field.undefined,error,imp[0].transactionId,3.2.4
p003155,nesn.com,prebid.media.net,request,2.6-202606,openrtb.field.undefined,error,imp[0].video.context,3.2.7
p003155,nesn.com,prebid.media.net,request,2.6-202606,openrtb.field.deprecated,warning,imp[0].video.placement,Section 3.2.7
p003155,nesn.com,prebid.media.net,request,2.6-202606,openrtb.field.undefined,error,imp[0].video.playerSize,3.2.7
p003155,nesn.com,prebid.media.net,request,2.6-202606,openrtb.field.undefined,error,imp[1].all,3.2.4
p003155,nesn.com,prebid.media.net,request,2.6-202606,openrtb.field.undefined,error,imp[1].bidfloors,3.2.4
p003155,nesn.com,prebid.media.net,request,2.6-202606,openrtb.field.undefined,error,imp[1].ortb2Imp,3.2.4
p003155,nesn.com,prebid.media.net,request,2.6-202606,openrtb.field.undefined,error,imp[1].transactionId,3.2.4
p003155,nesn.com,prebid.media.net,request,2.6-202606,openrtb.field.undefined,error,imp[1].video.context,3.2.7
p003155,nesn.com,prebid.media.net,request,2.6-202606,openrtb.field.deprecated,warning,imp[1].video.placement,Section 3.2.7
p003155,nesn.com,prebid.media.net,request,2.6-202606,openrtb.field.undefined,error,imp[1].video.playerSize,3.2.7
p003155,nesn.com,prebid.media.net,request,2.6-202606,openrtb.field.undefined,error,imp[2].all,3.2.4
p003155,nesn.com,prebid.media.net,request,2.6-202606,openrtb.field.undefined,error,imp[2].bidfloors,3.2.4
p003155,nesn.com,prebid.media.net,request,2.6-202606,openrtb.field.undefined,error,imp[2].ortb2Imp,3.2.4
p003155,nesn.com,prebid.media.net,request,2.6-202606,openrtb.field.undefined,error,imp[2].transactionId,3.2.4
p003155,nesn.com,prebid.media.net,request,2.6-202606,openrtb.field.undefined,error,imp[2].video.context,3.2.7
p003155,nesn.com,prebid.media.net,request,2.6-202606,openrtb.field.deprecated,warning,imp[2].video.placement,Section 3.2.7
p003155,nesn.com,prebid.media.net,request,2.6-202606,openrtb.field.undefined,error,imp[2].video.playerSize,3.2.7
p003155,nesn.com,prebid.media.net,request,2.6-202606,openrtb.field.undefined,error,imp[3].all,3.2.4
p003155,nesn.com,prebid.media.net,request,2.6-202606,openrtb.field.undefined,error,imp[3].bidfloors,3.2.4
p003155,nesn.com,prebid.media.net,request,2.6-202606,openrtb.field.undefined,error,imp[3].ortb2Imp,3.2.4
p003155,nesn.com,prebid.media.net,request,2.6-202606,openrtb.field.undefined,error,imp[3].transactionId,3.2.4
p003155,nesn.com,prebid.media.net,request,2.6-202606,openrtb.field.undefined,error,imp[3].video.context,3.2.7
p003155,nesn.com,prebid.media.net,request,2.6-202606,openrtb.field.deprecated,warning,imp[3].video.placement,Section 3.2.7
p003155,nesn.com,prebid.media.net,request,2.6-202606,openrtb.field.undefined,error,imp[3].video.playerSize,3.2.7
p003155,nesn.com,prebid.media.net,request,2.6-202606,openrtb.field.undefined,error,imp[4].all,3.2.4
p003155,nesn.com,prebid.media.net,request,2.6-202606,openrtb.field.undefined,error,imp[4].bidfloors,3.2.4
p003155,nesn.com,prebid.media.net,request,2.6-202606,openrtb.field.undefined,error,imp[4].ortb2Imp,3.2.4
p003155,nesn.com,prebid.media.net,request,2.6-202606,openrtb.field.undefined,error,imp[4].transactionId,3.2.4
p003155,nesn.com,prebid.media.net,request,2.6-202606,openrtb.field.undefined,error,imp[4].video.context,3.2.7
p003155,nesn.com,prebid.media.net,request,2.6-202606,openrtb.field.deprecated,warning,imp[4].video.placement,Section 3.2.7
p003155,nesn.com,prebid.media.net,request,2.6-202606,openrtb.field.undefined,error,imp[4].video.playerSize,3.2.7
p003155,nesn.com,prebid.media.net,request,2.6-202606,openrtb.field.undefined,error,imp[5].all,3.2.4
p003155,nesn.com,prebid.media.net,request,2.6-202606,openrtb.field.undefined,error,imp[5].bidfloors,3.2.4
p003155,nesn.com,prebid.media.net,request,2.6-202606,openrtb.field.undefined,error,imp[5].ortb2Imp,3.2.4
p003155,nesn.com,prebid.media.net,request,2.6-202606,openrtb.field.undefined,error,imp[5].transactionId,3.2.4
p003155,nesn.com,prebid.media.net,request,2.6-202606,openrtb.field.undefined,error,imp[5].video.context,3.2.7
p003155,nesn.com,prebid.media.net,request,2.6-202606,openrtb.field.deprecated,warning,imp[5].video.placement,Section 3.2.7
p003155,nesn.com,prebid.media.net,request,2.6-202606,openrtb.field.undefined,error,imp[5].video.playerSize,3.2.7
p003155,nesn.com,prebid.media.net,request,2.6-202606,openrtb.field.undefined,error,imp[6].all,3.2.4
p003155,nesn.com,prebid.media.net,request,2.6-202606,openrtb.field.undefined,error,imp[6].bidfloors,3.2.4
p003155,nesn.com,prebid.media.net,request,2.6-202606,openrtb.field.undefined,error,imp[6].ortb2Imp,3.2.4
p003155,nesn.com,prebid.media.net,request,2.6-202606,openrtb.field.undefined,error,imp[6].transactionId,3.2.4
p003155,nesn.com,prebid.media.net,request,2.6-202606,openrtb.field.undefined,error,imp[6].video.context,3.2.7
p003155,nesn.com,prebid.media.net,request,2.6-202606,openrtb.field.deprecated,warning,imp[6].video.placement,Section 3.2.7
p003155,nesn.com,prebid.media.net,request,2.6-202606,openrtb.field.undefined,error,imp[6].video.playerSize,3.2.7
p003155,nesn.com,prebid.media.net,request,2.6-202606,openrtb.field.undefined,error,imp[7].all,3.2.4
p003155,nesn.com,prebid.media.net,request,2.6-202606,openrtb.field.undefined,error,imp[7].bidfloors,3.2.4
p003155,nesn.com,prebid.media.net,request,2.6-202606,openrtb.field.undefined,error,imp[7].ortb2Imp,3.2.4
p003155,nesn.com,prebid.media.net,request,2.6-202606,openrtb.field.undefined,error,imp[7].transactionId,3.2.4
p003155,nesn.com,prebid.media.net,request,2.6-202606,openrtb.field.undefined,error,imp[7].video.context,3.2.7
p003155,nesn.com,prebid.media.net,request,2.6-202606,openrtb.field.deprecated,warning,imp[7].video.placement,Section 3.2.7
p003155,nesn.com,prebid.media.net,request,2.6-202606,openrtb.field.undefined,error,imp[7].video.playerSize,3.2.7
p003155,nesn.com,prebid.media.net,request,2.6-202606,openrtb.field.undefined,error,imp[8].all,3.2.4
p003155,nesn.com,prebid.media.net,request,2.6-202606,openrtb.field.undefined,error,imp[8].bidfloors,3.2.4
p003155,nesn.com,prebid.media.net,request,2.6-202606,openrtb.field.undefined,error,imp[8].ortb2Imp,3.2.4
p003155,nesn.com,prebid.media.net,request,2.6-202606,openrtb.field.undefined,error,imp[8].transactionId,3.2.4
p003155,nesn.com,prebid.media.net,request,2.6-202606,openrtb.field.undefined,error,imp[8].video.context,3.2.7
p003155,nesn.com,prebid.media.net,request,2.6-202606,openrtb.field.deprecated,warning,imp[8].video.placement,Section 3.2.7
p003155,nesn.com,prebid.media.net,request,2.6-202606,openrtb.field.undefined,error,imp[8].video.playerSize,3.2.7
p003155,nesn.com,prebid.media.net,request,2.6-202606,openrtb.field.undefined,error,imp[9].all,3.2.4
p003155,nesn.com,prebid.media.net,request,2.6-202606,openrtb.field.undefined,error,imp[9].bidfloors,3.2.4
p003155,nesn.com,prebid.media.net,request,2.6-202606,openrtb.field.undefined,error,imp[9].ortb2Imp,3.2.4
p003155,nesn.com,prebid.media.net,request,2.6-202606,openrtb.field.undefined,error,imp[9].transactionId,3.2.4
p003155,nesn.com,prebid.media.net,request,2.6-202606,openrtb.field.undefined,error,imp[9].video.context,3.2.7
p003155,nesn.com,prebid.media.net,request,2.6-202606,openrtb.field.deprecated,warning,imp[9].video.placement,Section 3.2.7
p003155,nesn.com,prebid.media.net,request,2.6-202606,openrtb.field.undefined,error,imp[9].video.playerSize,3.2.7
p003155,nesn.com,prebid.media.net,request,2.6-202606,openrtb.field.undefined,error,ortb2,3.2.1
p003155,nesn.com,prebid.media.net,request,2.6-202606,openrtb.field.undefined,error,site.canonical_url,3.2.13
p003155,nesn.com,prebid.media.net,request,2.6-202606,openrtb.field.undefined,error,site.isTop,3.2.13
p003155,nesn.com,prebid.media.net,request,2.6-202606,openrtb.field.undefined,error,site.topMostLocation,3.2.13
p003156,nesn.com,prebid.media.net,request,2.6-202606,openrtb.field.undefined,error,imp[0].all,3.2.4
p003156,nesn.com,prebid.media.net,request,2.6-202606,openrtb.field.undefined,error,imp[0].bidfloors,3.2.4
p003156,nesn.com,prebid.media.net,request,2.6-202606,openrtb.field.undefined,error,imp[0].ortb2Imp,3.2.4
p003156,nesn.com,prebid.media.net,request,2.6-202606,openrtb.field.undefined,error,imp[0].transactionId,3.2.4
p003156,nesn.com,prebid.media.net,request,2.6-202606,openrtb.field.undefined,error,imp[0].video.context,3.2.7
p003156,nesn.com,prebid.media.net,request,2.6-202606,openrtb.field.deprecated,warning,imp[0].video.placement,Section 3.2.7
p003156,nesn.com,prebid.media.net,request,2.6-202606,openrtb.field.undefined,error,imp[0].video.playerSize,3.2.7
p003156,nesn.com,prebid.media.net,request,2.6-202606,openrtb.field.undefined,error,imp[1].all,3.2.4
p003156,nesn.com,prebid.media.net,request,2.6-202606,openrtb.field.undefined,error,imp[1].bidfloors,3.2.4
p003156,nesn.com,prebid.media.net,request,2.6-202606,openrtb.field.undefined,error,imp[1].ortb2Imp,3.2.4
p003156,nesn.com,prebid.media.net,request,2.6-202606,openrtb.field.undefined,error,imp[1].transactionId,3.2.4
p003156,nesn.com,prebid.media.net,request,2.6-202606,openrtb.field.undefined,error,imp[1].video.context,3.2.7
p003156,nesn.com,prebid.media.net,request,2.6-202606,openrtb.field.deprecated,warning,imp[1].video.placement,Section 3.2.7
p003156,nesn.com,prebid.media.net,request,2.6-202606,openrtb.field.undefined,error,imp[1].video.playerSize,3.2.7
p003156,nesn.com,prebid.media.net,request,2.6-202606,openrtb.field.undefined,error,ortb2,3.2.1
p003156,nesn.com,prebid.media.net,request,2.6-202606,openrtb.field.undefined,error,site.canonical_url,3.2.13
p003156,nesn.com,prebid.media.net,request,2.6-202606,openrtb.field.undefined,error,site.isTop,3.2.13
p003156,nesn.com,prebid.media.net,request,2.6-202606,openrtb.field.undefined,error,site.topMostLocation,3.2.13
p003157,pilotonline.com,prebid.media.net,request,2.6-202606,openrtb.field.undefined,error,imp[0].all,3.2.4
p003157,pilotonline.com,prebid.media.net,request,2.6-202606,openrtb.field.undefined,error,imp[0].bidfloors,3.2.4
p003157,pilotonline.com,prebid.media.net,request,2.6-202606,openrtb.field.undefined,error,imp[0].ortb2Imp,3.2.4
p003157,pilotonline.com,prebid.media.net,request,2.6-202606,openrtb.field.undefined,error,imp[0].transactionId,3.2.4
p003157,pilotonline.com,prebid.media.net,request,2.6-202606,openrtb.field.undefined,error,imp[0].video.context,3.2.7
p003157,pilotonline.com,prebid.media.net,request,2.6-202606,openrtb.field.deprecated,warning,imp[0].video.placement,Section 3.2.7
p003157,pilotonline.com,prebid.media.net,request,2.6-202606,openrtb.field.undefined,error,imp[0].video.playerSize,3.2.7
p003157,pilotonline.com,prebid.media.net,request,2.6-202606,openrtb.field.undefined,error,ortb2,3.2.1
p003157,pilotonline.com,prebid.media.net,request,2.6-202606,openrtb.field.undefined,error,site.canonical_url,3.2.13
p003157,pilotonline.com,prebid.media.net,request,2.6-202606,openrtb.field.undefined,error,site.isTop,3.2.13
p003157,pilotonline.com,prebid.media.net,request,2.6-202606,openrtb.field.undefined,error,site.topMostLocation,3.2.13
p003158,pilotonline.com,prebid.media.net,request,2.6-202606,openrtb.field.undefined,error,imp[0].all,3.2.4
p003158,pilotonline.com,prebid.media.net,request,2.6-202606,openrtb.field.undefined,error,imp[0].bidfloors,3.2.4
p003158,pilotonline.com,prebid.media.net,request,2.6-202606,openrtb.field.undefined,error,imp[0].ortb2Imp,3.2.4
p003158,pilotonline.com,prebid.media.net,request,2.6-202606,openrtb.field.undefined,error,imp[0].transactionId,3.2.4
p003158,pilotonline.com,prebid.media.net,request,2.6-202606,openrtb.field.undefined,error,imp[0].video.context,3.2.7
p003158,pilotonline.com,prebid.media.net,request,2.6-202606,openrtb.field.deprecated,warning,imp[0].video.placement,Section 3.2.7
p003158,pilotonline.com,prebid.media.net,request,2.6-202606,openrtb.field.undefined,error,imp[0].video.playerSize,3.2.7
p003158,pilotonline.com,prebid.media.net,request,2.6-202606,openrtb.field.undefined,error,ortb2,3.2.1
p003158,pilotonline.com,prebid.media.net,request,2.6-202606,openrtb.field.undefined,error,site.canonical_url,3.2.13
p003158,pilotonline.com,prebid.media.net,request,2.6-202606,openrtb.field.undefined,error,site.isTop,3.2.13
p003158,pilotonline.com,prebid.media.net,request,2.6-202606,openrtb.field.undefined,error,site.topMostLocation,3.2.13
p003159,pilotonline.com,prebid.media.net,request,2.6-202606,openrtb.field.undefined,error,imp[0].all,3.2.4
p003159,pilotonline.com,prebid.media.net,request,2.6-202606,openrtb.field.undefined,error,imp[0].bidfloors,3.2.4
p003159,pilotonline.com,prebid.media.net,request,2.6-202606,openrtb.field.undefined,error,imp[0].ortb2Imp,3.2.4
p003159,pilotonline.com,prebid.media.net,request,2.6-202606,openrtb.field.undefined,error,imp[0].transactionId,3.2.4
p003159,pilotonline.com,prebid.media.net,request,2.6-202606,openrtb.field.undefined,error,imp[0].video.context,3.2.7
p003159,pilotonline.com,prebid.media.net,request,2.6-202606,openrtb.field.deprecated,warning,imp[0].video.placement,Section 3.2.7
p003159,pilotonline.com,prebid.media.net,request,2.6-202606,openrtb.field.undefined,error,imp[0].video.playerSize,3.2.7
p003159,pilotonline.com,prebid.media.net,request,2.6-202606,openrtb.field.undefined,error,ortb2,3.2.1
p003159,pilotonline.com,prebid.media.net,request,2.6-202606,openrtb.field.undefined,error,site.canonical_url,3.2.13
p003159,pilotonline.com,prebid.media.net,request,2.6-202606,openrtb.field.undefined,error,site.isTop,3.2.13
p003159,pilotonline.com,prebid.media.net,request,2.6-202606,openrtb.field.undefined,error,site.topMostLocation,3.2.13
p003160,philstar.com,prebid.media.net,request,2.6-202606,openrtb.field.undefined,error,imp[0].all,3.2.4
p003160,philstar.com,prebid.media.net,request,2.6-202606,openrtb.type.mismatch,error,imp[0].banner,3.2.4
p003160,philstar.com,prebid.media.net,request,2.6-202606,openrtb.field.undefined,error,imp[0].ortb2Imp,3.2.4
p003160,philstar.com,prebid.media.net,request,2.6-202606,openrtb.field.undefined,error,imp[0].transactionId,3.2.4
p003160,philstar.com,prebid.media.net,request,2.6-202606,openrtb.field.undefined,error,ortb2,3.2.1
p003160,philstar.com,prebid.media.net,request,2.6-202606,openrtb.field.undefined,error,site.canonical_url,3.2.13
p003160,philstar.com,prebid.media.net,request,2.6-202606,openrtb.field.undefined,error,site.isTop,3.2.13
p003160,philstar.com,prebid.media.net,request,2.6-202606,openrtb.field.undefined,error,site.og_url,3.2.13
p003160,philstar.com,prebid.media.net,request,2.6-202606,openrtb.field.undefined,error,site.topMostLocation,3.2.13
p003161,psychcentral.com,prebid.media.net,request,2.6-202606,openrtb.field.undefined,error,imp[0].all,3.2.4
p003161,psychcentral.com,prebid.media.net,request,2.6-202606,openrtb.field.undefined,error,imp[0].ortb2Imp,3.2.4
p003161,psychcentral.com,prebid.media.net,request,2.6-202606,openrtb.field.undefined,error,imp[0].transactionId,3.2.4
p003161,psychcentral.com,prebid.media.net,request,2.6-202606,openrtb.field.undefined,error,imp[0].video.context,3.2.7
p003161,psychcentral.com,prebid.media.net,request,2.6-202606,openrtb.field.deprecated,warning,imp[0].video.placement,Section 3.2.7
p003161,psychcentral.com,prebid.media.net,request,2.6-202606,openrtb.field.undefined,error,imp[0].video.playerSize,3.2.7
p003161,psychcentral.com,prebid.media.net,request,2.6-202606,openrtb.field.undefined,error,ortb2,3.2.1
p003161,psychcentral.com,prebid.media.net,request,2.6-202606,openrtb.field.undefined,error,site.canonical_url,3.2.13
p003161,psychcentral.com,prebid.media.net,request,2.6-202606,openrtb.field.undefined,error,site.isTop,3.2.13
p003161,psychcentral.com,prebid.media.net,request,2.6-202606,openrtb.field.undefined,error,site.og_url,3.2.13
p003161,psychcentral.com,prebid.media.net,request,2.6-202606,openrtb.field.undefined,error,site.topMostLocation,3.2.13
p003162,purposegames.com,prebid.media.net,request,2.6-202606,openrtb.field.undefined,error,imp[0].all,3.2.4
p003162,purposegames.com,prebid.media.net,request,2.6-202606,openrtb.type.mismatch,error,imp[0].banner,3.2.4
p003162,purposegames.com,prebid.media.net,request,2.6-202606,openrtb.field.undefined,error,imp[0].ortb2Imp,3.2.4
p003162,purposegames.com,prebid.media.net,request,2.6-202606,openrtb.field.undefined,error,imp[0].transactionId,3.2.4
p003162,purposegames.com,prebid.media.net,request,2.6-202606,openrtb.field.undefined,error,ortb2,3.2.1
p003162,purposegames.com,prebid.media.net,request,2.6-202606,openrtb.field.undefined,error,site.canonical_url,3.2.13
p003162,purposegames.com,prebid.media.net,request,2.6-202606,openrtb.field.undefined,error,site.isTop,3.2.13
p003162,purposegames.com,prebid.media.net,request,2.6-202606,openrtb.field.undefined,error,site.topMostLocation,3.2.13
p003162,purposegames.com,prebid.media.net,request,2.6-202606,openrtb.request.tmax_implausible,warning,tmax,3.2.1
p003163,purposegames.com,prebid.media.net,request,2.6-202606,openrtb.field.undefined,error,imp[0].all,3.2.4
p003163,purposegames.com,prebid.media.net,request,2.6-202606,openrtb.type.mismatch,error,imp[0].banner,3.2.4
p003163,purposegames.com,prebid.media.net,request,2.6-202606,openrtb.field.undefined,error,imp[0].ortb2Imp,3.2.4
p003163,purposegames.com,prebid.media.net,request,2.6-202606,openrtb.field.undefined,error,imp[0].transactionId,3.2.4
p003163,purposegames.com,prebid.media.net,request,2.6-202606,openrtb.field.undefined,error,ortb2,3.2.1
p003163,purposegames.com,prebid.media.net,request,2.6-202606,openrtb.field.undefined,error,site.canonical_url,3.2.13
p003163,purposegames.com,prebid.media.net,request,2.6-202606,openrtb.field.undefined,error,site.isTop,3.2.13
p003163,purposegames.com,prebid.media.net,request,2.6-202606,openrtb.field.undefined,error,site.topMostLocation,3.2.13
p003163,purposegames.com,prebid.media.net,request,2.6-202606,openrtb.request.tmax_implausible,warning,tmax,3.2.1
p003164,self.com,prebid.media.net,request,2.6-202606,openrtb.type.mismatch,error,id,3.2.1
p003164,self.com,prebid.media.net,request,2.6-202606,openrtb.field.undefined,error,imp[0].all,3.2.4
p003164,self.com,prebid.media.net,request,2.6-202606,openrtb.type.mismatch,error,imp[0].banner,3.2.4
p003164,self.com,prebid.media.net,request,2.6-202606,openrtb.field.undefined,error,imp[0].ortb2Imp,3.2.4
p003164,self.com,prebid.media.net,request,2.6-202606,openrtb.field.undefined,error,ortb2,3.2.1
p003164,self.com,prebid.media.net,request,2.6-202606,openrtb.field.undefined,error,site.canonical_url,3.2.13
p003164,self.com,prebid.media.net,request,2.6-202606,openrtb.field.undefined,error,site.isTop,3.2.13
p003164,self.com,prebid.media.net,request,2.6-202606,openrtb.field.undefined,error,site.topMostLocation,3.2.13
p003165,self.com,prebid.media.net,request,2.6-202606,openrtb.type.mismatch,error,id,3.2.1
p003165,self.com,prebid.media.net,request,2.6-202606,openrtb.field.undefined,error,imp[0].all,3.2.4
p003165,self.com,prebid.media.net,request,2.6-202606,openrtb.type.mismatch,error,imp[0].banner,3.2.4
p003165,self.com,prebid.media.net,request,2.6-202606,openrtb.field.undefined,error,imp[0].ortb2Imp,3.2.4
p003165,self.com,prebid.media.net,request,2.6-202606,openrtb.field.undefined,error,ortb2,3.2.1
p003165,self.com,prebid.media.net,request,2.6-202606,openrtb.field.undefined,error,site.canonical_url,3.2.13
p003165,self.com,prebid.media.net,request,2.6-202606,openrtb.field.undefined,error,site.isTop,3.2.13
p003165,self.com,prebid.media.net,request,2.6-202606,openrtb.field.undefined,error,site.topMostLocation,3.2.13
p003166,self.com,prebid.media.net,request,2.6-202606,openrtb.type.mismatch,error,id,3.2.1
p003166,self.com,prebid.media.net,request,2.6-202606,openrtb.field.undefined,error,imp[0].all,3.2.4
p003166,self.com,prebid.media.net,request,2.6-202606,openrtb.type.mismatch,error,imp[0].banner,3.2.4
p003166,self.com,prebid.media.net,request,2.6-202606,openrtb.field.undefined,error,imp[0].ortb2Imp,3.2.4
p003166,self.com,prebid.media.net,request,2.6-202606,openrtb.field.undefined,error,ortb2,3.2.1
p003166,self.com,prebid.media.net,request,2.6-202606,openrtb.field.undefined,error,site.canonical_url,3.2.13
p003166,self.com,prebid.media.net,request,2.6-202606,openrtb.field.undefined,error,site.isTop,3.2.13
p003166,self.com,prebid.media.net,request,2.6-202606,openrtb.field.undefined,error,site.topMostLocation,3.2.13
p003167,socialblade.com,prebid.media.net,request,2.6-202606,openrtb.field.undefined,error,imp[0].all,3.2.4
p003167,socialblade.com,prebid.media.net,request,2.6-202606,openrtb.type.mismatch,error,imp[0].banner,3.2.4
p003167,socialblade.com,prebid.media.net,request,2.6-202606,openrtb.field.undefined,error,imp[0].bidfloors,3.2.4
p003167,socialblade.com,prebid.media.net,request,2.6-202606,openrtb.field.undefined,error,imp[0].ortb2Imp,3.2.4
p003167,socialblade.com,prebid.media.net,request,2.6-202606,openrtb.field.undefined,error,imp[0].transactionId,3.2.4
p003167,socialblade.com,prebid.media.net,request,2.6-202606,openrtb.field.undefined,error,imp[1].all,3.2.4
p003167,socialblade.com,prebid.media.net,request,2.6-202606,openrtb.type.mismatch,error,imp[1].banner,3.2.4
p003167,socialblade.com,prebid.media.net,request,2.6-202606,openrtb.field.undefined,error,imp[1].bidfloors,3.2.4
p003167,socialblade.com,prebid.media.net,request,2.6-202606,openrtb.field.undefined,error,imp[1].ortb2Imp,3.2.4
p003167,socialblade.com,prebid.media.net,request,2.6-202606,openrtb.field.undefined,error,imp[1].transactionId,3.2.4
p003167,socialblade.com,prebid.media.net,request,2.6-202606,openrtb.field.undefined,error,imp[2].all,3.2.4
p003167,socialblade.com,prebid.media.net,request,2.6-202606,openrtb.type.mismatch,error,imp[2].banner,3.2.4
p003167,socialblade.com,prebid.media.net,request,2.6-202606,openrtb.field.undefined,error,imp[2].bidfloors,3.2.4
p003167,socialblade.com,prebid.media.net,request,2.6-202606,openrtb.field.undefined,error,imp[2].ortb2Imp,3.2.4
p003167,socialblade.com,prebid.media.net,request,2.6-202606,openrtb.field.undefined,error,imp[2].transactionId,3.2.4
p003167,socialblade.com,prebid.media.net,request,2.6-202606,openrtb.field.undefined,error,imp[3].all,3.2.4
p003167,socialblade.com,prebid.media.net,request,2.6-202606,openrtb.type.mismatch,error,imp[3].banner,3.2.4
p003167,socialblade.com,prebid.media.net,request,2.6-202606,openrtb.field.undefined,error,imp[3].bidfloors,3.2.4
p003167,socialblade.com,prebid.media.net,request,2.6-202606,openrtb.field.undefined,error,imp[3].ortb2Imp,3.2.4
p003167,socialblade.com,prebid.media.net,request,2.6-202606,openrtb.field.undefined,error,imp[3].transactionId,3.2.4
p003167,socialblade.com,prebid.media.net,request,2.6-202606,openrtb.field.undefined,error,imp[4].all,3.2.4
p003167,socialblade.com,prebid.media.net,request,2.6-202606,openrtb.type.mismatch,error,imp[4].banner,3.2.4
p003167,socialblade.com,prebid.media.net,request,2.6-202606,openrtb.field.undefined,error,imp[4].bidfloors,3.2.4
p003167,socialblade.com,prebid.media.net,request,2.6-202606,openrtb.field.undefined,error,imp[4].ortb2Imp,3.2.4
p003167,socialblade.com,prebid.media.net,request,2.6-202606,openrtb.field.undefined,error,imp[4].transactionId,3.2.4
p003167,socialblade.com,prebid.media.net,request,2.6-202606,openrtb.field.undefined,error,imp[5].all,3.2.4
p003167,socialblade.com,prebid.media.net,request,2.6-202606,openrtb.type.mismatch,error,imp[5].banner,3.2.4
p003167,socialblade.com,prebid.media.net,request,2.6-202606,openrtb.field.undefined,error,imp[5].bidfloors,3.2.4
p003167,socialblade.com,prebid.media.net,request,2.6-202606,openrtb.field.undefined,error,imp[5].ortb2Imp,3.2.4
p003167,socialblade.com,prebid.media.net,request,2.6-202606,openrtb.field.undefined,error,imp[5].transactionId,3.2.4
p003167,socialblade.com,prebid.media.net,request,2.6-202606,openrtb.field.undefined,error,imp[6].all,3.2.4
p003167,socialblade.com,prebid.media.net,request,2.6-202606,openrtb.field.undefined,error,imp[6].bidfloors,3.2.4
p003167,socialblade.com,prebid.media.net,request,2.6-202606,openrtb.field.undefined,error,imp[6].ortb2Imp,3.2.4
p003167,socialblade.com,prebid.media.net,request,2.6-202606,openrtb.field.undefined,error,imp[6].transactionId,3.2.4
p003167,socialblade.com,prebid.media.net,request,2.6-202606,openrtb.field.undefined,error,imp[6].video.context,3.2.7
p003167,socialblade.com,prebid.media.net,request,2.6-202606,openrtb.field.deprecated,warning,imp[6].video.placement,Section 3.2.7
p003167,socialblade.com,prebid.media.net,request,2.6-202606,openrtb.field.undefined,error,imp[6].video.playerSize,3.2.7
p003167,socialblade.com,prebid.media.net,request,2.6-202606,openrtb.value.invalid,error,imp[6].video.skip,3.2.7
p003167,socialblade.com,prebid.media.net,request,2.6-202606,openrtb.field.undefined,error,imp[6].video.skippable,3.2.7
p003167,socialblade.com,prebid.media.net,request,2.6-202606,openrtb.field.undefined,error,ortb2,3.2.1
p003167,socialblade.com,prebid.media.net,request,2.6-202606,openrtb.field.undefined,error,site.isTop,3.2.13
p003167,socialblade.com,prebid.media.net,request,2.6-202606,openrtb.field.undefined,error,site.topMostLocation,3.2.13
p003168,self.com,prebid.media.net,request,2.6-202606,openrtb.type.mismatch,error,id,3.2.1
p003168,self.com,prebid.media.net,request,2.6-202606,openrtb.field.undefined,error,imp[0].all,3.2.4
p003168,self.com,prebid.media.net,request,2.6-202606,openrtb.type.mismatch,error,imp[0].banner,3.2.4
p003168,self.com,prebid.media.net,request,2.6-202606,openrtb.field.undefined,error,imp[0].ortb2Imp,3.2.4
p003168,self.com,prebid.media.net,request,2.6-202606,openrtb.field.undefined,error,ortb2,3.2.1
p003168,self.com,prebid.media.net,request,2.6-202606,openrtb.field.undefined,error,site.canonical_url,3.2.13
p003168,self.com,prebid.media.net,request,2.6-202606,openrtb.field.undefined,error,site.isTop,3.2.13
p003168,self.com,prebid.media.net,request,2.6-202606,openrtb.field.undefined,error,site.topMostLocation,3.2.13
p003169,self.com,prebid.media.net,request,2.6-202606,openrtb.type.mismatch,error,id,3.2.1
p003169,self.com,prebid.media.net,request,2.6-202606,openrtb.field.undefined,error,imp[0].all,3.2.4
p003169,self.com,prebid.media.net,request,2.6-202606,openrtb.type.mismatch,error,imp[0].banner,3.2.4
p003169,self.com,prebid.media.net,request,2.6-202606,openrtb.field.undefined,error,imp[0].ortb2Imp,3.2.4
p003169,self.com,prebid.media.net,request,2.6-202606,openrtb.field.undefined,error,ortb2,3.2.1
p003169,self.com,prebid.media.net,request,2.6-202606,openrtb.field.undefined,error,site.canonical_url,3.2.13
p003169,self.com,prebid.media.net,request,2.6-202606,openrtb.field.undefined,error,site.isTop,3.2.13
p003169,self.com,prebid.media.net,request,2.6-202606,openrtb.field.undefined,error,site.topMostLocation,3.2.13
p003170,self.com,prebid.media.net,request,2.6-202606,openrtb.type.mismatch,error,id,3.2.1
p003170,self.com,prebid.media.net,request,2.6-202606,openrtb.field.undefined,error,imp[0].all,3.2.4
p003170,self.com,prebid.media.net,request,2.6-202606,openrtb.type.mismatch,error,imp[0].banner,3.2.4
p003170,self.com,prebid.media.net,request,2.6-202606,openrtb.field.undefined,error,imp[0].ortb2Imp,3.2.4
p003170,self.com,prebid.media.net,request,2.6-202606,openrtb.field.undefined,error,ortb2,3.2.1
p003170,self.com,prebid.media.net,request,2.6-202606,openrtb.field.undefined,error,site.canonical_url,3.2.13
p003170,self.com,prebid.media.net,request,2.6-202606,openrtb.field.undefined,error,site.isTop,3.2.13
p003170,self.com,prebid.media.net,request,2.6-202606,openrtb.field.undefined,error,site.topMostLocation,3.2.13
p003171,self.com,prebid.media.net,request,2.6-202606,openrtb.type.mismatch,error,id,3.2.1
p003171,self.com,prebid.media.net,request,2.6-202606,openrtb.field.undefined,error,imp[0].all,3.2.4
p003171,self.com,prebid.media.net,request,2.6-202606,openrtb.type.mismatch,error,imp[0].banner,3.2.4
p003171,self.com,prebid.media.net,request,2.6-202606,openrtb.field.undefined,error,imp[0].ortb2Imp,3.2.4
p003171,self.com,prebid.media.net,request,2.6-202606,openrtb.field.undefined,error,ortb2,3.2.1
p003171,self.com,prebid.media.net,request,2.6-202606,openrtb.field.undefined,error,site.canonical_url,3.2.13
p003171,self.com,prebid.media.net,request,2.6-202606,openrtb.field.undefined,error,site.isTop,3.2.13
p003171,self.com,prebid.media.net,request,2.6-202606,openrtb.field.undefined,error,site.topMostLocation,3.2.13
p003172,socialblade.com,prebid.media.net,request,2.6-202606,openrtb.field.undefined,error,imp[0].all,3.2.4
p003172,socialblade.com,prebid.media.net,request,2.6-202606,openrtb.field.undefined,error,imp[0].bidfloors,3.2.4
p003172,socialblade.com,prebid.media.net,request,2.6-202606,openrtb.field.undefined,error,imp[0].ortb2Imp,3.2.4
p003172,socialblade.com,prebid.media.net,request,2.6-202606,openrtb.field.undefined,error,imp[0].transactionId,3.2.4
p003172,socialblade.com,prebid.media.net,request,2.6-202606,openrtb.field.undefined,error,imp[0].video.context,3.2.7
p003172,socialblade.com,prebid.media.net,request,2.6-202606,openrtb.field.deprecated,warning,imp[0].video.placement,Section 3.2.7
p003172,socialblade.com,prebid.media.net,request,2.6-202606,openrtb.field.undefined,error,imp[0].video.playerSize,3.2.7
p003172,socialblade.com,prebid.media.net,request,2.6-202606,openrtb.value.invalid,error,imp[0].video.skip,3.2.7
p003172,socialblade.com,prebid.media.net,request,2.6-202606,openrtb.field.undefined,error,imp[0].video.skippable,3.2.7
p003172,socialblade.com,prebid.media.net,request,2.6-202606,openrtb.field.undefined,error,ortb2,3.2.1
p003172,socialblade.com,prebid.media.net,request,2.6-202606,openrtb.field.undefined,error,site.isTop,3.2.13
p003172,socialblade.com,prebid.media.net,request,2.6-202606,openrtb.field.undefined,error,site.topMostLocation,3.2.13
p003173,teletica.com,prebid.media.net,request,2.6-202606,openrtb.field.undefined,error,imp[0].all,3.2.4
p003173,teletica.com,prebid.media.net,request,2.6-202606,openrtb.type.mismatch,error,imp[0].banner,3.2.4
p003173,teletica.com,prebid.media.net,request,2.6-202606,openrtb.field.undefined,error,imp[0].bidfloors,3.2.4
p003173,teletica.com,prebid.media.net,request,2.6-202606,openrtb.field.undefined,error,imp[0].ortb2Imp,3.2.4
p003173,teletica.com,prebid.media.net,request,2.6-202606,openrtb.field.undefined,error,imp[0].transactionId,3.2.4
p003173,teletica.com,prebid.media.net,request,2.6-202606,openrtb.field.undefined,error,ortb2,3.2.1
p003173,teletica.com,prebid.media.net,request,2.6-202606,openrtb.field.undefined,error,site.canonical_url,3.2.13
p003173,teletica.com,prebid.media.net,request,2.6-202606,openrtb.field.undefined,error,site.isTop,3.2.13
p003173,teletica.com,prebid.media.net,request,2.6-202606,openrtb.field.undefined,error,site.topMostLocation,3.2.13
p003174,teletica.com,prebid.media.net,request,2.6-202606,openrtb.field.undefined,error,imp[0].all,3.2.4
p003174,teletica.com,prebid.media.net,request,2.6-202606,openrtb.type.mismatch,error,imp[0].banner,3.2.4
p003174,teletica.com,prebid.media.net,request,2.6-202606,openrtb.field.undefined,error,imp[0].bidfloors,3.2.4
p003174,teletica.com,prebid.media.net,request,2.6-202606,openrtb.field.undefined,error,imp[0].ortb2Imp,3.2.4
p003174,teletica.com,prebid.media.net,request,2.6-202606,openrtb.field.undefined,error,imp[0].transactionId,3.2.4
p003174,teletica.com,prebid.media.net,request,2.6-202606,openrtb.field.undefined,error,ortb2,3.2.1
p003174,teletica.com,prebid.media.net,request,2.6-202606,openrtb.field.undefined,error,site.canonical_url,3.2.13
p003174,teletica.com,prebid.media.net,request,2.6-202606,openrtb.field.undefined,error,site.isTop,3.2.13
p003174,teletica.com,prebid.media.net,request,2.6-202606,openrtb.field.undefined,error,site.topMostLocation,3.2.13
p003175,teletica.com,prebid.media.net,request,2.6-202606,openrtb.field.undefined,error,imp[0].all,3.2.4
p003175,teletica.com,prebid.media.net,request,2.6-202606,openrtb.type.mismatch,error,imp[0].banner,3.2.4
p003175,teletica.com,prebid.media.net,request,2.6-202606,openrtb.field.undefined,error,imp[0].bidfloors,3.2.4
p003175,teletica.com,prebid.media.net,request,2.6-202606,openrtb.field.undefined,error,imp[0].ortb2Imp,3.2.4
p003175,teletica.com,prebid.media.net,request,2.6-202606,openrtb.field.undefined,error,imp[0].transactionId,3.2.4
p003175,teletica.com,prebid.media.net,request,2.6-202606,openrtb.field.undefined,error,ortb2,3.2.1
p003175,teletica.com,prebid.media.net,request,2.6-202606,openrtb.field.undefined,error,site.canonical_url,3.2.13
p003175,teletica.com,prebid.media.net,request,2.6-202606,openrtb.field.undefined,error,site.isTop,3.2.13
p003175,teletica.com,prebid.media.net,request,2.6-202606,openrtb.field.undefined,error,site.topMostLocation,3.2.13
p003176,tennessean.com,prebid.media.net,request,2.6-202606,openrtb.field.undefined,error,imp[0].all,3.2.4
p003176,tennessean.com,prebid.media.net,request,2.6-202606,openrtb.field.undefined,error,imp[0].bidfloors,3.2.4
p003176,tennessean.com,prebid.media.net,request,2.6-202606,openrtb.field.undefined,error,imp[0].ortb2Imp,3.2.4
p003176,tennessean.com,prebid.media.net,request,2.6-202606,openrtb.field.undefined,error,imp[0].transactionId,3.2.4
p003176,tennessean.com,prebid.media.net,request,2.6-202606,openrtb.field.undefined,error,imp[0].video.context,3.2.7
p003176,tennessean.com,prebid.media.net,request,2.6-202606,openrtb.field.deprecated,warning,imp[0].video.placement,Section 3.2.7
p003176,tennessean.com,prebid.media.net,request,2.6-202606,openrtb.field.undefined,error,imp[0].video.playerSize,3.2.7
p003176,tennessean.com,prebid.media.net,request,2.6-202606,openrtb.value.invalid,error,imp[0].video.skip,3.2.7
p003176,tennessean.com,prebid.media.net,request,2.6-202606,openrtb.field.undefined,error,ortb2,3.2.1
p003176,tennessean.com,prebid.media.net,request,2.6-202606,openrtb.field.undefined,error,site.canonical_url,3.2.13
p003176,tennessean.com,prebid.media.net,request,2.6-202606,openrtb.field.undefined,error,site.isTop,3.2.13
p003176,tennessean.com,prebid.media.net,request,2.6-202606,openrtb.field.undefined,error,site.topMostLocation,3.2.13
p003177,teletica.com,prebid.media.net,request,2.6-202606,openrtb.field.undefined,error,imp[0].all,3.2.4
p003177,teletica.com,prebid.media.net,request,2.6-202606,openrtb.type.mismatch,error,imp[0].banner,3.2.4
p003177,teletica.com,prebid.media.net,request,2.6-202606,openrtb.field.undefined,error,imp[0].bidfloors,3.2.4
p003177,teletica.com,prebid.media.net,request,2.6-202606,openrtb.field.undefined,error,imp[0].ortb2Imp,3.2.4
p003177,teletica.com,prebid.media.net,request,2.6-202606,openrtb.field.undefined,error,imp[0].transactionId,3.2.4
p003177,teletica.com,prebid.media.net,request,2.6-202606,openrtb.field.undefined,error,ortb2,3.2.1
p003177,teletica.com,prebid.media.net,request,2.6-202606,openrtb.field.undefined,error,site.canonical_url,3.2.13
p003177,teletica.com,prebid.media.net,request,2.6-202606,openrtb.field.undefined,error,site.isTop,3.2.13
p003177,teletica.com,prebid.media.net,request,2.6-202606,openrtb.field.undefined,error,site.topMostLocation,3.2.13
p003178,teletica.com,prebid.media.net,request,2.6-202606,openrtb.field.undefined,error,imp[0].all,3.2.4
p003178,teletica.com,prebid.media.net,request,2.6-202606,openrtb.field.undefined,error,imp[0].bidfloors,3.2.4
p003178,teletica.com,prebid.media.net,request,2.6-202606,openrtb.field.undefined,error,imp[0].ortb2Imp,3.2.4
p003178,teletica.com,prebid.media.net,request,2.6-202606,openrtb.field.undefined,error,imp[0].transactionId,3.2.4
p003178,teletica.com,prebid.media.net,request,2.6-202606,openrtb.field.undefined,error,imp[0].video.context,3.2.7
p003178,teletica.com,prebid.media.net,request,2.6-202606,openrtb.field.undefined,error,imp[0].video.frameworks,3.2.7
p003178,teletica.com,prebid.media.net,request,2.6-202606,openrtb.field.deprecated,warning,imp[0].video.placement,Section 3.2.7
p003178,teletica.com,prebid.media.net,request,2.6-202606,openrtb.field.undefined,error,imp[0].video.playerSize,3.2.7
p003178,teletica.com,prebid.media.net,request,2.6-202606,openrtb.field.undefined,error,imp[0].video.skippable,3.2.7
p003178,teletica.com,prebid.media.net,request,2.6-202606,openrtb.field.undefined,error,ortb2,3.2.1
p003178,teletica.com,prebid.media.net,request,2.6-202606,openrtb.field.undefined,error,site.canonical_url,3.2.13
p003178,teletica.com,prebid.media.net,request,2.6-202606,openrtb.field.undefined,error,site.isTop,3.2.13
p003178,teletica.com,prebid.media.net,request,2.6-202606,openrtb.field.undefined,error,site.topMostLocation,3.2.13
p003179,thesun.ie,prebid.media.net,request,2.6-202606,openrtb.type.mismatch,error,id,3.2.1
p003179,thesun.ie,prebid.media.net,request,2.6-202606,openrtb.field.undefined,error,imp[0].all,3.2.4
p003179,thesun.ie,prebid.media.net,request,2.6-202606,openrtb.type.mismatch,error,imp[0].banner,3.2.4
p003179,thesun.ie,prebid.media.net,request,2.6-202606,openrtb.field.undefined,error,imp[0].bidfloors,3.2.4
p003179,thesun.ie,prebid.media.net,request,2.6-202606,openrtb.field.undefined,error,imp[0].ortb2Imp,3.2.4
p003179,thesun.ie,prebid.media.net,request,2.6-202606,openrtb.field.undefined,error,imp[1].all,3.2.4
p003179,thesun.ie,prebid.media.net,request,2.6-202606,openrtb.type.mismatch,error,imp[1].banner,3.2.4
p003179,thesun.ie,prebid.media.net,request,2.6-202606,openrtb.field.undefined,error,imp[1].bidfloors,3.2.4
p003179,thesun.ie,prebid.media.net,request,2.6-202606,openrtb.field.undefined,error,imp[1].ortb2Imp,3.2.4
p003179,thesun.ie,prebid.media.net,request,2.6-202606,openrtb.field.undefined,error,imp[2].all,3.2.4
p003179,thesun.ie,prebid.media.net,request,2.6-202606,openrtb.type.mismatch,error,imp[2].banner,3.2.4
p003179,thesun.ie,prebid.media.net,request,2.6-202606,openrtb.field.undefined,error,imp[2].bidfloors,3.2.4
p003179,thesun.ie,prebid.media.net,request,2.6-202606,openrtb.field.undefined,error,imp[2].ortb2Imp,3.2.4
p003179,thesun.ie,prebid.media.net,request,2.6-202606,openrtb.field.undefined,error,imp[3].all,3.2.4
p003179,thesun.ie,prebid.media.net,request,2.6-202606,openrtb.type.mismatch,error,imp[3].banner,3.2.4
p003179,thesun.ie,prebid.media.net,request,2.6-202606,openrtb.field.undefined,error,imp[3].bidfloors,3.2.4
p003179,thesun.ie,prebid.media.net,request,2.6-202606,openrtb.field.undefined,error,imp[3].ortb2Imp,3.2.4
p003179,thesun.ie,prebid.media.net,request,2.6-202606,openrtb.field.undefined,error,imp[4].all,3.2.4
p003179,thesun.ie,prebid.media.net,request,2.6-202606,openrtb.type.mismatch,error,imp[4].banner,3.2.4
p003179,thesun.ie,prebid.media.net,request,2.6-202606,openrtb.field.undefined,error,imp[4].bidfloors,3.2.4
p003179,thesun.ie,prebid.media.net,request,2.6-202606,openrtb.field.undefined,error,imp[4].ortb2Imp,3.2.4
p003179,thesun.ie,prebid.media.net,request,2.6-202606,openrtb.field.undefined,error,imp[5].all,3.2.4
p003179,thesun.ie,prebid.media.net,request,2.6-202606,openrtb.type.mismatch,error,imp[5].banner,3.2.4
p003179,thesun.ie,prebid.media.net,request,2.6-202606,openrtb.field.undefined,error,imp[5].bidfloors,3.2.4
p003179,thesun.ie,prebid.media.net,request,2.6-202606,openrtb.field.undefined,error,imp[5].ortb2Imp,3.2.4
p003179,thesun.ie,prebid.media.net,request,2.6-202606,openrtb.field.undefined,error,imp[6].all,3.2.4
p003179,thesun.ie,prebid.media.net,request,2.6-202606,openrtb.type.mismatch,error,imp[6].banner,3.2.4
p003179,thesun.ie,prebid.media.net,request,2.6-202606,openrtb.field.undefined,error,imp[6].bidfloors,3.2.4
p003179,thesun.ie,prebid.media.net,request,2.6-202606,openrtb.field.undefined,error,imp[6].ortb2Imp,3.2.4
p003179,thesun.ie,prebid.media.net,request,2.6-202606,openrtb.field.undefined,error,imp[7].all,3.2.4
p003179,thesun.ie,prebid.media.net,request,2.6-202606,openrtb.type.mismatch,error,imp[7].banner,3.2.4
p003179,thesun.ie,prebid.media.net,request,2.6-202606,openrtb.field.undefined,error,imp[7].bidfloors,3.2.4
p003179,thesun.ie,prebid.media.net,request,2.6-202606,openrtb.field.undefined,error,imp[7].ortb2Imp,3.2.4
p003179,thesun.ie,prebid.media.net,request,2.6-202606,openrtb.field.undefined,error,imp[8].all,3.2.4
p003179,thesun.ie,prebid.media.net,request,2.6-202606,openrtb.type.mismatch,error,imp[8].banner,3.2.4
p003179,thesun.ie,prebid.media.net,request,2.6-202606,openrtb.field.undefined,error,imp[8].bidfloors,3.2.4
p003179,thesun.ie,prebid.media.net,request,2.6-202606,openrtb.field.undefined,error,imp[8].ortb2Imp,3.2.4
p003179,thesun.ie,prebid.media.net,request,2.6-202606,openrtb.field.undefined,error,imp[9].all,3.2.4
p003179,thesun.ie,prebid.media.net,request,2.6-202606,openrtb.type.mismatch,error,imp[9].banner,3.2.4
p003179,thesun.ie,prebid.media.net,request,2.6-202606,openrtb.field.undefined,error,imp[9].bidfloors,3.2.4
p003179,thesun.ie,prebid.media.net,request,2.6-202606,openrtb.field.undefined,error,imp[9].ortb2Imp,3.2.4
p003179,thesun.ie,prebid.media.net,request,2.6-202606,openrtb.field.undefined,error,ortb2,3.2.1
p003179,thesun.ie,prebid.media.net,request,2.6-202606,openrtb.field.undefined,error,site.canonical_url,3.2.13
p003179,thesun.ie,prebid.media.net,request,2.6-202606,openrtb.field.undefined,error,site.isTop,3.2.13
p003179,thesun.ie,prebid.media.net,request,2.6-202606,openrtb.field.undefined,error,site.topMostLocation,3.2.13
p003180,thesun.ie,prebid.media.net,request,2.6-202606,openrtb.type.mismatch,error,id,3.2.1
p003180,thesun.ie,prebid.media.net,request,2.6-202606,openrtb.field.undefined,error,imp[0].all,3.2.4
p003180,thesun.ie,prebid.media.net,request,2.6-202606,openrtb.type.mismatch,error,imp[0].banner,3.2.4
p003180,thesun.ie,prebid.media.net,request,2.6-202606,openrtb.field.undefined,error,imp[0].bidfloors,3.2.4
p003180,thesun.ie,prebid.media.net,request,2.6-202606,openrtb.field.undefined,error,imp[0].ortb2Imp,3.2.4
p003180,thesun.ie,prebid.media.net,request,2.6-202606,openrtb.field.undefined,error,imp[1].all,3.2.4
p003180,thesun.ie,prebid.media.net,request,2.6-202606,openrtb.type.mismatch,error,imp[1].banner,3.2.4
p003180,thesun.ie,prebid.media.net,request,2.6-202606,openrtb.field.undefined,error,imp[1].bidfloors,3.2.4
p003180,thesun.ie,prebid.media.net,request,2.6-202606,openrtb.field.undefined,error,imp[1].ortb2Imp,3.2.4
p003180,thesun.ie,prebid.media.net,request,2.6-202606,openrtb.field.undefined,error,ortb2,3.2.1
p003180,thesun.ie,prebid.media.net,request,2.6-202606,openrtb.field.undefined,error,site.canonical_url,3.2.13
p003180,thesun.ie,prebid.media.net,request,2.6-202606,openrtb.field.undefined,error,site.isTop,3.2.13
p003180,thesun.ie,prebid.media.net,request,2.6-202606,openrtb.field.undefined,error,site.topMostLocation,3.2.13
p003181,thesun.ie,prebid.media.net,request,2.6-202606,openrtb.type.mismatch,error,id,3.2.1
p003181,thesun.ie,prebid.media.net,request,2.6-202606,openrtb.field.undefined,error,imp[0].all,3.2.4
p003181,thesun.ie,prebid.media.net,request,2.6-202606,openrtb.type.mismatch,error,imp[0].banner,3.2.4
p003181,thesun.ie,prebid.media.net,request,2.6-202606,openrtb.field.undefined,error,imp[0].bidfloors,3.2.4
p003181,thesun.ie,prebid.media.net,request,2.6-202606,openrtb.field.undefined,error,imp[0].ortb2Imp,3.2.4
p003181,thesun.ie,prebid.media.net,request,2.6-202606,openrtb.field.undefined,error,imp[1].all,3.2.4
p003181,thesun.ie,prebid.media.net,request,2.6-202606,openrtb.type.mismatch,error,imp[1].banner,3.2.4
p003181,thesun.ie,prebid.media.net,request,2.6-202606,openrtb.field.undefined,error,imp[1].bidfloors,3.2.4
p003181,thesun.ie,prebid.media.net,request,2.6-202606,openrtb.field.undefined,error,imp[1].ortb2Imp,3.2.4
p003181,thesun.ie,prebid.media.net,request,2.6-202606,openrtb.field.undefined,error,ortb2,3.2.1
p003181,thesun.ie,prebid.media.net,request,2.6-202606,openrtb.field.undefined,error,site.canonical_url,3.2.13
p003181,thesun.ie,prebid.media.net,request,2.6-202606,openrtb.field.undefined,error,site.isTop,3.2.13
p003181,thesun.ie,prebid.media.net,request,2.6-202606,openrtb.field.undefined,error,site.topMostLocation,3.2.13
p003182,thesun.ie,prebid.media.net,request,2.6-202606,openrtb.type.mismatch,error,id,3.2.1
p003182,thesun.ie,prebid.media.net,request,2.6-202606,openrtb.field.undefined,error,imp[0].all,3.2.4
p003182,thesun.ie,prebid.media.net,request,2.6-202606,openrtb.type.mismatch,error,imp[0].banner,3.2.4
p003182,thesun.ie,prebid.media.net,request,2.6-202606,openrtb.field.undefined,error,imp[0].bidfloors,3.2.4
p003182,thesun.ie,prebid.media.net,request,2.6-202606,openrtb.field.undefined,error,imp[0].ortb2Imp,3.2.4
p003182,thesun.ie,prebid.media.net,request,2.6-202606,openrtb.field.undefined,error,imp[1].all,3.2.4
p003182,thesun.ie,prebid.media.net,request,2.6-202606,openrtb.type.mismatch,error,imp[1].banner,3.2.4
p003182,thesun.ie,prebid.media.net,request,2.6-202606,openrtb.field.undefined,error,imp[1].bidfloors,3.2.4
p003182,thesun.ie,prebid.media.net,request,2.6-202606,openrtb.field.undefined,error,imp[1].ortb2Imp,3.2.4
p003182,thesun.ie,prebid.media.net,request,2.6-202606,openrtb.field.undefined,error,imp[2].all,3.2.4
p003182,thesun.ie,prebid.media.net,request,2.6-202606,openrtb.type.mismatch,error,imp[2].banner,3.2.4
p003182,thesun.ie,prebid.media.net,request,2.6-202606,openrtb.field.undefined,error,imp[2].bidfloors,3.2.4
p003182,thesun.ie,prebid.media.net,request,2.6-202606,openrtb.field.undefined,error,imp[2].ortb2Imp,3.2.4
p003182,thesun.ie,prebid.media.net,request,2.6-202606,openrtb.field.undefined,error,imp[3].all,3.2.4
p003182,thesun.ie,prebid.media.net,request,2.6-202606,openrtb.type.mismatch,error,imp[3].banner,3.2.4
p003182,thesun.ie,prebid.media.net,request,2.6-202606,openrtb.field.undefined,error,imp[3].bidfloors,3.2.4
p003182,thesun.ie,prebid.media.net,request,2.6-202606,openrtb.field.undefined,error,imp[3].ortb2Imp,3.2.4
p003182,thesun.ie,prebid.media.net,request,2.6-202606,openrtb.field.undefined,error,imp[4].all,3.2.4
p003182,thesun.ie,prebid.media.net,request,2.6-202606,openrtb.type.mismatch,error,imp[4].banner,3.2.4
p003182,thesun.ie,prebid.media.net,request,2.6-202606,openrtb.field.undefined,error,imp[4].bidfloors,3.2.4
p003182,thesun.ie,prebid.media.net,request,2.6-202606,openrtb.field.undefined,error,imp[4].ortb2Imp,3.2.4
p003182,thesun.ie,prebid.media.net,request,2.6-202606,openrtb.field.undefined,error,imp[5].all,3.2.4
p003182,thesun.ie,prebid.media.net,request,2.6-202606,openrtb.type.mismatch,error,imp[5].banner,3.2.4
p003182,thesun.ie,prebid.media.net,request,2.6-202606,openrtb.field.undefined,error,imp[5].bidfloors,3.2.4
p003182,thesun.ie,prebid.media.net,request,2.6-202606,openrtb.field.undefined,error,imp[5].ortb2Imp,3.2.4
p003182,thesun.ie,prebid.media.net,request,2.6-202606,openrtb.field.undefined,error,imp[6].all,3.2.4
p003182,thesun.ie,prebid.media.net,request,2.6-202606,openrtb.type.mismatch,error,imp[6].banner,3.2.4
p003182,thesun.ie,prebid.media.net,request,2.6-202606,openrtb.field.undefined,error,imp[6].bidfloors,3.2.4
p003182,thesun.ie,prebid.media.net,request,2.6-202606,openrtb.field.undefined,error,imp[6].ortb2Imp,3.2.4
p003182,thesun.ie,prebid.media.net,request,2.6-202606,openrtb.field.undefined,error,imp[7].all,3.2.4
p003182,thesun.ie,prebid.media.net,request,2.6-202606,openrtb.type.mismatch,error,imp[7].banner,3.2.4
p003182,thesun.ie,prebid.media.net,request,2.6-202606,openrtb.field.undefined,error,imp[7].bidfloors,3.2.4
p003182,thesun.ie,prebid.media.net,request,2.6-202606,openrtb.field.undefined,error,imp[7].ortb2Imp,3.2.4
p003182,thesun.ie,prebid.media.net,request,2.6-202606,openrtb.field.undefined,error,imp[8].all,3.2.4
p003182,thesun.ie,prebid.media.net,request,2.6-202606,openrtb.type.mismatch,error,imp[8].banner,3.2.4
p003182,thesun.ie,prebid.media.net,request,2.6-202606,openrtb.field.undefined,error,imp[8].bidfloors,3.2.4
p003182,thesun.ie,prebid.media.net,request,2.6-202606,openrtb.field.undefined,error,imp[8].ortb2Imp,3.2.4
p003182,thesun.ie,prebid.media.net,request,2.6-202606,openrtb.field.undefined,error,ortb2,3.2.1
p003182,thesun.ie,prebid.media.net,request,2.6-202606,openrtb.field.undefined,error,site.canonical_url,3.2.13
p003182,thesun.ie,prebid.media.net,request,2.6-202606,openrtb.field.undefined,error,site.isTop,3.2.13
p003182,thesun.ie,prebid.media.net,request,2.6-202606,openrtb.field.undefined,error,site.topMostLocation,3.2.13
p003183,thesun.ie,prebid.media.net,request,2.6-202606,openrtb.type.mismatch,error,id,3.2.1
p003183,thesun.ie,prebid.media.net,request,2.6-202606,openrtb.field.undefined,error,imp[0].all,3.2.4
p003183,thesun.ie,prebid.media.net,request,2.6-202606,openrtb.field.undefined,error,imp[0].bidfloors,3.2.4
p003183,thesun.ie,prebid.media.net,request,2.6-202606,openrtb.field.undefined,error,imp[0].ortb2Imp,3.2.4
p003183,thesun.ie,prebid.media.net,request,2.6-202606,openrtb.field.undefined,error,imp[0].video.context,3.2.7
p003183,thesun.ie,prebid.media.net,request,2.6-202606,openrtb.field.deprecated,warning,imp[0].video.placement,Section 3.2.7
p003183,thesun.ie,prebid.media.net,request,2.6-202606,openrtb.field.undefined,error,imp[0].video.playerSize,3.2.7
p003183,thesun.ie,prebid.media.net,request,2.6-202606,openrtb.field.undefined,error,ortb2,3.2.1
p003183,thesun.ie,prebid.media.net,request,2.6-202606,openrtb.field.undefined,error,site.canonical_url,3.2.13
p003183,thesun.ie,prebid.media.net,request,2.6-202606,openrtb.field.undefined,error,site.isTop,3.2.13
p003183,thesun.ie,prebid.media.net,request,2.6-202606,openrtb.field.undefined,error,site.topMostLocation,3.2.13
p003184,thesun.ie,prebid.media.net,request,2.6-202606,openrtb.type.mismatch,error,id,3.2.1
p003184,thesun.ie,prebid.media.net,request,2.6-202606,openrtb.field.undefined,error,imp[0].all,3.2.4
p003184,thesun.ie,prebid.media.net,request,2.6-202606,openrtb.type.mismatch,error,imp[0].banner,3.2.4
p003184,thesun.ie,prebid.media.net,request,2.6-202606,openrtb.field.undefined,error,imp[0].bidfloors,3.2.4
p003184,thesun.ie,prebid.media.net,request,2.6-202606,openrtb.field.undefined,error,imp[0].ortb2Imp,3.2.4
p003184,thesun.ie,prebid.media.net,request,2.6-202606,openrtb.field.undefined,error,imp[1].all,3.2.4
p003184,thesun.ie,prebid.media.net,request,2.6-202606,openrtb.type.mismatch,error,imp[1].banner,3.2.4
p003184,thesun.ie,prebid.media.net,request,2.6-202606,openrtb.field.undefined,error,imp[1].bidfloors,3.2.4
p003184,thesun.ie,prebid.media.net,request,2.6-202606,openrtb.field.undefined,error,imp[1].ortb2Imp,3.2.4
p003184,thesun.ie,prebid.media.net,request,2.6-202606,openrtb.field.undefined,error,ortb2,3.2.1
p003184,thesun.ie,prebid.media.net,request,2.6-202606,openrtb.field.undefined,error,site.canonical_url,3.2.13
p003184,thesun.ie,prebid.media.net,request,2.6-202606,openrtb.field.undefined,error,site.isTop,3.2.13
p003184,thesun.ie,prebid.media.net,request,2.6-202606,openrtb.field.undefined,error,site.topMostLocation,3.2.13
p003185,thesun.ie,prebid.media.net,request,2.6-202606,openrtb.type.mismatch,error,id,3.2.1
p003185,thesun.ie,prebid.media.net,request,2.6-202606,openrtb.field.undefined,error,imp[0].all,3.2.4
p003185,thesun.ie,prebid.media.net,request,2.6-202606,openrtb.type.mismatch,error,imp[0].banner,3.2.4
p003185,thesun.ie,prebid.media.net,request,2.6-202606,openrtb.field.undefined,error,imp[0].bidfloors,3.2.4
p003185,thesun.ie,prebid.media.net,request,2.6-202606,openrtb.field.undefined,error,imp[0].ortb2Imp,3.2.4
p003185,thesun.ie,prebid.media.net,request,2.6-202606,openrtb.field.undefined,error,imp[1].all,3.2.4
p003185,thesun.ie,prebid.media.net,request,2.6-202606,openrtb.type.mismatch,error,imp[1].banner,3.2.4
p003185,thesun.ie,prebid.media.net,request,2.6-202606,openrtb.field.undefined,error,imp[1].bidfloors,3.2.4
p003185,thesun.ie,prebid.media.net,request,2.6-202606,openrtb.field.undefined,error,imp[1].ortb2Imp,3.2.4
p003185,thesun.ie,prebid.media.net,request,2.6-202606,openrtb.field.undefined,error,ortb2,3.2.1
p003185,thesun.ie,prebid.media.net,request,2.6-202606,openrtb.field.undefined,error,site.canonical_url,3.2.13
p003185,thesun.ie,prebid.media.net,request,2.6-202606,openrtb.field.undefined,error,site.isTop,3.2.13
p003185,thesun.ie,prebid.media.net,request,2.6-202606,openrtb.field.undefined,error,site.topMostLocation,3.2.13
p003186,thesun.ie,prebid.media.net,request,2.6-202606,openrtb.type.mismatch,error,id,3.2.1
p003186,thesun.ie,prebid.media.net,request,2.6-202606,openrtb.field.undefined,error,imp[0].all,3.2.4
p003186,thesun.ie,prebid.media.net,request,2.6-202606,openrtb.field.undefined,error,imp[0].bidfloors,3.2.4
p003186,thesun.ie,prebid.media.net,request,2.6-202606,openrtb.field.undefined,error,imp[0].ortb2Imp,3.2.4
p003186,thesun.ie,prebid.media.net,request,2.6-202606,openrtb.field.undefined,error,imp[0].video.context,3.2.7
p003186,thesun.ie,prebid.media.net,request,2.6-202606,openrtb.field.deprecated,warning,imp[0].video.placement,Section 3.2.7
p003186,thesun.ie,prebid.media.net,request,2.6-202606,openrtb.field.undefined,error,imp[0].video.playerSize,3.2.7
p003186,thesun.ie,prebid.media.net,request,2.6-202606,openrtb.field.undefined,error,ortb2,3.2.1
p003186,thesun.ie,prebid.media.net,request,2.6-202606,openrtb.field.undefined,error,site.canonical_url,3.2.13
p003186,thesun.ie,prebid.media.net,request,2.6-202606,openrtb.field.undefined,error,site.isTop,3.2.13
p003186,thesun.ie,prebid.media.net,request,2.6-202606,openrtb.field.undefined,error,site.topMostLocation,3.2.13
p003187,thesun.ie,prebid.media.net,request,2.6-202606,openrtb.type.mismatch,error,id,3.2.1
p003187,thesun.ie,prebid.media.net,request,2.6-202606,openrtb.field.undefined,error,imp[0].all,3.2.4
p003187,thesun.ie,prebid.media.net,request,2.6-202606,openrtb.type.mismatch,error,imp[0].banner,3.2.4
p003187,thesun.ie,prebid.media.net,request,2.6-202606,openrtb.field.undefined,error,imp[0].bidfloors,3.2.4
p003187,thesun.ie,prebid.media.net,request,2.6-202606,openrtb.field.undefined,error,imp[0].ortb2Imp,3.2.4
p003187,thesun.ie,prebid.media.net,request,2.6-202606,openrtb.field.undefined,error,imp[1].all,3.2.4
p003187,thesun.ie,prebid.media.net,request,2.6-202606,openrtb.type.mismatch,error,imp[1].banner,3.2.4
p003187,thesun.ie,prebid.media.net,request,2.6-202606,openrtb.field.undefined,error,imp[1].bidfloors,3.2.4
p003187,thesun.ie,prebid.media.net,request,2.6-202606,openrtb.field.undefined,error,imp[1].ortb2Imp,3.2.4
p003187,thesun.ie,prebid.media.net,request,2.6-202606,openrtb.field.undefined,error,ortb2,3.2.1
p003187,thesun.ie,prebid.media.net,request,2.6-202606,openrtb.field.undefined,error,site.canonical_url,3.2.13
p003187,thesun.ie,prebid.media.net,request,2.6-202606,openrtb.field.undefined,error,site.isTop,3.2.13
p003187,thesun.ie,prebid.media.net,request,2.6-202606,openrtb.field.undefined,error,site.topMostLocation,3.2.13
p003188,tio.ch,prebid.media.net,request,2.6-202606,openrtb.field.undefined,error,imp[0].all,3.2.4
p003188,tio.ch,prebid.media.net,request,2.6-202606,openrtb.field.undefined,error,imp[0].bidfloors,3.2.4
p003188,tio.ch,prebid.media.net,request,2.6-202606,openrtb.field.undefined,error,imp[0].ortb2Imp,3.2.4
p003188,tio.ch,prebid.media.net,request,2.6-202606,openrtb.field.undefined,error,imp[0].transactionId,3.2.4
p003188,tio.ch,prebid.media.net,request,2.6-202606,openrtb.field.undefined,error,imp[0].video.context,3.2.7
p003188,tio.ch,prebid.media.net,request,2.6-202606,openrtb.field.deprecated,warning,imp[0].video.placement,Section 3.2.7
p003188,tio.ch,prebid.media.net,request,2.6-202606,openrtb.field.undefined,error,imp[0].video.playerSize,3.2.7
p003188,tio.ch,prebid.media.net,request,2.6-202606,openrtb.value.invalid,error,imp[0].video.skip,3.2.7
p003188,tio.ch,prebid.media.net,request,2.6-202606,openrtb.field.undefined,error,imp[0].video.video,3.2.7
p003188,tio.ch,prebid.media.net,request,2.6-202606,openrtb.field.undefined,error,ortb2,3.2.1
p003188,tio.ch,prebid.media.net,request,2.6-202606,openrtb.field.undefined,error,site.canonical_url,3.2.13
p003188,tio.ch,prebid.media.net,request,2.6-202606,openrtb.field.undefined,error,site.isTop,3.2.13
p003188,tio.ch,prebid.media.net,request,2.6-202606,openrtb.field.undefined,error,site.topMostLocation,3.2.13
p003189,tio.ch,prebid.media.net,request,2.6-202606,openrtb.field.undefined,error,imp[0].all,3.2.4
p003189,tio.ch,prebid.media.net,request,2.6-202606,openrtb.type.mismatch,error,imp[0].banner,3.2.4
p003189,tio.ch,prebid.media.net,request,2.6-202606,openrtb.field.undefined,error,imp[0].bidfloors,3.2.4
p003189,tio.ch,prebid.media.net,request,2.6-202606,openrtb.field.undefined,error,imp[0].ortb2Imp,3.2.4
p003189,tio.ch,prebid.media.net,request,2.6-202606,openrtb.field.undefined,error,imp[0].transactionId,3.2.4
p003189,tio.ch,prebid.media.net,request,2.6-202606,openrtb.field.undefined,error,ortb2,3.2.1
p003189,tio.ch,prebid.media.net,request,2.6-202606,openrtb.field.undefined,error,site.canonical_url,3.2.13
p003189,tio.ch,prebid.media.net,request,2.6-202606,openrtb.field.undefined,error,site.isTop,3.2.13
p003189,tio.ch,prebid.media.net,request,2.6-202606,openrtb.field.undefined,error,site.topMostLocation,3.2.13
p003190,tio.ch,prebid.media.net,request,2.6-202606,openrtb.field.undefined,error,imp[0].all,3.2.4
p003190,tio.ch,prebid.media.net,request,2.6-202606,openrtb.type.mismatch,error,imp[0].banner,3.2.4
p003190,tio.ch,prebid.media.net,request,2.6-202606,openrtb.field.undefined,error,imp[0].bidfloors,3.2.4
p003190,tio.ch,prebid.media.net,request,2.6-202606,openrtb.field.undefined,error,imp[0].ortb2Imp,3.2.4
p003190,tio.ch,prebid.media.net,request,2.6-202606,openrtb.field.undefined,error,imp[0].transactionId,3.2.4
p003190,tio.ch,prebid.media.net,request,2.6-202606,openrtb.field.undefined,error,ortb2,3.2.1
p003190,tio.ch,prebid.media.net,request,2.6-202606,openrtb.field.undefined,error,site.canonical_url,3.2.13
p003190,tio.ch,prebid.media.net,request,2.6-202606,openrtb.field.undefined,error,site.isTop,3.2.13
p003190,tio.ch,prebid.media.net,request,2.6-202606,openrtb.field.undefined,error,site.topMostLocation,3.2.13
p003191,tio.ch,prebid.media.net,request,2.6-202606,openrtb.field.undefined,error,imp[0].all,3.2.4
p003191,tio.ch,prebid.media.net,request,2.6-202606,openrtb.type.mismatch,error,imp[0].banner,3.2.4
p003191,tio.ch,prebid.media.net,request,2.6-202606,openrtb.field.undefined,error,imp[0].bidfloors,3.2.4
p003191,tio.ch,prebid.media.net,request,2.6-202606,openrtb.field.undefined,error,imp[0].ortb2Imp,3.2.4
p003191,tio.ch,prebid.media.net,request,2.6-202606,openrtb.field.undefined,error,imp[0].transactionId,3.2.4
p003191,tio.ch,prebid.media.net,request,2.6-202606,openrtb.field.undefined,error,ortb2,3.2.1
p003191,tio.ch,prebid.media.net,request,2.6-202606,openrtb.field.undefined,error,site.canonical_url,3.2.13
p003191,tio.ch,prebid.media.net,request,2.6-202606,openrtb.field.undefined,error,site.isTop,3.2.13
p003191,tio.ch,prebid.media.net,request,2.6-202606,openrtb.field.undefined,error,site.topMostLocation,3.2.13
p003192,tio.ch,prebid.media.net,request,2.6-202606,openrtb.field.undefined,error,imp[0].all,3.2.4
p003192,tio.ch,prebid.media.net,request,2.6-202606,openrtb.type.mismatch,error,imp[0].banner,3.2.4
p003192,tio.ch,prebid.media.net,request,2.6-202606,openrtb.field.undefined,error,imp[0].bidfloors,3.2.4
p003192,tio.ch,prebid.media.net,request,2.6-202606,openrtb.field.undefined,error,imp[0].ortb2Imp,3.2.4
p003192,tio.ch,prebid.media.net,request,2.6-202606,openrtb.field.undefined,error,imp[0].transactionId,3.2.4
p003192,tio.ch,prebid.media.net,request,2.6-202606,openrtb.field.undefined,error,ortb2,3.2.1
p003192,tio.ch,prebid.media.net,request,2.6-202606,openrtb.field.undefined,error,site.canonical_url,3.2.13
p003192,tio.ch,prebid.media.net,request,2.6-202606,openrtb.field.undefined,error,site.isTop,3.2.13
p003192,tio.ch,prebid.media.net,request,2.6-202606,openrtb.field.undefined,error,site.topMostLocation,3.2.13
p003193,tio.ch,prebid.media.net,request,2.6-202606,openrtb.field.undefined,error,imp[0].all,3.2.4
p003193,tio.ch,prebid.media.net,request,2.6-202606,openrtb.type.mismatch,error,imp[0].banner,3.2.4
p003193,tio.ch,prebid.media.net,request,2.6-202606,openrtb.field.undefined,error,imp[0].bidfloors,3.2.4
p003193,tio.ch,prebid.media.net,request,2.6-202606,openrtb.field.undefined,error,imp[0].ortb2Imp,3.2.4
p003193,tio.ch,prebid.media.net,request,2.6-202606,openrtb.field.undefined,error,imp[0].transactionId,3.2.4
p003193,tio.ch,prebid.media.net,request,2.6-202606,openrtb.field.undefined,error,ortb2,3.2.1
p003193,tio.ch,prebid.media.net,request,2.6-202606,openrtb.field.undefined,error,site.canonical_url,3.2.13
p003193,tio.ch,prebid.media.net,request,2.6-202606,openrtb.field.undefined,error,site.isTop,3.2.13
p003193,tio.ch,prebid.media.net,request,2.6-202606,openrtb.field.undefined,error,site.topMostLocation,3.2.13
p003194,tio.ch,prebid.media.net,request,2.6-202606,openrtb.field.undefined,error,imp[0].all,3.2.4
p003194,tio.ch,prebid.media.net,request,2.6-202606,openrtb.type.mismatch,error,imp[0].banner,3.2.4
p003194,tio.ch,prebid.media.net,request,2.6-202606,openrtb.field.undefined,error,imp[0].bidfloors,3.2.4
p003194,tio.ch,prebid.media.net,request,2.6-202606,openrtb.field.undefined,error,imp[0].ortb2Imp,3.2.4
p003194,tio.ch,prebid.media.net,request,2.6-202606,openrtb.field.undefined,error,imp[0].transactionId,3.2.4
p003194,tio.ch,prebid.media.net,request,2.6-202606,openrtb.field.undefined,error,ortb2,3.2.1
p003194,tio.ch,prebid.media.net,request,2.6-202606,openrtb.field.undefined,error,site.canonical_url,3.2.13
p003194,tio.ch,prebid.media.net,request,2.6-202606,openrtb.field.undefined,error,site.isTop,3.2.13
p003194,tio.ch,prebid.media.net,request,2.6-202606,openrtb.field.undefined,error,site.topMostLocation,3.2.13
p003195,upi.com,prebid.media.net,request,2.6-202606,openrtb.field.undefined,error,imp[0].all,3.2.4
p003195,upi.com,prebid.media.net,request,2.6-202606,openrtb.type.mismatch,error,imp[0].banner,3.2.4
p003195,upi.com,prebid.media.net,request,2.6-202606,openrtb.field.undefined,error,imp[0].ortb2Imp,3.2.4
p003195,upi.com,prebid.media.net,request,2.6-202606,openrtb.field.undefined,error,imp[0].transactionId,3.2.4
p003195,upi.com,prebid.media.net,request,2.6-202606,openrtb.field.undefined,error,imp[1].all,3.2.4
p003195,upi.com,prebid.media.net,request,2.6-202606,openrtb.type.mismatch,error,imp[1].banner,3.2.4
p003195,upi.com,prebid.media.net,request,2.6-202606,openrtb.field.undefined,error,imp[1].ortb2Imp,3.2.4
p003195,upi.com,prebid.media.net,request,2.6-202606,openrtb.field.undefined,error,imp[1].transactionId,3.2.4
p003195,upi.com,prebid.media.net,request,2.6-202606,openrtb.field.undefined,error,imp[2].all,3.2.4
p003195,upi.com,prebid.media.net,request,2.6-202606,openrtb.type.mismatch,error,imp[2].banner,3.2.4
p003195,upi.com,prebid.media.net,request,2.6-202606,openrtb.field.undefined,error,imp[2].ortb2Imp,3.2.4
p003195,upi.com,prebid.media.net,request,2.6-202606,openrtb.field.undefined,error,imp[2].transactionId,3.2.4
p003195,upi.com,prebid.media.net,request,2.6-202606,openrtb.field.undefined,error,imp[3].all,3.2.4
p003195,upi.com,prebid.media.net,request,2.6-202606,openrtb.type.mismatch,error,imp[3].banner,3.2.4
p003195,upi.com,prebid.media.net,request,2.6-202606,openrtb.field.undefined,error,imp[3].ortb2Imp,3.2.4
p003195,upi.com,prebid.media.net,request,2.6-202606,openrtb.field.undefined,error,imp[3].transactionId,3.2.4
p003195,upi.com,prebid.media.net,request,2.6-202606,openrtb.field.undefined,error,imp[4].all,3.2.4
p003195,upi.com,prebid.media.net,request,2.6-202606,openrtb.type.mismatch,error,imp[4].banner,3.2.4
p003195,upi.com,prebid.media.net,request,2.6-202606,openrtb.field.undefined,error,imp[4].ortb2Imp,3.2.4
p003195,upi.com,prebid.media.net,request,2.6-202606,openrtb.field.undefined,error,imp[4].transactionId,3.2.4
p003195,upi.com,prebid.media.net,request,2.6-202606,openrtb.field.undefined,error,imp[5].all,3.2.4
p003195,upi.com,prebid.media.net,request,2.6-202606,openrtb.type.mismatch,error,imp[5].banner,3.2.4
p003195,upi.com,prebid.media.net,request,2.6-202606,openrtb.field.undefined,error,imp[5].ortb2Imp,3.2.4
p003195,upi.com,prebid.media.net,request,2.6-202606,openrtb.field.undefined,error,imp[5].transactionId,3.2.4
p003195,upi.com,prebid.media.net,request,2.6-202606,openrtb.field.undefined,error,imp[6].all,3.2.4
p003195,upi.com,prebid.media.net,request,2.6-202606,openrtb.type.mismatch,error,imp[6].banner,3.2.4
p003195,upi.com,prebid.media.net,request,2.6-202606,openrtb.field.undefined,error,imp[6].ortb2Imp,3.2.4
p003195,upi.com,prebid.media.net,request,2.6-202606,openrtb.field.undefined,error,imp[6].transactionId,3.2.4
p003195,upi.com,prebid.media.net,request,2.6-202606,openrtb.field.undefined,error,ortb2,3.2.1
p003195,upi.com,prebid.media.net,request,2.6-202606,openrtb.field.undefined,error,site.isTop,3.2.13
p003195,upi.com,prebid.media.net,request,2.6-202606,openrtb.field.undefined,error,site.topMostLocation,3.2.13
p003196,urbandictionary.com,prebid.media.net,request,2.6-202606,openrtb.field.undefined,error,imp[0].all,3.2.4
p003196,urbandictionary.com,prebid.media.net,request,2.6-202606,openrtb.type.mismatch,error,imp[0].banner,3.2.4
p003196,urbandictionary.com,prebid.media.net,request,2.6-202606,openrtb.field.undefined,error,imp[0].ortb2Imp,3.2.4
p003196,urbandictionary.com,prebid.media.net,request,2.6-202606,openrtb.field.undefined,error,imp[0].transactionId,3.2.4
p003196,urbandictionary.com,prebid.media.net,request,2.6-202606,openrtb.field.undefined,error,imp[1].all,3.2.4
p003196,urbandictionary.com,prebid.media.net,request,2.6-202606,openrtb.type.mismatch,error,imp[1].banner,3.2.4
p003196,urbandictionary.com,prebid.media.net,request,2.6-202606,openrtb.field.undefined,error,imp[1].ortb2Imp,3.2.4
p003196,urbandictionary.com,prebid.media.net,request,2.6-202606,openrtb.field.undefined,error,imp[1].transactionId,3.2.4
p003196,urbandictionary.com,prebid.media.net,request,2.6-202606,openrtb.field.undefined,error,imp[2].all,3.2.4
p003196,urbandictionary.com,prebid.media.net,request,2.6-202606,openrtb.type.mismatch,error,imp[2].banner,3.2.4
p003196,urbandictionary.com,prebid.media.net,request,2.6-202606,openrtb.field.undefined,error,imp[2].ortb2Imp,3.2.4
p003196,urbandictionary.com,prebid.media.net,request,2.6-202606,openrtb.field.undefined,error,imp[2].transactionId,3.2.4
p003196,urbandictionary.com,prebid.media.net,request,2.6-202606,openrtb.field.undefined,error,imp[3].all,3.2.4
p003196,urbandictionary.com,prebid.media.net,request,2.6-202606,openrtb.type.mismatch,error,imp[3].banner,3.2.4
p003196,urbandictionary.com,prebid.media.net,request,2.6-202606,openrtb.field.undefined,error,imp[3].ortb2Imp,3.2.4
p003196,urbandictionary.com,prebid.media.net,request,2.6-202606,openrtb.field.undefined,error,imp[3].transactionId,3.2.4
p003196,urbandictionary.com,prebid.media.net,request,2.6-202606,openrtb.field.undefined,error,ortb2,3.2.1
p003196,urbandictionary.com,prebid.media.net,request,2.6-202606,openrtb.field.undefined,error,site.canonical_url,3.2.13
p003196,urbandictionary.com,prebid.media.net,request,2.6-202606,openrtb.field.undefined,error,site.isTop,3.2.13
p003196,urbandictionary.com,prebid.media.net,request,2.6-202606,openrtb.field.undefined,error,site.topMostLocation,3.2.13
p003197,urbandictionary.com,prebid.media.net,request,2.6-202606,openrtb.field.undefined,error,imp[0].all,3.2.4
p003197,urbandictionary.com,prebid.media.net,request,2.6-202606,openrtb.type.mismatch,error,imp[0].banner,3.2.4
p003197,urbandictionary.com,prebid.media.net,request,2.6-202606,openrtb.field.undefined,error,imp[0].ortb2Imp,3.2.4
p003197,urbandictionary.com,prebid.media.net,request,2.6-202606,openrtb.field.undefined,error,imp[0].transactionId,3.2.4
p003197,urbandictionary.com,prebid.media.net,request,2.6-202606,openrtb.field.undefined,error,ortb2,3.2.1
p003197,urbandictionary.com,prebid.media.net,request,2.6-202606,openrtb.field.undefined,error,site.canonical_url,3.2.13
p003197,urbandictionary.com,prebid.media.net,request,2.6-202606,openrtb.field.undefined,error,site.isTop,3.2.13
p003197,urbandictionary.com,prebid.media.net,request,2.6-202606,openrtb.field.undefined,error,site.topMostLocation,3.2.13
p003198,urbandictionary.com,prebid.media.net,request,2.6-202606,openrtb.field.undefined,error,imp[0].all,3.2.4
p003198,urbandictionary.com,prebid.media.net,request,2.6-202606,openrtb.type.mismatch,error,imp[0].banner,3.2.4
p003198,urbandictionary.com,prebid.media.net,request,2.6-202606,openrtb.field.undefined,error,imp[0].ortb2Imp,3.2.4
p003198,urbandictionary.com,prebid.media.net,request,2.6-202606,openrtb.field.undefined,error,imp[0].transactionId,3.2.4
p003198,urbandictionary.com,prebid.media.net,request,2.6-202606,openrtb.field.undefined,error,ortb2,3.2.1
p003198,urbandictionary.com,prebid.media.net,request,2.6-202606,openrtb.field.undefined,error,site.canonical_url,3.2.13
p003198,urbandictionary.com,prebid.media.net,request,2.6-202606,openrtb.field.undefined,error,site.isTop,3.2.13
p003198,urbandictionary.com,prebid.media.net,request,2.6-202606,openrtb.field.undefined,error,site.topMostLocation,3.2.13
p003199,upi.com,prebid.media.net,request,2.6-202606,openrtb.field.undefined,error,imp[0].all,3.2.4
p003199,upi.com,prebid.media.net,request,2.6-202606,openrtb.type.mismatch,error,imp[0].banner,3.2.4
p003199,upi.com,prebid.media.net,request,2.6-202606,openrtb.field.undefined,error,imp[0].ortb2Imp,3.2.4
p003199,upi.com,prebid.media.net,request,2.6-202606,openrtb.field.undefined,error,imp[0].transactionId,3.2.4
p003199,upi.com,prebid.media.net,request,2.6-202606,openrtb.field.undefined,error,imp[1].all,3.2.4
p003199,upi.com,prebid.media.net,request,2.6-202606,openrtb.type.mismatch,error,imp[1].banner,3.2.4
p003199,upi.com,prebid.media.net,request,2.6-202606,openrtb.field.undefined,error,imp[1].ortb2Imp,3.2.4
p003199,upi.com,prebid.media.net,request,2.6-202606,openrtb.field.undefined,error,imp[1].transactionId,3.2.4
p003199,upi.com,prebid.media.net,request,2.6-202606,openrtb.field.undefined,error,imp[2].all,3.2.4
p003199,upi.com,prebid.media.net,request,2.6-202606,openrtb.type.mismatch,error,imp[2].banner,3.2.4
p003199,upi.com,prebid.media.net,request,2.6-202606,openrtb.field.undefined,error,imp[2].ortb2Imp,3.2.4
p003199,upi.com,prebid.media.net,request,2.6-202606,openrtb.field.undefined,error,imp[2].transactionId,3.2.4
p003199,upi.com,prebid.media.net,request,2.6-202606,openrtb.field.undefined,error,imp[3].all,3.2.4
p003199,upi.com,prebid.media.net,request,2.6-202606,openrtb.type.mismatch,error,imp[3].banner,3.2.4
p003199,upi.com,prebid.media.net,request,2.6-202606,openrtb.field.undefined,error,imp[3].ortb2Imp,3.2.4
p003199,upi.com,prebid.media.net,request,2.6-202606,openrtb.field.undefined,error,imp[3].transactionId,3.2.4
p003199,upi.com,prebid.media.net,request,2.6-202606,openrtb.field.undefined,error,ortb2,3.2.1
p003199,upi.com,prebid.media.net,request,2.6-202606,openrtb.field.undefined,error,site.isTop,3.2.13
p003199,upi.com,prebid.media.net,request,2.6-202606,openrtb.field.undefined,error,site.topMostLocation,3.2.13
p003200,vice.com,prebid.media.net,request,2.6-202606,openrtb.field.undefined,error,imp[0].all,3.2.4
p003200,vice.com,prebid.media.net,request,2.6-202606,openrtb.type.mismatch,error,imp[0].banner,3.2.4
p003200,vice.com,prebid.media.net,request,2.6-202606,openrtb.field.undefined,error,imp[0].bidfloors,3.2.4
p003200,vice.com,prebid.media.net,request,2.6-202606,openrtb.field.undefined,error,imp[0].ortb2Imp,3.2.4
p003200,vice.com,prebid.media.net,request,2.6-202606,openrtb.field.undefined,error,imp[0].transactionId,3.2.4
p003200,vice.com,prebid.media.net,request,2.6-202606,openrtb.field.undefined,error,imp[1].all,3.2.4
p003200,vice.com,prebid.media.net,request,2.6-202606,openrtb.type.mismatch,error,imp[1].banner,3.2.4
p003200,vice.com,prebid.media.net,request,2.6-202606,openrtb.field.undefined,error,imp[1].bidfloors,3.2.4
p003200,vice.com,prebid.media.net,request,2.6-202606,openrtb.field.undefined,error,imp[1].ortb2Imp,3.2.4
p003200,vice.com,prebid.media.net,request,2.6-202606,openrtb.field.undefined,error,imp[1].transactionId,3.2.4
p003200,vice.com,prebid.media.net,request,2.6-202606,openrtb.field.undefined,error,imp[2].all,3.2.4
p003200,vice.com,prebid.media.net,request,2.6-202606,openrtb.type.mismatch,error,imp[2].banner,3.2.4
p003200,vice.com,prebid.media.net,request,2.6-202606,openrtb.field.undefined,error,imp[2].bidfloors,3.2.4
p003200,vice.com,prebid.media.net,request,2.6-202606,openrtb.field.undefined,error,imp[2].ortb2Imp,3.2.4
p003200,vice.com,prebid.media.net,request,2.6-202606,openrtb.field.undefined,error,imp[2].transactionId,3.2.4
p003200,vice.com,prebid.media.net,request,2.6-202606,openrtb.field.undefined,error,ortb2,3.2.1
p003200,vice.com,prebid.media.net,request,2.6-202606,openrtb.field.undefined,error,site.canonical_url,3.2.13
p003200,vice.com,prebid.media.net,request,2.6-202606,openrtb.field.undefined,error,site.isTop,3.2.13
p003200,vice.com,prebid.media.net,request,2.6-202606,openrtb.field.undefined,error,site.topMostLocation,3.2.13
p003201,vice.com,prebid.media.net,request,2.6-202606,openrtb.field.undefined,error,imp[0].all,3.2.4
p003201,vice.com,prebid.media.net,request,2.6-202606,openrtb.type.mismatch,error,imp[0].banner,3.2.4
p003201,vice.com,prebid.media.net,request,2.6-202606,openrtb.field.undefined,error,imp[0].bidfloors,3.2.4
p003201,vice.com,prebid.media.net,request,2.6-202606,openrtb.field.undefined,error,imp[0].ortb2Imp,3.2.4
p003201,vice.com,prebid.media.net,request,2.6-202606,openrtb.field.undefined,error,imp[0].transactionId,3.2.4
p003201,vice.com,prebid.media.net,request,2.6-202606,openrtb.field.undefined,error,imp[1].all,3.2.4
p003201,vice.com,prebid.media.net,request,2.6-202606,openrtb.type.mismatch,error,imp[1].banner,3.2.4
p003201,vice.com,prebid.media.net,request,2.6-202606,openrtb.field.undefined,error,imp[1].bidfloors,3.2.4
p003201,vice.com,prebid.media.net,request,2.6-202606,openrtb.field.undefined,error,imp[1].ortb2Imp,3.2.4
p003201,vice.com,prebid.media.net,request,2.6-202606,openrtb.field.undefined,error,imp[1].transactionId,3.2.4
p003201,vice.com,prebid.media.net,request,2.6-202606,openrtb.field.undefined,error,ortb2,3.2.1
p003201,vice.com,prebid.media.net,request,2.6-202606,openrtb.field.undefined,error,site.canonical_url,3.2.13
p003201,vice.com,prebid.media.net,request,2.6-202606,openrtb.field.undefined,error,site.isTop,3.2.13
p003201,vice.com,prebid.media.net,request,2.6-202606,openrtb.field.undefined,error,site.topMostLocation,3.2.13
p003204,cupofjo.com,prebid.production.adthrive.com,request,2.6-202606,openrtb.field.deprecated,warning,imp[0].video.placement,Section 3.2.7
p003204,cupofjo.com,prebid.production.adthrive.com,request,2.6-202606,openrtb.value.invalid,error,imp[0].video.skip,3.2.7
p003207,halfbakedharvest.com,prebid.production.adthrive.com,request,2.6-202606,openrtb.field.deprecated,warning,imp[0].video.placement,Section 3.2.7
p003207,halfbakedharvest.com,prebid.production.adthrive.com,request,2.6-202606,openrtb.value.invalid,error,imp[0].video.skip,3.2.7
p003208,halfbakedharvest.com,prebid.production.adthrive.com,request,2.6-202606,openrtb.field.deprecated,warning,imp[1].video.placement,Section 3.2.7
p003208,halfbakedharvest.com,prebid.production.adthrive.com,request,2.6-202606,openrtb.value.invalid,error,imp[1].video.skip,3.2.7
p003208,halfbakedharvest.com,prebid.production.adthrive.com,request,2.6-202606,openrtb.field.deprecated,warning,imp[3].video.placement,Section 3.2.7
p003208,halfbakedharvest.com,prebid.production.adthrive.com,request,2.6-202606,openrtb.value.invalid,error,imp[3].video.skip,3.2.7
p003212,halfbakedharvest.com,prebid.production.adthrive.com,request,2.6-202606,openrtb.field.deprecated,warning,imp[0].video.placement,Section 3.2.7
p003212,halfbakedharvest.com,prebid.production.adthrive.com,request,2.6-202606,openrtb.value.invalid,error,imp[0].video.skip,3.2.7
p003213,halfbakedharvest.com,prebid.production.adthrive.com,request,2.6-202606,openrtb.field.deprecated,warning,imp[0].video.placement,Section 3.2.7
p003213,halfbakedharvest.com,prebid.production.adthrive.com,request,2.6-202606,openrtb.value.invalid,error,imp[0].video.skip,3.2.7
p003217,ranker.com,prebid.production.adthrive.com,request,2.6-202606,openrtb.field.deprecated,warning,imp[1].video.placement,Section 3.2.7
p003217,ranker.com,prebid.production.adthrive.com,request,2.6-202606,openrtb.value.invalid,error,imp[1].video.skip,3.2.7
p003217,ranker.com,prebid.production.adthrive.com,request,2.6-202606,openrtb.field.deprecated,warning,imp[3].video.placement,Section 3.2.7
p003217,ranker.com,prebid.production.adthrive.com,request,2.6-202606,openrtb.value.invalid,error,imp[3].video.skip,3.2.7
p003220,ranker.com,prebid.production.adthrive.com,request,2.6-202606,openrtb.field.deprecated,warning,imp[0].video.placement,Section 3.2.7
p003220,ranker.com,prebid.production.adthrive.com,request,2.6-202606,openrtb.value.invalid,error,imp[0].video.skip,3.2.7
p003221,ranker.com,prebid.production.adthrive.com,request,2.6-202606,openrtb.field.deprecated,warning,imp[0].video.placement,Section 3.2.7
p003221,ranker.com,prebid.production.adthrive.com,request,2.6-202606,openrtb.value.invalid,error,imp[0].video.skip,3.2.7
p003222,ranker.com,prebid.production.adthrive.com,request,2.6-202606,openrtb.field.deprecated,warning,imp[0].video.placement,Section 3.2.7
p003222,ranker.com,prebid.production.adthrive.com,request,2.6-202606,openrtb.value.invalid,error,imp[0].video.skip,3.2.7
p003223,ranker.com,prebid.production.adthrive.com,request,2.6-202606,openrtb.field.deprecated,warning,imp[0].video.placement,Section 3.2.7
p003223,ranker.com,prebid.production.adthrive.com,request,2.6-202606,openrtb.value.invalid,error,imp[0].video.skip,3.2.7
p003229,salon.com,prebid.production.adthrive.com,request,2.6-202606,openrtb.field.deprecated,warning,imp[0].video.placement,Section 3.2.7
p003229,salon.com,prebid.production.adthrive.com,request,2.6-202606,openrtb.value.invalid,error,imp[0].video.skip,3.2.7
p003231,salon.com,prebid.production.adthrive.com,request,2.6-202606,openrtb.field.deprecated,warning,imp[0].video.placement,Section 3.2.7
p003231,salon.com,prebid.production.adthrive.com,request,2.6-202606,openrtb.value.invalid,error,imp[0].video.skip,3.2.7
p003232,salon.com,prebid.production.adthrive.com,request,2.6-202606,openrtb.field.deprecated,warning,imp[1].video.placement,Section 3.2.7
p003232,salon.com,prebid.production.adthrive.com,request,2.6-202606,openrtb.value.invalid,error,imp[1].video.skip,3.2.7
p003232,salon.com,prebid.production.adthrive.com,request,2.6-202606,openrtb.field.deprecated,warning,imp[3].video.placement,Section 3.2.7
p003232,salon.com,prebid.production.adthrive.com,request,2.6-202606,openrtb.value.invalid,error,imp[3].video.skip,3.2.7
p003238,salon.com,prebid.production.adthrive.com,request,2.6-202606,openrtb.field.deprecated,warning,imp[0].video.placement,Section 3.2.7
p003238,salon.com,prebid.production.adthrive.com,request,2.6-202606,openrtb.value.invalid,error,imp[0].video.skip,3.2.7
p003239,salon.com,prebid.production.adthrive.com,request,2.6-202606,openrtb.field.deprecated,warning,imp[0].video.placement,Section 3.2.7
p003239,salon.com,prebid.production.adthrive.com,request,2.6-202606,openrtb.value.invalid,error,imp[0].video.skip,3.2.7
p003240,salon.com,prebid.production.adthrive.com,request,2.6-202606,openrtb.field.deprecated,warning,imp[0].video.placement,Section 3.2.7
p003240,salon.com,prebid.production.adthrive.com,request,2.6-202606,openrtb.value.invalid,error,imp[0].video.skip,3.2.7
p003242,webdesignerdepot.com,prebid.production.adthrive.com,request,2.6-202606,openrtb.field.deprecated,warning,imp[0].video.placement,Section 3.2.7
p003242,webdesignerdepot.com,prebid.production.adthrive.com,request,2.6-202606,openrtb.value.invalid,error,imp[0].video.skip,3.2.7
p003243,webdesignerdepot.com,prebid.production.adthrive.com,request,2.6-202606,openrtb.field.deprecated,warning,imp[1].video.placement,Section 3.2.7
p003243,webdesignerdepot.com,prebid.production.adthrive.com,request,2.6-202606,openrtb.value.invalid,error,imp[1].video.skip,3.2.7
p003245,webdesignerdepot.com,prebid.production.adthrive.com,request,2.6-202606,openrtb.field.deprecated,warning,imp[0].video.placement,Section 3.2.7
p003245,webdesignerdepot.com,prebid.production.adthrive.com,request,2.6-202606,openrtb.value.invalid,error,imp[0].video.skip,3.2.7
p003246,webdesignerdepot.com,prebid.production.adthrive.com,request,2.6-202606,openrtb.field.deprecated,warning,imp[0].video.placement,Section 3.2.7
p003246,webdesignerdepot.com,prebid.production.adthrive.com,request,2.6-202606,openrtb.value.invalid,error,imp[0].video.skip,3.2.7
p003247,webdesignerdepot.com,prebid.production.adthrive.com,request,2.6-202606,openrtb.field.deprecated,warning,imp[0].video.placement,Section 3.2.7
p003247,webdesignerdepot.com,prebid.production.adthrive.com,request,2.6-202606,openrtb.value.invalid,error,imp[0].video.skip,3.2.7
p003248,webdesignerdepot.com,prebid.production.adthrive.com,request,2.6-202606,openrtb.field.deprecated,warning,imp[0].video.placement,Section 3.2.7
p003248,webdesignerdepot.com,prebid.production.adthrive.com,request,2.6-202606,openrtb.value.invalid,error,imp[0].video.skip,3.2.7
p003251,webdesignerdepot.com,prebid.production.adthrive.com,request,2.6-202606,openrtb.field.deprecated,warning,imp[0].video.placement,Section 3.2.7
p003251,webdesignerdepot.com,prebid.production.adthrive.com,request,2.6-202606,openrtb.value.invalid,error,imp[0].video.skip,3.2.7
p003253,webdesignerdepot.com,prebid.production.adthrive.com,request,2.6-202606,openrtb.field.deprecated,warning,imp[1].video.placement,Section 3.2.7
p003253,webdesignerdepot.com,prebid.production.adthrive.com,request,2.6-202606,openrtb.value.invalid,error,imp[1].video.skip,3.2.7
p003255,webdesignerdepot.com,prebid.production.adthrive.com,request,2.6-202606,openrtb.field.deprecated,warning,imp[1].video.placement,Section 3.2.7
p003255,webdesignerdepot.com,prebid.production.adthrive.com,request,2.6-202606,openrtb.value.invalid,error,imp[1].video.skip,3.2.7
p003256,webdesignerdepot.com,prebid.production.adthrive.com,request,2.6-202606,openrtb.field.deprecated,warning,imp[0].video.placement,Section 3.2.7
p003256,webdesignerdepot.com,prebid.production.adthrive.com,request,2.6-202606,openrtb.value.invalid,error,imp[0].video.skip,3.2.7
p003257,webdesignerdepot.com,prebid.production.adthrive.com,request,2.6-202606,openrtb.field.deprecated,warning,imp[0].video.placement,Section 3.2.7
p003257,webdesignerdepot.com,prebid.production.adthrive.com,request,2.6-202606,openrtb.value.invalid,error,imp[0].video.skip,3.2.7
p003258,webdesignerdepot.com,prebid.production.adthrive.com,request,2.6-202606,openrtb.field.deprecated,warning,imp[0].video.placement,Section 3.2.7
p003258,webdesignerdepot.com,prebid.production.adthrive.com,request,2.6-202606,openrtb.value.invalid,error,imp[0].video.skip,3.2.7
p003259,webdesignerdepot.com,prebid.production.adthrive.com,request,2.6-202606,openrtb.field.deprecated,warning,imp[0].video.placement,Section 3.2.7
p003259,webdesignerdepot.com,prebid.production.adthrive.com,request,2.6-202606,openrtb.value.invalid,error,imp[0].video.skip,3.2.7
p003260,cupofjo.com,prebid.production.adthrive.com,response,2.6-202606,openrtb.bid.mtype_missing,warning,seatbid[1].bid[0].mtype,4.2.3
p003261,cupofjo.com,prebid.production.adthrive.com,response,2.6-202606,openrtb.bid.mtype_missing,warning,seatbid[0].bid[0].mtype,4.2.3
p003261,cupofjo.com,prebid.production.adthrive.com,response,2.6-202606,openrtb.bid.mtype_missing,warning,seatbid[1].bid[0].mtype,4.2.3
p003262,cupofjo.com,prebid.production.adthrive.com,response,2.6-202606,openrtb.bid.mtype_missing,warning,seatbid[1].bid[0].mtype,4.2.3
p003262,cupofjo.com,prebid.production.adthrive.com,response,2.6-202606,openrtb.bid.mtype_missing,warning,seatbid[2].bid[0].mtype,4.2.3
p003263,halfbakedharvest.com,prebid.production.adthrive.com,response,2.6-202606,openrtb.bid.mtype_missing,warning,seatbid[0].bid[0].mtype,4.2.3
p003265,halfbakedharvest.com,prebid.production.adthrive.com,response,2.6-202606,openrtb.bid.mtype_missing,warning,seatbid[0].bid[0].mtype,4.2.3
p003265,halfbakedharvest.com,prebid.production.adthrive.com,response,2.6-202606,openrtb.bid.mtype_missing,warning,seatbid[0].bid[1].mtype,4.2.3
p003265,halfbakedharvest.com,prebid.production.adthrive.com,response,2.6-202606,openrtb.bid.mtype_missing,warning,seatbid[0].bid[2].mtype,4.2.3
p003265,halfbakedharvest.com,prebid.production.adthrive.com,response,2.6-202606,openrtb.bid.mtype_missing,warning,seatbid[1].bid[0].mtype,4.2.3
p003269,halfbakedharvest.com,prebid.production.adthrive.com,response,2.6-202606,openrtb.bid.mtype_missing,warning,seatbid[0].bid[0].mtype,4.2.3
p003270,halfbakedharvest.com,prebid.production.adthrive.com,response,2.6-202606,openrtb.bid.mtype_missing,warning,seatbid[0].bid[0].mtype,4.2.3
p003270,halfbakedharvest.com,prebid.production.adthrive.com,response,2.6-202606,openrtb.bid.mtype_missing,warning,seatbid[0].bid[1].mtype,4.2.3
p003270,halfbakedharvest.com,prebid.production.adthrive.com,response,2.6-202606,openrtb.bid.mtype_missing,warning,seatbid[0].bid[2].mtype,4.2.3
p003270,halfbakedharvest.com,prebid.production.adthrive.com,response,2.6-202606,openrtb.bid.mtype_missing,warning,seatbid[0].bid[3].mtype,4.2.3
p003270,halfbakedharvest.com,prebid.production.adthrive.com,response,2.6-202606,openrtb.bid.mtype_missing,warning,seatbid[1].bid[0].mtype,4.2.3
p003270,halfbakedharvest.com,prebid.production.adthrive.com,response,2.6-202606,openrtb.bid.mtype_missing,warning,seatbid[2].bid[0].mtype,4.2.3
p003271,halfbakedharvest.com,prebid.production.adthrive.com,response,2.6-202606,openrtb.bid.mtype_missing,warning,seatbid[0].bid[0].mtype,4.2.3
p003271,halfbakedharvest.com,prebid.production.adthrive.com,response,2.6-202606,openrtb.bid.mtype_missing,warning,seatbid[1].bid[0].mtype,4.2.3
p003274,ranker.com,prebid.production.adthrive.com,response,2.6-202606,openrtb.bid.mtype_missing,warning,seatbid[0].bid[0].mtype,4.2.3
p003282,salon.com,prebid.production.adthrive.com,response,2.6-202606,openrtb.bid.mtype_missing,warning,seatbid[0].bid[0].mtype,4.2.3
p003285,salon.com,prebid.production.adthrive.com,response,2.6-202606,openrtb.bid.mtype_missing,warning,seatbid[0].bid[0].mtype,4.2.3
p003287,salon.com,prebid.production.adthrive.com,response,2.6-202606,openrtb.bid.mtype_missing,warning,seatbid[0].bid[0].mtype,4.2.3
p003309,webdesignerdepot.com,prebid.production.adthrive.com,response,2.6-202606,openrtb.bid.mtype_missing,warning,seatbid[0].bid[0].mtype,4.2.3
p003318,liga.net,prebid.setupad.io,request,2.6-202606,openrtb.field.undefined,error,setupad,3.2.1
p003323,urbandictionary.com,prebid.trustedstack.com,request,2.6-202606,openrtb.field.undefined,error,imp[0].all,3.2.4
p003323,urbandictionary.com,prebid.trustedstack.com,request,2.6-202606,openrtb.type.mismatch,error,imp[0].banner,3.2.4
p003323,urbandictionary.com,prebid.trustedstack.com,request,2.6-202606,openrtb.field.undefined,error,imp[0].ortb2Imp,3.2.4
p003323,urbandictionary.com,prebid.trustedstack.com,request,2.6-202606,openrtb.field.undefined,error,imp[0].transactionId,3.2.4
p003323,urbandictionary.com,prebid.trustedstack.com,request,2.6-202606,openrtb.field.undefined,error,imp[1].all,3.2.4
p003323,urbandictionary.com,prebid.trustedstack.com,request,2.6-202606,openrtb.type.mismatch,error,imp[1].banner,3.2.4
p003323,urbandictionary.com,prebid.trustedstack.com,request,2.6-202606,openrtb.field.undefined,error,imp[1].ortb2Imp,3.2.4
p003323,urbandictionary.com,prebid.trustedstack.com,request,2.6-202606,openrtb.field.undefined,error,imp[1].transactionId,3.2.4
p003323,urbandictionary.com,prebid.trustedstack.com,request,2.6-202606,openrtb.field.undefined,error,imp[2].all,3.2.4
p003323,urbandictionary.com,prebid.trustedstack.com,request,2.6-202606,openrtb.type.mismatch,error,imp[2].banner,3.2.4
p003323,urbandictionary.com,prebid.trustedstack.com,request,2.6-202606,openrtb.field.undefined,error,imp[2].ortb2Imp,3.2.4
p003323,urbandictionary.com,prebid.trustedstack.com,request,2.6-202606,openrtb.field.undefined,error,imp[2].transactionId,3.2.4
p003323,urbandictionary.com,prebid.trustedstack.com,request,2.6-202606,openrtb.field.undefined,error,imp[3].all,3.2.4
p003323,urbandictionary.com,prebid.trustedstack.com,request,2.6-202606,openrtb.type.mismatch,error,imp[3].banner,3.2.4
p003323,urbandictionary.com,prebid.trustedstack.com,request,2.6-202606,openrtb.field.undefined,error,imp[3].ortb2Imp,3.2.4
p003323,urbandictionary.com,prebid.trustedstack.com,request,2.6-202606,openrtb.field.undefined,error,imp[3].transactionId,3.2.4
p003323,urbandictionary.com,prebid.trustedstack.com,request,2.6-202606,openrtb.field.undefined,error,ortb2,3.2.1
p003323,urbandictionary.com,prebid.trustedstack.com,request,2.6-202606,openrtb.field.undefined,error,site.canonical_url,3.2.13
p003323,urbandictionary.com,prebid.trustedstack.com,request,2.6-202606,openrtb.field.undefined,error,site.isTop,3.2.13
p003323,urbandictionary.com,prebid.trustedstack.com,request,2.6-202606,openrtb.field.undefined,error,site.topMostLocation,3.2.13
p003324,urbandictionary.com,prebid.trustedstack.com,request,2.6-202606,openrtb.field.undefined,error,imp[0].all,3.2.4
p003324,urbandictionary.com,prebid.trustedstack.com,request,2.6-202606,openrtb.type.mismatch,error,imp[0].banner,3.2.4
p003324,urbandictionary.com,prebid.trustedstack.com,request,2.6-202606,openrtb.field.undefined,error,imp[0].ortb2Imp,3.2.4
p003324,urbandictionary.com,prebid.trustedstack.com,request,2.6-202606,openrtb.field.undefined,error,imp[0].transactionId,3.2.4
p003324,urbandictionary.com,prebid.trustedstack.com,request,2.6-202606,openrtb.field.undefined,error,ortb2,3.2.1
p003324,urbandictionary.com,prebid.trustedstack.com,request,2.6-202606,openrtb.field.undefined,error,site.canonical_url,3.2.13
p003324,urbandictionary.com,prebid.trustedstack.com,request,2.6-202606,openrtb.field.undefined,error,site.isTop,3.2.13
p003324,urbandictionary.com,prebid.trustedstack.com,request,2.6-202606,openrtb.field.undefined,error,site.topMostLocation,3.2.13
p003325,urbandictionary.com,prebid.trustedstack.com,request,2.6-202606,openrtb.field.undefined,error,imp[0].all,3.2.4
p003325,urbandictionary.com,prebid.trustedstack.com,request,2.6-202606,openrtb.type.mismatch,error,imp[0].banner,3.2.4
p003325,urbandictionary.com,prebid.trustedstack.com,request,2.6-202606,openrtb.field.undefined,error,imp[0].ortb2Imp,3.2.4
p003325,urbandictionary.com,prebid.trustedstack.com,request,2.6-202606,openrtb.field.undefined,error,imp[0].transactionId,3.2.4
p003325,urbandictionary.com,prebid.trustedstack.com,request,2.6-202606,openrtb.field.undefined,error,ortb2,3.2.1
p003325,urbandictionary.com,prebid.trustedstack.com,request,2.6-202606,openrtb.field.undefined,error,site.canonical_url,3.2.13
p003325,urbandictionary.com,prebid.trustedstack.com,request,2.6-202606,openrtb.field.undefined,error,site.isTop,3.2.13
p003325,urbandictionary.com,prebid.trustedstack.com,request,2.6-202606,openrtb.field.undefined,error,site.topMostLocation,3.2.13
p003330,cupofjo.com,prebid2.production.adthrive.com,request,2.6-202606,openrtb.field.deprecated,warning,imp[0].video.placement,Section 3.2.7
p003330,cupofjo.com,prebid2.production.adthrive.com,request,2.6-202606,openrtb.value.invalid,error,imp[0].video.skip,3.2.7
p003333,halfbakedharvest.com,prebid2.production.adthrive.com,request,2.6-202606,openrtb.field.deprecated,warning,imp[0].video.placement,Section 3.2.7
p003333,halfbakedharvest.com,prebid2.production.adthrive.com,request,2.6-202606,openrtb.value.invalid,error,imp[0].video.skip,3.2.7
p003334,halfbakedharvest.com,prebid2.production.adthrive.com,request,2.6-202606,openrtb.field.deprecated,warning,imp[1].video.placement,Section 3.2.7
p003334,halfbakedharvest.com,prebid2.production.adthrive.com,request,2.6-202606,openrtb.value.invalid,error,imp[1].video.skip,3.2.7
p003334,halfbakedharvest.com,prebid2.production.adthrive.com,request,2.6-202606,openrtb.field.deprecated,warning,imp[3].video.placement,Section 3.2.7
p003334,halfbakedharvest.com,prebid2.production.adthrive.com,request,2.6-202606,openrtb.value.invalid,error,imp[3].video.skip,3.2.7
p003334,halfbakedharvest.com,prebid2.production.adthrive.com,request,2.6-202606,openrtb.field.deprecated,warning,imp[5].video.placement,Section 3.2.7
p003334,halfbakedharvest.com,prebid2.production.adthrive.com,request,2.6-202606,openrtb.value.invalid,error,imp[5].video.skip,3.2.7
p003338,halfbakedharvest.com,prebid2.production.adthrive.com,request,2.6-202606,openrtb.field.deprecated,warning,imp[0].video.placement,Section 3.2.7
p003338,halfbakedharvest.com,prebid2.production.adthrive.com,request,2.6-202606,openrtb.value.invalid,error,imp[0].video.skip,3.2.7
p003339,halfbakedharvest.com,prebid2.production.adthrive.com,request,2.6-202606,openrtb.field.deprecated,warning,imp[0].video.placement,Section 3.2.7
p003339,halfbakedharvest.com,prebid2.production.adthrive.com,request,2.6-202606,openrtb.value.invalid,error,imp[0].video.skip,3.2.7
p003343,ranker.com,prebid2.production.adthrive.com,request,2.6-202606,openrtb.field.deprecated,warning,imp[1].video.placement,Section 3.2.7
p003343,ranker.com,prebid2.production.adthrive.com,request,2.6-202606,openrtb.value.invalid,error,imp[1].video.skip,3.2.7
p003343,ranker.com,prebid2.production.adthrive.com,request,2.6-202606,openrtb.field.deprecated,warning,imp[3].video.placement,Section 3.2.7
p003343,ranker.com,prebid2.production.adthrive.com,request,2.6-202606,openrtb.value.invalid,error,imp[3].video.skip,3.2.7
p003343,ranker.com,prebid2.production.adthrive.com,request,2.6-202606,openrtb.field.deprecated,warning,imp[5].video.placement,Section 3.2.7
p003343,ranker.com,prebid2.production.adthrive.com,request,2.6-202606,openrtb.value.invalid,error,imp[5].video.skip,3.2.7
p003346,ranker.com,prebid2.production.adthrive.com,request,2.6-202606,openrtb.field.deprecated,warning,imp[0].video.placement,Section 3.2.7
p003346,ranker.com,prebid2.production.adthrive.com,request,2.6-202606,openrtb.value.invalid,error,imp[0].video.skip,3.2.7
p003347,ranker.com,prebid2.production.adthrive.com,request,2.6-202606,openrtb.field.deprecated,warning,imp[0].video.placement,Section 3.2.7
p003347,ranker.com,prebid2.production.adthrive.com,request,2.6-202606,openrtb.value.invalid,error,imp[0].video.skip,3.2.7
p003348,ranker.com,prebid2.production.adthrive.com,request,2.6-202606,openrtb.field.deprecated,warning,imp[0].video.placement,Section 3.2.7
p003348,ranker.com,prebid2.production.adthrive.com,request,2.6-202606,openrtb.value.invalid,error,imp[0].video.skip,3.2.7
p003349,ranker.com,prebid2.production.adthrive.com,request,2.6-202606,openrtb.field.deprecated,warning,imp[0].video.placement,Section 3.2.7
p003349,ranker.com,prebid2.production.adthrive.com,request,2.6-202606,openrtb.value.invalid,error,imp[0].video.skip,3.2.7
p003355,salon.com,prebid2.production.adthrive.com,request,2.6-202606,openrtb.field.deprecated,warning,imp[0].video.placement,Section 3.2.7
p003355,salon.com,prebid2.production.adthrive.com,request,2.6-202606,openrtb.value.invalid,error,imp[0].video.skip,3.2.7
p003357,salon.com,prebid2.production.adthrive.com,request,2.6-202606,openrtb.field.deprecated,warning,imp[0].video.placement,Section 3.2.7
p003357,salon.com,prebid2.production.adthrive.com,request,2.6-202606,openrtb.value.invalid,error,imp[0].video.skip,3.2.7
p003358,salon.com,prebid2.production.adthrive.com,request,2.6-202606,openrtb.field.deprecated,warning,imp[1].video.placement,Section 3.2.7
p003358,salon.com,prebid2.production.adthrive.com,request,2.6-202606,openrtb.value.invalid,error,imp[1].video.skip,3.2.7
p003358,salon.com,prebid2.production.adthrive.com,request,2.6-202606,openrtb.field.deprecated,warning,imp[2].video.placement,Section 3.2.7
p003358,salon.com,prebid2.production.adthrive.com,request,2.6-202606,openrtb.value.invalid,error,imp[2].video.skip,3.2.7
p003358,salon.com,prebid2.production.adthrive.com,request,2.6-202606,openrtb.field.deprecated,warning,imp[4].video.placement,Section 3.2.7
p003358,salon.com,prebid2.production.adthrive.com,request,2.6-202606,openrtb.value.invalid,error,imp[4].video.skip,3.2.7
p003364,salon.com,prebid2.production.adthrive.com,request,2.6-202606,openrtb.field.deprecated,warning,imp[0].video.placement,Section 3.2.7
p003364,salon.com,prebid2.production.adthrive.com,request,2.6-202606,openrtb.value.invalid,error,imp[0].video.skip,3.2.7
p003365,salon.com,prebid2.production.adthrive.com,request,2.6-202606,openrtb.field.deprecated,warning,imp[0].video.placement,Section 3.2.7
p003365,salon.com,prebid2.production.adthrive.com,request,2.6-202606,openrtb.value.invalid,error,imp[0].video.skip,3.2.7
p003366,salon.com,prebid2.production.adthrive.com,request,2.6-202606,openrtb.field.deprecated,warning,imp[0].video.placement,Section 3.2.7
p003366,salon.com,prebid2.production.adthrive.com,request,2.6-202606,openrtb.value.invalid,error,imp[0].video.skip,3.2.7
p003368,webdesignerdepot.com,prebid2.production.adthrive.com,request,2.6-202606,openrtb.field.deprecated,warning,imp[0].video.placement,Section 3.2.7
p003368,webdesignerdepot.com,prebid2.production.adthrive.com,request,2.6-202606,openrtb.value.invalid,error,imp[0].video.skip,3.2.7
p003369,webdesignerdepot.com,prebid2.production.adthrive.com,request,2.6-202606,openrtb.field.deprecated,warning,imp[1].video.placement,Section 3.2.7
p003369,webdesignerdepot.com,prebid2.production.adthrive.com,request,2.6-202606,openrtb.value.invalid,error,imp[1].video.skip,3.2.7
p003369,webdesignerdepot.com,prebid2.production.adthrive.com,request,2.6-202606,openrtb.field.deprecated,warning,imp[3].video.placement,Section 3.2.7
p003369,webdesignerdepot.com,prebid2.production.adthrive.com,request,2.6-202606,openrtb.value.invalid,error,imp[3].video.skip,3.2.7
p003371,webdesignerdepot.com,prebid2.production.adthrive.com,request,2.6-202606,openrtb.field.deprecated,warning,imp[0].video.placement,Section 3.2.7
p003371,webdesignerdepot.com,prebid2.production.adthrive.com,request,2.6-202606,openrtb.value.invalid,error,imp[0].video.skip,3.2.7
p003372,webdesignerdepot.com,prebid2.production.adthrive.com,request,2.6-202606,openrtb.field.deprecated,warning,imp[0].video.placement,Section 3.2.7
p003372,webdesignerdepot.com,prebid2.production.adthrive.com,request,2.6-202606,openrtb.value.invalid,error,imp[0].video.skip,3.2.7
p003373,webdesignerdepot.com,prebid2.production.adthrive.com,request,2.6-202606,openrtb.field.deprecated,warning,imp[0].video.placement,Section 3.2.7
p003373,webdesignerdepot.com,prebid2.production.adthrive.com,request,2.6-202606,openrtb.value.invalid,error,imp[0].video.skip,3.2.7
p003374,webdesignerdepot.com,prebid2.production.adthrive.com,request,2.6-202606,openrtb.field.deprecated,warning,imp[0].video.placement,Section 3.2.7
p003374,webdesignerdepot.com,prebid2.production.adthrive.com,request,2.6-202606,openrtb.value.invalid,error,imp[0].video.skip,3.2.7
p003377,webdesignerdepot.com,prebid2.production.adthrive.com,request,2.6-202606,openrtb.field.deprecated,warning,imp[0].video.placement,Section 3.2.7
p003377,webdesignerdepot.com,prebid2.production.adthrive.com,request,2.6-202606,openrtb.value.invalid,error,imp[0].video.skip,3.2.7
p003379,webdesignerdepot.com,prebid2.production.adthrive.com,request,2.6-202606,openrtb.field.deprecated,warning,imp[1].video.placement,Section 3.2.7
p003379,webdesignerdepot.com,prebid2.production.adthrive.com,request,2.6-202606,openrtb.value.invalid,error,imp[1].video.skip,3.2.7
p003381,webdesignerdepot.com,prebid2.production.adthrive.com,request,2.6-202606,openrtb.field.deprecated,warning,imp[1].video.placement,Section 3.2.7
p003381,webdesignerdepot.com,prebid2.production.adthrive.com,request,2.6-202606,openrtb.value.invalid,error,imp[1].video.skip,3.2.7
p003382,webdesignerdepot.com,prebid2.production.adthrive.com,request,2.6-202606,openrtb.field.deprecated,warning,imp[0].video.placement,Section 3.2.7
p003382,webdesignerdepot.com,prebid2.production.adthrive.com,request,2.6-202606,openrtb.value.invalid,error,imp[0].video.skip,3.2.7
p003383,webdesignerdepot.com,prebid2.production.adthrive.com,request,2.6-202606,openrtb.field.deprecated,warning,imp[0].video.placement,Section 3.2.7
p003383,webdesignerdepot.com,prebid2.production.adthrive.com,request,2.6-202606,openrtb.value.invalid,error,imp[0].video.skip,3.2.7
p003384,webdesignerdepot.com,prebid2.production.adthrive.com,request,2.6-202606,openrtb.field.deprecated,warning,imp[0].video.placement,Section 3.2.7
p003384,webdesignerdepot.com,prebid2.production.adthrive.com,request,2.6-202606,openrtb.value.invalid,error,imp[0].video.skip,3.2.7
p003385,webdesignerdepot.com,prebid2.production.adthrive.com,request,2.6-202606,openrtb.field.deprecated,warning,imp[0].video.placement,Section 3.2.7
p003385,webdesignerdepot.com,prebid2.production.adthrive.com,request,2.6-202606,openrtb.value.invalid,error,imp[0].video.skip,3.2.7
p003386,cupofjo.com,prebid2.production.adthrive.com,response,2.6-202606,openrtb.bid.mtype_missing,warning,seatbid[0].bid[0].mtype,4.2.3
p003387,cupofjo.com,prebid2.production.adthrive.com,response,2.6-202606,openrtb.bid.mtype_missing,warning,seatbid[0].bid[0].mtype,4.2.3
p003387,cupofjo.com,prebid2.production.adthrive.com,response,2.6-202606,openrtb.bid.mtype_missing,warning,seatbid[1].bid[0].mtype,4.2.3
p003389,cupofjo.com,prebid2.production.adthrive.com,response,2.6-202606,openrtb.bid.mtype_missing,warning,seatbid[0].bid[0].mtype,4.2.3
p003391,halfbakedharvest.com,prebid2.production.adthrive.com,response,2.6-202606,openrtb.bid.mtype_missing,warning,seatbid[0].bid[0].mtype,4.2.3
p003398,halfbakedharvest.com,prebid2.production.adthrive.com,response,2.6-202606,openrtb.bid.mtype_missing,warning,seatbid[0].bid[0].mtype,4.2.3
p003446,genealogy.com,ps.ex.co,request,2.6-202606,openrtb.field.deprecated,warning,imp[0].video.placement,Section 3.2.7
p003447,genealogy.com,ps.ex.co,request,2.6-202606,openrtb.field.deprecated,warning,imp[0].video.placement,Section 3.2.7
p003448,genealogy.com,ps.ex.co,request,2.6-202606,openrtb.field.deprecated,warning,imp[0].video.placement,Section 3.2.7
p003449,genealogy.com,ps.ex.co,request,2.6-202606,openrtb.field.deprecated,warning,imp[0].video.placement,Section 3.2.7
p003449,genealogy.com,ps.ex.co,request,2.6-202606,openrtb.value.invalid,error,imp[0].video.skip,3.2.7
p003450,montgomeryadvertiser.com,ps.ex.co,request,2.6-202606,openrtb.field.deprecated,warning,imp[0].video.placement,Section 3.2.7
p003450,montgomeryadvertiser.com,ps.ex.co,request,2.6-202606,openrtb.field.deprecated,warning,imp[1].video.placement,Section 3.2.7
p003450,montgomeryadvertiser.com,ps.ex.co,request,2.6-202606,openrtb.field.deprecated,warning,imp[2].video.placement,Section 3.2.7
p003450,montgomeryadvertiser.com,ps.ex.co,request,2.6-202606,openrtb.value.invalid,error,imp[2].video.skip,3.2.7
p003450,montgomeryadvertiser.com,ps.ex.co,request,2.6-202606,openrtb.field.deprecated,warning,imp[3].video.placement,Section 3.2.7
p003450,montgomeryadvertiser.com,ps.ex.co,request,2.6-202606,openrtb.value.invalid,error,imp[3].video.skip,3.2.7
p003450,montgomeryadvertiser.com,ps.ex.co,request,2.6-202606,openrtb.field.deprecated,warning,imp[4].video.placement,Section 3.2.7
p003450,montgomeryadvertiser.com,ps.ex.co,request,2.6-202606,openrtb.value.invalid,error,imp[4].video.skip,3.2.7
p003450,montgomeryadvertiser.com,ps.ex.co,request,2.6-202606,openrtb.field.deprecated,warning,imp[5].video.placement,Section 3.2.7
p003450,montgomeryadvertiser.com,ps.ex.co,request,2.6-202606,openrtb.value.invalid,error,imp[5].video.skip,3.2.7
p003451,montgomeryadvertiser.com,ps.ex.co,request,2.6-202606,openrtb.field.deprecated,warning,imp[0].video.placement,Section 3.2.7
p003451,montgomeryadvertiser.com,ps.ex.co,request,2.6-202606,openrtb.field.deprecated,warning,imp[1].video.placement,Section 3.2.7
p003451,montgomeryadvertiser.com,ps.ex.co,request,2.6-202606,openrtb.field.deprecated,warning,imp[2].video.placement,Section 3.2.7
p003451,montgomeryadvertiser.com,ps.ex.co,request,2.6-202606,openrtb.value.invalid,error,imp[2].video.skip,3.2.7
p003451,montgomeryadvertiser.com,ps.ex.co,request,2.6-202606,openrtb.field.deprecated,warning,imp[3].video.placement,Section 3.2.7
p003451,montgomeryadvertiser.com,ps.ex.co,request,2.6-202606,openrtb.value.invalid,error,imp[3].video.skip,3.2.7
p003451,montgomeryadvertiser.com,ps.ex.co,request,2.6-202606,openrtb.field.deprecated,warning,imp[4].video.placement,Section 3.2.7
p003451,montgomeryadvertiser.com,ps.ex.co,request,2.6-202606,openrtb.value.invalid,error,imp[4].video.skip,3.2.7
p003451,montgomeryadvertiser.com,ps.ex.co,request,2.6-202606,openrtb.field.deprecated,warning,imp[5].video.placement,Section 3.2.7
p003451,montgomeryadvertiser.com,ps.ex.co,request,2.6-202606,openrtb.value.invalid,error,imp[5].video.skip,3.2.7
p003452,tennessean.com,ps.ex.co,request,2.6-202606,openrtb.field.deprecated,warning,imp[0].video.placement,Section 3.2.7
p003452,tennessean.com,ps.ex.co,request,2.6-202606,openrtb.field.deprecated,warning,imp[1].video.placement,Section 3.2.7
p003452,tennessean.com,ps.ex.co,request,2.6-202606,openrtb.field.deprecated,warning,imp[2].video.placement,Section 3.2.7
p003452,tennessean.com,ps.ex.co,request,2.6-202606,openrtb.field.deprecated,warning,imp[3].video.placement,Section 3.2.7
p003452,tennessean.com,ps.ex.co,request,2.6-202606,openrtb.field.deprecated,warning,imp[4].video.placement,Section 3.2.7
p003452,tennessean.com,ps.ex.co,request,2.6-202606,openrtb.value.invalid,error,imp[4].video.skip,3.2.7
p003452,tennessean.com,ps.ex.co,request,2.6-202606,openrtb.field.deprecated,warning,imp[5].video.placement,Section 3.2.7
p003452,tennessean.com,ps.ex.co,request,2.6-202606,openrtb.value.invalid,error,imp[5].video.skip,3.2.7
p003452,tennessean.com,ps.ex.co,request,2.6-202606,openrtb.field.deprecated,warning,imp[6].video.placement,Section 3.2.7
p003453,eonline.com,reachms.bfmio.com,request,2.6-202606,openrtb.field.undefined,error,appId,3.2.1
p003453,eonline.com,reachms.bfmio.com,request,2.6-202606,openrtb.type.mismatch,error,device.connectiontype,3.2.18
p003453,eonline.com,reachms.bfmio.com,request,2.6-202606,openrtb.field.undefined,error,domain,3.2.1
p003453,eonline.com,reachms.bfmio.com,request,2.6-202606,openrtb.field.required,error,imp[0].id,3.2.4
p003453,eonline.com,reachms.bfmio.com,request,2.6-202606,openrtb.field.deprecated,warning,imp[0].video.placement,Section 3.2.7
p003453,eonline.com,reachms.bfmio.com,request,2.6-202606,openrtb.field.undefined,error,imp[0].video.renderer,3.2.7
p003453,eonline.com,reachms.bfmio.com,request,2.6-202606,openrtb.value.invalid,error,imp[0].video.skip,3.2.7
p003453,eonline.com,reachms.bfmio.com,request,2.6-202606,openrtb.field.undefined,error,imp[0].video.useCacheKey,3.2.7
p003453,eonline.com,reachms.bfmio.com,request,2.6-202606,openrtb.field.undefined,error,isPrebid,3.2.1
p003454,eonline.com,reachms.bfmio.com,request,2.6-202606,openrtb.field.undefined,error,appId,3.2.1
p003454,eonline.com,reachms.bfmio.com,request,2.6-202606,openrtb.type.mismatch,error,device.connectiontype,3.2.18
p003454,eonline.com,reachms.bfmio.com,request,2.6-202606,openrtb.field.undefined,error,domain,3.2.1
p003454,eonline.com,reachms.bfmio.com,request,2.6-202606,openrtb.field.required,error,imp[0].id,3.2.4
p003454,eonline.com,reachms.bfmio.com,request,2.6-202606,openrtb.field.deprecated,warning,imp[0].video.placement,Section 3.2.7
p003454,eonline.com,reachms.bfmio.com,request,2.6-202606,openrtb.field.undefined,error,imp[0].video.renderer,3.2.7
p003454,eonline.com,reachms.bfmio.com,request,2.6-202606,openrtb.value.invalid,error,imp[0].video.skip,3.2.7
p003454,eonline.com,reachms.bfmio.com,request,2.6-202606,openrtb.field.undefined,error,imp[0].video.useCacheKey,3.2.7
p003454,eonline.com,reachms.bfmio.com,request,2.6-202606,openrtb.field.undefined,error,isPrebid,3.2.1
p003455,eonline.com,reachms.bfmio.com,request,2.6-202606,openrtb.field.undefined,error,appId,3.2.1
p003455,eonline.com,reachms.bfmio.com,request,2.6-202606,openrtb.type.mismatch,error,device.connectiontype,3.2.18
p003455,eonline.com,reachms.bfmio.com,request,2.6-202606,openrtb.field.undefined,error,domain,3.2.1
p003455,eonline.com,reachms.bfmio.com,request,2.6-202606,openrtb.field.required,error,imp[0].id,3.2.4
p003455,eonline.com,reachms.bfmio.com,request,2.6-202606,openrtb.field.deprecated,warning,imp[0].video.placement,Section 3.2.7
p003455,eonline.com,reachms.bfmio.com,request,2.6-202606,openrtb.field.undefined,error,imp[0].video.renderer,3.2.7
p003455,eonline.com,reachms.bfmio.com,request,2.6-202606,openrtb.value.invalid,error,imp[0].video.skip,3.2.7
p003455,eonline.com,reachms.bfmio.com,request,2.6-202606,openrtb.field.undefined,error,imp[0].video.useCacheKey,3.2.7
p003455,eonline.com,reachms.bfmio.com,request,2.6-202606,openrtb.field.undefined,error,isPrebid,3.2.1
p003456,eonline.com,reachms.bfmio.com,request,2.6-202606,openrtb.field.undefined,error,appId,3.2.1
p003456,eonline.com,reachms.bfmio.com,request,2.6-202606,openrtb.type.mismatch,error,device.connectiontype,3.2.18
p003456,eonline.com,reachms.bfmio.com,request,2.6-202606,openrtb.field.undefined,error,domain,3.2.1
p003456,eonline.com,reachms.bfmio.com,request,2.6-202606,openrtb.field.required,error,imp[0].id,3.2.4
p003456,eonline.com,reachms.bfmio.com,request,2.6-202606,openrtb.field.deprecated,warning,imp[0].video.placement,Section 3.2.7
p003456,eonline.com,reachms.bfmio.com,request,2.6-202606,openrtb.field.undefined,error,imp[0].video.renderer,3.2.7
p003456,eonline.com,reachms.bfmio.com,request,2.6-202606,openrtb.value.invalid,error,imp[0].video.skip,3.2.7
p003456,eonline.com,reachms.bfmio.com,request,2.6-202606,openrtb.field.undefined,error,imp[0].video.useCacheKey,3.2.7
p003456,eonline.com,reachms.bfmio.com,request,2.6-202606,openrtb.field.undefined,error,isPrebid,3.2.1
p003457,eonline.com,reachms.bfmio.com,request,2.6-202606,openrtb.field.undefined,error,appId,3.2.1
p003457,eonline.com,reachms.bfmio.com,request,2.6-202606,openrtb.type.mismatch,error,device.connectiontype,3.2.18
p003457,eonline.com,reachms.bfmio.com,request,2.6-202606,openrtb.field.undefined,error,domain,3.2.1
p003457,eonline.com,reachms.bfmio.com,request,2.6-202606,openrtb.field.required,error,imp[0].id,3.2.4
p003457,eonline.com,reachms.bfmio.com,request,2.6-202606,openrtb.field.deprecated,warning,imp[0].video.placement,Section 3.2.7
p003457,eonline.com,reachms.bfmio.com,request,2.6-202606,openrtb.field.undefined,error,imp[0].video.renderer,3.2.7
p003457,eonline.com,reachms.bfmio.com,request,2.6-202606,openrtb.value.invalid,error,imp[0].video.skip,3.2.7
p003457,eonline.com,reachms.bfmio.com,request,2.6-202606,openrtb.field.undefined,error,imp[0].video.useCacheKey,3.2.7
p003457,eonline.com,reachms.bfmio.com,request,2.6-202606,openrtb.field.undefined,error,isPrebid,3.2.1
p003458,eonline.com,reachms.bfmio.com,request,2.6-202606,openrtb.field.undefined,error,appId,3.2.1
p003458,eonline.com,reachms.bfmio.com,request,2.6-202606,openrtb.type.mismatch,error,device.connectiontype,3.2.18
p003458,eonline.com,reachms.bfmio.com,request,2.6-202606,openrtb.field.undefined,error,domain,3.2.1
p003458,eonline.com,reachms.bfmio.com,request,2.6-202606,openrtb.field.required,error,imp[0].id,3.2.4
p003458,eonline.com,reachms.bfmio.com,request,2.6-202606,openrtb.field.deprecated,warning,imp[0].video.placement,Section 3.2.7
p003458,eonline.com,reachms.bfmio.com,request,2.6-202606,openrtb.field.undefined,error,imp[0].video.renderer,3.2.7
p003458,eonline.com,reachms.bfmio.com,request,2.6-202606,openrtb.value.invalid,error,imp[0].video.skip,3.2.7
p003458,eonline.com,reachms.bfmio.com,request,2.6-202606,openrtb.field.undefined,error,imp[0].video.useCacheKey,3.2.7
p003458,eonline.com,reachms.bfmio.com,request,2.6-202606,openrtb.field.undefined,error,isPrebid,3.2.1
p003459,eonline.com,reachms.bfmio.com,request,2.6-202606,openrtb.field.undefined,error,appId,3.2.1
p003459,eonline.com,reachms.bfmio.com,request,2.6-202606,openrtb.type.mismatch,error,device.connectiontype,3.2.18
p003459,eonline.com,reachms.bfmio.com,request,2.6-202606,openrtb.field.undefined,error,domain,3.2.1
p003459,eonline.com,reachms.bfmio.com,request,2.6-202606,openrtb.field.required,error,imp[0].id,3.2.4
p003459,eonline.com,reachms.bfmio.com,request,2.6-202606,openrtb.field.deprecated,warning,imp[0].video.placement,Section 3.2.7
p003459,eonline.com,reachms.bfmio.com,request,2.6-202606,openrtb.field.undefined,error,imp[0].video.renderer,3.2.7
p003459,eonline.com,reachms.bfmio.com,request,2.6-202606,openrtb.value.invalid,error,imp[0].video.skip,3.2.7
p003459,eonline.com,reachms.bfmio.com,request,2.6-202606,openrtb.field.undefined,error,imp[0].video.useCacheKey,3.2.7
p003459,eonline.com,reachms.bfmio.com,request,2.6-202606,openrtb.field.undefined,error,isPrebid,3.2.1
p003460,eonline.com,reachms.bfmio.com,request,2.6-202606,openrtb.field.undefined,error,appId,3.2.1
p003460,eonline.com,reachms.bfmio.com,request,2.6-202606,openrtb.type.mismatch,error,device.connectiontype,3.2.18
p003460,eonline.com,reachms.bfmio.com,request,2.6-202606,openrtb.field.undefined,error,domain,3.2.1
p003460,eonline.com,reachms.bfmio.com,request,2.6-202606,openrtb.field.required,error,imp[0].id,3.2.4
p003460,eonline.com,reachms.bfmio.com,request,2.6-202606,openrtb.field.deprecated,warning,imp[0].video.placement,Section 3.2.7
p003460,eonline.com,reachms.bfmio.com,request,2.6-202606,openrtb.field.undefined,error,imp[0].video.renderer,3.2.7
p003460,eonline.com,reachms.bfmio.com,request,2.6-202606,openrtb.value.invalid,error,imp[0].video.skip,3.2.7
p003460,eonline.com,reachms.bfmio.com,request,2.6-202606,openrtb.field.undefined,error,imp[0].video.useCacheKey,3.2.7
p003460,eonline.com,reachms.bfmio.com,request,2.6-202606,openrtb.field.undefined,error,isPrebid,3.2.1
p003461,cityam.com,rt.marphezis.com,request,2.6-202606,openrtb.type.mismatch,error,site.publisher.id,3.2.15
p003462,cityam.com,rt.marphezis.com,request,2.6-202606,openrtb.type.mismatch,error,site.publisher.id,3.2.15
p003463,cityam.com,rt.marphezis.com,request,2.6-202606,openrtb.type.mismatch,error,site.publisher.id,3.2.15
p003470,falstaff.com,rt.marphezis.com,request,2.6-202606,openrtb.type.mismatch,error,site.publisher.id,3.2.15
p003471,fox11online.com,rt.marphezis.com,request,2.6-202606,openrtb.type.mismatch,error,site.publisher.id,3.2.15
p003472,fox11online.com,rt.marphezis.com,request,2.6-202606,openrtb.type.mismatch,error,site.publisher.id,3.2.15
p003473,fox11online.com,rt.marphezis.com,request,2.6-202606,openrtb.type.mismatch,error,site.publisher.id,3.2.15
p003474,fox11online.com,rt.marphezis.com,request,2.6-202606,openrtb.type.mismatch,error,site.publisher.id,3.2.15
p003475,fox11online.com,rt.marphezis.com,request,2.6-202606,openrtb.type.mismatch,error,site.publisher.id,3.2.15
p003476,fox11online.com,rt.marphezis.com,request,2.6-202606,openrtb.type.mismatch,error,site.publisher.id,3.2.15
p003478,moly.hu,rt.marphezis.com,request,2.6-202606,openrtb.field.moved,error,regs.ext.gdpr,Section 3.2.3
p003479,moly.hu,rt.marphezis.com,request,2.6-202606,openrtb.field.moved,error,regs.ext.gdpr,Section 3.2.3
p003480,nationaltoday.com,rt.marphezis.com,request,2.6-202606,openrtb.field.moved,error,regs.ext.gdpr,Section 3.2.3
p003481,nationaltoday.com,rt.marphezis.com,request,2.6-202606,openrtb.field.moved,error,regs.ext.gdpr,Section 3.2.3
p003482,nationaltoday.com,rt.marphezis.com,request,2.6-202606,openrtb.field.moved,error,regs.ext.gdpr,Section 3.2.3
p003483,psychcentral.com,rt.marphezis.com,request,2.6-202606,openrtb.type.mismatch,error,site.publisher.id,3.2.15
p003483,psychcentral.com,rt.marphezis.com,request,2.6-202606,openrtb.field.moved,error,user.ext.consent,Section 3.2.20
p003484,psychcentral.com,rt.marphezis.com,request,2.6-202606,openrtb.type.mismatch,error,site.publisher.id,3.2.15
p003484,psychcentral.com,rt.marphezis.com,request,2.6-202606,openrtb.field.moved,error,user.ext.consent,Section 3.2.20
p003485,psychcentral.com,rt.marphezis.com,request,2.6-202606,openrtb.type.mismatch,error,site.publisher.id,3.2.15
p003485,psychcentral.com,rt.marphezis.com,request,2.6-202606,openrtb.field.moved,error,user.ext.consent,Section 3.2.20
p003486,psychcentral.com,rt.marphezis.com,request,2.6-202606,openrtb.type.mismatch,error,site.publisher.id,3.2.15
p003486,psychcentral.com,rt.marphezis.com,request,2.6-202606,openrtb.field.moved,error,user.ext.consent,Section 3.2.20
p003487,psychcentral.com,rt.marphezis.com,request,2.6-202606,openrtb.type.mismatch,error,site.publisher.id,3.2.15
p003487,psychcentral.com,rt.marphezis.com,request,2.6-202606,openrtb.field.moved,error,user.ext.consent,Section 3.2.20
p003488,psychcentral.com,rt.marphezis.com,request,2.6-202606,openrtb.type.mismatch,error,site.publisher.id,3.2.15
p003488,psychcentral.com,rt.marphezis.com,request,2.6-202606,openrtb.field.moved,error,user.ext.consent,Section 3.2.20
p003489,psychcentral.com,rt.marphezis.com,request,2.6-202606,openrtb.type.mismatch,error,site.publisher.id,3.2.15
p003489,psychcentral.com,rt.marphezis.com,request,2.6-202606,openrtb.field.moved,error,user.ext.consent,Section 3.2.20
p003490,urbandictionary.com,rt.marphezis.com,request,2.6-202606,openrtb.type.mismatch,error,site.publisher.id,3.2.15
p003491,urbandictionary.com,rt.marphezis.com,request,2.6-202606,openrtb.type.mismatch,error,site.publisher.id,3.2.15
p003492,urbandictionary.com,rt.marphezis.com,request,2.6-202606,openrtb.type.mismatch,error,site.publisher.id,3.2.15
p003493,zeldadungeon.net,rt.marphezis.com,request,2.6-202606,openrtb.field.moved,error,regs.ext.gdpr,Section 3.2.3
p003495,cycletrader.com,rt.marphezis.com,response,2.6-202606,openrtb.bid.mtype_missing,warning,seatbid[0].bid[0].mtype,4.2.3
p003495,cycletrader.com,rt.marphezis.com,response,2.6-202606,openrtb.bid.mtype_missing,warning,seatbid[0].bid[1].mtype,4.2.3
p003496,cycletrader.com,rt.marphezis.com,response,2.6-202606,openrtb.bid.mtype_missing,warning,seatbid[0].bid[0].mtype,4.2.3
p003497,cycletrader.com,rt.marphezis.com,response,2.6-202606,openrtb.bid.mtype_missing,warning,seatbid[0].bid[0].mtype,4.2.3
p003498,cycletrader.com,rt.marphezis.com,response,2.6-202606,openrtb.bid.mtype_missing,warning,seatbid[0].bid[0].mtype,4.2.3
p003500,cycletrader.com,rt.marphezis.com,response,2.6-202606,openrtb.bid.mtype_missing,warning,seatbid[0].bid[0].mtype,4.2.3
p003500,cycletrader.com,rt.marphezis.com,response,2.6-202606,openrtb.bid.mtype_missing,warning,seatbid[0].bid[1].mtype,4.2.3
p003503,nationaltoday.com,rt.marphezis.com,response,2.6-202606,openrtb.bid.mtype_missing,warning,seatbid[0].bid[1].mtype,4.2.3
p003504,psychcentral.com,rt.marphezis.com,response,2.6-202606,openrtb.bid.mtype_missing,warning,seatbid[0].bid[0].mtype,4.2.3
p003505,psychcentral.com,rt.marphezis.com,response,2.6-202606,openrtb.bid.mtype_missing,warning,seatbid[0].bid[0].mtype,4.2.3
p003526,autoexpress.co.uk,rtb.ex.co,request,2.6-202606,openrtb.field.undefined,error,device.geo.state,3.2.19
p003526,autoexpress.co.uk,rtb.ex.co,request,2.6-202606,openrtb.field.deprecated,warning,imp[0].video.placement,Section 3.2.7
p003526,autoexpress.co.uk,rtb.ex.co,request,2.6-202606,openrtb.field.deprecated,warning,imp[1].video.placement,Section 3.2.7
p003526,autoexpress.co.uk,rtb.ex.co,request,2.6-202606,openrtb.value.invalid,error,imp[1].video.skip,3.2.7
p003526,autoexpress.co.uk,rtb.ex.co,request,2.6-202606,openrtb.field.deprecated,warning,imp[2].video.placement,Section 3.2.7
p003526,autoexpress.co.uk,rtb.ex.co,request,2.6-202606,openrtb.field.deprecated,warning,imp[3].video.placement,Section 3.2.7
p003526,autoexpress.co.uk,rtb.ex.co,request,2.6-202606,openrtb.field.deprecated,warning,imp[4].video.placement,Section 3.2.7
p003526,autoexpress.co.uk,rtb.ex.co,request,2.6-202606,openrtb.field.deprecated,warning,imp[5].video.placement,Section 3.2.7
p003526,autoexpress.co.uk,rtb.ex.co,request,2.6-202606,openrtb.field.deprecated,warning,imp[6].video.placement,Section 3.2.7
p003526,autoexpress.co.uk,rtb.ex.co,request,2.6-202606,openrtb.field.deprecated,warning,imp[7].video.placement,Section 3.2.7
p003526,autoexpress.co.uk,rtb.ex.co,request,2.6-202606,openrtb.field.deprecated,warning,imp[8].video.placement,Section 3.2.7
p003527,autoexpress.co.uk,rtb.ex.co,request,2.6-202606,openrtb.field.undefined,error,device.geo.state,3.2.19
p003527,autoexpress.co.uk,rtb.ex.co,request,2.6-202606,openrtb.field.deprecated,warning,imp[0].video.placement,Section 3.2.7
p003527,autoexpress.co.uk,rtb.ex.co,request,2.6-202606,openrtb.field.deprecated,warning,imp[1].video.placement,Section 3.2.7
p003527,autoexpress.co.uk,rtb.ex.co,request,2.6-202606,openrtb.value.invalid,error,imp[1].video.skip,3.2.7
p003527,autoexpress.co.uk,rtb.ex.co,request,2.6-202606,openrtb.field.deprecated,warning,imp[2].video.placement,Section 3.2.7
p003527,autoexpress.co.uk,rtb.ex.co,request,2.6-202606,openrtb.field.deprecated,warning,imp[3].video.placement,Section 3.2.7
p003527,autoexpress.co.uk,rtb.ex.co,request,2.6-202606,openrtb.field.deprecated,warning,imp[4].video.placement,Section 3.2.7
p003527,autoexpress.co.uk,rtb.ex.co,request,2.6-202606,openrtb.field.deprecated,warning,imp[5].video.placement,Section 3.2.7
p003527,autoexpress.co.uk,rtb.ex.co,request,2.6-202606,openrtb.field.deprecated,warning,imp[6].video.placement,Section 3.2.7
p003528,genealogy.com,rtb.ex.co,request,2.6-202606,openrtb.field.undefined,error,device.geo.state,3.2.19
p003528,genealogy.com,rtb.ex.co,request,2.6-202606,openrtb.field.deprecated,warning,imp[0].video.placement,Section 3.2.7
p003528,genealogy.com,rtb.ex.co,request,2.6-202606,openrtb.value.invalid,error,imp[0].video.skip,3.2.7
p003528,genealogy.com,rtb.ex.co,request,2.6-202606,openrtb.field.deprecated,warning,imp[1].video.placement,Section 3.2.7
p003528,genealogy.com,rtb.ex.co,request,2.6-202606,openrtb.field.deprecated,warning,imp[2].video.placement,Section 3.2.7
p003528,genealogy.com,rtb.ex.co,request,2.6-202606,openrtb.field.deprecated,warning,imp[3].video.placement,Section 3.2.7
p003529,genealogy.com,rtb.ex.co,request,2.6-202606,openrtb.field.undefined,error,device.geo.state,3.2.19
p003529,genealogy.com,rtb.ex.co,request,2.6-202606,openrtb.field.deprecated,warning,imp[0].video.placement,Section 3.2.7
p003529,genealogy.com,rtb.ex.co,request,2.6-202606,openrtb.value.invalid,error,imp[0].video.skip,3.2.7
p003529,genealogy.com,rtb.ex.co,request,2.6-202606,openrtb.field.deprecated,warning,imp[1].video.placement,Section 3.2.7
p003529,genealogy.com,rtb.ex.co,request,2.6-202606,openrtb.field.deprecated,warning,imp[2].video.placement,Section 3.2.7
p003530,genealogy.com,rtb.ex.co,request,2.6-202606,openrtb.field.undefined,error,device.geo.state,3.2.19
p003530,genealogy.com,rtb.ex.co,request,2.6-202606,openrtb.field.deprecated,warning,imp[0].video.placement,Section 3.2.7
p003530,genealogy.com,rtb.ex.co,request,2.6-202606,openrtb.field.deprecated,warning,imp[1].video.placement,Section 3.2.7
p003530,genealogy.com,rtb.ex.co,request,2.6-202606,openrtb.field.deprecated,warning,imp[2].video.placement,Section 3.2.7
p003530,genealogy.com,rtb.ex.co,request,2.6-202606,openrtb.field.deprecated,warning,imp[3].video.placement,Section 3.2.7
p003531,genealogy.com,rtb.ex.co,request,2.6-202606,openrtb.field.undefined,error,device.geo.state,3.2.19
p003531,genealogy.com,rtb.ex.co,request,2.6-202606,openrtb.field.deprecated,warning,imp[0].video.placement,Section 3.2.7
p003531,genealogy.com,rtb.ex.co,request,2.6-202606,openrtb.field.deprecated,warning,imp[1].video.placement,Section 3.2.7
p003531,genealogy.com,rtb.ex.co,request,2.6-202606,openrtb.field.deprecated,warning,imp[2].video.placement,Section 3.2.7
p003531,genealogy.com,rtb.ex.co,request,2.6-202606,openrtb.value.invalid,error,imp[2].video.skip,3.2.7
p003532,montgomeryadvertiser.com,rtb.ex.co,request,2.6-202606,openrtb.field.undefined,error,device.geo.state,3.2.19
p003532,montgomeryadvertiser.com,rtb.ex.co,request,2.6-202606,openrtb.field.deprecated,warning,imp[0].video.placement,Section 3.2.7
p003532,montgomeryadvertiser.com,rtb.ex.co,request,2.6-202606,openrtb.value.invalid,error,imp[0].video.skip,3.2.7
p003532,montgomeryadvertiser.com,rtb.ex.co,request,2.6-202606,openrtb.field.deprecated,warning,imp[1].video.placement,Section 3.2.7
p003532,montgomeryadvertiser.com,rtb.ex.co,request,2.6-202606,openrtb.value.invalid,error,imp[1].video.skip,3.2.7
p003532,montgomeryadvertiser.com,rtb.ex.co,request,2.6-202606,openrtb.field.deprecated,warning,imp[2].video.placement,Section 3.2.7
p003532,montgomeryadvertiser.com,rtb.ex.co,request,2.6-202606,openrtb.value.invalid,error,imp[2].video.skip,3.2.7
p003533,montgomeryadvertiser.com,rtb.ex.co,request,2.6-202606,openrtb.field.undefined,error,device.geo.state,3.2.19
p003533,montgomeryadvertiser.com,rtb.ex.co,request,2.6-202606,openrtb.field.deprecated,warning,imp[0].video.placement,Section 3.2.7
p003533,montgomeryadvertiser.com,rtb.ex.co,request,2.6-202606,openrtb.value.invalid,error,imp[0].video.skip,3.2.7
p003533,montgomeryadvertiser.com,rtb.ex.co,request,2.6-202606,openrtb.field.deprecated,warning,imp[1].video.placement,Section 3.2.7
p003533,montgomeryadvertiser.com,rtb.ex.co,request,2.6-202606,openrtb.value.invalid,error,imp[1].video.skip,3.2.7
p003533,montgomeryadvertiser.com,rtb.ex.co,request,2.6-202606,openrtb.field.deprecated,warning,imp[2].video.placement,Section 3.2.7
p003533,montgomeryadvertiser.com,rtb.ex.co,request,2.6-202606,openrtb.value.invalid,error,imp[2].video.skip,3.2.7
p003534,tennessean.com,rtb.ex.co,request,2.6-202606,openrtb.field.undefined,error,device.geo.state,3.2.19
p003534,tennessean.com,rtb.ex.co,request,2.6-202606,openrtb.field.deprecated,warning,imp[0].video.placement,Section 3.2.7
p003534,tennessean.com,rtb.ex.co,request,2.6-202606,openrtb.field.deprecated,warning,imp[1].video.placement,Section 3.2.7
p003535,oneindia.com,rtb.nexverse.ai,request,2.5,openrtb.field.undefined,error,imp[0].bidFloor,3.2.4
p003535,oneindia.com,rtb.nexverse.ai,request,2.5,openrtb.type.mismatch,error,user.yob,3.2.20
p003536,oneindia.com,rtb.nexverse.ai,request,2.5,openrtb.field.undefined,error,imp[0].bidFloor,3.2.4
p003536,oneindia.com,rtb.nexverse.ai,request,2.5,openrtb.type.mismatch,error,user.yob,3.2.20
p003537,oneindia.com,rtb.nexverse.ai,request,2.5,openrtb.field.undefined,error,imp[0].bidFloor,3.2.4
p003537,oneindia.com,rtb.nexverse.ai,request,2.5,openrtb.type.mismatch,error,user.yob,3.2.20
p003538,oneindia.com,rtb.nexverse.ai,request,2.5,openrtb.field.undefined,error,imp[0].bidFloor,3.2.4
p003538,oneindia.com,rtb.nexverse.ai,request,2.5,openrtb.type.mismatch,error,user.yob,3.2.20
p003539,oneindia.com,rtb.nexverse.ai,request,2.5,openrtb.field.undefined,error,imp[0].bidFloor,3.2.4
p003539,oneindia.com,rtb.nexverse.ai,request,2.5,openrtb.type.mismatch,error,user.yob,3.2.20
p003540,oneindia.com,rtb.nexverse.ai,request,2.5,openrtb.field.undefined,error,imp[0].bidFloor,3.2.4
p003540,oneindia.com,rtb.nexverse.ai,request,2.5,openrtb.type.mismatch,error,user.yob,3.2.20
p003541,oneindia.com,rtb.nexverse.ai,request,2.5,openrtb.field.undefined,error,imp[0].bidFloor,3.2.4
p003541,oneindia.com,rtb.nexverse.ai,request,2.5,openrtb.type.mismatch,error,user.yob,3.2.20
p003542,oneindia.com,rtb.nexverse.ai,request,2.5,openrtb.field.undefined,error,imp[0].bidFloor,3.2.4
p003542,oneindia.com,rtb.nexverse.ai,request,2.5,openrtb.type.mismatch,error,user.yob,3.2.20
p003543,oneindia.com,rtb.nexverse.ai,request,2.5,openrtb.field.undefined,error,imp[0].bidFloor,3.2.4
p003543,oneindia.com,rtb.nexverse.ai,request,2.5,openrtb.type.mismatch,error,user.yob,3.2.20
p003544,oneindia.com,rtb.nexverse.ai,request,2.5,openrtb.field.undefined,error,imp[0].bidFloor,3.2.4
p003544,oneindia.com,rtb.nexverse.ai,request,2.5,openrtb.type.mismatch,error,user.yob,3.2.20
p003545,oneindia.com,rtb.nexverse.ai,request,2.5,openrtb.field.undefined,error,imp[0].bidFloor,3.2.4
p003545,oneindia.com,rtb.nexverse.ai,request,2.5,openrtb.type.mismatch,error,user.yob,3.2.20
p003546,oneindia.com,rtb.nexverse.ai,request,2.5,openrtb.field.undefined,error,imp[0].bidFloor,3.2.4
p003546,oneindia.com,rtb.nexverse.ai,request,2.5,openrtb.type.mismatch,error,user.yob,3.2.20
p003547,oneindia.com,rtb.nexverse.ai,request,2.5,openrtb.field.undefined,error,imp[0].bidFloor,3.2.4
p003547,oneindia.com,rtb.nexverse.ai,request,2.5,openrtb.type.mismatch,error,user.yob,3.2.20
p003548,oneindia.com,rtb.nexverse.ai,request,2.5,openrtb.field.undefined,error,imp[0].bidFloor,3.2.4
p003548,oneindia.com,rtb.nexverse.ai,request,2.5,openrtb.type.mismatch,error,user.yob,3.2.20
p003549,oneindia.com,rtb.nexverse.ai,response,2.6-202606,openrtb.bid.mtype_missing,warning,seatbid[0].bid[0].mtype,4.2.3
p003550,autoguide.com,rtb.openx.net,request,2.6-202606,openrtb.field.moved,error,regs.ext.gdpr,Section 3.2.3
p003551,autoguide.com,rtb.openx.net,request,2.6-202606,openrtb.field.moved,error,regs.ext.gdpr,Section 3.2.3
p003552,autoguide.com,rtb.openx.net,request,2.6-202606,openrtb.field.moved,error,regs.ext.gdpr,Section 3.2.3
p003553,autoguide.com,rtb.openx.net,request,2.6-202606,openrtb.field.moved,error,regs.ext.gdpr,Section 3.2.3
p003554,autoguide.com,rtb.openx.net,request,2.6-202606,openrtb.field.moved,error,regs.ext.gdpr,Section 3.2.3
p003555,autoguide.com,rtb.openx.net,request,2.6-202606,openrtb.field.moved,error,regs.ext.gdpr,Section 3.2.3
p003556,autoguide.com,rtb.openx.net,request,2.6-202606,openrtb.field.moved,error,regs.ext.gdpr,Section 3.2.3
p003557,autoguide.com,rtb.openx.net,request,2.6-202606,openrtb.field.moved,error,regs.ext.gdpr,Section 3.2.3
p003558,autoguide.com,rtb.openx.net,request,2.6-202606,openrtb.field.moved,error,regs.ext.gdpr,Section 3.2.3
p003559,autoguide.com,rtb.openx.net,request,2.6-202606,openrtb.field.moved,error,regs.ext.gdpr,Section 3.2.3
p003560,autoguide.com,rtb.openx.net,request,2.6-202606,openrtb.field.moved,error,regs.ext.gdpr,Section 3.2.3
p003561,autoguide.com,rtb.openx.net,request,2.6-202606,openrtb.field.moved,error,regs.ext.gdpr,Section 3.2.3
p003562,autoguide.com,rtb.openx.net,request,2.6-202606,openrtb.field.moved,error,regs.ext.gdpr,Section 3.2.3
p003563,autoguide.com,rtb.openx.net,request,2.6-202606,openrtb.field.moved,error,regs.ext.gdpr,Section 3.2.3
p003564,autoguide.com,rtb.openx.net,request,2.6-202606,openrtb.field.moved,error,regs.ext.gdpr,Section 3.2.3
p003565,autoexpress.co.uk,rtb.openx.net,request,2.6-202606,openrtb.field.undefined,error,device.geo.state,3.2.19
p003565,autoexpress.co.uk,rtb.openx.net,request,2.6-202606,openrtb.field.deprecated,warning,imp[0].video.placement,Section 3.2.7
p003566,autoexpress.co.uk,rtb.openx.net,request,2.6-202606,openrtb.field.undefined,error,device.geo.state,3.2.19
p003566,autoexpress.co.uk,rtb.openx.net,request,2.6-202606,openrtb.field.deprecated,warning,imp[0].video.placement,Section 3.2.7
p003585,cupofjo.com,rtb.openx.net,request,2.6-202606,openrtb.field.deprecated,warning,imp[0].video.placement,Section 3.2.7
p003585,cupofjo.com,rtb.openx.net,request,2.6-202606,openrtb.value.invalid,error,imp[0].video.skip,3.2.7
p003597,elespectador.com,rtb.openx.net,request,2.6-202606,openrtb.type.mismatch,error,site.publisher.id,3.2.15
p003598,elespectador.com,rtb.openx.net,request,2.6-202606,openrtb.type.mismatch,error,site.publisher.id,3.2.15
p003599,elespectador.com,rtb.openx.net,request,2.6-202606,openrtb.type.mismatch,error,site.publisher.id,3.2.15
p003600,elespectador.com,rtb.openx.net,request,2.6-202606,openrtb.type.mismatch,error,site.publisher.id,3.2.15
p003601,elespectador.com,rtb.openx.net,request,2.6-202606,openrtb.type.mismatch,error,site.publisher.id,3.2.15
p003602,elespectador.com,rtb.openx.net,request,2.6-202606,openrtb.type.mismatch,error,site.publisher.id,3.2.15
p003603,elespectador.com,rtb.openx.net,request,2.6-202606,openrtb.type.mismatch,error,site.publisher.id,3.2.15
p003604,elespectador.com,rtb.openx.net,request,2.6-202606,openrtb.type.mismatch,error,site.publisher.id,3.2.15
p003617,fox11online.com,rtb.openx.net,request,2.6-202606,openrtb.field.deprecated,warning,imp[0].video.placement,Section 3.2.7
p003617,fox11online.com,rtb.openx.net,request,2.6-202606,openrtb.field.moved,error,regs.ext.gdpr,Section 3.2.3
p003618,fox11online.com,rtb.openx.net,request,2.6-202606,openrtb.field.moved,error,regs.ext.gdpr,Section 3.2.3
p003619,fox11online.com,rtb.openx.net,request,2.6-202606,openrtb.field.deprecated,warning,imp[0].video.placement,Section 3.2.7
p003619,fox11online.com,rtb.openx.net,request,2.6-202606,openrtb.value.invalid,error,imp[0].video.skip,3.2.7
p003620,fox11online.com,rtb.openx.net,request,2.6-202606,openrtb.field.deprecated,warning,imp[0].video.placement,Section 3.2.7
p003620,fox11online.com,rtb.openx.net,request,2.6-202606,openrtb.value.invalid,error,imp[0].video.skip,3.2.7
p003621,fox11online.com,rtb.openx.net,request,2.6-202606,openrtb.field.deprecated,warning,imp[0].video.placement,Section 3.2.7
p003621,fox11online.com,rtb.openx.net,request,2.6-202606,openrtb.value.invalid,error,imp[0].video.skip,3.2.7
p003622,fox11online.com,rtb.openx.net,request,2.6-202606,openrtb.field.deprecated,warning,imp[0].video.placement,Section 3.2.7
p003622,fox11online.com,rtb.openx.net,request,2.6-202606,openrtb.value.invalid,error,imp[0].video.skip,3.2.7
p003623,fox11online.com,rtb.openx.net,request,2.6-202606,openrtb.field.deprecated,warning,imp[0].video.placement,Section 3.2.7
p003623,fox11online.com,rtb.openx.net,request,2.6-202606,openrtb.value.invalid,error,imp[0].video.skip,3.2.7
p003624,fox11online.com,rtb.openx.net,request,2.6-202606,openrtb.field.deprecated,warning,imp[0].video.placement,Section 3.2.7
p003624,fox11online.com,rtb.openx.net,request,2.6-202606,openrtb.value.invalid,error,imp[0].video.skip,3.2.7
p003625,fox11online.com,rtb.openx.net,request,2.6-202606,openrtb.field.deprecated,warning,imp[0].video.placement,Section 3.2.7
p003625,fox11online.com,rtb.openx.net,request,2.6-202606,openrtb.value.invalid,error,imp[0].video.skip,3.2.7
p003626,fox11online.com,rtb.openx.net,request,2.6-202606,openrtb.field.deprecated,warning,imp[0].video.placement,Section 3.2.7
p003626,fox11online.com,rtb.openx.net,request,2.6-202606,openrtb.value.invalid,error,imp[0].video.skip,3.2.7
p003627,fox11online.com,rtb.openx.net,request,2.6-202606,openrtb.field.deprecated,warning,imp[0].video.placement,Section 3.2.7
p003627,fox11online.com,rtb.openx.net,request,2.6-202606,openrtb.field.moved,error,regs.ext.gdpr,Section 3.2.3
p003628,fox11online.com,rtb.openx.net,request,2.6-202606,openrtb.field.moved,error,regs.ext.gdpr,Section 3.2.3
p003630,fox11online.com,rtb.openx.net,request,2.6-202606,openrtb.field.deprecated,warning,imp[0].video.placement,Section 3.2.7
p003632,fox11online.com,rtb.openx.net,request,2.6-202606,openrtb.field.deprecated,warning,imp[0].video.placement,Section 3.2.7
p003633,fox11online.com,rtb.openx.net,request,2.6-202606,openrtb.field.deprecated,warning,imp[0].video.placement,Section 3.2.7
p003633,fox11online.com,rtb.openx.net,request,2.6-202606,openrtb.value.invalid,error,imp[0].video.skip,3.2.7
p003634,fox11online.com,rtb.openx.net,request,2.6-202606,openrtb.field.deprecated,warning,imp[0].video.placement,Section 3.2.7
p003635,fox11online.com,rtb.openx.net,request,2.6-202606,openrtb.field.deprecated,warning,imp[0].video.placement,Section 3.2.7
p003635,fox11online.com,rtb.openx.net,request,2.6-202606,openrtb.value.invalid,error,imp[0].video.skip,3.2.7
p003636,fox11online.com,rtb.openx.net,request,2.6-202606,openrtb.field.deprecated,warning,imp[0].video.placement,Section 3.2.7
p003636,fox11online.com,rtb.openx.net,request,2.6-202606,openrtb.value.invalid,error,imp[0].video.skip,3.2.7
p003637,fox11online.com,rtb.openx.net,request,2.6-202606,openrtb.field.deprecated,warning,imp[0].video.placement,Section 3.2.7
p003637,fox11online.com,rtb.openx.net,request,2.6-202606,openrtb.value.invalid,error,imp[0].video.skip,3.2.7
p003638,genealogy.com,rtb.openx.net,request,2.6-202606,openrtb.field.undefined,error,device.geo.state,3.2.19
p003638,genealogy.com,rtb.openx.net,request,2.6-202606,openrtb.field.deprecated,warning,imp[0].video.placement,Section 3.2.7
p003639,genealogy.com,rtb.openx.net,request,2.6-202606,openrtb.field.undefined,error,device.geo.state,3.2.19
p003639,genealogy.com,rtb.openx.net,request,2.6-202606,openrtb.field.deprecated,warning,imp[0].video.placement,Section 3.2.7
p003640,genealogy.com,rtb.openx.net,request,2.6-202606,openrtb.field.undefined,error,device.geo.state,3.2.19
p003640,genealogy.com,rtb.openx.net,request,2.6-202606,openrtb.field.deprecated,warning,imp[0].video.placement,Section 3.2.7
p003641,genealogy.com,rtb.openx.net,request,2.6-202606,openrtb.field.undefined,error,device.geo.state,3.2.19
p003641,genealogy.com,rtb.openx.net,request,2.6-202606,openrtb.field.deprecated,warning,imp[0].video.placement,Section 3.2.7
p003642,genealogy.com,rtb.openx.net,request,2.6-202606,openrtb.field.undefined,error,device.geo.state,3.2.19
p003642,genealogy.com,rtb.openx.net,request,2.6-202606,openrtb.field.deprecated,warning,imp[0].video.placement,Section 3.2.7
p003643,genealogy.com,rtb.openx.net,request,2.6-202606,openrtb.field.undefined,error,device.geo.state,3.2.19
p003643,genealogy.com,rtb.openx.net,request,2.6-202606,openrtb.field.deprecated,warning,imp[0].video.placement,Section 3.2.7
p003644,genealogy.com,rtb.openx.net,request,2.6-202606,openrtb.field.undefined,error,device.geo.state,3.2.19
p003644,genealogy.com,rtb.openx.net,request,2.6-202606,openrtb.field.deprecated,warning,imp[0].video.placement,Section 3.2.7
p003645,genealogy.com,rtb.openx.net,request,2.6-202606,openrtb.field.undefined,error,device.geo.state,3.2.19
p003645,genealogy.com,rtb.openx.net,request,2.6-202606,openrtb.field.deprecated,warning,imp[0].video.placement,Section 3.2.7
p003645,genealogy.com,rtb.openx.net,request,2.6-202606,openrtb.value.invalid,error,imp[0].video.skip,3.2.7
p003648,halfbakedharvest.com,rtb.openx.net,request,2.6-202606,openrtb.field.deprecated,warning,imp[0].video.placement,Section 3.2.7
p003648,halfbakedharvest.com,rtb.openx.net,request,2.6-202606,openrtb.value.invalid,error,imp[0].video.skip,3.2.7
p003650,halfbakedharvest.com,rtb.openx.net,request,2.6-202606,openrtb.field.deprecated,warning,imp[0].video.placement,Section 3.2.7
p003650,halfbakedharvest.com,rtb.openx.net,request,2.6-202606,openrtb.value.invalid,error,imp[0].video.skip,3.2.7
p003654,halfbakedharvest.com,rtb.openx.net,request,2.6-202606,openrtb.field.deprecated,warning,imp[0].video.placement,Section 3.2.7
p003654,halfbakedharvest.com,rtb.openx.net,request,2.6-202606,openrtb.value.invalid,error,imp[0].video.skip,3.2.7
p003655,halfbakedharvest.com,rtb.openx.net,request,2.6-202606,openrtb.field.deprecated,warning,imp[0].video.placement,Section 3.2.7
p003655,halfbakedharvest.com,rtb.openx.net,request,2.6-202606,openrtb.value.invalid,error,imp[0].video.skip,3.2.7
p003656,halfbakedharvest.com,rtb.openx.net,request,2.6-202606,openrtb.field.deprecated,warning,imp[0].video.placement,Section 3.2.7
p003656,halfbakedharvest.com,rtb.openx.net,request,2.6-202606,openrtb.value.invalid,error,imp[0].video.skip,3.2.7
p003657,howlongtobeat.com,rtb.openx.net,request,2.6-202606,openrtb.type.mismatch,error,imp[0].tagid,3.2.4
p003657,howlongtobeat.com,rtb.openx.net,request,2.6-202606,openrtb.type.mismatch,error,imp[1].tagid,3.2.4
p003657,howlongtobeat.com,rtb.openx.net,request,2.6-202606,openrtb.type.mismatch,error,imp[2].tagid,3.2.4
p003657,howlongtobeat.com,rtb.openx.net,request,2.6-202606,openrtb.type.mismatch,error,imp[3].tagid,3.2.4
p003658,imore.com,rtb.openx.net,request,2.6-202606,openrtb.field.moved,error,regs.ext.gdpr,Section 3.2.3
p003659,imore.com,rtb.openx.net,request,2.6-202606,openrtb.field.moved,error,regs.ext.gdpr,Section 3.2.3
p003660,imore.com,rtb.openx.net,request,2.6-202606,openrtb.field.moved,error,regs.ext.gdpr,Section 3.2.3
p003661,moly.hu,rtb.openx.net,request,2.6-202606,openrtb.field.moved,error,regs.ext.gdpr,Section 3.2.3
p003662,montgomeryadvertiser.com,rtb.openx.net,request,2.6-202606,openrtb.field.deprecated,warning,imp[0].video.placement,Section 3.2.7
p003662,montgomeryadvertiser.com,rtb.openx.net,request,2.6-202606,openrtb.value.invalid,error,imp[0].video.skip,3.2.7
p003664,moly.hu,rtb.openx.net,request,2.6-202606,openrtb.field.moved,error,regs.ext.gdpr,Section 3.2.3
p003668,namemc.com,rtb.openx.net,request,2.6-202606,openrtb.field.moved,error,regs.ext.gdpr,Section 3.2.3
p003669,namemc.com,rtb.openx.net,request,2.6-202606,openrtb.field.deprecated,warning,imp[0].video.placement,Section 3.2.7
p003671,namemc.com,rtb.openx.net,request,2.6-202606,openrtb.field.deprecated,warning,imp[0].video.placement,Section 3.2.7
p003673,namemc.com,rtb.openx.net,request,2.6-202606,openrtb.field.deprecated,warning,imp[0].video.placement,Section 3.2.7
p003674,nationaltoday.com,rtb.openx.net,request,2.6-202606,openrtb.field.moved,error,regs.ext.gdpr,Section 3.2.3
p003675,nationaltoday.com,rtb.openx.net,request,2.6-202606,openrtb.field.moved,error,regs.ext.gdpr,Section 3.2.3
p003676,myjoyonline.com,rtb.openx.net,request,2.6-202606,openrtb.field.moved,error,regs.ext.gdpr,Section 3.2.3
p003681,nationaltoday.com,rtb.openx.net,request,2.6-202606,openrtb.field.moved,error,regs.ext.gdpr,Section 3.2.3
p003682,nationaltoday.com,rtb.openx.net,request,2.6-202606,openrtb.field.deprecated,warning,imp[0].video.placement,Section 3.2.7
p003683,nationaltoday.com,rtb.openx.net,request,2.6-202606,openrtb.field.deprecated,warning,imp[0].video.placement,Section 3.2.7
p003689,nesn.com,rtb.openx.net,request,2.6-202606,openrtb.field.deprecated,warning,imp[0].video.placement,Section 3.2.7
p003689,nesn.com,rtb.openx.net,request,2.6-202606,openrtb.value.invalid,error,imp[0].video.skip,3.2.7
p003690,nesn.com,rtb.openx.net,request,2.6-202606,openrtb.field.deprecated,warning,imp[0].video.placement,Section 3.2.7
p003690,nesn.com,rtb.openx.net,request,2.6-202606,openrtb.value.invalid,error,imp[0].video.skip,3.2.7
p003691,nintendoeverything.com,rtb.openx.net,request,2.6-202606,openrtb.field.deprecated,warning,imp[2].video.placement,Section 3.2.7
p003691,nintendoeverything.com,rtb.openx.net,request,2.6-202606,openrtb.value.invalid,error,imp[2].video.skip,3.2.7
p003692,nintendoeverything.com,rtb.openx.net,request,2.6-202606,openrtb.field.deprecated,warning,imp[2].video.placement,Section 3.2.7
p003692,nintendoeverything.com,rtb.openx.net,request,2.6-202606,openrtb.value.invalid,error,imp[2].video.skip,3.2.7
p003692,nintendoeverything.com,rtb.openx.net,request,2.6-202606,openrtb.field.deprecated,warning,imp[4].video.placement,Section 3.2.7
p003692,nintendoeverything.com,rtb.openx.net,request,2.6-202606,openrtb.value.invalid,error,imp[4].video.skip,3.2.7
p003693,nintendoeverything.com,rtb.openx.net,request,2.6-202606,openrtb.field.deprecated,warning,imp[1].video.placement,Section 3.2.7
p003693,nintendoeverything.com,rtb.openx.net,request,2.6-202606,openrtb.value.invalid,error,imp[1].video.skip,3.2.7
p003694,nintendoeverything.com,rtb.openx.net,request,2.6-202606,openrtb.field.deprecated,warning,imp[0].video.placement,Section 3.2.7
p003694,nintendoeverything.com,rtb.openx.net,request,2.6-202606,openrtb.value.invalid,error,imp[0].video.skip,3.2.7
p003695,oneindia.com,rtb.openx.net,request,2.6-202606,openrtb.field.undefined,error,user.interests,3.2.20
p003696,oneindia.com,rtb.openx.net,request,2.6-202606,openrtb.field.undefined,error,user.interests,3.2.20
p003697,nintendoeverything.com,rtb.openx.net,request,2.6-202606,openrtb.field.deprecated,warning,imp[1].video.placement,Section 3.2.7
p003697,nintendoeverything.com,rtb.openx.net,request,2.6-202606,openrtb.value.invalid,error,imp[1].video.skip,3.2.7
p003698,nintendoeverything.com,rtb.openx.net,request,2.6-202606,openrtb.field.deprecated,warning,imp[2].video.placement,Section 3.2.7
p003698,nintendoeverything.com,rtb.openx.net,request,2.6-202606,openrtb.value.invalid,error,imp[2].video.skip,3.2.7
p003698,nintendoeverything.com,rtb.openx.net,request,2.6-202606,openrtb.field.deprecated,warning,imp[4].video.placement,Section 3.2.7
p003698,nintendoeverything.com,rtb.openx.net,request,2.6-202606,openrtb.value.invalid,error,imp[4].video.skip,3.2.7
p003698,nintendoeverything.com,rtb.openx.net,request,2.6-202606,openrtb.field.deprecated,warning,imp[7].video.placement,Section 3.2.7
p003698,nintendoeverything.com,rtb.openx.net,request,2.6-202606,openrtb.value.invalid,error,imp[7].video.skip,3.2.7
p003699,nintendoeverything.com,rtb.openx.net,request,2.6-202606,openrtb.field.deprecated,warning,imp[0].video.placement,Section 3.2.7
p003700,nintendoeverything.com,rtb.openx.net,request,2.6-202606,openrtb.field.deprecated,warning,imp[0].video.placement,Section 3.2.7
p003700,nintendoeverything.com,rtb.openx.net,request,2.6-202606,openrtb.value.invalid,error,imp[0].video.skip,3.2.7
p003701,nintendoeverything.com,rtb.openx.net,request,2.6-202606,openrtb.field.deprecated,warning,imp[0].video.placement,Section 3.2.7
p003702,nintendoeverything.com,rtb.openx.net,request,2.6-202606,openrtb.field.deprecated,warning,imp[0].video.placement,Section 3.2.7
p003703,outsideonline.com,rtb.openx.net,request,2.6-202606,openrtb.field.moved,error,regs.ext.gdpr,Section 3.2.3
p003704,outsideonline.com,rtb.openx.net,request,2.6-202606,openrtb.field.moved,error,regs.ext.gdpr,Section 3.2.3
p003705,outsideonline.com,rtb.openx.net,request,2.6-202606,openrtb.field.moved,error,regs.ext.gdpr,Section 3.2.3
p003706,outsideonline.com,rtb.openx.net,request,2.6-202606,openrtb.field.moved,error,regs.ext.gdpr,Section 3.2.3
p003707,outsideonline.com,rtb.openx.net,request,2.6-202606,openrtb.field.moved,error,regs.ext.gdpr,Section 3.2.3
p003708,oneindia.com,rtb.openx.net,request,2.6-202606,openrtb.field.undefined,error,user.interests,3.2.20
p003709,oneindia.com,rtb.openx.net,request,2.6-202606,openrtb.field.undefined,error,user.interests,3.2.20
p003711,outsideonline.com,rtb.openx.net,request,2.6-202606,openrtb.field.moved,error,regs.ext.gdpr,Section 3.2.3
p003712,outsideonline.com,rtb.openx.net,request,2.6-202606,openrtb.field.moved,error,regs.ext.gdpr,Section 3.2.3
p003713,outsideonline.com,rtb.openx.net,request,2.6-202606,openrtb.field.moved,error,regs.ext.gdpr,Section 3.2.3
p003714,outsideonline.com,rtb.openx.net,request,2.6-202606,openrtb.field.moved,error,regs.ext.gdpr,Section 3.2.3
p003715,outsideonline.com,rtb.openx.net,request,2.6-202606,openrtb.field.moved,error,regs.ext.gdpr,Section 3.2.3
p003716,outsideonline.com,rtb.openx.net,request,2.6-202606,openrtb.field.moved,error,regs.ext.gdpr,Section 3.2.3
p003717,outsideonline.com,rtb.openx.net,request,2.6-202606,openrtb.field.moved,error,regs.ext.gdpr,Section 3.2.3
p003718,pilotonline.com,rtb.openx.net,request,2.6-202606,openrtb.field.deprecated,warning,imp[0].video.placement,Section 3.2.7
p003719,pilotonline.com,rtb.openx.net,request,2.6-202606,openrtb.field.deprecated,warning,imp[0].video.placement,Section 3.2.7
p003721,pilotonline.com,rtb.openx.net,request,2.6-202606,openrtb.field.deprecated,warning,imp[0].video.placement,Section 3.2.7
p003722,purposegames.com,rtb.openx.net,request,2.6-202606,openrtb.field.moved,error,regs.ext.gdpr,Section 3.2.3
p003723,purposegames.com,rtb.openx.net,request,2.6-202606,openrtb.field.moved,error,regs.ext.gdpr,Section 3.2.3
p003728,ranker.com,rtb.openx.net,request,2.6-202606,openrtb.field.deprecated,warning,imp[0].video.placement,Section 3.2.7
p003728,ranker.com,rtb.openx.net,request,2.6-202606,openrtb.value.invalid,error,imp[0].video.skip,3.2.7
p003731,ranker.com,rtb.openx.net,request,2.6-202606,openrtb.field.deprecated,warning,imp[0].video.placement,Section 3.2.7
p003731,ranker.com,rtb.openx.net,request,2.6-202606,openrtb.value.invalid,error,imp[0].video.skip,3.2.7
p003732,ranker.com,rtb.openx.net,request,2.6-202606,openrtb.field.deprecated,warning,imp[0].video.placement,Section 3.2.7
p003732,ranker.com,rtb.openx.net,request,2.6-202606,openrtb.value.invalid,error,imp[0].video.skip,3.2.7
p003733,ranker.com,rtb.openx.net,request,2.6-202606,openrtb.field.deprecated,warning,imp[0].video.placement,Section 3.2.7
p003733,ranker.com,rtb.openx.net,request,2.6-202606,openrtb.value.invalid,error,imp[0].video.skip,3.2.7
p003734,ranker.com,rtb.openx.net,request,2.6-202606,openrtb.field.deprecated,warning,imp[0].video.placement,Section 3.2.7
p003734,ranker.com,rtb.openx.net,request,2.6-202606,openrtb.value.invalid,error,imp[0].video.skip,3.2.7
p003743,salon.com,rtb.openx.net,request,2.6-202606,openrtb.field.deprecated,warning,imp[0].video.placement,Section 3.2.7
p003743,salon.com,rtb.openx.net,request,2.6-202606,openrtb.value.invalid,error,imp[0].video.skip,3.2.7
p003745,salon.com,rtb.openx.net,request,2.6-202606,openrtb.field.deprecated,warning,imp[0].video.placement,Section 3.2.7
p003745,salon.com,rtb.openx.net,request,2.6-202606,openrtb.value.invalid,error,imp[0].video.skip,3.2.7
p003747,salon.com,rtb.openx.net,request,2.6-202606,openrtb.field.deprecated,warning,imp[0].video.placement,Section 3.2.7
p003747,salon.com,rtb.openx.net,request,2.6-202606,openrtb.value.invalid,error,imp[0].video.skip,3.2.7
p003753,salon.com,rtb.openx.net,request,2.6-202606,openrtb.field.deprecated,warning,imp[0].video.placement,Section 3.2.7
p003753,salon.com,rtb.openx.net,request,2.6-202606,openrtb.value.invalid,error,imp[0].video.skip,3.2.7
p003754,salon.com,rtb.openx.net,request,2.6-202606,openrtb.field.deprecated,warning,imp[0].video.placement,Section 3.2.7
p003754,salon.com,rtb.openx.net,request,2.6-202606,openrtb.value.invalid,error,imp[0].video.skip,3.2.7
p003755,salon.com,rtb.openx.net,request,2.6-202606,openrtb.field.deprecated,warning,imp[0].video.placement,Section 3.2.7
p003755,salon.com,rtb.openx.net,request,2.6-202606,openrtb.value.invalid,error,imp[0].video.skip,3.2.7
p003756,self.com,rtb.openx.net,request,2.6-202606,openrtb.fields.mutually_exclusive,error,site.keywords,3.2.13
p003757,self.com,rtb.openx.net,request,2.6-202606,openrtb.fields.mutually_exclusive,error,site.keywords,3.2.13
p003758,self.com,rtb.openx.net,request,2.6-202606,openrtb.fields.mutually_exclusive,error,site.keywords,3.2.13
p003759,self.com,rtb.openx.net,request,2.6-202606,openrtb.fields.mutually_exclusive,error,site.keywords,3.2.13
p003760,tennessean.com,rtb.openx.net,request,2.6-202606,openrtb.field.deprecated,warning,imp[0].video.placement,Section 3.2.7
p003760,tennessean.com,rtb.openx.net,request,2.6-202606,openrtb.value.invalid,error,imp[0].video.skip,3.2.7
p003761,tennessean.com,rtb.openx.net,request,2.6-202606,openrtb.field.undefined,error,device.geo.state,3.2.19
p003761,tennessean.com,rtb.openx.net,request,2.6-202606,openrtb.field.deprecated,warning,imp[0].video.placement,Section 3.2.7
p003765,tio.ch,rtb.openx.net,request,2.6-202606,openrtb.field.deprecated,warning,imp[0].video.placement,Section 3.2.7
p003765,tio.ch,rtb.openx.net,request,2.6-202606,openrtb.value.invalid,error,imp[0].video.skip,3.2.7
p003765,tio.ch,rtb.openx.net,request,2.6-202606,openrtb.field.moved,error,regs.ext.gdpr,Section 3.2.3
p003765,tio.ch,rtb.openx.net,request,2.6-202606,openrtb.field.moved,error,user.ext.consent,Section 3.2.20
p003766,tio.ch,rtb.openx.net,request,2.6-202606,openrtb.field.moved,error,regs.ext.gdpr,Section 3.2.3
p003766,tio.ch,rtb.openx.net,request,2.6-202606,openrtb.field.moved,error,user.ext.consent,Section 3.2.20
p003767,tio.ch,rtb.openx.net,request,2.6-202606,openrtb.field.moved,error,regs.ext.gdpr,Section 3.2.3
p003767,tio.ch,rtb.openx.net,request,2.6-202606,openrtb.field.moved,error,user.ext.consent,Section 3.2.20
p003768,tio.ch,rtb.openx.net,request,2.6-202606,openrtb.field.moved,error,regs.ext.gdpr,Section 3.2.3
p003768,tio.ch,rtb.openx.net,request,2.6-202606,openrtb.field.moved,error,user.ext.consent,Section 3.2.20
p003769,tio.ch,rtb.openx.net,request,2.6-202606,openrtb.field.moved,error,regs.ext.gdpr,Section 3.2.3
p003769,tio.ch,rtb.openx.net,request,2.6-202606,openrtb.field.moved,error,user.ext.consent,Section 3.2.20
p003770,tio.ch,rtb.openx.net,request,2.6-202606,openrtb.field.moved,error,regs.ext.gdpr,Section 3.2.3
p003770,tio.ch,rtb.openx.net,request,2.6-202606,openrtb.field.moved,error,user.ext.consent,Section 3.2.20
p003773,upi.com,rtb.openx.net,request,2.6-202606,openrtb.field.undefined,error,geo,3.2.1
p003773,upi.com,rtb.openx.net,request,2.6-202606,openrtb.field.undefined,error,imp[0].battr,3.2.4
p003773,upi.com,rtb.openx.net,request,2.6-202606,openrtb.field.undefined,error,imp[1].battr,3.2.4
p003773,upi.com,rtb.openx.net,request,2.6-202606,openrtb.field.undefined,error,imp[2].battr,3.2.4
p003773,upi.com,rtb.openx.net,request,2.6-202606,openrtb.field.undefined,error,imp[3].battr,3.2.4
p003773,upi.com,rtb.openx.net,request,2.6-202606,openrtb.field.undefined,error,imp[4].battr,3.2.4
p003773,upi.com,rtb.openx.net,request,2.6-202606,openrtb.field.undefined,error,imp[5].battr,3.2.4
p003773,upi.com,rtb.openx.net,request,2.6-202606,openrtb.field.undefined,error,imp[6].battr,3.2.4
p003774,upi.com,rtb.openx.net,request,2.6-202606,openrtb.field.deprecated,warning,imp[0].video.placement,Section 3.2.7
p003775,upi.com,rtb.openx.net,request,2.6-202606,openrtb.field.deprecated,warning,imp[0].video.placement,Section 3.2.7
p003776,upi.com,rtb.openx.net,request,2.6-202606,openrtb.field.deprecated,warning,imp[0].video.placement,Section 3.2.7
p003777,upi.com,rtb.openx.net,request,2.6-202606,openrtb.field.undefined,error,geo,3.2.1
p003777,upi.com,rtb.openx.net,request,2.6-202606,openrtb.field.undefined,error,imp[0].battr,3.2.4
p003777,upi.com,rtb.openx.net,request,2.6-202606,openrtb.field.undefined,error,imp[1].battr,3.2.4
p003777,upi.com,rtb.openx.net,request,2.6-202606,openrtb.field.undefined,error,imp[2].battr,3.2.4
p003777,upi.com,rtb.openx.net,request,2.6-202606,openrtb.field.undefined,error,imp[3].battr,3.2.4
p003778,upi.com,rtb.openx.net,request,2.6-202606,openrtb.field.deprecated,warning,imp[0].video.placement,Section 3.2.7
p003779,upi.com,rtb.openx.net,request,2.6-202606,openrtb.field.deprecated,warning,imp[0].video.placement,Section 3.2.7
p003782,vivitusuerte.com,rtb.openx.net,request,2.6-202606,openrtb.value.invalid,error,imp[0].video.skip,3.2.7
p003782,vivitusuerte.com,rtb.openx.net,request,2.6-202606,openrtb.field.moved,error,regs.ext.gdpr,Section 3.2.3
p003782,vivitusuerte.com,rtb.openx.net,request,2.6-202606,openrtb.field.moved,error,user.ext.consent,Section 3.2.20
p003783,vivitusuerte.com,rtb.openx.net,request,2.6-202606,openrtb.value.invalid,error,imp[0].video.skip,3.2.7
p003783,vivitusuerte.com,rtb.openx.net,request,2.6-202606,openrtb.field.moved,error,regs.ext.gdpr,Section 3.2.3
p003783,vivitusuerte.com,rtb.openx.net,request,2.6-202606,openrtb.field.moved,error,user.ext.consent,Section 3.2.20
p003784,vivitusuerte.com,rtb.openx.net,request,2.6-202606,openrtb.value.invalid,error,imp[0].video.skip,3.2.7
p003784,vivitusuerte.com,rtb.openx.net,request,2.6-202606,openrtb.field.moved,error,regs.ext.gdpr,Section 3.2.3
p003784,vivitusuerte.com,rtb.openx.net,request,2.6-202606,openrtb.field.moved,error,user.ext.consent,Section 3.2.20
p003785,vivitusuerte.com,rtb.openx.net,request,2.6-202606,openrtb.value.invalid,error,imp[0].video.skip,3.2.7
p003785,vivitusuerte.com,rtb.openx.net,request,2.6-202606,openrtb.field.moved,error,regs.ext.gdpr,Section 3.2.3
p003785,vivitusuerte.com,rtb.openx.net,request,2.6-202606,openrtb.field.moved,error,user.ext.consent,Section 3.2.20
p003786,vivitusuerte.com,rtb.openx.net,request,2.6-202606,openrtb.value.invalid,error,imp[0].video.skip,3.2.7
p003786,vivitusuerte.com,rtb.openx.net,request,2.6-202606,openrtb.field.moved,error,regs.ext.gdpr,Section 3.2.3
p003786,vivitusuerte.com,rtb.openx.net,request,2.6-202606,openrtb.field.moved,error,user.ext.consent,Section 3.2.20
p003792,webdesignerdepot.com,rtb.openx.net,request,2.6-202606,openrtb.field.deprecated,warning,imp[0].video.placement,Section 3.2.7
p003792,webdesignerdepot.com,rtb.openx.net,request,2.6-202606,openrtb.value.invalid,error,imp[0].video.skip,3.2.7
p003794,webdesignerdepot.com,rtb.openx.net,request,2.6-202606,openrtb.field.deprecated,warning,imp[0].video.placement,Section 3.2.7
p003794,webdesignerdepot.com,rtb.openx.net,request,2.6-202606,openrtb.value.invalid,error,imp[0].video.skip,3.2.7
p003796,webdesignerdepot.com,rtb.openx.net,request,2.6-202606,openrtb.field.deprecated,warning,imp[0].video.placement,Section 3.2.7
p003796,webdesignerdepot.com,rtb.openx.net,request,2.6-202606,openrtb.value.invalid,error,imp[0].video.skip,3.2.7
p003799,webdesignerdepot.com,rtb.openx.net,request,2.6-202606,openrtb.field.deprecated,warning,imp[0].video.placement,Section 3.2.7
p003799,webdesignerdepot.com,rtb.openx.net,request,2.6-202606,openrtb.value.invalid,error,imp[0].video.skip,3.2.7
p003802,webdesignerdepot.com,rtb.openx.net,request,2.6-202606,openrtb.field.deprecated,warning,imp[0].video.placement,Section 3.2.7
p003802,webdesignerdepot.com,rtb.openx.net,request,2.6-202606,openrtb.value.invalid,error,imp[0].video.skip,3.2.7
p003805,webdesignerdepot.com,rtb.openx.net,request,2.6-202606,openrtb.field.deprecated,warning,imp[0].video.placement,Section 3.2.7
p003805,webdesignerdepot.com,rtb.openx.net,request,2.6-202606,openrtb.value.invalid,error,imp[0].video.skip,3.2.7
p003806,webdesignerdepot.com,rtb.openx.net,request,2.6-202606,openrtb.field.deprecated,warning,imp[0].video.placement,Section 3.2.7
p003806,webdesignerdepot.com,rtb.openx.net,request,2.6-202606,openrtb.value.invalid,error,imp[0].video.skip,3.2.7
p003807,webdesignerdepot.com,rtb.openx.net,request,2.6-202606,openrtb.field.deprecated,warning,imp[0].video.placement,Section 3.2.7
p003807,webdesignerdepot.com,rtb.openx.net,request,2.6-202606,openrtb.value.invalid,error,imp[0].video.skip,3.2.7
p003808,webdesignerdepot.com,rtb.openx.net,request,2.6-202606,openrtb.field.deprecated,warning,imp[0].video.placement,Section 3.2.7
p003808,webdesignerdepot.com,rtb.openx.net,request,2.6-202606,openrtb.value.invalid,error,imp[0].video.skip,3.2.7
p003809,zeldadungeon.net,rtb.openx.net,request,2.6-202606,openrtb.field.moved,error,regs.ext.gdpr,Section 3.2.3
p004067,socialblade.com,s2s.lngtd.com,request,2.6-202606,openrtb.field.undefined,error,imp[0].battr,3.2.4
p004067,socialblade.com,s2s.lngtd.com,request,2.6-202606,openrtb.field.undefined,error,imp[1].battr,3.2.4
p004067,socialblade.com,s2s.lngtd.com,request,2.6-202606,openrtb.field.undefined,error,imp[2].battr,3.2.4
p004067,socialblade.com,s2s.lngtd.com,request,2.6-202606,openrtb.field.undefined,error,imp[3].battr,3.2.4
p004067,socialblade.com,s2s.lngtd.com,request,2.6-202606,openrtb.field.undefined,error,imp[4].battr,3.2.4
p004067,socialblade.com,s2s.lngtd.com,request,2.6-202606,openrtb.field.undefined,error,imp[5].battr,3.2.4
p004067,socialblade.com,s2s.lngtd.com,request,2.6-202606,openrtb.field.undefined,error,imp[6].battr,3.2.4
p004067,socialblade.com,s2s.lngtd.com,request,2.6-202606,openrtb.field.deprecated,warning,imp[6].video.placement,Section 3.2.7
p004067,socialblade.com,s2s.lngtd.com,request,2.6-202606,openrtb.value.invalid,error,imp[6].video.skip,3.2.7
p004068,socialblade.com,s2s.lngtd.com,request,2.6-202606,openrtb.field.undefined,error,imp[0].battr,3.2.4
p004068,socialblade.com,s2s.lngtd.com,request,2.6-202606,openrtb.field.deprecated,warning,imp[0].video.placement,Section 3.2.7
p004068,socialblade.com,s2s.lngtd.com,request,2.6-202606,openrtb.value.invalid,error,imp[0].video.skip,3.2.7
p004069,vice.com,s2s.lngtd.com,request,2.6-202606,openrtb.field.undefined,error,imp[0].battr,3.2.4
p004069,vice.com,s2s.lngtd.com,request,2.6-202606,openrtb.field.undefined,error,imp[1].battr,3.2.4
p004069,vice.com,s2s.lngtd.com,request,2.6-202606,openrtb.field.undefined,error,imp[2].battr,3.2.4
p004070,vice.com,s2s.lngtd.com,request,2.6-202606,openrtb.field.undefined,error,imp[0].battr,3.2.4
p004070,vice.com,s2s.lngtd.com,request,2.6-202606,openrtb.field.undefined,error,imp[1].battr,3.2.4
p004071,socialblade.com,s2s.lngtd.com,response,2.6-202606,openrtb.bid.mtype_missing,warning,seatbid[2].bid[0].mtype,4.2.3
p004071,socialblade.com,s2s.lngtd.com,response,2.6-202606,openrtb.bid.mtype_missing,warning,seatbid[2].bid[1].mtype,4.2.3
p004071,socialblade.com,s2s.lngtd.com,response,2.6-202606,openrtb.bid.mtype_missing,warning,seatbid[2].bid[2].mtype,4.2.3
p004071,socialblade.com,s2s.lngtd.com,response,2.6-202606,openrtb.bid.mtype_missing,warning,seatbid[2].bid[3].mtype,4.2.3
p004071,socialblade.com,s2s.lngtd.com,response,2.6-202606,openrtb.bid.mtype_missing,warning,seatbid[2].bid[4].mtype,4.2.3
p004071,socialblade.com,s2s.lngtd.com,response,2.6-202606,openrtb.bid.mtype_missing,warning,seatbid[4].bid[0].mtype,4.2.3
p004071,socialblade.com,s2s.lngtd.com,response,2.6-202606,openrtb.bid.mtype_missing,warning,seatbid[4].bid[1].mtype,4.2.3
p004071,socialblade.com,s2s.lngtd.com,response,2.6-202606,openrtb.bid.mtype_missing,warning,seatbid[4].bid[2].mtype,4.2.3
p004071,socialblade.com,s2s.lngtd.com,response,2.6-202606,openrtb.bid.mtype_missing,warning,seatbid[4].bid[3].mtype,4.2.3
p004073,vice.com,s2s.lngtd.com,response,2.6-202606,openrtb.bid.mtype_missing,warning,seatbid[1].bid[0].mtype,4.2.3
p004073,vice.com,s2s.lngtd.com,response,2.6-202606,openrtb.bid.mtype_missing,warning,seatbid[3].bid[0].mtype,4.2.3
p004074,vice.com,s2s.lngtd.com,response,2.6-202606,openrtb.bid.mtype_missing,warning,seatbid[2].bid[0].mtype,4.2.3
p004074,vice.com,s2s.lngtd.com,response,2.6-202606,openrtb.bid.mtype_missing,warning,seatbid[3].bid[0].mtype,4.2.3
p004075,upi.com,s2s.t13.io,request,2.6-202606,openrtb.field.undefined,error,geo,3.2.1
p004075,upi.com,s2s.t13.io,request,2.6-202606,openrtb.field.undefined,error,imp[0].battr,3.2.4
p004075,upi.com,s2s.t13.io,request,2.6-202606,openrtb.field.undefined,error,imp[1].battr,3.2.4
p004075,upi.com,s2s.t13.io,request,2.6-202606,openrtb.field.undefined,error,imp[2].battr,3.2.4
p004075,upi.com,s2s.t13.io,request,2.6-202606,openrtb.field.undefined,error,imp[3].battr,3.2.4
p004075,upi.com,s2s.t13.io,request,2.6-202606,openrtb.field.undefined,error,imp[4].battr,3.2.4
p004075,upi.com,s2s.t13.io,request,2.6-202606,openrtb.field.undefined,error,imp[5].battr,3.2.4
p004075,upi.com,s2s.t13.io,request,2.6-202606,openrtb.field.undefined,error,imp[6].battr,3.2.4
p004076,upi.com,s2s.t13.io,request,2.6-202606,openrtb.field.undefined,error,geo,3.2.1
p004076,upi.com,s2s.t13.io,request,2.6-202606,openrtb.field.undefined,error,imp[0].battr,3.2.4
p004076,upi.com,s2s.t13.io,request,2.6-202606,openrtb.field.undefined,error,imp[1].battr,3.2.4
p004076,upi.com,s2s.t13.io,request,2.6-202606,openrtb.field.undefined,error,imp[2].battr,3.2.4
p004076,upi.com,s2s.t13.io,request,2.6-202606,openrtb.field.undefined,error,imp[3].battr,3.2.4
p004079,teletica.com,s2s.viralize.tv,request,2.5,openrtb.field.undefined,error,device.sua,3.2.18
p004080,vivitusuerte.com,s2s.viralize.tv,request,2.5,openrtb.field.undefined,error,device.sua,3.2.18
p004081,vivitusuerte.com,s2s.viralize.tv,request,2.5,openrtb.field.undefined,error,device.sua,3.2.18
p004082,vivitusuerte.com,s2s.viralize.tv,request,2.5,openrtb.field.undefined,error,device.sua,3.2.18
p004083,vivitusuerte.com,s2s.viralize.tv,request,2.5,openrtb.field.undefined,error,device.sua,3.2.18
p004084,vivitusuerte.com,s2s.viralize.tv,request,2.5,openrtb.field.undefined,error,device.sua,3.2.18
p004085,nesn.com,server.cpmstar.com,request,2.6-202606,openrtb.field.undefined,error,adUnitCode,3.2.1
p004085,nesn.com,server.cpmstar.com,request,2.6-202606,openrtb.field.undefined,error,banner,3.2.1
p004086,nesn.com,server.cpmstar.com,request,2.6-202606,openrtb.field.undefined,error,adUnitCode,3.2.1
p004086,nesn.com,server.cpmstar.com,request,2.6-202606,openrtb.field.undefined,error,banner,3.2.1
p004087,nesn.com,server.cpmstar.com,request,2.6-202606,openrtb.field.undefined,error,adUnitCode,3.2.1
p004087,nesn.com,server.cpmstar.com,request,2.6-202606,openrtb.field.undefined,error,banner,3.2.1
p004088,nesn.com,server.cpmstar.com,request,2.6-202606,openrtb.field.undefined,error,adUnitCode,3.2.1
p004088,nesn.com,server.cpmstar.com,request,2.6-202606,openrtb.field.undefined,error,banner,3.2.1
p004089,nesn.com,server.cpmstar.com,request,2.6-202606,openrtb.field.undefined,error,adUnitCode,3.2.1
p004089,nesn.com,server.cpmstar.com,request,2.6-202606,openrtb.field.undefined,error,banner,3.2.1
p004090,cityam.com,srv.kntxy.com,request,2.6-202606,openrtb.field.moved,error,regs.ext.gdpr,Section 3.2.3
p004091,cityam.com,srv.kntxy.com,request,2.6-202606,openrtb.field.moved,error,regs.ext.gdpr,Section 3.2.3
p004092,cityam.com,srv.kntxy.com,request,2.6-202606,openrtb.field.moved,error,regs.ext.gdpr,Section 3.2.3
p004093,cityam.com,srv.kntxy.com,request,2.6-202606,openrtb.field.moved,error,regs.ext.gdpr,Section 3.2.3
p004094,cityam.com,srv.kntxy.com,request,2.6-202606,openrtb.field.moved,error,regs.ext.gdpr,Section 3.2.3
p004095,cityam.com,srv.kntxy.com,request,2.6-202606,openrtb.field.moved,error,regs.ext.gdpr,Section 3.2.3
p004096,cityam.com,srv.kntxy.com,request,2.6-202606,openrtb.field.moved,error,regs.ext.gdpr,Section 3.2.3
p004097,cityam.com,srv.kntxy.com,request,2.6-202606,openrtb.field.moved,error,regs.ext.gdpr,Section 3.2.3
p004098,cityam.com,srv.kntxy.com,request,2.6-202606,openrtb.field.moved,error,regs.ext.gdpr,Section 3.2.3
p004099,cityam.com,srv.kntxy.com,request,2.6-202606,openrtb.field.moved,error,regs.ext.gdpr,Section 3.2.3
p004100,cityam.com,srv.kntxy.com,request,2.6-202606,openrtb.field.moved,error,regs.ext.gdpr,Section 3.2.3
p004101,cityam.com,srv.kntxy.com,request,2.6-202606,openrtb.field.moved,error,regs.ext.gdpr,Section 3.2.3
p004102,cityam.com,srv.kntxy.com,request,2.6-202606,openrtb.field.moved,error,regs.ext.gdpr,Section 3.2.3
p004103,cityam.com,srv.kntxy.com,request,2.6-202606,openrtb.field.moved,error,regs.ext.gdpr,Section 3.2.3
p004104,cityam.com,srv.kntxy.com,request,2.6-202606,openrtb.field.moved,error,regs.ext.gdpr,Section 3.2.3
p004105,cityam.com,srv.kntxy.com,request,2.6-202606,openrtb.field.moved,error,regs.ext.gdpr,Section 3.2.3
p004106,cityam.com,srv.kntxy.com,request,2.6-202606,openrtb.field.moved,error,regs.ext.gdpr,Section 3.2.3
p004107,cityam.com,srv.kntxy.com,request,2.6-202606,openrtb.field.moved,error,regs.ext.gdpr,Section 3.2.3
p004108,cityam.com,srv.kntxy.com,request,2.6-202606,openrtb.field.moved,error,regs.ext.gdpr,Section 3.2.3
p004109,cityam.com,srv.kntxy.com,request,2.6-202606,openrtb.field.moved,error,regs.ext.gdpr,Section 3.2.3
p004110,cityam.com,srv.kntxy.com,response,2.6-202606,openrtb.bid.mtype_missing,warning,seatbid[0].bid[0].mtype,4.2.3
p004111,cityam.com,srv.kntxy.com,response,2.6-202606,openrtb.bid.mtype_missing,warning,seatbid[0].bid[0].mtype,4.2.3
p004112,autoexpress.co.uk,ssb-global.smartadserver.com,request,2.6-202606,openrtb.field.undefined,error,device.geo.state,3.2.19
p004112,autoexpress.co.uk,ssb-global.smartadserver.com,request,2.6-202606,openrtb.field.deprecated,warning,imp[0].video.placement,Section 3.2.7
p004112,autoexpress.co.uk,ssb-global.smartadserver.com,request,2.6-202606,openrtb.type.mismatch,error,site.publisher.id,3.2.15
p004113,autoexpress.co.uk,ssb-global.smartadserver.com,request,2.6-202606,openrtb.field.undefined,error,device.geo.state,3.2.19
p004113,autoexpress.co.uk,ssb-global.smartadserver.com,request,2.6-202606,openrtb.field.deprecated,warning,imp[0].video.placement,Section 3.2.7
p004113,autoexpress.co.uk,ssb-global.smartadserver.com,request,2.6-202606,openrtb.type.mismatch,error,site.publisher.id,3.2.15
p004114,barcablaugranes.com,ssb-global.smartadserver.com,request,2.6-202606,openrtb.type.mismatch,error,site.publisher.id,3.2.15
p004115,bibliaon.com,ssb-global.smartadserver.com,request,2.6-202606,openrtb.field.moved,error,regs.ext.gdpr,Section 3.2.3
p004115,bibliaon.com,ssb-global.smartadserver.com,request,2.6-202606,openrtb.type.mismatch,error,site.publisher.id,3.2.15
p004116,barcablaugranes.com,ssb-global.smartadserver.com,request,2.6-202606,openrtb.type.mismatch,error,site.publisher.id,3.2.15
p004117,barcablaugranes.com,ssb-global.smartadserver.com,request,2.6-202606,openrtb.type.mismatch,error,site.publisher.id,3.2.15
p004118,barcablaugranes.com,ssb-global.smartadserver.com,request,2.6-202606,openrtb.type.mismatch,error,site.publisher.id,3.2.15
p004119,barcablaugranes.com,ssb-global.smartadserver.com,request,2.6-202606,openrtb.type.mismatch,error,site.publisher.id,3.2.15
p004120,barcablaugranes.com,ssb-global.smartadserver.com,request,2.6-202606,openrtb.type.mismatch,error,site.publisher.id,3.2.15
p004121,barcablaugranes.com,ssb-global.smartadserver.com,request,2.6-202606,openrtb.type.mismatch,error,site.publisher.id,3.2.15
p004122,barcablaugranes.com,ssb-global.smartadserver.com,request,2.6-202606,openrtb.type.mismatch,error,site.publisher.id,3.2.15
p004123,barcablaugranes.com,ssb-global.smartadserver.com,request,2.6-202606,openrtb.type.mismatch,error,site.publisher.id,3.2.15
p004124,barcablaugranes.com,ssb-global.smartadserver.com,request,2.6-202606,openrtb.type.mismatch,error,site.publisher.id,3.2.15
p004125,bibliaon.com,ssb-global.smartadserver.com,request,2.6-202606,openrtb.field.moved,error,regs.ext.gdpr,Section 3.2.3
p004125,bibliaon.com,ssb-global.smartadserver.com,request,2.6-202606,openrtb.type.mismatch,error,site.publisher.id,3.2.15
p004126,barcablaugranes.com,ssb-global.smartadserver.com,request,2.6-202606,openrtb.type.mismatch,error,site.publisher.id,3.2.15
p004127,barcablaugranes.com,ssb-global.smartadserver.com,request,2.6-202606,openrtb.type.mismatch,error,site.publisher.id,3.2.15
p004128,barcablaugranes.com,ssb-global.smartadserver.com,request,2.6-202606,openrtb.type.mismatch,error,site.publisher.id,3.2.15
p004129,cityam.com,ssb-global.smartadserver.com,request,2.6-202606,openrtb.field.moved,error,regs.ext.gdpr,Section 3.2.3
p004129,cityam.com,ssb-global.smartadserver.com,request,2.6-202606,openrtb.type.mismatch,error,site.publisher.id,3.2.15
p004130,cityam.com,ssb-global.smartadserver.com,request,2.6-202606,openrtb.field.moved,error,regs.ext.gdpr,Section 3.2.3
p004130,cityam.com,ssb-global.smartadserver.com,request,2.6-202606,openrtb.type.mismatch,error,site.publisher.id,3.2.15
p004131,cityam.com,ssb-global.smartadserver.com,request,2.6-202606,openrtb.field.moved,error,regs.ext.gdpr,Section 3.2.3
p004131,cityam.com,ssb-global.smartadserver.com,request,2.6-202606,openrtb.type.mismatch,error,site.publisher.id,3.2.15
p004132,cityam.com,ssb-global.smartadserver.com,request,2.6-202606,openrtb.field.moved,error,regs.ext.gdpr,Section 3.2.3
p004132,cityam.com,ssb-global.smartadserver.com,request,2.6-202606,openrtb.type.mismatch,error,site.publisher.id,3.2.15
p004133,cityam.com,ssb-global.smartadserver.com,request,2.6-202606,openrtb.field.moved,error,regs.ext.gdpr,Section 3.2.3
p004133,cityam.com,ssb-global.smartadserver.com,request,2.6-202606,openrtb.type.mismatch,error,site.publisher.id,3.2.15
p004134,cityam.com,ssb-global.smartadserver.com,request,2.6-202606,openrtb.field.moved,error,regs.ext.gdpr,Section 3.2.3
p004134,cityam.com,ssb-global.smartadserver.com,request,2.6-202606,openrtb.type.mismatch,error,site.publisher.id,3.2.15
p004135,cityam.com,ssb-global.smartadserver.com,request,2.6-202606,openrtb.field.moved,error,regs.ext.gdpr,Section 3.2.3
p004135,cityam.com,ssb-global.smartadserver.com,request,2.6-202606,openrtb.type.mismatch,error,site.publisher.id,3.2.15
p004136,cityam.com,ssb-global.smartadserver.com,request,2.6-202606,openrtb.field.moved,error,regs.ext.gdpr,Section 3.2.3
p004136,cityam.com,ssb-global.smartadserver.com,request,2.6-202606,openrtb.type.mismatch,error,site.publisher.id,3.2.15
p004137,cityam.com,ssb-global.smartadserver.com,request,2.6-202606,openrtb.field.moved,error,regs.ext.gdpr,Section 3.2.3
p004137,cityam.com,ssb-global.smartadserver.com,request,2.6-202606,openrtb.type.mismatch,error,site.publisher.id,3.2.15
p004138,cityam.com,ssb-global.smartadserver.com,request,2.6-202606,openrtb.field.moved,error,regs.ext.gdpr,Section 3.2.3
p004138,cityam.com,ssb-global.smartadserver.com,request,2.6-202606,openrtb.type.mismatch,error,site.publisher.id,3.2.15
p004139,cityam.com,ssb-global.smartadserver.com,request,2.6-202606,openrtb.field.moved,error,regs.ext.gdpr,Section 3.2.3
p004139,cityam.com,ssb-global.smartadserver.com,request,2.6-202606,openrtb.type.mismatch,error,site.publisher.id,3.2.15
p004140,cityam.com,ssb-global.smartadserver.com,request,2.6-202606,openrtb.field.moved,error,regs.ext.gdpr,Section 3.2.3
p004140,cityam.com,ssb-global.smartadserver.com,request,2.6-202606,openrtb.type.mismatch,error,site.publisher.id,3.2.15
p004141,cityam.com,ssb-global.smartadserver.com,request,2.6-202606,openrtb.field.moved,error,regs.ext.gdpr,Section 3.2.3
p004141,cityam.com,ssb-global.smartadserver.com,request,2.6-202606,openrtb.type.mismatch,error,site.publisher.id,3.2.15
p004142,cityam.com,ssb-global.smartadserver.com,request,2.6-202606,openrtb.field.moved,error,regs.ext.gdpr,Section 3.2.3
p004142,cityam.com,ssb-global.smartadserver.com,request,2.6-202606,openrtb.type.mismatch,error,site.publisher.id,3.2.15
p004143,cityam.com,ssb-global.smartadserver.com,request,2.6-202606,openrtb.type.mismatch,error,site.publisher.id,3.2.15
p004144,cityam.com,ssb-global.smartadserver.com,request,2.6-202606,openrtb.type.mismatch,error,site.publisher.id,3.2.15
p004145,cityam.com,ssb-global.smartadserver.com,request,2.6-202606,openrtb.type.mismatch,error,site.publisher.id,3.2.15
p004146,cityam.com,ssb-global.smartadserver.com,request,2.6-202606,openrtb.type.mismatch,error,site.publisher.id,3.2.15
p004147,cityam.com,ssb-global.smartadserver.com,request,2.6-202606,openrtb.type.mismatch,error,site.publisher.id,3.2.15
p004148,cityam.com,ssb-global.smartadserver.com,request,2.6-202606,openrtb.type.mismatch,error,site.publisher.id,3.2.15
p004149,cityam.com,ssb-global.smartadserver.com,request,2.6-202606,openrtb.type.mismatch,error,site.publisher.id,3.2.15
p004150,cityam.com,ssb-global.smartadserver.com,request,2.6-202606,openrtb.type.mismatch,error,site.publisher.id,3.2.15
p004151,cityam.com,ssb-global.smartadserver.com,request,2.6-202606,openrtb.type.mismatch,error,site.publisher.id,3.2.15
p004152,cityam.com,ssb-global.smartadserver.com,request,2.6-202606,openrtb.type.mismatch,error,site.publisher.id,3.2.15
p004153,cityam.com,ssb-global.smartadserver.com,request,2.6-202606,openrtb.field.moved,error,regs.ext.gdpr,Section 3.2.3
p004153,cityam.com,ssb-global.smartadserver.com,request,2.6-202606,openrtb.type.mismatch,error,site.publisher.id,3.2.15
p004154,cityam.com,ssb-global.smartadserver.com,request,2.6-202606,openrtb.field.moved,error,regs.ext.gdpr,Section 3.2.3
p004154,cityam.com,ssb-global.smartadserver.com,request,2.6-202606,openrtb.type.mismatch,error,site.publisher.id,3.2.15
p004155,cityam.com,ssb-global.smartadserver.com,request,2.6-202606,openrtb.field.moved,error,regs.ext.gdpr,Section 3.2.3
p004155,cityam.com,ssb-global.smartadserver.com,request,2.6-202606,openrtb.type.mismatch,error,site.publisher.id,3.2.15
p004156,cityam.com,ssb-global.smartadserver.com,request,2.6-202606,openrtb.field.moved,error,regs.ext.gdpr,Section 3.2.3
p004156,cityam.com,ssb-global.smartadserver.com,request,2.6-202606,openrtb.type.mismatch,error,site.publisher.id,3.2.15
p004157,cityam.com,ssb-global.smartadserver.com,request,2.6-202606,openrtb.field.moved,error,regs.ext.gdpr,Section 3.2.3
p004157,cityam.com,ssb-global.smartadserver.com,request,2.6-202606,openrtb.type.mismatch,error,site.publisher.id,3.2.15
p004158,cityam.com,ssb-global.smartadserver.com,request,2.6-202606,openrtb.field.moved,error,regs.ext.gdpr,Section 3.2.3
p004158,cityam.com,ssb-global.smartadserver.com,request,2.6-202606,openrtb.type.mismatch,error,site.publisher.id,3.2.15
p004159,cupofjo.com,ssb-global.smartadserver.com,request,2.6-202606,openrtb.type.mismatch,error,site.publisher.id,3.2.15
p004160,cupofjo.com,ssb-global.smartadserver.com,request,2.6-202606,openrtb.type.mismatch,error,site.publisher.id,3.2.15
p004161,cupofjo.com,ssb-global.smartadserver.com,request,2.6-202606,openrtb.type.mismatch,error,site.publisher.id,3.2.15
p004162,cupofjo.com,ssb-global.smartadserver.com,request,2.6-202606,openrtb.type.mismatch,error,site.publisher.id,3.2.15
p004163,cupofjo.com,ssb-global.smartadserver.com,request,2.6-202606,openrtb.field.deprecated,warning,imp[0].video.placement,Section 3.2.7
p004163,cupofjo.com,ssb-global.smartadserver.com,request,2.6-202606,openrtb.value.invalid,error,imp[0].video.skip,3.2.7
p004163,cupofjo.com,ssb-global.smartadserver.com,request,2.6-202606,openrtb.type.mismatch,error,site.publisher.id,3.2.15
p004164,elespectador.com,ssb-global.smartadserver.com,request,2.6-202606,openrtb.field.moved,error,regs.ext.gdpr,Section 3.2.3
p004164,elespectador.com,ssb-global.smartadserver.com,request,2.6-202606,openrtb.type.mismatch,error,site.publisher.id,3.2.15
p004164,elespectador.com,ssb-global.smartadserver.com,request,2.6-202606,openrtb.field.moved,error,user.ext.consent,Section 3.2.20
p004165,elespectador.com,ssb-global.smartadserver.com,request,2.6-202606,openrtb.field.moved,error,regs.ext.gdpr,Section 3.2.3
p004165,elespectador.com,ssb-global.smartadserver.com,request,2.6-202606,openrtb.type.mismatch,error,site.publisher.id,3.2.15
p004165,elespectador.com,ssb-global.smartadserver.com,request,2.6-202606,openrtb.field.moved,error,user.ext.consent,Section 3.2.20
p004166,elespectador.com,ssb-global.smartadserver.com,request,2.6-202606,openrtb.field.deprecated,warning,imp[0].video.placement,Section 3.2.7
p004166,elespectador.com,ssb-global.smartadserver.com,request,2.6-202606,openrtb.field.moved,error,regs.ext.gdpr,Section 3.2.3
p004166,elespectador.com,ssb-global.smartadserver.com,request,2.6-202606,openrtb.type.mismatch,error,site.publisher.id,3.2.15
p004166,elespectador.com,ssb-global.smartadserver.com,request,2.6-202606,openrtb.field.moved,error,user.ext.consent,Section 3.2.20
p004167,elespectador.com,ssb-global.smartadserver.com,request,2.6-202606,openrtb.field.deprecated,warning,imp[0].video.placement,Section 3.2.7
p004167,elespectador.com,ssb-global.smartadserver.com,request,2.6-202606,openrtb.field.moved,error,regs.ext.gdpr,Section 3.2.3
p004167,elespectador.com,ssb-global.smartadserver.com,request,2.6-202606,openrtb.type.mismatch,error,site.publisher.id,3.2.15
p004167,elespectador.com,ssb-global.smartadserver.com,request,2.6-202606,openrtb.field.moved,error,user.ext.consent,Section 3.2.20
p004168,elespectador.com,ssb-global.smartadserver.com,request,2.6-202606,openrtb.field.moved,error,regs.ext.gdpr,Section 3.2.3
p004168,elespectador.com,ssb-global.smartadserver.com,request,2.6-202606,openrtb.type.mismatch,error,site.publisher.id,3.2.15
p004168,elespectador.com,ssb-global.smartadserver.com,request,2.6-202606,openrtb.field.moved,error,user.ext.consent,Section 3.2.20
p004169,elespectador.com,ssb-global.smartadserver.com,request,2.6-202606,openrtb.field.moved,error,regs.ext.gdpr,Section 3.2.3
p004169,elespectador.com,ssb-global.smartadserver.com,request,2.6-202606,openrtb.type.mismatch,error,site.publisher.id,3.2.15
p004169,elespectador.com,ssb-global.smartadserver.com,request,2.6-202606,openrtb.field.moved,error,user.ext.consent,Section 3.2.20
p004170,elespectador.com,ssb-global.smartadserver.com,request,2.6-202606,openrtb.field.deprecated,warning,imp[0].video.placement,Section 3.2.7
p004170,elespectador.com,ssb-global.smartadserver.com,request,2.6-202606,openrtb.field.moved,error,regs.ext.gdpr,Section 3.2.3
p004170,elespectador.com,ssb-global.smartadserver.com,request,2.6-202606,openrtb.type.mismatch,error,site.publisher.id,3.2.15
p004170,elespectador.com,ssb-global.smartadserver.com,request,2.6-202606,openrtb.field.moved,error,user.ext.consent,Section 3.2.20
p004171,elespectador.com,ssb-global.smartadserver.com,request,2.6-202606,openrtb.field.deprecated,warning,imp[0].video.placement,Section 3.2.7
p004171,elespectador.com,ssb-global.smartadserver.com,request,2.6-202606,openrtb.field.moved,error,regs.ext.gdpr,Section 3.2.3
p004171,elespectador.com,ssb-global.smartadserver.com,request,2.6-202606,openrtb.type.mismatch,error,site.publisher.id,3.2.15
p004171,elespectador.com,ssb-global.smartadserver.com,request,2.6-202606,openrtb.field.moved,error,user.ext.consent,Section 3.2.20
p004172,genealogy.com,ssb-global.smartadserver.com,request,2.6-202606,openrtb.field.undefined,error,device.geo.state,3.2.19
p004172,genealogy.com,ssb-global.smartadserver.com,request,2.6-202606,openrtb.field.deprecated,warning,imp[0].video.placement,Section 3.2.7
p004172,genealogy.com,ssb-global.smartadserver.com,request,2.6-202606,openrtb.type.mismatch,error,site.publisher.id,3.2.15
p004173,genealogy.com,ssb-global.smartadserver.com,request,2.6-202606,openrtb.field.undefined,error,device.geo.state,3.2.19
p004173,genealogy.com,ssb-global.smartadserver.com,request,2.6-202606,openrtb.field.deprecated,warning,imp[0].video.placement,Section 3.2.7
p004173,genealogy.com,ssb-global.smartadserver.com,request,2.6-202606,openrtb.type.mismatch,error,site.publisher.id,3.2.15
p004174,genealogy.com,ssb-global.smartadserver.com,request,2.6-202606,openrtb.field.undefined,error,device.geo.state,3.2.19
p004174,genealogy.com,ssb-global.smartadserver.com,request,2.6-202606,openrtb.field.deprecated,warning,imp[0].video.placement,Section 3.2.7
p004174,genealogy.com,ssb-global.smartadserver.com,request,2.6-202606,openrtb.type.mismatch,error,site.publisher.id,3.2.15
p004175,genealogy.com,ssb-global.smartadserver.com,request,2.6-202606,openrtb.field.undefined,error,device.geo.state,3.2.19
p004175,genealogy.com,ssb-global.smartadserver.com,request,2.6-202606,openrtb.field.deprecated,warning,imp[0].video.placement,Section 3.2.7
p004175,genealogy.com,ssb-global.smartadserver.com,request,2.6-202606,openrtb.type.mismatch,error,site.publisher.id,3.2.15
p004176,haberler.com,ssb-global.smartadserver.com,request,2.6-202606,openrtb.type.mismatch,error,site.publisher.id,3.2.15
p004177,halfbakedharvest.com,ssb-global.smartadserver.com,request,2.6-202606,openrtb.type.mismatch,error,site.publisher.id,3.2.15
p004178,halfbakedharvest.com,ssb-global.smartadserver.com,request,2.6-202606,openrtb.type.mismatch,error,site.publisher.id,3.2.15
p004179,halfbakedharvest.com,ssb-global.smartadserver.com,request,2.6-202606,openrtb.field.deprecated,warning,imp[0].video.placement,Section 3.2.7
p004179,halfbakedharvest.com,ssb-global.smartadserver.com,request,2.6-202606,openrtb.value.invalid,error,imp[0].video.skip,3.2.7
p004179,halfbakedharvest.com,ssb-global.smartadserver.com,request,2.6-202606,openrtb.type.mismatch,error,site.publisher.id,3.2.15
p004180,halfbakedharvest.com,ssb-global.smartadserver.com,request,2.6-202606,openrtb.type.mismatch,error,site.publisher.id,3.2.15
p004181,halfbakedharvest.com,ssb-global.smartadserver.com,request,2.6-202606,openrtb.field.deprecated,warning,imp[0].video.placement,Section 3.2.7
p004181,halfbakedharvest.com,ssb-global.smartadserver.com,request,2.6-202606,openrtb.value.invalid,error,imp[0].video.skip,3.2.7
p004181,halfbakedharvest.com,ssb-global.smartadserver.com,request,2.6-202606,openrtb.type.mismatch,error,site.publisher.id,3.2.15
p004182,halfbakedharvest.com,ssb-global.smartadserver.com,request,2.6-202606,openrtb.type.mismatch,error,site.publisher.id,3.2.15
p004183,haberler.com,ssb-global.smartadserver.com,request,2.6-202606,openrtb.type.mismatch,error,site.publisher.id,3.2.15
p004184,haberler.com,ssb-global.smartadserver.com,request,2.6-202606,openrtb.type.mismatch,error,site.publisher.id,3.2.15
p004185,halfbakedharvest.com,ssb-global.smartadserver.com,request,2.6-202606,openrtb.type.mismatch,error,site.publisher.id,3.2.15
p004186,halfbakedharvest.com,ssb-global.smartadserver.com,request,2.6-202606,openrtb.type.mismatch,error,site.publisher.id,3.2.15
p004187,halfbakedharvest.com,ssb-global.smartadserver.com,request,2.6-202606,openrtb.field.deprecated,warning,imp[0].video.placement,Section 3.2.7
p004187,halfbakedharvest.com,ssb-global.smartadserver.com,request,2.6-202606,openrtb.value.invalid,error,imp[0].video.skip,3.2.7
p004187,halfbakedharvest.com,ssb-global.smartadserver.com,request,2.6-202606,openrtb.type.mismatch,error,site.publisher.id,3.2.15
p004188,haberler.com,ssb-global.smartadserver.com,request,2.6-202606,openrtb.type.mismatch,error,site.publisher.id,3.2.15
p004189,halfbakedharvest.com,ssb-global.smartadserver.com,request,2.6-202606,openrtb.field.deprecated,warning,imp[0].video.placement,Section 3.2.7
p004189,halfbakedharvest.com,ssb-global.smartadserver.com,request,2.6-202606,openrtb.value.invalid,error,imp[0].video.skip,3.2.7
p004189,halfbakedharvest.com,ssb-global.smartadserver.com,request,2.6-202606,openrtb.type.mismatch,error,site.publisher.id,3.2.15
p004190,iheart.com,ssb-global.smartadserver.com,request,2.6-202606,openrtb.type.mismatch,error,site.publisher.id,3.2.15
p004191,iheart.com,ssb-global.smartadserver.com,request,2.6-202606,openrtb.type.mismatch,error,site.publisher.id,3.2.15
p004192,mthai.com,ssb-global.smartadserver.com,request,2.6-202606,openrtb.type.mismatch,error,site.publisher.id,3.2.15
p004193,mthai.com,ssb-global.smartadserver.com,request,2.6-202606,openrtb.type.mismatch,error,site.publisher.id,3.2.15
p004194,mthai.com,ssb-global.smartadserver.com,request,2.6-202606,openrtb.type.mismatch,error,site.publisher.id,3.2.15
p004195,mthai.com,ssb-global.smartadserver.com,request,2.6-202606,openrtb.type.mismatch,error,site.publisher.id,3.2.15
p004196,mthai.com,ssb-global.smartadserver.com,request,2.6-202606,openrtb.type.mismatch,error,site.publisher.id,3.2.15
p004197,mthai.com,ssb-global.smartadserver.com,request,2.6-202606,openrtb.type.mismatch,error,site.publisher.id,3.2.15
p004198,myjoyonline.com,ssb-global.smartadserver.com,request,2.6-202606,openrtb.field.deprecated,warning,imp[0].video.placement,Section 3.2.7
p004198,myjoyonline.com,ssb-global.smartadserver.com,request,2.6-202606,openrtb.type.mismatch,error,site.publisher.id,3.2.15
p004199,nesn.com,ssb-global.smartadserver.com,request,2.6-202606,openrtb.type.mismatch,error,site.publisher.id,3.2.15
p004200,nesn.com,ssb-global.smartadserver.com,request,2.6-202606,openrtb.type.mismatch,error,site.publisher.id,3.2.15
p004201,nesn.com,ssb-global.smartadserver.com,request,2.6-202606,openrtb.type.mismatch,error,site.publisher.id,3.2.15
p004202,nesn.com,ssb-global.smartadserver.com,request,2.6-202606,openrtb.type.mismatch,error,site.publisher.id,3.2.15
p004203,nesn.com,ssb-global.smartadserver.com,request,2.6-202606,openrtb.type.mismatch,error,site.publisher.id,3.2.15
p004204,outsideonline.com,ssb-global.smartadserver.com,request,2.6-202606,openrtb.field.moved,error,regs.ext.gdpr,Section 3.2.3
p004204,outsideonline.com,ssb-global.smartadserver.com,request,2.6-202606,openrtb.type.mismatch,error,site.publisher.id,3.2.15
p004205,outsideonline.com,ssb-global.smartadserver.com,request,2.6-202606,openrtb.field.moved,error,regs.ext.gdpr,Section 3.2.3
p004205,outsideonline.com,ssb-global.smartadserver.com,request,2.6-202606,openrtb.type.mismatch,error,site.publisher.id,3.2.15
p004206,outsideonline.com,ssb-global.smartadserver.com,request,2.6-202606,openrtb.field.moved,error,regs.ext.gdpr,Section 3.2.3
p004206,outsideonline.com,ssb-global.smartadserver.com,request,2.6-202606,openrtb.type.mismatch,error,site.publisher.id,3.2.15
p004207,outsideonline.com,ssb-global.smartadserver.com,request,2.6-202606,openrtb.field.moved,error,regs.ext.gdpr,Section 3.2.3
p004207,outsideonline.com,ssb-global.smartadserver.com,request,2.6-202606,openrtb.type.mismatch,error,site.publisher.id,3.2.15
p004208,outsideonline.com,ssb-global.smartadserver.com,request,2.6-202606,openrtb.field.moved,error,regs.ext.gdpr,Section 3.2.3
p004208,outsideonline.com,ssb-global.smartadserver.com,request,2.6-202606,openrtb.type.mismatch,error,site.publisher.id,3.2.15
p004209,outsideonline.com,ssb-global.smartadserver.com,request,2.6-202606,openrtb.field.moved,error,regs.ext.gdpr,Section 3.2.3
p004209,outsideonline.com,ssb-global.smartadserver.com,request,2.6-202606,openrtb.type.mismatch,error,site.publisher.id,3.2.15
p004210,outsideonline.com,ssb-global.smartadserver.com,request,2.6-202606,openrtb.field.moved,error,regs.ext.gdpr,Section 3.2.3
p004210,outsideonline.com,ssb-global.smartadserver.com,request,2.6-202606,openrtb.type.mismatch,error,site.publisher.id,3.2.15
p004211,outsideonline.com,ssb-global.smartadserver.com,request,2.6-202606,openrtb.field.moved,error,regs.ext.gdpr,Section 3.2.3
p004211,outsideonline.com,ssb-global.smartadserver.com,request,2.6-202606,openrtb.type.mismatch,error,site.publisher.id,3.2.15
p004212,philstar.com,ssb-global.smartadserver.com,request,2.6-202606,openrtb.type.mismatch,error,site.publisher.id,3.2.15
p004213,philstar.com,ssb-global.smartadserver.com,request,2.6-202606,openrtb.type.mismatch,error,site.publisher.id,3.2.15
p004214,philstar.com,ssb-global.smartadserver.com,request,2.6-202606,openrtb.type.mismatch,error,site.publisher.id,3.2.15
p004215,philstar.com,ssb-global.smartadserver.com,request,2.6-202606,openrtb.type.mismatch,error,site.publisher.id,3.2.15
p004216,philstar.com,ssb-global.smartadserver.com,request,2.6-202606,openrtb.type.mismatch,error,site.publisher.id,3.2.15
p004217,outsideonline.com,ssb-global.smartadserver.com,request,2.6-202606,openrtb.field.moved,error,regs.ext.gdpr,Section 3.2.3
p004217,outsideonline.com,ssb-global.smartadserver.com,request,2.6-202606,openrtb.type.mismatch,error,site.publisher.id,3.2.15
p004218,outsideonline.com,ssb-global.smartadserver.com,request,2.6-202606,openrtb.field.moved,error,regs.ext.gdpr,Section 3.2.3
p004218,outsideonline.com,ssb-global.smartadserver.com,request,2.6-202606,openrtb.type.mismatch,error,site.publisher.id,3.2.15
p004219,outsideonline.com,ssb-global.smartadserver.com,request,2.6-202606,openrtb.field.moved,error,regs.ext.gdpr,Section 3.2.3
p004219,outsideonline.com,ssb-global.smartadserver.com,request,2.6-202606,openrtb.type.mismatch,error,site.publisher.id,3.2.15
p004220,outsideonline.com,ssb-global.smartadserver.com,request,2.6-202606,openrtb.field.moved,error,regs.ext.gdpr,Section 3.2.3
p004220,outsideonline.com,ssb-global.smartadserver.com,request,2.6-202606,openrtb.type.mismatch,error,site.publisher.id,3.2.15
p004221,outsideonline.com,ssb-global.smartadserver.com,request,2.6-202606,openrtb.field.moved,error,regs.ext.gdpr,Section 3.2.3
p004221,outsideonline.com,ssb-global.smartadserver.com,request,2.6-202606,openrtb.type.mismatch,error,site.publisher.id,3.2.15
p004222,outsideonline.com,ssb-global.smartadserver.com,request,2.6-202606,openrtb.field.moved,error,regs.ext.gdpr,Section 3.2.3
p004222,outsideonline.com,ssb-global.smartadserver.com,request,2.6-202606,openrtb.type.mismatch,error,site.publisher.id,3.2.15
p004223,outsideonline.com,ssb-global.smartadserver.com,request,2.6-202606,openrtb.field.moved,error,regs.ext.gdpr,Section 3.2.3
p004223,outsideonline.com,ssb-global.smartadserver.com,request,2.6-202606,openrtb.type.mismatch,error,site.publisher.id,3.2.15
p004224,outsideonline.com,ssb-global.smartadserver.com,request,2.6-202606,openrtb.field.moved,error,regs.ext.gdpr,Section 3.2.3
p004224,outsideonline.com,ssb-global.smartadserver.com,request,2.6-202606,openrtb.type.mismatch,error,site.publisher.id,3.2.15
p004225,prosport.ro,ssb-global.smartadserver.com,request,2.6-202606,openrtb.field.moved,error,regs.ext.gdpr,Section 3.2.3
p004225,prosport.ro,ssb-global.smartadserver.com,request,2.6-202606,openrtb.field.moved,error,user.ext.consent,Section 3.2.20
p004226,prosport.ro,ssb-global.smartadserver.com,request,2.6-202606,openrtb.field.moved,error,regs.ext.gdpr,Section 3.2.3
p004226,prosport.ro,ssb-global.smartadserver.com,request,2.6-202606,openrtb.field.moved,error,user.ext.consent,Section 3.2.20
p004227,prosport.ro,ssb-global.smartadserver.com,request,2.6-202606,openrtb.field.moved,error,regs.ext.gdpr,Section 3.2.3
p004227,prosport.ro,ssb-global.smartadserver.com,request,2.6-202606,openrtb.field.moved,error,user.ext.consent,Section 3.2.20
p004228,prosport.ro,ssb-global.smartadserver.com,request,2.6-202606,openrtb.field.moved,error,regs.ext.gdpr,Section 3.2.3
p004228,prosport.ro,ssb-global.smartadserver.com,request,2.6-202606,openrtb.field.moved,error,user.ext.consent,Section 3.2.20
p004229,prosport.ro,ssb-global.smartadserver.com,request,2.6-202606,openrtb.field.moved,error,regs.ext.gdpr,Section 3.2.3
p004229,prosport.ro,ssb-global.smartadserver.com,request,2.6-202606,openrtb.field.moved,error,user.ext.consent,Section 3.2.20
p004230,prosport.ro,ssb-global.smartadserver.com,request,2.6-202606,openrtb.field.moved,error,regs.ext.gdpr,Section 3.2.3
p004230,prosport.ro,ssb-global.smartadserver.com,request,2.6-202606,openrtb.field.moved,error,user.ext.consent,Section 3.2.20
p004231,prosport.ro,ssb-global.smartadserver.com,request,2.6-202606,openrtb.field.moved,error,regs.ext.gdpr,Section 3.2.3
p004231,prosport.ro,ssb-global.smartadserver.com,request,2.6-202606,openrtb.field.moved,error,user.ext.consent,Section 3.2.20
p004232,prosport.ro,ssb-global.smartadserver.com,request,2.6-202606,openrtb.field.moved,error,regs.ext.gdpr,Section 3.2.3
p004232,prosport.ro,ssb-global.smartadserver.com,request,2.6-202606,openrtb.field.moved,error,user.ext.consent,Section 3.2.20
p004233,prosport.ro,ssb-global.smartadserver.com,request,2.6-202606,openrtb.field.moved,error,regs.ext.gdpr,Section 3.2.3
p004233,prosport.ro,ssb-global.smartadserver.com,request,2.6-202606,openrtb.field.moved,error,user.ext.consent,Section 3.2.20
p004234,philstar.com,ssb-global.smartadserver.com,request,2.6-202606,openrtb.type.mismatch,error,site.publisher.id,3.2.15
p004235,philstar.com,ssb-global.smartadserver.com,request,2.6-202606,openrtb.type.mismatch,error,site.publisher.id,3.2.15
p004236,philstar.com,ssb-global.smartadserver.com,request,2.6-202606,openrtb.type.mismatch,error,site.publisher.id,3.2.15
p004237,philstar.com,ssb-global.smartadserver.com,request,2.6-202606,openrtb.type.mismatch,error,site.publisher.id,3.2.15
p004238,philstar.com,ssb-global.smartadserver.com,request,2.6-202606,openrtb.type.mismatch,error,site.publisher.id,3.2.15
p004239,prosport.ro,ssb-global.smartadserver.com,request,2.6-202606,openrtb.field.moved,error,regs.ext.gdpr,Section 3.2.3
p004239,prosport.ro,ssb-global.smartadserver.com,request,2.6-202606,openrtb.field.moved,error,user.ext.consent,Section 3.2.20
p004240,prosport.ro,ssb-global.smartadserver.com,request,2.6-202606,openrtb.field.moved,error,regs.ext.gdpr,Section 3.2.3
p004240,prosport.ro,ssb-global.smartadserver.com,request,2.6-202606,openrtb.field.moved,error,user.ext.consent,Section 3.2.20
p004241,prosport.ro,ssb-global.smartadserver.com,request,2.6-202606,openrtb.field.moved,error,regs.ext.gdpr,Section 3.2.3
p004241,prosport.ro,ssb-global.smartadserver.com,request,2.6-202606,openrtb.field.moved,error,user.ext.consent,Section 3.2.20
p004242,prosport.ro,ssb-global.smartadserver.com,request,2.6-202606,openrtb.field.moved,error,regs.ext.gdpr,Section 3.2.3
p004242,prosport.ro,ssb-global.smartadserver.com,request,2.6-202606,openrtb.field.moved,error,user.ext.consent,Section 3.2.20
p004243,ranker.com,ssb-global.smartadserver.com,request,2.6-202606,openrtb.type.mismatch,error,site.publisher.id,3.2.15
p004244,realtimetrains.co.uk,ssb-global.smartadserver.com,request,2.6-202606,openrtb.type.mismatch,error,site.publisher.id,3.2.15
p004245,realtimetrains.co.uk,ssb-global.smartadserver.com,request,2.6-202606,openrtb.type.mismatch,error,site.publisher.id,3.2.15
p004246,realtimetrains.co.uk,ssb-global.smartadserver.com,request,2.6-202606,openrtb.type.mismatch,error,site.publisher.id,3.2.15
p004247,ranker.com,ssb-global.smartadserver.com,request,2.6-202606,openrtb.type.mismatch,error,site.publisher.id,3.2.15
p004248,ranker.com,ssb-global.smartadserver.com,request,2.6-202606,openrtb.type.mismatch,error,site.publisher.id,3.2.15
p004249,ranker.com,ssb-global.smartadserver.com,request,2.6-202606,openrtb.type.mismatch,error,site.publisher.id,3.2.15
p004250,ranker.com,ssb-global.smartadserver.com,request,2.6-202606,openrtb.field.deprecated,warning,imp[0].video.placement,Section 3.2.7
p004250,ranker.com,ssb-global.smartadserver.com,request,2.6-202606,openrtb.value.invalid,error,imp[0].video.skip,3.2.7
p004250,ranker.com,ssb-global.smartadserver.com,request,2.6-202606,openrtb.type.mismatch,error,site.publisher.id,3.2.15
p004251,ranker.com,ssb-global.smartadserver.com,request,2.6-202606,openrtb.type.mismatch,error,site.publisher.id,3.2.15
p004252,ranker.com,ssb-global.smartadserver.com,request,2.6-202606,openrtb.type.mismatch,error,site.publisher.id,3.2.15
p004253,salon.com,ssb-global.smartadserver.com,request,2.6-202606,openrtb.type.mismatch,error,site.publisher.id,3.2.15
p004254,salon.com,ssb-global.smartadserver.com,request,2.6-202606,openrtb.type.mismatch,error,site.publisher.id,3.2.15
p004255,salon.com,ssb-global.smartadserver.com,request,2.6-202606,openrtb.type.mismatch,error,site.publisher.id,3.2.15
p004256,salon.com,ssb-global.smartadserver.com,request,2.6-202606,openrtb.type.mismatch,error,site.publisher.id,3.2.15
p004257,salon.com,ssb-global.smartadserver.com,request,2.6-202606,openrtb.type.mismatch,error,site.publisher.id,3.2.15
p004258,salon.com,ssb-global.smartadserver.com,request,2.6-202606,openrtb.field.deprecated,warning,imp[0].video.placement,Section 3.2.7
p004258,salon.com,ssb-global.smartadserver.com,request,2.6-202606,openrtb.value.invalid,error,imp[0].video.skip,3.2.7
p004258,salon.com,ssb-global.smartadserver.com,request,2.6-202606,openrtb.type.mismatch,error,site.publisher.id,3.2.15
p004259,salon.com,ssb-global.smartadserver.com,request,2.6-202606,openrtb.type.mismatch,error,site.publisher.id,3.2.15
p004260,salon.com,ssb-global.smartadserver.com,request,2.6-202606,openrtb.type.mismatch,error,site.publisher.id,3.2.15
p004261,salon.com,ssb-global.smartadserver.com,request,2.6-202606,openrtb.field.deprecated,warning,imp[0].video.placement,Section 3.2.7
p004261,salon.com,ssb-global.smartadserver.com,request,2.6-202606,openrtb.value.invalid,error,imp[0].video.skip,3.2.7
p004261,salon.com,ssb-global.smartadserver.com,request,2.6-202606,openrtb.type.mismatch,error,site.publisher.id,3.2.15
p004262,salon.com,ssb-global.smartadserver.com,request,2.6-202606,openrtb.type.mismatch,error,site.publisher.id,3.2.15
p004263,salon.com,ssb-global.smartadserver.com,request,2.6-202606,openrtb.type.mismatch,error,site.publisher.id,3.2.15
p004264,salon.com,ssb-global.smartadserver.com,request,2.6-202606,openrtb.type.mismatch,error,site.publisher.id,3.2.15
p004265,salon.com,ssb-global.smartadserver.com,request,2.6-202606,openrtb.type.mismatch,error,site.publisher.id,3.2.15
p004266,salon.com,ssb-global.smartadserver.com,request,2.6-202606,openrtb.type.mismatch,error,site.publisher.id,3.2.15
p004267,socialblade.com,ssb-global.smartadserver.com,request,2.6-202606,openrtb.field.undefined,error,imp[0].battr,3.2.4
p004267,socialblade.com,ssb-global.smartadserver.com,request,2.6-202606,openrtb.type.mismatch,error,site.publisher.id,3.2.15
p004268,socialblade.com,ssb-global.smartadserver.com,request,2.6-202606,openrtb.field.undefined,error,imp[0].battr,3.2.4
p004268,socialblade.com,ssb-global.smartadserver.com,request,2.6-202606,openrtb.type.mismatch,error,site.publisher.id,3.2.15
p004269,socialblade.com,ssb-global.smartadserver.com,request,2.6-202606,openrtb.field.undefined,error,imp[0].battr,3.2.4
p004269,socialblade.com,ssb-global.smartadserver.com,request,2.6-202606,openrtb.type.mismatch,error,site.publisher.id,3.2.15
p004270,socialblade.com,ssb-global.smartadserver.com,request,2.6-202606,openrtb.field.undefined,error,imp[0].battr,3.2.4
p004270,socialblade.com,ssb-global.smartadserver.com,request,2.6-202606,openrtb.type.mismatch,error,site.publisher.id,3.2.15
p004271,socialblade.com,ssb-global.smartadserver.com,request,2.6-202606,openrtb.field.undefined,error,imp[0].battr,3.2.4
p004271,socialblade.com,ssb-global.smartadserver.com,request,2.6-202606,openrtb.type.mismatch,error,site.publisher.id,3.2.15
p004272,socialblade.com,ssb-global.smartadserver.com,request,2.6-202606,openrtb.field.undefined,error,imp[0].battr,3.2.4
p004272,socialblade.com,ssb-global.smartadserver.com,request,2.6-202606,openrtb.type.mismatch,error,site.publisher.id,3.2.15
p004273,socialblade.com,ssb-global.smartadserver.com,request,2.6-202606,openrtb.field.undefined,error,imp[0].battr,3.2.4
p004273,socialblade.com,ssb-global.smartadserver.com,request,2.6-202606,openrtb.field.deprecated,warning,imp[0].video.placement,Section 3.2.7
p004273,socialblade.com,ssb-global.smartadserver.com,request,2.6-202606,openrtb.value.invalid,error,imp[0].video.skip,3.2.7
p004273,socialblade.com,ssb-global.smartadserver.com,request,2.6-202606,openrtb.type.mismatch,error,site.publisher.id,3.2.15
p004274,socialblade.com,ssb-global.smartadserver.com,request,2.6-202606,openrtb.field.undefined,error,imp[0].battr,3.2.4
p004274,socialblade.com,ssb-global.smartadserver.com,request,2.6-202606,openrtb.field.deprecated,warning,imp[0].video.placement,Section 3.2.7
p004274,socialblade.com,ssb-global.smartadserver.com,request,2.6-202606,openrtb.value.invalid,error,imp[0].video.skip,3.2.7
p004274,socialblade.com,ssb-global.smartadserver.com,request,2.6-202606,openrtb.type.mismatch,error,site.publisher.id,3.2.15
p004275,sozcu.com.tr,ssb-global.smartadserver.com,request,2.6-202606,openrtb.field.moved,error,regs.ext.gdpr,Section 3.2.3
p004276,sozcu.com.tr,ssb-global.smartadserver.com,request,2.6-202606,openrtb.field.moved,error,regs.ext.gdpr,Section 3.2.3
p004276,sozcu.com.tr,ssb-global.smartadserver.com,request,2.6-202606,openrtb.field.moved,error,user.ext.consent,Section 3.2.20
p004277,sozcu.com.tr,ssb-global.smartadserver.com,request,2.6-202606,openrtb.field.deprecated,warning,imp[0].video.placement,Section 3.2.7
p004277,sozcu.com.tr,ssb-global.smartadserver.com,request,2.6-202606,openrtb.field.moved,error,regs.ext.gdpr,Section 3.2.3
p004277,sozcu.com.tr,ssb-global.smartadserver.com,request,2.6-202606,openrtb.field.moved,error,user.ext.consent,Section 3.2.20
p004278,sozcu.com.tr,ssb-global.smartadserver.com,request,2.6-202606,openrtb.field.moved,error,regs.ext.gdpr,Section 3.2.3
p004279,sozcu.com.tr,ssb-global.smartadserver.com,request,2.6-202606,openrtb.field.deprecated,warning,imp[0].video.placement,Section 3.2.7
p004279,sozcu.com.tr,ssb-global.smartadserver.com,request,2.6-202606,openrtb.field.moved,error,regs.ext.gdpr,Section 3.2.3
p004280,sozcu.com.tr,ssb-global.smartadserver.com,request,2.6-202606,openrtb.field.moved,error,regs.ext.gdpr,Section 3.2.3
p004280,sozcu.com.tr,ssb-global.smartadserver.com,request,2.6-202606,openrtb.field.moved,error,user.ext.consent,Section 3.2.20
p004281,sozcu.com.tr,ssb-global.smartadserver.com,request,2.6-202606,openrtb.field.deprecated,warning,imp[0].video.placement,Section 3.2.7
p004281,sozcu.com.tr,ssb-global.smartadserver.com,request,2.6-202606,openrtb.field.moved,error,regs.ext.gdpr,Section 3.2.3
p004281,sozcu.com.tr,ssb-global.smartadserver.com,request,2.6-202606,openrtb.field.moved,error,user.ext.consent,Section 3.2.20
p004282,sozcu.com.tr,ssb-global.smartadserver.com,request,2.6-202606,openrtb.field.moved,error,regs.ext.gdpr,Section 3.2.3
p004282,sozcu.com.tr,ssb-global.smartadserver.com,request,2.6-202606,openrtb.field.moved,error,user.ext.consent,Section 3.2.20
p004283,sozcu.com.tr,ssb-global.smartadserver.com,request,2.6-202606,openrtb.field.deprecated,warning,imp[0].video.placement,Section 3.2.7
p004283,sozcu.com.tr,ssb-global.smartadserver.com,request,2.6-202606,openrtb.field.moved,error,regs.ext.gdpr,Section 3.2.3
p004283,sozcu.com.tr,ssb-global.smartadserver.com,request,2.6-202606,openrtb.field.moved,error,user.ext.consent,Section 3.2.20
p004284,sozcu.com.tr,ssb-global.smartadserver.com,request,2.6-202606,openrtb.field.moved,error,regs.ext.gdpr,Section 3.2.3
p004284,sozcu.com.tr,ssb-global.smartadserver.com,request,2.6-202606,openrtb.field.moved,error,user.ext.consent,Section 3.2.20
p004285,sozcu.com.tr,ssb-global.smartadserver.com,request,2.6-202606,openrtb.field.deprecated,warning,imp[0].video.placement,Section 3.2.7
p004285,sozcu.com.tr,ssb-global.smartadserver.com,request,2.6-202606,openrtb.field.moved,error,regs.ext.gdpr,Section 3.2.3
p004285,sozcu.com.tr,ssb-global.smartadserver.com,request,2.6-202606,openrtb.field.moved,error,user.ext.consent,Section 3.2.20
p004286,tio.ch,ssb-global.smartadserver.com,request,2.6-202606,openrtb.field.moved,error,regs.ext.gdpr,Section 3.2.3
p004286,tio.ch,ssb-global.smartadserver.com,request,2.6-202606,openrtb.type.mismatch,error,site.publisher.id,3.2.15
p004286,tio.ch,ssb-global.smartadserver.com,request,2.6-202606,openrtb.field.moved,error,user.ext.consent,Section 3.2.20
p004287,tio.ch,ssb-global.smartadserver.com,request,2.6-202606,openrtb.field.moved,error,regs.ext.gdpr,Section 3.2.3
p004287,tio.ch,ssb-global.smartadserver.com,request,2.6-202606,openrtb.type.mismatch,error,site.publisher.id,3.2.15
p004287,tio.ch,ssb-global.smartadserver.com,request,2.6-202606,openrtb.field.moved,error,user.ext.consent,Section 3.2.20
p004288,tio.ch,ssb-global.smartadserver.com,request,2.6-202606,openrtb.field.moved,error,regs.ext.gdpr,Section 3.2.3
p004288,tio.ch,ssb-global.smartadserver.com,request,2.6-202606,openrtb.type.mismatch,error,site.publisher.id,3.2.15
p004288,tio.ch,ssb-global.smartadserver.com,request,2.6-202606,openrtb.field.moved,error,user.ext.consent,Section 3.2.20
p004289,tio.ch,ssb-global.smartadserver.com,request,2.6-202606,openrtb.field.moved,error,regs.ext.gdpr,Section 3.2.3
p004289,tio.ch,ssb-global.smartadserver.com,request,2.6-202606,openrtb.type.mismatch,error,site.publisher.id,3.2.15
p004289,tio.ch,ssb-global.smartadserver.com,request,2.6-202606,openrtb.field.moved,error,user.ext.consent,Section 3.2.20
p004290,tio.ch,ssb-global.smartadserver.com,request,2.6-202606,openrtb.field.moved,error,regs.ext.gdpr,Section 3.2.3
p004290,tio.ch,ssb-global.smartadserver.com,request,2.6-202606,openrtb.type.mismatch,error,site.publisher.id,3.2.15
p004290,tio.ch,ssb-global.smartadserver.com,request,2.6-202606,openrtb.field.moved,error,user.ext.consent,Section 3.2.20
p004291,upi.com,ssb-global.smartadserver.com,request,2.6-202606,openrtb.field.undefined,error,geo,3.2.1
p004291,upi.com,ssb-global.smartadserver.com,request,2.6-202606,openrtb.field.undefined,error,imp[0].battr,3.2.4
p004291,upi.com,ssb-global.smartadserver.com,request,2.6-202606,openrtb.type.mismatch,error,site.publisher.id,3.2.15
p004292,upi.com,ssb-global.smartadserver.com,request,2.6-202606,openrtb.field.undefined,error,geo,3.2.1
p004292,upi.com,ssb-global.smartadserver.com,request,2.6-202606,openrtb.field.undefined,error,imp[0].battr,3.2.4
p004292,upi.com,ssb-global.smartadserver.com,request,2.6-202606,openrtb.type.mismatch,error,site.publisher.id,3.2.15
p004293,upi.com,ssb-global.smartadserver.com,request,2.6-202606,openrtb.field.undefined,error,geo,3.2.1
p004293,upi.com,ssb-global.smartadserver.com,request,2.6-202606,openrtb.field.undefined,error,imp[0].battr,3.2.4
p004293,upi.com,ssb-global.smartadserver.com,request,2.6-202606,openrtb.type.mismatch,error,site.publisher.id,3.2.15
p004294,upi.com,ssb-global.smartadserver.com,request,2.6-202606,openrtb.field.undefined,error,geo,3.2.1
p004294,upi.com,ssb-global.smartadserver.com,request,2.6-202606,openrtb.field.undefined,error,imp[0].battr,3.2.4
p004294,upi.com,ssb-global.smartadserver.com,request,2.6-202606,openrtb.type.mismatch,error,site.publisher.id,3.2.15
p004295,upi.com,ssb-global.smartadserver.com,request,2.6-202606,openrtb.field.undefined,error,geo,3.2.1
p004295,upi.com,ssb-global.smartadserver.com,request,2.6-202606,openrtb.field.undefined,error,imp[0].battr,3.2.4
p004295,upi.com,ssb-global.smartadserver.com,request,2.6-202606,openrtb.type.mismatch,error,site.publisher.id,3.2.15
p004296,upi.com,ssb-global.smartadserver.com,request,2.6-202606,openrtb.field.undefined,error,geo,3.2.1
p004296,upi.com,ssb-global.smartadserver.com,request,2.6-202606,openrtb.field.undefined,error,imp[0].battr,3.2.4
p004296,upi.com,ssb-global.smartadserver.com,request,2.6-202606,openrtb.type.mismatch,error,site.publisher.id,3.2.15
p004297,upi.com,ssb-global.smartadserver.com,request,2.6-202606,openrtb.field.undefined,error,geo,3.2.1
p004297,upi.com,ssb-global.smartadserver.com,request,2.6-202606,openrtb.field.undefined,error,imp[0].battr,3.2.4
p004297,upi.com,ssb-global.smartadserver.com,request,2.6-202606,openrtb.type.mismatch,error,site.publisher.id,3.2.15
p004298,upi.com,ssb-global.smartadserver.com,request,2.6-202606,openrtb.field.undefined,error,geo,3.2.1
p004298,upi.com,ssb-global.smartadserver.com,request,2.6-202606,openrtb.field.undefined,error,imp[0].battr,3.2.4
p004298,upi.com,ssb-global.smartadserver.com,request,2.6-202606,openrtb.type.mismatch,error,site.publisher.id,3.2.15
p004299,upi.com,ssb-global.smartadserver.com,request,2.6-202606,openrtb.field.undefined,error,geo,3.2.1
p004299,upi.com,ssb-global.smartadserver.com,request,2.6-202606,openrtb.field.undefined,error,imp[0].battr,3.2.4
p004299,upi.com,ssb-global.smartadserver.com,request,2.6-202606,openrtb.type.mismatch,error,site.publisher.id,3.2.15
p004300,upi.com,ssb-global.smartadserver.com,request,2.6-202606,openrtb.field.undefined,error,geo,3.2.1
p004300,upi.com,ssb-global.smartadserver.com,request,2.6-202606,openrtb.field.undefined,error,imp[0].battr,3.2.4
p004300,upi.com,ssb-global.smartadserver.com,request,2.6-202606,openrtb.type.mismatch,error,site.publisher.id,3.2.15
p004301,upi.com,ssb-global.smartadserver.com,request,2.6-202606,openrtb.field.undefined,error,geo,3.2.1
p004301,upi.com,ssb-global.smartadserver.com,request,2.6-202606,openrtb.field.undefined,error,imp[0].battr,3.2.4
p004301,upi.com,ssb-global.smartadserver.com,request,2.6-202606,openrtb.type.mismatch,error,site.publisher.id,3.2.15
p004302,vice.com,ssb-global.smartadserver.com,request,2.6-202606,openrtb.field.undefined,error,imp[0].battr,3.2.4
p004302,vice.com,ssb-global.smartadserver.com,request,2.6-202606,openrtb.type.mismatch,error,site.publisher.id,3.2.15
p004303,vice.com,ssb-global.smartadserver.com,request,2.6-202606,openrtb.field.undefined,error,imp[0].battr,3.2.4
p004303,vice.com,ssb-global.smartadserver.com,request,2.6-202606,openrtb.type.mismatch,error,site.publisher.id,3.2.15
p004304,vice.com,ssb-global.smartadserver.com,request,2.6-202606,openrtb.field.undefined,error,imp[0].battr,3.2.4
p004304,vice.com,ssb-global.smartadserver.com,request,2.6-202606,openrtb.type.mismatch,error,site.publisher.id,3.2.15
p004305,vice.com,ssb-global.smartadserver.com,request,2.6-202606,openrtb.field.undefined,error,imp[0].battr,3.2.4
p004305,vice.com,ssb-global.smartadserver.com,request,2.6-202606,openrtb.type.mismatch,error,site.publisher.id,3.2.15
p004306,webdesignerdepot.com,ssb-global.smartadserver.com,request,2.6-202606,openrtb.type.mismatch,error,site.publisher.id,3.2.15
p004307,webdesignerdepot.com,ssb-global.smartadserver.com,request,2.6-202606,openrtb.field.deprecated,warning,imp[0].video.placement,Section 3.2.7
p004307,webdesignerdepot.com,ssb-global.smartadserver.com,request,2.6-202606,openrtb.value.invalid,error,imp[0].video.skip,3.2.7
p004307,webdesignerdepot.com,ssb-global.smartadserver.com,request,2.6-202606,openrtb.type.mismatch,error,site.publisher.id,3.2.15
p004308,webdesignerdepot.com,ssb-global.smartadserver.com,request,2.6-202606,openrtb.type.mismatch,error,site.publisher.id,3.2.15
p004309,webdesignerdepot.com,ssb-global.smartadserver.com,request,2.6-202606,openrtb.field.deprecated,warning,imp[0].video.placement,Section 3.2.7
p004309,webdesignerdepot.com,ssb-global.smartadserver.com,request,2.6-202606,openrtb.value.invalid,error,imp[0].video.skip,3.2.7
p004309,webdesignerdepot.com,ssb-global.smartadserver.com,request,2.6-202606,openrtb.type.mismatch,error,site.publisher.id,3.2.15
p004310,webdesignerdepot.com,ssb-global.smartadserver.com,request,2.6-202606,openrtb.type.mismatch,error,site.publisher.id,3.2.15
p004311,webdesignerdepot.com,ssb-global.smartadserver.com,request,2.6-202606,openrtb.field.deprecated,warning,imp[0].video.placement,Section 3.2.7
p004311,webdesignerdepot.com,ssb-global.smartadserver.com,request,2.6-202606,openrtb.value.invalid,error,imp[0].video.skip,3.2.7
p004311,webdesignerdepot.com,ssb-global.smartadserver.com,request,2.6-202606,openrtb.type.mismatch,error,site.publisher.id,3.2.15
p004312,webdesignerdepot.com,ssb-global.smartadserver.com,request,2.6-202606,openrtb.field.deprecated,warning,imp[0].video.placement,Section 3.2.7
p004312,webdesignerdepot.com,ssb-global.smartadserver.com,request,2.6-202606,openrtb.value.invalid,error,imp[0].video.skip,3.2.7
p004312,webdesignerdepot.com,ssb-global.smartadserver.com,request,2.6-202606,openrtb.type.mismatch,error,site.publisher.id,3.2.15
p004313,webdesignerdepot.com,ssb-global.smartadserver.com,request,2.6-202606,openrtb.field.deprecated,warning,imp[0].video.placement,Section 3.2.7
p004313,webdesignerdepot.com,ssb-global.smartadserver.com,request,2.6-202606,openrtb.value.invalid,error,imp[0].video.skip,3.2.7
p004313,webdesignerdepot.com,ssb-global.smartadserver.com,request,2.6-202606,openrtb.type.mismatch,error,site.publisher.id,3.2.15
p004314,barcablaugranes.com,ssb-global.smartadserver.com,response,2.6-202606,openrtb.field.undefined,error,statuscode,4.2.1
p004315,barcablaugranes.com,ssb-global.smartadserver.com,response,2.6-202606,openrtb.field.undefined,error,statuscode,4.2.1
p004316,barcablaugranes.com,ssb-global.smartadserver.com,response,2.6-202606,openrtb.field.undefined,error,statuscode,4.2.1
p004317,cityam.com,ssb-global.smartadserver.com,response,2.6-202606,openrtb.field.undefined,error,statuscode,4.2.1
p004318,cityam.com,ssb-global.smartadserver.com,response,2.6-202606,openrtb.field.undefined,error,statuscode,4.2.1
p004319,cityam.com,ssb-global.smartadserver.com,response,2.6-202606,openrtb.field.undefined,error,statuscode,4.2.1
p004320,cityam.com,ssb-global.smartadserver.com,response,2.6-202606,openrtb.field.undefined,error,statuscode,4.2.1
p004321,cityam.com,ssb-global.smartadserver.com,response,2.6-202606,openrtb.field.undefined,error,statuscode,4.2.1
p004322,cityam.com,ssb-global.smartadserver.com,response,2.6-202606,openrtb.field.undefined,error,statuscode,4.2.1
p004323,iheart.com,ssb-global.smartadserver.com,response,2.6-202606,openrtb.field.undefined,error,statuscode,4.2.1
p004324,iheart.com,ssb-global.smartadserver.com,response,2.6-202606,openrtb.field.undefined,error,statuscode,4.2.1
p004325,nesn.com,ssb-global.smartadserver.com,response,2.6-202606,openrtb.field.undefined,error,statuscode,4.2.1
p004326,nesn.com,ssb-global.smartadserver.com,response,2.6-202606,openrtb.field.undefined,error,statuscode,4.2.1
p004327,nesn.com,ssb-global.smartadserver.com,response,2.6-202606,openrtb.field.undefined,error,statuscode,4.2.1
p004328,nesn.com,ssb-global.smartadserver.com,response,2.6-202606,openrtb.field.undefined,error,statuscode,4.2.1
p004329,nesn.com,ssb-global.smartadserver.com,response,2.6-202606,openrtb.field.undefined,error,statuscode,4.2.1
p004330,philstar.com,ssb-global.smartadserver.com,response,2.6-202606,openrtb.field.undefined,error,statuscode,4.2.1
p004331,philstar.com,ssb-global.smartadserver.com,response,2.6-202606,openrtb.field.undefined,error,statuscode,4.2.1
p004332,outsideonline.com,ssb-global.smartadserver.com,response,2.6-202606,openrtb.field.undefined,error,statuscode,4.2.1
p004333,prosport.ro,ssb-global.smartadserver.com,response,2.6-202606,openrtb.field.undefined,error,statuscode,4.2.1
p004334,prosport.ro,ssb-global.smartadserver.com,response,2.6-202606,openrtb.field.undefined,error,statuscode,4.2.1
p004335,prosport.ro,ssb-global.smartadserver.com,response,2.6-202606,openrtb.field.undefined,error,statuscode,4.2.1
p004336,prosport.ro,ssb-global.smartadserver.com,response,2.6-202606,openrtb.field.undefined,error,statuscode,4.2.1
p004337,philstar.com,ssb-global.smartadserver.com,response,2.6-202606,openrtb.field.undefined,error,statuscode,4.2.1
p004338,prosport.ro,ssb-global.smartadserver.com,response,2.6-202606,openrtb.field.undefined,error,statuscode,4.2.1
p004339,socialblade.com,ssb-global.smartadserver.com,response,2.6-202606,openrtb.field.undefined,error,statuscode,4.2.1
p004340,socialblade.com,ssb-global.smartadserver.com,response,2.6-202606,openrtb.field.undefined,error,statuscode,4.2.1
p004341,socialblade.com,ssb-global.smartadserver.com,response,2.6-202606,openrtb.field.undefined,error,statuscode,4.2.1
p004342,upi.com,ssb-global.smartadserver.com,response,2.6-202606,openrtb.field.undefined,error,statuscode,4.2.1
p004343,vice.com,ssb-global.smartadserver.com,response,2.6-202606,openrtb.field.undefined,error,statuscode,4.2.1
p004344,vice.com,ssb-global.smartadserver.com,response,2.6-202606,openrtb.field.undefined,error,statuscode,4.2.1
p004345,cycletrader.com,ssc.33across.com,request,2.6-202606,openrtb.field.moved,error,regs.ext.gdpr,Section 3.2.3
p004346,cycletrader.com,ssc.33across.com,request,2.6-202606,openrtb.field.moved,error,regs.ext.gdpr,Section 3.2.3
p004347,cycletrader.com,ssc.33across.com,request,2.6-202606,openrtb.field.moved,error,regs.ext.gdpr,Section 3.2.3
p004348,cycletrader.com,ssc.33across.com,request,2.6-202606,openrtb.field.moved,error,regs.ext.gdpr,Section 3.2.3
p004349,cycletrader.com,ssc.33across.com,request,2.6-202606,openrtb.field.moved,error,regs.ext.gdpr,Section 3.2.3
p004350,cycletrader.com,ssc.33across.com,request,2.6-202606,openrtb.field.moved,error,regs.ext.gdpr,Section 3.2.3
p004351,cycletrader.com,ssc.33across.com,request,2.6-202606,openrtb.field.moved,error,regs.ext.gdpr,Section 3.2.3
p004352,cycletrader.com,ssc.33across.com,request,2.6-202606,openrtb.field.moved,error,regs.ext.gdpr,Section 3.2.3
p004353,cycletrader.com,ssc.33across.com,request,2.6-202606,openrtb.field.moved,error,regs.ext.gdpr,Section 3.2.3
p004354,cycletrader.com,ssc.33across.com,request,2.6-202606,openrtb.field.moved,error,regs.ext.gdpr,Section 3.2.3
p004355,genealogy.com,ssc.33across.com,request,2.6-202606,openrtb.field.moved,error,regs.ext.gdpr,Section 3.2.3
p004356,genealogy.com,ssc.33across.com,request,2.6-202606,openrtb.field.moved,error,regs.ext.gdpr,Section 3.2.3
p004357,genealogy.com,ssc.33across.com,request,2.6-202606,openrtb.field.moved,error,regs.ext.gdpr,Section 3.2.3
p004358,genealogy.com,ssc.33across.com,request,2.6-202606,openrtb.field.moved,error,regs.ext.gdpr,Section 3.2.3
p004359,iheart.com,ssc.33across.com,request,2.6-202606,openrtb.field.deprecated,warning,imp[0].video.placement,Section 3.2.7
p004359,iheart.com,ssc.33across.com,request,2.6-202606,openrtb.value.invalid,error,imp[0].video.skip,3.2.7
p004359,iheart.com,ssc.33across.com,request,2.6-202606,openrtb.type.mismatch,error,site.ref,3.2.13
p004360,iheart.com,ssc.33across.com,request,2.6-202606,openrtb.type.mismatch,error,site.ref,3.2.13
p004361,nationaltoday.com,ssc.33across.com,request,2.6-202606,openrtb.field.moved,error,regs.ext.gdpr,Section 3.2.3
p004362,nationaltoday.com,ssc.33across.com,request,2.6-202606,openrtb.field.moved,error,regs.ext.gdpr,Section 3.2.3
p004363,nationaltoday.com,ssc.33across.com,request,2.6-202606,openrtb.field.moved,error,regs.ext.gdpr,Section 3.2.3
p004364,nationaltoday.com,ssc.33across.com,request,2.6-202606,openrtb.field.moved,error,regs.ext.gdpr,Section 3.2.3
p004365,nationaltoday.com,ssc.33across.com,request,2.6-202606,openrtb.field.moved,error,regs.ext.gdpr,Section 3.2.3
p004366,nationaltoday.com,ssc.33across.com,request,2.6-202606,openrtb.field.moved,error,regs.ext.gdpr,Section 3.2.3
p004367,nationaltoday.com,ssc.33across.com,request,2.6-202606,openrtb.field.moved,error,regs.ext.gdpr,Section 3.2.3
p004368,nationaltoday.com,ssc.33across.com,request,2.6-202606,openrtb.field.moved,error,regs.ext.gdpr,Section 3.2.3
p004369,zeldadungeon.net,ssc.33across.com,request,2.6-202606,openrtb.field.moved,error,regs.ext.gdpr,Section 3.2.3
p004370,cycletrader.com,ssc.33across.com,response,2.6-202606,openrtb.response.seatbid_or_nbr.required,error,seatbid,4.2.1
p004371,cycletrader.com,ssc.33across.com,response,2.6-202606,openrtb.response.seatbid_or_nbr.required,error,seatbid,4.2.1
p004372,cycletrader.com,ssc.33across.com,response,2.6-202606,openrtb.response.seatbid_or_nbr.required,error,seatbid,4.2.1
p004373,cycletrader.com,ssc.33across.com,response,2.6-202606,openrtb.response.seatbid_or_nbr.required,error,seatbid,4.2.1
p004374,cycletrader.com,ssc.33across.com,response,2.6-202606,openrtb.response.seatbid_or_nbr.required,error,seatbid,4.2.1
p004375,cycletrader.com,ssc.33across.com,response,2.6-202606,openrtb.response.seatbid_or_nbr.required,error,seatbid,4.2.1
p004376,cycletrader.com,ssc.33across.com,response,2.6-202606,openrtb.response.seatbid_or_nbr.required,error,seatbid,4.2.1
p004377,cycletrader.com,ssc.33across.com,response,2.6-202606,openrtb.response.seatbid_or_nbr.required,error,seatbid,4.2.1
p004378,cycletrader.com,ssc.33across.com,response,2.6-202606,openrtb.response.seatbid_or_nbr.required,error,seatbid,4.2.1
p004379,cycletrader.com,ssc.33across.com,response,2.6-202606,openrtb.response.seatbid_or_nbr.required,error,seatbid,4.2.1
p004380,genealogy.com,ssc.33across.com,response,2.6-202606,openrtb.response.seatbid_or_nbr.required,error,seatbid,4.2.1
p004381,genealogy.com,ssc.33across.com,response,2.6-202606,openrtb.response.seatbid_or_nbr.required,error,seatbid,4.2.1
p004382,genealogy.com,ssc.33across.com,response,2.6-202606,openrtb.response.seatbid_or_nbr.required,error,seatbid,4.2.1
p004383,genealogy.com,ssc.33across.com,response,2.6-202606,openrtb.response.seatbid_or_nbr.required,error,seatbid,4.2.1
p004384,iheart.com,ssc.33across.com,response,2.6-202606,openrtb.response.seatbid_or_nbr.required,error,seatbid,4.2.1
p004385,iheart.com,ssc.33across.com,response,2.6-202606,openrtb.response.seatbid_or_nbr.required,error,seatbid,4.2.1
p004386,nationaltoday.com,ssc.33across.com,response,2.6-202606,openrtb.response.seatbid_or_nbr.required,error,seatbid,4.2.1
p004389,nationaltoday.com,ssc.33across.com,response,2.6-202606,openrtb.response.seatbid_or_nbr.required,error,seatbid,4.2.1
p004390,nationaltoday.com,ssc.33across.com,response,2.6-202606,openrtb.response.seatbid_or_nbr.required,error,seatbid,4.2.1
p004391,nationaltoday.com,ssc.33across.com,response,2.6-202606,openrtb.response.seatbid_or_nbr.required,error,seatbid,4.2.1
p004392,nationaltoday.com,ssc.33across.com,response,2.6-202606,openrtb.response.seatbid_or_nbr.required,error,seatbid,4.2.1
p004393,nationaltoday.com,ssc.33across.com,response,2.6-202606,openrtb.response.seatbid_or_nbr.required,error,seatbid,4.2.1
p004394,zeldadungeon.net,ssc.33across.com,response,2.6-202606,openrtb.response.seatbid_or_nbr.required,error,seatbid,4.2.1
p004401,csfd.cz,ssp.seznam.cz,request,2.6-202606,openrtb.type.mismatch,error,imp[0].tagid,3.2.4
p004401,csfd.cz,ssp.seznam.cz,request,2.6-202606,openrtb.field.moved,error,regs.ext.gdpr,Section 3.2.3
p004401,csfd.cz,ssp.seznam.cz,request,2.6-202606,openrtb.field.moved,error,user.ext.consent,Section 3.2.20
p004402,csfd.cz,ssp.seznam.cz,request,2.6-202606,openrtb.type.mismatch,error,imp[0].tagid,3.2.4
p004402,csfd.cz,ssp.seznam.cz,request,2.6-202606,openrtb.type.mismatch,error,imp[1].tagid,3.2.4
p004402,csfd.cz,ssp.seznam.cz,request,2.6-202606,openrtb.field.moved,error,regs.ext.gdpr,Section 3.2.3
p004402,csfd.cz,ssp.seznam.cz,request,2.6-202606,openrtb.field.moved,error,user.ext.consent,Section 3.2.20
p004403,csfd.cz,ssp.seznam.cz,response,2.6-202606,openrtb.bid.mtype_missing,warning,seatbid[0].bid[0].mtype,4.2.3
p004404,chicagotribune.com,ssp.wknd.ai,request,2.5,openrtb.type.mismatch,error,device.geo.metro,3.2.19
p004404,chicagotribune.com,ssp.wknd.ai,request,2.5,openrtb.field.undefined,error,imp[0].video.plcmt,3.2.7
p004404,chicagotribune.com,ssp.wknd.ai,request,2.5,openrtb.field.undefined,error,user.eids,3.2.20
p004405,chicagotribune.com,ssp.wknd.ai,request,2.5,openrtb.type.mismatch,error,device.geo.metro,3.2.19
p004405,chicagotribune.com,ssp.wknd.ai,request,2.5,openrtb.field.undefined,error,user.eids,3.2.20
p004406,chicagotribune.com,ssp.wknd.ai,request,2.5,openrtb.type.mismatch,error,device.geo.metro,3.2.19
p004406,chicagotribune.com,ssp.wknd.ai,request,2.5,openrtb.field.undefined,error,user.eids,3.2.20
p004407,chicagotribune.com,ssp.wknd.ai,request,2.5,openrtb.type.mismatch,error,device.geo.metro,3.2.19
p004407,chicagotribune.com,ssp.wknd.ai,request,2.5,openrtb.field.undefined,error,user.eids,3.2.20
p004408,chicagotribune.com,ssp.wknd.ai,request,2.5,openrtb.type.mismatch,error,device.geo.metro,3.2.19
p004408,chicagotribune.com,ssp.wknd.ai,request,2.5,openrtb.field.undefined,error,imp[0].video.plcmt,3.2.7
p004408,chicagotribune.com,ssp.wknd.ai,request,2.5,openrtb.field.undefined,error,user.eids,3.2.20
p004409,chicagotribune.com,ssp.wknd.ai,request,2.5,openrtb.type.mismatch,error,device.geo.metro,3.2.19
p004409,chicagotribune.com,ssp.wknd.ai,request,2.5,openrtb.field.undefined,error,user.eids,3.2.20
p004410,cityam.com,ssp.wknd.ai,request,2.5,openrtb.type.mismatch,error,device.geo.metro,3.2.19
p004410,cityam.com,ssp.wknd.ai,request,2.5,openrtb.field.undefined,error,imp[0].video.plcmt,3.2.7
p004410,cityam.com,ssp.wknd.ai,request,2.5,openrtb.field.undefined,error,user.eids,3.2.20
p004411,cityam.com,ssp.wknd.ai,request,2.5,openrtb.type.mismatch,error,device.geo.metro,3.2.19
p004411,cityam.com,ssp.wknd.ai,request,2.5,openrtb.field.undefined,error,user.eids,3.2.20
p004412,cityam.com,ssp.wknd.ai,request,2.5,openrtb.type.mismatch,error,device.geo.metro,3.2.19
p004412,cityam.com,ssp.wknd.ai,request,2.5,openrtb.field.undefined,error,imp[0].video.plcmt,3.2.7
p004412,cityam.com,ssp.wknd.ai,request,2.5,openrtb.field.undefined,error,user.eids,3.2.20
p004413,cityam.com,ssp.wknd.ai,request,2.5,openrtb.type.mismatch,error,device.geo.metro,3.2.19
p004413,cityam.com,ssp.wknd.ai,request,2.5,openrtb.field.undefined,error,user.eids,3.2.20
p004414,pilotonline.com,ssp.wknd.ai,request,2.5,openrtb.type.mismatch,error,device.geo.metro,3.2.19
p004414,pilotonline.com,ssp.wknd.ai,request,2.5,openrtb.field.undefined,error,imp[0].video.plcmt,3.2.7
p004414,pilotonline.com,ssp.wknd.ai,request,2.5,openrtb.field.undefined,error,user.eids,3.2.20
p004415,pilotonline.com,ssp.wknd.ai,request,2.5,openrtb.type.mismatch,error,device.geo.metro,3.2.19
p004415,pilotonline.com,ssp.wknd.ai,request,2.5,openrtb.field.undefined,error,user.eids,3.2.20
p004416,pilotonline.com,ssp.wknd.ai,request,2.5,openrtb.type.mismatch,error,device.geo.metro,3.2.19
p004416,pilotonline.com,ssp.wknd.ai,request,2.5,openrtb.field.undefined,error,user.eids,3.2.20
p004417,pilotonline.com,ssp.wknd.ai,request,2.5,openrtb.type.mismatch,error,device.geo.metro,3.2.19
p004417,pilotonline.com,ssp.wknd.ai,request,2.5,openrtb.field.undefined,error,user.eids,3.2.20
p004418,pilotonline.com,ssp.wknd.ai,request,2.5,openrtb.type.mismatch,error,device.geo.metro,3.2.19
p004418,pilotonline.com,ssp.wknd.ai,request,2.5,openrtb.field.undefined,error,imp[0].video.plcmt,3.2.7
p004418,pilotonline.com,ssp.wknd.ai,request,2.5,openrtb.field.undefined,error,user.eids,3.2.20
p004419,pilotonline.com,ssp.wknd.ai,request,2.5,openrtb.type.mismatch,error,device.geo.metro,3.2.19
p004419,pilotonline.com,ssp.wknd.ai,request,2.5,openrtb.field.undefined,error,user.eids,3.2.20
p004420,pilotonline.com,ssp.wknd.ai,request,2.5,openrtb.type.mismatch,error,device.geo.metro,3.2.19
p004420,pilotonline.com,ssp.wknd.ai,request,2.5,openrtb.field.undefined,error,user.eids,3.2.20
p004421,pilotonline.com,ssp.wknd.ai,request,2.5,openrtb.type.mismatch,error,device.geo.metro,3.2.19
p004421,pilotonline.com,ssp.wknd.ai,request,2.5,openrtb.field.undefined,error,user.eids,3.2.20
p004422,rawstory.com,ssp.wknd.ai,request,2.5,openrtb.type.mismatch,error,device.geo.metro,3.2.19
p004422,rawstory.com,ssp.wknd.ai,request,2.5,openrtb.field.undefined,error,user.eids,3.2.20
p004423,rawstory.com,ssp.wknd.ai,request,2.5,openrtb.type.mismatch,error,device.geo.metro,3.2.19
p004423,rawstory.com,ssp.wknd.ai,request,2.5,openrtb.field.undefined,error,user.eids,3.2.20
p004424,rawstory.com,ssp.wknd.ai,request,2.5,openrtb.type.mismatch,error,device.geo.metro,3.2.19
p004424,rawstory.com,ssp.wknd.ai,request,2.5,openrtb.field.undefined,error,user.eids,3.2.20
p004425,rawstory.com,ssp.wknd.ai,request,2.5,openrtb.type.mismatch,error,device.geo.metro,3.2.19
p004425,rawstory.com,ssp.wknd.ai,request,2.5,openrtb.field.undefined,error,user.eids,3.2.20
p004426,rawstory.com,ssp.wknd.ai,request,2.5,openrtb.type.mismatch,error,device.geo.metro,3.2.19
p004426,rawstory.com,ssp.wknd.ai,request,2.5,openrtb.field.undefined,error,user.eids,3.2.20
p004427,rawstory.com,ssp.wknd.ai,request,2.5,openrtb.type.mismatch,error,device.geo.metro,3.2.19
p004427,rawstory.com,ssp.wknd.ai,request,2.5,openrtb.field.undefined,error,user.eids,3.2.20
p004428,rawstory.com,ssp.wknd.ai,request,2.5,openrtb.type.mismatch,error,device.geo.metro,3.2.19
p004428,rawstory.com,ssp.wknd.ai,request,2.5,openrtb.field.undefined,error,user.eids,3.2.20
p004429,rawstory.com,ssp.wknd.ai,request,2.5,openrtb.type.mismatch,error,device.geo.metro,3.2.19
p004429,rawstory.com,ssp.wknd.ai,request,2.5,openrtb.field.undefined,error,user.eids,3.2.20
p004430,rawstory.com,ssp.wknd.ai,request,2.5,openrtb.type.mismatch,error,device.geo.metro,3.2.19
p004430,rawstory.com,ssp.wknd.ai,request,2.5,openrtb.field.undefined,error,user.eids,3.2.20
p004431,rawstory.com,ssp.wknd.ai,request,2.5,openrtb.type.mismatch,error,device.geo.metro,3.2.19
p004431,rawstory.com,ssp.wknd.ai,request,2.5,openrtb.field.undefined,error,user.eids,3.2.20
p004432,rawstory.com,ssp.wknd.ai,request,2.5,openrtb.type.mismatch,error,device.geo.metro,3.2.19
p004432,rawstory.com,ssp.wknd.ai,request,2.5,openrtb.field.undefined,error,user.eids,3.2.20
p004433,thesun.ie,ssp.wknd.ai,request,2.5,openrtb.type.mismatch,error,device.geo.metro,3.2.19
p004433,thesun.ie,ssp.wknd.ai,request,2.5,openrtb.field.undefined,error,imp[0].video.plcmt,3.2.7
p004433,thesun.ie,ssp.wknd.ai,request,2.5,openrtb.field.undefined,error,user.eids,3.2.20
p004434,thesun.ie,ssp.wknd.ai,request,2.5,openrtb.type.mismatch,error,device.geo.metro,3.2.19
p004434,thesun.ie,ssp.wknd.ai,request,2.5,openrtb.field.undefined,error,user.eids,3.2.20
p004435,chicagotribune.com,ssp.wknd.ai,response,2.6-202606,openrtb.field.undefined,error,seatbid[0].buyer,4.2.2
p004435,chicagotribune.com,ssp.wknd.ai,response,2.6-202606,openrtb.field.undefined,error,statuscode,4.2.1
p004436,csfd.cz,ssp.wp.pl,request,2.6-202606,openrtb.field.moved,error,regs.ext.gdpr,Section 3.2.3
p004436,csfd.cz,ssp.wp.pl,request,2.6-202606,openrtb.type.mismatch,error,site.ref,3.2.13
p004437,csfd.cz,ssp.wp.pl,request,2.6-202606,openrtb.field.moved,error,regs.ext.gdpr,Section 3.2.3
p004437,csfd.cz,ssp.wp.pl,request,2.6-202606,openrtb.type.mismatch,error,site.ref,3.2.13
p004438,falstaff.com,ssp.wp.pl,request,2.6-202606,openrtb.field.moved,error,regs.ext.gdpr,Section 3.2.3
p004438,falstaff.com,ssp.wp.pl,request,2.6-202606,openrtb.type.mismatch,error,site.ref,3.2.13
p004439,prosport.ro,ssp.wp.pl,request,2.6-202606,openrtb.field.moved,error,regs.ext.gdpr,Section 3.2.3
p004439,prosport.ro,ssp.wp.pl,request,2.6-202606,openrtb.type.mismatch,error,site.ref,3.2.13
p004440,prosport.ro,ssp.wp.pl,request,2.6-202606,openrtb.field.moved,error,regs.ext.gdpr,Section 3.2.3
p004440,prosport.ro,ssp.wp.pl,request,2.6-202606,openrtb.type.mismatch,error,site.ref,3.2.13
p004441,prosport.ro,ssp.wp.pl,request,2.6-202606,openrtb.field.moved,error,regs.ext.gdpr,Section 3.2.3
p004441,prosport.ro,ssp.wp.pl,request,2.6-202606,openrtb.type.mismatch,error,site.ref,3.2.13
p004442,prosport.ro,ssp.wp.pl,response,2.6-202606,openrtb.field.undefined,error,config,4.2.1
p004442,prosport.ro,ssp.wp.pl,response,2.6-202606,openrtb.field.undefined,error,sn,4.2.1
p004443,prosport.ro,ssp.wp.pl,response,2.6-202606,openrtb.field.undefined,error,config,4.2.1
p004443,prosport.ro,ssp.wp.pl,response,2.6-202606,openrtb.field.undefined,error,sn,4.2.1
p004444,falstaff.com,t.visx.net,request,2.6-202606,openrtb.field.moved,error,regs.ext.gdpr,Section 3.2.3
p004449,cupofjo.com,web.ads.aps.amazon-adsystem.com,request,2.6-202606,openrtb.field.deprecated,warning,imp[0].video.placement,Section 3.2.7
p004449,cupofjo.com,web.ads.aps.amazon-adsystem.com,request,2.6-202606,openrtb.value.invalid,error,imp[0].video.skip,3.2.7
p004451,giantfreakinrobot.com,web.ads.aps.amazon-adsystem.com,request,2.6-202606,openrtb.field.deprecated,warning,imp[1].video.placement,Section 3.2.7
p004451,giantfreakinrobot.com,web.ads.aps.amazon-adsystem.com,request,2.6-202606,openrtb.value.invalid,error,imp[1].video.skip,3.2.7
p004456,halfbakedharvest.com,web.ads.aps.amazon-adsystem.com,request,2.6-202606,openrtb.field.deprecated,warning,imp[0].video.placement,Section 3.2.7
p004456,halfbakedharvest.com,web.ads.aps.amazon-adsystem.com,request,2.6-202606,openrtb.value.invalid,error,imp[0].video.skip,3.2.7
p004457,halfbakedharvest.com,web.ads.aps.amazon-adsystem.com,request,2.6-202606,openrtb.field.deprecated,warning,imp[1].video.placement,Section 3.2.7
p004457,halfbakedharvest.com,web.ads.aps.amazon-adsystem.com,request,2.6-202606,openrtb.value.invalid,error,imp[1].video.skip,3.2.7
p004461,halfbakedharvest.com,web.ads.aps.amazon-adsystem.com,request,2.6-202606,openrtb.field.deprecated,warning,imp[0].video.placement,Section 3.2.7
p004461,halfbakedharvest.com,web.ads.aps.amazon-adsystem.com,request,2.6-202606,openrtb.value.invalid,error,imp[0].video.skip,3.2.7
p004462,halfbakedharvest.com,web.ads.aps.amazon-adsystem.com,request,2.6-202606,openrtb.field.deprecated,warning,imp[0].video.placement,Section 3.2.7
p004462,halfbakedharvest.com,web.ads.aps.amazon-adsystem.com,request,2.6-202606,openrtb.value.invalid,error,imp[0].video.skip,3.2.7
p004463,nintendoeverything.com,web.ads.aps.amazon-adsystem.com,request,2.6-202606,openrtb.field.deprecated,warning,imp[2].video.placement,Section 3.2.7
p004463,nintendoeverything.com,web.ads.aps.amazon-adsystem.com,request,2.6-202606,openrtb.value.invalid,error,imp[2].video.skip,3.2.7
p004464,nintendoeverything.com,web.ads.aps.amazon-adsystem.com,request,2.6-202606,openrtb.field.deprecated,warning,imp[3].video.placement,Section 3.2.7
p004464,nintendoeverything.com,web.ads.aps.amazon-adsystem.com,request,2.6-202606,openrtb.value.invalid,error,imp[3].video.skip,3.2.7
p004464,nintendoeverything.com,web.ads.aps.amazon-adsystem.com,request,2.6-202606,openrtb.field.deprecated,warning,imp[6].video.placement,Section 3.2.7
p004464,nintendoeverything.com,web.ads.aps.amazon-adsystem.com,request,2.6-202606,openrtb.value.invalid,error,imp[6].video.skip,3.2.7
p004465,nintendoeverything.com,web.ads.aps.amazon-adsystem.com,request,2.6-202606,openrtb.field.deprecated,warning,imp[2].video.placement,Section 3.2.7
p004465,nintendoeverything.com,web.ads.aps.amazon-adsystem.com,request,2.6-202606,openrtb.value.invalid,error,imp[2].video.skip,3.2.7
p004466,nintendoeverything.com,web.ads.aps.amazon-adsystem.com,request,2.6-202606,openrtb.field.deprecated,warning,imp[1].video.placement,Section 3.2.7
p004466,nintendoeverything.com,web.ads.aps.amazon-adsystem.com,request,2.6-202606,openrtb.value.invalid,error,imp[1].video.skip,3.2.7
p004467,nintendoeverything.com,web.ads.aps.amazon-adsystem.com,request,2.6-202606,openrtb.field.deprecated,warning,imp[1].video.placement,Section 3.2.7
p004467,nintendoeverything.com,web.ads.aps.amazon-adsystem.com,request,2.6-202606,openrtb.value.invalid,error,imp[1].video.skip,3.2.7
p004468,nintendoeverything.com,web.ads.aps.amazon-adsystem.com,request,2.6-202606,openrtb.field.deprecated,warning,imp[3].video.placement,Section 3.2.7
p004468,nintendoeverything.com,web.ads.aps.amazon-adsystem.com,request,2.6-202606,openrtb.value.invalid,error,imp[3].video.skip,3.2.7
p004468,nintendoeverything.com,web.ads.aps.amazon-adsystem.com,request,2.6-202606,openrtb.field.deprecated,warning,imp[6].video.placement,Section 3.2.7
p004468,nintendoeverything.com,web.ads.aps.amazon-adsystem.com,request,2.6-202606,openrtb.value.invalid,error,imp[6].video.skip,3.2.7
p004468,nintendoeverything.com,web.ads.aps.amazon-adsystem.com,request,2.6-202606,openrtb.field.deprecated,warning,imp[10].video.placement,Section 3.2.7
p004468,nintendoeverything.com,web.ads.aps.amazon-adsystem.com,request,2.6-202606,openrtb.value.invalid,error,imp[10].video.skip,3.2.7
p004469,nintendoeverything.com,web.ads.aps.amazon-adsystem.com,request,2.6-202606,openrtb.field.deprecated,warning,imp[0].video.placement,Section 3.2.7
p004470,nintendoeverything.com,web.ads.aps.amazon-adsystem.com,request,2.6-202606,openrtb.field.deprecated,warning,imp[1].video.placement,Section 3.2.7
p004470,nintendoeverything.com,web.ads.aps.amazon-adsystem.com,request,2.6-202606,openrtb.value.invalid,error,imp[1].video.skip,3.2.7
p004471,nintendoeverything.com,web.ads.aps.amazon-adsystem.com,request,2.6-202606,openrtb.field.deprecated,warning,imp[0].video.placement,Section 3.2.7
p004472,nintendoeverything.com,web.ads.aps.amazon-adsystem.com,request,2.6-202606,openrtb.field.deprecated,warning,imp[0].video.placement,Section 3.2.7
p004479,salon.com,web.ads.aps.amazon-adsystem.com,request,2.6-202606,openrtb.field.deprecated,warning,imp[0].video.placement,Section 3.2.7
p004479,salon.com,web.ads.aps.amazon-adsystem.com,request,2.6-202606,openrtb.value.invalid,error,imp[0].video.skip,3.2.7
p004481,salon.com,web.ads.aps.amazon-adsystem.com,request,2.6-202606,openrtb.field.deprecated,warning,imp[0].video.placement,Section 3.2.7
p004481,salon.com,web.ads.aps.amazon-adsystem.com,request,2.6-202606,openrtb.value.invalid,error,imp[0].video.skip,3.2.7
p004482,salon.com,web.ads.aps.amazon-adsystem.com,request,2.6-202606,openrtb.field.deprecated,warning,imp[1].video.placement,Section 3.2.7
p004482,salon.com,web.ads.aps.amazon-adsystem.com,request,2.6-202606,openrtb.value.invalid,error,imp[1].video.skip,3.2.7
p004488,salon.com,web.ads.aps.amazon-adsystem.com,request,2.6-202606,openrtb.field.deprecated,warning,imp[0].video.placement,Section 3.2.7
p004488,salon.com,web.ads.aps.amazon-adsystem.com,request,2.6-202606,openrtb.value.invalid,error,imp[0].video.skip,3.2.7
p004489,salon.com,web.ads.aps.amazon-adsystem.com,request,2.6-202606,openrtb.field.deprecated,warning,imp[0].video.placement,Section 3.2.7
p004489,salon.com,web.ads.aps.amazon-adsystem.com,request,2.6-202606,openrtb.value.invalid,error,imp[0].video.skip,3.2.7
p004490,salon.com,web.ads.aps.amazon-adsystem.com,request,2.6-202606,openrtb.field.deprecated,warning,imp[0].video.placement,Section 3.2.7
p004490,salon.com,web.ads.aps.amazon-adsystem.com,request,2.6-202606,openrtb.value.invalid,error,imp[0].video.skip,3.2.7
p004491,socialblade.com,web.ads.aps.amazon-adsystem.com,request,2.6-202606,openrtb.field.undefined,error,imp[0].battr,3.2.4
p004491,socialblade.com,web.ads.aps.amazon-adsystem.com,request,2.6-202606,openrtb.field.undefined,error,imp[1].battr,3.2.4
p004491,socialblade.com,web.ads.aps.amazon-adsystem.com,request,2.6-202606,openrtb.field.undefined,error,imp[2].battr,3.2.4
p004491,socialblade.com,web.ads.aps.amazon-adsystem.com,request,2.6-202606,openrtb.field.undefined,error,imp[3].battr,3.2.4
p004491,socialblade.com,web.ads.aps.amazon-adsystem.com,request,2.6-202606,openrtb.field.undefined,error,imp[4].battr,3.2.4
p004491,socialblade.com,web.ads.aps.amazon-adsystem.com,request,2.6-202606,openrtb.field.undefined,error,imp[5].battr,3.2.4
p004491,socialblade.com,web.ads.aps.amazon-adsystem.com,request,2.6-202606,openrtb.field.undefined,error,imp[6].battr,3.2.4
p004491,socialblade.com,web.ads.aps.amazon-adsystem.com,request,2.6-202606,openrtb.field.deprecated,warning,imp[6].video.placement,Section 3.2.7
p004491,socialblade.com,web.ads.aps.amazon-adsystem.com,request,2.6-202606,openrtb.value.invalid,error,imp[6].video.skip,3.2.7
p004492,socialblade.com,web.ads.aps.amazon-adsystem.com,request,2.6-202606,openrtb.field.undefined,error,imp[0].battr,3.2.4
p004492,socialblade.com,web.ads.aps.amazon-adsystem.com,request,2.6-202606,openrtb.field.deprecated,warning,imp[0].video.placement,Section 3.2.7
p004492,socialblade.com,web.ads.aps.amazon-adsystem.com,request,2.6-202606,openrtb.value.invalid,error,imp[0].video.skip,3.2.7
p004493,vice.com,web.ads.aps.amazon-adsystem.com,request,2.6-202606,openrtb.field.undefined,error,imp[0].battr,3.2.4
p004493,vice.com,web.ads.aps.amazon-adsystem.com,request,2.6-202606,openrtb.field.undefined,error,imp[1].battr,3.2.4
p004493,vice.com,web.ads.aps.amazon-adsystem.com,request,2.6-202606,openrtb.field.undefined,error,imp[2].battr,3.2.4
p004494,vice.com,web.ads.aps.amazon-adsystem.com,request,2.6-202606,openrtb.field.undefined,error,imp[0].battr,3.2.4
p004494,vice.com,web.ads.aps.amazon-adsystem.com,request,2.6-202606,openrtb.field.undefined,error,imp[1].battr,3.2.4
p004496,webdesignerdepot.com,web.ads.aps.amazon-adsystem.com,request,2.6-202606,openrtb.field.deprecated,warning,imp[0].video.placement,Section 3.2.7
p004496,webdesignerdepot.com,web.ads.aps.amazon-adsystem.com,request,2.6-202606,openrtb.value.invalid,error,imp[0].video.skip,3.2.7
p004497,webdesignerdepot.com,web.ads.aps.amazon-adsystem.com,request,2.6-202606,openrtb.field.deprecated,warning,imp[1].video.placement,Section 3.2.7
p004497,webdesignerdepot.com,web.ads.aps.amazon-adsystem.com,request,2.6-202606,openrtb.value.invalid,error,imp[1].video.skip,3.2.7
p004499,webdesignerdepot.com,web.ads.aps.amazon-adsystem.com,request,2.6-202606,openrtb.field.deprecated,warning,imp[0].video.placement,Section 3.2.7
p004499,webdesignerdepot.com,web.ads.aps.amazon-adsystem.com,request,2.6-202606,openrtb.value.invalid,error,imp[0].video.skip,3.2.7
p004500,webdesignerdepot.com,web.ads.aps.amazon-adsystem.com,request,2.6-202606,openrtb.field.deprecated,warning,imp[0].video.placement,Section 3.2.7
p004500,webdesignerdepot.com,web.ads.aps.amazon-adsystem.com,request,2.6-202606,openrtb.value.invalid,error,imp[0].video.skip,3.2.7
p004501,webdesignerdepot.com,web.ads.aps.amazon-adsystem.com,request,2.6-202606,openrtb.field.deprecated,warning,imp[0].video.placement,Section 3.2.7
p004501,webdesignerdepot.com,web.ads.aps.amazon-adsystem.com,request,2.6-202606,openrtb.value.invalid,error,imp[0].video.skip,3.2.7
p004502,webdesignerdepot.com,web.ads.aps.amazon-adsystem.com,request,2.6-202606,openrtb.field.deprecated,warning,imp[0].video.placement,Section 3.2.7
p004502,webdesignerdepot.com,web.ads.aps.amazon-adsystem.com,request,2.6-202606,openrtb.value.invalid,error,imp[0].video.skip,3.2.7
p004505,webdesignerdepot.com,web.ads.aps.amazon-adsystem.com,request,2.6-202606,openrtb.field.deprecated,warning,imp[0].video.placement,Section 3.2.7
p004505,webdesignerdepot.com,web.ads.aps.amazon-adsystem.com,request,2.6-202606,openrtb.value.invalid,error,imp[0].video.skip,3.2.7
p004507,webdesignerdepot.com,web.ads.aps.amazon-adsystem.com,request,2.6-202606,openrtb.field.deprecated,warning,imp[1].video.placement,Section 3.2.7
p004507,webdesignerdepot.com,web.ads.aps.amazon-adsystem.com,request,2.6-202606,openrtb.value.invalid,error,imp[1].video.skip,3.2.7
p004509,webdesignerdepot.com,web.ads.aps.amazon-adsystem.com,request,2.6-202606,openrtb.field.deprecated,warning,imp[1].video.placement,Section 3.2.7
p004509,webdesignerdepot.com,web.ads.aps.amazon-adsystem.com,request,2.6-202606,openrtb.value.invalid,error,imp[1].video.skip,3.2.7
p004510,webdesignerdepot.com,web.ads.aps.amazon-adsystem.com,request,2.6-202606,openrtb.field.deprecated,warning,imp[0].video.placement,Section 3.2.7
p004510,webdesignerdepot.com,web.ads.aps.amazon-adsystem.com,request,2.6-202606,openrtb.value.invalid,error,imp[0].video.skip,3.2.7
p004511,webdesignerdepot.com,web.ads.aps.amazon-adsystem.com,request,2.6-202606,openrtb.field.deprecated,warning,imp[0].video.placement,Section 3.2.7
p004511,webdesignerdepot.com,web.ads.aps.amazon-adsystem.com,request,2.6-202606,openrtb.value.invalid,error,imp[0].video.skip,3.2.7
p004512,webdesignerdepot.com,web.ads.aps.amazon-adsystem.com,request,2.6-202606,openrtb.field.deprecated,warning,imp[0].video.placement,Section 3.2.7
p004512,webdesignerdepot.com,web.ads.aps.amazon-adsystem.com,request,2.6-202606,openrtb.value.invalid,error,imp[0].video.skip,3.2.7
p004513,webdesignerdepot.com,web.ads.aps.amazon-adsystem.com,request,2.6-202606,openrtb.field.deprecated,warning,imp[0].video.placement,Section 3.2.7
p004513,webdesignerdepot.com,web.ads.aps.amazon-adsystem.com,request,2.6-202606,openrtb.value.invalid,error,imp[0].video.skip,3.2.7
p004515,cupofjo.com,web.ads.aps.amazon-adsystem.com,response,2.6-202606,openrtb.bid.adm.not_markup,warning,seatbid[0].bid[0].adm,4.2.3
p004518,halfbakedharvest.com,web.ads.aps.amazon-adsystem.com,response,2.6-202606,openrtb.bid.adm.not_markup,warning,seatbid[0].bid[0].adm,4.2.3
p004521,nintendoeverything.com,web.ads.aps.amazon-adsystem.com,response,2.6-202606,openrtb.bid.adm.not_markup,warning,seatbid[0].bid[0].adm,4.2.3
p004522,nintendoeverything.com,web.ads.aps.amazon-adsystem.com,response,2.6-202606,openrtb.bid.adm.not_markup,warning,seatbid[0].bid[0].adm,4.2.3
p004523,nintendoeverything.com,web.ads.aps.amazon-adsystem.com,response,2.6-202606,openrtb.bid.adm.not_markup,warning,seatbid[0].bid[0].adm,4.2.3
p004526,webdesignerdepot.com,web.ads.aps.amazon-adsystem.com,response,2.6-202606,openrtb.bid.adm.not_markup,warning,seatbid[0].bid[0].adm,4.2.3
p004535,oneindia.com,web.hb.ad.cpe.dotomi.com,request,2.6-202606,openrtb.field.undefined,error,user.interests,3.2.20
p004536,oneindia.com,web.hb.ad.cpe.dotomi.com,request,2.6-202606,openrtb.field.undefined,error,user.interests,3.2.20
p004537,oneindia.com,web.hb.ad.cpe.dotomi.com,request,2.6-202606,openrtb.field.undefined,error,user.interests,3.2.20
p004538,oneindia.com,web.hb.ad.cpe.dotomi.com,request,2.6-202606,openrtb.field.undefined,error,user.interests,3.2.20
p004551,montgomeryadvertiser.com,www.montgomeryadvertiser.com,response,2.6-202606,openrtb.bid.mtype_missing,warning,seatbid[0].bid[0].mtype,4.2.3
p004551,montgomeryadvertiser.com,www.montgomeryadvertiser.com,response,2.6-202606,openrtb.bid.mtype_missing,warning,seatbid[0].bid[1].mtype,4.2.3
p004551,montgomeryadvertiser.com,www.montgomeryadvertiser.com,response,2.6-202606,openrtb.bid.mtype_missing,warning,seatbid[0].bid[2].mtype,4.2.3
p004551,montgomeryadvertiser.com,www.montgomeryadvertiser.com,response,2.6-202606,openrtb.bid.mtype_missing,warning,seatbid[0].bid[3].mtype,4.2.3
p004551,montgomeryadvertiser.com,www.montgomeryadvertiser.com,response,2.6-202606,openrtb.bid.mtype_missing,warning,seatbid[0].bid[4].mtype,4.2.3
p004551,montgomeryadvertiser.com,www.montgomeryadvertiser.com,response,2.6-202606,openrtb.bid.mtype_missing,warning,seatbid[3].bid[0].mtype,4.2.3
p004551,montgomeryadvertiser.com,www.montgomeryadvertiser.com,response,2.6-202606,openrtb.bid.mtype_missing,warning,seatbid[3].bid[1].mtype,4.2.3
p004551,montgomeryadvertiser.com,www.montgomeryadvertiser.com,response,2.6-202606,openrtb.bid.mtype_missing,warning,seatbid[3].bid[2].mtype,4.2.3
p004551,montgomeryadvertiser.com,www.montgomeryadvertiser.com,response,2.6-202606,openrtb.bid.mtype_missing,warning,seatbid[3].bid[3].mtype,4.2.3
p004551,montgomeryadvertiser.com,www.montgomeryadvertiser.com,response,2.6-202606,openrtb.bid.mtype_missing,warning,seatbid[6].bid[0].mtype,4.2.3
p004551,montgomeryadvertiser.com,www.montgomeryadvertiser.com,response,2.6-202606,openrtb.bid.mtype_missing,warning,seatbid[6].bid[1].mtype,4.2.3
p004552,montgomeryadvertiser.com,www.montgomeryadvertiser.com,response,2.6-202606,openrtb.bid.mtype_missing,warning,seatbid[3].bid[0].mtype,4.2.3
p004553,montgomeryadvertiser.com,www.montgomeryadvertiser.com,response,2.6-202606,openrtb.bid.mtype_missing,warning,seatbid[4].bid[0].mtype,4.2.3
p004553,montgomeryadvertiser.com,www.montgomeryadvertiser.com,response,2.6-202606,openrtb.bid.mtype_missing,warning,seatbid[5].bid[0].mtype,4.2.3
p004553,montgomeryadvertiser.com,www.montgomeryadvertiser.com,response,2.6-202606,openrtb.bid.mtype_missing,warning,seatbid[7].bid[0].mtype,4.2.3
p004556,tennessean.com,www.tennessean.com,response,2.6-202606,openrtb.bid.mtype_missing,warning,seatbid[2].bid[0].mtype,4.2.3
p004556,tennessean.com,www.tennessean.com,response,2.6-202606,openrtb.bid.mtype_missing,warning,seatbid[2].bid[1].mtype,4.2.3
p004556,tennessean.com,www.tennessean.com,response,2.6-202606,openrtb.bid.mtype_missing,warning,seatbid[2].bid[2].mtype,4.2.3
p004556,tennessean.com,www.tennessean.com,response,2.6-202606,openrtb.bid.mtype_missing,warning,seatbid[2].bid[3].mtype,4.2.3
p004556,tennessean.com,www.tennessean.com,response,2.6-202606,openrtb.bid.mtype_missing,warning,seatbid[2].bid[4].mtype,4.2.3
p004556,tennessean.com,www.tennessean.com,response,2.6-202606,openrtb.bid.mtype_missing,warning,seatbid[8].bid[0].mtype,4.2.3
p004556,tennessean.com,www.tennessean.com,response,2.6-202606,openrtb.bid.mtype_missing,warning,seatbid[8].bid[1].mtype,4.2.3
p004556,tennessean.com,www.tennessean.com,response,2.6-202606,openrtb.bid.mtype_missing,warning,seatbid[8].bid[2].mtype,4.2.3
p004556,tennessean.com,www.tennessean.com,response,2.6-202606,openrtb.bid.mtype_missing,warning,seatbid[8].bid[3].mtype,4.2.3
p004556,tennessean.com,www.tennessean.com,response,2.6-202606,openrtb.bid.mtype_missing,warning,seatbid[8].bid[4].mtype,4.2.3
p004556,tennessean.com,www.tennessean.com,response,2.6-202606,openrtb.bid.mtype_missing,warning,seatbid[8].bid[5].mtype,4.2.3
p004556,tennessean.com,www.tennessean.com,response,2.6-202606,openrtb.bid.mtype_missing,warning,seatbid[8].bid[6].mtype,4.2.3
p004556,tennessean.com,www.tennessean.com,response,2.6-202606,openrtb.bid.mtype_missing,warning,seatbid[9].bid[0].mtype,4.2.3
p004556,tennessean.com,www.tennessean.com,response,2.6-202606,openrtb.bid.mtype_missing,warning,seatbid[9].bid[1].mtype,4.2.3
p004556,tennessean.com,www.tennessean.com,response,2.6-202606,openrtb.bid.mtype_missing,warning,seatbid[9].bid[2].mtype,4.2.3
p004556,tennessean.com,www.tennessean.com,response,2.6-202606,openrtb.bid.mtype_missing,warning,seatbid[9].bid[3].mtype,4.2.3
p004556,tennessean.com,www.tennessean.com,response,2.6-202606,openrtb.bid.mtype_missing,warning,seatbid[9].bid[4].mtype,4.2.3
p004557,tennessean.com,www.tennessean.com,response,2.6-202606,openrtb.bid.mtype_missing,warning,seatbid[2].bid[0].mtype,4.2.3
p004557,tennessean.com,www.tennessean.com,response,2.6-202606,openrtb.bid.mtype_missing,warning,seatbid[2].bid[1].mtype,4.2.3
p004557,tennessean.com,www.tennessean.com,response,2.6-202606,openrtb.bid.mtype_missing,warning,seatbid[2].bid[2].mtype,4.2.3
p004557,tennessean.com,www.tennessean.com,response,2.6-202606,openrtb.bid.mtype_missing,warning,seatbid[4].bid[0].mtype,4.2.3
p004557,tennessean.com,www.tennessean.com,response,2.6-202606,openrtb.bid.mtype_missing,warning,seatbid[11].bid[0].mtype,4.2.3
p004558,haberler.com,yandex.com,request,2.6-202606,openrtb.type.mismatch,error,imp[0].id,3.2.4
p004559,haberler.com,yandex.com,request,2.6-202606,openrtb.type.mismatch,error,imp[0].id,3.2.4
p004560,haberler.com,yandex.com,request,2.6-202606,openrtb.type.mismatch,error,imp[0].id,3.2.4
p004561,haberler.com,yandex.com,request,2.6-202606,openrtb.type.mismatch,error,imp[0].id,3.2.4
p004562,haberler.com,yandex.com,request,2.6-202606,openrtb.type.mismatch,error,imp[0].id,3.2.4
p004563,haberler.com,yandex.com,request,2.6-202606,openrtb.type.mismatch,error,imp[0].id,3.2.4
p004564,haberler.com,yandex.com,request,2.6-202606,openrtb.type.mismatch,error,imp[0].id,3.2.4
p004565,haberler.com,yandex.com,request,2.6-202606,openrtb.type.mismatch,error,imp[0].id,3.2.4
p004566,haberler.com,yandex.com,request,2.6-202606,openrtb.type.mismatch,error,imp[0].id,3.2.4
p004567,haberler.com,yandex.com,request,2.6-202606,openrtb.type.mismatch,error,imp[0].id,3.2.4
p004568,haberler.com,yandex.com,request,2.6-202606,openrtb.type.mismatch,error,imp[0].id,3.2.4
p004575,sozcu.com.tr,yandex.com,request,2.6-202606,openrtb.field.moved,error,user.ext.consent,Section 3.2.20
p004585,sozcu.com.tr,yandex.com,request,2.6-202606,openrtb.field.moved,error,user.ext.consent,Section 3.2.20
p004586,sozcu.com.tr,yandex.com,request,2.6-202606,openrtb.field.moved,error,user.ext.consent,Section 3.2.20
p004587,sozcu.com.tr,yandex.com,request,2.6-202606,openrtb.field.moved,error,user.ext.consent,Section 3.2.20
p004588,futbol-11.com,zz43159sni.pub.tappx.com,request,2.6-202606,openrtb.field.undefined,error,bidder,3.2.1
p004588,futbol-11.com,zz43159sni.pub.tappx.com,request,2.6-202606,openrtb.type.mismatch,error,imp[0].banner.api,3.2.6
p004588,futbol-11.com,zz43159sni.pub.tappx.com,request,2.6-202606,openrtb.type.mismatch,error,imp[0].banner.format,3.2.6
p004588,futbol-11.com,zz43159sni.pub.tappx.com,request,2.6-202606,openrtb.type.mismatch,error,regs.gdpr,3.2.3
p004589,futbol-11.com,zz43159sni.pub.tappx.com,response,2.6-202606,openrtb.bid.mtype_missing,warning,seatbid[0].bid[0].mtype,4.2.3
