payload_id,site,endpoint,side,best_fit_version,valid,n_issues,n_errors,n_warnings
p000001,standard.co.uk,a.bids.ws,request,2.6-202606,False,1,1,0
p000002,standard.co.uk,a.bids.ws,request,2.6-202606,False,1,1,0
p000003,standard.co.uk,a.bids.ws,request,2.6-202606,False,1,1,0
p000004,weather.com,a.bids.ws,request,2.6-202606,True,0,0,0
p000005,weather.com,a.bids.ws,request,2.6-202606,True,0,0,0
p000006,wunderground.com,a.bids.ws,request,2.6-202606,True,0,0,0
p000007,weather.com,a.bids.ws,request,2.6-202606,True,0,0,0
p000008,weather.com,a.bids.ws,request,2.6-202606,True,0,0,0
p000009,wunderground.com,a.bids.ws,request,2.6-202606,True,0,0,0
p000010,healthline.com,a.bids.ws,request,2.6-202606,False,2,2,0
p000011,ladbible.com,a.bids.ws,request,2.6-202606,False,1,1,0
p000012,unilad.com,a.bids.ws,request,2.6-202606,False,1,1,0
p000013,unilad.com,a.bids.ws,request,2.6-202606,False,1,1,0
p000014,unilad.com,a.bids.ws,request,2.6-202606,False,1,1,0
p000015,unilad.com,a.bids.ws,request,2.6-202606,False,1,1,0
p000016,standard.co.uk,a.bids.ws,response,2.6-202606,True,0,0,0
p000017,standard.co.uk,a.bids.ws,response,2.6-202606,True,0,0,0
p000018,standard.co.uk,a.bids.ws,response,2.6-202606,True,0,0,0
p000019,weather.com,a.bids.ws,response,2.6-202606,True,0,0,0
p000020,weather.com,a.bids.ws,response,2.6-202606,True,0,0,0
p000021,weather.com,a.bids.ws,response,2.6-202606,True,0,0,0
p000022,wunderground.com,a.bids.ws,response,2.6-202606,True,0,0,0
p000023,weather.com,a.bids.ws,response,2.6-202606,True,1,0,1
p000024,wunderground.com,a.bids.ws,response,2.6-202606,True,0,0,0
p000025,healthline.com,a.bids.ws,response,2.6-202606,True,0,0,0
p000026,ladbible.com,a.bids.ws,response,2.6-202606,True,0,0,0
p000027,unilad.com,a.bids.ws,response,2.6-202606,True,0,0,0
p000028,unilad.com,a.bids.ws,response,2.6-202606,True,0,0,0
p000029,unilad.com,a.bids.ws,response,2.6-202606,True,0,0,0
p000030,unilad.com,a.bids.ws,response,2.6-202606,True,0,0,0
p000031,huffpost.com,ads.trustx.org,request,2.6-202606,True,1,0,1
p000032,huffpost.com,ads.trustx.org,request,2.6-202606,True,1,0,1
p000033,huffpost.com,ads.trustx.org,request,2.6-202606,True,1,0,1
p000034,huffpost.com,ads.trustx.org,request,2.6-202606,True,1,0,1
p000035,huffpost.com,ads.trustx.org,request,2.6-202606,True,0,0,0
p000036,huffpost.com,ads.trustx.org,request,2.6-202606,True,1,0,1
p000037,huffpost.com,ads.trustx.org,request,2.6-202606,True,0,0,0
p000038,huffpost.com,ads.trustx.org,request,2.6-202606,True,1,0,1
p000039,huffpost.com,ads.trustx.org,request,2.6-202606,True,0,0,0
p000040,cbsnews.com,ads.trustx.org,request,2.6-202606,True,0,0,0
p000041,nbcnews.com,ads.trustx.org,request,2.6-202606,True,0,0,0
p000042,nbcnews.com,ads.trustx.org,request,2.6-202606,True,0,0,0
p000043,cbsnews.com,ads.trustx.org,request,2.6-202606,True,0,0,0
p000044,abcnews.go.com,ads.trustx.org,request,2.6-202606,True,0,0,0
p000045,vox.com,ads.trustx.org,request,2.6-202606,False,2,1,1
p000046,theverge.com,ads.trustx.org,request,2.6-202606,False,2,1,1
p000047,cbssports.com,ads.trustx.org,request,2.6-202606,True,0,0,0
p000048,cbssports.com,ads.trustx.org,request,2.6-202606,True,0,0,0
p000049,eonline.com,ads.trustx.org,request,2.6-202606,True,0,0,0
p000050,eonline.com,ads.trustx.org,request,2.6-202606,True,0,0,0
p000051,eonline.com,ads.trustx.org,request,2.6-202606,True,0,0,0
p000052,eonline.com,ads.trustx.org,request,2.6-202606,True,0,0,0
p000053,eonline.com,ads.trustx.org,request,2.6-202606,True,0,0,0
p000054,eonline.com,ads.trustx.org,request,2.6-202606,True,0,0,0
p000055,eonline.com,ads.trustx.org,request,2.6-202606,True,0,0,0
p000056,thrillist.com,ads.trustx.org,request,2.6-202606,False,2,1,1
p000057,thrillist.com,ads.trustx.org,request,2.6-202606,False,2,1,1
p000058,buzzfeed.com,ads.trustx.org,request,2.6-202606,False,2,1,1
p000059,goal.com,ads.yieldmo.com,request,2.6-202606,False,7,2,5
p000060,goal.com,ads.yieldmo.com,request,2.6-202606,False,7,2,5
p000061,goal.com,ads.yieldmo.com,request,2.6-202606,False,7,2,5
p000062,ladbible.com,adx.adform.net,request,2.6-202606,False,5,4,1
p000063,ladbible.com,adx.adform.net,request,2.6-202606,False,5,4,1
p000064,unilad.com,adx.adform.net,request,2.6-202606,False,5,4,1
p000065,unilad.com,adx.adform.net,request,2.6-202606,False,5,4,1
p000066,sportingnews.com,amspbs.com,request,2.6-202606,True,0,0,0
p000067,thehill.com,amspbs.com,request,2.6-202606,True,0,0,0
p000068,thehill.com,amspbs.com,response,2.6-202606,True,3,0,3
p000069,usatoday.com,ap.lijit.com,request,2.6-202606,False,3,2,1
p000070,thedailybeast.com,ap.lijit.com,request,2.6-202606,False,6,6,0
p000071,thedailybeast.com,ap.lijit.com,request,2.6-202606,False,3,3,0
p000072,sportingnews.com,ap.lijit.com,request,2.6-202606,False,1,1,0
p000073,ladbible.com,ap.lijit.com,request,2.6-202606,False,11,11,0
p000074,ladbible.com,ap.lijit.com,request,2.6-202606,False,11,11,0
p000075,unilad.com,ap.lijit.com,request,2.6-202606,False,2,1,1
p000076,unilad.com,ap.lijit.com,request,2.6-202606,False,2,1,1
p000077,thedailybeast.com,api.w.inmobi.com,request,2.6-202606,True,0,0,0
p000078,thedailybeast.com,api.w.inmobi.com,request,2.6-202606,True,0,0,0
p000079,thedailybeast.com,api.w.inmobi.com,request,2.6-202606,True,0,0,0
p000080,techcrunch.com,api.w.inmobi.com,request,2.6-202606,True,0,0,0
p000081,techcrunch.com,api.w.inmobi.com,request,2.6-202606,True,0,0,0
p000082,techcrunch.com,api.w.inmobi.com,request,2.6-202606,True,0,0,0
p000083,techcrunch.com,api.w.inmobi.com,request,2.6-202606,True,0,0,0
p000084,techcrunch.com,api.w.inmobi.com,request,2.6-202606,True,0,0,0
p000085,techcrunch.com,api.w.inmobi.com,request,2.6-202606,True,0,0,0
p000086,techcrunch.com,api.w.inmobi.com,request,2.6-202606,True,0,0,0
p000087,techcrunch.com,api.w.inmobi.com,request,2.6-202606,True,0,0,0
p000088,thesun.co.uk,b1h.outbrain.com,request,2.6-202606,True,0,0,0
p000089,thesun.co.uk,b1h.outbrain.com,request,2.6-202606,True,0,0,0
p000090,thesun.co.uk,b1h.outbrain.com,request,2.6-202606,True,0,0,0
p000091,thesun.co.uk,b1h.outbrain.com,request,2.6-202606,True,0,0,0
p000092,thesun.co.uk,b1h.outbrain.com,request,2.6-202606,True,0,0,0
p000093,thesun.co.uk,b1h.outbrain.com,request,2.6-202606,True,0,0,0
p000094,thesun.co.uk,b1h.outbrain.com,request,2.6-202606,True,0,0,0
p000095,thesun.co.uk,b1h.outbrain.com,request,2.6-202606,True,0,0,0
p000096,usatoday.com,bid.contextweb.com,request,2.6-202606,False,2,1,1
p000097,usatoday.com,bid.contextweb.com,request,2.6-202606,False,2,1,1
p000098,usatoday.com,bid.contextweb.com,request,2.6-202606,False,2,1,1
p000099,slate.com,bid.contextweb.com,request,2.6-202606,False,2,1,1
p000100,slate.com,bid.contextweb.com,request,2.6-202606,False,2,1,1
p000101,slate.com,bid.contextweb.com,request,2.6-202606,False,2,1,1
p000102,cbssports.com,bid.contextweb.com,request,2.6-202606,False,2,1,1
p000103,cbssports.com,bid.contextweb.com,request,2.6-202606,False,2,1,1
p000104,cbssports.com,bid.contextweb.com,request,2.6-202606,False,2,1,1
p000105,wunderground.com,bid.contextweb.com,request,2.6-202606,False,2,1,1
p000106,wunderground.com,bid.contextweb.com,request,2.6-202606,False,2,1,1
p000107,wunderground.com,bid.contextweb.com,request,2.6-202606,False,2,1,1
p000108,weather.com,bid.contextweb.com,request,2.6-202606,False,2,1,1
p000109,weather.com,bid.contextweb.com,request,2.6-202606,False,2,1,1
p000110,wunderground.com,bid.contextweb.com,request,2.6-202606,False,2,1,1
p000111,wunderground.com,bid.contextweb.com,request,2.6-202606,False,2,1,1
p000112,wunderground.com,bid.contextweb.com,request,2.6-202606,False,2,1,1
p000113,salon.com,btlr.sharethrough.com,request,2.6-202606,False,1,1,0
p000114,salon.com,btlr.sharethrough.com,request,2.6-202606,False,1,1,0
p000115,vox.com,btlr.sharethrough.com,request,2.6-202606,False,1,1,0
p000116,vox.com,btlr.sharethrough.com,request,2.6-202606,False,1,1,0
p000117,vox.com,btlr.sharethrough.com,request,2.6-202606,False,1,1,0
p000118,vox.com,btlr.sharethrough.com,request,2.6-202606,False,1,1,0
p000119,theverge.com,btlr.sharethrough.com,request,2.6-202606,False,1,1,0
p000120,theverge.com,btlr.sharethrough.com,request,2.6-202606,False,1,1,0
p000121,theverge.com,btlr.sharethrough.com,request,2.6-202606,False,1,1,0
p000122,theverge.com,btlr.sharethrough.com,request,2.6-202606,False,1,1,0
p000123,salon.com,btlr.sharethrough.com,request,2.6-202606,False,1,1,0
p000124,salon.com,btlr.sharethrough.com,request,2.6-202606,False,1,1,0
p000125,salon.com,btlr.sharethrough.com,request,2.6-202606,False,1,1,0
p000126,salon.com,btlr.sharethrough.com,request,2.6-202606,False,3,2,1
p000127,salon.com,btlr.sharethrough.com,request,2.6-202606,False,1,1,0
p000128,salon.com,btlr.sharethrough.com,request,2.6-202606,False,3,2,1
p000129,salon.com,btlr.sharethrough.com,request,2.6-202606,False,1,1,0
p000130,salon.com,btlr.sharethrough.com,request,2.6-202606,False,3,2,1
p000131,salon.com,btlr.sharethrough.com,request,2.6-202606,False,1,1,0
p000132,theverge.com,btlr.sharethrough.com,request,2.6-202606,False,1,1,0
p000133,salon.com,btlr.sharethrough.com,request,2.6-202606,False,1,1,0
p000134,salon.com,btlr.sharethrough.com,request,2.6-202606,False,1,1,0
p000135,salon.com,btlr.sharethrough.com,request,2.6-202606,False,1,1,0
p000136,salon.com,btlr.sharethrough.com,request,2.6-202606,False,1,1,0
p000137,salon.com,btlr.sharethrough.com,request,2.6-202606,False,3,2,1
p000138,theverge.com,btlr.sharethrough.com,request,2.6-202606,False,1,1,0
p000139,salon.com,btlr.sharethrough.com,request,2.6-202606,False,1,1,0
p000140,salon.com,btlr.sharethrough.com,request,2.6-202606,False,3,2,1
p000141,salon.com,btlr.sharethrough.com,request,2.6-202606,False,3,2,1
p000142,vox.com,btlr.sharethrough.com,request,2.6-202606,False,1,1,0
p000143,vox.com,btlr.sharethrough.com,request,2.6-202606,False,1,1,0
p000144,vox.com,btlr.sharethrough.com,request,2.6-202606,False,1,1,0
p000145,vox.com,btlr.sharethrough.com,request,2.6-202606,False,1,1,0
p000146,vox.com,btlr.sharethrough.com,request,2.6-202606,False,3,2,1
p000147,vox.com,btlr.sharethrough.com,request,2.6-202606,False,1,1,0
p000148,theverge.com,btlr.sharethrough.com,request,2.6-202606,False,1,1,0
p000149,theverge.com,btlr.sharethrough.com,request,2.6-202606,False,1,1,0
p000150,theverge.com,btlr.sharethrough.com,request,2.6-202606,False,1,1,0
p000151,theverge.com,btlr.sharethrough.com,request,2.6-202606,False,1,1,0
p000152,theverge.com,btlr.sharethrough.com,request,2.6-202606,False,1,1,0
p000153,engadget.com,btlr.sharethrough.com,request,2.6-202606,False,1,1,0
p000154,engadget.com,btlr.sharethrough.com,request,2.6-202606,False,3,2,1
p000155,theverge.com,btlr.sharethrough.com,request,2.6-202606,False,3,2,1
p000156,theverge.com,btlr.sharethrough.com,request,2.6-202606,False,1,1,0
p000157,engadget.com,btlr.sharethrough.com,request,2.6-202606,False,3,2,1
p000158,engadget.com,btlr.sharethrough.com,request,2.6-202606,False,3,2,1
p000159,cnet.com,btlr.sharethrough.com,request,2.6-202606,True,0,0,0
p000160,cnet.com,btlr.sharethrough.com,request,2.6-202606,True,0,0,0
p000161,cnet.com,btlr.sharethrough.com,request,2.6-202606,True,0,0,0
p000162,cnet.com,btlr.sharethrough.com,request,2.6-202606,True,0,0,0
p000163,cnet.com,btlr.sharethrough.com,request,2.6-202606,True,0,0,0
p000164,cnet.com,btlr.sharethrough.com,request,2.6-202606,True,0,0,0
p000165,engadget.com,btlr.sharethrough.com,request,2.6-202606,False,1,1,0
p000166,engadget.com,btlr.sharethrough.com,request,2.6-202606,False,3,2,1
p000167,engadget.com,btlr.sharethrough.com,request,2.6-202606,False,3,2,1
p000168,engadget.com,btlr.sharethrough.com,request,2.6-202606,False,3,2,1
p000169,cnet.com,btlr.sharethrough.com,request,2.6-202606,True,0,0,0
p000170,cnet.com,btlr.sharethrough.com,request,2.6-202606,True,0,0,0
p000171,cnet.com,btlr.sharethrough.com,request,2.6-202606,True,0,0,0
p000172,cnet.com,btlr.sharethrough.com,request,2.6-202606,True,0,0,0
p000173,cnet.com,btlr.sharethrough.com,request,2.6-202606,True,0,0,0
p000174,cnet.com,btlr.sharethrough.com,request,2.6-202606,True,0,0,0
p000175,zdnet.com,btlr.sharethrough.com,request,2.6-202606,True,0,0,0
p000176,zdnet.com,btlr.sharethrough.com,request,2.6-202606,True,0,0,0
p000177,zdnet.com,btlr.sharethrough.com,request,2.6-202606,True,0,0,0
p000178,zdnet.com,btlr.sharethrough.com,request,2.6-202606,True,0,0,0
p000179,cnet.com,btlr.sharethrough.com,request,2.6-202606,True,0,0,0
p000180,cnet.com,btlr.sharethrough.com,request,2.6-202606,True,0,0,0
p000181,cnet.com,btlr.sharethrough.com,request,2.6-202606,True,0,0,0
p000182,cnet.com,btlr.sharethrough.com,request,2.6-202606,True,0,0,0
p000183,cnet.com,btlr.sharethrough.com,request,2.6-202606,True,0,0,0
p000184,cnet.com,btlr.sharethrough.com,request,2.6-202606,True,0,0,0
p000185,zdnet.com,btlr.sharethrough.com,request,2.6-202606,True,0,0,0
p000186,zdnet.com,btlr.sharethrough.com,request,2.6-202606,True,0,0,0
p000187,zdnet.com,btlr.sharethrough.com,request,2.6-202606,True,0,0,0
p000188,zdnet.com,btlr.sharethrough.com,request,2.6-202606,True,0,0,0
p000189,zdnet.com,btlr.sharethrough.com,request,2.6-202606,True,0,0,0
p000190,zdnet.com,btlr.sharethrough.com,request,2.6-202606,True,0,0,0
p000191,zdnet.com,btlr.sharethrough.com,request,2.6-202606,True,0,0,0
p000192,zdnet.com,btlr.sharethrough.com,request,2.6-202606,False,2,1,1
p000193,pcmag.com,btlr.sharethrough.com,request,2.6-202606,True,0,0,0
p000194,pcmag.com,btlr.sharethrough.com,request,2.6-202606,True,0,0,0
p000195,pcmag.com,btlr.sharethrough.com,request,2.6-202606,True,0,0,0
p000196,androidauthority.com,btlr.sharethrough.com,request,2.6-202606,False,1,1,0
p000197,androidauthority.com,btlr.sharethrough.com,request,2.6-202606,False,1,1,0
p000198,pcmag.com,btlr.sharethrough.com,request,2.6-202606,True,0,0,0
p000199,pcmag.com,btlr.sharethrough.com,request,2.6-202606,True,0,0,0
p000200,pcmag.com,btlr.sharethrough.com,request,2.6-202606,True,0,0,0
p000201,pcmag.com,btlr.sharethrough.com,request,2.6-202606,True,0,0,0
p000202,pcmag.com,btlr.sharethrough.com,request,2.6-202606,True,0,0,0
p000203,pcmag.com,btlr.sharethrough.com,request,2.6-202606,True,0,0,0
p000204,pcmag.com,btlr.sharethrough.com,request,2.6-202606,True,0,0,0
p000205,pcmag.com,btlr.sharethrough.com,request,2.6-202606,True,0,0,0
p000206,pcmag.com,btlr.sharethrough.com,request,2.6-202606,True,0,0,0
p000207,pcmag.com,btlr.sharethrough.com,request,2.6-202606,True,0,0,0
p000208,pcmag.com,btlr.sharethrough.com,request,2.6-202606,True,0,0,0
p000209,pcmag.com,btlr.sharethrough.com,request,2.6-202606,True,0,0,0
p000210,pcmag.com,btlr.sharethrough.com,request,2.6-202606,True,0,0,0
p000211,pcmag.com,btlr.sharethrough.com,request,2.6-202606,True,0,0,0
p000212,pcmag.com,btlr.sharethrough.com,request,2.6-202606,True,0,0,0
p000213,pcmag.com,btlr.sharethrough.com,request,2.6-202606,True,0,0,0
p000214,pcmag.com,btlr.sharethrough.com,request,2.6-202606,True,0,0,0
p000215,pcmag.com,btlr.sharethrough.com,request,2.6-202606,True,0,0,0
p000216,pcmag.com,btlr.sharethrough.com,request,2.6-202606,True,0,0,0
p000217,pcmag.com,btlr.sharethrough.com,request,2.6-202606,True,0,0,0
p000218,pcmag.com,btlr.sharethrough.com,request,2.6-202606,True,0,0,0
p000219,pcmag.com,btlr.sharethrough.com,request,2.6-202606,True,0,0,0
p000220,pcmag.com,btlr.sharethrough.com,request,2.6-202606,True,0,0,0
p000221,pcmag.com,btlr.sharethrough.com,request,2.6-202606,True,0,0,0
p000222,pcmag.com,btlr.sharethrough.com,request,2.6-202606,True,0,0,0
p000223,pcmag.com,btlr.sharethrough.com,request,2.6-202606,True,0,0,0
p000224,pcmag.com,btlr.sharethrough.com,request,2.6-202606,True,0,0,0
p000225,pcmag.com,btlr.sharethrough.com,request,2.6-202606,True,0,0,0
p000226,androidauthority.com,btlr.sharethrough.com,request,2.6-202606,False,1,1,0
p000227,androidauthority.com,btlr.sharethrough.com,request,2.6-202606,False,1,1,0
p000228,androidauthority.com,btlr.sharethrough.com,request,2.6-202606,False,1,1,0
p000229,androidauthority.com,btlr.sharethrough.com,request,2.6-202606,False,1,1,0
p000230,androidauthority.com,btlr.sharethrough.com,request,2.6-202606,False,1,1,0
p000231,androidauthority.com,btlr.sharethrough.com,request,2.6-202606,False,3,2,1
p000232,androidauthority.com,btlr.sharethrough.com,request,2.6-202606,False,1,1,0
p000233,androidauthority.com,btlr.sharethrough.com,request,2.6-202606,False,1,1,0
p000234,androidauthority.com,btlr.sharethrough.com,request,2.6-202606,False,1,1,0
p000235,androidauthority.com,btlr.sharethrough.com,request,2.6-202606,False,1,1,0
p000236,androidauthority.com,btlr.sharethrough.com,request,2.6-202606,False,1,1,0
p000237,androidauthority.com,btlr.sharethrough.com,request,2.6-202606,False,1,1,0
p000238,androidauthority.com,btlr.sharethrough.com,request,2.6-202606,False,1,1,0
p000239,androidauthority.com,btlr.sharethrough.com,request,2.6-202606,False,1,1,0
p000240,androidauthority.com,btlr.sharethrough.com,request,2.6-202606,False,1,1,0
p000241,androidauthority.com,btlr.sharethrough.com,request,2.6-202606,False,1,1,0
p000242,androidauthority.com,btlr.sharethrough.com,request,2.6-202606,False,1,1,0
p000243,androidauthority.com,btlr.sharethrough.com,request,2.6-202606,False,1,1,0
p000244,androidauthority.com,btlr.sharethrough.com,request,2.6-202606,False,3,2,1
p000245,androidauthority.com,btlr.sharethrough.com,request,2.6-202606,False,1,1,0
p000246,androidauthority.com,btlr.sharethrough.com,request,2.6-202606,False,1,1,0
p000247,androidauthority.com,btlr.sharethrough.com,request,2.6-202606,False,1,1,0
p000248,androidauthority.com,btlr.sharethrough.com,request,2.6-202606,False,1,1,0
p000249,androidauthority.com,btlr.sharethrough.com,request,2.6-202606,False,1,1,0
p000250,androidauthority.com,btlr.sharethrough.com,request,2.6-202606,False,1,1,0
p000251,androidauthority.com,btlr.sharethrough.com,request,2.6-202606,False,1,1,0
p000252,androidauthority.com,btlr.sharethrough.com,request,2.6-202606,False,1,1,0
p000253,androidauthority.com,btlr.sharethrough.com,request,2.6-202606,False,1,1,0
p000254,androidauthority.com,btlr.sharethrough.com,request,2.6-202606,False,3,2,1
p000255,androidauthority.com,btlr.sharethrough.com,request,2.6-202606,False,1,1,0
p000256,androidauthority.com,btlr.sharethrough.com,request,2.6-202606,False,1,1,0
p000257,androidauthority.com,btlr.sharethrough.com,request,2.6-202606,False,1,1,0
p000258,androidauthority.com,btlr.sharethrough.com,request,2.6-202606,False,1,1,0
p000259,androidauthority.com,btlr.sharethrough.com,request,2.6-202606,False,1,1,0
p000260,androidauthority.com,btlr.sharethrough.com,request,2.6-202606,False,1,1,0
p000261,androidauthority.com,btlr.sharethrough.com,request,2.6-202606,False,1,1,0
p000262,androidauthority.com,btlr.sharethrough.com,request,2.6-202606,False,1,1,0
p000263,androidauthority.com,btlr.sharethrough.com,request,2.6-202606,False,1,1,0
p000264,androidauthority.com,btlr.sharethrough.com,request,2.6-202606,False,1,1,0
p000265,androidauthority.com,btlr.sharethrough.com,request,2.6-202606,False,3,2,1
p000266,androidauthority.com,btlr.sharethrough.com,request,2.6-202606,False,1,1,0
p000267,androidauthority.com,btlr.sharethrough.com,request,2.6-202606,False,1,1,0
p000268,androidauthority.com,btlr.sharethrough.com,request,2.6-202606,False,1,1,0
p000269,macrumors.com,btlr.sharethrough.com,request,2.6-202606,False,1,1,0
p000270,macrumors.com,btlr.sharethrough.com,request,2.6-202606,False,1,1,0
p000271,macrumors.com,btlr.sharethrough.com,request,2.6-202606,False,1,1,0
p000272,macrumors.com,btlr.sharethrough.com,request,2.6-202606,False,3,2,1
p000273,macrumors.com,btlr.sharethrough.com,request,2.6-202606,False,1,1,0
p000274,macrumors.com,btlr.sharethrough.com,request,2.6-202606,False,1,1,0
p000275,macrumors.com,btlr.sharethrough.com,request,2.6-202606,False,1,1,0
p000276,macrumors.com,btlr.sharethrough.com,request,2.6-202606,False,1,1,0
p000277,macrumors.com,btlr.sharethrough.com,request,2.6-202606,False,1,1,0
p000278,macrumors.com,btlr.sharethrough.com,request,2.6-202606,False,1,1,0
p000279,macrumors.com,btlr.sharethrough.com,request,2.6-202606,False,1,1,0
p000280,macrumors.com,btlr.sharethrough.com,request,2.6-202606,False,1,1,0
p000281,macrumors.com,btlr.sharethrough.com,request,2.6-202606,False,1,1,0
p000282,macrumors.com,btlr.sharethrough.com,request,2.6-202606,False,1,1,0
p000283,macrumors.com,btlr.sharethrough.com,request,2.6-202606,False,1,1,0
p000284,macrumors.com,btlr.sharethrough.com,request,2.6-202606,False,1,1,0
p000285,macrumors.com,btlr.sharethrough.com,request,2.6-202606,False,1,1,0
p000286,macrumors.com,btlr.sharethrough.com,request,2.6-202606,False,3,2,1
p000287,macrumors.com,btlr.sharethrough.com,request,2.6-202606,False,1,1,0
p000288,macrumors.com,btlr.sharethrough.com,request,2.6-202606,False,1,1,0
p000289,macrumors.com,btlr.sharethrough.com,request,2.6-202606,False,1,1,0
p000290,macrumors.com,btlr.sharethrough.com,request,2.6-202606,False,1,1,0
p000291,macrumors.com,btlr.sharethrough.com,request,2.6-202606,False,1,1,0
p000292,macrumors.com,btlr.sharethrough.com,request,2.6-202606,False,1,1,0
p000293,macrumors.com,btlr.sharethrough.com,request,2.6-202606,False,1,1,0
p000294,macrumors.com,btlr.sharethrough.com,request,2.6-202606,False,1,1,0
p000295,eurogamer.net,btlr.sharethrough.com,request,2.6-202606,False,2,1,1
p000296,dexerto.com,btlr.sharethrough.com,request,2.6-202606,False,1,1,0
p000297,dexerto.com,btlr.sharethrough.com,request,2.6-202606,False,1,1,0
p000298,dexerto.com,btlr.sharethrough.com,request,2.6-202606,False,1,1,0
p000299,dexerto.com,btlr.sharethrough.com,request,2.6-202606,False,1,1,0
p000300,dexerto.com,btlr.sharethrough.com,request,2.6-202606,False,1,1,0
p000301,dexerto.com,btlr.sharethrough.com,request,2.6-202606,False,1,1,0
p000302,sportingnews.com,btlr.sharethrough.com,request,2.6-202606,False,1,1,0
p000303,benzinga.com,btlr.sharethrough.com,request,2.6-202606,False,1,1,0
p000304,benzinga.com,btlr.sharethrough.com,request,2.6-202606,False,1,1,0
p000305,stereogum.com,btlr.sharethrough.com,request,2.6-202606,False,1,1,0
p000306,stereogum.com,btlr.sharethrough.com,request,2.6-202606,False,1,1,0
p000307,stereogum.com,btlr.sharethrough.com,request,2.6-202606,False,3,2,1
p000308,thrillist.com,btlr.sharethrough.com,request,2.6-202606,False,1,1,0
p000309,thrillist.com,btlr.sharethrough.com,request,2.6-202606,False,1,1,0
p000310,thrillist.com,btlr.sharethrough.com,request,2.6-202606,False,1,1,0
p000311,stereogum.com,btlr.sharethrough.com,request,2.6-202606,False,1,1,0
p000312,stereogum.com,btlr.sharethrough.com,request,2.6-202606,False,3,2,1
p000313,stereogum.com,btlr.sharethrough.com,request,2.6-202606,False,3,2,1
p000314,stereogum.com,btlr.sharethrough.com,request,2.6-202606,False,3,2,1
p000315,stereogum.com,btlr.sharethrough.com,request,2.6-202606,False,3,2,1
p000316,thrillist.com,btlr.sharethrough.com,request,2.6-202606,False,1,1,0
p000317,thrillist.com,btlr.sharethrough.com,request,2.6-202606,False,1,1,0
p000318,thrillist.com,btlr.sharethrough.com,request,2.6-202606,False,1,1,0
p000319,thrillist.com,btlr.sharethrough.com,request,2.6-202606,False,1,1,0
p000320,thrillist.com,btlr.sharethrough.com,request,2.6-202606,False,3,2,1
p000321,boredpanda.com,btlr.sharethrough.com,request,2.6-202606,False,1,1,0
p000322,boredpanda.com,btlr.sharethrough.com,request,2.6-202606,False,1,1,0
p000323,boredpanda.com,btlr.sharethrough.com,request,2.6-202606,False,1,1,0
p000324,boredpanda.com,btlr.sharethrough.com,request,2.6-202606,False,1,1,0
p000325,boredpanda.com,btlr.sharethrough.com,request,2.6-202606,False,1,1,0
p000326,boredpanda.com,btlr.sharethrough.com,request,2.6-202606,False,2,1,1
p000327,thrillist.com,btlr.sharethrough.com,request,2.6-202606,False,1,1,0
p000328,boredpanda.com,btlr.sharethrough.com,request,2.6-202606,False,2,1,1
p000329,thrillist.com,btlr.sharethrough.com,request,2.6-202606,False,3,2,1
p000330,boredpanda.com,btlr.sharethrough.com,request,2.6-202606,False,2,1,1
p000331,boredpanda.com,btlr.sharethrough.com,request,2.6-202606,False,1,1,0
p000332,boredpanda.com,btlr.sharethrough.com,request,2.6-202606,False,1,1,0
p000333,distractify.com,btlr.sharethrough.com,request,2.6-202606,False,3,2,1
p000334,distractify.com,btlr.sharethrough.com,request,2.6-202606,False,3,2,1
p000335,distractify.com,btlr.sharethrough.com,request,2.6-202606,False,1,1,0
p000336,distractify.com,btlr.sharethrough.com,request,2.6-202606,False,3,2,1
p000337,distractify.com,btlr.sharethrough.com,request,2.6-202606,False,1,1,0
p000338,distractify.com,btlr.sharethrough.com,request,2.6-202606,False,1,1,0
p000339,distractify.com,btlr.sharethrough.com,request,2.6-202606,False,3,2,1
p000340,ranker.com,btlr.sharethrough.com,request,2.6-202606,False,1,1,0
p000341,grunge.com,btlr.sharethrough.com,request,2.6-202606,False,1,1,0
p000342,grunge.com,btlr.sharethrough.com,request,2.6-202606,False,1,1,0
p000343,grunge.com,btlr.sharethrough.com,request,2.6-202606,False,3,2,1
p000344,grunge.com,btlr.sharethrough.com,request,2.6-202606,False,1,1,0
p000345,grunge.com,btlr.sharethrough.com,request,2.6-202606,False,3,2,1
p000346,grunge.com,btlr.sharethrough.com,request,2.6-202606,False,1,1,0
p000347,grunge.com,btlr.sharethrough.com,request,2.6-202606,False,1,1,0
p000348,grunge.com,btlr.sharethrough.com,request,2.6-202606,False,1,1,0
p000349,grunge.com,btlr.sharethrough.com,request,2.6-202606,False,3,2,1
p000350,grunge.com,btlr.sharethrough.com,request,2.6-202606,False,1,1,0
p000351,grunge.com,btlr.sharethrough.com,request,2.6-202606,False,1,1,0
p000352,grunge.com,btlr.sharethrough.com,request,2.6-202606,False,1,1,0
p000353,grunge.com,btlr.sharethrough.com,request,2.6-202606,False,1,1,0
p000354,grunge.com,btlr.sharethrough.com,request,2.6-202606,False,1,1,0
p000355,grunge.com,btlr.sharethrough.com,request,2.6-202606,False,3,2,1
p000356,grunge.com,btlr.sharethrough.com,request,2.6-202606,False,3,2,1
p000357,slashfilm.com,btlr.sharethrough.com,request,2.6-202606,False,1,1,0
p000358,slashfilm.com,btlr.sharethrough.com,request,2.6-202606,False,1,1,0
p000359,slashfilm.com,btlr.sharethrough.com,request,2.6-202606,False,3,2,1
p000360,mashed.com,btlr.sharethrough.com,request,2.6-202606,False,1,1,0
p000361,mashed.com,btlr.sharethrough.com,request,2.6-202606,False,3,2,1
p000362,slashfilm.com,btlr.sharethrough.com,request,2.6-202606,False,3,2,1
p000363,mashed.com,btlr.sharethrough.com,request,2.6-202606,False,3,2,1
p000364,slashfilm.com,btlr.sharethrough.com,request,2.6-202606,False,3,2,1
p000365,mashed.com,btlr.sharethrough.com,request,2.6-202606,False,3,2,1
p000366,slashfilm.com,btlr.sharethrough.com,request,2.6-202606,False,3,2,1
p000367,mashed.com,btlr.sharethrough.com,request,2.6-202606,False,3,2,1
p000368,tastingtable.com,btlr.sharethrough.com,request,2.6-202606,False,1,1,0
p000369,standard.co.uk,bw-prod.plrsrvcs.com,request,2.6-202606,False,2,2,0
p000370,standard.co.uk,bw-prod.plrsrvcs.com,response,2.6-202606,False,3,3,0
p000371,foxnews.com,c2shb.pubgw.yahoo.com,request,2.5,True,0,0,0
p000372,foxnews.com,c2shb.pubgw.yahoo.com,request,2.5,True,0,0,0
p000373,foxnews.com,c2shb.pubgw.yahoo.com,request,2.5,True,0,0,0
p000374,foxnews.com,c2shb.pubgw.yahoo.com,request,2.5,True,0,0,0
p000375,foxnews.com,c2shb.pubgw.yahoo.com,request,2.5,True,0,0,0
p000376,chicagotribune.com,c2shb.pubgw.yahoo.com,request,2.5,False,1,1,0
p000377,chicagotribune.com,c2shb.pubgw.yahoo.com,request,2.5,False,1,1,0
p000378,chicagotribune.com,c2shb.pubgw.yahoo.com,request,2.5,False,1,1,0
p000379,chicagotribune.com,c2shb.pubgw.yahoo.com,request,2.5,False,1,1,0
p000380,chicagotribune.com,c2shb.pubgw.yahoo.com,request,2.5,False,1,1,0
p000381,chicagotribune.com,c2shb.pubgw.yahoo.com,request,2.5,False,1,1,0
p000382,abcnews.go.com,c2shb.pubgw.yahoo.com,request,2.5,True,0,0,0
p000383,abcnews.go.com,c2shb.pubgw.yahoo.com,request,2.5,True,0,0,0
p000384,abcnews.go.com,c2shb.pubgw.yahoo.com,request,2.5,True,0,0,0
p000385,salon.com,c2shb.pubgw.yahoo.com,request,2.5,True,0,0,0
p000386,salon.com,c2shb.pubgw.yahoo.com,request,2.5,True,0,0,0
p000387,vox.com,c2shb.pubgw.yahoo.com,request,2.5,True,0,0,0
p000388,vox.com,c2shb.pubgw.yahoo.com,request,2.5,True,0,0,0
p000389,vox.com,c2shb.pubgw.yahoo.com,request,2.5,True,0,0,0
p000390,vox.com,c2shb.pubgw.yahoo.com,request,2.5,True,0,0,0
p000391,theverge.com,c2shb.pubgw.yahoo.com,request,2.5,True,0,0,0
p000392,theverge.com,c2shb.pubgw.yahoo.com,request,2.5,True,0,0,0
p000393,theverge.com,c2shb.pubgw.yahoo.com,request,2.5,True,0,0,0
p000394,theverge.com,c2shb.pubgw.yahoo.com,request,2.5,True,0,0,0
p000395,salon.com,c2shb.pubgw.yahoo.com,request,2.5,True,0,0,0
p000396,salon.com,c2shb.pubgw.yahoo.com,request,2.5,True,0,0,0
p000397,salon.com,c2shb.pubgw.yahoo.com,request,2.5,True,0,0,0
p000398,salon.com,c2shb.pubgw.yahoo.com,request,2.5,False,1,1,0
p000399,salon.com,c2shb.pubgw.yahoo.com,request,2.5,True,0,0,0
p000400,salon.com,c2shb.pubgw.yahoo.com,request,2.5,False,1,1,0
p000401,salon.com,c2shb.pubgw.yahoo.com,request,2.5,True,0,0,0
p000402,salon.com,c2shb.pubgw.yahoo.com,request,2.5,False,1,1,0
p000403,salon.com,c2shb.pubgw.yahoo.com,request,2.5,True,0,0,0
p000404,theverge.com,c2shb.pubgw.yahoo.com,request,2.5,True,0,0,0
p000405,salon.com,c2shb.pubgw.yahoo.com,request,2.5,True,0,0,0
p000406,salon.com,c2shb.pubgw.yahoo.com,request,2.5,True,0,0,0
p000407,salon.com,c2shb.pubgw.yahoo.com,request,2.5,True,0,0,0
p000408,salon.com,c2shb.pubgw.yahoo.com,request,2.5,True,0,0,0
p000409,salon.com,c2shb.pubgw.yahoo.com,request,2.5,False,1,1,0
p000410,salon.com,c2shb.pubgw.yahoo.com,request,2.5,False,1,1,0
p000411,theverge.com,c2shb.pubgw.yahoo.com,request,2.5,True,0,0,0
p000412,salon.com,c2shb.pubgw.yahoo.com,request,2.5,True,0,0,0
p000413,salon.com,c2shb.pubgw.yahoo.com,request,2.5,False,1,1,0
p000414,salon.com,c2shb.pubgw.yahoo.com,request,2.5,False,1,1,0
p000415,vox.com,c2shb.pubgw.yahoo.com,request,2.5,True,0,0,0
p000416,vox.com,c2shb.pubgw.yahoo.com,request,2.5,True,0,0,0
p000417,vox.com,c2shb.pubgw.yahoo.com,request,2.5,True,0,0,0
p000418,vox.com,c2shb.pubgw.yahoo.com,request,2.5,True,0,0,0
p000419,vox.com,c2shb.pubgw.yahoo.com,request,2.5,True,0,0,0
p000420,theverge.com,c2shb.pubgw.yahoo.com,request,2.5,True,0,0,0
p000421,theverge.com,c2shb.pubgw.yahoo.com,request,2.5,True,0,0,0
p000422,theverge.com,c2shb.pubgw.yahoo.com,request,2.5,True,0,0,0
p000423,theverge.com,c2shb.pubgw.yahoo.com,request,2.5,True,0,0,0
p000424,theverge.com,c2shb.pubgw.yahoo.com,request,2.5,True,0,0,0
p000425,engadget.com,c2shb.pubgw.yahoo.com,request,2.5,True,0,0,0
p000426,engadget.com,c2shb.pubgw.yahoo.com,request,2.5,False,1,1,0
p000427,theverge.com,c2shb.pubgw.yahoo.com,request,2.5,True,0,0,0
p000428,engadget.com,c2shb.pubgw.yahoo.com,request,2.5,False,1,1,0
p000429,engadget.com,c2shb.pubgw.yahoo.com,request,2.5,True,0,0,0
p000430,engadget.com,c2shb.pubgw.yahoo.com,request,2.5,False,1,1,0
p000431,engadget.com,c2shb.pubgw.yahoo.com,request,2.5,False,1,1,0
p000432,androidauthority.com,c2shb.pubgw.yahoo.com,request,2.5,True,0,0,0
p000433,androidauthority.com,c2shb.pubgw.yahoo.com,request,2.5,True,0,0,0
p000434,androidauthority.com,c2shb.pubgw.yahoo.com,request,2.5,True,0,0,0
p000435,androidauthority.com,c2shb.pubgw.yahoo.com,request,2.5,True,0,0,0
p000436,androidauthority.com,c2shb.pubgw.yahoo.com,request,2.5,True,0,0,0
p000437,androidauthority.com,c2shb.pubgw.yahoo.com,request,2.5,True,0,0,0
p000438,androidauthority.com,c2shb.pubgw.yahoo.com,request,2.5,True,0,0,0
p000439,androidauthority.com,c2shb.pubgw.yahoo.com,request,2.5,True,0,0,0
p000440,androidauthority.com,c2shb.pubgw.yahoo.com,request,2.5,True,0,0,0
p000441,androidauthority.com,c2shb.pubgw.yahoo.com,request,2.5,True,0,0,0
p000442,androidauthority.com,c2shb.pubgw.yahoo.com,request,2.5,True,0,0,0
p000443,androidauthority.com,c2shb.pubgw.yahoo.com,request,2.5,True,0,0,0
p000444,androidauthority.com,c2shb.pubgw.yahoo.com,request,2.5,True,0,0,0
p000445,androidauthority.com,c2shb.pubgw.yahoo.com,request,2.5,True,0,0,0
p000446,androidauthority.com,c2shb.pubgw.yahoo.com,request,2.5,True,0,0,0
p000447,androidauthority.com,c2shb.pubgw.yahoo.com,request,2.5,True,0,0,0
p000448,androidauthority.com,c2shb.pubgw.yahoo.com,request,2.5,True,0,0,0
p000449,androidauthority.com,c2shb.pubgw.yahoo.com,request,2.5,True,0,0,0
p000450,androidauthority.com,c2shb.pubgw.yahoo.com,request,2.5,True,0,0,0
p000451,androidauthority.com,c2shb.pubgw.yahoo.com,request,2.5,True,0,0,0
p000452,androidauthority.com,c2shb.pubgw.yahoo.com,request,2.5,True,0,0,0
p000453,androidauthority.com,c2shb.pubgw.yahoo.com,request,2.5,True,0,0,0
p000454,androidauthority.com,c2shb.pubgw.yahoo.com,request,2.5,True,0,0,0
p000455,androidauthority.com,c2shb.pubgw.yahoo.com,request,2.5,True,0,0,0
p000456,androidauthority.com,c2shb.pubgw.yahoo.com,request,2.5,True,0,0,0
p000457,androidauthority.com,c2shb.pubgw.yahoo.com,request,2.5,True,0,0,0
p000458,androidauthority.com,c2shb.pubgw.yahoo.com,request,2.5,True,0,0,0
p000459,androidauthority.com,c2shb.pubgw.yahoo.com,request,2.5,True,0,0,0
p000460,androidauthority.com,c2shb.pubgw.yahoo.com,request,2.5,True,0,0,0
p000461,androidauthority.com,c2shb.pubgw.yahoo.com,request,2.5,True,0,0,0
p000462,androidauthority.com,c2shb.pubgw.yahoo.com,request,2.5,True,0,0,0
p000463,androidauthority.com,c2shb.pubgw.yahoo.com,request,2.5,True,0,0,0
p000464,androidauthority.com,c2shb.pubgw.yahoo.com,request,2.5,True,0,0,0
p000465,androidauthority.com,c2shb.pubgw.yahoo.com,request,2.5,True,0,0,0
p000466,androidauthority.com,c2shb.pubgw.yahoo.com,request,2.5,True,0,0,0
p000467,androidauthority.com,c2shb.pubgw.yahoo.com,request,2.5,True,0,0,0
p000468,androidauthority.com,c2shb.pubgw.yahoo.com,request,2.5,True,0,0,0
p000469,androidauthority.com,c2shb.pubgw.yahoo.com,request,2.5,True,0,0,0
p000470,androidauthority.com,c2shb.pubgw.yahoo.com,request,2.5,True,0,0,0
p000471,androidauthority.com,c2shb.pubgw.yahoo.com,request,2.5,True,0,0,0
p000472,androidauthority.com,c2shb.pubgw.yahoo.com,request,2.5,True,0,0,0
p000473,macrumors.com,c2shb.pubgw.yahoo.com,request,2.5,True,0,0,0
p000474,macrumors.com,c2shb.pubgw.yahoo.com,request,2.5,True,0,0,0
p000475,macrumors.com,c2shb.pubgw.yahoo.com,request,2.5,True,0,0,0
p000476,macrumors.com,c2shb.pubgw.yahoo.com,request,2.5,False,1,1,0
p000477,macrumors.com,c2shb.pubgw.yahoo.com,request,2.5,True,0,0,0
p000478,macrumors.com,c2shb.pubgw.yahoo.com,request,2.5,True,0,0,0
p000479,macrumors.com,c2shb.pubgw.yahoo.com,request,2.5,True,0,0,0
p000480,macrumors.com,c2shb.pubgw.yahoo.com,request,2.5,True,0,0,0
p000481,macrumors.com,c2shb.pubgw.yahoo.com,request,2.5,True,0,0,0
p000482,macrumors.com,c2shb.pubgw.yahoo.com,request,2.5,True,0,0,0
p000483,macrumors.com,c2shb.pubgw.yahoo.com,request,2.5,True,0,0,0
p000484,macrumors.com,c2shb.pubgw.yahoo.com,request,2.5,True,0,0,0
p000485,macrumors.com,c2shb.pubgw.yahoo.com,request,2.5,True,0,0,0
p000486,macrumors.com,c2shb.pubgw.yahoo.com,request,2.5,True,0,0,0
p000487,macrumors.com,c2shb.pubgw.yahoo.com,request,2.5,True,0,0,0
p000488,macrumors.com,c2shb.pubgw.yahoo.com,request,2.5,True,0,0,0
p000489,macrumors.com,c2shb.pubgw.yahoo.com,request,2.5,True,0,0,0
p000490,macrumors.com,c2shb.pubgw.yahoo.com,request,2.5,False,1,1,0
p000491,macrumors.com,c2shb.pubgw.yahoo.com,request,2.5,True,0,0,0
p000492,macrumors.com,c2shb.pubgw.yahoo.com,request,2.5,True,0,0,0
p000493,macrumors.com,c2shb.pubgw.yahoo.com,request,2.5,True,0,0,0
p000494,macrumors.com,c2shb.pubgw.yahoo.com,request,2.5,True,0,0,0
p000495,macrumors.com,c2shb.pubgw.yahoo.com,request,2.5,True,0,0,0
p000496,macrumors.com,c2shb.pubgw.yahoo.com,request,2.5,True,0,0,0
p000497,macrumors.com,c2shb.pubgw.yahoo.com,request,2.5,True,0,0,0
p000498,macrumors.com,c2shb.pubgw.yahoo.com,request,2.5,True,0,0,0
p000499,si.com,c2shb.pubgw.yahoo.com,request,2.5,True,0,0,0
p000500,si.com,c2shb.pubgw.yahoo.com,request,2.5,True,0,0,0
p000501,si.com,c2shb.pubgw.yahoo.com,request,2.5,True,0,0,0
p000502,si.com,c2shb.pubgw.yahoo.com,request,2.5,True,0,0,0
p000503,si.com,c2shb.pubgw.yahoo.com,request,2.5,True,0,0,0
p000504,si.com,c2shb.pubgw.yahoo.com,request,2.5,True,0,0,0
p000505,si.com,c2shb.pubgw.yahoo.com,request,2.5,True,0,0,0
p000506,tmz.com,c2shb.pubgw.yahoo.com,request,2.5,True,0,0,0
p000507,tmz.com,c2shb.pubgw.yahoo.com,request,2.5,True,0,0,0
p000508,tmz.com,c2shb.pubgw.yahoo.com,request,2.5,True,0,0,0
p000509,tmz.com,c2shb.pubgw.yahoo.com,request,2.5,True,0,0,0
p000510,tmz.com,c2shb.pubgw.yahoo.com,request,2.5,True,0,0,0
p000511,stereogum.com,c2shb.pubgw.yahoo.com,request,2.5,True,0,0,0
p000512,stereogum.com,c2shb.pubgw.yahoo.com,request,2.5,True,0,0,0
p000513,stereogum.com,c2shb.pubgw.yahoo.com,request,2.5,False,1,1,0
p000514,thrillist.com,c2shb.pubgw.yahoo.com,request,2.5,True,0,0,0
p000515,thrillist.com,c2shb.pubgw.yahoo.com,request,2.5,True,0,0,0
p000516,thrillist.com,c2shb.pubgw.yahoo.com,request,2.5,True,0,0,0
p000517,stereogum.com,c2shb.pubgw.yahoo.com,request,2.5,True,0,0,0
p000518,stereogum.com,c2shb.pubgw.yahoo.com,request,2.5,False,1,1,0
p000519,stereogum.com,c2shb.pubgw.yahoo.com,request,2.5,False,1,1,0
p000520,stereogum.com,c2shb.pubgw.yahoo.com,request,2.5,False,1,1,0
p000521,stereogum.com,c2shb.pubgw.yahoo.com,request,2.5,False,1,1,0
p000522,thrillist.com,c2shb.pubgw.yahoo.com,request,2.5,True,0,0,0
p000523,thrillist.com,c2shb.pubgw.yahoo.com,request,2.5,True,0,0,0
p000524,thrillist.com,c2shb.pubgw.yahoo.com,request,2.5,True,0,0,0
p000525,thrillist.com,c2shb.pubgw.yahoo.com,request,2.5,True,0,0,0
p000526,thrillist.com,c2shb.pubgw.yahoo.com,request,2.5,True,0,0,0
p000527,ladbible.com,c2shb.pubgw.yahoo.com,request,2.5,False,1,1,0
p000528,ladbible.com,c2shb.pubgw.yahoo.com,request,2.5,False,1,1,0
p000529,unilad.com,c2shb.pubgw.yahoo.com,request,2.5,False,1,1,0
p000530,unilad.com,c2shb.pubgw.yahoo.com,request,2.5,False,1,1,0
p000531,grunge.com,c2shb.pubgw.yahoo.com,request,2.5,True,0,0,0
p000532,grunge.com,c2shb.pubgw.yahoo.com,request,2.5,True,0,0,0
p000533,grunge.com,c2shb.pubgw.yahoo.com,request,2.5,False,1,1,0
p000534,grunge.com,c2shb.pubgw.yahoo.com,request,2.5,True,0,0,0
p000535,grunge.com,c2shb.pubgw.yahoo.com,request,2.5,False,1,1,0
p000536,grunge.com,c2shb.pubgw.yahoo.com,request,2.5,True,0,0,0
p000537,grunge.com,c2shb.pubgw.yahoo.com,request,2.5,True,0,0,0
p000538,grunge.com,c2shb.pubgw.yahoo.com,request,2.5,True,0,0,0
p000539,grunge.com,c2shb.pubgw.yahoo.com,request,2.5,False,1,1,0
p000540,grunge.com,c2shb.pubgw.yahoo.com,request,2.5,True,0,0,0
p000541,grunge.com,c2shb.pubgw.yahoo.com,request,2.5,True,0,0,0
p000542,grunge.com,c2shb.pubgw.yahoo.com,request,2.5,True,0,0,0
p000543,grunge.com,c2shb.pubgw.yahoo.com,request,2.5,True,0,0,0
p000544,grunge.com,c2shb.pubgw.yahoo.com,request,2.5,True,0,0,0
p000545,grunge.com,c2shb.pubgw.yahoo.com,request,2.5,False,1,1,0
p000546,grunge.com,c2shb.pubgw.yahoo.com,request,2.5,False,1,1,0
p000547,foxnews.com,c2shb.pubgw.yahoo.com,response,2.6-202606,True,0,0,0
p000548,foxnews.com,c2shb.pubgw.yahoo.com,response,2.6-202606,True,0,0,0
p000549,foxnews.com,c2shb.pubgw.yahoo.com,response,2.6-202606,True,1,0,1
p000550,foxnews.com,c2shb.pubgw.yahoo.com,response,2.6-202606,True,1,0,1
p000551,foxnews.com,c2shb.pubgw.yahoo.com,response,2.6-202606,True,0,0,0
p000552,chicagotribune.com,c2shb.pubgw.yahoo.com,response,2.6-202606,True,0,0,0
p000553,chicagotribune.com,c2shb.pubgw.yahoo.com,response,2.6-202606,True,0,0,0
p000554,chicagotribune.com,c2shb.pubgw.yahoo.com,response,2.6-202606,True,0,0,0
p000555,chicagotribune.com,c2shb.pubgw.yahoo.com,response,2.6-202606,True,0,0,0
p000556,chicagotribune.com,c2shb.pubgw.yahoo.com,response,2.6-202606,True,0,0,0
p000557,chicagotribune.com,c2shb.pubgw.yahoo.com,response,2.6-202606,True,0,0,0
p000558,abcnews.go.com,c2shb.pubgw.yahoo.com,response,2.6-202606,True,0,0,0
p000559,abcnews.go.com,c2shb.pubgw.yahoo.com,response,2.6-202606,True,0,0,0
p000560,abcnews.go.com,c2shb.pubgw.yahoo.com,response,2.6-202606,True,0,0,0
p000561,salon.com,c2shb.pubgw.yahoo.com,response,2.6-202606,True,0,0,0
p000562,salon.com,c2shb.pubgw.yahoo.com,response,2.6-202606,True,1,0,1
p000563,vox.com,c2shb.pubgw.yahoo.com,response,2.6-202606,True,0,0,0
p000564,vox.com,c2shb.pubgw.yahoo.com,response,2.6-202606,True,0,0,0
p000565,vox.com,c2shb.pubgw.yahoo.com,response,2.6-202606,True,0,0,0
p000566,vox.com,c2shb.pubgw.yahoo.com,response,2.6-202606,True,1,0,1
p000567,theverge.com,c2shb.pubgw.yahoo.com,response,2.6-202606,True,0,0,0
p000568,theverge.com,c2shb.pubgw.yahoo.com,response,2.6-202606,True,0,0,0
p000569,theverge.com,c2shb.pubgw.yahoo.com,response,2.6-202606,True,0,0,0
p000570,theverge.com,c2shb.pubgw.yahoo.com,response,2.6-202606,True,0,0,0
p000571,salon.com,c2shb.pubgw.yahoo.com,response,2.6-202606,True,0,0,0
p000572,salon.com,c2shb.pubgw.yahoo.com,response,2.6-202606,True,0,0,0
p000573,salon.com,c2shb.pubgw.yahoo.com,response,2.6-202606,True,0,0,0
p000574,salon.com,c2shb.pubgw.yahoo.com,response,2.6-202606,True,0,0,0
p000575,salon.com,c2shb.pubgw.yahoo.com,response,2.6-202606,True,0,0,0
p000576,salon.com,c2shb.pubgw.yahoo.com,response,2.6-202606,True,0,0,0
p000577,salon.com,c2shb.pubgw.yahoo.com,response,2.6-202606,True,0,0,0
p000578,salon.com,c2shb.pubgw.yahoo.com,response,2.6-202606,True,0,0,0
p000579,salon.com,c2shb.pubgw.yahoo.com,response,2.6-202606,True,0,0,0
p000580,salon.com,c2shb.pubgw.yahoo.com,response,2.6-202606,True,0,0,0
p000581,theverge.com,c2shb.pubgw.yahoo.com,response,2.6-202606,True,0,0,0
p000582,salon.com,c2shb.pubgw.yahoo.com,response,2.6-202606,True,0,0,0
p000583,salon.com,c2shb.pubgw.yahoo.com,response,2.6-202606,True,0,0,0
p000584,salon.com,c2shb.pubgw.yahoo.com,response,2.6-202606,True,0,0,0
p000585,salon.com,c2shb.pubgw.yahoo.com,response,2.6-202606,True,0,0,0
p000586,salon.com,c2shb.pubgw.yahoo.com,response,2.6-202606,True,0,0,0
p000587,theverge.com,c2shb.pubgw.yahoo.com,response,2.6-202606,True,0,0,0
p000588,salon.com,c2shb.pubgw.yahoo.com,response,2.6-202606,True,0,0,0
p000589,salon.com,c2shb.pubgw.yahoo.com,response,2.6-202606,True,0,0,0
p000590,salon.com,c2shb.pubgw.yahoo.com,response,2.6-202606,True,0,0,0
p000591,vox.com,c2shb.pubgw.yahoo.com,response,2.6-202606,True,0,0,0
p000592,vox.com,c2shb.pubgw.yahoo.com,response,2.6-202606,True,0,0,0
p000593,vox.com,c2shb.pubgw.yahoo.com,response,2.6-202606,True,0,0,0
p000594,vox.com,c2shb.pubgw.yahoo.com,response,2.6-202606,True,0,0,0
p000595,vox.com,c2shb.pubgw.yahoo.com,response,2.6-202606,True,0,0,0
p000596,theverge.com,c2shb.pubgw.yahoo.com,response,2.6-202606,True,0,0,0
p000597,theverge.com,c2shb.pubgw.yahoo.com,response,2.6-202606,True,0,0,0
p000598,theverge.com,c2shb.pubgw.yahoo.com,response,2.6-202606,True,0,0,0
p000599,theverge.com,c2shb.pubgw.yahoo.com,response,2.6-202606,True,0,0,0
p000600,theverge.com,c2shb.pubgw.yahoo.com,response,2.6-202606,True,0,0,0
p000601,engadget.com,c2shb.pubgw.yahoo.com,response,2.6-202606,True,0,0,0
p000602,engadget.com,c2shb.pubgw.yahoo.com,response,2.6-202606,True,0,0,0
p000603,theverge.com,c2shb.pubgw.yahoo.com,response,2.6-202606,True,0,0,0
p000604,engadget.com,c2shb.pubgw.yahoo.com,response,2.6-202606,True,0,0,0
p000605,engadget.com,c2shb.pubgw.yahoo.com,response,2.6-202606,True,0,0,0
p000606,engadget.com,c2shb.pubgw.yahoo.com,response,2.6-202606,True,0,0,0
p000607,engadget.com,c2shb.pubgw.yahoo.com,response,2.6-202606,True,0,0,0
p000608,androidauthority.com,c2shb.pubgw.yahoo.com,response,2.6-202606,True,0,0,0
p000609,androidauthority.com,c2shb.pubgw.yahoo.com,response,2.6-202606,True,0,0,0
p000610,androidauthority.com,c2shb.pubgw.yahoo.com,response,2.6-202606,True,0,0,0
p000611,androidauthority.com,c2shb.pubgw.yahoo.com,response,2.6-202606,True,0,0,0
p000612,androidauthority.com,c2shb.pubgw.yahoo.com,response,2.6-202606,True,0,0,0
p000613,androidauthority.com,c2shb.pubgw.yahoo.com,response,2.6-202606,True,0,0,0
p000614,androidauthority.com,c2shb.pubgw.yahoo.com,response,2.6-202606,True,0,0,0
p000615,androidauthority.com,c2shb.pubgw.yahoo.com,response,2.6-202606,True,0,0,0
p000616,androidauthority.com,c2shb.pubgw.yahoo.com,response,2.6-202606,True,0,0,0
p000617,androidauthority.com,c2shb.pubgw.yahoo.com,response,2.6-202606,True,0,0,0
p000618,androidauthority.com,c2shb.pubgw.yahoo.com,response,2.6-202606,True,0,0,0
p000619,androidauthority.com,c2shb.pubgw.yahoo.com,response,2.6-202606,True,0,0,0
p000620,androidauthority.com,c2shb.pubgw.yahoo.com,response,2.6-202606,True,0,0,0
p000621,androidauthority.com,c2shb.pubgw.yahoo.com,response,2.6-202606,True,0,0,0
p000622,androidauthority.com,c2shb.pubgw.yahoo.com,response,2.6-202606,True,0,0,0
p000623,androidauthority.com,c2shb.pubgw.yahoo.com,response,2.6-202606,True,0,0,0
p000624,androidauthority.com,c2shb.pubgw.yahoo.com,response,2.6-202606,True,0,0,0
p000625,androidauthority.com,c2shb.pubgw.yahoo.com,response,2.6-202606,True,0,0,0
p000626,androidauthority.com,c2shb.pubgw.yahoo.com,response,2.6-202606,True,0,0,0
p000627,androidauthority.com,c2shb.pubgw.yahoo.com,response,2.6-202606,True,0,0,0
p000628,androidauthority.com,c2shb.pubgw.yahoo.com,response,2.6-202606,True,0,0,0
p000629,androidauthority.com,c2shb.pubgw.yahoo.com,response,2.6-202606,True,0,0,0
p000630,androidauthority.com,c2shb.pubgw.yahoo.com,response,2.6-202606,True,0,0,0
p000631,androidauthority.com,c2shb.pubgw.yahoo.com,response,2.6-202606,True,0,0,0
p000632,androidauthority.com,c2shb.pubgw.yahoo.com,response,2.6-202606,True,0,0,0
p000633,androidauthority.com,c2shb.pubgw.yahoo.com,response,2.6-202606,True,0,0,0
p000634,androidauthority.com,c2shb.pubgw.yahoo.com,response,2.6-202606,True,0,0,0
p000635,androidauthority.com,c2shb.pubgw.yahoo.com,response,2.6-202606,True,0,0,0
p000636,androidauthority.com,c2shb.pubgw.yahoo.com,response,2.6-202606,True,0,0,0
p000637,androidauthority.com,c2shb.pubgw.yahoo.com,response,2.6-202606,True,0,0,0
p000638,androidauthority.com,c2shb.pubgw.yahoo.com,response,2.6-202606,True,0,0,0
p000639,androidauthority.com,c2shb.pubgw.yahoo.com,response,2.6-202606,True,0,0,0
p000640,androidauthority.com,c2shb.pubgw.yahoo.com,response,2.6-202606,True,0,0,0
p000641,androidauthority.com,c2shb.pubgw.yahoo.com,response,2.6-202606,True,0,0,0
p000642,androidauthority.com,c2shb.pubgw.yahoo.com,response,2.6-202606,True,0,0,0
p000643,androidauthority.com,c2shb.pubgw.yahoo.com,response,2.6-202606,True,0,0,0
p000644,androidauthority.com,c2shb.pubgw.yahoo.com,response,2.6-202606,True,0,0,0
p000645,androidauthority.com,c2shb.pubgw.yahoo.com,response,2.6-202606,True,0,0,0
p000646,androidauthority.com,c2shb.pubgw.yahoo.com,response,2.6-202606,True,0,0,0
p000647,androidauthority.com,c2shb.pubgw.yahoo.com,response,2.6-202606,True,0,0,0
p000648,androidauthority.com,c2shb.pubgw.yahoo.com,response,2.6-202606,True,0,0,0
p000649,macrumors.com,c2shb.pubgw.yahoo.com,response,2.6-202606,True,0,0,0
p000650,macrumors.com,c2shb.pubgw.yahoo.com,response,2.6-202606,True,0,0,0
p000651,macrumors.com,c2shb.pubgw.yahoo.com,response,2.6-202606,True,0,0,0
p000652,macrumors.com,c2shb.pubgw.yahoo.com,response,2.6-202606,True,0,0,0
p000653,macrumors.com,c2shb.pubgw.yahoo.com,response,2.6-202606,True,0,0,0
p000654,macrumors.com,c2shb.pubgw.yahoo.com,response,2.6-202606,True,0,0,0
p000655,macrumors.com,c2shb.pubgw.yahoo.com,response,2.6-202606,True,0,0,0
p000656,macrumors.com,c2shb.pubgw.yahoo.com,response,2.6-202606,True,0,0,0
p000657,macrumors.com,c2shb.pubgw.yahoo.com,response,2.6-202606,True,0,0,0
p000658,macrumors.com,c2shb.pubgw.yahoo.com,response,2.6-202606,True,0,0,0
p000659,macrumors.com,c2shb.pubgw.yahoo.com,response,2.6-202606,True,0,0,0
p000660,macrumors.com,c2shb.pubgw.yahoo.com,response,2.6-202606,True,0,0,0
p000661,macrumors.com,c2shb.pubgw.yahoo.com,response,2.6-202606,True,0,0,0
p000662,macrumors.com,c2shb.pubgw.yahoo.com,response,2.6-202606,True,0,0,0
p000663,macrumors.com,c2shb.pubgw.yahoo.com,response,2.6-202606,True,0,0,0
p000664,macrumors.com,c2shb.pubgw.yahoo.com,response,2.6-202606,True,0,0,0
p000665,macrumors.com,c2shb.pubgw.yahoo.com,response,2.6-202606,True,0,0,0
p000666,macrumors.com,c2shb.pubgw.yahoo.com,response,2.6-202606,True,0,0,0
p000667,macrumors.com,c2shb.pubgw.yahoo.com,response,2.6-202606,True,0,0,0
p000668,macrumors.com,c2shb.pubgw.yahoo.com,response,2.6-202606,True,0,0,0
p000669,macrumors.com,c2shb.pubgw.yahoo.com,response,2.6-202606,True,0,0,0
p000670,macrumors.com,c2shb.pubgw.yahoo.com,response,2.6-202606,True,0,0,0
p000671,macrumors.com,c2shb.pubgw.yahoo.com,response,2.6-202606,True,0,0,0
p000672,macrumors.com,c2shb.pubgw.yahoo.com,response,2.6-202606,True,0,0,0
p000673,macrumors.com,c2shb.pubgw.yahoo.com,response,2.6-202606,True,0,0,0
p000674,macrumors.com,c2shb.pubgw.yahoo.com,response,2.6-202606,True,0,0,0
p000675,si.com,c2shb.pubgw.yahoo.com,response,2.6-202606,True,0,0,0
p000676,si.com,c2shb.pubgw.yahoo.com,response,2.6-202606,True,1,0,1
p000677,si.com,c2shb.pubgw.yahoo.com,response,2.6-202606,True,1,0,1
p000678,si.com,c2shb.pubgw.yahoo.com,response,2.6-202606,True,1,0,1
p000679,si.com,c2shb.pubgw.yahoo.com,response,2.6-202606,True,1,0,1
p000680,si.com,c2shb.pubgw.yahoo.com,response,2.6-202606,True,0,0,0
p000681,si.com,c2shb.pubgw.yahoo.com,response,2.6-202606,True,1,0,1
p000682,tmz.com,c2shb.pubgw.yahoo.com,response,2.6-202606,True,0,0,0
p000683,tmz.com,c2shb.pubgw.yahoo.com,response,2.6-202606,True,0,0,0
p000684,tmz.com,c2shb.pubgw.yahoo.com,response,2.6-202606,True,0,0,0
p000685,tmz.com,c2shb.pubgw.yahoo.com,response,2.6-202606,True,0,0,0
p000686,tmz.com,c2shb.pubgw.yahoo.com,response,2.6-202606,True,0,0,0
p000687,stereogum.com,c2shb.pubgw.yahoo.com,response,2.6-202606,True,0,0,0
p000688,stereogum.com,c2shb.pubgw.yahoo.com,response,2.6-202606,True,0,0,0
p000689,stereogum.com,c2shb.pubgw.yahoo.com,response,2.6-202606,True,0,0,0
p000690,thrillist.com,c2shb.pubgw.yahoo.com,response,2.6-202606,True,0,0,0
p000691,thrillist.com,c2shb.pubgw.yahoo.com,response,2.6-202606,True,0,0,0
p000692,thrillist.com,c2shb.pubgw.yahoo.com,response,2.6-202606,True,1,0,1
p000693,stereogum.com,c2shb.pubgw.yahoo.com,response,2.6-202606,True,0,0,0
p000694,stereogum.com,c2shb.pubgw.yahoo.com,response,2.6-202606,True,1,0,1
p000695,stereogum.com,c2shb.pubgw.yahoo.com,response,2.6-202606,True,1,0,1
p000696,stereogum.com,c2shb.pubgw.yahoo.com,response,2.6-202606,True,0,0,0
p000697,stereogum.com,c2shb.pubgw.yahoo.com,response,2.6-202606,True,1,0,1
p000698,thrillist.com,c2shb.pubgw.yahoo.com,response,2.6-202606,True,1,0,1
p000699,thrillist.com,c2shb.pubgw.yahoo.com,response,2.6-202606,True,0,0,0
p000700,thrillist.com,c2shb.pubgw.yahoo.com,response,2.6-202606,True,1,0,1
p000701,thrillist.com,c2shb.pubgw.yahoo.com,response,2.6-202606,True,0,0,0
p000702,thrillist.com,c2shb.pubgw.yahoo.com,response,2.6-202606,True,0,0,0
p000703,ladbible.com,c2shb.pubgw.yahoo.com,response,2.6-202606,True,0,0,0
p000704,ladbible.com,c2shb.pubgw.yahoo.com,response,2.6-202606,True,0,0,0
p000705,unilad.com,c2shb.pubgw.yahoo.com,response,2.6-202606,True,0,0,0
p000706,unilad.com,c2shb.pubgw.yahoo.com,response,2.6-202606,True,0,0,0
p000707,grunge.com,c2shb.pubgw.yahoo.com,response,2.6-202606,True,0,0,0
p000708,grunge.com,c2shb.pubgw.yahoo.com,response,2.6-202606,True,0,0,0
p000709,grunge.com,c2shb.pubgw.yahoo.com,response,2.6-202606,True,0,0,0
p000710,grunge.com,c2shb.pubgw.yahoo.com,response,2.6-202606,True,0,0,0
p000711,grunge.com,c2shb.pubgw.yahoo.com,response,2.6-202606,True,0,0,0
p000712,grunge.com,c2shb.pubgw.yahoo.com,response,2.6-202606,True,0,0,0
p000713,grunge.com,c2shb.pubgw.yahoo.com,response,2.6-202606,True,0,0,0
p000714,grunge.com,c2shb.pubgw.yahoo.com,response,2.6-202606,True,0,0,0
p000715,grunge.com,c2shb.pubgw.yahoo.com,response,2.6-202606,True,0,0,0
p000716,grunge.com,c2shb.pubgw.yahoo.com,response,2.6-202606,True,0,0,0
p000717,grunge.com,c2shb.pubgw.yahoo.com,response,2.6-202606,True,0,0,0
p000718,grunge.com,c2shb.pubgw.yahoo.com,response,2.6-202606,True,0,0,0
p000719,grunge.com,c2shb.pubgw.yahoo.com,response,2.6-202606,True,0,0,0
p000720,grunge.com,c2shb.pubgw.yahoo.com,response,2.6-202606,True,0,0,0
p000721,grunge.com,c2shb.pubgw.yahoo.com,response,2.6-202606,True,0,0,0
p000722,grunge.com,c2shb.pubgw.yahoo.com,response,2.6-202606,True,0,0,0
p000723,foxnews.com,direct.adsrvr.org,request,2.6-202606,False,2,2,0
p000724,pagesix.com,direct.adsrvr.org,request,2.6-202606,False,1,1,0
p000725,pagesix.com,direct.adsrvr.org,request,2.6-202606,False,1,1,0
p000726,pagesix.com,direct.adsrvr.org,request,2.6-202606,False,1,1,0
p000727,foxnews.com,direct.adsrvr.org,request,2.6-202606,False,2,2,0
p000728,foxnews.com,direct.adsrvr.org,request,2.6-202606,False,2,2,0
p000729,pagesix.com,direct.adsrvr.org,request,2.6-202606,False,1,1,0
p000730,foxnews.com,direct.adsrvr.org,request,2.6-202606,False,2,2,0
p000731,pagesix.com,direct.adsrvr.org,request,2.6-202606,False,1,1,0
p000732,nypost.com,direct.adsrvr.org,request,2.6-202606,False,1,1,0
p000733,nypost.com,direct.adsrvr.org,request,2.6-202606,False,1,1,0
p000734,nypost.com,direct.adsrvr.org,request,2.6-202606,False,1,1,0
p000735,pagesix.com,direct.adsrvr.org,request,2.6-202606,False,2,2,0
p000736,pagesix.com,direct.adsrvr.org,request,2.6-202606,False,3,2,1
p000737,nypost.com,direct.adsrvr.org,request,2.6-202606,False,1,1,0
p000738,nypost.com,direct.adsrvr.org,request,2.6-202606,False,3,2,1
p000739,pagesix.com,direct.adsrvr.org,request,2.6-202606,False,1,1,0
p000740,pagesix.com,direct.adsrvr.org,request,2.6-202606,False,2,2,0
p000741,pagesix.com,direct.adsrvr.org,request,2.6-202606,False,3,2,1
p000742,pagesix.com,direct.adsrvr.org,request,2.6-202606,False,2,2,0
p000743,pagesix.com,direct.adsrvr.org,request,2.6-202606,False,3,2,1
p000744,pagesix.com,direct.adsrvr.org,request,2.6-202606,False,2,2,0
p000745,pagesix.com,direct.adsrvr.org,request,2.6-202606,False,2,2,0
p000746,pagesix.com,direct.adsrvr.org,request,2.6-202606,False,3,2,1
p000747,pagesix.com,direct.adsrvr.org,request,2.6-202606,False,1,1,0
p000748,nypost.com,direct.adsrvr.org,request,2.6-202606,False,1,1,0
p000749,nypost.com,direct.adsrvr.org,request,2.6-202606,False,3,2,1
p000750,nypost.com,direct.adsrvr.org,request,2.6-202606,False,1,1,0
p000751,nypost.com,direct.adsrvr.org,request,2.6-202606,False,1,1,0
p000752,chicagotribune.com,direct.adsrvr.org,request,2.6-202606,False,1,1,0
p000753,chicagotribune.com,direct.adsrvr.org,request,2.6-202606,False,1,1,0
p000754,chicagotribune.com,direct.adsrvr.org,request,2.6-202606,False,1,1,0
p000755,usatoday.com,direct.adsrvr.org,request,2.6-202606,False,3,2,1
p000756,chicagotribune.com,direct.adsrvr.org,request,2.6-202606,False,1,1,0
p000757,chicagotribune.com,direct.adsrvr.org,request,2.6-202606,False,1,1,0
p000758,chicagotribune.com,direct.adsrvr.org,request,2.6-202606,False,1,1,0
p000759,thedailybeast.com,direct.adsrvr.org,request,2.6-202606,False,1,1,0
p000760,nydailynews.com,direct.adsrvr.org,request,2.6-202606,False,1,1,0
p000761,chicagotribune.com,direct.adsrvr.org,request,2.6-202606,False,4,3,1
p000762,chicagotribune.com,direct.adsrvr.org,request,2.6-202606,False,3,3,0
p000763,chicagotribune.com,direct.adsrvr.org,request,2.6-202606,False,3,3,0
p000764,chicagotribune.com,direct.adsrvr.org,request,2.6-202606,False,4,3,1
p000765,thedailybeast.com,direct.adsrvr.org,request,2.6-202606,False,1,1,0
p000766,nydailynews.com,direct.adsrvr.org,request,2.6-202606,False,1,1,0
p000767,nydailynews.com,direct.adsrvr.org,request,2.6-202606,False,1,1,0
p000768,nydailynews.com,direct.adsrvr.org,request,2.6-202606,False,1,1,0
p000769,businessinsider.com,direct.adsrvr.org,request,2.6-202606,False,1,1,0
p000770,businessinsider.com,direct.adsrvr.org,request,2.6-202606,False,1,1,0
p000771,businessinsider.com,direct.adsrvr.org,request,2.6-202606,False,1,1,0
p000772,businessinsider.com,direct.adsrvr.org,request,2.6-202606,False,1,1,0
p000773,thedailybeast.com,direct.adsrvr.org,request,2.6-202606,False,1,1,0
p000774,nydailynews.com,direct.adsrvr.org,request,2.6-202606,False,1,1,0
p000775,nydailynews.com,direct.adsrvr.org,request,2.6-202606,False,1,1,0
p000776,nydailynews.com,direct.adsrvr.org,request,2.6-202606,False,1,1,0
p000777,nydailynews.com,direct.adsrvr.org,request,2.6-202606,False,4,3,1
p000778,nydailynews.com,direct.adsrvr.org,request,2.6-202606,False,3,3,0
p000779,nydailynews.com,direct.adsrvr.org,request,2.6-202606,False,3,3,0
p000780,nydailynews.com,direct.adsrvr.org,request,2.6-202606,False,4,3,1
p000781,nydailynews.com,direct.adsrvr.org,request,2.6-202606,False,3,3,0
p000782,huffpost.com,direct.adsrvr.org,request,2.6-202606,False,2,1,1
p000783,huffpost.com,direct.adsrvr.org,request,2.6-202606,False,2,1,1
p000784,huffpost.com,direct.adsrvr.org,request,2.6-202606,False,2,1,1
p000785,huffpost.com,direct.adsrvr.org,request,2.6-202606,False,2,1,1
p000786,huffpost.com,direct.adsrvr.org,request,2.6-202606,False,1,1,0
p000787,huffpost.com,direct.adsrvr.org,request,2.6-202606,False,2,1,1
p000788,huffpost.com,direct.adsrvr.org,request,2.6-202606,False,1,1,0
p000789,huffpost.com,direct.adsrvr.org,request,2.6-202606,False,2,1,1
p000790,huffpost.com,direct.adsrvr.org,request,2.6-202606,False,1,1,0
p000791,thesun.co.uk,direct.adsrvr.org,request,2.6-202606,False,2,2,0
p000792,thesun.co.uk,direct.adsrvr.org,request,2.6-202606,False,2,2,0
p000793,thesun.co.uk,direct.adsrvr.org,request,2.6-202606,False,2,2,0
p000794,standard.co.uk,direct.adsrvr.org,request,2.6-202606,False,4,3,1
p000795,thesun.co.uk,direct.adsrvr.org,request,2.6-202606,False,2,2,0
p000796,thesun.co.uk,direct.adsrvr.org,request,2.6-202606,False,3,2,1
p000797,thesun.co.uk,direct.adsrvr.org,request,2.6-202606,False,2,2,0
p000798,thesun.co.uk,direct.adsrvr.org,request,2.6-202606,False,2,2,0
p000799,thesun.co.uk,direct.adsrvr.org,request,2.6-202606,False,2,2,0
p000800,thesun.co.uk,direct.adsrvr.org,request,2.6-202606,False,3,2,1
p000801,thesun.co.uk,direct.adsrvr.org,request,2.6-202606,False,2,2,0
p000802,standard.co.uk,direct.adsrvr.org,request,2.6-202606,False,2,1,1
p000803,cbsnews.com,direct.adsrvr.org,request,2.6-202606,False,2,2,0
p000804,standard.co.uk,direct.adsrvr.org,request,2.6-202606,False,6,4,2
p000805,standard.co.uk,direct.adsrvr.org,request,2.6-202606,False,2,2,0
p000806,standard.co.uk,direct.adsrvr.org,request,2.6-202606,False,2,2,0
p000807,standard.co.uk,direct.adsrvr.org,request,2.6-202606,False,2,2,0
p000808,standard.co.uk,direct.adsrvr.org,request,2.6-202606,False,2,2,0
p000809,standard.co.uk,direct.adsrvr.org,request,2.6-202606,False,2,2,0
p000810,standard.co.uk,direct.adsrvr.org,request,2.6-202606,False,2,1,1
p000811,cbsnews.com,direct.adsrvr.org,request,2.6-202606,False,2,2,0
p000812,time.com,direct.adsrvr.org,request,2.6-202606,False,2,2,0
p000813,time.com,direct.adsrvr.org,request,2.6-202606,False,2,2,0
p000814,time.com,direct.adsrvr.org,request,2.6-202606,False,2,2,0
p000815,time.com,direct.adsrvr.org,request,2.6-202606,False,2,2,0
p000816,time.com,direct.adsrvr.org,request,2.6-202606,False,2,2,0
p000817,slate.com,direct.adsrvr.org,request,2.6-202606,False,1,1,0
p000818,slate.com,direct.adsrvr.org,request,2.6-202606,False,1,1,0
p000819,time.com,direct.adsrvr.org,request,2.6-202606,False,3,2,1
p000820,time.com,direct.adsrvr.org,request,2.6-202606,False,3,2,1
p000821,time.com,direct.adsrvr.org,request,2.6-202606,False,3,2,1
p000822,newsweek.com,direct.adsrvr.org,request,2.6-202606,False,5,4,1
p000823,newsweek.com,direct.adsrvr.org,request,2.6-202606,False,3,3,0
p000824,newsweek.com,direct.adsrvr.org,request,2.6-202606,False,3,3,0
p000825,newsweek.com,direct.adsrvr.org,request,2.6-202606,False,3,3,0
p000826,newsweek.com,direct.adsrvr.org,request,2.6-202606,False,3,3,0
p000827,slate.com,direct.adsrvr.org,request,2.6-202606,False,1,1,0
p000828,salon.com,direct.adsrvr.org,request,2.6-202606,False,1,1,0
p000829,salon.com,direct.adsrvr.org,request,2.6-202606,False,1,1,0
p000830,salon.com,direct.adsrvr.org,request,2.6-202606,False,1,1,0
p000831,salon.com,direct.adsrvr.org,request,2.6-202606,False,1,1,0
p000832,salon.com,direct.adsrvr.org,request,2.6-202606,False,1,1,0
p000833,salon.com,direct.adsrvr.org,request,2.6-202606,False,3,2,1
p000834,salon.com,direct.adsrvr.org,request,2.6-202606,False,1,1,0
p000835,salon.com,direct.adsrvr.org,request,2.6-202606,False,3,2,1
p000836,salon.com,direct.adsrvr.org,request,2.6-202606,False,3,2,1
p000837,salon.com,direct.adsrvr.org,request,2.6-202606,False,1,1,0
p000838,salon.com,direct.adsrvr.org,request,2.6-202606,False,1,1,0
p000839,salon.com,direct.adsrvr.org,request,2.6-202606,False,1,1,0
p000840,salon.com,direct.adsrvr.org,request,2.6-202606,False,1,1,0
p000841,salon.com,direct.adsrvr.org,request,2.6-202606,False,1,1,0
p000842,salon.com,direct.adsrvr.org,request,2.6-202606,False,3,2,1
p000843,salon.com,direct.adsrvr.org,request,2.6-202606,False,3,2,1
p000844,salon.com,direct.adsrvr.org,request,2.6-202606,False,1,1,0
p000845,salon.com,direct.adsrvr.org,request,2.6-202606,False,3,2,1
p000846,salon.com,direct.adsrvr.org,request,2.6-202606,False,3,2,1
p000847,engadget.com,direct.adsrvr.org,request,2.6-202606,False,1,1,0
p000848,engadget.com,direct.adsrvr.org,request,2.6-202606,False,3,2,1
p000849,techcrunch.com,direct.adsrvr.org,request,2.6-202606,False,1,1,0
p000850,techcrunch.com,direct.adsrvr.org,request,2.6-202606,False,1,1,0
p000851,engadget.com,direct.adsrvr.org,request,2.6-202606,False,3,2,1
p000852,techcrunch.com,direct.adsrvr.org,request,2.6-202606,False,1,1,0
p000853,techcrunch.com,direct.adsrvr.org,request,2.6-202606,False,1,1,0
p000854,cnet.com,direct.adsrvr.org,request,2.6-202606,False,1,1,0
p000855,engadget.com,direct.adsrvr.org,request,2.6-202606,False,1,1,0
p000856,engadget.com,direct.adsrvr.org,request,2.6-202606,False,3,2,1
p000857,techcrunch.com,direct.adsrvr.org,request,2.6-202606,False,1,1,0
p000858,techcrunch.com,direct.adsrvr.org,request,2.6-202606,False,1,1,0
p000859,engadget.com,direct.adsrvr.org,request,2.6-202606,False,3,2,1
p000860,techcrunch.com,direct.adsrvr.org,request,2.6-202606,False,1,1,0
p000861,cnet.com,direct.adsrvr.org,request,2.6-202606,False,1,1,0
p000862,zdnet.com,direct.adsrvr.org,request,2.6-202606,False,1,1,0
p000863,cnet.com,direct.adsrvr.org,request,2.6-202606,False,1,1,0
p000864,tomshardware.com,direct.adsrvr.org,request,2.6-202606,False,2,2,0
p000865,tomsguide.com,direct.adsrvr.org,request,2.6-202606,False,2,2,0
p000866,zdnet.com,direct.adsrvr.org,request,2.6-202606,False,1,1,0
p000867,zdnet.com,direct.adsrvr.org,request,2.6-202606,False,1,1,0
p000868,zdnet.com,direct.adsrvr.org,request,2.6-202606,False,2,1,1
p000869,tomshardware.com,direct.adsrvr.org,request,2.6-202606,False,2,2,0
p000870,pcmag.com,direct.adsrvr.org,request,2.6-202606,False,1,1,0
p000871,tomsguide.com,direct.adsrvr.org,request,2.6-202606,False,2,2,0
p000872,pcmag.com,direct.adsrvr.org,request,2.6-202606,False,1,1,0
p000873,pcmag.com,direct.adsrvr.org,request,2.6-202606,False,1,1,0
p000874,pcmag.com,direct.adsrvr.org,request,2.6-202606,False,1,1,0
p000875,pcmag.com,direct.adsrvr.org,request,2.6-202606,False,1,1,0
p000876,pcmag.com,direct.adsrvr.org,request,2.6-202606,False,1,1,0
p000877,pcmag.com,direct.adsrvr.org,request,2.6-202606,False,1,1,0
p000878,macrumors.com,direct.adsrvr.org,request,2.6-202606,False,1,1,0
p000879,macrumors.com,direct.adsrvr.org,request,2.6-202606,False,1,1,0
p000880,macrumors.com,direct.adsrvr.org,request,2.6-202606,False,3,2,1
p000881,macrumors.com,direct.adsrvr.org,request,2.6-202606,False,1,1,0
p000882,macrumors.com,direct.adsrvr.org,request,2.6-202606,False,1,1,0
p000883,macrumors.com,direct.adsrvr.org,request,2.6-202606,False,1,1,0
p000884,macrumors.com,direct.adsrvr.org,request,2.6-202606,False,1,1,0
p000885,macrumors.com,direct.adsrvr.org,request,2.6-202606,False,1,1,0
p000886,macrumors.com,direct.adsrvr.org,request,2.6-202606,False,1,1,0
p000887,macrumors.com,direct.adsrvr.org,request,2.6-202606,False,1,1,0
p000888,macrumors.com,direct.adsrvr.org,request,2.6-202606,False,1,1,0
p000889,macrumors.com,direct.adsrvr.org,request,2.6-202606,False,1,1,0
p000890,macrumors.com,direct.adsrvr.org,request,2.6-202606,False,1,1,0
p000891,macrumors.com,direct.adsrvr.org,request,2.6-202606,False,1,1,0
p000892,macrumors.com,direct.adsrvr.org,request,2.6-202606,False,1,1,0
p000893,macrumors.com,direct.adsrvr.org,request,2.6-202606,False,3,2,1
p000894,macrumors.com,direct.adsrvr.org,request,2.6-202606,False,1,1,0
p000895,macrumors.com,direct.adsrvr.org,request,2.6-202606,False,1,1,0
p000896,macrumors.com,direct.adsrvr.org,request,2.6-202606,False,1,1,0
p000897,macrumors.com,direct.adsrvr.org,request,2.6-202606,False,1,1,0
p000898,macrumors.com,direct.adsrvr.org,request,2.6-202606,False,1,1,0
p000899,macrumors.com,direct.adsrvr.org,request,2.6-202606,False,1,1,0
p000900,macrumors.com,direct.adsrvr.org,request,2.6-202606,False,1,1,0
p000901,macrumors.com,direct.adsrvr.org,request,2.6-202606,False,1,1,0
p000902,ign.com,direct.adsrvr.org,request,2.6-202606,False,1,1,0
p000903,pcgamer.com,direct.adsrvr.org,request,2.6-202606,False,4,3,1
p000904,pcgamer.com,direct.adsrvr.org,request,2.6-202606,False,2,2,0
p000905,pcgamer.com,direct.adsrvr.org,request,2.6-202606,False,2,2,0
p000906,rockpapershotgun.com,direct.adsrvr.org,request,2.6-202606,True,0,0,0
p000907,rockpapershotgun.com,direct.adsrvr.org,request,2.6-202606,True,0,0,0
p000908,rockpapershotgun.com,direct.adsrvr.org,request,2.6-202606,True,0,0,0
p000909,rockpapershotgun.com,direct.adsrvr.org,request,2.6-202606,True,0,0,0
p000910,eurogamer.net,direct.adsrvr.org,request,2.6-202606,True,0,0,0
p000911,eurogamer.net,direct.adsrvr.org,request,2.6-202606,True,0,0,0
p000912,eurogamer.net,direct.adsrvr.org,request,2.6-202606,True,0,0,0
p000913,eurogamer.net,direct.adsrvr.org,request,2.6-202606,True,0,0,0
p000914,rockpapershotgun.com,direct.adsrvr.org,request,2.6-202606,True,0,0,0
p000915,rockpapershotgun.com,direct.adsrvr.org,request,2.6-202606,True,0,0,0
p000916,rockpapershotgun.com,direct.adsrvr.org,request,2.6-202606,True,0,0,0
p000917,rockpapershotgun.com,direct.adsrvr.org,request,2.6-202606,True,0,0,0
p000918,rockpapershotgun.com,direct.adsrvr.org,request,2.6-202606,False,2,1,1
p000919,vg247.com,direct.adsrvr.org,request,2.6-202606,True,0,0,0
p000920,vg247.com,direct.adsrvr.org,request,2.6-202606,True,0,0,0
p000921,eurogamer.net,direct.adsrvr.org,request,2.6-202606,True,0,0,0
p000922,eurogamer.net,direct.adsrvr.org,request,2.6-202606,True,0,0,0
p000923,rockpapershotgun.com,direct.adsrvr.org,request,2.6-202606,False,2,1,1
p000924,eurogamer.net,direct.adsrvr.org,request,2.6-202606,True,0,0,0
p000925,eurogamer.net,direct.adsrvr.org,request,2.6-202606,False,2,1,1
p000926,vg247.com,direct.adsrvr.org,request,2.6-202606,True,0,0,0
p000927,eurogamer.net,direct.adsrvr.org,request,2.6-202606,True,0,0,0
p000928,vg247.com,direct.adsrvr.org,request,2.6-202606,True,0,0,0
p000929,vg247.com,direct.adsrvr.org,request,2.6-202606,True,0,0,0
p000930,vg247.com,direct.adsrvr.org,request,2.6-202606,True,0,0,0
p000931,vg247.com,direct.adsrvr.org,request,2.6-202606,False,2,1,1
p000932,vg247.com,direct.adsrvr.org,request,2.6-202606,True,0,0,0
p000933,cbssports.com,direct.adsrvr.org,request,2.6-202606,False,2,2,0
p000934,sportingnews.com,direct.adsrvr.org,request,2.6-202606,False,1,1,0
p000935,si.com,direct.adsrvr.org,request,2.6-202606,False,2,1,1
p000936,si.com,direct.adsrvr.org,request,2.6-202606,False,2,1,1
p000937,si.com,direct.adsrvr.org,request,2.6-202606,False,1,1,0
p000938,cbssports.com,direct.adsrvr.org,request,2.6-202606,False,3,3,0
p000939,cbssports.com,direct.adsrvr.org,request,2.6-202606,False,4,3,1
p000940,cbssports.com,direct.adsrvr.org,request,2.6-202606,False,2,2,0
p000941,cbssports.com,direct.adsrvr.org,request,2.6-202606,False,3,3,0
p000942,cbssports.com,direct.adsrvr.org,request,2.6-202606,False,4,3,1
p000943,bleacherreport.com,direct.adsrvr.org,request,2.6-202606,True,0,0,0
p000944,bleacherreport.com,direct.adsrvr.org,request,2.6-202606,True,0,0,0
p000945,bleacherreport.com,direct.adsrvr.org,request,2.6-202606,True,0,0,0
p000946,bleacherreport.com,direct.adsrvr.org,request,2.6-202606,True,0,0,0
p000947,bleacherreport.com,direct.adsrvr.org,request,2.6-202606,True,0,0,0
p000948,bleacherreport.com,direct.adsrvr.org,request,2.6-202606,True,0,0,0
p000949,bleacherreport.com,direct.adsrvr.org,request,2.6-202606,True,0,0,0
p000950,bleacherreport.com,direct.adsrvr.org,request,2.6-202606,True,0,0,0
p000951,talksport.com,direct.adsrvr.org,request,2.6-202606,False,2,2,0
p000952,bleacherreport.com,direct.adsrvr.org,request,2.6-202606,False,1,1,0
p000953,bleacherreport.com,direct.adsrvr.org,request,2.6-202606,False,1,1,0
p000954,bleacherreport.com,direct.adsrvr.org,request,2.6-202606,False,1,1,0
p000955,talksport.com,direct.adsrvr.org,request,2.6-202606,False,2,2,0
p000956,bleacherreport.com,direct.adsrvr.org,request,2.6-202606,False,1,1,0
p000957,bleacherreport.com,direct.adsrvr.org,request,2.6-202606,False,1,1,0
p000958,bleacherreport.com,direct.adsrvr.org,request,2.6-202606,False,1,1,0
p000959,talksport.com,direct.adsrvr.org,request,2.6-202606,False,2,2,0
p000960,talksport.com,direct.adsrvr.org,request,2.6-202606,False,2,2,0
p000961,bleacherreport.com,direct.adsrvr.org,request,2.6-202606,False,1,1,0
p000962,bleacherreport.com,direct.adsrvr.org,request,2.6-202606,False,1,1,0
p000963,bleacherreport.com,direct.adsrvr.org,request,2.6-202606,False,1,1,0
p000964,talksport.com,direct.adsrvr.org,request,2.6-202606,False,2,2,0
p000965,bleacherreport.com,direct.adsrvr.org,request,2.6-202606,False,1,1,0
p000966,bleacherreport.com,direct.adsrvr.org,request,2.6-202606,False,1,1,0
p000967,talksport.com,direct.adsrvr.org,request,2.6-202606,False,2,2,0
p000968,goal.com,direct.adsrvr.org,request,2.6-202606,False,5,5,0
p000969,weather.com,direct.adsrvr.org,request,2.6-202606,False,1,1,0
p000970,weather.com,direct.adsrvr.org,request,2.6-202606,False,1,1,0
p000971,talksport.com,direct.adsrvr.org,request,2.6-202606,False,2,2,0
p000972,talksport.com,direct.adsrvr.org,request,2.6-202606,False,2,2,0
p000973,talksport.com,direct.adsrvr.org,request,2.6-202606,False,2,2,0
p000974,talksport.com,direct.adsrvr.org,request,2.6-202606,False,2,2,0
p000975,talksport.com,direct.adsrvr.org,request,2.6-202606,False,2,2,0
p000976,talksport.com,direct.adsrvr.org,request,2.6-202606,False,2,2,0
p000977,talksport.com,direct.adsrvr.org,request,2.6-202606,False,2,2,0
p000978,talksport.com,direct.adsrvr.org,request,2.6-202606,False,2,2,0
p000979,goal.com,direct.adsrvr.org,request,2.6-202606,False,5,5,0
p000980,wunderground.com,direct.adsrvr.org,request,2.6-202606,False,1,1,0
p000981,weather.com,direct.adsrvr.org,request,2.6-202606,False,1,1,0
p000982,weather.com,direct.adsrvr.org,request,2.6-202606,False,1,1,0
p000983,wunderground.com,direct.adsrvr.org,request,2.6-202606,False,1,1,0
p000984,wunderground.com,direct.adsrvr.org,request,2.6-202606,False,3,2,1
p000985,wunderground.com,direct.adsrvr.org,request,2.6-202606,False,2,2,0
p000986,benzinga.com,direct.adsrvr.org,request,2.6-202606,False,1,1,0
p000987,benzinga.com,direct.adsrvr.org,request,2.6-202606,False,1,1,0
p000988,kiplinger.com,direct.adsrvr.org,request,2.6-202606,False,2,2,0
p000989,allrecipes.com,direct.adsrvr.org,request,2.6-202606,False,1,1,0
p000990,kiplinger.com,direct.adsrvr.org,request,2.6-202606,False,2,2,0
p000991,allrecipes.com,direct.adsrvr.org,request,2.6-202606,False,1,1,0
p000992,allrecipes.com,direct.adsrvr.org,request,2.6-202606,False,1,1,0
p000993,delish.com,direct.adsrvr.org,request,2.6-202606,False,1,1,0
p000994,delish.com,direct.adsrvr.org,request,2.6-202606,False,1,1,0
p000995,foodnetwork.com,direct.adsrvr.org,request,2.6-202606,False,1,1,0
p000996,foodnetwork.com,direct.adsrvr.org,request,2.6-202606,False,1,1,0
p000997,delish.com,direct.adsrvr.org,request,2.6-202606,False,1,1,0
p000998,delish.com,direct.adsrvr.org,request,2.6-202606,False,1,1,0
p000999,tasteofhome.com,direct.adsrvr.org,request,2.6-202606,False,1,1,0
p001000,tasteofhome.com,direct.adsrvr.org,request,2.6-202606,False,1,1,0
p001001,simplyrecipes.com,direct.adsrvr.org,request,2.6-202606,False,1,1,0
p001002,simplyrecipes.com,direct.adsrvr.org,request,2.6-202606,False,1,1,0
p001003,tasteofhome.com,direct.adsrvr.org,request,2.6-202606,False,1,1,0
p001004,tasteofhome.com,direct.adsrvr.org,request,2.6-202606,False,1,1,0
p001005,tasteofhome.com,direct.adsrvr.org,request,2.6-202606,False,4,3,1
p001006,tasteofhome.com,direct.adsrvr.org,request,2.6-202606,False,3,3,0
p001007,tasteofhome.com,direct.adsrvr.org,request,2.6-202606,False,1,1,0
p001008,tasteofhome.com,direct.adsrvr.org,request,2.6-202606,False,1,1,0
p001009,thespruceeats.com,direct.adsrvr.org,request,2.6-202606,False,1,1,0
p001010,thespruceeats.com,direct.adsrvr.org,request,2.6-202606,False,1,1,0
p001011,verywellhealth.com,direct.adsrvr.org,request,2.6-202606,False,1,1,0
p001012,verywellhealth.com,direct.adsrvr.org,request,2.6-202606,False,1,1,0
p001013,verywellhealth.com,direct.adsrvr.org,request,2.6-202606,False,1,1,0
p001014,verywellhealth.com,direct.adsrvr.org,request,2.6-202606,False,1,1,0
p001015,people.com,direct.adsrvr.org,request,2.6-202606,False,1,1,0
p001016,people.com,direct.adsrvr.org,request,2.6-202606,False,1,1,0
p001017,people.com,direct.adsrvr.org,request,2.6-202606,False,1,1,0
p001018,people.com,direct.adsrvr.org,request,2.6-202606,False,1,1,0
p001019,people.com,direct.adsrvr.org,request,2.6-202606,False,1,1,0
p001020,usmagazine.com,direct.adsrvr.org,request,2.6-202606,False,1,1,0
p001021,usmagazine.com,direct.adsrvr.org,request,2.6-202606,False,1,1,0
p001022,usmagazine.com,direct.adsrvr.org,request,2.6-202606,False,1,1,0
p001023,usmagazine.com,direct.adsrvr.org,request,2.6-202606,False,1,1,0
p001024,usmagazine.com,direct.adsrvr.org,request,2.6-202606,False,1,1,0
p001025,tmz.com,direct.adsrvr.org,request,2.6-202606,False,2,2,0
p001026,tmz.com,direct.adsrvr.org,request,2.6-202606,False,2,2,0
p001027,variety.com,direct.adsrvr.org,request,2.6-202606,False,1,1,0
p001028,variety.com,direct.adsrvr.org,request,2.6-202606,False,1,1,0
p001029,variety.com,direct.adsrvr.org,request,2.6-202606,False,1,1,0
p001030,deadline.com,direct.adsrvr.org,request,2.6-202606,False,3,1,2
p001031,hollywoodreporter.com,direct.adsrvr.org,request,2.6-202606,False,2,1,1
p001032,hollywoodreporter.com,direct.adsrvr.org,request,2.6-202606,False,2,1,1
p001033,rollingstone.com,direct.adsrvr.org,request,2.6-202606,False,1,1,0
p001034,hollywoodreporter.com,direct.adsrvr.org,request,2.6-202606,False,2,1,1
p001035,hollywoodreporter.com,direct.adsrvr.org,request,2.6-202606,False,2,1,1
p001036,hollywoodreporter.com,direct.adsrvr.org,request,2.6-202606,False,1,1,0
p001037,hollywoodreporter.com,direct.adsrvr.org,request,2.6-202606,False,1,1,0
p001038,billboard.com,direct.adsrvr.org,request,2.6-202606,False,1,1,0
p001039,rollingstone.com,direct.adsrvr.org,request,2.6-202606,False,3,1,2
p001040,rollingstone.com,direct.adsrvr.org,request,2.6-202606,False,2,1,1
p001041,billboard.com,direct.adsrvr.org,request,2.6-202606,False,2,1,1
p001042,stereogum.com,direct.adsrvr.org,request,2.6-202606,False,1,1,0
p001043,stereogum.com,direct.adsrvr.org,request,2.6-202606,False,3,2,1
p001044,billboard.com,direct.adsrvr.org,request,2.6-202606,False,2,1,1
p001045,rollingstone.com,direct.adsrvr.org,request,2.6-202606,False,2,1,1
p001046,billboard.com,direct.adsrvr.org,request,2.6-202606,False,2,1,1
p001047,rollingstone.com,direct.adsrvr.org,request,2.6-202606,False,2,1,1
p001048,stereogum.com,direct.adsrvr.org,request,2.6-202606,False,1,1,0
p001049,stereogum.com,direct.adsrvr.org,request,2.6-202606,False,3,2,1
p001050,billboard.com,direct.adsrvr.org,request,2.6-202606,False,3,1,2
p001051,billboard.com,direct.adsrvr.org,request,2.6-202606,False,2,1,1
p001052,billboard.com,direct.adsrvr.org,request,2.6-202606,False,1,1,0
p001053,stereogum.com,direct.adsrvr.org,request,2.6-202606,False,3,2,1
p001054,billboard.com,direct.adsrvr.org,request,2.6-202606,False,1,1,0
p001055,stereogum.com,direct.adsrvr.org,request,2.6-202606,False,3,2,1
p001056,stereogum.com,direct.adsrvr.org,request,2.6-202606,False,3,2,1
p001057,boredpanda.com,direct.adsrvr.org,request,2.6-202606,False,1,1,0
p001058,boredpanda.com,direct.adsrvr.org,request,2.6-202606,False,4,3,1
p001059,boredpanda.com,direct.adsrvr.org,request,2.6-202606,False,3,3,0
p001060,boredpanda.com,direct.adsrvr.org,request,2.6-202606,False,1,1,0
p001061,boredpanda.com,direct.adsrvr.org,request,2.6-202606,False,4,3,1
p001062,boredpanda.com,direct.adsrvr.org,request,2.6-202606,False,3,3,0
p001063,ladbible.com,direct.adsrvr.org,request,2.6-202606,False,2,2,0
p001064,ladbible.com,direct.adsrvr.org,request,2.6-202606,False,2,2,0
p001065,ladbible.com,direct.adsrvr.org,request,2.6-202606,False,2,2,0
p001066,distractify.com,direct.adsrvr.org,request,2.6-202606,False,4,3,1
p001067,distractify.com,direct.adsrvr.org,request,2.6-202606,False,4,3,1
p001068,buzzfeed.com,direct.adsrvr.org,request,2.6-202606,False,1,1,0
p001069,buzzfeed.com,direct.adsrvr.org,request,2.6-202606,False,1,1,0
p001070,buzzfeed.com,direct.adsrvr.org,request,2.6-202606,False,1,1,0
p001071,buzzfeed.com,direct.adsrvr.org,request,2.6-202606,False,1,1,0
p001072,unilad.com,direct.adsrvr.org,request,2.6-202606,False,2,2,0
p001073,unilad.com,direct.adsrvr.org,request,2.6-202606,False,2,2,0
p001074,buzzfeed.com,direct.adsrvr.org,request,2.6-202606,False,1,1,0
p001075,buzzfeed.com,direct.adsrvr.org,request,2.6-202606,False,1,1,0
p001076,distractify.com,direct.adsrvr.org,request,2.6-202606,False,2,2,0
p001077,unilad.com,direct.adsrvr.org,request,2.6-202606,False,2,2,0
p001078,unilad.com,direct.adsrvr.org,request,2.6-202606,False,2,2,0
p001079,buzzfeed.com,direct.adsrvr.org,request,2.6-202606,False,1,1,0
p001080,distractify.com,direct.adsrvr.org,request,2.6-202606,False,4,3,1
p001081,distractify.com,direct.adsrvr.org,request,2.6-202606,False,3,3,0
p001082,buzzfeed.com,direct.adsrvr.org,request,2.6-202606,False,1,1,0
p001083,distractify.com,direct.adsrvr.org,request,2.6-202606,False,4,3,1
p001084,ranker.com,direct.adsrvr.org,request,2.6-202606,False,1,1,0
p001085,buzzfeed.com,direct.adsrvr.org,request,2.6-202606,False,2,1,1
p001086,buzzfeed.com,direct.adsrvr.org,request,2.6-202606,False,1,1,0
p001087,buzzfeed.com,direct.adsrvr.org,request,2.6-202606,False,1,1,0
p001088,buzzfeed.com,direct.adsrvr.org,request,2.6-202606,False,2,1,1
p001089,grunge.com,direct.adsrvr.org,request,2.6-202606,False,1,1,0
p001090,buzzfeed.com,direct.adsrvr.org,request,2.6-202606,False,2,1,1
p001091,buzzfeed.com,direct.adsrvr.org,request,2.6-202606,False,2,1,1
p001092,grunge.com,direct.adsrvr.org,request,2.6-202606,False,1,1,0
p001093,grunge.com,direct.adsrvr.org,request,2.6-202606,False,3,2,1
p001094,grunge.com,direct.adsrvr.org,request,2.6-202606,False,3,2,1
p001095,grunge.com,direct.adsrvr.org,request,2.6-202606,False,1,1,0
p001096,grunge.com,direct.adsrvr.org,request,2.6-202606,False,1,1,0
p001097,grunge.com,direct.adsrvr.org,request,2.6-202606,False,3,2,1
p001098,grunge.com,direct.adsrvr.org,request,2.6-202606,False,1,1,0
p001099,grunge.com,direct.adsrvr.org,request,2.6-202606,False,1,1,0
p001100,grunge.com,direct.adsrvr.org,request,2.6-202606,False,1,1,0
p001101,grunge.com,direct.adsrvr.org,request,2.6-202606,False,1,1,0
p001102,grunge.com,direct.adsrvr.org,request,2.6-202606,False,1,1,0
p001103,grunge.com,direct.adsrvr.org,request,2.6-202606,False,3,2,1
p001104,grunge.com,direct.adsrvr.org,request,2.6-202606,False,3,2,1
p001105,slashfilm.com,direct.adsrvr.org,request,2.6-202606,False,1,1,0
p001106,slashfilm.com,direct.adsrvr.org,request,2.6-202606,False,1,1,0
p001107,slashfilm.com,direct.adsrvr.org,request,2.6-202606,False,3,2,1
p001108,mashed.com,direct.adsrvr.org,request,2.6-202606,False,1,1,0
p001109,mashed.com,direct.adsrvr.org,request,2.6-202606,False,3,2,1
p001110,slashfilm.com,direct.adsrvr.org,request,2.6-202606,False,3,2,1
p001111,mashed.com,direct.adsrvr.org,request,2.6-202606,False,3,2,1
p001112,slashfilm.com,direct.adsrvr.org,request,2.6-202606,False,3,2,1
p001113,mashed.com,direct.adsrvr.org,request,2.6-202606,False,3,2,1
p001114,slashfilm.com,direct.adsrvr.org,request,2.6-202606,False,3,2,1
p001115,sfgate.com,direct.adsrvr.org,request,2.6-202606,False,1,1,0
p001116,mashed.com,direct.adsrvr.org,request,2.6-202606,False,3,2,1
p001117,sfgate.com,direct.adsrvr.org,request,2.6-202606,False,3,2,1
p001118,tastingtable.com,direct.adsrvr.org,request,2.6-202606,False,1,1,0
p001119,thehill.com,direct.adsrvr.org,request,2.6-202606,False,1,1,0
p001120,cnet.com,direct.adsrvr.org,response,2.6-202606,True,0,0,0
p001121,bleacherreport.com,direct.adsrvr.org,response,2.6-202606,True,0,0,0
p001122,verywellhealth.com,direct.adsrvr.org,response,2.6-202606,True,0,0,0
p001123,usatoday.com,display.bidder.taboola.com,request,2.6-202606,True,0,0,0
p001124,usatoday.com,display.bidder.taboola.com,request,2.6-202606,True,0,0,0
p001125,usatoday.com,display.bidder.taboola.com,request,2.6-202606,True,0,0,0
p001126,usatoday.com,display.bidder.taboola.com,request,2.6-202606,True,0,0,0
p001127,independent.co.uk,display.bidder.taboola.com,request,2.6-202606,False,5,4,1
p001128,independent.co.uk,display.bidder.taboola.com,request,2.6-202606,False,6,5,1
p001129,cbsnews.com,display.bidder.taboola.com,request,2.6-202606,True,0,0,0
p001130,cbsnews.com,display.bidder.taboola.com,request,2.6-202606,True,0,0,0
p001131,time.com,display.bidder.taboola.com,request,2.6-202606,False,1,1,0
p001132,time.com,display.bidder.taboola.com,request,2.6-202606,False,1,1,0
p001133,time.com,display.bidder.taboola.com,request,2.6-202606,False,1,1,0
p001134,time.com,display.bidder.taboola.com,request,2.6-202606,False,1,1,0
p001135,time.com,display.bidder.taboola.com,request,2.6-202606,False,1,1,0
p001136,slate.com,display.bidder.taboola.com,request,2.6-202606,False,2,2,0
p001137,slate.com,display.bidder.taboola.com,request,2.6-202606,False,1,1,0
p001138,slate.com,display.bidder.taboola.com,request,2.6-202606,False,1,1,0
p001139,cbssports.com,display.bidder.taboola.com,request,2.6-202606,True,0,0,0
p001140,cbssports.com,display.bidder.taboola.com,request,2.6-202606,True,0,0,0
p001141,goal.com,display.bidder.taboola.com,request,2.6-202606,False,4,4,0
p001142,weather.com,display.bidder.taboola.com,request,2.6-202606,True,0,0,0
p001143,weather.com,display.bidder.taboola.com,request,2.6-202606,True,0,0,0
p001144,goal.com,display.bidder.taboola.com,request,2.6-202606,False,4,4,0
p001145,wunderground.com,display.bidder.taboola.com,request,2.6-202606,True,0,0,0
p001146,weather.com,display.bidder.taboola.com,request,2.6-202606,True,0,0,0
p001147,weather.com,display.bidder.taboola.com,request,2.6-202606,True,0,0,0
p001148,wunderground.com,display.bidder.taboola.com,request,2.6-202606,True,0,0,0
p001149,thehill.com,display.bidder.taboola.com,request,2.6-202606,False,6,6,0
p001150,usatoday.com,display.bidder.taboola.com,response,2.6-202606,True,5,0,5
p001151,cbsnews.com,display.bidder.taboola.com,response,2.6-202606,True,7,0,7
p001152,slate.com,display.bidder.taboola.com,response,2.6-202606,True,1,0,1
p001153,slate.com,display.bidder.taboola.com,response,2.6-202606,True,1,0,1
p001154,cbssports.com,display.bidder.taboola.com,response,2.6-202606,True,1,0,1
p001155,wunderground.com,display.bidder.taboola.com,response,2.6-202606,True,2,0,2
p001156,weather.com,display.bidder.taboola.com,response,2.6-202606,True,2,0,2
p001157,weather.com,display.bidder.taboola.com,response,2.6-202606,True,3,0,3
p001158,wunderground.com,display.bidder.taboola.com,response,2.6-202606,True,1,0,1
p001159,thehill.com,display.bidder.taboola.com,response,2.6-202606,True,4,0,4
p001160,pagesix.com,elb.the-ozone-project.com,request,2.5,False,9,9,0
p001161,pagesix.com,elb.the-ozone-project.com,request,2.5,False,2,2,0
p001162,pagesix.com,elb.the-ozone-project.com,request,2.5,False,2,2,0
p001163,pagesix.com,elb.the-ozone-project.com,request,2.5,False,2,2,0
p001164,pagesix.com,elb.the-ozone-project.com,request,2.5,False,2,2,0
p001165,nypost.com,elb.the-ozone-project.com,request,2.5,False,5,5,0
p001166,nypost.com,elb.the-ozone-project.com,request,2.5,False,2,2,0
p001167,nypost.com,elb.the-ozone-project.com,request,2.5,False,2,2,0
p001168,nypost.com,elb.the-ozone-project.com,request,2.5,False,2,2,0
p001169,pagesix.com,elb.the-ozone-project.com,request,2.5,False,5,5,0
p001170,pagesix.com,elb.the-ozone-project.com,request,2.5,False,3,3,0
p001171,pagesix.com,elb.the-ozone-project.com,request,2.5,False,2,2,0
p001172,nypost.com,elb.the-ozone-project.com,request,2.5,False,4,4,0
p001173,nypost.com,elb.the-ozone-project.com,request,2.5,False,2,2,0
p001174,nypost.com,elb.the-ozone-project.com,request,2.5,False,2,2,0
p001175,businessinsider.com,elb.the-ozone-project.com,request,2.5,False,2,2,0
p001176,businessinsider.com,elb.the-ozone-project.com,request,2.5,False,2,2,0
p001177,businessinsider.com,elb.the-ozone-project.com,request,2.5,False,2,2,0
p001178,businessinsider.com,elb.the-ozone-project.com,request,2.5,False,2,2,0
p001179,huffpost.com,elb.the-ozone-project.com,request,2.5,False,3,3,0
p001180,huffpost.com,elb.the-ozone-project.com,request,2.5,False,5,5,0
p001181,huffpost.com,elb.the-ozone-project.com,request,2.5,False,5,5,0
p001182,independent.co.uk,elb.the-ozone-project.com,request,2.5,False,4,4,0
p001183,huffpost.com,elb.the-ozone-project.com,request,2.5,False,3,3,0
p001184,huffpost.com,elb.the-ozone-project.com,request,2.5,False,3,3,0
p001185,huffpost.com,elb.the-ozone-project.com,request,2.5,False,1,1,0
p001186,huffpost.com,elb.the-ozone-project.com,request,2.5,False,3,3,0
p001187,huffpost.com,elb.the-ozone-project.com,request,2.5,False,2,2,0
p001188,independent.co.uk,elb.the-ozone-project.com,request,2.5,False,5,5,0
p001189,huffpost.com,elb.the-ozone-project.com,request,2.5,False,3,3,0
p001190,huffpost.com,elb.the-ozone-project.com,request,2.5,False,1,1,0
p001191,thesun.co.uk,elb.the-ozone-project.com,request,2.5,False,14,14,0
p001192,thesun.co.uk,elb.the-ozone-project.com,request,2.5,False,4,4,0
p001193,thesun.co.uk,elb.the-ozone-project.com,request,2.5,False,4,4,0
p001194,metro.co.uk,elb.the-ozone-project.com,request,2.5,False,3,3,0
p001195,metro.co.uk,elb.the-ozone-project.com,request,2.5,False,3,3,0
p001196,standard.co.uk,elb.the-ozone-project.com,request,2.5,False,4,4,0
p001197,thesun.co.uk,elb.the-ozone-project.com,request,2.5,False,16,16,0
p001198,thesun.co.uk,elb.the-ozone-project.com,request,2.5,False,3,3,0
p001199,thesun.co.uk,elb.the-ozone-project.com,request,2.5,False,2,2,0
p001200,thesun.co.uk,elb.the-ozone-project.com,request,2.5,False,4,4,0
p001201,thesun.co.uk,elb.the-ozone-project.com,request,2.5,False,4,4,0
p001202,thesun.co.uk,elb.the-ozone-project.com,request,2.5,False,3,3,0
p001203,thesun.co.uk,elb.the-ozone-project.com,request,2.5,False,4,4,0
p001204,metro.co.uk,elb.the-ozone-project.com,request,2.5,False,3,3,0
p001205,metro.co.uk,elb.the-ozone-project.com,request,2.5,False,3,3,0
p001206,standard.co.uk,elb.the-ozone-project.com,request,2.5,False,10,10,0
p001207,standard.co.uk,elb.the-ozone-project.com,request,2.5,False,1,1,0
p001208,standard.co.uk,elb.the-ozone-project.com,request,2.5,False,1,1,0
p001209,standard.co.uk,elb.the-ozone-project.com,request,2.5,False,1,1,0
p001210,standard.co.uk,elb.the-ozone-project.com,request,2.5,False,1,1,0
p001211,standard.co.uk,elb.the-ozone-project.com,request,2.5,False,1,1,0
p001212,newsweek.com,elb.the-ozone-project.com,request,2.5,False,3,3,0
p001213,newsweek.com,elb.the-ozone-project.com,request,2.5,False,2,2,0
p001214,newsweek.com,elb.the-ozone-project.com,request,2.5,False,2,2,0
p001215,newsweek.com,elb.the-ozone-project.com,request,2.5,False,2,2,0
p001216,newsweek.com,elb.the-ozone-project.com,request,2.5,False,2,2,0
p001217,cnet.com,elb.the-ozone-project.com,request,2.5,False,6,6,0
p001218,cnet.com,elb.the-ozone-project.com,request,2.5,False,6,6,0
p001219,zdnet.com,elb.the-ozone-project.com,request,2.5,False,4,4,0
p001220,cnet.com,elb.the-ozone-project.com,request,2.5,False,6,6,0
p001221,zdnet.com,elb.the-ozone-project.com,request,2.5,False,6,6,0
p001222,zdnet.com,elb.the-ozone-project.com,request,2.5,False,2,2,0
p001223,zdnet.com,elb.the-ozone-project.com,request,2.5,False,3,3,0
p001224,pcmag.com,elb.the-ozone-project.com,request,2.5,False,3,3,0
p001225,pcmag.com,elb.the-ozone-project.com,request,2.5,False,5,5,0
p001226,pcmag.com,elb.the-ozone-project.com,request,2.5,False,1,1,0
p001227,pcmag.com,elb.the-ozone-project.com,request,2.5,False,6,6,0
p001228,pcmag.com,elb.the-ozone-project.com,request,2.5,False,6,6,0
p001229,pcmag.com,elb.the-ozone-project.com,request,2.5,False,6,6,0
p001230,pcmag.com,elb.the-ozone-project.com,request,2.5,False,4,4,0
p001231,makeuseof.com,elb.the-ozone-project.com,request,2.5,False,3,3,0
p001232,makeuseof.com,elb.the-ozone-project.com,request,2.5,False,1,1,0
p001233,ign.com,elb.the-ozone-project.com,request,2.5,False,4,4,0
p001234,gamespot.com,elb.the-ozone-project.com,request,2.5,False,6,6,0
p001235,gamespot.com,elb.the-ozone-project.com,request,2.5,False,2,2,0
p001236,gamespot.com,elb.the-ozone-project.com,request,2.5,False,2,2,0
p001237,gamespot.com,elb.the-ozone-project.com,request,2.5,False,2,2,0
p001238,gamespot.com,elb.the-ozone-project.com,request,2.5,False,4,4,0
p001239,rockpapershotgun.com,elb.the-ozone-project.com,request,2.5,False,3,3,0
p001240,rockpapershotgun.com,elb.the-ozone-project.com,request,2.5,False,1,1,0
p001241,rockpapershotgun.com,elb.the-ozone-project.com,request,2.5,False,1,1,0
p001242,rockpapershotgun.com,elb.the-ozone-project.com,request,2.5,False,1,1,0
p001243,eurogamer.net,elb.the-ozone-project.com,request,2.5,False,3,3,0
p001244,eurogamer.net,elb.the-ozone-project.com,request,2.5,False,1,1,0
p001245,eurogamer.net,elb.the-ozone-project.com,request,2.5,False,1,1,0
p001246,eurogamer.net,elb.the-ozone-project.com,request,2.5,False,1,1,0
p001247,eurogamer.net,elb.the-ozone-project.com,request,2.5,False,3,3,0
p001248,rockpapershotgun.com,elb.the-ozone-project.com,request,2.5,False,3,3,0
p001249,rockpapershotgun.com,elb.the-ozone-project.com,request,2.5,False,1,1,0
p001250,rockpapershotgun.com,elb.the-ozone-project.com,request,2.5,False,1,1,0
p001251,rockpapershotgun.com,elb.the-ozone-project.com,request,2.5,False,1,1,0
p001252,rockpapershotgun.com,elb.the-ozone-project.com,request,2.5,False,3,3,0
p001253,vg247.com,elb.the-ozone-project.com,request,2.5,False,3,3,0
p001254,vg247.com,elb.the-ozone-project.com,request,2.5,False,1,1,0
p001255,eurogamer.net,elb.the-ozone-project.com,request,2.5,False,3,3,0
p001256,eurogamer.net,elb.the-ozone-project.com,request,2.5,False,1,1,0
p001257,rockpapershotgun.com,elb.the-ozone-project.com,request,2.5,False,3,3,0
p001258,eurogamer.net,elb.the-ozone-project.com,request,2.5,False,1,1,0
p001259,eurogamer.net,elb.the-ozone-project.com,request,2.5,False,3,3,0
p001260,vg247.com,elb.the-ozone-project.com,request,2.5,False,1,1,0
p001261,eurogamer.net,elb.the-ozone-project.com,request,2.5,False,1,1,0
p001262,vg247.com,elb.the-ozone-project.com,request,2.5,False,3,3,0
p001263,vg247.com,elb.the-ozone-project.com,request,2.5,False,1,1,0
p001264,vg247.com,elb.the-ozone-project.com,request,2.5,False,1,1,0
p001265,vg247.com,elb.the-ozone-project.com,request,2.5,False,3,3,0
p001266,vg247.com,elb.the-ozone-project.com,request,2.5,False,1,1,0
p001267,sportingnews.com,elb.the-ozone-project.com,request,2.5,False,2,2,0
p001268,talksport.com,elb.the-ozone-project.com,request,2.5,False,2,2,0
p001269,talksport.com,elb.the-ozone-project.com,request,2.5,False,18,18,0
p001270,talksport.com,elb.the-ozone-project.com,request,2.5,False,4,4,0
p001271,talksport.com,elb.the-ozone-project.com,request,2.5,False,4,4,0
p001272,talksport.com,elb.the-ozone-project.com,request,2.5,False,4,4,0
p001273,talksport.com,elb.the-ozone-project.com,request,2.5,False,4,4,0
p001274,goal.com,elb.the-ozone-project.com,request,2.5,False,6,6,0
p001275,talksport.com,elb.the-ozone-project.com,request,2.5,False,2,2,0
p001276,talksport.com,elb.the-ozone-project.com,request,2.5,False,24,24,0
p001277,talksport.com,elb.the-ozone-project.com,request,2.5,False,2,2,0
p001278,talksport.com,elb.the-ozone-project.com,request,2.5,False,2,2,0
p001279,talksport.com,elb.the-ozone-project.com,request,2.5,False,8,8,0
p001280,talksport.com,elb.the-ozone-project.com,request,2.5,False,4,4,0
p001281,talksport.com,elb.the-ozone-project.com,request,2.5,False,4,4,0
p001282,talksport.com,elb.the-ozone-project.com,request,2.5,False,4,4,0
p001283,goal.com,elb.the-ozone-project.com,request,2.5,False,6,6,0
p001284,timeout.com,elb.the-ozone-project.com,request,2.5,False,4,4,0
p001285,timeout.com,elb.the-ozone-project.com,request,2.5,False,2,2,0
p001286,timeout.com,elb.the-ozone-project.com,request,2.5,False,4,4,0
p001287,timeout.com,elb.the-ozone-project.com,request,2.5,False,4,4,0
p001288,buzzfeed.com,elb.the-ozone-project.com,request,2.5,False,2,2,0
p001289,buzzfeed.com,elb.the-ozone-project.com,request,2.5,False,2,2,0
p001290,buzzfeed.com,elb.the-ozone-project.com,request,2.5,False,2,2,0
p001291,buzzfeed.com,elb.the-ozone-project.com,request,2.5,False,2,2,0
p001292,buzzfeed.com,elb.the-ozone-project.com,request,2.5,False,2,2,0
p001293,buzzfeed.com,elb.the-ozone-project.com,request,2.5,False,2,2,0
p001294,buzzfeed.com,elb.the-ozone-project.com,request,2.5,False,2,2,0
p001295,buzzfeed.com,elb.the-ozone-project.com,request,2.5,False,2,2,0
p001296,buzzfeed.com,elb.the-ozone-project.com,request,2.5,False,3,3,0
p001297,buzzfeed.com,elb.the-ozone-project.com,request,2.5,False,2,2,0
p001298,buzzfeed.com,elb.the-ozone-project.com,request,2.5,False,2,2,0
p001299,buzzfeed.com,elb.the-ozone-project.com,request,2.5,False,3,3,0
p001300,buzzfeed.com,elb.the-ozone-project.com,request,2.5,False,3,3,0
p001301,buzzfeed.com,elb.the-ozone-project.com,request,2.5,False,3,3,0
p001302,buzzfeed.com,elb.the-ozone-project.com,request,2.5,False,2,2,0
p001303,looper.com,elb.the-ozone-project.com,request,2.5,False,5,5,0
p001304,pagesix.com,elb.the-ozone-project.com,response,2.6-202606,True,4,0,4
p001305,pagesix.com,elb.the-ozone-project.com,response,2.6-202606,True,5,0,5
p001306,pagesix.com,elb.the-ozone-project.com,response,2.6-202606,True,5,0,5
p001307,pagesix.com,elb.the-ozone-project.com,response,2.6-202606,True,5,0,5
p001308,nypost.com,elb.the-ozone-project.com,response,2.6-202606,True,7,0,7
p001309,nypost.com,elb.the-ozone-project.com,response,2.6-202606,True,3,0,3
p001310,nypost.com,elb.the-ozone-project.com,response,2.6-202606,True,2,0,2
p001311,pagesix.com,elb.the-ozone-project.com,response,2.6-202606,True,9,0,9
p001312,pagesix.com,elb.the-ozone-project.com,response,2.6-202606,True,5,0,5
p001313,nypost.com,elb.the-ozone-project.com,response,2.6-202606,True,6,0,6
p001314,nypost.com,elb.the-ozone-project.com,response,2.6-202606,True,2,0,2
p001315,nypost.com,elb.the-ozone-project.com,response,2.6-202606,True,6,0,6
p001316,businessinsider.com,elb.the-ozone-project.com,response,2.6-202606,True,0,0,0
p001317,businessinsider.com,elb.the-ozone-project.com,response,2.6-202606,True,0,0,0
p001318,businessinsider.com,elb.the-ozone-project.com,response,2.6-202606,True,0,0,0
p001319,businessinsider.com,elb.the-ozone-project.com,response,2.6-202606,True,1,0,1
p001320,huffpost.com,elb.the-ozone-project.com,response,2.6-202606,True,0,0,0
p001321,huffpost.com,elb.the-ozone-project.com,response,2.6-202606,True,0,0,0
p001322,huffpost.com,elb.the-ozone-project.com,response,2.6-202606,True,0,0,0
p001323,independent.co.uk,elb.the-ozone-project.com,response,2.6-202606,True,0,0,0
p001324,huffpost.com,elb.the-ozone-project.com,response,2.6-202606,True,0,0,0
p001325,huffpost.com,elb.the-ozone-project.com,response,2.6-202606,True,0,0,0
p001326,huffpost.com,elb.the-ozone-project.com,response,2.6-202606,True,0,0,0
p001327,huffpost.com,elb.the-ozone-project.com,response,2.6-202606,True,0,0,0
p001328,huffpost.com,elb.the-ozone-project.com,response,2.6-202606,True,0,0,0
p001329,independent.co.uk,elb.the-ozone-project.com,response,2.6-202606,True,0,0,0
p001330,huffpost.com,elb.the-ozone-project.com,response,2.6-202606,True,0,0,0
p001331,huffpost.com,elb.the-ozone-project.com,response,2.6-202606,True,0,0,0
p001332,thesun.co.uk,elb.the-ozone-project.com,response,2.6-202606,True,1,0,1
p001333,metro.co.uk,elb.the-ozone-project.com,response,2.6-202606,True,1,0,1
p001334,metro.co.uk,elb.the-ozone-project.com,response,2.6-202606,True,2,0,2
p001335,standard.co.uk,elb.the-ozone-project.com,response,2.6-202606,True,0,0,0
p001336,thesun.co.uk,elb.the-ozone-project.com,response,2.6-202606,True,1,0,1
p001337,thesun.co.uk,elb.the-ozone-project.com,response,2.6-202606,True,1,0,1
p001338,metro.co.uk,elb.the-ozone-project.com,response,2.6-202606,True,2,0,2
p001339,metro.co.uk,elb.the-ozone-project.com,response,2.6-202606,True,2,0,2
p001340,standard.co.uk,elb.the-ozone-project.com,response,2.6-202606,True,0,0,0
p001341,standard.co.uk,elb.the-ozone-project.com,response,2.6-202606,True,0,0,0
p001342,standard.co.uk,elb.the-ozone-project.com,response,2.6-202606,True,0,0,0
p001343,standard.co.uk,elb.the-ozone-project.com,response,2.6-202606,True,0,0,0
p001344,standard.co.uk,elb.the-ozone-project.com,response,2.6-202606,True,0,0,0
p001345,standard.co.uk,elb.the-ozone-project.com,response,2.6-202606,True,0,0,0
p001346,newsweek.com,elb.the-ozone-project.com,response,2.6-202606,True,0,0,0
p001347,newsweek.com,elb.the-ozone-project.com,response,2.6-202606,True,0,0,0
p001348,newsweek.com,elb.the-ozone-project.com,response,2.6-202606,True,0,0,0
p001349,newsweek.com,elb.the-ozone-project.com,response,2.6-202606,True,0,0,0
p001350,newsweek.com,elb.the-ozone-project.com,response,2.6-202606,True,0,0,0
p001351,cnet.com,elb.the-ozone-project.com,response,2.6-202606,True,0,0,0
p001352,cnet.com,elb.the-ozone-project.com,response,2.6-202606,True,3,0,3
p001353,zdnet.com,elb.the-ozone-project.com,response,2.6-202606,True,1,0,1
p001354,cnet.com,elb.the-ozone-project.com,response,2.6-202606,True,0,0,0
p001355,zdnet.com,elb.the-ozone-project.com,response,2.6-202606,True,4,0,4
p001356,zdnet.com,elb.the-ozone-project.com,response,2.6-202606,True,1,0,1
p001357,zdnet.com,elb.the-ozone-project.com,response,2.6-202606,True,0,0,0
p001358,pcmag.com,elb.the-ozone-project.com,response,2.6-202606,True,1,0,1
p001359,pcmag.com,elb.the-ozone-project.com,response,2.6-202606,True,0,0,0
p001360,pcmag.com,elb.the-ozone-project.com,response,2.6-202606,True,0,0,0
p001361,pcmag.com,elb.the-ozone-project.com,response,2.6-202606,True,0,0,0
p001362,pcmag.com,elb.the-ozone-project.com,response,2.6-202606,True,0,0,0
p001363,pcmag.com,elb.the-ozone-project.com,response,2.6-202606,True,0,0,0
p001364,pcmag.com,elb.the-ozone-project.com,response,2.6-202606,True,0,0,0
p001365,makeuseof.com,elb.the-ozone-project.com,response,2.6-202606,True,0,0,0
p001366,makeuseof.com,elb.the-ozone-project.com,response,2.6-202606,True,0,0,0
p001367,ign.com,elb.the-ozone-project.com,response,2.6-202606,True,2,0,2
p001368,gamespot.com,elb.the-ozone-project.com,response,2.6-202606,True,0,0,0
p001369,gamespot.com,elb.the-ozone-project.com,response,2.6-202606,True,1,0,1
p001370,gamespot.com,elb.the-ozone-project.com,response,2.6-202606,True,2,0,2
p001371,gamespot.com,elb.the-ozone-project.com,response,2.6-202606,True,1,0,1
p001372,gamespot.com,elb.the-ozone-project.com,response,2.6-202606,True,2,0,2
p001373,rockpapershotgun.com,elb.the-ozone-project.com,response,2.6-202606,True,0,0,0
p001374,rockpapershotgun.com,elb.the-ozone-project.com,response,2.6-202606,True,1,0,1
p001375,rockpapershotgun.com,elb.the-ozone-project.com,response,2.6-202606,True,1,0,1
p001376,rockpapershotgun.com,elb.the-ozone-project.com,response,2.6-202606,True,0,0,0
p001377,eurogamer.net,elb.the-ozone-project.com,response,2.6-202606,True,0,0,0
p001378,eurogamer.net,elb.the-ozone-project.com,response,2.6-202606,True,3,0,3
p001379,eurogamer.net,elb.the-ozone-project.com,response,2.6-202606,True,1,0,1
p001380,eurogamer.net,elb.the-ozone-project.com,response,2.6-202606,True,1,0,1
p001381,eurogamer.net,elb.the-ozone-project.com,response,2.6-202606,True,0,0,0
p001382,rockpapershotgun.com,elb.the-ozone-project.com,response,2.6-202606,True,0,0,0
p001383,rockpapershotgun.com,elb.the-ozone-project.com,response,2.6-202606,True,0,0,0
p001384,rockpapershotgun.com,elb.the-ozone-project.com,response,2.6-202606,True,0,0,0
p001385,rockpapershotgun.com,elb.the-ozone-project.com,response,2.6-202606,True,0,0,0
p001386,rockpapershotgun.com,elb.the-ozone-project.com,response,2.6-202606,True,0,0,0
p001387,vg247.com,elb.the-ozone-project.com,response,2.6-202606,True,0,0,0
p001388,vg247.com,elb.the-ozone-project.com,response,2.6-202606,True,2,0,2
p001389,eurogamer.net,elb.the-ozone-project.com,response,2.6-202606,True,2,0,2
p001390,eurogamer.net,elb.the-ozone-project.com,response,2.6-202606,True,0,0,0
p001391,rockpapershotgun.com,elb.the-ozone-project.com,response,2.6-202606,True,0,0,0
p001392,eurogamer.net,elb.the-ozone-project.com,response,2.6-202606,True,0,0,0
p001393,vg247.com,elb.the-ozone-project.com,response,2.6-202606,True,0,0,0
p001394,eurogamer.net,elb.the-ozone-project.com,response,2.6-202606,True,0,0,0
p001395,eurogamer.net,elb.the-ozone-project.com,response,2.6-202606,True,0,0,0
p001396,vg247.com,elb.the-ozone-project.com,response,2.6-202606,True,0,0,0
p001397,vg247.com,elb.the-ozone-project.com,response,2.6-202606,True,0,0,0
p001398,vg247.com,elb.the-ozone-project.com,response,2.6-202606,True,0,0,0
p001399,vg247.com,elb.the-ozone-project.com,response,2.6-202606,True,0,0,0
p001400,sportingnews.com,elb.the-ozone-project.com,response,2.6-202606,True,0,0,0
p001401,goal.com,elb.the-ozone-project.com,response,2.6-202606,True,2,0,2
p001402,timeout.com,elb.the-ozone-project.com,response,2.6-202606,True,0,0,0
p001403,timeout.com,elb.the-ozone-project.com,response,2.6-202606,True,0,0,0
p001404,timeout.com,elb.the-ozone-project.com,response,2.6-202606,True,0,0,0
p001405,timeout.com,elb.the-ozone-project.com,response,2.6-202606,True,0,0,0
p001406,buzzfeed.com,elb.the-ozone-project.com,response,2.6-202606,True,1,0,1
p001407,buzzfeed.com,elb.the-ozone-project.com,response,2.6-202606,True,1,0,1
p001408,buzzfeed.com,elb.the-ozone-project.com,response,2.6-202606,True,1,0,1
p001409,buzzfeed.com,elb.the-ozone-project.com,response,2.6-202606,True,0,0,0
p001410,buzzfeed.com,elb.the-ozone-project.com,response,2.6-202606,True,1,0,1
p001411,buzzfeed.com,elb.the-ozone-project.com,response,2.6-202606,True,0,0,0
p001412,buzzfeed.com,elb.the-ozone-project.com,response,2.6-202606,True,0,0,0
p001413,buzzfeed.com,elb.the-ozone-project.com,response,2.6-202606,True,1,0,1
p001414,buzzfeed.com,elb.the-ozone-project.com,response,2.6-202606,True,0,0,0
p001415,buzzfeed.com,elb.the-ozone-project.com,response,2.6-202606,True,1,0,1
p001416,buzzfeed.com,elb.the-ozone-project.com,response,2.6-202606,True,0,0,0
p001417,buzzfeed.com,elb.the-ozone-project.com,response,2.6-202606,True,1,0,1
p001418,buzzfeed.com,elb.the-ozone-project.com,response,2.6-202606,True,1,0,1
p001419,buzzfeed.com,elb.the-ozone-project.com,response,2.6-202606,True,0,0,0
p001420,buzzfeed.com,elb.the-ozone-project.com,response,2.6-202606,True,0,0,0
p001421,looper.com,elb.the-ozone-project.com,response,2.6-202606,True,0,0,0
p001422,dexerto.com,ex.ingage.tech,request,2.6-202606,False,1,1,0
p001423,dexerto.com,ex.ingage.tech,request,2.6-202606,False,1,1,0
p001424,dexerto.com,ex.ingage.tech,request,2.6-202606,False,1,1,0
p001425,time.com,exchange.postrelease.com,request,2.6-202606,False,1,1,0
p001426,time.com,exchange.postrelease.com,request,2.6-202606,False,1,1,0
p001427,time.com,exchange.postrelease.com,request,2.6-202606,False,1,1,0
p001428,time.com,exchange.postrelease.com,request,2.6-202606,False,1,1,0
p001429,time.com,exchange.postrelease.com,request,2.6-202606,False,1,1,0
p001430,salon.com,exchange.postrelease.com,request,2.6-202606,True,0,0,0
p001431,salon.com,exchange.postrelease.com,request,2.6-202606,True,0,0,0
p001432,salon.com,exchange.postrelease.com,request,2.6-202606,True,0,0,0
p001433,salon.com,exchange.postrelease.com,request,2.6-202606,True,0,0,0
p001434,salon.com,exchange.postrelease.com,request,2.6-202606,True,0,0,0
p001435,salon.com,exchange.postrelease.com,request,2.6-202606,True,0,0,0
p001436,salon.com,exchange.postrelease.com,request,2.6-202606,True,0,0,0
p001437,salon.com,exchange.postrelease.com,request,2.6-202606,True,0,0,0
p001438,salon.com,exchange.postrelease.com,request,2.6-202606,True,0,0,0
p001439,salon.com,exchange.postrelease.com,request,2.6-202606,True,0,0,0
p001440,salon.com,exchange.postrelease.com,request,2.6-202606,True,0,0,0
p001441,salon.com,exchange.postrelease.com,request,2.6-202606,True,0,0,0
p001442,engadget.com,exchange.postrelease.com,request,2.6-202606,True,0,0,0
p001443,engadget.com,exchange.postrelease.com,request,2.6-202606,True,0,0,0
p001444,macrumors.com,exchange.postrelease.com,request,2.6-202606,True,0,0,0
p001445,macrumors.com,exchange.postrelease.com,request,2.6-202606,True,0,0,0
p001446,macrumors.com,exchange.postrelease.com,request,2.6-202606,True,0,0,0
p001447,macrumors.com,exchange.postrelease.com,request,2.6-202606,True,0,0,0
p001448,macrumors.com,exchange.postrelease.com,request,2.6-202606,True,0,0,0
p001449,macrumors.com,exchange.postrelease.com,request,2.6-202606,True,0,0,0
p001450,macrumors.com,exchange.postrelease.com,request,2.6-202606,True,0,0,0
p001451,macrumors.com,exchange.postrelease.com,request,2.6-202606,True,0,0,0
p001452,macrumors.com,exchange.postrelease.com,request,2.6-202606,True,0,0,0
p001453,macrumors.com,exchange.postrelease.com,request,2.6-202606,True,0,0,0
p001454,macrumors.com,exchange.postrelease.com,request,2.6-202606,True,0,0,0
p001455,macrumors.com,exchange.postrelease.com,request,2.6-202606,True,0,0,0
p001456,macrumors.com,exchange.postrelease.com,request,2.6-202606,True,0,0,0
p001457,macrumors.com,exchange.postrelease.com,request,2.6-202606,True,0,0,0
p001458,macrumors.com,exchange.postrelease.com,request,2.6-202606,True,0,0,0
p001459,macrumors.com,exchange.postrelease.com,request,2.6-202606,True,0,0,0
p001460,macrumors.com,exchange.postrelease.com,request,2.6-202606,True,0,0,0
p001461,macrumors.com,exchange.postrelease.com,request,2.6-202606,True,0,0,0
p001462,macrumors.com,exchange.postrelease.com,request,2.6-202606,True,0,0,0
p001463,macrumors.com,exchange.postrelease.com,request,2.6-202606,True,0,0,0
p001464,macrumors.com,exchange.postrelease.com,request,2.6-202606,True,0,0,0
p001465,macrumors.com,exchange.postrelease.com,request,2.6-202606,True,0,0,0
p001466,si.com,exchange.postrelease.com,request,2.6-202606,True,0,0,0
p001467,benzinga.com,exchange.postrelease.com,request,2.6-202606,True,0,0,0
p001468,benzinga.com,exchange.postrelease.com,request,2.6-202606,True,0,0,0
p001469,stereogum.com,exchange.postrelease.com,request,2.6-202606,True,0,0,0
p001470,stereogum.com,exchange.postrelease.com,request,2.6-202606,True,0,0,0
p001471,stereogum.com,exchange.postrelease.com,request,2.6-202606,True,0,0,0
p001472,ranker.com,exchange.postrelease.com,request,2.6-202606,True,0,0,0
p001473,grunge.com,exchange.postrelease.com,request,2.6-202606,True,0,0,0
p001474,grunge.com,exchange.postrelease.com,request,2.6-202606,True,0,0,0
p001475,grunge.com,exchange.postrelease.com,request,2.6-202606,True,0,0,0
p001476,grunge.com,exchange.postrelease.com,request,2.6-202606,True,0,0,0
p001477,grunge.com,exchange.postrelease.com,request,2.6-202606,True,0,0,0
p001478,grunge.com,exchange.postrelease.com,request,2.6-202606,True,0,0,0
p001479,grunge.com,exchange.postrelease.com,request,2.6-202606,True,0,0,0
p001480,grunge.com,exchange.postrelease.com,request,2.6-202606,True,0,0,0
p001481,grunge.com,exchange.postrelease.com,request,2.6-202606,True,0,0,0
p001482,grunge.com,exchange.postrelease.com,request,2.6-202606,True,0,0,0
p001483,slashfilm.com,exchange.postrelease.com,request,2.6-202606,True,0,0,0
p001484,slashfilm.com,exchange.postrelease.com,request,2.6-202606,True,0,0,0
p001485,mashed.com,exchange.postrelease.com,request,2.6-202606,True,0,0,0
p001486,tastingtable.com,exchange.postrelease.com,request,2.6-202606,True,0,0,0
p001487,thehill.com,exchange.postrelease.com,request,2.6-202606,True,0,0,0
p001488,independent.co.uk,fast.nexx360.io,request,2.6-202606,False,2,1,1
p001489,independent.co.uk,fast.nexx360.io,request,2.6-202606,False,2,1,1
p001490,sportingnews.com,fast.nexx360.io,request,2.6-202606,True,0,0,0
p001491,usmagazine.com,fast.nexx360.io,request,2.6-202606,True,0,0,0
p001492,usmagazine.com,fast.nexx360.io,request,2.6-202606,True,0,0,0
p001493,usmagazine.com,fast.nexx360.io,request,2.6-202606,True,0,0,0
p001494,usmagazine.com,fast.nexx360.io,request,2.6-202606,True,0,0,0
p001495,usmagazine.com,fast.nexx360.io,request,2.6-202606,True,0,0,0
p001496,ladbible.com,fast.nexx360.io,request,2.6-202606,False,1,1,0
p001497,ladbible.com,fast.nexx360.io,request,2.6-202606,False,1,1,0
p001498,unilad.com,fast.nexx360.io,request,2.6-202606,True,1,0,1
p001499,unilad.com,fast.nexx360.io,request,2.6-202606,False,1,1,0
p001500,unilad.com,fast.nexx360.io,request,2.6-202606,False,1,1,0
p001501,unilad.com,fast.nexx360.io,request,2.6-202606,False,1,1,0
p001502,unilad.com,fast.nexx360.io,request,2.6-202606,False,1,1,0
p001503,unilad.com,fast.nexx360.io,request,2.6-202606,True,1,0,1
p001504,unilad.com,fast.nexx360.io,request,2.6-202606,False,1,1,0
p001505,unilad.com,fast.nexx360.io,request,2.6-202606,False,1,1,0
p001506,unilad.com,fast.nexx360.io,request,2.6-202606,False,1,1,0
p001507,unilad.com,fast.nexx360.io,request,2.6-202606,False,1,1,0
p001508,sportingnews.com,fast.nexx360.io,response,2.6-202606,False,1,1,0
p001509,businessinsider.com,fastlane.rubiconproject.com,request,2.6-202606,True,0,0,0
p001510,businessinsider.com,fastlane.rubiconproject.com,request,2.6-202606,True,0,0,0
p001511,businessinsider.com,fastlane.rubiconproject.com,request,2.6-202606,True,0,0,0
p001512,businessinsider.com,fastlane.rubiconproject.com,request,2.6-202606,True,0,0,0
p001513,huffpost.com,fastlane.rubiconproject.com,request,2.6-202606,True,0,0,0
p001514,huffpost.com,fastlane.rubiconproject.com,request,2.6-202606,True,1,0,1
p001515,huffpost.com,fastlane.rubiconproject.com,request,2.6-202606,True,0,0,0
p001516,huffpost.com,fastlane.rubiconproject.com,request,2.6-202606,True,1,0,1
p001517,huffpost.com,fastlane.rubiconproject.com,request,2.6-202606,True,1,0,1
p001518,huffpost.com,fastlane.rubiconproject.com,request,2.6-202606,True,0,0,0
p001519,huffpost.com,fastlane.rubiconproject.com,request,2.6-202606,True,1,0,1
p001520,huffpost.com,fastlane.rubiconproject.com,request,2.6-202606,True,0,0,0
p001521,huffpost.com,fastlane.rubiconproject.com,request,2.6-202606,True,0,0,0
p001522,huffpost.com,fastlane.rubiconproject.com,request,2.6-202606,True,1,0,1
p001523,huffpost.com,fastlane.rubiconproject.com,request,2.6-202606,True,0,0,0
p001524,huffpost.com,fastlane.rubiconproject.com,request,2.6-202606,True,0,0,0
p001525,huffpost.com,fastlane.rubiconproject.com,request,2.6-202606,True,1,0,1
p001526,huffpost.com,fastlane.rubiconproject.com,request,2.6-202606,True,0,0,0
p001527,huffpost.com,fastlane.rubiconproject.com,request,2.6-202606,True,0,0,0
p001528,nbcnews.com,fastlane.rubiconproject.com,request,2.6-202606,True,0,0,0
p001529,nbcnews.com,fastlane.rubiconproject.com,request,2.6-202606,True,0,0,0
p001530,abcnews.go.com,fastlane.rubiconproject.com,request,2.6-202606,True,0,0,0
p001531,vox.com,fastlane.rubiconproject.com,request,2.6-202606,True,0,0,0
p001532,vox.com,fastlane.rubiconproject.com,request,2.6-202606,True,0,0,0
p001533,vox.com,fastlane.rubiconproject.com,request,2.6-202606,True,0,0,0
p001534,vox.com,fastlane.rubiconproject.com,request,2.6-202606,True,0,0,0
p001535,vox.com,fastlane.rubiconproject.com,request,2.6-202606,True,0,0,0
p001536,vox.com,fastlane.rubiconproject.com,request,2.6-202606,True,0,0,0
p001537,theverge.com,fastlane.rubiconproject.com,request,2.6-202606,True,0,0,0
p001538,theverge.com,fastlane.rubiconproject.com,request,2.6-202606,True,0,0,0
p001539,theverge.com,fastlane.rubiconproject.com,request,2.6-202606,True,0,0,0
p001540,theverge.com,fastlane.rubiconproject.com,request,2.6-202606,True,0,0,0
p001541,theverge.com,fastlane.rubiconproject.com,request,2.6-202606,True,0,0,0
p001542,theverge.com,fastlane.rubiconproject.com,request,2.6-202606,True,0,0,0
p001543,theverge.com,fastlane.rubiconproject.com,request,2.6-202606,True,0,0,0
p001544,vox.com,fastlane.rubiconproject.com,request,2.6-202606,True,0,0,0
p001545,vox.com,fastlane.rubiconproject.com,request,2.6-202606,True,0,0,0
p001546,vox.com,fastlane.rubiconproject.com,request,2.6-202606,True,0,0,0
p001547,vox.com,fastlane.rubiconproject.com,request,2.6-202606,True,0,0,0
p001548,vox.com,fastlane.rubiconproject.com,request,2.6-202606,True,0,0,0
p001549,vox.com,fastlane.rubiconproject.com,request,2.6-202606,True,0,0,0
p001550,vox.com,fastlane.rubiconproject.com,request,2.6-202606,True,0,0,0
p001551,theverge.com,fastlane.rubiconproject.com,request,2.6-202606,True,0,0,0
p001552,theverge.com,fastlane.rubiconproject.com,request,2.6-202606,True,0,0,0
p001553,theverge.com,fastlane.rubiconproject.com,request,2.6-202606,True,0,0,0
p001554,theverge.com,fastlane.rubiconproject.com,request,2.6-202606,True,0,0,0
p001555,theverge.com,fastlane.rubiconproject.com,request,2.6-202606,True,0,0,0
p001556,bleacherreport.com,fastlane.rubiconproject.com,request,2.6-202606,True,0,0,0
p001557,bleacherreport.com,fastlane.rubiconproject.com,request,2.6-202606,True,0,0,0
p001558,bleacherreport.com,fastlane.rubiconproject.com,request,2.6-202606,True,0,0,0
p001559,bleacherreport.com,fastlane.rubiconproject.com,request,2.6-202606,True,0,0,0
p001560,bleacherreport.com,fastlane.rubiconproject.com,request,2.6-202606,True,0,0,0
p001561,bleacherreport.com,fastlane.rubiconproject.com,request,2.6-202606,True,0,0,0
p001562,bleacherreport.com,fastlane.rubiconproject.com,request,2.6-202606,True,0,0,0
p001563,bleacherreport.com,fastlane.rubiconproject.com,request,2.6-202606,True,0,0,0
p001564,bleacherreport.com,fastlane.rubiconproject.com,request,2.6-202606,True,0,0,0
p001565,bleacherreport.com,fastlane.rubiconproject.com,request,2.6-202606,True,0,0,0
p001566,bleacherreport.com,fastlane.rubiconproject.com,request,2.6-202606,True,0,0,0
p001567,bleacherreport.com,fastlane.rubiconproject.com,request,2.6-202606,True,0,0,0
p001568,bleacherreport.com,fastlane.rubiconproject.com,request,2.6-202606,True,0,0,0
p001569,bleacherreport.com,fastlane.rubiconproject.com,request,2.6-202606,True,0,0,0
p001570,bleacherreport.com,fastlane.rubiconproject.com,request,2.6-202606,True,0,0,0
p001571,bleacherreport.com,fastlane.rubiconproject.com,request,2.6-202606,True,0,0,0
p001572,bleacherreport.com,fastlane.rubiconproject.com,request,2.6-202606,True,0,0,0
p001573,bleacherreport.com,fastlane.rubiconproject.com,request,2.6-202606,True,0,0,0
p001574,bleacherreport.com,fastlane.rubiconproject.com,request,2.6-202606,True,0,0,0
p001575,weather.com,fastlane.rubiconproject.com,request,2.6-202606,True,0,0,0
p001576,weather.com,fastlane.rubiconproject.com,request,2.6-202606,True,0,0,0
p001577,wunderground.com,fastlane.rubiconproject.com,request,2.6-202606,True,0,0,0
p001578,weather.com,fastlane.rubiconproject.com,request,2.6-202606,True,0,0,0
p001579,weather.com,fastlane.rubiconproject.com,request,2.6-202606,True,0,0,0
p001580,wunderground.com,fastlane.rubiconproject.com,request,2.6-202606,True,0,0,0
p001581,delish.com,fastlane.rubiconproject.com,request,2.6-202606,True,0,0,0
p001582,delish.com,fastlane.rubiconproject.com,request,2.6-202606,True,0,0,0
p001583,foodnetwork.com,fastlane.rubiconproject.com,request,2.6-202606,True,0,0,0
p001584,foodnetwork.com,fastlane.rubiconproject.com,request,2.6-202606,True,0,0,0
p001585,delish.com,fastlane.rubiconproject.com,request,2.6-202606,True,0,0,0
p001586,delish.com,fastlane.rubiconproject.com,request,2.6-202606,True,0,0,0
p001587,eonline.com,fastlane.rubiconproject.com,request,2.6-202606,True,0,0,0
p001588,eonline.com,fastlane.rubiconproject.com,request,2.6-202606,True,0,0,0
p001589,eonline.com,fastlane.rubiconproject.com,request,2.6-202606,True,0,0,0
p001590,eonline.com,fastlane.rubiconproject.com,request,2.6-202606,True,0,0,0
p001591,eonline.com,fastlane.rubiconproject.com,request,2.6-202606,True,0,0,0
p001592,eonline.com,fastlane.rubiconproject.com,request,2.6-202606,True,0,0,0
p001593,eonline.com,fastlane.rubiconproject.com,request,2.6-202606,True,0,0,0
p001594,thrillist.com,fastlane.rubiconproject.com,request,2.6-202606,True,0,0,0
p001595,thrillist.com,fastlane.rubiconproject.com,request,2.6-202606,True,0,0,0
p001596,thrillist.com,fastlane.rubiconproject.com,request,2.6-202606,True,0,0,0
p001597,thrillist.com,fastlane.rubiconproject.com,request,2.6-202606,True,0,0,0
p001598,thrillist.com,fastlane.rubiconproject.com,request,2.6-202606,True,0,0,0
p001599,thrillist.com,fastlane.rubiconproject.com,request,2.6-202606,True,0,0,0
p001600,thrillist.com,fastlane.rubiconproject.com,request,2.6-202606,True,0,0,0
p001601,thrillist.com,fastlane.rubiconproject.com,request,2.6-202606,True,0,0,0
p001602,timeout.com,fastlane.rubiconproject.com,request,2.6-202606,False,2,1,1
p001603,timeout.com,fastlane.rubiconproject.com,request,2.6-202606,False,2,1,1
p001604,timeout.com,fastlane.rubiconproject.com,request,2.6-202606,False,1,1,0
p001605,thrillist.com,fastlane.rubiconproject.com,request,2.6-202606,True,0,0,0
p001606,thrillist.com,fastlane.rubiconproject.com,request,2.6-202606,True,0,0,0
p001607,timeout.com,fastlane.rubiconproject.com,request,2.6-202606,True,0,0,0
p001608,timeout.com,fastlane.rubiconproject.com,request,2.6-202606,True,1,0,1
p001609,timeout.com,fastlane.rubiconproject.com,request,2.6-202606,True,1,0,1
p001610,timeout.com,fastlane.rubiconproject.com,request,2.6-202606,True,0,0,0
p001611,timeout.com,fastlane.rubiconproject.com,request,2.6-202606,True,0,0,0
p001612,ladbible.com,fastlane.rubiconproject.com,request,2.6-202606,False,1,1,0
p001613,ladbible.com,fastlane.rubiconproject.com,request,2.6-202606,False,1,1,0
p001614,ladbible.com,fastlane.rubiconproject.com,request,2.6-202606,False,1,1,0
p001615,buzzfeed.com,fastlane.rubiconproject.com,request,2.6-202606,True,0,0,0
p001616,buzzfeed.com,fastlane.rubiconproject.com,request,2.6-202606,True,0,0,0
p001617,buzzfeed.com,fastlane.rubiconproject.com,request,2.6-202606,True,0,0,0
p001618,buzzfeed.com,fastlane.rubiconproject.com,request,2.6-202606,True,0,0,0
p001619,unilad.com,fastlane.rubiconproject.com,request,2.6-202606,False,1,1,0
p001620,unilad.com,fastlane.rubiconproject.com,request,2.6-202606,False,1,1,0
p001621,buzzfeed.com,fastlane.rubiconproject.com,request,2.6-202606,True,0,0,0
p001622,buzzfeed.com,fastlane.rubiconproject.com,request,2.6-202606,True,0,0,0
p001623,unilad.com,fastlane.rubiconproject.com,request,2.6-202606,False,1,1,0
p001624,unilad.com,fastlane.rubiconproject.com,request,2.6-202606,False,1,1,0
p001625,buzzfeed.com,fastlane.rubiconproject.com,request,2.6-202606,True,0,0,0
p001626,buzzfeed.com,fastlane.rubiconproject.com,request,2.6-202606,True,0,0,0
p001627,buzzfeed.com,fastlane.rubiconproject.com,request,2.6-202606,True,1,0,1
p001628,buzzfeed.com,fastlane.rubiconproject.com,request,2.6-202606,True,0,0,0
p001629,buzzfeed.com,fastlane.rubiconproject.com,request,2.6-202606,True,0,0,0
p001630,buzzfeed.com,fastlane.rubiconproject.com,request,2.6-202606,True,0,0,0
p001631,buzzfeed.com,fastlane.rubiconproject.com,request,2.6-202606,True,1,0,1
p001632,buzzfeed.com,fastlane.rubiconproject.com,request,2.6-202606,True,0,0,0
p001633,buzzfeed.com,fastlane.rubiconproject.com,request,2.6-202606,True,1,0,1
p001634,buzzfeed.com,fastlane.rubiconproject.com,request,2.6-202606,True,0,0,0
p001635,buzzfeed.com,fastlane.rubiconproject.com,request,2.6-202606,True,1,0,1
p001636,buzzfeed.com,fastlane.rubiconproject.com,request,2.6-202606,True,0,0,0
p001637,businessinsider.com,fastlane.rubiconproject.com,response,2.6-202606,False,1,1,0
p001638,businessinsider.com,fastlane.rubiconproject.com,response,2.6-202606,False,1,1,0
p001639,businessinsider.com,fastlane.rubiconproject.com,response,2.6-202606,False,1,1,0
p001640,businessinsider.com,fastlane.rubiconproject.com,response,2.6-202606,True,0,0,0
p001641,huffpost.com,fastlane.rubiconproject.com,response,2.6-202606,False,1,1,0
p001642,huffpost.com,fastlane.rubiconproject.com,response,2.6-202606,False,1,1,0
p001643,huffpost.com,fastlane.rubiconproject.com,response,2.6-202606,False,1,1,0
p001644,huffpost.com,fastlane.rubiconproject.com,response,2.6-202606,False,1,1,0
p001645,huffpost.com,fastlane.rubiconproject.com,response,2.6-202606,False,1,1,0
p001646,huffpost.com,fastlane.rubiconproject.com,response,2.6-202606,False,1,1,0
p001647,huffpost.com,fastlane.rubiconproject.com,response,2.6-202606,False,1,1,0
p001648,huffpost.com,fastlane.rubiconproject.com,response,2.6-202606,False,1,1,0
p001649,huffpost.com,fastlane.rubiconproject.com,response,2.6-202606,False,1,1,0
p001650,huffpost.com,fastlane.rubiconproject.com,response,2.6-202606,False,1,1,0
p001651,huffpost.com,fastlane.rubiconproject.com,response,2.6-202606,False,1,1,0
p001652,huffpost.com,fastlane.rubiconproject.com,response,2.6-202606,False,1,1,0
p001653,huffpost.com,fastlane.rubiconproject.com,response,2.6-202606,False,1,1,0
p001654,huffpost.com,fastlane.rubiconproject.com,response,2.6-202606,False,1,1,0
p001655,huffpost.com,fastlane.rubiconproject.com,response,2.6-202606,False,1,1,0
p001656,nbcnews.com,fastlane.rubiconproject.com,response,2.6-202606,False,1,1,0
p001657,nbcnews.com,fastlane.rubiconproject.com,response,2.6-202606,False,1,1,0
p001658,abcnews.go.com,fastlane.rubiconproject.com,response,2.6-202606,False,1,1,0
p001659,vox.com,fastlane.rubiconproject.com,response,2.6-202606,False,1,1,0
p001660,vox.com,fastlane.rubiconproject.com,response,2.6-202606,False,1,1,0
p001661,vox.com,fastlane.rubiconproject.com,response,2.6-202606,False,1,1,0
p001662,vox.com,fastlane.rubiconproject.com,response,2.6-202606,False,1,1,0
p001663,vox.com,fastlane.rubiconproject.com,response,2.6-202606,False,1,1,0
p001664,vox.com,fastlane.rubiconproject.com,response,2.6-202606,False,1,1,0
p001665,theverge.com,fastlane.rubiconproject.com,response,2.6-202606,False,1,1,0
p001666,theverge.com,fastlane.rubiconproject.com,response,2.6-202606,False,1,1,0
p001667,theverge.com,fastlane.rubiconproject.com,response,2.6-202606,False,1,1,0
p001668,theverge.com,fastlane.rubiconproject.com,response,2.6-202606,False,1,1,0
p001669,theverge.com,fastlane.rubiconproject.com,response,2.6-202606,False,1,1,0
p001670,theverge.com,fastlane.rubiconproject.com,response,2.6-202606,False,1,1,0
p001671,theverge.com,fastlane.rubiconproject.com,response,2.6-202606,False,1,1,0
p001672,vox.com,fastlane.rubiconproject.com,response,2.6-202606,False,1,1,0
p001673,vox.com,fastlane.rubiconproject.com,response,2.6-202606,False,1,1,0
p001674,vox.com,fastlane.rubiconproject.com,response,2.6-202606,False,1,1,0
p001675,vox.com,fastlane.rubiconproject.com,response,2.6-202606,False,1,1,0
p001676,vox.com,fastlane.rubiconproject.com,response,2.6-202606,False,1,1,0
p001677,vox.com,fastlane.rubiconproject.com,response,2.6-202606,False,1,1,0
p001678,vox.com,fastlane.rubiconproject.com,response,2.6-202606,False,1,1,0
p001679,theverge.com,fastlane.rubiconproject.com,response,2.6-202606,False,1,1,0
p001680,theverge.com,fastlane.rubiconproject.com,response,2.6-202606,False,1,1,0
p001681,theverge.com,fastlane.rubiconproject.com,response,2.6-202606,False,1,1,0
p001682,theverge.com,fastlane.rubiconproject.com,response,2.6-202606,False,1,1,0
p001683,theverge.com,fastlane.rubiconproject.com,response,2.6-202606,False,1,1,0
p001684,bleacherreport.com,fastlane.rubiconproject.com,response,2.6-202606,False,1,1,0
p001685,bleacherreport.com,fastlane.rubiconproject.com,response,2.6-202606,False,1,1,0
p001686,bleacherreport.com,fastlane.rubiconproject.com,response,2.6-202606,False,1,1,0
p001687,bleacherreport.com,fastlane.rubiconproject.com,response,2.6-202606,False,1,1,0
p001688,bleacherreport.com,fastlane.rubiconproject.com,response,2.6-202606,False,1,1,0
p001689,bleacherreport.com,fastlane.rubiconproject.com,response,2.6-202606,False,1,1,0
p001690,bleacherreport.com,fastlane.rubiconproject.com,response,2.6-202606,False,1,1,0
p001691,bleacherreport.com,fastlane.rubiconproject.com,response,2.6-202606,False,1,1,0
p001692,bleacherreport.com,fastlane.rubiconproject.com,response,2.6-202606,False,1,1,0
p001693,bleacherreport.com,fastlane.rubiconproject.com,response,2.6-202606,False,1,1,0
p001694,bleacherreport.com,fastlane.rubiconproject.com,response,2.6-202606,False,1,1,0
p001695,bleacherreport.com,fastlane.rubiconproject.com,response,2.6-202606,False,1,1,0
p001696,bleacherreport.com,fastlane.rubiconproject.com,response,2.6-202606,False,1,1,0
p001697,bleacherreport.com,fastlane.rubiconproject.com,response,2.6-202606,False,1,1,0
p001698,bleacherreport.com,fastlane.rubiconproject.com,response,2.6-202606,False,1,1,0
p001699,bleacherreport.com,fastlane.rubiconproject.com,response,2.6-202606,False,1,1,0
p001700,bleacherreport.com,fastlane.rubiconproject.com,response,2.6-202606,False,1,1,0
p001701,bleacherreport.com,fastlane.rubiconproject.com,response,2.6-202606,False,1,1,0
p001702,bleacherreport.com,fastlane.rubiconproject.com,response,2.6-202606,False,1,1,0
p001703,weather.com,fastlane.rubiconproject.com,response,2.6-202606,False,1,1,0
p001704,weather.com,fastlane.rubiconproject.com,response,2.6-202606,False,1,1,0
p001705,weather.com,fastlane.rubiconproject.com,response,2.6-202606,False,1,1,0
p001706,wunderground.com,fastlane.rubiconproject.com,response,2.6-202606,False,1,1,0
p001707,weather.com,fastlane.rubiconproject.com,response,2.6-202606,False,1,1,0
p001708,wunderground.com,fastlane.rubiconproject.com,response,2.6-202606,False,1,1,0
p001709,delish.com,fastlane.rubiconproject.com,response,2.6-202606,False,1,1,0
p001710,delish.com,fastlane.rubiconproject.com,response,2.6-202606,False,1,1,0
p001711,foodnetwork.com,fastlane.rubiconproject.com,response,2.6-202606,False,1,1,0
p001712,delish.com,fastlane.rubiconproject.com,response,2.6-202606,False,1,1,0
p001713,foodnetwork.com,fastlane.rubiconproject.com,response,2.6-202606,False,1,1,0
p001714,delish.com,fastlane.rubiconproject.com,response,2.6-202606,False,1,1,0
p001715,eonline.com,fastlane.rubiconproject.com,response,2.6-202606,False,1,1,0
p001716,eonline.com,fastlane.rubiconproject.com,response,2.6-202606,False,1,1,0
p001717,eonline.com,fastlane.rubiconproject.com,response,2.6-202606,False,1,1,0
p001718,eonline.com,fastlane.rubiconproject.com,response,2.6-202606,False,1,1,0
p001719,eonline.com,fastlane.rubiconproject.com,response,2.6-202606,False,1,1,0
p001720,eonline.com,fastlane.rubiconproject.com,response,2.6-202606,False,1,1,0
p001721,eonline.com,fastlane.rubiconproject.com,response,2.6-202606,False,1,1,0
p001722,thrillist.com,fastlane.rubiconproject.com,response,2.6-202606,False,1,1,0
p001723,thrillist.com,fastlane.rubiconproject.com,response,2.6-202606,False,1,1,0
p001724,thrillist.com,fastlane.rubiconproject.com,response,2.6-202606,False,1,1,0
p001725,thrillist.com,fastlane.rubiconproject.com,response,2.6-202606,False,1,1,0
p001726,thrillist.com,fastlane.rubiconproject.com,response,2.6-202606,False,1,1,0
p001727,thrillist.com,fastlane.rubiconproject.com,response,2.6-202606,False,1,1,0
p001728,thrillist.com,fastlane.rubiconproject.com,response,2.6-202606,False,1,1,0
p001729,thrillist.com,fastlane.rubiconproject.com,response,2.6-202606,False,1,1,0
p001730,timeout.com,fastlane.rubiconproject.com,response,2.6-202606,False,1,1,0
p001731,timeout.com,fastlane.rubiconproject.com,response,2.6-202606,False,1,1,0
p001732,timeout.com,fastlane.rubiconproject.com,response,2.6-202606,False,1,1,0
p001733,thrillist.com,fastlane.rubiconproject.com,response,2.6-202606,False,1,1,0
p001734,thrillist.com,fastlane.rubiconproject.com,response,2.6-202606,False,1,1,0
p001735,timeout.com,fastlane.rubiconproject.com,response,2.6-202606,False,1,1,0
p001736,timeout.com,fastlane.rubiconproject.com,response,2.6-202606,False,1,1,0
p001737,timeout.com,fastlane.rubiconproject.com,response,2.6-202606,False,1,1,0
p001738,timeout.com,fastlane.rubiconproject.com,response,2.6-202606,False,1,1,0
p001739,timeout.com,fastlane.rubiconproject.com,response,2.6-202606,False,1,1,0
p001740,ladbible.com,fastlane.rubiconproject.com,response,2.6-202606,False,1,1,0
p001741,ladbible.com,fastlane.rubiconproject.com,response,2.6-202606,False,1,1,0
p001742,ladbible.com,fastlane.rubiconproject.com,response,2.6-202606,False,1,1,0
p001743,buzzfeed.com,fastlane.rubiconproject.com,response,2.6-202606,False,1,1,0
p001744,buzzfeed.com,fastlane.rubiconproject.com,response,2.6-202606,False,1,1,0
p001745,buzzfeed.com,fastlane.rubiconproject.com,response,2.6-202606,False,1,1,0
p001746,buzzfeed.com,fastlane.rubiconproject.com,response,2.6-202606,False,1,1,0
p001747,unilad.com,fastlane.rubiconproject.com,response,2.6-202606,False,1,1,0
p001748,unilad.com,fastlane.rubiconproject.com,response,2.6-202606,False,1,1,0
p001749,buzzfeed.com,fastlane.rubiconproject.com,response,2.6-202606,False,1,1,0
p001750,buzzfeed.com,fastlane.rubiconproject.com,response,2.6-202606,False,1,1,0
p001751,buzzfeed.com,fastlane.rubiconproject.com,response,2.6-202606,False,1,1,0
p001752,unilad.com,fastlane.rubiconproject.com,response,2.6-202606,False,1,1,0
p001753,unilad.com,fastlane.rubiconproject.com,response,2.6-202606,False,1,1,0
p001754,buzzfeed.com,fastlane.rubiconproject.com,response,2.6-202606,False,1,1,0
p001755,buzzfeed.com,fastlane.rubiconproject.com,response,2.6-202606,False,1,1,0
p001756,buzzfeed.com,fastlane.rubiconproject.com,response,2.6-202606,False,1,1,0
p001757,buzzfeed.com,fastlane.rubiconproject.com,response,2.6-202606,False,1,1,0
p001758,buzzfeed.com,fastlane.rubiconproject.com,response,2.6-202606,False,1,1,0
p001759,buzzfeed.com,fastlane.rubiconproject.com,response,2.6-202606,False,1,1,0
p001760,buzzfeed.com,fastlane.rubiconproject.com,response,2.6-202606,False,1,1,0
p001761,buzzfeed.com,fastlane.rubiconproject.com,response,2.6-202606,False,1,1,0
p001762,buzzfeed.com,fastlane.rubiconproject.com,response,2.6-202606,False,1,1,0
p001763,buzzfeed.com,fastlane.rubiconproject.com,response,2.6-202606,False,1,1,0
p001764,buzzfeed.com,fastlane.rubiconproject.com,response,2.6-202606,False,1,1,0
p001765,goal.com,footballco-s2s.lngtd.com,request,2.6-202606,False,3,3,0
p001766,goal.com,footballco-s2s.lngtd.com,request,2.6-202606,False,3,3,0
p001767,goal.com,footballco-s2s.lngtd.com,response,2.6-202606,True,0,0,0
p001768,goal.com,footballco-s2s.lngtd.com,response,2.6-202606,True,1,0,1
p001769,thedailybeast.com,grid-bidder.criteo.com,request,2.6-202606,False,4,4,0
p001770,thedailybeast.com,grid-bidder.criteo.com,request,2.6-202606,True,0,0,0
p001771,thedailybeast.com,grid-bidder.criteo.com,request,2.6-202606,True,0,0,0
p001772,thedailybeast.com,grid-bidder.criteo.com,request,2.6-202606,False,2,2,0
p001773,thedailybeast.com,grid-bidder.criteo.com,request,2.6-202606,False,6,6,0
p001774,standard.co.uk,grid-bidder.criteo.com,request,2.6-202606,False,3,3,0
p001775,standard.co.uk,grid-bidder.criteo.com,request,2.6-202606,False,3,3,0
p001776,standard.co.uk,grid-bidder.criteo.com,request,2.6-202606,False,3,3,0
p001777,salon.com,grid-bidder.criteo.com,request,2.6-202606,True,0,0,0
p001778,salon.com,grid-bidder.criteo.com,request,2.6-202606,True,0,0,0
p001779,salon.com,grid-bidder.criteo.com,request,2.6-202606,True,0,0,0
p001780,salon.com,grid-bidder.criteo.com,request,2.6-202606,True,0,0,0
p001781,salon.com,grid-bidder.criteo.com,request,2.6-202606,True,0,0,0
p001782,salon.com,grid-bidder.criteo.com,request,2.6-202606,False,2,1,1
p001783,salon.com,grid-bidder.criteo.com,request,2.6-202606,False,3,3,0
p001784,salon.com,grid-bidder.criteo.com,request,2.6-202606,False,2,1,1
p001785,salon.com,grid-bidder.criteo.com,request,2.6-202606,False,5,4,1
p001786,salon.com,grid-bidder.criteo.com,request,2.6-202606,False,3,3,0
p001787,salon.com,grid-bidder.criteo.com,request,2.6-202606,False,3,3,0
p001788,salon.com,grid-bidder.criteo.com,request,2.6-202606,False,3,3,0
p001789,salon.com,grid-bidder.criteo.com,request,2.6-202606,False,3,3,0
p001790,salon.com,grid-bidder.criteo.com,request,2.6-202606,False,3,3,0
p001791,salon.com,grid-bidder.criteo.com,request,2.6-202606,False,2,1,1
p001792,salon.com,grid-bidder.criteo.com,request,2.6-202606,False,2,1,1
p001793,salon.com,grid-bidder.criteo.com,request,2.6-202606,False,3,3,0
p001794,salon.com,grid-bidder.criteo.com,request,2.6-202606,False,2,1,1
p001795,salon.com,grid-bidder.criteo.com,request,2.6-202606,False,2,1,1
p001796,engadget.com,grid-bidder.criteo.com,request,2.6-202606,True,0,0,0
p001797,engadget.com,grid-bidder.criteo.com,request,2.6-202606,False,2,1,1
p001798,engadget.com,grid-bidder.criteo.com,request,2.6-202606,False,2,1,1
p001799,engadget.com,grid-bidder.criteo.com,request,2.6-202606,True,0,0,0
p001800,engadget.com,grid-bidder.criteo.com,request,2.6-202606,False,2,1,1
p001801,engadget.com,grid-bidder.criteo.com,request,2.6-202606,False,2,1,1
p001802,macrumors.com,grid-bidder.criteo.com,request,2.6-202606,True,0,0,0
p001803,macrumors.com,grid-bidder.criteo.com,request,2.6-202606,True,0,0,0
p001804,macrumors.com,grid-bidder.criteo.com,request,2.6-202606,False,5,4,1
p001805,macrumors.com,grid-bidder.criteo.com,request,2.6-202606,True,0,0,0
p001806,macrumors.com,grid-bidder.criteo.com,request,2.6-202606,False,3,3,0
p001807,macrumors.com,grid-bidder.criteo.com,request,2.6-202606,False,3,3,0
p001808,macrumors.com,grid-bidder.criteo.com,request,2.6-202606,False,3,3,0
p001809,macrumors.com,grid-bidder.criteo.com,request,2.6-202606,False,3,3,0
p001810,macrumors.com,grid-bidder.criteo.com,request,2.6-202606,True,0,0,0
p001811,macrumors.com,grid-bidder.criteo.com,request,2.6-202606,False,3,3,0
p001812,macrumors.com,grid-bidder.criteo.com,request,2.6-202606,False,3,3,0
p001813,macrumors.com,grid-bidder.criteo.com,request,2.6-202606,False,3,3,0
p001814,macrumors.com,grid-bidder.criteo.com,request,2.6-202606,False,3,3,0
p001815,macrumors.com,grid-bidder.criteo.com,request,2.6-202606,True,0,0,0
p001816,macrumors.com,grid-bidder.criteo.com,request,2.6-202606,True,0,0,0
p001817,macrumors.com,grid-bidder.criteo.com,request,2.6-202606,False,5,4,1
p001818,macrumors.com,grid-bidder.criteo.com,request,2.6-202606,False,3,3,0
p001819,macrumors.com,grid-bidder.criteo.com,request,2.6-202606,True,0,0,0
p001820,macrumors.com,grid-bidder.criteo.com,request,2.6-202606,False,3,3,0
p001821,macrumors.com,grid-bidder.criteo.com,request,2.6-202606,False,3,3,0
p001822,macrumors.com,grid-bidder.criteo.com,request,2.6-202606,False,3,3,0
p001823,macrumors.com,grid-bidder.criteo.com,request,2.6-202606,False,3,3,0
p001824,macrumors.com,grid-bidder.criteo.com,request,2.6-202606,False,3,3,0
p001825,macrumors.com,grid-bidder.criteo.com,request,2.6-202606,False,3,3,0
p001826,si.com,grid-bidder.criteo.com,request,2.6-202606,True,0,0,0
p001827,goal.com,grid-bidder.criteo.com,request,2.6-202606,True,5,0,5
p001828,goal.com,grid-bidder.criteo.com,request,2.6-202606,True,5,0,5
p001829,goal.com,grid-bidder.criteo.com,request,2.6-202606,True,5,0,5
p001830,benzinga.com,grid-bidder.criteo.com,request,2.6-202606,True,0,0,0
p001831,benzinga.com,grid-bidder.criteo.com,request,2.6-202606,True,0,0,0
p001832,usmagazine.com,grid-bidder.criteo.com,request,2.6-202606,True,0,0,0
p001833,usmagazine.com,grid-bidder.criteo.com,request,2.6-202606,True,0,0,0
p001834,usmagazine.com,grid-bidder.criteo.com,request,2.6-202606,True,0,0,0
p001835,usmagazine.com,grid-bidder.criteo.com,request,2.6-202606,True,0,0,0
p001836,usmagazine.com,grid-bidder.criteo.com,request,2.6-202606,True,0,0,0
p001837,stereogum.com,grid-bidder.criteo.com,request,2.6-202606,True,0,0,0
p001838,stereogum.com,grid-bidder.criteo.com,request,2.6-202606,False,5,4,1
p001839,stereogum.com,grid-bidder.criteo.com,request,2.6-202606,True,0,0,0
p001840,stereogum.com,grid-bidder.criteo.com,request,2.6-202606,False,2,1,1
p001841,stereogum.com,grid-bidder.criteo.com,request,2.6-202606,False,2,1,1
p001842,stereogum.com,grid-bidder.criteo.com,request,2.6-202606,False,2,1,1
p001843,stereogum.com,grid-bidder.criteo.com,request,2.6-202606,False,2,1,1
p001844,ranker.com,grid-bidder.criteo.com,request,2.6-202606,True,0,0,0
p001845,grunge.com,grid-bidder.criteo.com,request,2.6-202606,True,0,0,0
p001846,grunge.com,grid-bidder.criteo.com,request,2.6-202606,True,0,0,0
p001847,grunge.com,grid-bidder.criteo.com,request,2.6-202606,False,2,1,1
p001848,grunge.com,grid-bidder.criteo.com,request,2.6-202606,False,5,4,1
p001849,grunge.com,grid-bidder.criteo.com,request,2.6-202606,False,3,3,0
p001850,grunge.com,grid-bidder.criteo.com,request,2.6-202606,True,0,0,0
p001851,grunge.com,grid-bidder.criteo.com,request,2.6-202606,False,5,4,1
p001852,grunge.com,grid-bidder.criteo.com,request,2.6-202606,False,3,3,0
p001853,grunge.com,grid-bidder.criteo.com,request,2.6-202606,False,3,3,0
p001854,grunge.com,grid-bidder.criteo.com,request,2.6-202606,False,3,3,0
p001855,grunge.com,grid-bidder.criteo.com,request,2.6-202606,False,3,3,0
p001856,grunge.com,grid-bidder.criteo.com,request,2.6-202606,False,3,3,0
p001857,grunge.com,grid-bidder.criteo.com,request,2.6-202606,False,2,1,1
p001858,grunge.com,grid-bidder.criteo.com,request,2.6-202606,False,2,1,1
p001859,slashfilm.com,grid-bidder.criteo.com,request,2.6-202606,True,0,0,0
p001860,slashfilm.com,grid-bidder.criteo.com,request,2.6-202606,True,0,0,0
p001861,slashfilm.com,grid-bidder.criteo.com,request,2.6-202606,False,2,1,1
p001862,mashed.com,grid-bidder.criteo.com,request,2.6-202606,True,0,0,0
p001863,mashed.com,grid-bidder.criteo.com,request,2.6-202606,False,2,1,1
p001864,slashfilm.com,grid-bidder.criteo.com,request,2.6-202606,False,2,1,1
p001865,mashed.com,grid-bidder.criteo.com,request,2.6-202606,False,2,1,1
p001866,slashfilm.com,grid-bidder.criteo.com,request,2.6-202606,False,2,1,1
p001867,mashed.com,grid-bidder.criteo.com,request,2.6-202606,False,2,1,1
p001868,slashfilm.com,grid-bidder.criteo.com,request,2.6-202606,False,2,1,1
p001869,mashed.com,grid-bidder.criteo.com,request,2.6-202606,False,2,1,1
p001870,tastingtable.com,grid-bidder.criteo.com,request,2.6-202606,True,0,0,0
p001871,thedailybeast.com,grid-bidder.criteo.com,response,2.6-202606,True,3,0,3
p001872,thedailybeast.com,grid-bidder.criteo.com,response,2.6-202606,True,3,0,3
p001873,standard.co.uk,grid-bidder.criteo.com,response,2.6-202606,True,1,0,1
p001874,usmagazine.com,grid-bidder.criteo.com,response,2.6-202606,False,6,2,4
p001875,usmagazine.com,grid-bidder.criteo.com,response,2.6-202606,False,4,1,3
p001876,usmagazine.com,grid-bidder.criteo.com,response,2.6-202606,False,16,3,13
p001877,usmagazine.com,grid-bidder.criteo.com,response,2.6-202606,False,6,2,4
p001878,usmagazine.com,grid-bidder.criteo.com,response,2.6-202606,True,1,0,1
p001879,slashfilm.com,grid-bidder.criteo.com,response,2.6-202606,True,1,0,1
p001880,slashfilm.com,grid-bidder.criteo.com,response,2.6-202606,True,0,0,0
p001881,slashfilm.com,grid-bidder.criteo.com,response,2.6-202606,True,1,0,1
p001882,slashfilm.com,grid-bidder.criteo.com,response,2.6-202606,True,0,0,0
p001883,slashfilm.com,grid-bidder.criteo.com,response,2.6-202606,True,0,0,0
p001884,sportingnews.com,grid.bidswitch.net,request,2.6-202606,True,0,0,0
p001885,time.com,hb.emxdgt.com,request,2.6-202606,False,8,7,1
p001886,time.com,hb.emxdgt.com,request,2.6-202606,False,8,7,1
p001887,time.com,hb.emxdgt.com,request,2.6-202606,False,8,7,1
p001888,time.com,hb.emxdgt.com,request,2.6-202606,False,8,7,1
p001889,time.com,hb.emxdgt.com,request,2.6-202606,False,8,7,1
p001890,time.com,hb.emxdgt.com,request,2.6-202606,False,8,7,1
p001891,cbssports.com,hb.emxdgt.com,request,2.6-202606,False,8,7,1
p001892,cbssports.com,hb.emxdgt.com,request,2.6-202606,False,8,7,1
p001893,cbssports.com,hb.emxdgt.com,request,2.6-202606,False,8,7,1
p001894,cbssports.com,hb.emxdgt.com,request,2.6-202606,False,8,7,1
p001895,wunderground.com,hb.emxdgt.com,request,2.6-202606,False,8,7,1
p001896,wunderground.com,hb.emxdgt.com,request,2.6-202606,False,8,7,1
p001897,wunderground.com,hb.emxdgt.com,request,2.6-202606,False,8,7,1
p001898,weather.com,hb.emxdgt.com,request,2.6-202606,False,8,7,1
p001899,wunderground.com,hb.emxdgt.com,request,2.6-202606,False,8,7,1
p001900,wunderground.com,hb.emxdgt.com,request,2.6-202606,False,8,7,1
p001901,wunderground.com,hb.emxdgt.com,request,2.6-202606,False,8,7,1
p001902,wunderground.com,hb.emxdgt.com,request,2.6-202606,False,8,7,1
p001903,wunderground.com,hb.emxdgt.com,request,2.6-202606,False,8,7,1
p001904,eonline.com,hb.emxdgt.com,request,2.6-202606,False,8,7,1
p001905,eonline.com,hb.emxdgt.com,request,2.6-202606,False,8,7,1
p001906,eonline.com,hb.emxdgt.com,request,2.6-202606,False,8,7,1
p001907,eonline.com,hb.emxdgt.com,request,2.6-202606,False,8,7,1
p001908,eonline.com,hb.emxdgt.com,request,2.6-202606,False,8,7,1
p001909,eonline.com,hb.emxdgt.com,request,2.6-202606,False,8,7,1
p001910,eonline.com,hb.emxdgt.com,request,2.6-202606,False,8,7,1
p001911,eonline.com,hb.emxdgt.com,request,2.6-202606,False,8,7,1
p001912,foxnews.com,hbopenbid.pubmatic.com,request,2.6-202606,True,1,0,1
p001913,foxnews.com,hbopenbid.pubmatic.com,request,2.6-202606,True,0,0,0
p001914,foxnews.com,hbopenbid.pubmatic.com,request,2.6-202606,True,1,0,1
p001915,foxnews.com,hbopenbid.pubmatic.com,request,2.6-202606,True,0,0,0
p001916,pagesix.com,hbopenbid.pubmatic.com,request,2.6-202606,False,3,2,1
p001917,nypost.com,hbopenbid.pubmatic.com,request,2.6-202606,False,3,2,1
p001918,pagesix.com,hbopenbid.pubmatic.com,request,2.6-202606,False,5,2,3
p001919,nypost.com,hbopenbid.pubmatic.com,request,2.6-202606,False,3,2,1
p001920,chicagotribune.com,hbopenbid.pubmatic.com,request,2.6-202606,False,5,3,2
p001921,nydailynews.com,hbopenbid.pubmatic.com,request,2.6-202606,False,5,3,2
p001922,standard.co.uk,hbopenbid.pubmatic.com,request,2.6-202606,False,1,1,0
p001923,standard.co.uk,hbopenbid.pubmatic.com,request,2.6-202606,False,1,1,0
p001924,standard.co.uk,hbopenbid.pubmatic.com,request,2.6-202606,False,1,1,0
p001925,cbsnews.com,hbopenbid.pubmatic.com,request,2.6-202606,False,2,1,1
p001926,cbsnews.com,hbopenbid.pubmatic.com,request,2.6-202606,False,2,1,1
p001927,slate.com,hbopenbid.pubmatic.com,request,2.6-202606,False,2,1,1
p001928,slate.com,hbopenbid.pubmatic.com,request,2.6-202606,False,2,1,1
p001929,time.com,hbopenbid.pubmatic.com,request,2.6-202606,False,2,1,1
p001930,time.com,hbopenbid.pubmatic.com,request,2.6-202606,False,2,1,1
p001931,time.com,hbopenbid.pubmatic.com,request,2.6-202606,False,2,1,1
p001932,time.com,hbopenbid.pubmatic.com,request,2.6-202606,False,2,1,1
p001933,time.com,hbopenbid.pubmatic.com,request,2.6-202606,False,2,1,1
p001934,slate.com,hbopenbid.pubmatic.com,request,2.6-202606,False,2,1,1
p001935,slate.com,hbopenbid.pubmatic.com,request,2.6-202606,False,2,1,1
p001936,salon.com,hbopenbid.pubmatic.com,request,2.6-202606,True,0,0,0
p001937,salon.com,hbopenbid.pubmatic.com,request,2.6-202606,True,0,0,0
p001938,salon.com,hbopenbid.pubmatic.com,request,2.6-202606,True,0,0,0
p001939,salon.com,hbopenbid.pubmatic.com,request,2.6-202606,True,0,0,0
p001940,salon.com,hbopenbid.pubmatic.com,request,2.6-202606,True,0,0,0
p001941,salon.com,hbopenbid.pubmatic.com,request,2.6-202606,False,2,1,1
p001942,salon.com,hbopenbid.pubmatic.com,request,2.6-202606,True,0,0,0
p001943,salon.com,hbopenbid.pubmatic.com,request,2.6-202606,False,2,1,1
p001944,salon.com,hbopenbid.pubmatic.com,request,2.6-202606,False,2,1,1
p001945,salon.com,hbopenbid.pubmatic.com,request,2.6-202606,True,0,0,0
p001946,salon.com,hbopenbid.pubmatic.com,request,2.6-202606,True,0,0,0
p001947,salon.com,hbopenbid.pubmatic.com,request,2.6-202606,True,0,0,0
p001948,salon.com,hbopenbid.pubmatic.com,request,2.6-202606,True,0,0,0
p001949,salon.com,hbopenbid.pubmatic.com,request,2.6-202606,True,0,0,0
p001950,salon.com,hbopenbid.pubmatic.com,request,2.6-202606,False,2,1,1
p001951,salon.com,hbopenbid.pubmatic.com,request,2.6-202606,False,2,1,1
p001952,salon.com,hbopenbid.pubmatic.com,request,2.6-202606,True,0,0,0
p001953,salon.com,hbopenbid.pubmatic.com,request,2.6-202606,False,2,1,1
p001954,salon.com,hbopenbid.pubmatic.com,request,2.6-202606,False,2,1,1
p001955,engadget.com,hbopenbid.pubmatic.com,request,2.6-202606,True,0,0,0
p001956,engadget.com,hbopenbid.pubmatic.com,request,2.6-202606,False,2,1,1
p001957,engadget.com,hbopenbid.pubmatic.com,request,2.6-202606,False,2,1,1
p001958,engadget.com,hbopenbid.pubmatic.com,request,2.6-202606,False,2,1,1
p001959,engadget.com,hbopenbid.pubmatic.com,request,2.6-202606,True,0,0,0
p001960,engadget.com,hbopenbid.pubmatic.com,request,2.6-202606,False,2,1,1
p001961,engadget.com,hbopenbid.pubmatic.com,request,2.6-202606,False,2,1,1
p001962,engadget.com,hbopenbid.pubmatic.com,request,2.6-202606,False,2,1,1
p001963,9to5mac.com,hbopenbid.pubmatic.com,request,2.6-202606,True,0,0,0
p001964,9to5mac.com,hbopenbid.pubmatic.com,request,2.6-202606,True,0,0,0
p001965,macrumors.com,hbopenbid.pubmatic.com,request,2.6-202606,True,0,0,0
p001966,macrumors.com,hbopenbid.pubmatic.com,request,2.6-202606,True,0,0,0
p001967,macrumors.com,hbopenbid.pubmatic.com,request,2.6-202606,False,2,1,1
p001968,macrumors.com,hbopenbid.pubmatic.com,request,2.6-202606,True,0,0,0
p001969,macrumors.com,hbopenbid.pubmatic.com,request,2.6-202606,True,0,0,0
p001970,macrumors.com,hbopenbid.pubmatic.com,request,2.6-202606,True,0,0,0
p001971,macrumors.com,hbopenbid.pubmatic.com,request,2.6-202606,True,0,0,0
p001972,macrumors.com,hbopenbid.pubmatic.com,request,2.6-202606,True,0,0,0
p001973,macrumors.com,hbopenbid.pubmatic.com,request,2.6-202606,True,0,0,0
p001974,macrumors.com,hbopenbid.pubmatic.com,request,2.6-202606,True,0,0,0
p001975,macrumors.com,hbopenbid.pubmatic.com,request,2.6-202606,True,0,0,0
p001976,macrumors.com,hbopenbid.pubmatic.com,request,2.6-202606,True,0,0,0
p001977,macrumors.com,hbopenbid.pubmatic.com,request,2.6-202606,True,0,0,0
p001978,9to5mac.com,hbopenbid.pubmatic.com,request,2.6-202606,True,0,0,0
p001979,9to5mac.com,hbopenbid.pubmatic.com,request,2.6-202606,True,0,0,0
p001980,macrumors.com,hbopenbid.pubmatic.com,request,2.6-202606,True,0,0,0
p001981,macrumors.com,hbopenbid.pubmatic.com,request,2.6-202606,True,0,0,0
p001982,macrumors.com,hbopenbid.pubmatic.com,request,2.6-202606,False,2,1,1
p001983,macrumors.com,hbopenbid.pubmatic.com,request,2.6-202606,True,0,0,0
p001984,macrumors.com,hbopenbid.pubmatic.com,request,2.6-202606,True,0,0,0
p001985,macrumors.com,hbopenbid.pubmatic.com,request,2.6-202606,True,0,0,0
p001986,macrumors.com,hbopenbid.pubmatic.com,request,2.6-202606,True,0,0,0
p001987,macrumors.com,hbopenbid.pubmatic.com,request,2.6-202606,True,0,0,0
p001988,macrumors.com,hbopenbid.pubmatic.com,request,2.6-202606,True,0,0,0
p001989,macrumors.com,hbopenbid.pubmatic.com,request,2.6-202606,True,0,0,0
p001990,macrumors.com,hbopenbid.pubmatic.com,request,2.6-202606,True,0,0,0
p001991,eurogamer.net,hbopenbid.pubmatic.com,request,2.6-202606,True,1,0,1
p001992,eurogamer.net,hbopenbid.pubmatic.com,request,2.6-202606,True,1,0,1
p001993,rockpapershotgun.com,hbopenbid.pubmatic.com,request,2.6-202606,True,1,0,1
p001994,rockpapershotgun.com,hbopenbid.pubmatic.com,request,2.6-202606,True,1,0,1
p001995,rockpapershotgun.com,hbopenbid.pubmatic.com,request,2.6-202606,True,1,0,1
p001996,rockpapershotgun.com,hbopenbid.pubmatic.com,request,2.6-202606,True,1,0,1
p001997,eurogamer.net,hbopenbid.pubmatic.com,request,2.6-202606,True,1,0,1
p001998,eurogamer.net,hbopenbid.pubmatic.com,request,2.6-202606,True,1,0,1
p001999,vg247.com,hbopenbid.pubmatic.com,request,2.6-202606,True,1,0,1
p002000,vg247.com,hbopenbid.pubmatic.com,request,2.6-202606,True,1,0,1
p002001,si.com,hbopenbid.pubmatic.com,request,2.6-202606,True,0,0,0
p002002,cbssports.com,hbopenbid.pubmatic.com,request,2.6-202606,False,4,3,1
p002003,cbssports.com,hbopenbid.pubmatic.com,request,2.6-202606,False,4,3,1
p002004,cbssports.com,hbopenbid.pubmatic.com,request,2.6-202606,False,2,1,1
p002005,cbssports.com,hbopenbid.pubmatic.com,request,2.6-202606,False,2,1,1
p002006,cbssports.com,hbopenbid.pubmatic.com,request,2.6-202606,False,2,1,1
p002007,talksport.com,hbopenbid.pubmatic.com,request,2.6-202606,False,4,3,1
p002008,wunderground.com,hbopenbid.pubmatic.com,request,2.6-202606,False,2,1,1
p002009,wunderground.com,hbopenbid.pubmatic.com,request,2.6-202606,False,2,1,1
p002010,weather.com,hbopenbid.pubmatic.com,request,2.6-202606,False,2,1,1
p002011,weather.com,hbopenbid.pubmatic.com,request,2.6-202606,False,2,1,1
p002012,wunderground.com,hbopenbid.pubmatic.com,request,2.6-202606,False,2,1,1
p002013,wunderground.com,hbopenbid.pubmatic.com,request,2.6-202606,False,2,1,1
p002014,wunderground.com,hbopenbid.pubmatic.com,request,2.6-202606,False,2,1,1
p002015,wunderground.com,hbopenbid.pubmatic.com,request,2.6-202606,False,2,1,1
p002016,wunderground.com,hbopenbid.pubmatic.com,request,2.6-202606,False,3,2,1
p002017,benzinga.com,hbopenbid.pubmatic.com,request,2.6-202606,True,0,0,0
p002018,benzinga.com,hbopenbid.pubmatic.com,request,2.6-202606,True,0,0,0
p002019,tasteofhome.com,hbopenbid.pubmatic.com,request,2.6-202606,True,0,0,0
p002020,tasteofhome.com,hbopenbid.pubmatic.com,request,2.6-202606,True,0,0,0
p002021,tasteofhome.com,hbopenbid.pubmatic.com,request,2.6-202606,True,0,0,0
p002022,tasteofhome.com,hbopenbid.pubmatic.com,request,2.6-202606,True,0,0,0
p002023,tasteofhome.com,hbopenbid.pubmatic.com,request,2.6-202606,False,4,3,1
p002024,tasteofhome.com,hbopenbid.pubmatic.com,request,2.6-202606,True,0,0,0
p002025,tasteofhome.com,hbopenbid.pubmatic.com,request,2.6-202606,True,0,0,0
p002026,tmz.com,hbopenbid.pubmatic.com,request,2.6-202606,True,0,0,0
p002027,eonline.com,hbopenbid.pubmatic.com,request,2.6-202606,False,2,1,1
p002028,tmz.com,hbopenbid.pubmatic.com,request,2.6-202606,True,0,0,0
p002029,eonline.com,hbopenbid.pubmatic.com,request,2.6-202606,False,2,1,1
p002030,eonline.com,hbopenbid.pubmatic.com,request,2.6-202606,False,2,1,1
p002031,eonline.com,hbopenbid.pubmatic.com,request,2.6-202606,False,2,1,1
p002032,eonline.com,hbopenbid.pubmatic.com,request,2.6-202606,False,2,1,1
p002033,eonline.com,hbopenbid.pubmatic.com,request,2.6-202606,False,2,1,1
p002034,eonline.com,hbopenbid.pubmatic.com,request,2.6-202606,False,2,1,1
p002035,stereogum.com,hbopenbid.pubmatic.com,request,2.6-202606,True,0,0,0
p002036,stereogum.com,hbopenbid.pubmatic.com,request,2.6-202606,False,2,1,1
p002037,stereogum.com,hbopenbid.pubmatic.com,request,2.6-202606,True,0,0,0
p002038,stereogum.com,hbopenbid.pubmatic.com,request,2.6-202606,False,2,1,1
p002039,stereogum.com,hbopenbid.pubmatic.com,request,2.6-202606,False,2,1,1
p002040,stereogum.com,hbopenbid.pubmatic.com,request,2.6-202606,False,2,1,1
p002041,stereogum.com,hbopenbid.pubmatic.com,request,2.6-202606,False,2,1,1
p002042,boredpanda.com,hbopenbid.pubmatic.com,request,2.6-202606,True,1,0,1
p002043,boredpanda.com,hbopenbid.pubmatic.com,request,2.6-202606,True,1,0,1
p002044,thrillist.com,hbopenbid.pubmatic.com,request,2.6-202606,False,3,2,1
p002045,boredpanda.com,hbopenbid.pubmatic.com,request,2.6-202606,False,4,3,1
p002046,boredpanda.com,hbopenbid.pubmatic.com,request,2.6-202606,True,1,0,1
p002047,boredpanda.com,hbopenbid.pubmatic.com,request,2.6-202606,True,1,0,1
p002048,boredpanda.com,hbopenbid.pubmatic.com,request,2.6-202606,True,1,0,1
p002049,boredpanda.com,hbopenbid.pubmatic.com,request,2.6-202606,True,1,0,1
p002050,boredpanda.com,hbopenbid.pubmatic.com,request,2.6-202606,False,4,3,1
p002051,ranker.com,hbopenbid.pubmatic.com,request,2.6-202606,True,0,0,0
p002052,grunge.com,hbopenbid.pubmatic.com,request,2.6-202606,True,0,0,0
p002053,grunge.com,hbopenbid.pubmatic.com,request,2.6-202606,True,0,0,0
p002054,grunge.com,hbopenbid.pubmatic.com,request,2.6-202606,False,2,1,1
p002055,grunge.com,hbopenbid.pubmatic.com,request,2.6-202606,False,2,1,1
p002056,grunge.com,hbopenbid.pubmatic.com,request,2.6-202606,True,0,0,0
p002057,grunge.com,hbopenbid.pubmatic.com,request,2.6-202606,True,0,0,0
p002058,grunge.com,hbopenbid.pubmatic.com,request,2.6-202606,False,2,1,1
p002059,grunge.com,hbopenbid.pubmatic.com,request,2.6-202606,True,0,0,0
p002060,grunge.com,hbopenbid.pubmatic.com,request,2.6-202606,True,0,0,0
p002061,grunge.com,hbopenbid.pubmatic.com,request,2.6-202606,True,0,0,0
p002062,grunge.com,hbopenbid.pubmatic.com,request,2.6-202606,True,0,0,0
p002063,grunge.com,hbopenbid.pubmatic.com,request,2.6-202606,True,0,0,0
p002064,grunge.com,hbopenbid.pubmatic.com,request,2.6-202606,False,2,1,1
p002065,grunge.com,hbopenbid.pubmatic.com,request,2.6-202606,False,2,1,1
p002066,slashfilm.com,hbopenbid.pubmatic.com,request,2.6-202606,True,0,0,0
p002067,slashfilm.com,hbopenbid.pubmatic.com,request,2.6-202606,True,0,0,0
p002068,slashfilm.com,hbopenbid.pubmatic.com,request,2.6-202606,False,2,1,1
p002069,mashed.com,hbopenbid.pubmatic.com,request,2.6-202606,True,0,0,0
p002070,mashed.com,hbopenbid.pubmatic.com,request,2.6-202606,False,2,1,1
p002071,slashfilm.com,hbopenbid.pubmatic.com,request,2.6-202606,False,2,1,1
p002072,mashed.com,hbopenbid.pubmatic.com,request,2.6-202606,False,2,1,1
p002073,slashfilm.com,hbopenbid.pubmatic.com,request,2.6-202606,False,2,1,1
p002074,mashed.com,hbopenbid.pubmatic.com,request,2.6-202606,False,2,1,1
p002075,slashfilm.com,hbopenbid.pubmatic.com,request,2.6-202606,False,2,1,1
p002076,mashed.com,hbopenbid.pubmatic.com,request,2.6-202606,False,2,1,1
p002077,tastingtable.com,hbopenbid.pubmatic.com,request,2.6-202606,True,0,0,0
p002078,thehill.com,hbopenbid.pubmatic.com,request,2.6-202606,True,0,0,0
p002079,pagesix.com,hbopenbid.pubmatic.com,response,2.6-202606,True,0,0,0
p002080,nypost.com,hbopenbid.pubmatic.com,response,2.6-202606,True,0,0,0
p002081,pagesix.com,hbopenbid.pubmatic.com,response,2.6-202606,True,0,0,0
p002082,nypost.com,hbopenbid.pubmatic.com,response,2.6-202606,True,0,0,0
p002083,chicagotribune.com,hbopenbid.pubmatic.com,response,2.6-202606,True,0,0,0
p002084,nydailynews.com,hbopenbid.pubmatic.com,response,2.6-202606,True,0,0,0
p002085,standard.co.uk,hbopenbid.pubmatic.com,response,2.6-202606,True,0,0,0
p002086,standard.co.uk,hbopenbid.pubmatic.com,response,2.6-202606,True,0,0,0
p002087,standard.co.uk,hbopenbid.pubmatic.com,response,2.6-202606,True,0,0,0
p002088,9to5mac.com,hbopenbid.pubmatic.com,response,2.6-202606,True,0,0,0
p002089,9to5mac.com,hbopenbid.pubmatic.com,response,2.6-202606,True,0,0,0
p002090,9to5mac.com,hbopenbid.pubmatic.com,response,2.6-202606,True,0,0,0
p002091,9to5mac.com,hbopenbid.pubmatic.com,response,2.6-202606,True,0,0,0
p002092,eurogamer.net,hbopenbid.pubmatic.com,response,2.6-202606,True,0,0,0
p002093,cbssports.com,hbopenbid.pubmatic.com,response,2.6-202606,True,0,0,0
p002094,cbssports.com,hbopenbid.pubmatic.com,response,2.6-202606,True,0,0,0
p002095,talksport.com,hbopenbid.pubmatic.com,response,2.6-202606,True,0,0,0
p002096,wunderground.com,hbopenbid.pubmatic.com,response,2.6-202606,True,0,0,0
p002097,tasteofhome.com,hbopenbid.pubmatic.com,response,2.6-202606,True,0,0,0
p002098,tasteofhome.com,hbopenbid.pubmatic.com,response,2.6-202606,True,0,0,0
p002099,tasteofhome.com,hbopenbid.pubmatic.com,response,2.6-202606,True,0,0,0
p002100,tasteofhome.com,hbopenbid.pubmatic.com,response,2.6-202606,True,0,0,0
p002101,tmz.com,hbopenbid.pubmatic.com,response,2.6-202606,True,0,0,0
p002102,thrillist.com,hbopenbid.pubmatic.com,response,2.6-202606,True,0,0,0
p002103,boredpanda.com,hbopenbid.pubmatic.com,response,2.6-202606,True,0,0,0
p002104,boredpanda.com,hbopenbid.pubmatic.com,response,2.6-202606,True,0,0,0
p002105,slashfilm.com,hbopenbid.pubmatic.com,response,2.6-202606,True,0,0,0
p002106,foxnews.com,htlb.casalemedia.com,request,2.6-202606,True,0,0,0
p002107,foxnews.com,htlb.casalemedia.com,request,2.6-202606,False,2,1,1
p002108,pagesix.com,htlb.casalemedia.com,request,2.6-202606,False,1,1,0
p002109,pagesix.com,htlb.casalemedia.com,request,2.6-202606,True,0,0,0
p002110,pagesix.com,htlb.casalemedia.com,request,2.6-202606,True,0,0,0
p002111,foxnews.com,htlb.casalemedia.com,request,2.6-202606,True,0,0,0
p002112,foxnews.com,htlb.casalemedia.com,request,2.6-202606,False,2,1,1
p002113,pagesix.com,htlb.casalemedia.com,request,2.6-202606,True,0,0,0
p002114,foxnews.com,htlb.casalemedia.com,request,2.6-202606,True,0,0,0
p002115,pagesix.com,htlb.casalemedia.com,request,2.6-202606,False,1,1,0
p002116,nypost.com,htlb.casalemedia.com,request,2.6-202606,True,0,0,0
p002117,nypost.com,htlb.casalemedia.com,request,2.6-202606,False,1,1,0
p002118,nypost.com,htlb.casalemedia.com,request,2.6-202606,False,1,1,0
p002119,nypost.com,htlb.casalemedia.com,request,2.6-202606,True,0,0,0
p002120,pagesix.com,htlb.casalemedia.com,request,2.6-202606,False,1,1,0
p002121,pagesix.com,htlb.casalemedia.com,request,2.6-202606,False,2,1,1
p002122,pagesix.com,htlb.casalemedia.com,request,2.6-202606,False,2,1,1
p002123,pagesix.com,htlb.casalemedia.com,request,2.6-202606,False,2,1,1
p002124,pagesix.com,htlb.casalemedia.com,request,2.6-202606,False,2,1,1
p002125,pagesix.com,htlb.casalemedia.com,request,2.6-202606,False,2,1,1
p002126,pagesix.com,htlb.casalemedia.com,request,2.6-202606,False,2,1,1
p002127,pagesix.com,htlb.casalemedia.com,request,2.6-202606,False,2,1,1
p002128,pagesix.com,htlb.casalemedia.com,request,2.6-202606,True,0,0,0
p002129,nypost.com,htlb.casalemedia.com,request,2.6-202606,True,0,0,0
p002130,nypost.com,htlb.casalemedia.com,request,2.6-202606,False,2,1,1
p002131,nypost.com,htlb.casalemedia.com,request,2.6-202606,False,2,1,1
p002132,nypost.com,htlb.casalemedia.com,request,2.6-202606,False,2,1,1
p002133,nypost.com,htlb.casalemedia.com,request,2.6-202606,True,0,0,0
p002134,nypost.com,htlb.casalemedia.com,request,2.6-202606,False,1,1,0
p002135,pagesix.com,htlb.casalemedia.com,request,2.6-202606,False,2,1,1
p002136,pagesix.com,htlb.casalemedia.com,request,2.6-202606,False,2,1,1
p002137,pagesix.com,htlb.casalemedia.com,request,2.6-202606,False,2,1,1
p002138,pagesix.com,htlb.casalemedia.com,request,2.6-202606,False,2,1,1
p002139,chicagotribune.com,htlb.casalemedia.com,request,2.6-202606,True,0,0,0
p002140,chicagotribune.com,htlb.casalemedia.com,request,2.6-202606,False,2,1,1
p002141,chicagotribune.com,htlb.casalemedia.com,request,2.6-202606,False,2,1,1
p002142,chicagotribune.com,htlb.casalemedia.com,request,2.6-202606,True,0,0,0
p002143,chicagotribune.com,htlb.casalemedia.com,request,2.6-202606,True,0,0,0
p002144,chicagotribune.com,htlb.casalemedia.com,request,2.6-202606,False,4,3,1
p002145,chicagotribune.com,htlb.casalemedia.com,request,2.6-202606,True,0,0,0
p002146,chicagotribune.com,htlb.casalemedia.com,request,2.6-202606,True,0,0,0
p002147,chicagotribune.com,htlb.casalemedia.com,request,2.6-202606,True,0,0,0
p002148,chicagotribune.com,htlb.casalemedia.com,request,2.6-202606,False,2,1,1
p002149,chicagotribune.com,htlb.casalemedia.com,request,2.6-202606,False,3,2,1
p002150,thedailybeast.com,htlb.casalemedia.com,request,2.6-202606,True,0,0,0
p002151,nydailynews.com,htlb.casalemedia.com,request,2.6-202606,True,0,0,0
p002152,nydailynews.com,htlb.casalemedia.com,request,2.6-202606,False,2,1,1
p002153,thedailybeast.com,htlb.casalemedia.com,request,2.6-202606,True,0,0,0
p002154,thedailybeast.com,htlb.casalemedia.com,request,2.6-202606,True,0,0,0
p002155,nydailynews.com,htlb.casalemedia.com,request,2.6-202606,False,2,1,1
p002156,thedailybeast.com,htlb.casalemedia.com,request,2.6-202606,True,0,0,0
p002157,nydailynews.com,htlb.casalemedia.com,request,2.6-202606,True,0,0,0
p002158,chicagotribune.com,htlb.casalemedia.com,request,2.6-202606,False,3,2,1
p002159,nydailynews.com,htlb.casalemedia.com,request,2.6-202606,True,0,0,0
p002160,nydailynews.com,htlb.casalemedia.com,request,2.6-202606,True,0,0,0
p002161,businessinsider.com,htlb.casalemedia.com,request,2.6-202606,True,0,0,0
p002162,businessinsider.com,htlb.casalemedia.com,request,2.6-202606,True,0,0,0
p002163,businessinsider.com,htlb.casalemedia.com,request,2.6-202606,True,0,0,0
p002164,businessinsider.com,htlb.casalemedia.com,request,2.6-202606,True,0,0,0
p002165,nydailynews.com,htlb.casalemedia.com,request,2.6-202606,False,2,1,1
p002166,thedailybeast.com,htlb.casalemedia.com,request,2.6-202606,True,0,0,0
p002167,nydailynews.com,htlb.casalemedia.com,request,2.6-202606,True,0,0,0
p002168,nydailynews.com,htlb.casalemedia.com,request,2.6-202606,True,0,0,0
p002169,nydailynews.com,htlb.casalemedia.com,request,2.6-202606,True,0,0,0
p002170,independent.co.uk,htlb.casalemedia.com,request,2.6-202606,False,3,2,1
p002171,independent.co.uk,htlb.casalemedia.com,request,2.6-202606,False,6,4,2
p002172,thesun.co.uk,htlb.casalemedia.com,request,2.6-202606,False,1,1,0
p002173,thesun.co.uk,htlb.casalemedia.com,request,2.6-202606,False,1,1,0
p002174,thesun.co.uk,htlb.casalemedia.com,request,2.6-202606,False,2,2,0
p002175,metro.co.uk,htlb.casalemedia.com,request,2.6-202606,False,1,1,0
p002176,metro.co.uk,htlb.casalemedia.com,request,2.6-202606,False,3,2,1
p002177,metro.co.uk,htlb.casalemedia.com,request,2.6-202606,False,1,1,0
p002178,standard.co.uk,htlb.casalemedia.com,request,2.6-202606,False,4,3,1
p002179,thesun.co.uk,htlb.casalemedia.com,request,2.6-202606,False,1,1,0
p002180,thesun.co.uk,htlb.casalemedia.com,request,2.6-202606,False,4,3,1
p002181,thesun.co.uk,htlb.casalemedia.com,request,2.6-202606,False,1,1,0
p002182,thesun.co.uk,htlb.casalemedia.com,request,2.6-202606,False,2,2,0
p002183,thesun.co.uk,htlb.casalemedia.com,request,2.6-202606,False,1,1,0
p002184,thesun.co.uk,htlb.casalemedia.com,request,2.6-202606,False,3,2,1
p002185,thesun.co.uk,htlb.casalemedia.com,request,2.6-202606,False,2,2,0
p002186,metro.co.uk,htlb.casalemedia.com,request,2.6-202606,False,1,1,0
p002187,metro.co.uk,htlb.casalemedia.com,request,2.6-202606,False,1,1,0
p002188,standard.co.uk,htlb.casalemedia.com,request,2.6-202606,False,3,2,1
p002189,cbsnews.com,htlb.casalemedia.com,request,2.6-202606,True,0,0,0
p002190,standard.co.uk,htlb.casalemedia.com,request,2.6-202606,False,7,5,2
p002191,standard.co.uk,htlb.casalemedia.com,request,2.6-202606,False,3,2,1
p002192,standard.co.uk,htlb.casalemedia.com,request,2.6-202606,False,1,1,0
p002193,standard.co.uk,htlb.casalemedia.com,request,2.6-202606,False,1,1,0
p002194,standard.co.uk,htlb.casalemedia.com,request,2.6-202606,False,1,1,0
p002195,standard.co.uk,htlb.casalemedia.com,request,2.6-202606,False,1,1,0
p002196,standard.co.uk,htlb.casalemedia.com,request,2.6-202606,False,1,1,0
p002197,nbcnews.com,htlb.casalemedia.com,request,2.6-202606,True,0,0,0
p002198,standard.co.uk,htlb.casalemedia.com,request,2.6-202606,False,3,2,1
p002199,nbcnews.com,htlb.casalemedia.com,request,2.6-202606,True,0,0,0
p002200,cbsnews.com,htlb.casalemedia.com,request,2.6-202606,False,2,2,0
p002201,abcnews.go.com,htlb.casalemedia.com,request,2.6-202606,True,0,0,0
p002202,time.com,htlb.casalemedia.com,request,2.6-202606,False,1,1,0
p002203,time.com,htlb.casalemedia.com,request,2.6-202606,False,1,1,0
p002204,time.com,htlb.casalemedia.com,request,2.6-202606,False,1,1,0
p002205,time.com,htlb.casalemedia.com,request,2.6-202606,False,1,1,0
p002206,time.com,htlb.casalemedia.com,request,2.6-202606,False,1,1,0
p002207,slate.com,htlb.casalemedia.com,request,2.6-202606,True,0,0,0
p002208,slate.com,htlb.casalemedia.com,request,2.6-202606,True,0,0,0
p002209,newsweek.com,htlb.casalemedia.com,request,2.6-202606,False,4,3,1
p002210,newsweek.com,htlb.casalemedia.com,request,2.6-202606,False,1,1,0
p002211,newsweek.com,htlb.casalemedia.com,request,2.6-202606,False,1,1,0
p002212,newsweek.com,htlb.casalemedia.com,request,2.6-202606,False,1,1,0
p002213,newsweek.com,htlb.casalemedia.com,request,2.6-202606,False,1,1,0
p002214,slate.com,htlb.casalemedia.com,request,2.6-202606,True,0,0,0
p002215,salon.com,htlb.casalemedia.com,request,2.6-202606,True,0,0,0
p002216,salon.com,htlb.casalemedia.com,request,2.6-202606,True,0,0,0
p002217,vox.com,htlb.casalemedia.com,request,2.6-202606,True,0,0,0
p002218,vox.com,htlb.casalemedia.com,request,2.6-202606,True,0,0,0
p002219,vox.com,htlb.casalemedia.com,request,2.6-202606,True,0,0,0
p002220,theverge.com,htlb.casalemedia.com,request,2.6-202606,True,0,0,0
p002221,salon.com,htlb.casalemedia.com,request,2.6-202606,True,0,0,0
p002222,salon.com,htlb.casalemedia.com,request,2.6-202606,True,0,0,0
p002223,salon.com,htlb.casalemedia.com,request,2.6-202606,True,0,0,0
p002224,salon.com,htlb.casalemedia.com,request,2.6-202606,False,3,2,1
p002225,salon.com,htlb.casalemedia.com,request,2.6-202606,True,0,0,0
p002226,salon.com,htlb.casalemedia.com,request,2.6-202606,False,3,2,1
p002227,salon.com,htlb.casalemedia.com,request,2.6-202606,False,3,2,1
p002228,salon.com,htlb.casalemedia.com,request,2.6-202606,True,0,0,0
p002229,theverge.com,htlb.casalemedia.com,request,2.6-202606,True,0,0,0
p002230,salon.com,htlb.casalemedia.com,request,2.6-202606,True,0,0,0
p002231,salon.com,htlb.casalemedia.com,request,2.6-202606,True,0,0,0
p002232,salon.com,htlb.casalemedia.com,request,2.6-202606,True,0,0,0
p002233,salon.com,htlb.casalemedia.com,request,2.6-202606,True,0,0,0
p002234,salon.com,htlb.casalemedia.com,request,2.6-202606,False,3,2,1
p002235,salon.com,htlb.casalemedia.com,request,2.6-202606,False,3,2,1
p002236,theverge.com,htlb.casalemedia.com,request,2.6-202606,True,0,0,0
p002237,salon.com,htlb.casalemedia.com,request,2.6-202606,True,0,0,0
p002238,salon.com,htlb.casalemedia.com,request,2.6-202606,False,3,2,1
p002239,salon.com,htlb.casalemedia.com,request,2.6-202606,False,3,2,1
p002240,vox.com,htlb.casalemedia.com,request,2.6-202606,True,0,0,0
p002241,vox.com,htlb.casalemedia.com,request,2.6-202606,True,0,0,0
p002242,vox.com,htlb.casalemedia.com,request,2.6-202606,True,0,0,0
p002243,theverge.com,htlb.casalemedia.com,request,2.6-202606,True,0,0,0
p002244,engadget.com,htlb.casalemedia.com,request,2.6-202606,True,0,0,0
p002245,engadget.com,htlb.casalemedia.com,request,2.6-202606,False,3,2,1
p002246,theverge.com,htlb.casalemedia.com,request,2.6-202606,True,0,0,0
p002247,theverge.com,htlb.casalemedia.com,request,2.6-202606,False,2,1,1
p002248,techcrunch.com,htlb.casalemedia.com,request,2.6-202606,True,0,0,0
p002249,techcrunch.com,htlb.casalemedia.com,request,2.6-202606,True,0,0,0
p002250,engadget.com,htlb.casalemedia.com,request,2.6-202606,False,3,2,1
p002251,engadget.com,htlb.casalemedia.com,request,2.6-202606,False,3,2,1
p002252,techcrunch.com,htlb.casalemedia.com,request,2.6-202606,True,0,0,0
p002253,techcrunch.com,htlb.casalemedia.com,request,2.6-202606,True,0,0,0
p002254,cnet.com,htlb.casalemedia.com,request,2.6-202606,True,0,0,0
p002255,engadget.com,htlb.casalemedia.com,request,2.6-202606,True,0,0,0
p002256,engadget.com,htlb.casalemedia.com,request,2.6-202606,False,3,2,1
p002257,techcrunch.com,htlb.casalemedia.com,request,2.6-202606,True,0,0,0
p002258,techcrunch.com,htlb.casalemedia.com,request,2.6-202606,True,0,0,0
p002259,techcrunch.com,htlb.casalemedia.com,request,2.6-202606,True,0,0,0
p002260,engadget.com,htlb.casalemedia.com,request,2.6-202606,False,3,2,1
p002261,engadget.com,htlb.casalemedia.com,request,2.6-202606,False,3,2,1
p002262,techcrunch.com,htlb.casalemedia.com,request,2.6-202606,True,0,0,0
p002263,cnet.com,htlb.casalemedia.com,request,2.6-202606,True,0,0,0
p002264,zdnet.com,htlb.casalemedia.com,request,2.6-202606,True,0,0,0
p002265,cnet.com,htlb.casalemedia.com,request,2.6-202606,True,0,0,0
p002266,tomshardware.com,htlb.casalemedia.com,request,2.6-202606,False,1,1,0
p002267,tomsguide.com,htlb.casalemedia.com,request,2.6-202606,False,1,1,0
p002268,zdnet.com,htlb.casalemedia.com,request,2.6-202606,True,0,0,0
p002269,zdnet.com,htlb.casalemedia.com,request,2.6-202606,True,0,0,0
p002270,zdnet.com,htlb.casalemedia.com,request,2.6-202606,False,2,1,1
p002271,tomshardware.com,htlb.casalemedia.com,request,2.6-202606,False,1,1,0
p002272,pcmag.com,htlb.casalemedia.com,request,2.6-202606,True,0,0,0
p002273,tomsguide.com,htlb.casalemedia.com,request,2.6-202606,False,1,1,0
p002274,androidauthority.com,htlb.casalemedia.com,request,2.6-202606,True,0,0,0
p002275,androidauthority.com,htlb.casalemedia.com,request,2.6-202606,False,1,1,0
p002276,pcmag.com,htlb.casalemedia.com,request,2.6-202606,True,0,0,0
p002277,pcmag.com,htlb.casalemedia.com,request,2.6-202606,True,0,0,0
p002278,pcmag.com,htlb.casalemedia.com,request,2.6-202606,True,0,0,0
p002279,pcmag.com,htlb.casalemedia.com,request,2.6-202606,True,0,0,0
p002280,pcmag.com,htlb.casalemedia.com,request,2.6-202606,True,0,0,0
p002281,pcmag.com,htlb.casalemedia.com,request,2.6-202606,True,0,0,0
p002282,androidauthority.com,htlb.casalemedia.com,request,2.6-202606,True,0,0,0
p002283,androidauthority.com,htlb.casalemedia.com,request,2.6-202606,True,0,0,0
p002284,androidauthority.com,htlb.casalemedia.com,request,2.6-202606,False,2,1,1
p002285,androidauthority.com,htlb.casalemedia.com,request,2.6-202606,False,1,1,0
p002286,androidauthority.com,htlb.casalemedia.com,request,2.6-202606,False,2,1,1
p002287,androidauthority.com,htlb.casalemedia.com,request,2.6-202606,False,3,2,1
p002288,androidauthority.com,htlb.casalemedia.com,request,2.6-202606,False,3,2,1
p002289,macrumors.com,htlb.casalemedia.com,request,2.6-202606,True,0,0,0
p002290,macrumors.com,htlb.casalemedia.com,request,2.6-202606,True,0,0,0
p002291,macrumors.com,htlb.casalemedia.com,request,2.6-202606,False,3,2,1
p002292,macrumors.com,htlb.casalemedia.com,request,2.6-202606,True,0,0,0
p002293,macrumors.com,htlb.casalemedia.com,request,2.6-202606,True,0,0,0
p002294,macrumors.com,htlb.casalemedia.com,request,2.6-202606,True,0,0,0
p002295,macrumors.com,htlb.casalemedia.com,request,2.6-202606,True,0,0,0
p002296,macrumors.com,htlb.casalemedia.com,request,2.6-202606,True,0,0,0
p002297,macrumors.com,htlb.casalemedia.com,request,2.6-202606,True,0,0,0
p002298,macrumors.com,htlb.casalemedia.com,request,2.6-202606,True,0,0,0
p002299,macrumors.com,htlb.casalemedia.com,request,2.6-202606,True,0,0,0
p002300,macrumors.com,htlb.casalemedia.com,request,2.6-202606,True,0,0,0
p002301,macrumors.com,htlb.casalemedia.com,request,2.6-202606,True,0,0,0
p002302,macrumors.com,htlb.casalemedia.com,request,2.6-202606,True,0,0,0
p002303,macrumors.com,htlb.casalemedia.com,request,2.6-202606,True,0,0,0
p002304,macrumors.com,htlb.casalemedia.com,request,2.6-202606,False,3,2,1
p002305,macrumors.com,htlb.casalemedia.com,request,2.6-202606,True,0,0,0
p002306,macrumors.com,htlb.casalemedia.com,request,2.6-202606,True,0,0,0
p002307,macrumors.com,htlb.casalemedia.com,request,2.6-202606,True,0,0,0
p002308,macrumors.com,htlb.casalemedia.com,request,2.6-202606,True,0,0,0
p002309,macrumors.com,htlb.casalemedia.com,request,2.6-202606,True,0,0,0
p002310,macrumors.com,htlb.casalemedia.com,request,2.6-202606,True,0,0,0
p002311,macrumors.com,htlb.casalemedia.com,request,2.6-202606,True,0,0,0
p002312,macrumors.com,htlb.casalemedia.com,request,2.6-202606,True,0,0,0
p002313,makeuseof.com,htlb.casalemedia.com,request,2.6-202606,False,4,3,1
p002314,makeuseof.com,htlb.casalemedia.com,request,2.6-202606,False,1,1,0
p002315,ign.com,htlb.casalemedia.com,request,2.6-202606,True,0,0,0
p002316,gamespot.com,htlb.casalemedia.com,request,2.6-202606,True,0,0,0
p002317,gamespot.com,htlb.casalemedia.com,request,2.6-202606,True,0,0,0
p002318,gamespot.com,htlb.casalemedia.com,request,2.6-202606,True,0,0,0
p002319,gamespot.com,htlb.casalemedia.com,request,2.6-202606,True,0,0,0
p002320,gamespot.com,htlb.casalemedia.com,request,2.6-202606,True,0,0,0
p002321,pcgamer.com,htlb.casalemedia.com,request,2.6-202606,False,4,3,1
p002322,pcgamer.com,htlb.casalemedia.com,request,2.6-202606,False,1,1,0
p002323,pcgamer.com,htlb.casalemedia.com,request,2.6-202606,False,1,1,0
p002324,kotaku.com,htlb.casalemedia.com,request,2.6-202606,False,2,1,1
p002325,kotaku.com,htlb.casalemedia.com,request,2.6-202606,False,2,1,1
p002326,rockpapershotgun.com,htlb.casalemedia.com,request,2.6-202606,True,0,0,0
p002327,rockpapershotgun.com,htlb.casalemedia.com,request,2.6-202606,True,0,0,0
p002328,rockpapershotgun.com,htlb.casalemedia.com,request,2.6-202606,True,0,0,0
p002329,rockpapershotgun.com,htlb.casalemedia.com,request,2.6-202606,True,0,0,0
p002330,eurogamer.net,htlb.casalemedia.com,request,2.6-202606,True,0,0,0
p002331,eurogamer.net,htlb.casalemedia.com,request,2.6-202606,True,0,0,0
p002332,eurogamer.net,htlb.casalemedia.com,request,2.6-202606,True,0,0,0
p002333,eurogamer.net,htlb.casalemedia.com,request,2.6-202606,True,0,0,0
p002334,eurogamer.net,htlb.casalemedia.com,request,2.6-202606,False,2,1,1
p002335,rockpapershotgun.com,htlb.casalemedia.com,request,2.6-202606,True,0,0,0
p002336,rockpapershotgun.com,htlb.casalemedia.com,request,2.6-202606,True,0,0,0
p002337,rockpapershotgun.com,htlb.casalemedia.com,request,2.6-202606,True,0,0,0
p002338,rockpapershotgun.com,htlb.casalemedia.com,request,2.6-202606,True,0,0,0
p002339,rockpapershotgun.com,htlb.casalemedia.com,request,2.6-202606,False,2,1,1
p002340,vg247.com,htlb.casalemedia.com,request,2.6-202606,True,0,0,0
p002341,vg247.com,htlb.casalemedia.com,request,2.6-202606,True,0,0,0
p002342,eurogamer.net,htlb.casalemedia.com,request,2.6-202606,True,0,0,0
p002343,eurogamer.net,htlb.casalemedia.com,request,2.6-202606,True,0,0,0
p002344,rockpapershotgun.com,htlb.casalemedia.com,request,2.6-202606,False,2,1,1
p002345,eurogamer.net,htlb.casalemedia.com,request,2.6-202606,True,0,0,0
p002346,vg247.com,htlb.casalemedia.com,request,2.6-202606,True,0,0,0
p002347,eurogamer.net,htlb.casalemedia.com,request,2.6-202606,True,0,0,0
p002348,dexerto.com,htlb.casalemedia.com,request,2.6-202606,True,0,0,0
p002349,dexerto.com,htlb.casalemedia.com,request,2.6-202606,True,0,0,0
p002350,vg247.com,htlb.casalemedia.com,request,2.6-202606,True,0,0,0
p002351,vg247.com,htlb.casalemedia.com,request,2.6-202606,True,0,0,0
p002352,vg247.com,htlb.casalemedia.com,request,2.6-202606,True,0,0,0
p002353,vg247.com,htlb.casalemedia.com,request,2.6-202606,False,2,1,1
p002354,vg247.com,htlb.casalemedia.com,request,2.6-202606,True,0,0,0
p002355,dexerto.com,htlb.casalemedia.com,request,2.6-202606,True,0,0,0
p002356,cbssports.com,htlb.casalemedia.com,request,2.6-202606,True,0,0,0
p002357,sportingnews.com,htlb.casalemedia.com,request,2.6-202606,True,0,0,0
p002358,si.com,htlb.casalemedia.com,request,2.6-202606,False,2,1,1
p002359,si.com,htlb.casalemedia.com,request,2.6-202606,False,2,1,1
p002360,si.com,htlb.casalemedia.com,request,2.6-202606,True,0,0,0
p002361,cbssports.com,htlb.casalemedia.com,request,2.6-202606,False,2,2,0
p002362,si.com,htlb.casalemedia.com,request,2.6-202606,False,2,1,1
p002363,bleacherreport.com,htlb.casalemedia.com,request,2.6-202606,True,0,0,0
p002364,bleacherreport.com,htlb.casalemedia.com,request,2.6-202606,True,0,0,0
p002365,bleacherreport.com,htlb.casalemedia.com,request,2.6-202606,True,0,0,0
p002366,bleacherreport.com,htlb.casalemedia.com,request,2.6-202606,True,0,0,0
p002367,bleacherreport.com,htlb.casalemedia.com,request,2.6-202606,True,0,0,0
p002368,bleacherreport.com,htlb.casalemedia.com,request,2.6-202606,True,0,0,0
p002369,bleacherreport.com,htlb.casalemedia.com,request,2.6-202606,True,0,0,0
p002370,bleacherreport.com,htlb.casalemedia.com,request,2.6-202606,True,0,0,0
p002371,bleacherreport.com,htlb.casalemedia.com,request,2.6-202606,True,0,0,0
p002372,bleacherreport.com,htlb.casalemedia.com,request,2.6-202606,True,0,0,0
p002373,bleacherreport.com,htlb.casalemedia.com,request,2.6-202606,True,0,0,0
p002374,bleacherreport.com,htlb.casalemedia.com,request,2.6-202606,True,0,0,0
p002375,bleacherreport.com,htlb.casalemedia.com,request,2.6-202606,True,0,0,0
p002376,bleacherreport.com,htlb.casalemedia.com,request,2.6-202606,True,0,0,0
p002377,bleacherreport.com,htlb.casalemedia.com,request,2.6-202606,True,0,0,0
p002378,bleacherreport.com,htlb.casalemedia.com,request,2.6-202606,True,0,0,0
p002379,bleacherreport.com,htlb.casalemedia.com,request,2.6-202606,True,0,0,0
p002380,bleacherreport.com,htlb.casalemedia.com,request,2.6-202606,True,0,0,0
p002381,bleacherreport.com,htlb.casalemedia.com,request,2.6-202606,True,0,0,0
p002382,goal.com,htlb.casalemedia.com,request,2.6-202606,True,0,0,0
p002383,goal.com,htlb.casalemedia.com,request,2.6-202606,False,2,1,1
p002384,goal.com,htlb.casalemedia.com,request,2.6-202606,False,2,1,1
p002385,weather.com,htlb.casalemedia.com,request,2.6-202606,True,0,0,0
p002386,weather.com,htlb.casalemedia.com,request,2.6-202606,False,1,1,0
p002387,goal.com,htlb.casalemedia.com,request,2.6-202606,False,2,1,1
p002388,wunderground.com,htlb.casalemedia.com,request,2.6-202606,True,0,0,0
p002389,weather.com,htlb.casalemedia.com,request,2.6-202606,False,1,1,0
p002390,weather.com,htlb.casalemedia.com,request,2.6-202606,False,1,1,0
p002391,weather.com,htlb.casalemedia.com,request,2.6-202606,False,2,1,1
p002392,weather.com,htlb.casalemedia.com,request,2.6-202606,False,2,1,1
p002393,weather.com,htlb.casalemedia.com,request,2.6-202606,False,2,1,1
p002394,weather.com,htlb.casalemedia.com,request,2.6-202606,False,2,1,1
p002395,wunderground.com,htlb.casalemedia.com,request,2.6-202606,True,0,0,0
p002396,benzinga.com,htlb.casalemedia.com,request,2.6-202606,True,0,0,0
p002397,benzinga.com,htlb.casalemedia.com,request,2.6-202606,True,0,0,0
p002398,kiplinger.com,htlb.casalemedia.com,request,2.6-202606,False,1,1,0
p002399,allrecipes.com,htlb.casalemedia.com,request,2.6-202606,True,0,0,0
p002400,kiplinger.com,htlb.casalemedia.com,request,2.6-202606,False,1,1,0
p002401,allrecipes.com,htlb.casalemedia.com,request,2.6-202606,False,1,1,0
p002402,allrecipes.com,htlb.casalemedia.com,request,2.6-202606,False,3,3,0
p002403,delish.com,htlb.casalemedia.com,request,2.6-202606,False,1,1,0
p002404,delish.com,htlb.casalemedia.com,request,2.6-202606,True,0,0,0
p002405,foodnetwork.com,htlb.casalemedia.com,request,2.6-202606,True,0,0,0
p002406,foodnetwork.com,htlb.casalemedia.com,request,2.6-202606,True,0,0,0
p002407,delish.com,htlb.casalemedia.com,request,2.6-202606,True,0,0,0
p002408,delish.com,htlb.casalemedia.com,request,2.6-202606,False,2,2,0
p002409,tasteofhome.com,htlb.casalemedia.com,request,2.6-202606,True,0,0,0
p002410,tasteofhome.com,htlb.casalemedia.com,request,2.6-202606,True,0,0,0
p002411,simplyrecipes.com,htlb.casalemedia.com,request,2.6-202606,True,0,0,0
p002412,simplyrecipes.com,htlb.casalemedia.com,request,2.6-202606,True,0,0,0
p002413,tasteofhome.com,htlb.casalemedia.com,request,2.6-202606,True,0,0,0
p002414,tasteofhome.com,htlb.casalemedia.com,request,2.6-202606,True,0,0,0
p002415,tasteofhome.com,htlb.casalemedia.com,request,2.6-202606,True,0,0,0
p002416,tasteofhome.com,htlb.casalemedia.com,request,2.6-202606,True,0,0,0
p002417,thespruceeats.com,htlb.casalemedia.com,request,2.6-202606,True,0,0,0
p002418,thespruceeats.com,htlb.casalemedia.com,request,2.6-202606,False,1,1,0
p002419,healthline.com,htlb.casalemedia.com,request,2.6-202606,False,2,2,0
p002420,verywellhealth.com,htlb.casalemedia.com,request,2.6-202606,False,1,1,0
p002421,verywellhealth.com,htlb.casalemedia.com,request,2.6-202606,False,3,3,0
p002422,verywellhealth.com,htlb.casalemedia.com,request,2.6-202606,False,3,3,0
p002423,verywellhealth.com,htlb.casalemedia.com,request,2.6-202606,False,3,3,0
p002424,people.com,htlb.casalemedia.com,request,2.6-202606,True,0,0,0
p002425,people.com,htlb.casalemedia.com,request,2.6-202606,False,3,3,0
p002426,people.com,htlb.casalemedia.com,request,2.6-202606,False,3,3,0
p002427,people.com,htlb.casalemedia.com,request,2.6-202606,False,3,3,0
p002428,people.com,htlb.casalemedia.com,request,2.6-202606,False,1,1,0
p002429,eonline.com,htlb.casalemedia.com,request,2.6-202606,True,0,0,0
p002430,eonline.com,htlb.casalemedia.com,request,2.6-202606,True,0,0,0
p002431,eonline.com,htlb.casalemedia.com,request,2.6-202606,True,0,0,0
p002432,tmz.com,htlb.casalemedia.com,request,2.6-202606,True,0,0,0
p002433,eonline.com,htlb.casalemedia.com,request,2.6-202606,True,0,0,0
p002434,eonline.com,htlb.casalemedia.com,request,2.6-202606,True,0,0,0
p002435,eonline.com,htlb.casalemedia.com,request,2.6-202606,True,0,0,0
p002436,tmz.com,htlb.casalemedia.com,request,2.6-202606,True,0,0,0
p002437,eonline.com,htlb.casalemedia.com,request,2.6-202606,True,0,0,0
p002438,stereogum.com,htlb.casalemedia.com,request,2.6-202606,True,0,0,0
p002439,stereogum.com,htlb.casalemedia.com,request,2.6-202606,False,3,2,1
p002440,rollingstone.com,htlb.casalemedia.com,request,2.6-202606,False,2,1,1
p002441,thrillist.com,htlb.casalemedia.com,request,2.6-202606,True,0,0,0
p002442,thrillist.com,htlb.casalemedia.com,request,2.6-202606,True,0,0,0
p002443,thrillist.com,htlb.casalemedia.com,request,2.6-202606,True,0,0,0
p002444,stereogum.com,htlb.casalemedia.com,request,2.6-202606,True,0,0,0
p002445,stereogum.com,htlb.casalemedia.com,request,2.6-202606,False,3,2,1
p002446,stereogum.com,htlb.casalemedia.com,request,2.6-202606,False,3,2,1
p002447,stereogum.com,htlb.casalemedia.com,request,2.6-202606,False,3,2,1
p002448,stereogum.com,htlb.casalemedia.com,request,2.6-202606,False,3,2,1
p002449,thrillist.com,htlb.casalemedia.com,request,2.6-202606,True,0,0,0
p002450,timeout.com,htlb.casalemedia.com,request,2.6-202606,False,3,2,1
p002451,timeout.com,htlb.casalemedia.com,request,2.6-202606,False,3,2,1
p002452,boredpanda.com,htlb.casalemedia.com,request,2.6-202606,True,0,0,0
p002453,thrillist.com,htlb.casalemedia.com,request,2.6-202606,True,0,0,0
p002454,timeout.com,htlb.casalemedia.com,request,2.6-202606,True,0,0,0
p002455,timeout.com,htlb.casalemedia.com,request,2.6-202606,False,2,1,1
p002456,timeout.com,htlb.casalemedia.com,request,2.6-202606,False,2,1,1
p002457,timeout.com,htlb.casalemedia.com,request,2.6-202606,True,0,0,0
p002458,boredpanda.com,htlb.casalemedia.com,request,2.6-202606,False,1,1,0
p002459,ladbible.com,htlb.casalemedia.com,request,2.6-202606,False,1,1,0
p002460,ladbible.com,htlb.casalemedia.com,request,2.6-202606,False,2,1,1
p002461,ladbible.com,htlb.casalemedia.com,request,2.6-202606,False,2,1,1
p002462,distractify.com,htlb.casalemedia.com,request,2.6-202606,False,3,2,1
p002463,ladbible.com,htlb.casalemedia.com,request,2.6-202606,False,2,1,1
p002464,distractify.com,htlb.casalemedia.com,request,2.6-202606,False,3,2,1
p002465,unilad.com,htlb.casalemedia.com,request,2.6-202606,False,1,1,0
p002466,unilad.com,htlb.casalemedia.com,request,2.6-202606,False,1,1,0
p002467,distractify.com,htlb.casalemedia.com,request,2.6-202606,True,0,0,0
p002468,unilad.com,htlb.casalemedia.com,request,2.6-202606,False,1,1,0
p002469,unilad.com,htlb.casalemedia.com,request,2.6-202606,False,1,1,0
p002470,distractify.com,htlb.casalemedia.com,request,2.6-202606,False,3,2,1
p002471,distractify.com,htlb.casalemedia.com,request,2.6-202606,True,0,0,0
p002472,distractify.com,htlb.casalemedia.com,request,2.6-202606,False,3,2,1
p002473,ranker.com,htlb.casalemedia.com,request,2.6-202606,True,0,0,0
p002474,slashfilm.com,htlb.casalemedia.com,request,2.6-202606,True,0,0,0
p002475,looper.com,htlb.casalemedia.com,request,2.6-202606,False,4,3,1
p002476,slashfilm.com,htlb.casalemedia.com,request,2.6-202606,True,0,0,0
p002477,slashfilm.com,htlb.casalemedia.com,request,2.6-202606,False,3,2,1
p002478,mashed.com,htlb.casalemedia.com,request,2.6-202606,True,0,0,0
p002479,mashed.com,htlb.casalemedia.com,request,2.6-202606,False,3,2,1
p002480,slashfilm.com,htlb.casalemedia.com,request,2.6-202606,False,3,2,1
p002481,mashed.com,htlb.casalemedia.com,request,2.6-202606,False,3,2,1
p002482,slashfilm.com,htlb.casalemedia.com,request,2.6-202606,False,3,2,1
p002483,mashed.com,htlb.casalemedia.com,request,2.6-202606,False,3,2,1
p002484,slashfilm.com,htlb.casalemedia.com,request,2.6-202606,False,3,2,1
p002485,sfgate.com,htlb.casalemedia.com,request,2.6-202606,True,0,0,0
p002486,mashed.com,htlb.casalemedia.com,request,2.6-202606,False,3,2,1
p002487,sfgate.com,htlb.casalemedia.com,request,2.6-202606,False,4,3,1
p002488,tastingtable.com,htlb.casalemedia.com,request,2.6-202606,True,0,0,0
p002489,thehill.com,htlb.casalemedia.com,request,2.6-202606,True,0,0,0
p002490,pagesix.com,htlb.casalemedia.com,response,2.6-202606,False,1,1,0
p002491,pagesix.com,htlb.casalemedia.com,response,2.6-202606,False,1,1,0
p002492,pagesix.com,htlb.casalemedia.com,response,2.6-202606,False,1,1,0
p002493,pagesix.com,htlb.casalemedia.com,response,2.6-202606,False,1,1,0
p002494,pagesix.com,htlb.casalemedia.com,response,2.6-202606,False,1,1,0
p002495,nypost.com,htlb.casalemedia.com,response,2.6-202606,False,1,1,0
p002496,nypost.com,htlb.casalemedia.com,response,2.6-202606,False,1,1,0
p002497,nypost.com,htlb.casalemedia.com,response,2.6-202606,False,1,1,0
p002498,nypost.com,htlb.casalemedia.com,response,2.6-202606,False,1,1,0
p002499,pagesix.com,htlb.casalemedia.com,response,2.6-202606,False,1,1,0
p002500,pagesix.com,htlb.casalemedia.com,response,2.6-202606,False,1,1,0
p002501,pagesix.com,htlb.casalemedia.com,response,2.6-202606,False,1,1,0
p002502,pagesix.com,htlb.casalemedia.com,response,2.6-202606,False,1,1,0
p002503,pagesix.com,htlb.casalemedia.com,response,2.6-202606,False,1,1,0
p002504,pagesix.com,htlb.casalemedia.com,response,2.6-202606,False,1,1,0
p002505,pagesix.com,htlb.casalemedia.com,response,2.6-202606,False,1,1,0
p002506,pagesix.com,htlb.casalemedia.com,response,2.6-202606,False,1,1,0
p002507,pagesix.com,htlb.casalemedia.com,response,2.6-202606,False,1,1,0
p002508,nypost.com,htlb.casalemedia.com,response,2.6-202606,False,1,1,0
p002509,nypost.com,htlb.casalemedia.com,response,2.6-202606,False,1,1,0
p002510,nypost.com,htlb.casalemedia.com,response,2.6-202606,False,1,1,0
p002511,nypost.com,htlb.casalemedia.com,response,2.6-202606,False,1,1,0
p002512,nypost.com,htlb.casalemedia.com,response,2.6-202606,False,1,1,0
p002513,nypost.com,htlb.casalemedia.com,response,2.6-202606,False,1,1,0
p002514,businessinsider.com,htlb.casalemedia.com,response,2.6-202606,False,1,1,0
p002515,businessinsider.com,htlb.casalemedia.com,response,2.6-202606,False,1,1,0
p002516,businessinsider.com,htlb.casalemedia.com,response,2.6-202606,False,1,1,0
p002517,businessinsider.com,htlb.casalemedia.com,response,2.6-202606,False,1,1,0
p002518,independent.co.uk,htlb.casalemedia.com,response,2.6-202606,False,1,1,0
p002519,independent.co.uk,htlb.casalemedia.com,response,2.6-202606,False,1,1,0
p002520,thesun.co.uk,htlb.casalemedia.com,response,2.6-202606,False,1,1,0
p002521,thesun.co.uk,htlb.casalemedia.com,response,2.6-202606,False,1,1,0
p002522,thesun.co.uk,htlb.casalemedia.com,response,2.6-202606,False,1,1,0
p002523,metro.co.uk,htlb.casalemedia.com,response,2.6-202606,False,1,1,0
p002524,metro.co.uk,htlb.casalemedia.com,response,2.6-202606,False,1,1,0
p002525,metro.co.uk,htlb.casalemedia.com,response,2.6-202606,False,1,1,0
p002526,standard.co.uk,htlb.casalemedia.com,response,2.6-202606,False,1,1,0
p002527,thesun.co.uk,htlb.casalemedia.com,response,2.6-202606,False,1,1,0
p002528,thesun.co.uk,htlb.casalemedia.com,response,2.6-202606,False,1,1,0
p002529,thesun.co.uk,htlb.casalemedia.com,response,2.6-202606,False,1,1,0
p002530,thesun.co.uk,htlb.casalemedia.com,response,2.6-202606,False,1,1,0
p002531,thesun.co.uk,htlb.casalemedia.com,response,2.6-202606,False,1,1,0
p002532,thesun.co.uk,htlb.casalemedia.com,response,2.6-202606,False,1,1,0
p002533,thesun.co.uk,htlb.casalemedia.com,response,2.6-202606,False,1,1,0
p002534,metro.co.uk,htlb.casalemedia.com,response,2.6-202606,False,1,1,0
p002535,metro.co.uk,htlb.casalemedia.com,response,2.6-202606,False,1,1,0
p002536,standard.co.uk,htlb.casalemedia.com,response,2.6-202606,False,1,1,0
p002537,cbsnews.com,htlb.casalemedia.com,response,2.6-202606,False,1,1,0
p002538,standard.co.uk,htlb.casalemedia.com,response,2.6-202606,False,1,1,0
p002539,standard.co.uk,htlb.casalemedia.com,response,2.6-202606,False,1,1,0
p002540,standard.co.uk,htlb.casalemedia.com,response,2.6-202606,False,1,1,0
p002541,standard.co.uk,htlb.casalemedia.com,response,2.6-202606,False,1,1,0
p002542,standard.co.uk,htlb.casalemedia.com,response,2.6-202606,False,1,1,0
p002543,standard.co.uk,htlb.casalemedia.com,response,2.6-202606,False,1,1,0
p002544,standard.co.uk,htlb.casalemedia.com,response,2.6-202606,False,1,1,0
p002545,nbcnews.com,htlb.casalemedia.com,response,2.6-202606,False,1,1,0
p002546,standard.co.uk,htlb.casalemedia.com,response,2.6-202606,False,1,1,0
p002547,nbcnews.com,htlb.casalemedia.com,response,2.6-202606,False,1,1,0
p002548,cbsnews.com,htlb.casalemedia.com,response,2.6-202606,False,1,1,0
p002549,abcnews.go.com,htlb.casalemedia.com,response,2.6-202606,False,1,1,0
p002550,time.com,htlb.casalemedia.com,response,2.6-202606,False,1,1,0
p002551,time.com,htlb.casalemedia.com,response,2.6-202606,False,1,1,0
p002552,time.com,htlb.casalemedia.com,response,2.6-202606,False,1,1,0
p002553,time.com,htlb.casalemedia.com,response,2.6-202606,False,1,1,0
p002554,time.com,htlb.casalemedia.com,response,2.6-202606,False,1,1,0
p002555,slate.com,htlb.casalemedia.com,response,2.6-202606,False,1,1,0
p002556,slate.com,htlb.casalemedia.com,response,2.6-202606,False,1,1,0
p002557,newsweek.com,htlb.casalemedia.com,response,2.6-202606,False,1,1,0
p002558,newsweek.com,htlb.casalemedia.com,response,2.6-202606,False,1,1,0
p002559,newsweek.com,htlb.casalemedia.com,response,2.6-202606,False,1,1,0
p002560,newsweek.com,htlb.casalemedia.com,response,2.6-202606,False,1,1,0
p002561,newsweek.com,htlb.casalemedia.com,response,2.6-202606,False,1,1,0
p002562,slate.com,htlb.casalemedia.com,response,2.6-202606,False,1,1,0
p002563,salon.com,htlb.casalemedia.com,response,2.6-202606,False,1,1,0
p002564,salon.com,htlb.casalemedia.com,response,2.6-202606,False,1,1,0
p002565,vox.com,htlb.casalemedia.com,response,2.6-202606,False,1,1,0
p002566,vox.com,htlb.casalemedia.com,response,2.6-202606,False,1,1,0
p002567,vox.com,htlb.casalemedia.com,response,2.6-202606,False,1,1,0
p002568,theverge.com,htlb.casalemedia.com,response,2.6-202606,False,1,1,0
p002569,salon.com,htlb.casalemedia.com,response,2.6-202606,False,1,1,0
p002570,salon.com,htlb.casalemedia.com,response,2.6-202606,False,1,1,0
p002571,salon.com,htlb.casalemedia.com,response,2.6-202606,False,1,1,0
p002572,salon.com,htlb.casalemedia.com,response,2.6-202606,False,1,1,0
p002573,salon.com,htlb.casalemedia.com,response,2.6-202606,False,1,1,0
p002574,salon.com,htlb.casalemedia.com,response,2.6-202606,False,1,1,0
p002575,salon.com,htlb.casalemedia.com,response,2.6-202606,False,1,1,0
p002576,salon.com,htlb.casalemedia.com,response,2.6-202606,False,1,1,0
p002577,salon.com,htlb.casalemedia.com,response,2.6-202606,False,1,1,0
p002578,theverge.com,htlb.casalemedia.com,response,2.6-202606,False,1,1,0
p002579,salon.com,htlb.casalemedia.com,response,2.6-202606,False,1,1,0
p002580,salon.com,htlb.casalemedia.com,response,2.6-202606,False,1,1,0
p002581,salon.com,htlb.casalemedia.com,response,2.6-202606,False,1,1,0
p002582,salon.com,htlb.casalemedia.com,response,2.6-202606,False,1,1,0
p002583,salon.com,htlb.casalemedia.com,response,2.6-202606,False,1,1,0
p002584,theverge.com,htlb.casalemedia.com,response,2.6-202606,False,1,1,0
p002585,salon.com,htlb.casalemedia.com,response,2.6-202606,False,1,1,0
p002586,salon.com,htlb.casalemedia.com,response,2.6-202606,False,1,1,0
p002587,salon.com,htlb.casalemedia.com,response,2.6-202606,False,1,1,0
p002588,vox.com,htlb.casalemedia.com,response,2.6-202606,False,1,1,0
p002589,vox.com,htlb.casalemedia.com,response,2.6-202606,False,1,1,0
p002590,vox.com,htlb.casalemedia.com,response,2.6-202606,False,1,1,0
p002591,theverge.com,htlb.casalemedia.com,response,2.6-202606,False,1,1,0
p002592,engadget.com,htlb.casalemedia.com,response,2.6-202606,False,1,1,0
p002593,engadget.com,htlb.casalemedia.com,response,2.6-202606,False,1,1,0
p002594,theverge.com,htlb.casalemedia.com,response,2.6-202606,False,1,1,0
p002595,theverge.com,htlb.casalemedia.com,response,2.6-202606,False,1,1,0
p002596,engadget.com,htlb.casalemedia.com,response,2.6-202606,False,1,1,0
p002597,engadget.com,htlb.casalemedia.com,response,2.6-202606,False,1,1,0
p002598,cnet.com,htlb.casalemedia.com,response,2.6-202606,False,1,1,0
p002599,engadget.com,htlb.casalemedia.com,response,2.6-202606,False,1,1,0
p002600,engadget.com,htlb.casalemedia.com,response,2.6-202606,False,1,1,0
p002601,engadget.com,htlb.casalemedia.com,response,2.6-202606,False,1,1,0
p002602,engadget.com,htlb.casalemedia.com,response,2.6-202606,False,1,1,0
p002603,cnet.com,htlb.casalemedia.com,response,2.6-202606,False,1,1,0
p002604,zdnet.com,htlb.casalemedia.com,response,2.6-202606,False,1,1,0
p002605,cnet.com,htlb.casalemedia.com,response,2.6-202606,False,1,1,0
p002606,tomshardware.com,htlb.casalemedia.com,response,2.6-202606,False,1,1,0
p002607,tomsguide.com,htlb.casalemedia.com,response,2.6-202606,False,1,1,0
p002608,zdnet.com,htlb.casalemedia.com,response,2.6-202606,False,1,1,0
p002609,zdnet.com,htlb.casalemedia.com,response,2.6-202606,False,1,1,0
p002610,zdnet.com,htlb.casalemedia.com,response,2.6-202606,False,1,1,0
p002611,tomshardware.com,htlb.casalemedia.com,response,2.6-202606,False,1,1,0
p002612,pcmag.com,htlb.casalemedia.com,response,2.6-202606,False,1,1,0
p002613,tomsguide.com,htlb.casalemedia.com,response,2.6-202606,False,1,1,0
p002614,androidauthority.com,htlb.casalemedia.com,response,2.6-202606,False,1,1,0
p002615,androidauthority.com,htlb.casalemedia.com,response,2.6-202606,False,1,1,0
p002616,pcmag.com,htlb.casalemedia.com,response,2.6-202606,False,1,1,0
p002617,pcmag.com,htlb.casalemedia.com,response,2.6-202606,False,1,1,0
p002618,pcmag.com,htlb.casalemedia.com,response,2.6-202606,False,1,1,0
p002619,pcmag.com,htlb.casalemedia.com,response,2.6-202606,False,1,1,0
p002620,pcmag.com,htlb.casalemedia.com,response,2.6-202606,False,1,1,0
p002621,pcmag.com,htlb.casalemedia.com,response,2.6-202606,False,1,1,0
p002622,androidauthority.com,htlb.casalemedia.com,response,2.6-202606,False,1,1,0
p002623,androidauthority.com,htlb.casalemedia.com,response,2.6-202606,False,1,1,0
p002624,androidauthority.com,htlb.casalemedia.com,response,2.6-202606,False,1,1,0
p002625,androidauthority.com,htlb.casalemedia.com,response,2.6-202606,False,1,1,0
p002626,androidauthority.com,htlb.casalemedia.com,response,2.6-202606,False,1,1,0
p002627,androidauthority.com,htlb.casalemedia.com,response,2.6-202606,False,1,1,0
p002628,androidauthority.com,htlb.casalemedia.com,response,2.6-202606,False,1,1,0
p002629,macrumors.com,htlb.casalemedia.com,response,2.6-202606,False,1,1,0
p002630,macrumors.com,htlb.casalemedia.com,response,2.6-202606,False,1,1,0
p002631,macrumors.com,htlb.casalemedia.com,response,2.6-202606,False,1,1,0
p002632,macrumors.com,htlb.casalemedia.com,response,2.6-202606,False,1,1,0
p002633,macrumors.com,htlb.casalemedia.com,response,2.6-202606,False,1,1,0
p002634,macrumors.com,htlb.casalemedia.com,response,2.6-202606,False,1,1,0
p002635,macrumors.com,htlb.casalemedia.com,response,2.6-202606,False,1,1,0
p002636,macrumors.com,htlb.casalemedia.com,response,2.6-202606,False,1,1,0
p002637,macrumors.com,htlb.casalemedia.com,response,2.6-202606,False,1,1,0
p002638,macrumors.com,htlb.casalemedia.com,response,2.6-202606,False,1,1,0
p002639,macrumors.com,htlb.casalemedia.com,response,2.6-202606,False,1,1,0
p002640,macrumors.com,htlb.casalemedia.com,response,2.6-202606,False,1,1,0
p002641,macrumors.com,htlb.casalemedia.com,response,2.6-202606,False,1,1,0
p002642,macrumors.com,htlb.casalemedia.com,response,2.6-202606,False,1,1,0
p002643,macrumors.com,htlb.casalemedia.com,response,2.6-202606,False,1,1,0
p002644,macrumors.com,htlb.casalemedia.com,response,2.6-202606,False,1,1,0
p002645,macrumors.com,htlb.casalemedia.com,response,2.6-202606,False,1,1,0
p002646,macrumors.com,htlb.casalemedia.com,response,2.6-202606,False,1,1,0
p002647,macrumors.com,htlb.casalemedia.com,response,2.6-202606,False,1,1,0
p002648,macrumors.com,htlb.casalemedia.com,response,2.6-202606,False,1,1,0
p002649,macrumors.com,htlb.casalemedia.com,response,2.6-202606,False,1,1,0
p002650,macrumors.com,htlb.casalemedia.com,response,2.6-202606,False,1,1,0
p002651,macrumors.com,htlb.casalemedia.com,response,2.6-202606,False,1,1,0
p002652,macrumors.com,htlb.casalemedia.com,response,2.6-202606,False,1,1,0
p002653,makeuseof.com,htlb.casalemedia.com,response,2.6-202606,False,1,1,0
p002654,makeuseof.com,htlb.casalemedia.com,response,2.6-202606,False,1,1,0
p002655,ign.com,htlb.casalemedia.com,response,2.6-202606,False,1,1,0
p002656,gamespot.com,htlb.casalemedia.com,response,2.6-202606,False,1,1,0
p002657,gamespot.com,htlb.casalemedia.com,response,2.6-202606,False,1,1,0
p002658,gamespot.com,htlb.casalemedia.com,response,2.6-202606,False,1,1,0
p002659,gamespot.com,htlb.casalemedia.com,response,2.6-202606,False,1,1,0
p002660,gamespot.com,htlb.casalemedia.com,response,2.6-202606,False,1,1,0
p002661,pcgamer.com,htlb.casalemedia.com,response,2.6-202606,False,1,1,0
p002662,pcgamer.com,htlb.casalemedia.com,response,2.6-202606,False,1,1,0
p002663,pcgamer.com,htlb.casalemedia.com,response,2.6-202606,False,1,1,0
p002664,rockpapershotgun.com,htlb.casalemedia.com,response,2.6-202606,False,1,1,0
p002665,rockpapershotgun.com,htlb.casalemedia.com,response,2.6-202606,False,1,1,0
p002666,rockpapershotgun.com,htlb.casalemedia.com,response,2.6-202606,False,1,1,0
p002667,rockpapershotgun.com,htlb.casalemedia.com,response,2.6-202606,False,1,1,0
p002668,eurogamer.net,htlb.casalemedia.com,response,2.6-202606,False,1,1,0
p002669,eurogamer.net,htlb.casalemedia.com,response,2.6-202606,False,1,1,0
p002670,eurogamer.net,htlb.casalemedia.com,response,2.6-202606,False,1,1,0
p002671,eurogamer.net,htlb.casalemedia.com,response,2.6-202606,False,1,1,0
p002672,eurogamer.net,htlb.casalemedia.com,response,2.6-202606,False,1,1,0
p002673,rockpapershotgun.com,htlb.casalemedia.com,response,2.6-202606,False,1,1,0
p002674,rockpapershotgun.com,htlb.casalemedia.com,response,2.6-202606,False,1,1,0
p002675,rockpapershotgun.com,htlb.casalemedia.com,response,2.6-202606,False,1,1,0
p002676,rockpapershotgun.com,htlb.casalemedia.com,response,2.6-202606,False,1,1,0
p002677,rockpapershotgun.com,htlb.casalemedia.com,response,2.6-202606,False,1,1,0
p002678,vg247.com,htlb.casalemedia.com,response,2.6-202606,False,1,1,0
p002679,vg247.com,htlb.casalemedia.com,response,2.6-202606,False,1,1,0
p002680,eurogamer.net,htlb.casalemedia.com,response,2.6-202606,False,1,1,0
p002681,eurogamer.net,htlb.casalemedia.com,response,2.6-202606,False,1,1,0
p002682,rockpapershotgun.com,htlb.casalemedia.com,response,2.6-202606,False,1,1,0
p002683,eurogamer.net,htlb.casalemedia.com,response,2.6-202606,False,1,1,0
p002684,vg247.com,htlb.casalemedia.com,response,2.6-202606,False,1,1,0
p002685,eurogamer.net,htlb.casalemedia.com,response,2.6-202606,False,1,1,0
p002686,vg247.com,htlb.casalemedia.com,response,2.6-202606,False,1,1,0
p002687,vg247.com,htlb.casalemedia.com,response,2.6-202606,False,1,1,0
p002688,vg247.com,htlb.casalemedia.com,response,2.6-202606,False,1,1,0
p002689,vg247.com,htlb.casalemedia.com,response,2.6-202606,False,1,1,0
p002690,vg247.com,htlb.casalemedia.com,response,2.6-202606,False,1,1,0
p002691,cbssports.com,htlb.casalemedia.com,response,2.6-202606,False,1,1,0
p002692,cbssports.com,htlb.casalemedia.com,response,2.6-202606,False,1,1,0
p002693,bleacherreport.com,htlb.casalemedia.com,response,2.6-202606,False,1,1,0
p002694,bleacherreport.com,htlb.casalemedia.com,response,2.6-202606,False,1,1,0
p002695,bleacherreport.com,htlb.casalemedia.com,response,2.6-202606,False,1,1,0
p002696,bleacherreport.com,htlb.casalemedia.com,response,2.6-202606,False,1,1,0
p002697,bleacherreport.com,htlb.casalemedia.com,response,2.6-202606,False,1,1,0
p002698,bleacherreport.com,htlb.casalemedia.com,response,2.6-202606,False,1,1,0
p002699,bleacherreport.com,htlb.casalemedia.com,response,2.6-202606,False,1,1,0
p002700,bleacherreport.com,htlb.casalemedia.com,response,2.6-202606,False,1,1,0
p002701,bleacherreport.com,htlb.casalemedia.com,response,2.6-202606,False,1,1,0
p002702,bleacherreport.com,htlb.casalemedia.com,response,2.6-202606,False,1,1,0
p002703,bleacherreport.com,htlb.casalemedia.com,response,2.6-202606,False,1,1,0
p002704,bleacherreport.com,htlb.casalemedia.com,response,2.6-202606,False,1,1,0
p002705,bleacherreport.com,htlb.casalemedia.com,response,2.6-202606,False,1,1,0
p002706,bleacherreport.com,htlb.casalemedia.com,response,2.6-202606,False,1,1,0
p002707,bleacherreport.com,htlb.casalemedia.com,response,2.6-202606,False,1,1,0
p002708,bleacherreport.com,htlb.casalemedia.com,response,2.6-202606,False,1,1,0
p002709,bleacherreport.com,htlb.casalemedia.com,response,2.6-202606,False,1,1,0
p002710,bleacherreport.com,htlb.casalemedia.com,response,2.6-202606,False,1,1,0
p002711,bleacherreport.com,htlb.casalemedia.com,response,2.6-202606,False,1,1,0
p002712,goal.com,htlb.casalemedia.com,response,2.6-202606,False,1,1,0
p002713,weather.com,htlb.casalemedia.com,response,2.6-202606,False,1,1,0
p002714,weather.com,htlb.casalemedia.com,response,2.6-202606,False,1,1,0
p002715,wunderground.com,htlb.casalemedia.com,response,2.6-202606,False,1,1,0
p002716,weather.com,htlb.casalemedia.com,response,2.6-202606,False,1,1,0
p002717,weather.com,htlb.casalemedia.com,response,2.6-202606,False,1,1,0
p002718,weather.com,htlb.casalemedia.com,response,2.6-202606,False,1,1,0
p002719,weather.com,htlb.casalemedia.com,response,2.6-202606,False,1,1,0
p002720,weather.com,htlb.casalemedia.com,response,2.6-202606,False,1,1,0
p002721,weather.com,htlb.casalemedia.com,response,2.6-202606,False,1,1,0
p002722,wunderground.com,htlb.casalemedia.com,response,2.6-202606,False,1,1,0
p002723,benzinga.com,htlb.casalemedia.com,response,2.6-202606,False,1,1,0
p002724,benzinga.com,htlb.casalemedia.com,response,2.6-202606,False,1,1,0
p002725,kiplinger.com,htlb.casalemedia.com,response,2.6-202606,True,0,0,0
p002726,allrecipes.com,htlb.casalemedia.com,response,2.6-202606,False,1,1,0
p002727,kiplinger.com,htlb.casalemedia.com,response,2.6-202606,False,1,1,0
p002728,allrecipes.com,htlb.casalemedia.com,response,2.6-202606,False,1,1,0
p002729,allrecipes.com,htlb.casalemedia.com,response,2.6-202606,False,1,1,0
p002730,delish.com,htlb.casalemedia.com,response,2.6-202606,False,1,1,0
p002731,delish.com,htlb.casalemedia.com,response,2.6-202606,False,1,1,0
p002732,foodnetwork.com,htlb.casalemedia.com,response,2.6-202606,False,1,1,0
p002733,foodnetwork.com,htlb.casalemedia.com,response,2.6-202606,False,1,1,0
p002734,delish.com,htlb.casalemedia.com,response,2.6-202606,False,1,1,0
p002735,delish.com,htlb.casalemedia.com,response,2.6-202606,False,1,1,0
p002736,simplyrecipes.com,htlb.casalemedia.com,response,2.6-202606,False,1,1,0
p002737,simplyrecipes.com,htlb.casalemedia.com,response,2.6-202606,False,1,1,0
p002738,thespruceeats.com,htlb.casalemedia.com,response,2.6-202606,False,1,1,0
p002739,thespruceeats.com,htlb.casalemedia.com,response,2.6-202606,False,1,1,0
p002740,healthline.com,htlb.casalemedia.com,response,2.6-202606,False,1,1,0
p002741,verywellhealth.com,htlb.casalemedia.com,response,2.6-202606,False,1,1,0
p002742,verywellhealth.com,htlb.casalemedia.com,response,2.6-202606,False,1,1,0
p002743,verywellhealth.com,htlb.casalemedia.com,response,2.6-202606,False,1,1,0
p002744,verywellhealth.com,htlb.casalemedia.com,response,2.6-202606,False,1,1,0
p002745,people.com,htlb.casalemedia.com,response,2.6-202606,False,1,1,0
p002746,people.com,htlb.casalemedia.com,response,2.6-202606,False,1,1,0
p002747,people.com,htlb.casalemedia.com,response,2.6-202606,False,1,1,0
p002748,people.com,htlb.casalemedia.com,response,2.6-202606,False,1,1,0
p002749,people.com,htlb.casalemedia.com,response,2.6-202606,False,1,1,0
p002750,eonline.com,htlb.casalemedia.com,response,2.6-202606,False,1,1,0
p002751,eonline.com,htlb.casalemedia.com,response,2.6-202606,False,1,1,0
p002752,eonline.com,htlb.casalemedia.com,response,2.6-202606,False,1,1,0
p002753,eonline.com,htlb.casalemedia.com,response,2.6-202606,False,1,1,0
p002754,eonline.com,htlb.casalemedia.com,response,2.6-202606,False,1,1,0
p002755,eonline.com,htlb.casalemedia.com,response,2.6-202606,False,1,1,0
p002756,eonline.com,htlb.casalemedia.com,response,2.6-202606,False,1,1,0
p002757,stereogum.com,htlb.casalemedia.com,response,2.6-202606,False,1,1,0
p002758,stereogum.com,htlb.casalemedia.com,response,2.6-202606,False,1,1,0
p002759,thrillist.com,htlb.casalemedia.com,response,2.6-202606,False,1,1,0
p002760,thrillist.com,htlb.casalemedia.com,response,2.6-202606,False,1,1,0
p002761,thrillist.com,htlb.casalemedia.com,response,2.6-202606,False,1,1,0
p002762,stereogum.com,htlb.casalemedia.com,response,2.6-202606,False,1,1,0
p002763,stereogum.com,htlb.casalemedia.com,response,2.6-202606,False,1,1,0
p002764,stereogum.com,htlb.casalemedia.com,response,2.6-202606,False,1,1,0
p002765,stereogum.com,htlb.casalemedia.com,response,2.6-202606,False,1,1,0
p002766,stereogum.com,htlb.casalemedia.com,response,2.6-202606,False,1,1,0
p002767,thrillist.com,htlb.casalemedia.com,response,2.6-202606,False,1,1,0
p002768,timeout.com,htlb.casalemedia.com,response,2.6-202606,False,1,1,0
p002769,timeout.com,htlb.casalemedia.com,response,2.6-202606,False,1,1,0
p002770,boredpanda.com,htlb.casalemedia.com,response,2.6-202606,False,1,1,0
p002771,thrillist.com,htlb.casalemedia.com,response,2.6-202606,False,1,1,0
p002772,timeout.com,htlb.casalemedia.com,response,2.6-202606,False,1,1,0
p002773,timeout.com,htlb.casalemedia.com,response,2.6-202606,False,1,1,0
p002774,timeout.com,htlb.casalemedia.com,response,2.6-202606,False,1,1,0
p002775,timeout.com,htlb.casalemedia.com,response,2.6-202606,False,1,1,0
p002776,boredpanda.com,htlb.casalemedia.com,response,2.6-202606,False,1,1,0
p002777,ladbible.com,htlb.casalemedia.com,response,2.6-202606,False,1,1,0
p002778,distractify.com,htlb.casalemedia.com,response,2.6-202606,False,1,1,0
p002779,distractify.com,htlb.casalemedia.com,response,2.6-202606,False,1,1,0
p002780,unilad.com,htlb.casalemedia.com,response,2.6-202606,False,1,1,0
p002781,unilad.com,htlb.casalemedia.com,response,2.6-202606,False,1,1,0
p002782,distractify.com,htlb.casalemedia.com,response,2.6-202606,False,1,1,0
p002783,unilad.com,htlb.casalemedia.com,response,2.6-202606,False,1,1,0
p002784,unilad.com,htlb.casalemedia.com,response,2.6-202606,False,1,1,0
p002785,distractify.com,htlb.casalemedia.com,response,2.6-202606,False,1,1,0
p002786,distractify.com,htlb.casalemedia.com,response,2.6-202606,False,1,1,0
p002787,distractify.com,htlb.casalemedia.com,response,2.6-202606,False,1,1,0
p002788,ranker.com,htlb.casalemedia.com,response,2.6-202606,False,1,1,0
p002789,slashfilm.com,htlb.casalemedia.com,response,2.6-202606,False,1,1,0
p002790,looper.com,htlb.casalemedia.com,response,2.6-202606,False,1,1,0
p002791,slashfilm.com,htlb.casalemedia.com,response,2.6-202606,False,1,1,0
p002792,slashfilm.com,htlb.casalemedia.com,response,2.6-202606,False,1,1,0
p002793,mashed.com,htlb.casalemedia.com,response,2.6-202606,False,1,1,0
p002794,mashed.com,htlb.casalemedia.com,response,2.6-202606,False,1,1,0
p002795,slashfilm.com,htlb.casalemedia.com,response,2.6-202606,False,1,1,0
p002796,mashed.com,htlb.casalemedia.com,response,2.6-202606,False,1,1,0
p002797,slashfilm.com,htlb.casalemedia.com,response,2.6-202606,False,1,1,0
p002798,mashed.com,htlb.casalemedia.com,response,2.6-202606,False,1,1,0
p002799,mashed.com,htlb.casalemedia.com,response,2.6-202606,False,1,1,0
p002800,sfgate.com,htlb.casalemedia.com,response,2.6-202606,False,1,1,0
p002801,tastingtable.com,htlb.casalemedia.com,response,2.6-202606,False,1,1,0
p002802,pagesix.com,ib.adnxs.com,request,2.6-202606,True,0,0,0
p002803,pagesix.com,ib.adnxs.com,request,2.6-202606,True,0,0,0
p002804,pagesix.com,ib.adnxs.com,request,2.6-202606,True,0,0,0
p002805,pagesix.com,ib.adnxs.com,request,2.6-202606,True,0,0,0
p002806,pagesix.com,ib.adnxs.com,request,2.6-202606,True,0,0,0
p002807,nypost.com,ib.adnxs.com,request,2.6-202606,True,0,0,0
p002808,nypost.com,ib.adnxs.com,request,2.6-202606,True,0,0,0
p002809,nypost.com,ib.adnxs.com,request,2.6-202606,True,0,0,0
p002810,nypost.com,ib.adnxs.com,request,2.6-202606,True,0,0,0
p002811,pagesix.com,ib.adnxs.com,request,2.6-202606,True,0,0,0
p002812,pagesix.com,ib.adnxs.com,request,2.6-202606,True,0,0,0
p002813,nypost.com,ib.adnxs.com,request,2.6-202606,True,0,0,0
p002814,nypost.com,ib.adnxs.com,request,2.6-202606,True,0,0,0
p002815,nypost.com,ib.adnxs.com,request,2.6-202606,True,0,0,0
p002816,independent.co.uk,ib.adnxs.com,request,2.6-202606,False,2,1,1
p002817,independent.co.uk,ib.adnxs.com,request,2.6-202606,False,2,1,1
p002818,thesun.co.uk,ib.adnxs.com,request,2.6-202606,False,1,1,0
p002819,thesun.co.uk,ib.adnxs.com,request,2.6-202606,False,1,1,0
p002820,thesun.co.uk,ib.adnxs.com,request,2.6-202606,False,1,1,0
p002821,metro.co.uk,ib.adnxs.com,request,2.6-202606,False,1,1,0
p002822,metro.co.uk,ib.adnxs.com,request,2.6-202606,False,2,1,1
p002823,metro.co.uk,ib.adnxs.com,request,2.6-202606,False,1,1,0
p002824,standard.co.uk,ib.adnxs.com,request,2.6-202606,False,3,2,1
p002825,thesun.co.uk,ib.adnxs.com,request,2.6-202606,False,1,1,0
p002826,thesun.co.uk,ib.adnxs.com,request,2.6-202606,False,2,1,1
p002827,thesun.co.uk,ib.adnxs.com,request,2.6-202606,False,1,1,0
p002828,thesun.co.uk,ib.adnxs.com,request,2.6-202606,False,1,1,0
p002829,thesun.co.uk,ib.adnxs.com,request,2.6-202606,False,1,1,0
p002830,thesun.co.uk,ib.adnxs.com,request,2.6-202606,False,2,1,1
p002831,thesun.co.uk,ib.adnxs.com,request,2.6-202606,False,1,1,0
p002832,metro.co.uk,ib.adnxs.com,request,2.6-202606,False,1,1,0
p002833,metro.co.uk,ib.adnxs.com,request,2.6-202606,False,1,1,0
p002834,cbsnews.com,ib.adnxs.com,request,2.6-202606,True,0,0,0
p002835,standard.co.uk,ib.adnxs.com,request,2.6-202606,False,5,3,2
p002836,standard.co.uk,ib.adnxs.com,request,2.6-202606,False,1,1,0
p002837,standard.co.uk,ib.adnxs.com,request,2.6-202606,False,1,1,0
p002838,standard.co.uk,ib.adnxs.com,request,2.6-202606,False,1,1,0
p002839,standard.co.uk,ib.adnxs.com,request,2.6-202606,False,1,1,0
p002840,standard.co.uk,ib.adnxs.com,request,2.6-202606,False,1,1,0
p002841,cbsnews.com,ib.adnxs.com,request,2.6-202606,True,0,0,0
p002842,androidauthority.com,ib.adnxs.com,request,2.6-202606,True,0,0,0
p002843,androidauthority.com,ib.adnxs.com,request,2.6-202606,True,0,0,0
p002844,androidauthority.com,ib.adnxs.com,request,2.6-202606,True,0,0,0
p002845,androidauthority.com,ib.adnxs.com,request,2.6-202606,True,0,0,0
p002846,androidauthority.com,ib.adnxs.com,request,2.6-202606,True,0,0,0
p002847,androidauthority.com,ib.adnxs.com,request,2.6-202606,True,0,0,0
p002848,androidauthority.com,ib.adnxs.com,request,2.6-202606,True,0,0,0
p002849,androidauthority.com,ib.adnxs.com,request,2.6-202606,True,0,0,0
p002850,cbssports.com,ib.adnxs.com,request,2.6-202606,True,0,0,0
p002851,cbssports.com,ib.adnxs.com,request,2.6-202606,True,0,0,0
p002852,talksport.com,ib.adnxs.com,request,2.6-202606,False,1,1,0
p002853,talksport.com,ib.adnxs.com,request,2.6-202606,False,1,1,0
p002854,talksport.com,ib.adnxs.com,request,2.6-202606,False,1,1,0
p002855,talksport.com,ib.adnxs.com,request,2.6-202606,False,1,1,0
p002856,talksport.com,ib.adnxs.com,request,2.6-202606,False,1,1,0
p002857,talksport.com,ib.adnxs.com,request,2.6-202606,False,1,1,0
p002858,talksport.com,ib.adnxs.com,request,2.6-202606,False,1,1,0
p002859,talksport.com,ib.adnxs.com,request,2.6-202606,False,1,1,0
p002860,talksport.com,ib.adnxs.com,request,2.6-202606,False,1,1,0
p002861,talksport.com,ib.adnxs.com,request,2.6-202606,False,1,1,0
p002862,talksport.com,ib.adnxs.com,request,2.6-202606,False,1,1,0
p002863,talksport.com,ib.adnxs.com,request,2.6-202606,False,1,1,0
p002864,talksport.com,ib.adnxs.com,request,2.6-202606,False,1,1,0
p002865,talksport.com,ib.adnxs.com,request,2.6-202606,False,1,1,0
p002866,allrecipes.com,ib.adnxs.com,request,2.6-202606,True,0,0,0
p002867,allrecipes.com,ib.adnxs.com,request,2.6-202606,True,0,0,0
p002868,allrecipes.com,ib.adnxs.com,request,2.6-202606,True,0,0,0
p002869,delish.com,ib.adnxs.com,request,2.6-202606,True,0,0,0
p002870,delish.com,ib.adnxs.com,request,2.6-202606,True,0,0,0
p002871,delish.com,ib.adnxs.com,request,2.6-202606,True,0,0,0
p002872,delish.com,ib.adnxs.com,request,2.6-202606,True,0,0,0
p002873,simplyrecipes.com,ib.adnxs.com,request,2.6-202606,True,0,0,0
p002874,simplyrecipes.com,ib.adnxs.com,request,2.6-202606,True,0,0,0
p002875,thespruceeats.com,ib.adnxs.com,request,2.6-202606,True,0,0,0
p002876,thespruceeats.com,ib.adnxs.com,request,2.6-202606,True,0,0,0
p002877,verywellhealth.com,ib.adnxs.com,request,2.6-202606,True,0,0,0
p002878,verywellhealth.com,ib.adnxs.com,request,2.6-202606,True,0,0,0
p002879,verywellhealth.com,ib.adnxs.com,request,2.6-202606,True,0,0,0
p002880,verywellhealth.com,ib.adnxs.com,request,2.6-202606,True,0,0,0
p002881,people.com,ib.adnxs.com,request,2.6-202606,True,0,0,0
p002882,people.com,ib.adnxs.com,request,2.6-202606,True,0,0,0
p002883,people.com,ib.adnxs.com,request,2.6-202606,True,0,0,0
p002884,people.com,ib.adnxs.com,request,2.6-202606,True,0,0,0
p002885,people.com,ib.adnxs.com,request,2.6-202606,True,0,0,0
p002886,variety.com,ib.adnxs.com,request,2.6-202606,True,0,0,0
p002887,variety.com,ib.adnxs.com,request,2.6-202606,True,0,0,0
p002888,variety.com,ib.adnxs.com,request,2.6-202606,True,0,0,0
p002889,deadline.com,ib.adnxs.com,request,2.6-202606,True,2,0,2
p002890,hollywoodreporter.com,ib.adnxs.com,request,2.6-202606,True,1,0,1
p002891,hollywoodreporter.com,ib.adnxs.com,request,2.6-202606,True,1,0,1
p002892,rollingstone.com,ib.adnxs.com,request,2.6-202606,True,0,0,0
p002893,hollywoodreporter.com,ib.adnxs.com,request,2.6-202606,True,1,0,1
p002894,hollywoodreporter.com,ib.adnxs.com,request,2.6-202606,True,1,0,1
p002895,hollywoodreporter.com,ib.adnxs.com,request,2.6-202606,True,0,0,0
p002896,hollywoodreporter.com,ib.adnxs.com,request,2.6-202606,True,0,0,0
p002897,billboard.com,ib.adnxs.com,request,2.6-202606,True,0,0,0
p002898,rollingstone.com,ib.adnxs.com,request,2.6-202606,True,2,0,2
p002899,rollingstone.com,ib.adnxs.com,request,2.6-202606,True,1,0,1
p002900,billboard.com,ib.adnxs.com,request,2.6-202606,True,1,0,1
p002901,billboard.com,ib.adnxs.com,request,2.6-202606,True,1,0,1
p002902,rollingstone.com,ib.adnxs.com,request,2.6-202606,True,1,0,1
p002903,billboard.com,ib.adnxs.com,request,2.6-202606,True,1,0,1
p002904,rollingstone.com,ib.adnxs.com,request,2.6-202606,True,1,0,1
p002905,billboard.com,ib.adnxs.com,request,2.6-202606,True,2,0,2
p002906,billboard.com,ib.adnxs.com,request,2.6-202606,True,1,0,1
p002907,billboard.com,ib.adnxs.com,request,2.6-202606,True,0,0,0
p002908,billboard.com,ib.adnxs.com,request,2.6-202606,True,0,0,0
p002909,boredpanda.com,ib.adnxs.com,request,2.6-202606,True,0,0,0
p002910,boredpanda.com,ib.adnxs.com,request,2.6-202606,True,0,0,0
p002911,tomshardware.com,mweb-hb.presage.io,request,2.6-202606,False,1,1,0
p002912,tomsguide.com,mweb-hb.presage.io,request,2.6-202606,False,1,1,0
p002913,tomshardware.com,mweb-hb.presage.io,request,2.6-202606,False,1,1,0
p002914,tomsguide.com,mweb-hb.presage.io,request,2.6-202606,False,1,1,0
p002915,pcgamer.com,mweb-hb.presage.io,request,2.6-202606,False,1,1,0
p002916,pcgamer.com,mweb-hb.presage.io,request,2.6-202606,False,1,1,0
p002917,sportingnews.com,mweb-hb.presage.io,request,2.6-202606,True,0,0,0
p002918,kiplinger.com,mweb-hb.presage.io,request,2.6-202606,False,1,1,0
p002919,kiplinger.com,mweb-hb.presage.io,request,2.6-202606,False,1,1,0
p002920,ladbible.com,mweb-hb.presage.io,request,2.6-202606,False,1,1,0
p002921,unilad.com,mweb-hb.presage.io,request,2.6-202606,False,1,1,0
p002922,unilad.com,mweb-hb.presage.io,request,2.6-202606,False,1,1,0
p002923,unilad.com,mweb-hb.presage.io,request,2.6-202606,False,1,1,0
p002924,unilad.com,mweb-hb.presage.io,request,2.6-202606,False,1,1,0
p002925,tomsguide.com,mweb-hb.presage.io,response,2.6-202606,True,0,0,0
p002926,kiplinger.com,mweb-hb.presage.io,response,2.6-202606,True,0,0,0
p002927,cbsnews.com,native.bidder.taboola.com,request,2.6-202606,True,0,0,0
p002928,cbsnews.com,native.bidder.taboola.com,request,2.6-202606,True,0,0,0
p002929,cbssports.com,native.bidder.taboola.com,request,2.6-202606,True,0,0,0
p002930,cbssports.com,native.bidder.taboola.com,request,2.6-202606,True,0,0,0
p002931,chicagotribune.com,npid.amspbs.com,request,2.6-202606,True,0,0,0
p002932,chicagotribune.com,npid.amspbs.com,request,2.6-202606,True,0,0,0
p002933,chicagotribune.com,npid.amspbs.com,request,2.6-202606,True,0,0,0
p002934,chicagotribune.com,npid.amspbs.com,request,2.6-202606,True,0,0,0
p002935,chicagotribune.com,npid.amspbs.com,request,2.6-202606,True,0,0,0
p002936,chicagotribune.com,npid.amspbs.com,request,2.6-202606,True,0,0,0
p002937,nydailynews.com,npid.amspbs.com,request,2.6-202606,True,0,0,0
p002938,nydailynews.com,npid.amspbs.com,request,2.6-202606,True,0,0,0
p002939,nydailynews.com,npid.amspbs.com,request,2.6-202606,True,0,0,0
p002940,nydailynews.com,npid.amspbs.com,request,2.6-202606,True,0,0,0
p002941,nydailynews.com,npid.amspbs.com,request,2.6-202606,True,0,0,0
p002942,nydailynews.com,npid.amspbs.com,request,2.6-202606,True,0,0,0
p002943,nydailynews.com,npid.amspbs.com,request,2.6-202606,True,0,0,0
p002944,huffpost.com,openads.adsrvr.org,request,2.6-202606,True,0,0,0
p002945,huffpost.com,openads.adsrvr.org,request,2.6-202606,True,0,0,0
p002946,huffpost.com,openads.adsrvr.org,request,2.6-202606,True,0,0,0
p002947,huffpost.com,openads.adsrvr.org,request,2.6-202606,True,0,0,0
p002948,huffpost.com,openads.adsrvr.org,request,2.6-202606,True,0,0,0
p002949,huffpost.com,openads.adsrvr.org,request,2.6-202606,True,0,0,0
p002950,huffpost.com,openads.adsrvr.org,request,2.6-202606,True,0,0,0
p002951,huffpost.com,openads.adsrvr.org,request,2.6-202606,True,0,0,0
p002952,huffpost.com,openads.adsrvr.org,request,2.6-202606,True,0,0,0
p002953,newsweek.com,openads.adsrvr.org,request,2.6-202606,False,2,2,0
p002954,newsweek.com,openads.adsrvr.org,request,2.6-202606,False,2,2,0
p002955,newsweek.com,openads.adsrvr.org,request,2.6-202606,False,2,2,0
p002956,newsweek.com,openads.adsrvr.org,request,2.6-202606,False,2,2,0
p002957,newsweek.com,openads.adsrvr.org,request,2.6-202606,False,2,2,0
p002958,newsweek.com,openads.adsrvr.org,request,2.6-202606,False,2,2,0
p002959,newsweek.com,openads.adsrvr.org,request,2.6-202606,False,2,2,0
p002960,newsweek.com,openads.adsrvr.org,request,2.6-202606,False,2,2,0
p002961,newsweek.com,openads.adsrvr.org,request,2.6-202606,False,2,2,0
p002962,cnet.com,openads.adsrvr.org,request,2.6-202606,True,0,0,0
p002963,cnet.com,openads.adsrvr.org,request,2.6-202606,True,0,0,0
p002964,zdnet.com,openads.adsrvr.org,request,2.6-202606,True,0,0,0
p002965,cnet.com,openads.adsrvr.org,request,2.6-202606,True,0,0,0
p002966,zdnet.com,openads.adsrvr.org,request,2.6-202606,True,0,0,0
p002967,zdnet.com,openads.adsrvr.org,request,2.6-202606,True,0,0,0
p002968,zdnet.com,openads.adsrvr.org,request,2.6-202606,True,1,0,1
p002969,pcmag.com,openads.adsrvr.org,request,2.6-202606,True,0,0,0
p002970,pcmag.com,openads.adsrvr.org,request,2.6-202606,True,0,0,0
p002971,pcmag.com,openads.adsrvr.org,request,2.6-202606,True,0,0,0
p002972,pcmag.com,openads.adsrvr.org,request,2.6-202606,True,0,0,0
p002973,pcmag.com,openads.adsrvr.org,request,2.6-202606,True,0,0,0
p002974,pcmag.com,openads.adsrvr.org,request,2.6-202606,True,0,0,0
p002975,pcmag.com,openads.adsrvr.org,request,2.6-202606,True,0,0,0
p002976,ign.com,openads.adsrvr.org,request,2.6-202606,True,0,0,0
p002977,si.com,openads.adsrvr.org,request,2.6-202606,True,0,0,0
p002978,investopedia.com,openads.adsrvr.org,request,2.6-202606,True,0,0,0
p002979,investopedia.com,openads.adsrvr.org,request,2.6-202606,True,0,0,0
p002980,investopedia.com,openads.adsrvr.org,request,2.6-202606,True,0,0,0
p002981,allrecipes.com,openads.adsrvr.org,request,2.6-202606,True,0,0,0
p002982,allrecipes.com,openads.adsrvr.org,request,2.6-202606,True,0,0,0
p002983,allrecipes.com,openads.adsrvr.org,request,2.6-202606,True,0,0,0
p002984,allrecipes.com,openads.adsrvr.org,request,2.6-202606,True,0,0,0
p002985,simplyrecipes.com,openads.adsrvr.org,request,2.6-202606,True,0,0,0
p002986,simplyrecipes.com,openads.adsrvr.org,request,2.6-202606,True,0,0,0
p002987,seriouseats.com,openads.adsrvr.org,request,2.6-202606,True,0,0,0
p002988,seriouseats.com,openads.adsrvr.org,request,2.6-202606,True,0,0,0
p002989,thespruceeats.com,openads.adsrvr.org,request,2.6-202606,True,0,0,0
p002990,thespruceeats.com,openads.adsrvr.org,request,2.6-202606,True,0,0,0
p002991,verywellhealth.com,openads.adsrvr.org,request,2.6-202606,True,0,0,0
p002992,verywellhealth.com,openads.adsrvr.org,request,2.6-202606,True,0,0,0
p002993,verywellhealth.com,openads.adsrvr.org,request,2.6-202606,True,0,0,0
p002994,verywellhealth.com,openads.adsrvr.org,request,2.6-202606,True,0,0,0
p002995,health.com,openads.adsrvr.org,request,2.6-202606,True,0,0,0
p002996,people.com,openads.adsrvr.org,request,2.6-202606,True,0,0,0
p002997,people.com,openads.adsrvr.org,request,2.6-202606,True,0,0,0
p002998,people.com,openads.adsrvr.org,request,2.6-202606,True,0,0,0
p002999,people.com,openads.adsrvr.org,request,2.6-202606,True,0,0,0
p003000,people.com,openads.adsrvr.org,request,2.6-202606,True,0,0,0
p003001,buzzfeed.com,openads.adsrvr.org,request,2.6-202606,True,0,0,0
p003002,buzzfeed.com,openads.adsrvr.org,request,2.6-202606,True,0,0,0
p003003,buzzfeed.com,openads.adsrvr.org,request,2.6-202606,True,0,0,0
p003004,buzzfeed.com,openads.adsrvr.org,request,2.6-202606,True,0,0,0
p003005,buzzfeed.com,openads.adsrvr.org,request,2.6-202606,True,0,0,0
p003006,buzzfeed.com,openads.adsrvr.org,request,2.6-202606,True,0,0,0
p003007,buzzfeed.com,openads.adsrvr.org,request,2.6-202606,True,0,0,0
p003008,buzzfeed.com,openads.adsrvr.org,request,2.6-202606,True,0,0,0
p003009,buzzfeed.com,openads.adsrvr.org,request,2.6-202606,True,0,0,0
p003010,buzzfeed.com,openads.adsrvr.org,request,2.6-202606,True,0,0,0
p003011,buzzfeed.com,openads.adsrvr.org,request,2.6-202606,True,0,0,0
p003012,buzzfeed.com,openads.adsrvr.org,request,2.6-202606,True,0,0,0
p003013,buzzfeed.com,openads.adsrvr.org,request,2.6-202606,True,0,0,0
p003014,buzzfeed.com,openads.adsrvr.org,request,2.6-202606,True,0,0,0
p003015,huffpost.com,openads.adsrvr.org,response,2.6-202606,True,0,0,0
p003016,cnet.com,openads.adsrvr.org,response,2.6-202606,True,0,0,0
p003017,salon.com,pbs-raptive-us.ay.delivery,request,2.6-202606,True,0,0,0
p003018,salon.com,pbs-raptive-us.ay.delivery,request,2.6-202606,True,0,0,0
p003019,salon.com,pbs-raptive-us.ay.delivery,request,2.6-202606,True,0,0,0
p003020,salon.com,pbs-raptive-us.ay.delivery,request,2.6-202606,True,0,0,0
p003021,salon.com,pbs-raptive-us.ay.delivery,request,2.6-202606,True,0,0,0
p003022,salon.com,pbs-raptive-us.ay.delivery,request,2.6-202606,False,2,1,1
p003023,salon.com,pbs-raptive-us.ay.delivery,request,2.6-202606,True,0,0,0
p003024,salon.com,pbs-raptive-us.ay.delivery,request,2.6-202606,False,2,1,1
p003025,salon.com,pbs-raptive-us.ay.delivery,request,2.6-202606,False,6,3,3
p003026,salon.com,pbs-raptive-us.ay.delivery,request,2.6-202606,True,0,0,0
p003027,salon.com,pbs-raptive-us.ay.delivery,request,2.6-202606,True,0,0,0
p003028,salon.com,pbs-raptive-us.ay.delivery,request,2.6-202606,True,0,0,0
p003029,salon.com,pbs-raptive-us.ay.delivery,request,2.6-202606,True,0,0,0
p003030,salon.com,pbs-raptive-us.ay.delivery,request,2.6-202606,True,0,0,0
p003031,salon.com,pbs-raptive-us.ay.delivery,request,2.6-202606,False,2,1,1
p003032,salon.com,pbs-raptive-us.ay.delivery,request,2.6-202606,False,2,1,1
p003033,salon.com,pbs-raptive-us.ay.delivery,request,2.6-202606,True,0,0,0
p003034,salon.com,pbs-raptive-us.ay.delivery,request,2.6-202606,False,2,1,1
p003035,salon.com,pbs-raptive-us.ay.delivery,request,2.6-202606,False,2,1,1
p003036,engadget.com,pbs-raptive-us.ay.delivery,request,2.6-202606,True,0,0,0
p003037,engadget.com,pbs-raptive-us.ay.delivery,request,2.6-202606,False,2,1,1
p003038,engadget.com,pbs-raptive-us.ay.delivery,request,2.6-202606,False,2,1,1
p003039,engadget.com,pbs-raptive-us.ay.delivery,request,2.6-202606,True,0,0,0
p003040,engadget.com,pbs-raptive-us.ay.delivery,request,2.6-202606,False,2,1,1
p003041,engadget.com,pbs-raptive-us.ay.delivery,request,2.6-202606,False,2,1,1
p003042,macrumors.com,pbs-raptive-us.ay.delivery,request,2.6-202606,True,0,0,0
p003043,macrumors.com,pbs-raptive-us.ay.delivery,request,2.6-202606,True,0,0,0
p003044,macrumors.com,pbs-raptive-us.ay.delivery,request,2.6-202606,False,6,3,3
p003045,macrumors.com,pbs-raptive-us.ay.delivery,request,2.6-202606,True,0,0,0
p003046,macrumors.com,pbs-raptive-us.ay.delivery,request,2.6-202606,True,0,0,0
p003047,macrumors.com,pbs-raptive-us.ay.delivery,request,2.6-202606,True,0,0,0
p003048,macrumors.com,pbs-raptive-us.ay.delivery,request,2.6-202606,True,0,0,0
p003049,macrumors.com,pbs-raptive-us.ay.delivery,request,2.6-202606,True,0,0,0
p003050,macrumors.com,pbs-raptive-us.ay.delivery,request,2.6-202606,True,0,0,0
p003051,macrumors.com,pbs-raptive-us.ay.delivery,request,2.6-202606,True,0,0,0
p003052,macrumors.com,pbs-raptive-us.ay.delivery,request,2.6-202606,True,0,0,0
p003053,macrumors.com,pbs-raptive-us.ay.delivery,request,2.6-202606,True,0,0,0
p003054,macrumors.com,pbs-raptive-us.ay.delivery,request,2.6-202606,True,0,0,0
p003055,macrumors.com,pbs-raptive-us.ay.delivery,request,2.6-202606,True,0,0,0
p003056,macrumors.com,pbs-raptive-us.ay.delivery,request,2.6-202606,True,0,0,0
p003057,macrumors.com,pbs-raptive-us.ay.delivery,request,2.6-202606,False,6,3,3
p003058,macrumors.com,pbs-raptive-us.ay.delivery,request,2.6-202606,True,0,0,0
p003059,macrumors.com,pbs-raptive-us.ay.delivery,request,2.6-202606,True,0,0,0
p003060,macrumors.com,pbs-raptive-us.ay.delivery,request,2.6-202606,True,0,0,0
p003061,macrumors.com,pbs-raptive-us.ay.delivery,request,2.6-202606,True,0,0,0
p003062,macrumors.com,pbs-raptive-us.ay.delivery,request,2.6-202606,True,0,0,0
p003063,macrumors.com,pbs-raptive-us.ay.delivery,request,2.6-202606,True,0,0,0
p003064,macrumors.com,pbs-raptive-us.ay.delivery,request,2.6-202606,True,0,0,0
p003065,macrumors.com,pbs-raptive-us.ay.delivery,request,2.6-202606,True,0,0,0
p003066,benzinga.com,pbs-raptive-us.ay.delivery,request,2.6-202606,True,0,0,0
p003067,benzinga.com,pbs-raptive-us.ay.delivery,request,2.6-202606,True,0,0,0
p003068,stereogum.com,pbs-raptive-us.ay.delivery,request,2.6-202606,True,0,0,0
p003069,stereogum.com,pbs-raptive-us.ay.delivery,request,2.6-202606,False,6,3,3
p003070,stereogum.com,pbs-raptive-us.ay.delivery,request,2.6-202606,True,0,0,0
p003071,stereogum.com,pbs-raptive-us.ay.delivery,request,2.6-202606,False,2,1,1
p003072,stereogum.com,pbs-raptive-us.ay.delivery,request,2.6-202606,False,2,1,1
p003073,stereogum.com,pbs-raptive-us.ay.delivery,request,2.6-202606,False,2,1,1
p003074,stereogum.com,pbs-raptive-us.ay.delivery,request,2.6-202606,False,2,1,1
p003075,ranker.com,pbs-raptive-us.ay.delivery,request,2.6-202606,True,0,0,0
p003076,grunge.com,pbs-raptive-us.ay.delivery,request,2.6-202606,True,0,0,0
p003077,slashfilm.com,pbs-raptive-us.ay.delivery,request,2.6-202606,True,0,0,0
p003078,slashfilm.com,pbs-raptive-us.ay.delivery,request,2.6-202606,True,0,0,0
p003079,slashfilm.com,pbs-raptive-us.ay.delivery,request,2.6-202606,False,2,1,1
p003080,mashed.com,pbs-raptive-us.ay.delivery,request,2.6-202606,True,0,0,0
p003081,mashed.com,pbs-raptive-us.ay.delivery,request,2.6-202606,False,2,1,1
p003082,slashfilm.com,pbs-raptive-us.ay.delivery,request,2.6-202606,False,2,1,1
p003083,mashed.com,pbs-raptive-us.ay.delivery,request,2.6-202606,False,2,1,1
p003084,slashfilm.com,pbs-raptive-us.ay.delivery,request,2.6-202606,False,2,1,1
p003085,mashed.com,pbs-raptive-us.ay.delivery,request,2.6-202606,False,2,1,1
p003086,slashfilm.com,pbs-raptive-us.ay.delivery,request,2.6-202606,False,2,1,1
p003087,mashed.com,pbs-raptive-us.ay.delivery,request,2.6-202606,False,2,1,1
p003088,tastingtable.com,pbs-raptive-us.ay.delivery,request,2.6-202606,True,0,0,0
p003089,salon.com,pbs-raptive-us.ay.delivery,response,2.6-202606,True,0,0,0
p003090,engadget.com,pbs-raptive-us.ay.delivery,response,2.6-202606,True,0,0,0
p003091,engadget.com,pbs-raptive-us.ay.delivery,response,2.6-202606,True,0,0,0
p003092,engadget.com,pbs-raptive-us.ay.delivery,response,2.6-202606,True,0,0,0
p003093,engadget.com,pbs-raptive-us.ay.delivery,response,2.6-202606,True,0,0,0
p003094,macrumors.com,pbs-raptive-us.ay.delivery,response,2.6-202606,True,0,0,0
p003095,stereogum.com,pbs-raptive-us.ay.delivery,response,2.6-202606,True,0,0,0
p003096,stereogum.com,pbs-raptive-us.ay.delivery,response,2.6-202606,True,1,0,1
p003097,stereogum.com,pbs-raptive-us.ay.delivery,response,2.6-202606,True,1,0,1
p003098,stereogum.com,pbs-raptive-us.ay.delivery,response,2.6-202606,True,1,0,1
p003099,stereogum.com,pbs-raptive-us.ay.delivery,response,2.6-202606,True,1,0,1
p003100,slashfilm.com,pbs-raptive-us.ay.delivery,response,2.6-202606,True,0,0,0
p003101,slashfilm.com,pbs-raptive-us.ay.delivery,response,2.6-202606,True,2,0,2
p003102,mashed.com,pbs-raptive-us.ay.delivery,response,2.6-202606,True,1,0,1
p003103,slashfilm.com,pbs-raptive-us.ay.delivery,response,2.6-202606,True,1,0,1
p003104,mashed.com,pbs-raptive-us.ay.delivery,response,2.6-202606,True,0,0,0
p003105,slashfilm.com,pbs-raptive-us.ay.delivery,response,2.6-202606,True,2,0,2
p003106,mashed.com,pbs-raptive-us.ay.delivery,response,2.6-202606,True,1,0,1
p003107,mashed.com,pbs-raptive-us.ay.delivery,response,2.6-202606,True,0,0,0
p003108,wunderground.com,pbs-us-east.ay.delivery,request,2.6-202606,True,0,0,0
p003109,wunderground.com,pbs-us-east.ay.delivery,request,2.6-202606,True,0,0,0
p003110,allrecipes.com,pbs-us-east.ay.delivery,request,2.6-202606,True,0,0,0
p003111,allrecipes.com,pbs-us-east.ay.delivery,request,2.6-202606,True,0,0,0
p003112,allrecipes.com,pbs-us-east.ay.delivery,request,2.6-202606,True,0,0,0
p003113,simplyrecipes.com,pbs-us-east.ay.delivery,request,2.6-202606,True,0,0,0
p003114,simplyrecipes.com,pbs-us-east.ay.delivery,request,2.6-202606,True,0,0,0
p003115,thespruceeats.com,pbs-us-east.ay.delivery,request,2.6-202606,True,0,0,0
p003116,thespruceeats.com,pbs-us-east.ay.delivery,request,2.6-202606,True,0,0,0
p003117,verywellhealth.com,pbs-us-east.ay.delivery,request,2.6-202606,True,0,0,0
p003118,verywellhealth.com,pbs-us-east.ay.delivery,request,2.6-202606,True,0,0,0
p003119,verywellhealth.com,pbs-us-east.ay.delivery,request,2.6-202606,True,0,0,0
p003120,verywellhealth.com,pbs-us-east.ay.delivery,request,2.6-202606,True,0,0,0
p003121,people.com,pbs-us-east.ay.delivery,request,2.6-202606,True,0,0,0
p003122,people.com,pbs-us-east.ay.delivery,request,2.6-202606,True,0,0,0
p003123,people.com,pbs-us-east.ay.delivery,request,2.6-202606,True,0,0,0
p003124,people.com,pbs-us-east.ay.delivery,request,2.6-202606,True,0,0,0
p003125,people.com,pbs-us-east.ay.delivery,request,2.6-202606,True,0,0,0
p003126,wunderground.com,pbs-us-east.ay.delivery,response,2.6-202606,True,0,0,0
p003127,wunderground.com,pbs-us-east.ay.delivery,response,2.6-202606,True,0,0,0
p003128,cbsnews.com,pbs.at.cbsi.com,request,2.6-202606,True,0,0,0
p003129,cbsnews.com,pbs.at.cbsi.com,request,2.6-202606,True,0,0,0
p003130,cbssports.com,pbs.at.cbsi.com,request,2.6-202606,True,0,0,0
p003131,cbssports.com,pbs.at.cbsi.com,request,2.6-202606,True,0,0,0
p003132,cbsnews.com,pbs.at.cbsi.com,response,2.6-202606,True,0,0,0
p003133,cbsnews.com,pbs.at.cbsi.com,response,2.6-202606,True,0,0,0
p003134,cbssports.com,pbs.at.cbsi.com,response,2.6-202606,True,0,0,0
p003135,cbssports.com,pbs.at.cbsi.com,response,2.6-202606,True,0,0,0
p003136,androidauthority.com,pbs.intergient.com,request,2.6-202606,True,0,0,0
p003137,androidauthority.com,pbs.intergient.com,request,2.6-202606,True,0,0,0
p003138,androidauthority.com,pbs.intergient.com,request,2.6-202606,True,0,0,0
p003139,androidauthority.com,pbs.intergient.com,request,2.6-202606,True,0,0,0
p003140,androidauthority.com,pbs.intergient.com,request,2.6-202606,True,1,0,1
p003141,androidauthority.com,pbs.intergient.com,request,2.6-202606,True,0,0,0
p003142,androidauthority.com,pbs.intergient.com,request,2.6-202606,True,1,0,1
p003143,androidauthority.com,pbs.intergient.com,request,2.6-202606,True,1,0,1
p003144,androidauthority.com,pbs.intergient.com,request,2.6-202606,True,1,0,1
p003145,boredpanda.com,pbs.intergient.com,request,2.6-202606,True,0,0,0
p003146,boredpanda.com,pbs.intergient.com,request,2.6-202606,True,0,0,0
p003147,9to5mac.com,pbs.nextmillmedia.com,request,2.6-202606,False,1,1,0
p003148,9to5mac.com,pbs.nextmillmedia.com,request,2.6-202606,False,1,1,0
p003149,9to5mac.com,pbs.nextmillmedia.com,request,2.6-202606,False,1,1,0
p003150,9to5mac.com,pbs.nextmillmedia.com,request,2.6-202606,False,1,1,0
p003151,healthline.com,pbs2418030.adspsp.com,request,2.5,False,1,1,0
p003152,healthline.com,pbs2418030.adspsp.com,response,2.6-202606,True,0,0,0
p003153,thesun.co.uk,prebid-eu.creativecdn.com,request,2.6-202606,True,0,0,0
p003154,thesun.co.uk,prebid-eu.creativecdn.com,request,2.6-202606,True,0,0,0
p003155,thesun.co.uk,prebid-eu.creativecdn.com,request,2.6-202606,True,0,0,0
p003156,thesun.co.uk,prebid-eu.creativecdn.com,request,2.6-202606,True,0,0,0
p003157,thesun.co.uk,prebid-eu.creativecdn.com,request,2.6-202606,True,0,0,0
p003158,thesun.co.uk,prebid-eu.creativecdn.com,request,2.6-202606,True,0,0,0
p003159,thesun.co.uk,prebid-eu.creativecdn.com,request,2.6-202606,True,0,0,0
p003160,thesun.co.uk,prebid-eu.creativecdn.com,request,2.6-202606,True,0,0,0
p003161,standard.co.uk,prebid-eu.creativecdn.com,request,2.6-202606,False,1,1,0
p003162,standard.co.uk,prebid-eu.creativecdn.com,request,2.6-202606,False,1,1,0
p003163,standard.co.uk,prebid-eu.creativecdn.com,request,2.6-202606,False,1,1,0
p003164,talksport.com,prebid-eu.creativecdn.com,request,2.6-202606,True,0,0,0
p003165,talksport.com,prebid-eu.creativecdn.com,request,2.6-202606,True,0,0,0
p003166,talksport.com,prebid-eu.creativecdn.com,request,2.6-202606,True,0,0,0
p003167,talksport.com,prebid-eu.creativecdn.com,request,2.6-202606,True,0,0,0
p003168,talksport.com,prebid-eu.creativecdn.com,request,2.6-202606,True,0,0,0
p003169,talksport.com,prebid-eu.creativecdn.com,request,2.6-202606,True,0,0,0
p003170,talksport.com,prebid-eu.creativecdn.com,request,2.6-202606,True,0,0,0
p003171,talksport.com,prebid-eu.creativecdn.com,request,2.6-202606,True,0,0,0
p003172,talksport.com,prebid-eu.creativecdn.com,request,2.6-202606,True,0,0,0
p003173,talksport.com,prebid-eu.creativecdn.com,request,2.6-202606,True,0,0,0
p003174,talksport.com,prebid-eu.creativecdn.com,request,2.6-202606,True,0,0,0
p003175,talksport.com,prebid-eu.creativecdn.com,request,2.6-202606,True,0,0,0
p003176,talksport.com,prebid-eu.creativecdn.com,request,2.6-202606,True,0,0,0
p003177,talksport.com,prebid-eu.creativecdn.com,request,2.6-202606,True,0,0,0
p003178,time.com,prebid-s2s.media.net,request,2.6-202606,False,1,1,0
p003179,time.com,prebid-s2s.media.net,request,2.6-202606,False,1,1,0
p003180,time.com,prebid-s2s.media.net,request,2.6-202606,False,1,1,0
p003181,time.com,prebid-s2s.media.net,request,2.6-202606,False,1,1,0
p003182,time.com,prebid-s2s.media.net,request,2.6-202606,False,1,1,0
p003183,time.com,prebid-s2s.media.net,response,2.6-202606,True,0,0,0
p003184,time.com,prebid-s2s.media.net,response,2.6-202606,True,0,0,0
p003185,time.com,prebid-s2s.media.net,response,2.6-202606,True,0,0,0
p003186,time.com,prebid-s2s.media.net,response,2.6-202606,True,0,0,0
p003187,time.com,prebid-s2s.media.net,response,2.6-202606,True,0,0,0
p003188,standard.co.uk,prebid-server.pbstck.com,request,2.6-202606,False,3,2,1
p003189,standard.co.uk,prebid-server.pbstck.com,request,2.6-202606,False,5,3,2
p003190,standard.co.uk,prebid-server.pbstck.com,request,2.6-202606,False,1,1,0
p003191,standard.co.uk,prebid-server.pbstck.com,request,2.6-202606,False,1,1,0
p003192,standard.co.uk,prebid-server.pbstck.com,request,2.6-202606,False,1,1,0
p003193,standard.co.uk,prebid-server.pbstck.com,request,2.6-202606,False,1,1,0
p003194,standard.co.uk,prebid-server.pbstck.com,request,2.6-202606,False,1,1,0
p003195,standard.co.uk,prebid-server.pbstck.com,request,2.6-202606,False,1,1,0
p003196,standard.co.uk,prebid-server.pbstck.com,request,2.6-202606,False,1,1,0
p003197,standard.co.uk,prebid-server.pbstck.com,request,2.6-202606,False,1,1,0
p003198,standard.co.uk,prebid-server.pbstck.com,response,2.6-202606,False,4,4,0
p003199,standard.co.uk,prebid-server.pbstck.com,response,2.6-202606,False,4,4,0
p003200,standard.co.uk,prebid-server.pbstck.com,response,2.6-202606,False,4,4,0
p003201,standard.co.uk,prebid-server.pbstck.com,response,2.6-202606,False,4,4,0
p003202,foxnews.com,prebid-server.rubiconproject.com,request,2.6-202606,False,2,1,1
p003203,foxnews.com,prebid-server.rubiconproject.com,request,2.6-202606,False,2,1,1
p003204,usatoday.com,prebid-server.rubiconproject.com,request,2.6-202606,False,2,1,1
p003205,chicagotribune.com,prebid-server.rubiconproject.com,request,2.6-202606,True,1,0,1
p003206,chicagotribune.com,prebid-server.rubiconproject.com,request,2.6-202606,True,1,0,1
p003207,usatoday.com,prebid-server.rubiconproject.com,request,2.6-202606,False,2,1,1
p003208,usatoday.com,prebid-server.rubiconproject.com,request,2.6-202606,False,2,1,1
p003209,usatoday.com,prebid-server.rubiconproject.com,request,2.6-202606,False,2,1,1
p003210,chicagotribune.com,prebid-server.rubiconproject.com,request,2.6-202606,True,1,0,1
p003211,chicagotribune.com,prebid-server.rubiconproject.com,request,2.6-202606,True,1,0,1
p003212,chicagotribune.com,prebid-server.rubiconproject.com,request,2.6-202606,True,1,0,1
p003213,chicagotribune.com,prebid-server.rubiconproject.com,request,2.6-202606,True,1,0,1
p003214,businessinsider.com,prebid-server.rubiconproject.com,request,2.6-202606,False,1,1,0
p003215,businessinsider.com,prebid-server.rubiconproject.com,request,2.6-202606,False,1,1,0
p003216,businessinsider.com,prebid-server.rubiconproject.com,request,2.6-202606,False,1,1,0
p003217,businessinsider.com,prebid-server.rubiconproject.com,request,2.6-202606,False,1,1,0
p003218,huffpost.com,prebid-server.rubiconproject.com,request,2.6-202606,False,2,1,1
p003219,huffpost.com,prebid-server.rubiconproject.com,request,2.6-202606,False,2,1,1
p003220,huffpost.com,prebid-server.rubiconproject.com,request,2.6-202606,False,2,1,1
p003221,huffpost.com,prebid-server.rubiconproject.com,request,2.6-202606,False,2,1,1
p003222,huffpost.com,prebid-server.rubiconproject.com,request,2.6-202606,False,1,1,0
p003223,huffpost.com,prebid-server.rubiconproject.com,request,2.6-202606,False,2,1,1
p003224,huffpost.com,prebid-server.rubiconproject.com,request,2.6-202606,False,1,1,0
p003225,huffpost.com,prebid-server.rubiconproject.com,request,2.6-202606,False,2,1,1
p003226,huffpost.com,prebid-server.rubiconproject.com,request,2.6-202606,False,1,1,0
p003227,thesun.co.uk,prebid-server.rubiconproject.com,request,2.6-202606,False,2,2,0
p003228,thesun.co.uk,prebid-server.rubiconproject.com,request,2.6-202606,False,2,2,0
p003229,thesun.co.uk,prebid-server.rubiconproject.com,request,2.6-202606,False,2,2,0
p003230,metro.co.uk,prebid-server.rubiconproject.com,request,2.6-202606,True,1,0,1
p003231,thesun.co.uk,prebid-server.rubiconproject.com,request,2.6-202606,False,2,2,0
p003232,thesun.co.uk,prebid-server.rubiconproject.com,request,2.6-202606,False,2,1,1
p003233,thesun.co.uk,prebid-server.rubiconproject.com,request,2.6-202606,False,2,2,0
p003234,thesun.co.uk,prebid-server.rubiconproject.com,request,2.6-202606,False,2,2,0
p003235,thesun.co.uk,prebid-server.rubiconproject.com,request,2.6-202606,False,2,2,0
p003236,thesun.co.uk,prebid-server.rubiconproject.com,request,2.6-202606,False,2,1,1
p003237,thesun.co.uk,prebid-server.rubiconproject.com,request,2.6-202606,False,2,2,0
p003238,standard.co.uk,prebid-server.rubiconproject.com,request,2.6-202606,False,3,2,1
p003239,standard.co.uk,prebid-server.rubiconproject.com,request,2.6-202606,False,3,2,1
p003240,standard.co.uk,prebid-server.rubiconproject.com,request,2.6-202606,False,1,1,0
p003241,standard.co.uk,prebid-server.rubiconproject.com,request,2.6-202606,False,1,1,0
p003242,standard.co.uk,prebid-server.rubiconproject.com,request,2.6-202606,False,1,1,0
p003243,nbcnews.com,prebid-server.rubiconproject.com,request,2.6-202606,False,2,1,1
p003244,nbcnews.com,prebid-server.rubiconproject.com,request,2.6-202606,False,2,1,1
p003245,standard.co.uk,prebid-server.rubiconproject.com,request,2.6-202606,False,2,1,1
p003246,cbsnews.com,prebid-server.rubiconproject.com,request,2.6-202606,False,2,1,1
p003247,cbsnews.com,prebid-server.rubiconproject.com,request,2.6-202606,False,2,1,1
p003248,nbcnews.com,prebid-server.rubiconproject.com,request,2.6-202606,False,2,1,1
p003249,nbcnews.com,prebid-server.rubiconproject.com,request,2.6-202606,False,2,1,1
p003250,abcnews.go.com,prebid-server.rubiconproject.com,request,2.6-202606,False,2,1,1
p003251,abcnews.go.com,prebid-server.rubiconproject.com,request,2.6-202606,False,2,1,1
p003252,abcnews.go.com,prebid-server.rubiconproject.com,request,2.6-202606,False,2,1,1
p003253,abcnews.go.com,prebid-server.rubiconproject.com,request,2.6-202606,False,2,1,1
p003254,slate.com,prebid-server.rubiconproject.com,request,2.6-202606,False,2,1,1
p003255,slate.com,prebid-server.rubiconproject.com,request,2.6-202606,False,2,1,1
p003256,time.com,prebid-server.rubiconproject.com,request,2.6-202606,False,2,1,1
p003257,time.com,prebid-server.rubiconproject.com,request,2.6-202606,False,2,1,1
p003258,time.com,prebid-server.rubiconproject.com,request,2.6-202606,False,2,1,1
p003259,time.com,prebid-server.rubiconproject.com,request,2.6-202606,False,2,1,1
p003260,time.com,prebid-server.rubiconproject.com,request,2.6-202606,False,2,1,1
p003261,time.com,prebid-server.rubiconproject.com,request,2.6-202606,False,2,1,1
p003262,time.com,prebid-server.rubiconproject.com,request,2.6-202606,False,2,1,1
p003263,time.com,prebid-server.rubiconproject.com,request,2.6-202606,False,2,1,1
p003264,newsweek.com,prebid-server.rubiconproject.com,request,2.6-202606,False,4,3,1
p003265,newsweek.com,prebid-server.rubiconproject.com,request,2.6-202606,False,4,3,1
p003266,newsweek.com,prebid-server.rubiconproject.com,request,2.6-202606,False,2,2,0
p003267,newsweek.com,prebid-server.rubiconproject.com,request,2.6-202606,False,2,2,0
p003268,newsweek.com,prebid-server.rubiconproject.com,request,2.6-202606,False,2,2,0
p003269,newsweek.com,prebid-server.rubiconproject.com,request,2.6-202606,False,2,2,0
p003270,time.com,prebid-server.rubiconproject.com,request,2.6-202606,False,2,1,1
p003271,slate.com,prebid-server.rubiconproject.com,request,2.6-202606,False,2,1,1
p003272,slate.com,prebid-server.rubiconproject.com,request,2.6-202606,False,2,1,1
p003273,vox.com,prebid-server.rubiconproject.com,request,2.6-202606,False,1,1,0
p003274,vox.com,prebid-server.rubiconproject.com,request,2.6-202606,False,1,1,0
p003275,vox.com,prebid-server.rubiconproject.com,request,2.6-202606,False,1,1,0
p003276,theverge.com,prebid-server.rubiconproject.com,request,2.6-202606,False,1,1,0
p003277,salon.com,prebid-server.rubiconproject.com,request,2.6-202606,False,2,1,1
p003278,salon.com,prebid-server.rubiconproject.com,request,2.6-202606,True,0,0,0
p003279,salon.com,prebid-server.rubiconproject.com,request,2.6-202606,False,2,1,1
p003280,salon.com,prebid-server.rubiconproject.com,request,2.6-202606,True,0,0,0
p003281,salon.com,prebid-server.rubiconproject.com,request,2.6-202606,True,0,0,0
p003282,theverge.com,prebid-server.rubiconproject.com,request,2.6-202606,False,1,1,0
p003283,salon.com,prebid-server.rubiconproject.com,request,2.6-202606,True,0,0,0
p003284,salon.com,prebid-server.rubiconproject.com,request,2.6-202606,True,0,0,0
p003285,salon.com,prebid-server.rubiconproject.com,request,2.6-202606,True,0,0,0
p003286,salon.com,prebid-server.rubiconproject.com,request,2.6-202606,True,0,0,0
p003287,salon.com,prebid-server.rubiconproject.com,request,2.6-202606,False,2,1,1
p003288,salon.com,prebid-server.rubiconproject.com,request,2.6-202606,False,2,1,1
p003289,theverge.com,prebid-server.rubiconproject.com,request,2.6-202606,False,1,1,0
p003290,salon.com,prebid-server.rubiconproject.com,request,2.6-202606,True,0,0,0
p003291,salon.com,prebid-server.rubiconproject.com,request,2.6-202606,False,2,1,1
p003292,salon.com,prebid-server.rubiconproject.com,request,2.6-202606,False,2,1,1
p003293,vox.com,prebid-server.rubiconproject.com,request,2.6-202606,False,1,1,0
p003294,vox.com,prebid-server.rubiconproject.com,request,2.6-202606,False,1,1,0
p003295,vox.com,prebid-server.rubiconproject.com,request,2.6-202606,False,1,1,0
p003296,theverge.com,prebid-server.rubiconproject.com,request,2.6-202606,False,1,1,0
p003297,engadget.com,prebid-server.rubiconproject.com,request,2.6-202606,False,2,1,1
p003298,theverge.com,prebid-server.rubiconproject.com,request,2.6-202606,False,1,1,0
p003299,engadget.com,prebid-server.rubiconproject.com,request,2.6-202606,False,2,1,1
p003300,engadget.com,prebid-server.rubiconproject.com,request,2.6-202606,False,2,1,1
p003301,engadget.com,prebid-server.rubiconproject.com,request,2.6-202606,False,2,1,1
p003302,engadget.com,prebid-server.rubiconproject.com,request,2.6-202606,False,2,1,1
p003303,engadget.com,prebid-server.rubiconproject.com,request,2.6-202606,False,2,1,1
p003304,zdnet.com,prebid-server.rubiconproject.com,request,2.6-202606,True,1,0,1
p003305,androidauthority.com,prebid-server.rubiconproject.com,request,2.6-202606,True,1,0,1
p003306,androidauthority.com,prebid-server.rubiconproject.com,request,2.6-202606,True,1,0,1
p003307,androidauthority.com,prebid-server.rubiconproject.com,request,2.6-202606,True,1,0,1
p003308,androidauthority.com,prebid-server.rubiconproject.com,request,2.6-202606,True,1,0,1
p003309,macrumors.com,prebid-server.rubiconproject.com,request,2.6-202606,True,0,0,0
p003310,macrumors.com,prebid-server.rubiconproject.com,request,2.6-202606,True,0,0,0
p003311,macrumors.com,prebid-server.rubiconproject.com,request,2.6-202606,True,0,0,0
p003312,macrumors.com,prebid-server.rubiconproject.com,request,2.6-202606,True,0,0,0
p003313,macrumors.com,prebid-server.rubiconproject.com,request,2.6-202606,True,0,0,0
p003314,macrumors.com,prebid-server.rubiconproject.com,request,2.6-202606,True,0,0,0
p003315,macrumors.com,prebid-server.rubiconproject.com,request,2.6-202606,True,0,0,0
p003316,macrumors.com,prebid-server.rubiconproject.com,request,2.6-202606,True,0,0,0
p003317,macrumors.com,prebid-server.rubiconproject.com,request,2.6-202606,True,0,0,0
p003318,macrumors.com,prebid-server.rubiconproject.com,request,2.6-202606,True,0,0,0
p003319,macrumors.com,prebid-server.rubiconproject.com,request,2.6-202606,True,0,0,0
p003320,macrumors.com,prebid-server.rubiconproject.com,request,2.6-202606,True,0,0,0
p003321,macrumors.com,prebid-server.rubiconproject.com,request,2.6-202606,True,0,0,0
p003322,macrumors.com,prebid-server.rubiconproject.com,request,2.6-202606,True,0,0,0
p003323,macrumors.com,prebid-server.rubiconproject.com,request,2.6-202606,True,0,0,0
p003324,macrumors.com,prebid-server.rubiconproject.com,request,2.6-202606,True,0,0,0
p003325,macrumors.com,prebid-server.rubiconproject.com,request,2.6-202606,True,0,0,0
p003326,makeuseof.com,prebid-server.rubiconproject.com,request,2.6-202606,False,2,1,1
p003327,ign.com,prebid-server.rubiconproject.com,request,2.6-202606,True,0,0,0
p003328,gamespot.com,prebid-server.rubiconproject.com,request,2.6-202606,False,55,55,0
p003329,gamespot.com,prebid-server.rubiconproject.com,request,2.6-202606,False,55,55,0
p003330,gamespot.com,prebid-server.rubiconproject.com,request,2.6-202606,False,56,56,0
p003331,gamespot.com,prebid-server.rubiconproject.com,request,2.6-202606,False,59,59,0
p003332,gamespot.com,prebid-server.rubiconproject.com,request,2.6-202606,False,59,59,0
p003333,pcgamer.com,prebid-server.rubiconproject.com,request,2.6-202606,False,3,2,1
p003334,kotaku.com,prebid-server.rubiconproject.com,request,2.6-202606,False,2,1,1
p003335,kotaku.com,prebid-server.rubiconproject.com,request,2.6-202606,False,2,1,1
p003336,kotaku.com,prebid-server.rubiconproject.com,request,2.6-202606,False,2,1,1
p003337,rockpapershotgun.com,prebid-server.rubiconproject.com,request,2.6-202606,True,0,0,0
p003338,rockpapershotgun.com,prebid-server.rubiconproject.com,request,2.6-202606,True,0,0,0
p003339,rockpapershotgun.com,prebid-server.rubiconproject.com,request,2.6-202606,True,0,0,0
p003340,rockpapershotgun.com,prebid-server.rubiconproject.com,request,2.6-202606,True,0,0,0
p003341,kotaku.com,prebid-server.rubiconproject.com,request,2.6-202606,False,2,1,1
p003342,eurogamer.net,prebid-server.rubiconproject.com,request,2.6-202606,True,0,0,0
p003343,eurogamer.net,prebid-server.rubiconproject.com,request,2.6-202606,True,0,0,0
p003344,eurogamer.net,prebid-server.rubiconproject.com,request,2.6-202606,True,0,0,0
p003345,eurogamer.net,prebid-server.rubiconproject.com,request,2.6-202606,True,0,0,0
p003346,eurogamer.net,prebid-server.rubiconproject.com,request,2.6-202606,False,3,2,1
p003347,eurogamer.net,prebid-server.rubiconproject.com,request,2.6-202606,False,3,2,1
p003348,rockpapershotgun.com,prebid-server.rubiconproject.com,request,2.6-202606,True,0,0,0
p003349,rockpapershotgun.com,prebid-server.rubiconproject.com,request,2.6-202606,True,0,0,0
p003350,rockpapershotgun.com,prebid-server.rubiconproject.com,request,2.6-202606,True,0,0,0
p003351,rockpapershotgun.com,prebid-server.rubiconproject.com,request,2.6-202606,True,0,0,0
p003352,rockpapershotgun.com,prebid-server.rubiconproject.com,request,2.6-202606,False,3,2,1
p003353,rockpapershotgun.com,prebid-server.rubiconproject.com,request,2.6-202606,False,3,2,1
p003354,vg247.com,prebid-server.rubiconproject.com,request,2.6-202606,True,0,0,0
p003355,vg247.com,prebid-server.rubiconproject.com,request,2.6-202606,True,0,0,0
p003356,eurogamer.net,prebid-server.rubiconproject.com,request,2.6-202606,True,0,0,0
p003357,eurogamer.net,prebid-server.rubiconproject.com,request,2.6-202606,True,0,0,0
p003358,rockpapershotgun.com,prebid-server.rubiconproject.com,request,2.6-202606,False,3,2,1
p003359,rockpapershotgun.com,prebid-server.rubiconproject.com,request,2.6-202606,False,3,2,1
p003360,eurogamer.net,prebid-server.rubiconproject.com,request,2.6-202606,True,0,0,0
p003361,eurogamer.net,prebid-server.rubiconproject.com,request,2.6-202606,False,3,2,1
p003362,eurogamer.net,prebid-server.rubiconproject.com,request,2.6-202606,False,3,2,1
p003363,vg247.com,prebid-server.rubiconproject.com,request,2.6-202606,True,0,0,0
p003364,eurogamer.net,prebid-server.rubiconproject.com,request,2.6-202606,True,0,0,0
p003365,vg247.com,prebid-server.rubiconproject.com,request,2.6-202606,True,0,0,0
p003366,vg247.com,prebid-server.rubiconproject.com,request,2.6-202606,True,0,0,0
p003367,vg247.com,prebid-server.rubiconproject.com,request,2.6-202606,True,0,0,0
p003368,vg247.com,prebid-server.rubiconproject.com,request,2.6-202606,False,3,2,1
p003369,vg247.com,prebid-server.rubiconproject.com,request,2.6-202606,False,3,2,1
p003370,vg247.com,prebid-server.rubiconproject.com,request,2.6-202606,True,0,0,0
p003371,si.com,prebid-server.rubiconproject.com,request,2.6-202606,True,1,0,1
p003372,si.com,prebid-server.rubiconproject.com,request,2.6-202606,True,1,0,1
p003373,si.com,prebid-server.rubiconproject.com,request,2.6-202606,True,0,0,0
p003374,cbssports.com,prebid-server.rubiconproject.com,request,2.6-202606,False,2,1,1
p003375,cbssports.com,prebid-server.rubiconproject.com,request,2.6-202606,False,2,1,1
p003376,si.com,prebid-server.rubiconproject.com,request,2.6-202606,True,1,0,1
p003377,cbssports.com,prebid-server.rubiconproject.com,request,2.6-202606,False,2,1,1
p003378,cbssports.com,prebid-server.rubiconproject.com,request,2.6-202606,False,2,1,1
p003379,goal.com,prebid-server.rubiconproject.com,request,2.6-202606,True,1,0,1
p003380,goal.com,prebid-server.rubiconproject.com,request,2.6-202606,True,1,0,1
p003381,weather.com,prebid-server.rubiconproject.com,request,2.6-202606,False,1,1,0
p003382,weather.com,prebid-server.rubiconproject.com,request,2.6-202606,False,1,1,0
p003383,weather.com,prebid-server.rubiconproject.com,request,2.6-202606,False,1,1,0
p003384,wunderground.com,prebid-server.rubiconproject.com,request,2.6-202606,False,2,1,1
p003385,wunderground.com,prebid-server.rubiconproject.com,request,2.6-202606,False,2,1,1
p003386,wunderground.com,prebid-server.rubiconproject.com,request,2.6-202606,False,2,1,1
p003387,weather.com,prebid-server.rubiconproject.com,request,2.6-202606,False,1,1,0
p003388,weather.com,prebid-server.rubiconproject.com,request,2.6-202606,False,2,1,1
p003389,weather.com,prebid-server.rubiconproject.com,request,2.6-202606,False,2,1,1
p003390,wunderground.com,prebid-server.rubiconproject.com,request,2.6-202606,False,2,1,1
p003391,wunderground.com,prebid-server.rubiconproject.com,request,2.6-202606,False,2,1,1
p003392,wunderground.com,prebid-server.rubiconproject.com,request,2.6-202606,False,2,1,1
p003393,wunderground.com,prebid-server.rubiconproject.com,request,2.6-202606,False,2,1,1
p003394,wunderground.com,prebid-server.rubiconproject.com,request,2.6-202606,False,2,1,1
p003395,eonline.com,prebid-server.rubiconproject.com,request,2.6-202606,False,2,1,1
p003396,variety.com,prebid-server.rubiconproject.com,request,2.6-202606,True,0,0,0
p003397,variety.com,prebid-server.rubiconproject.com,request,2.6-202606,True,0,0,0
p003398,eonline.com,prebid-server.rubiconproject.com,request,2.6-202606,False,2,1,1
p003399,eonline.com,prebid-server.rubiconproject.com,request,2.6-202606,False,2,1,1
p003400,eonline.com,prebid-server.rubiconproject.com,request,2.6-202606,False,2,1,1
p003401,eonline.com,prebid-server.rubiconproject.com,request,2.6-202606,False,2,1,1
p003402,eonline.com,prebid-server.rubiconproject.com,request,2.6-202606,False,2,1,1
p003403,eonline.com,prebid-server.rubiconproject.com,request,2.6-202606,False,2,1,1
p003404,variety.com,prebid-server.rubiconproject.com,request,2.6-202606,True,0,0,0
p003405,deadline.com,prebid-server.rubiconproject.com,request,2.6-202606,True,2,0,2
p003406,deadline.com,prebid-server.rubiconproject.com,request,2.6-202606,True,2,0,2
p003407,hollywoodreporter.com,prebid-server.rubiconproject.com,request,2.6-202606,True,1,0,1
p003408,hollywoodreporter.com,prebid-server.rubiconproject.com,request,2.6-202606,True,1,0,1
p003409,hollywoodreporter.com,prebid-server.rubiconproject.com,request,2.6-202606,True,1,0,1
p003410,hollywoodreporter.com,prebid-server.rubiconproject.com,request,2.6-202606,True,1,0,1
p003411,rollingstone.com,prebid-server.rubiconproject.com,request,2.6-202606,True,0,0,0
p003412,hollywoodreporter.com,prebid-server.rubiconproject.com,request,2.6-202606,True,1,0,1
p003413,hollywoodreporter.com,prebid-server.rubiconproject.com,request,2.6-202606,True,1,0,1
p003414,hollywoodreporter.com,prebid-server.rubiconproject.com,request,2.6-202606,True,1,0,1
p003415,hollywoodreporter.com,prebid-server.rubiconproject.com,request,2.6-202606,True,1,0,1
p003416,hollywoodreporter.com,prebid-server.rubiconproject.com,request,2.6-202606,True,0,0,0
p003417,hollywoodreporter.com,prebid-server.rubiconproject.com,request,2.6-202606,True,0,0,0
p003418,billboard.com,prebid-server.rubiconproject.com,request,2.6-202606,True,0,0,0
p003419,rollingstone.com,prebid-server.rubiconproject.com,request,2.6-202606,True,2,0,2
p003420,rollingstone.com,prebid-server.rubiconproject.com,request,2.6-202606,True,2,0,2
p003421,rollingstone.com,prebid-server.rubiconproject.com,request,2.6-202606,True,1,0,1
p003422,rollingstone.com,prebid-server.rubiconproject.com,request,2.6-202606,True,1,0,1
p003423,billboard.com,prebid-server.rubiconproject.com,request,2.6-202606,True,1,0,1
p003424,billboard.com,prebid-server.rubiconproject.com,request,2.6-202606,True,1,0,1
p003425,stereogum.com,prebid-server.rubiconproject.com,request,2.6-202606,True,0,0,0
p003426,billboard.com,prebid-server.rubiconproject.com,request,2.6-202606,True,1,0,1
p003427,billboard.com,prebid-server.rubiconproject.com,request,2.6-202606,True,1,0,1
p003428,rollingstone.com,prebid-server.rubiconproject.com,request,2.6-202606,True,1,0,1
p003429,rollingstone.com,prebid-server.rubiconproject.com,request,2.6-202606,True,1,0,1
p003430,rollingstone.com,prebid-server.rubiconproject.com,request,2.6-202606,True,1,0,1
p003431,billboard.com,prebid-server.rubiconproject.com,request,2.6-202606,True,1,0,1
p003432,billboard.com,prebid-server.rubiconproject.com,request,2.6-202606,True,1,0,1
p003433,rollingstone.com,prebid-server.rubiconproject.com,request,2.6-202606,True,1,0,1
p003434,rollingstone.com,prebid-server.rubiconproject.com,request,2.6-202606,True,1,0,1
p003435,thrillist.com,prebid-server.rubiconproject.com,request,2.6-202606,False,1,1,0
p003436,thrillist.com,prebid-server.rubiconproject.com,request,2.6-202606,False,1,1,0
p003437,thrillist.com,prebid-server.rubiconproject.com,request,2.6-202606,False,1,1,0
p003438,stereogum.com,prebid-server.rubiconproject.com,request,2.6-202606,False,2,1,1
p003439,billboard.com,prebid-server.rubiconproject.com,request,2.6-202606,True,2,0,2
p003440,billboard.com,prebid-server.rubiconproject.com,request,2.6-202606,True,2,0,2
p003441,billboard.com,prebid-server.rubiconproject.com,request,2.6-202606,True,1,0,1
p003442,billboard.com,prebid-server.rubiconproject.com,request,2.6-202606,True,1,0,1
p003443,billboard.com,prebid-server.rubiconproject.com,request,2.6-202606,True,0,0,0
p003444,stereogum.com,prebid-server.rubiconproject.com,request,2.6-202606,False,2,1,1
p003445,billboard.com,prebid-server.rubiconproject.com,request,2.6-202606,True,0,0,0
p003446,stereogum.com,prebid-server.rubiconproject.com,request,2.6-202606,False,2,1,1
p003447,stereogum.com,prebid-server.rubiconproject.com,request,2.6-202606,False,2,1,1
p003448,thrillist.com,prebid-server.rubiconproject.com,request,2.6-202606,False,1,1,0
p003449,boredpanda.com,prebid-server.rubiconproject.com,request,2.6-202606,False,2,1,1
p003450,boredpanda.com,prebid-server.rubiconproject.com,request,2.6-202606,False,2,1,1
p003451,thrillist.com,prebid-server.rubiconproject.com,request,2.6-202606,False,1,1,0
p003452,boredpanda.com,prebid-server.rubiconproject.com,request,2.6-202606,False,2,1,1
p003453,boredpanda.com,prebid-server.rubiconproject.com,request,2.6-202606,False,2,1,1
p003454,boredpanda.com,prebid-server.rubiconproject.com,request,2.6-202606,False,2,1,1
p003455,boredpanda.com,prebid-server.rubiconproject.com,request,2.6-202606,False,2,1,1
p003456,ladbible.com,prebid-server.rubiconproject.com,request,2.6-202606,False,2,2,0
p003457,ladbible.com,prebid-server.rubiconproject.com,request,2.6-202606,True,1,0,1
p003458,ladbible.com,prebid-server.rubiconproject.com,request,2.6-202606,True,1,0,1
p003459,ladbible.com,prebid-server.rubiconproject.com,request,2.6-202606,True,1,0,1
p003460,ladbible.com,prebid-server.rubiconproject.com,request,2.6-202606,True,1,0,1
p003461,distractify.com,prebid-server.rubiconproject.com,request,2.6-202606,False,3,2,1
p003462,ladbible.com,prebid-server.rubiconproject.com,request,2.6-202606,True,1,0,1
p003463,ladbible.com,prebid-server.rubiconproject.com,request,2.6-202606,True,1,0,1
p003464,distractify.com,prebid-server.rubiconproject.com,request,2.6-202606,False,3,2,1
p003465,buzzfeed.com,prebid-server.rubiconproject.com,request,2.6-202606,False,1,1,0
p003466,buzzfeed.com,prebid-server.rubiconproject.com,request,2.6-202606,False,1,1,0
p003467,buzzfeed.com,prebid-server.rubiconproject.com,request,2.6-202606,False,1,1,0
p003468,buzzfeed.com,prebid-server.rubiconproject.com,request,2.6-202606,False,1,1,0
p003469,unilad.com,prebid-server.rubiconproject.com,request,2.6-202606,False,2,2,0
p003470,unilad.com,prebid-server.rubiconproject.com,request,2.6-202606,False,2,2,0
p003471,buzzfeed.com,prebid-server.rubiconproject.com,request,2.6-202606,False,1,1,0
p003472,buzzfeed.com,prebid-server.rubiconproject.com,request,2.6-202606,False,1,1,0
p003473,unilad.com,prebid-server.rubiconproject.com,request,2.6-202606,False,2,2,0
p003474,unilad.com,prebid-server.rubiconproject.com,request,2.6-202606,False,2,2,0
p003475,buzzfeed.com,prebid-server.rubiconproject.com,request,2.6-202606,False,1,1,0
p003476,distractify.com,prebid-server.rubiconproject.com,request,2.6-202606,False,3,2,1
p003477,buzzfeed.com,prebid-server.rubiconproject.com,request,2.6-202606,False,1,1,0
p003478,distractify.com,prebid-server.rubiconproject.com,request,2.6-202606,False,3,2,1
p003479,buzzfeed.com,prebid-server.rubiconproject.com,request,2.6-202606,False,2,1,1
p003480,buzzfeed.com,prebid-server.rubiconproject.com,request,2.6-202606,False,1,1,0
p003481,buzzfeed.com,prebid-server.rubiconproject.com,request,2.6-202606,False,1,1,0
p003482,buzzfeed.com,prebid-server.rubiconproject.com,request,2.6-202606,False,2,1,1
p003483,buzzfeed.com,prebid-server.rubiconproject.com,request,2.6-202606,False,2,1,1
p003484,buzzfeed.com,prebid-server.rubiconproject.com,request,2.6-202606,False,2,1,1
p003485,grunge.com,prebid-server.rubiconproject.com,request,2.6-202606,False,2,1,1
p003486,grunge.com,prebid-server.rubiconproject.com,request,2.6-202606,True,0,0,0
p003487,grunge.com,prebid-server.rubiconproject.com,request,2.6-202606,True,0,0,0
p003488,grunge.com,prebid-server.rubiconproject.com,request,2.6-202606,True,0,0,0
p003489,grunge.com,prebid-server.rubiconproject.com,request,2.6-202606,True,0,0,0
p003490,grunge.com,prebid-server.rubiconproject.com,request,2.6-202606,True,0,0,0
p003491,grunge.com,prebid-server.rubiconproject.com,request,2.6-202606,True,0,0,0
p003492,grunge.com,prebid-server.rubiconproject.com,request,2.6-202606,True,0,0,0
p003493,grunge.com,prebid-server.rubiconproject.com,request,2.6-202606,True,0,0,0
p003494,grunge.com,prebid-server.rubiconproject.com,request,2.6-202606,False,2,1,1
p003495,grunge.com,prebid-server.rubiconproject.com,request,2.6-202606,False,2,1,1
p003496,looper.com,prebid-server.rubiconproject.com,request,2.6-202606,False,2,1,1
p003497,slashfilm.com,prebid-server.rubiconproject.com,request,2.6-202606,False,2,1,1
p003498,mashed.com,prebid-server.rubiconproject.com,request,2.6-202606,False,2,1,1
p003499,slashfilm.com,prebid-server.rubiconproject.com,request,2.6-202606,False,2,1,1
p003500,mashed.com,prebid-server.rubiconproject.com,request,2.6-202606,False,2,1,1
p003501,slashfilm.com,prebid-server.rubiconproject.com,request,2.6-202606,False,2,1,1
p003502,mashed.com,prebid-server.rubiconproject.com,request,2.6-202606,False,2,1,1
p003503,slashfilm.com,prebid-server.rubiconproject.com,request,2.6-202606,False,2,1,1
p003504,sfgate.com,prebid-server.rubiconproject.com,request,2.6-202606,True,0,0,0
p003505,mashed.com,prebid-server.rubiconproject.com,request,2.6-202606,False,2,1,1
p003506,sfgate.com,prebid-server.rubiconproject.com,request,2.6-202606,False,3,2,1
p003507,foxnews.com,prebid-server.rubiconproject.com,response,2.6-202606,True,0,0,0
p003508,foxnews.com,prebid-server.rubiconproject.com,response,2.6-202606,True,0,0,0
p003509,usatoday.com,prebid-server.rubiconproject.com,response,2.6-202606,True,0,0,0
p003510,chicagotribune.com,prebid-server.rubiconproject.com,response,2.6-202606,True,0,0,0
p003511,chicagotribune.com,prebid-server.rubiconproject.com,response,2.6-202606,True,0,0,0
p003512,usatoday.com,prebid-server.rubiconproject.com,response,2.6-202606,True,0,0,0
p003513,usatoday.com,prebid-server.rubiconproject.com,response,2.6-202606,True,0,0,0
p003514,usatoday.com,prebid-server.rubiconproject.com,response,2.6-202606,True,0,0,0
p003515,chicagotribune.com,prebid-server.rubiconproject.com,response,2.6-202606,True,0,0,0
p003516,chicagotribune.com,prebid-server.rubiconproject.com,response,2.6-202606,True,0,0,0
p003517,chicagotribune.com,prebid-server.rubiconproject.com,response,2.6-202606,True,0,0,0
p003518,chicagotribune.com,prebid-server.rubiconproject.com,response,2.6-202606,True,0,0,0
p003519,businessinsider.com,prebid-server.rubiconproject.com,response,2.6-202606,True,0,0,0
p003520,businessinsider.com,prebid-server.rubiconproject.com,response,2.6-202606,True,0,0,0
p003521,businessinsider.com,prebid-server.rubiconproject.com,response,2.6-202606,True,0,0,0
p003522,businessinsider.com,prebid-server.rubiconproject.com,response,2.6-202606,True,0,0,0
p003523,huffpost.com,prebid-server.rubiconproject.com,response,2.6-202606,True,0,0,0
p003524,huffpost.com,prebid-server.rubiconproject.com,response,2.6-202606,True,0,0,0
p003525,huffpost.com,prebid-server.rubiconproject.com,response,2.6-202606,True,0,0,0
p003526,huffpost.com,prebid-server.rubiconproject.com,response,2.6-202606,True,0,0,0
p003527,huffpost.com,prebid-server.rubiconproject.com,response,2.6-202606,True,0,0,0
p003528,huffpost.com,prebid-server.rubiconproject.com,response,2.6-202606,True,0,0,0
p003529,huffpost.com,prebid-server.rubiconproject.com,response,2.6-202606,True,1,0,1
p003530,huffpost.com,prebid-server.rubiconproject.com,response,2.6-202606,True,0,0,0
p003531,huffpost.com,prebid-server.rubiconproject.com,response,2.6-202606,True,1,0,1
p003532,thesun.co.uk,prebid-server.rubiconproject.com,response,2.6-202606,True,0,0,0
p003533,thesun.co.uk,prebid-server.rubiconproject.com,response,2.6-202606,True,0,0,0
p003534,thesun.co.uk,prebid-server.rubiconproject.com,response,2.6-202606,True,0,0,0
p003535,metro.co.uk,prebid-server.rubiconproject.com,response,2.6-202606,True,0,0,0
p003536,thesun.co.uk,prebid-server.rubiconproject.com,response,2.6-202606,True,0,0,0
p003537,thesun.co.uk,prebid-server.rubiconproject.com,response,2.6-202606,True,0,0,0
p003538,thesun.co.uk,prebid-server.rubiconproject.com,response,2.6-202606,True,0,0,0
p003539,thesun.co.uk,prebid-server.rubiconproject.com,response,2.6-202606,True,0,0,0
p003540,thesun.co.uk,prebid-server.rubiconproject.com,response,2.6-202606,True,0,0,0
p003541,thesun.co.uk,prebid-server.rubiconproject.com,response,2.6-202606,True,0,0,0
p003542,thesun.co.uk,prebid-server.rubiconproject.com,response,2.6-202606,True,0,0,0
p003543,standard.co.uk,prebid-server.rubiconproject.com,response,2.6-202606,True,0,0,0
p003544,standard.co.uk,prebid-server.rubiconproject.com,response,2.6-202606,True,0,0,0
p003545,standard.co.uk,prebid-server.rubiconproject.com,response,2.6-202606,True,0,0,0
p003546,standard.co.uk,prebid-server.rubiconproject.com,response,2.6-202606,True,0,0,0
p003547,standard.co.uk,prebid-server.rubiconproject.com,response,2.6-202606,True,0,0,0
p003548,nbcnews.com,prebid-server.rubiconproject.com,response,2.6-202606,True,0,0,0
p003549,nbcnews.com,prebid-server.rubiconproject.com,response,2.6-202606,True,0,0,0
p003550,standard.co.uk,prebid-server.rubiconproject.com,response,2.6-202606,True,0,0,0
p003551,cbsnews.com,prebid-server.rubiconproject.com,response,2.6-202606,True,0,0,0
p003552,cbsnews.com,prebid-server.rubiconproject.com,response,2.6-202606,True,0,0,0
p003553,nbcnews.com,prebid-server.rubiconproject.com,response,2.6-202606,True,0,0,0
p003554,nbcnews.com,prebid-server.rubiconproject.com,response,2.6-202606,True,0,0,0
p003555,abcnews.go.com,prebid-server.rubiconproject.com,response,2.6-202606,True,0,0,0
p003556,abcnews.go.com,prebid-server.rubiconproject.com,response,2.6-202606,True,0,0,0
p003557,abcnews.go.com,prebid-server.rubiconproject.com,response,2.6-202606,True,0,0,0
p003558,abcnews.go.com,prebid-server.rubiconproject.com,response,2.6-202606,True,0,0,0
p003559,slate.com,prebid-server.rubiconproject.com,response,2.6-202606,True,0,0,0
p003560,slate.com,prebid-server.rubiconproject.com,response,2.6-202606,True,0,0,0
p003561,time.com,prebid-server.rubiconproject.com,response,2.6-202606,True,0,0,0
p003562,time.com,prebid-server.rubiconproject.com,response,2.6-202606,True,0,0,0
p003563,time.com,prebid-server.rubiconproject.com,response,2.6-202606,True,0,0,0
p003564,time.com,prebid-server.rubiconproject.com,response,2.6-202606,True,0,0,0
p003565,time.com,prebid-server.rubiconproject.com,response,2.6-202606,True,0,0,0
p003566,time.com,prebid-server.rubiconproject.com,response,2.6-202606,True,0,0,0
p003567,time.com,prebid-server.rubiconproject.com,response,2.6-202606,True,0,0,0
p003568,time.com,prebid-server.rubiconproject.com,response,2.6-202606,True,0,0,0
p003569,newsweek.com,prebid-server.rubiconproject.com,response,2.6-202606,True,0,0,0
p003570,newsweek.com,prebid-server.rubiconproject.com,response,2.6-202606,True,0,0,0
p003571,newsweek.com,prebid-server.rubiconproject.com,response,2.6-202606,True,0,0,0
p003572,newsweek.com,prebid-server.rubiconproject.com,response,2.6-202606,True,0,0,0
p003573,newsweek.com,prebid-server.rubiconproject.com,response,2.6-202606,True,0,0,0
p003574,newsweek.com,prebid-server.rubiconproject.com,response,2.6-202606,True,0,0,0
p003575,time.com,prebid-server.rubiconproject.com,response,2.6-202606,True,0,0,0
p003576,slate.com,prebid-server.rubiconproject.com,response,2.6-202606,True,0,0,0
p003577,slate.com,prebid-server.rubiconproject.com,response,2.6-202606,True,0,0,0
p003578,vox.com,prebid-server.rubiconproject.com,response,2.6-202606,True,0,0,0
p003579,vox.com,prebid-server.rubiconproject.com,response,2.6-202606,True,0,0,0
p003580,vox.com,prebid-server.rubiconproject.com,response,2.6-202606,True,0,0,0
p003581,theverge.com,prebid-server.rubiconproject.com,response,2.6-202606,True,0,0,0
p003582,salon.com,prebid-server.rubiconproject.com,response,2.6-202606,True,0,0,0
p003583,salon.com,prebid-server.rubiconproject.com,response,2.6-202606,True,0,0,0
p003584,salon.com,prebid-server.rubiconproject.com,response,2.6-202606,True,0,0,0
p003585,salon.com,prebid-server.rubiconproject.com,response,2.6-202606,True,0,0,0
p003586,salon.com,prebid-server.rubiconproject.com,response,2.6-202606,True,0,0,0
p003587,theverge.com,prebid-server.rubiconproject.com,response,2.6-202606,True,0,0,0
p003588,salon.com,prebid-server.rubiconproject.com,response,2.6-202606,True,0,0,0
p003589,salon.com,prebid-server.rubiconproject.com,response,2.6-202606,True,0,0,0
p003590,salon.com,prebid-server.rubiconproject.com,response,2.6-202606,True,0,0,0
p003591,salon.com,prebid-server.rubiconproject.com,response,2.6-202606,True,0,0,0
p003592,salon.com,prebid-server.rubiconproject.com,response,2.6-202606,True,0,0,0
p003593,salon.com,prebid-server.rubiconproject.com,response,2.6-202606,True,0,0,0
p003594,theverge.com,prebid-server.rubiconproject.com,response,2.6-202606,True,0,0,0
p003595,salon.com,prebid-server.rubiconproject.com,response,2.6-202606,True,0,0,0
p003596,salon.com,prebid-server.rubiconproject.com,response,2.6-202606,True,0,0,0
p003597,salon.com,prebid-server.rubiconproject.com,response,2.6-202606,True,0,0,0
p003598,vox.com,prebid-server.rubiconproject.com,response,2.6-202606,True,0,0,0
p003599,vox.com,prebid-server.rubiconproject.com,response,2.6-202606,True,0,0,0
p003600,vox.com,prebid-server.rubiconproject.com,response,2.6-202606,True,0,0,0
p003601,theverge.com,prebid-server.rubiconproject.com,response,2.6-202606,True,0,0,0
p003602,engadget.com,prebid-server.rubiconproject.com,response,2.6-202606,True,0,0,0
p003603,theverge.com,prebid-server.rubiconproject.com,response,2.6-202606,True,0,0,0
p003604,engadget.com,prebid-server.rubiconproject.com,response,2.6-202606,True,0,0,0
p003605,engadget.com,prebid-server.rubiconproject.com,response,2.6-202606,True,0,0,0
p003606,engadget.com,prebid-server.rubiconproject.com,response,2.6-202606,True,0,0,0
p003607,engadget.com,prebid-server.rubiconproject.com,response,2.6-202606,True,0,0,0
p003608,engadget.com,prebid-server.rubiconproject.com,response,2.6-202606,True,0,0,0
p003609,zdnet.com,prebid-server.rubiconproject.com,response,2.6-202606,True,0,0,0
p003610,androidauthority.com,prebid-server.rubiconproject.com,response,2.6-202606,True,0,0,0
p003611,androidauthority.com,prebid-server.rubiconproject.com,response,2.6-202606,True,0,0,0
p003612,androidauthority.com,prebid-server.rubiconproject.com,response,2.6-202606,True,0,0,0
p003613,androidauthority.com,prebid-server.rubiconproject.com,response,2.6-202606,True,0,0,0
p003614,macrumors.com,prebid-server.rubiconproject.com,response,2.6-202606,True,0,0,0
p003615,macrumors.com,prebid-server.rubiconproject.com,response,2.6-202606,True,0,0,0
p003616,macrumors.com,prebid-server.rubiconproject.com,response,2.6-202606,True,0,0,0
p003617,macrumors.com,prebid-server.rubiconproject.com,response,2.6-202606,True,0,0,0
p003618,macrumors.com,prebid-server.rubiconproject.com,response,2.6-202606,True,0,0,0
p003619,macrumors.com,prebid-server.rubiconproject.com,response,2.6-202606,True,0,0,0
p003620,macrumors.com,prebid-server.rubiconproject.com,response,2.6-202606,True,0,0,0
p003621,macrumors.com,prebid-server.rubiconproject.com,response,2.6-202606,True,0,0,0
p003622,macrumors.com,prebid-server.rubiconproject.com,response,2.6-202606,True,0,0,0
p003623,macrumors.com,prebid-server.rubiconproject.com,response,2.6-202606,True,0,0,0
p003624,macrumors.com,prebid-server.rubiconproject.com,response,2.6-202606,True,0,0,0
p003625,macrumors.com,prebid-server.rubiconproject.com,response,2.6-202606,True,0,0,0
p003626,macrumors.com,prebid-server.rubiconproject.com,response,2.6-202606,True,0,0,0
p003627,macrumors.com,prebid-server.rubiconproject.com,response,2.6-202606,True,0,0,0
p003628,macrumors.com,prebid-server.rubiconproject.com,response,2.6-202606,True,0,0,0
p003629,macrumors.com,prebid-server.rubiconproject.com,response,2.6-202606,True,0,0,0
p003630,macrumors.com,prebid-server.rubiconproject.com,response,2.6-202606,True,0,0,0
p003631,makeuseof.com,prebid-server.rubiconproject.com,response,2.6-202606,True,0,0,0
p003632,ign.com,prebid-server.rubiconproject.com,response,2.6-202606,True,8,0,8
p003633,gamespot.com,prebid-server.rubiconproject.com,response,2.6-202606,True,0,0,0
p003634,gamespot.com,prebid-server.rubiconproject.com,response,2.6-202606,True,0,0,0
p003635,gamespot.com,prebid-server.rubiconproject.com,response,2.6-202606,True,0,0,0
p003636,gamespot.com,prebid-server.rubiconproject.com,response,2.6-202606,True,0,0,0
p003637,gamespot.com,prebid-server.rubiconproject.com,response,2.6-202606,True,0,0,0
p003638,pcgamer.com,prebid-server.rubiconproject.com,response,2.6-202606,True,0,0,0
p003639,kotaku.com,prebid-server.rubiconproject.com,response,2.6-202606,True,0,0,0
p003640,kotaku.com,prebid-server.rubiconproject.com,response,2.6-202606,True,0,0,0
p003641,kotaku.com,prebid-server.rubiconproject.com,response,2.6-202606,True,0,0,0
p003642,rockpapershotgun.com,prebid-server.rubiconproject.com,response,2.6-202606,True,0,0,0
p003643,rockpapershotgun.com,prebid-server.rubiconproject.com,response,2.6-202606,True,2,0,2
p003644,rockpapershotgun.com,prebid-server.rubiconproject.com,response,2.6-202606,True,1,0,1
p003645,rockpapershotgun.com,prebid-server.rubiconproject.com,response,2.6-202606,True,1,0,1
p003646,kotaku.com,prebid-server.rubiconproject.com,response,2.6-202606,True,0,0,0
p003647,eurogamer.net,prebid-server.rubiconproject.com,response,2.6-202606,True,1,0,1
p003648,eurogamer.net,prebid-server.rubiconproject.com,response,2.6-202606,True,2,0,2
p003649,eurogamer.net,prebid-server.rubiconproject.com,response,2.6-202606,True,1,0,1
p003650,eurogamer.net,prebid-server.rubiconproject.com,response,2.6-202606,True,0,0,0
p003651,eurogamer.net,prebid-server.rubiconproject.com,response,2.6-202606,True,0,0,0
p003652,eurogamer.net,prebid-server.rubiconproject.com,response,2.6-202606,True,0,0,0
p003653,rockpapershotgun.com,prebid-server.rubiconproject.com,response,2.6-202606,True,0,0,0
p003654,rockpapershotgun.com,prebid-server.rubiconproject.com,response,2.6-202606,True,0,0,0
p003655,rockpapershotgun.com,prebid-server.rubiconproject.com,response,2.6-202606,True,0,0,0
p003656,rockpapershotgun.com,prebid-server.rubiconproject.com,response,2.6-202606,True,0,0,0
p003657,rockpapershotgun.com,prebid-server.rubiconproject.com,response,2.6-202606,True,0,0,0
p003658,rockpapershotgun.com,prebid-server.rubiconproject.com,response,2.6-202606,True,0,0,0
p003659,vg247.com,prebid-server.rubiconproject.com,response,2.6-202606,True,0,0,0
p003660,vg247.com,prebid-server.rubiconproject.com,response,2.6-202606,True,0,0,0
p003661,rockpapershotgun.com,prebid-server.rubiconproject.com,response,2.6-202606,True,0,0,0
p003662,rockpapershotgun.com,prebid-server.rubiconproject.com,response,2.6-202606,True,0,0,0
p003663,eurogamer.net,prebid-server.rubiconproject.com,response,2.6-202606,True,1,0,1
p003664,eurogamer.net,prebid-server.rubiconproject.com,response,2.6-202606,True,1,0,1
p003665,eurogamer.net,prebid-server.rubiconproject.com,response,2.6-202606,True,0,0,0
p003666,eurogamer.net,prebid-server.rubiconproject.com,response,2.6-202606,True,0,0,0
p003667,vg247.com,prebid-server.rubiconproject.com,response,2.6-202606,True,0,0,0
p003668,eurogamer.net,prebid-server.rubiconproject.com,response,2.6-202606,True,0,0,0
p003669,eurogamer.net,prebid-server.rubiconproject.com,response,2.6-202606,True,1,0,1
p003670,vg247.com,prebid-server.rubiconproject.com,response,2.6-202606,True,0,0,0
p003671,vg247.com,prebid-server.rubiconproject.com,response,2.6-202606,True,0,0,0
p003672,vg247.com,prebid-server.rubiconproject.com,response,2.6-202606,True,0,0,0
p003673,vg247.com,prebid-server.rubiconproject.com,response,2.6-202606,True,0,0,0
p003674,vg247.com,prebid-server.rubiconproject.com,response,2.6-202606,True,0,0,0
p003675,vg247.com,prebid-server.rubiconproject.com,response,2.6-202606,True,1,0,1
p003676,si.com,prebid-server.rubiconproject.com,response,2.6-202606,True,0,0,0
p003677,si.com,prebid-server.rubiconproject.com,response,2.6-202606,True,0,0,0
p003678,si.com,prebid-server.rubiconproject.com,response,2.6-202606,True,0,0,0
p003679,cbssports.com,prebid-server.rubiconproject.com,response,2.6-202606,True,0,0,0
p003680,cbssports.com,prebid-server.rubiconproject.com,response,2.6-202606,True,0,0,0
p003681,si.com,prebid-server.rubiconproject.com,response,2.6-202606,True,0,0,0
p003682,cbssports.com,prebid-server.rubiconproject.com,response,2.6-202606,True,0,0,0
p003683,cbssports.com,prebid-server.rubiconproject.com,response,2.6-202606,True,0,0,0
p003684,goal.com,prebid-server.rubiconproject.com,response,2.6-202606,True,0,0,0
p003685,goal.com,prebid-server.rubiconproject.com,response,2.6-202606,True,0,0,0
p003686,weather.com,prebid-server.rubiconproject.com,response,2.6-202606,True,0,0,0
p003687,weather.com,prebid-server.rubiconproject.com,response,2.6-202606,True,0,0,0
p003688,weather.com,prebid-server.rubiconproject.com,response,2.6-202606,True,0,0,0
p003689,wunderground.com,prebid-server.rubiconproject.com,response,2.6-202606,True,0,0,0
p003690,wunderground.com,prebid-server.rubiconproject.com,response,2.6-202606,True,0,0,0
p003691,wunderground.com,prebid-server.rubiconproject.com,response,2.6-202606,True,0,0,0
p003692,weather.com,prebid-server.rubiconproject.com,response,2.6-202606,True,0,0,0
p003693,weather.com,prebid-server.rubiconproject.com,response,2.6-202606,True,0,0,0
p003694,weather.com,prebid-server.rubiconproject.com,response,2.6-202606,True,0,0,0
p003695,wunderground.com,prebid-server.rubiconproject.com,response,2.6-202606,True,0,0,0
p003696,wunderground.com,prebid-server.rubiconproject.com,response,2.6-202606,True,0,0,0
p003697,wunderground.com,prebid-server.rubiconproject.com,response,2.6-202606,True,0,0,0
p003698,wunderground.com,prebid-server.rubiconproject.com,response,2.6-202606,True,0,0,0
p003699,wunderground.com,prebid-server.rubiconproject.com,response,2.6-202606,True,0,0,0
p003700,eonline.com,prebid-server.rubiconproject.com,response,2.6-202606,True,0,0,0
p003701,variety.com,prebid-server.rubiconproject.com,response,2.6-202606,True,0,0,0
p003702,variety.com,prebid-server.rubiconproject.com,response,2.6-202606,True,0,0,0
p003703,eonline.com,prebid-server.rubiconproject.com,response,2.6-202606,True,0,0,0
p003704,eonline.com,prebid-server.rubiconproject.com,response,2.6-202606,True,0,0,0
p003705,eonline.com,prebid-server.rubiconproject.com,response,2.6-202606,True,0,0,0
p003706,eonline.com,prebid-server.rubiconproject.com,response,2.6-202606,True,0,0,0
p003707,eonline.com,prebid-server.rubiconproject.com,response,2.6-202606,True,0,0,0
p003708,eonline.com,prebid-server.rubiconproject.com,response,2.6-202606,True,0,0,0
p003709,variety.com,prebid-server.rubiconproject.com,response,2.6-202606,True,0,0,0
p003710,deadline.com,prebid-server.rubiconproject.com,response,2.6-202606,True,0,0,0
p003711,hollywoodreporter.com,prebid-server.rubiconproject.com,response,2.6-202606,True,0,0,0
p003712,deadline.com,prebid-server.rubiconproject.com,response,2.6-202606,True,0,0,0
p003713,hollywoodreporter.com,prebid-server.rubiconproject.com,response,2.6-202606,True,0,0,0
p003714,hollywoodreporter.com,prebid-server.rubiconproject.com,response,2.6-202606,True,0,0,0
p003715,hollywoodreporter.com,prebid-server.rubiconproject.com,response,2.6-202606,True,0,0,0
p003716,rollingstone.com,prebid-server.rubiconproject.com,response,2.6-202606,True,0,0,0
p003717,hollywoodreporter.com,prebid-server.rubiconproject.com,response,2.6-202606,True,0,0,0
p003718,hollywoodreporter.com,prebid-server.rubiconproject.com,response,2.6-202606,True,0,0,0
p003719,hollywoodreporter.com,prebid-server.rubiconproject.com,response,2.6-202606,True,0,0,0
p003720,hollywoodreporter.com,prebid-server.rubiconproject.com,response,2.6-202606,True,0,0,0
p003721,hollywoodreporter.com,prebid-server.rubiconproject.com,response,2.6-202606,True,0,0,0
p003722,hollywoodreporter.com,prebid-server.rubiconproject.com,response,2.6-202606,True,0,0,0
p003723,billboard.com,prebid-server.rubiconproject.com,response,2.6-202606,True,0,0,0
p003724,rollingstone.com,prebid-server.rubiconproject.com,response,2.6-202606,True,0,0,0
p003725,rollingstone.com,prebid-server.rubiconproject.com,response,2.6-202606,True,0,0,0
p003726,rollingstone.com,prebid-server.rubiconproject.com,response,2.6-202606,True,0,0,0
p003727,rollingstone.com,prebid-server.rubiconproject.com,response,2.6-202606,True,0,0,0
p003728,billboard.com,prebid-server.rubiconproject.com,response,2.6-202606,True,0,0,0
p003729,billboard.com,prebid-server.rubiconproject.com,response,2.6-202606,True,0,0,0
p003730,billboard.com,prebid-server.rubiconproject.com,response,2.6-202606,True,0,0,0
p003731,stereogum.com,prebid-server.rubiconproject.com,response,2.6-202606,True,0,0,0
p003732,rollingstone.com,prebid-server.rubiconproject.com,response,2.6-202606,True,0,0,0
p003733,billboard.com,prebid-server.rubiconproject.com,response,2.6-202606,True,0,0,0
p003734,rollingstone.com,prebid-server.rubiconproject.com,response,2.6-202606,True,0,0,0
p003735,rollingstone.com,prebid-server.rubiconproject.com,response,2.6-202606,True,0,0,0
p003736,billboard.com,prebid-server.rubiconproject.com,response,2.6-202606,True,0,0,0
p003737,billboard.com,prebid-server.rubiconproject.com,response,2.6-202606,True,0,0,0
p003738,rollingstone.com,prebid-server.rubiconproject.com,response,2.6-202606,True,0,0,0
p003739,thrillist.com,prebid-server.rubiconproject.com,response,2.6-202606,True,0,0,0
p003740,thrillist.com,prebid-server.rubiconproject.com,response,2.6-202606,True,0,0,0
p003741,thrillist.com,prebid-server.rubiconproject.com,response,2.6-202606,True,0,0,0
p003742,stereogum.com,prebid-server.rubiconproject.com,response,2.6-202606,True,0,0,0
p003743,billboard.com,prebid-server.rubiconproject.com,response,2.6-202606,True,0,0,0
p003744,billboard.com,prebid-server.rubiconproject.com,response,2.6-202606,True,0,0,0
p003745,billboard.com,prebid-server.rubiconproject.com,response,2.6-202606,True,0,0,0
p003746,billboard.com,prebid-server.rubiconproject.com,response,2.6-202606,True,0,0,0
p003747,stereogum.com,prebid-server.rubiconproject.com,response,2.6-202606,True,0,0,0
p003748,billboard.com,prebid-server.rubiconproject.com,response,2.6-202606,True,0,0,0
p003749,billboard.com,prebid-server.rubiconproject.com,response,2.6-202606,True,0,0,0
p003750,stereogum.com,prebid-server.rubiconproject.com,response,2.6-202606,True,0,0,0
p003751,stereogum.com,prebid-server.rubiconproject.com,response,2.6-202606,True,0,0,0
p003752,thrillist.com,prebid-server.rubiconproject.com,response,2.6-202606,True,0,0,0
p003753,boredpanda.com,prebid-server.rubiconproject.com,response,2.6-202606,True,0,0,0
p003754,boredpanda.com,prebid-server.rubiconproject.com,response,2.6-202606,True,0,0,0
p003755,thrillist.com,prebid-server.rubiconproject.com,response,2.6-202606,True,0,0,0
p003756,boredpanda.com,prebid-server.rubiconproject.com,response,2.6-202606,True,0,0,0
p003757,boredpanda.com,prebid-server.rubiconproject.com,response,2.6-202606,True,0,0,0
p003758,boredpanda.com,prebid-server.rubiconproject.com,response,2.6-202606,True,0,0,0
p003759,ladbible.com,prebid-server.rubiconproject.com,response,2.6-202606,True,0,0,0
p003760,ladbible.com,prebid-server.rubiconproject.com,response,2.6-202606,True,0,0,0
p003761,ladbible.com,prebid-server.rubiconproject.com,response,2.6-202606,True,0,0,0
p003762,ladbible.com,prebid-server.rubiconproject.com,response,2.6-202606,True,0,0,0
p003763,ladbible.com,prebid-server.rubiconproject.com,response,2.6-202606,True,0,0,0
p003764,distractify.com,prebid-server.rubiconproject.com,response,2.6-202606,True,0,0,0
p003765,ladbible.com,prebid-server.rubiconproject.com,response,2.6-202606,True,0,0,0
p003766,ladbible.com,prebid-server.rubiconproject.com,response,2.6-202606,True,0,0,0
p003767,distractify.com,prebid-server.rubiconproject.com,response,2.6-202606,True,0,0,0
p003768,buzzfeed.com,prebid-server.rubiconproject.com,response,2.6-202606,True,0,0,0
p003769,buzzfeed.com,prebid-server.rubiconproject.com,response,2.6-202606,True,0,0,0
p003770,buzzfeed.com,prebid-server.rubiconproject.com,response,2.6-202606,True,0,0,0
p003771,buzzfeed.com,prebid-server.rubiconproject.com,response,2.6-202606,True,0,0,0
p003772,unilad.com,prebid-server.rubiconproject.com,response,2.6-202606,True,0,0,0
p003773,unilad.com,prebid-server.rubiconproject.com,response,2.6-202606,True,0,0,0
p003774,buzzfeed.com,prebid-server.rubiconproject.com,response,2.6-202606,True,0,0,0
p003775,buzzfeed.com,prebid-server.rubiconproject.com,response,2.6-202606,True,0,0,0
p003776,unilad.com,prebid-server.rubiconproject.com,response,2.6-202606,True,0,0,0
p003777,unilad.com,prebid-server.rubiconproject.com,response,2.6-202606,True,0,0,0
p003778,buzzfeed.com,prebid-server.rubiconproject.com,response,2.6-202606,True,0,0,0
p003779,buzzfeed.com,prebid-server.rubiconproject.com,response,2.6-202606,True,0,0,0
p003780,distractify.com,prebid-server.rubiconproject.com,response,2.6-202606,True,0,0,0
p003781,buzzfeed.com,prebid-server.rubiconproject.com,response,2.6-202606,True,0,0,0
p003782,buzzfeed.com,prebid-server.rubiconproject.com,response,2.6-202606,True,0,0,0
p003783,buzzfeed.com,prebid-server.rubiconproject.com,response,2.6-202606,True,0,0,0
p003784,buzzfeed.com,prebid-server.rubiconproject.com,response,2.6-202606,True,0,0,0
p003785,buzzfeed.com,prebid-server.rubiconproject.com,response,2.6-202606,True,0,0,0
p003786,buzzfeed.com,prebid-server.rubiconproject.com,response,2.6-202606,True,0,0,0
p003787,grunge.com,prebid-server.rubiconproject.com,response,2.6-202606,True,0,0,0
p003788,grunge.com,prebid-server.rubiconproject.com,response,2.6-202606,True,0,0,0
p003789,grunge.com,prebid-server.rubiconproject.com,response,2.6-202606,True,0,0,0
p003790,grunge.com,prebid-server.rubiconproject.com,response,2.6-202606,True,0,0,0
p003791,grunge.com,prebid-server.rubiconproject.com,response,2.6-202606,True,0,0,0
p003792,grunge.com,prebid-server.rubiconproject.com,response,2.6-202606,True,0,0,0
p003793,grunge.com,prebid-server.rubiconproject.com,response,2.6-202606,True,0,0,0
p003794,grunge.com,prebid-server.rubiconproject.com,response,2.6-202606,True,0,0,0
p003795,grunge.com,prebid-server.rubiconproject.com,response,2.6-202606,True,0,0,0
p003796,grunge.com,prebid-server.rubiconproject.com,response,2.6-202606,True,0,0,0
p003797,grunge.com,prebid-server.rubiconproject.com,response,2.6-202606,True,0,0,0
p003798,looper.com,prebid-server.rubiconproject.com,response,2.6-202606,True,0,0,0
p003799,slashfilm.com,prebid-server.rubiconproject.com,response,2.6-202606,True,0,0,0
p003800,mashed.com,prebid-server.rubiconproject.com,response,2.6-202606,True,0,0,0
p003801,slashfilm.com,prebid-server.rubiconproject.com,response,2.6-202606,True,0,0,0
p003802,mashed.com,prebid-server.rubiconproject.com,response,2.6-202606,True,0,0,0
p003803,slashfilm.com,prebid-server.rubiconproject.com,response,2.6-202606,True,0,0,0
p003804,mashed.com,prebid-server.rubiconproject.com,response,2.6-202606,True,0,0,0
p003805,mashed.com,prebid-server.rubiconproject.com,response,2.6-202606,True,0,0,0
p003806,sfgate.com,prebid-server.rubiconproject.com,response,2.6-202606,True,0,0,0
p003807,sfgate.com,prebid-server.rubiconproject.com,response,2.6-202606,True,0,0,0
p003808,usatoday.com,prebid.ad.smaato.net,request,2.6-202606,False,2,1,1
p003809,looper.com,prebid.ad.smaato.net,request,2.6-202606,False,2,1,1
p003810,kotaku.com,prebid.deepintent.com,request,2.6-202606,False,15,15,0
p003811,kotaku.com,prebid.deepintent.com,request,2.6-202606,False,5,5,0
p003812,kotaku.com,prebid.deepintent.com,request,2.6-202606,False,5,5,0
p003813,goal.com,prebid.deepintent.com,request,2.6-202606,True,0,0,0
p003814,goal.com,prebid.deepintent.com,request,2.6-202606,True,0,0,0
p003815,goal.com,prebid.deepintent.com,request,2.6-202606,True,0,0,0
p003816,pagesix.com,prebid.media.net,request,2.6-202606,False,32,32,0
p003817,pagesix.com,prebid.media.net,request,2.6-202606,False,11,11,0
p003818,pagesix.com,prebid.media.net,request,2.6-202606,False,11,11,0
p003819,pagesix.com,prebid.media.net,request,2.6-202606,False,11,11,0
p003820,pagesix.com,prebid.media.net,request,2.6-202606,False,11,11,0
p003821,nypost.com,prebid.media.net,request,2.6-202606,False,20,20,0
p003822,nypost.com,prebid.media.net,request,2.6-202606,False,11,11,0
p003823,nypost.com,prebid.media.net,request,2.6-202606,False,11,11,0
p003824,nypost.com,prebid.media.net,request,2.6-202606,False,11,11,0
p003825,pagesix.com,prebid.media.net,request,2.6-202606,False,20,20,0
p003826,pagesix.com,prebid.media.net,request,2.6-202606,False,13,12,1
p003827,pagesix.com,prebid.media.net,request,2.6-202606,False,13,12,1
p003828,pagesix.com,prebid.media.net,request,2.6-202606,False,13,12,1
p003829,pagesix.com,prebid.media.net,request,2.6-202606,False,13,12,1
p003830,pagesix.com,prebid.media.net,request,2.6-202606,False,11,11,0
p003831,pagesix.com,prebid.media.net,request,2.6-202606,False,9,9,0
p003832,nypost.com,prebid.media.net,request,2.6-202606,False,17,17,0
p003833,nypost.com,prebid.media.net,request,2.6-202606,False,13,12,1
p003834,nypost.com,prebid.media.net,request,2.6-202606,False,11,11,0
p003835,nypost.com,prebid.media.net,request,2.6-202606,False,11,11,0
p003836,nypost.com,prebid.media.net,request,2.6-202606,False,9,9,0
p003837,pagesix.com,prebid.media.net,request,2.6-202606,False,13,12,1
p003838,pagesix.com,prebid.media.net,request,2.6-202606,False,13,12,1
p003839,pagesix.com,prebid.media.net,request,2.6-202606,False,13,12,1
p003840,pagesix.com,prebid.media.net,request,2.6-202606,False,13,12,1
p003841,chicagotribune.com,prebid.media.net,request,2.6-202606,False,25,22,3
p003842,usatoday.com,prebid.media.net,request,2.6-202606,False,13,12,1
p003843,chicagotribune.com,prebid.media.net,request,2.6-202606,False,25,22,3
p003844,chicagotribune.com,prebid.media.net,request,2.6-202606,False,25,22,3
p003845,nydailynews.com,prebid.media.net,request,2.6-202606,False,11,10,1
p003846,nydailynews.com,prebid.media.net,request,2.6-202606,False,11,10,1
p003847,chicagotribune.com,prebid.media.net,request,2.6-202606,False,25,22,3
p003848,nydailynews.com,prebid.media.net,request,2.6-202606,False,11,10,1
p003849,thesun.co.uk,prebid.media.net,request,2.6-202606,False,33,33,0
p003850,thesun.co.uk,prebid.media.net,request,2.6-202606,False,13,13,0
p003851,thesun.co.uk,prebid.media.net,request,2.6-202606,False,13,13,0
p003852,thesun.co.uk,prebid.media.net,request,2.6-202606,False,37,37,0
p003853,thesun.co.uk,prebid.media.net,request,2.6-202606,False,11,10,1
p003854,thesun.co.uk,prebid.media.net,request,2.6-202606,False,9,9,0
p003855,thesun.co.uk,prebid.media.net,request,2.6-202606,False,13,13,0
p003856,thesun.co.uk,prebid.media.net,request,2.6-202606,False,13,13,0
p003857,thesun.co.uk,prebid.media.net,request,2.6-202606,False,11,10,1
p003858,thesun.co.uk,prebid.media.net,request,2.6-202606,False,13,13,0
p003859,standard.co.uk,prebid.media.net,request,2.6-202606,False,9,9,0
p003860,standard.co.uk,prebid.media.net,request,2.6-202606,False,9,9,0
p003861,standard.co.uk,prebid.media.net,request,2.6-202606,False,9,9,0
p003862,standard.co.uk,prebid.media.net,request,2.6-202606,False,9,9,0
p003863,standard.co.uk,prebid.media.net,request,2.6-202606,False,9,9,0
p003864,nbcnews.com,prebid.media.net,request,2.6-202606,False,13,12,1
p003865,cbsnews.com,prebid.media.net,request,2.6-202606,False,13,12,1
p003866,nbcnews.com,prebid.media.net,request,2.6-202606,False,13,12,1
p003867,time.com,prebid.media.net,request,2.6-202606,False,19,19,0
p003868,time.com,prebid.media.net,request,2.6-202606,False,19,19,0
p003869,time.com,prebid.media.net,request,2.6-202606,False,19,19,0
p003870,time.com,prebid.media.net,request,2.6-202606,False,19,19,0
p003871,time.com,prebid.media.net,request,2.6-202606,False,14,14,0
p003872,slate.com,prebid.media.net,request,2.6-202606,False,12,12,0
p003873,slate.com,prebid.media.net,request,2.6-202606,False,13,12,1
p003874,slate.com,prebid.media.net,request,2.6-202606,False,8,8,0
p003875,time.com,prebid.media.net,request,2.6-202606,False,11,10,1
p003876,time.com,prebid.media.net,request,2.6-202606,False,11,10,1
p003877,time.com,prebid.media.net,request,2.6-202606,False,11,10,1
p003878,slate.com,prebid.media.net,request,2.6-202606,False,8,8,0
p003879,slate.com,prebid.media.net,request,2.6-202606,False,13,12,1
p003880,theverge.com,prebid.media.net,request,2.6-202606,False,13,12,1
p003881,cnet.com,prebid.media.net,request,2.6-202606,False,28,28,0
p003882,cnet.com,prebid.media.net,request,2.6-202606,False,28,28,0
p003883,zdnet.com,prebid.media.net,request,2.6-202606,False,20,20,0
p003884,cnet.com,prebid.media.net,request,2.6-202606,False,28,28,0
p003885,zdnet.com,prebid.media.net,request,2.6-202606,False,28,28,0
p003886,zdnet.com,prebid.media.net,request,2.6-202606,False,9,9,0
p003887,pcmag.com,prebid.media.net,request,2.6-202606,False,16,16,0
p003888,androidauthority.com,prebid.media.net,request,2.6-202606,False,9,9,0
p003889,androidauthority.com,prebid.media.net,request,2.6-202606,False,9,9,0
p003890,pcmag.com,prebid.media.net,request,2.6-202606,False,24,24,0
p003891,pcmag.com,prebid.media.net,request,2.6-202606,False,8,8,0
p003892,pcmag.com,prebid.media.net,request,2.6-202606,False,28,28,0
p003893,pcmag.com,prebid.media.net,request,2.6-202606,False,28,28,0
p003894,pcmag.com,prebid.media.net,request,2.6-202606,False,28,28,0
p003895,pcmag.com,prebid.media.net,request,2.6-202606,False,20,20,0
p003896,androidauthority.com,prebid.media.net,request,2.6-202606,False,9,9,0
p003897,androidauthority.com,prebid.media.net,request,2.6-202606,False,24,24,0
p003898,androidauthority.com,prebid.media.net,request,2.6-202606,False,12,11,1
p003899,androidauthority.com,prebid.media.net,request,2.6-202606,False,24,24,0
p003900,androidauthority.com,prebid.media.net,request,2.6-202606,False,57,56,1
p003901,androidauthority.com,prebid.media.net,request,2.6-202606,False,62,61,1
p003902,9to5mac.com,prebid.media.net,request,2.6-202606,False,30,30,0
p003903,9to5mac.com,prebid.media.net,request,2.6-202606,False,9,9,0
p003904,androidauthority.com,prebid.media.net,request,2.6-202606,False,67,66,1
p003905,9to5mac.com,prebid.media.net,request,2.6-202606,False,30,30,0
p003906,9to5mac.com,prebid.media.net,request,2.6-202606,False,9,9,0
p003907,gamespot.com,prebid.media.net,request,2.6-202606,False,19,19,0
p003908,gamespot.com,prebid.media.net,request,2.6-202606,False,9,9,0
p003909,gamespot.com,prebid.media.net,request,2.6-202606,False,9,9,0
p003910,gamespot.com,prebid.media.net,request,2.6-202606,False,9,9,0
p003911,gamespot.com,prebid.media.net,request,2.6-202606,False,14,14,0
p003912,sportingnews.com,prebid.media.net,request,2.6-202606,False,10,10,0
p003913,si.com,prebid.media.net,request,2.6-202606,False,11,10,1
p003914,si.com,prebid.media.net,request,2.6-202606,False,11,10,1
p003915,si.com,prebid.media.net,request,2.6-202606,False,39,39,0
p003916,cbssports.com,prebid.media.net,request,2.6-202606,False,13,12,1
p003917,cbssports.com,prebid.media.net,request,2.6-202606,False,13,12,1
p003918,si.com,prebid.media.net,request,2.6-202606,False,11,10,1
p003919,bleacherreport.com,prebid.media.net,request,2.6-202606,False,8,8,0
p003920,bleacherreport.com,prebid.media.net,request,2.6-202606,False,12,12,0
p003921,bleacherreport.com,prebid.media.net,request,2.6-202606,False,12,12,0
p003922,bleacherreport.com,prebid.media.net,request,2.6-202606,False,16,16,0
p003923,bleacherreport.com,prebid.media.net,request,2.6-202606,False,16,16,0
p003924,bleacherreport.com,prebid.media.net,request,2.6-202606,False,16,16,0
p003925,bleacherreport.com,prebid.media.net,request,2.6-202606,False,20,20,0
p003926,bleacherreport.com,prebid.media.net,request,2.6-202606,False,20,20,0
p003927,cbssports.com,prebid.media.net,request,2.6-202606,False,13,12,1
p003928,cbssports.com,prebid.media.net,request,2.6-202606,False,13,12,1
p003929,talksport.com,prebid.media.net,request,2.6-202606,False,9,9,0
p003930,bleacherreport.com,prebid.media.net,request,2.6-202606,False,8,8,0
p003931,bleacherreport.com,prebid.media.net,request,2.6-202606,False,12,12,0
p003932,bleacherreport.com,prebid.media.net,request,2.6-202606,False,16,16,0
p003933,talksport.com,prebid.media.net,request,2.6-202606,False,41,41,0
p003934,bleacherreport.com,prebid.media.net,request,2.6-202606,False,16,16,0
p003935,bleacherreport.com,prebid.media.net,request,2.6-202606,False,16,16,0
p003936,bleacherreport.com,prebid.media.net,request,2.6-202606,False,16,16,0
p003937,talksport.com,prebid.media.net,request,2.6-202606,False,13,13,0
p003938,talksport.com,prebid.media.net,request,2.6-202606,False,13,13,0
p003939,bleacherreport.com,prebid.media.net,request,2.6-202606,False,16,16,0
p003940,bleacherreport.com,prebid.media.net,request,2.6-202606,False,20,20,0
p003941,bleacherreport.com,prebid.media.net,request,2.6-202606,False,20,20,0
p003942,talksport.com,prebid.media.net,request,2.6-202606,False,13,13,0
p003943,bleacherreport.com,prebid.media.net,request,2.6-202606,False,20,20,0
p003944,bleacherreport.com,prebid.media.net,request,2.6-202606,False,20,20,0
p003945,talksport.com,prebid.media.net,request,2.6-202606,False,13,13,0
p003946,talksport.com,prebid.media.net,request,2.6-202606,False,9,9,0
p003947,talksport.com,prebid.media.net,request,2.6-202606,False,53,53,0
p003948,talksport.com,prebid.media.net,request,2.6-202606,False,9,9,0
p003949,talksport.com,prebid.media.net,request,2.6-202606,False,9,9,0
p003950,talksport.com,prebid.media.net,request,2.6-202606,False,21,21,0
p003951,talksport.com,prebid.media.net,request,2.6-202606,False,13,13,0
p003952,talksport.com,prebid.media.net,request,2.6-202606,False,13,13,0
p003953,talksport.com,prebid.media.net,request,2.6-202606,False,13,13,0
p003954,weather.com,prebid.media.net,request,2.6-202606,False,13,12,1
p003955,foodnetwork.com,prebid.media.net,request,2.6-202606,False,8,8,0
p003956,foodnetwork.com,prebid.media.net,request,2.6-202606,False,12,12,0
p003957,tasteofhome.com,prebid.media.net,request,2.6-202606,False,8,8,0
p003958,tasteofhome.com,prebid.media.net,request,2.6-202606,False,8,8,0
p003959,tasteofhome.com,prebid.media.net,request,2.6-202606,False,9,9,0
p003960,tasteofhome.com,prebid.media.net,request,2.6-202606,False,8,8,0
p003961,tasteofhome.com,prebid.media.net,request,2.6-202606,False,8,8,0
p003962,tasteofhome.com,prebid.media.net,request,2.6-202606,False,9,9,0
p003963,healthline.com,prebid.media.net,request,2.6-202606,False,9,9,0
p003964,webmd.com,prebid.media.net,request,2.6-202606,False,8,8,0
p003965,webmd.com,prebid.media.net,request,2.6-202606,False,8,8,0
p003966,webmd.com,prebid.media.net,request,2.6-202606,False,8,8,0
p003967,webmd.com,prebid.media.net,request,2.6-202606,False,8,8,0
p003968,webmd.com,prebid.media.net,request,2.6-202606,False,8,8,0
p003969,webmd.com,prebid.media.net,request,2.6-202606,False,8,8,0
p003970,webmd.com,prebid.media.net,request,2.6-202606,False,8,8,0
p003971,webmd.com,prebid.media.net,request,2.6-202606,False,8,8,0
p003972,webmd.com,prebid.media.net,request,2.6-202606,False,8,8,0
p003973,webmd.com,prebid.media.net,request,2.6-202606,False,8,8,0
p003974,webmd.com,prebid.media.net,request,2.6-202606,False,8,8,0
p003975,webmd.com,prebid.media.net,request,2.6-202606,False,8,8,0
p003976,webmd.com,prebid.media.net,request,2.6-202606,False,8,8,0
p003977,webmd.com,prebid.media.net,request,2.6-202606,False,8,8,0
p003978,webmd.com,prebid.media.net,request,2.6-202606,False,8,8,0
p003979,webmd.com,prebid.media.net,request,2.6-202606,False,8,8,0
p003980,webmd.com,prebid.media.net,request,2.6-202606,False,8,8,0
p003981,webmd.com,prebid.media.net,request,2.6-202606,False,8,8,0
p003982,webmd.com,prebid.media.net,request,2.6-202606,False,8,8,0
p003983,webmd.com,prebid.media.net,request,2.6-202606,False,8,8,0
p003984,webmd.com,prebid.media.net,request,2.6-202606,False,8,8,0
p003985,webmd.com,prebid.media.net,request,2.6-202606,False,8,8,0
p003986,eonline.com,prebid.media.net,request,2.6-202606,False,13,12,1
p003987,eonline.com,prebid.media.net,request,2.6-202606,False,13,12,1
p003988,eonline.com,prebid.media.net,request,2.6-202606,False,14,13,1
p003989,eonline.com,prebid.media.net,request,2.6-202606,False,14,13,1
p003990,eonline.com,prebid.media.net,request,2.6-202606,False,14,13,1
p003991,eonline.com,prebid.media.net,request,2.6-202606,False,14,13,1
p003992,eonline.com,prebid.media.net,request,2.6-202606,False,14,13,1
p003993,eonline.com,prebid.media.net,request,2.6-202606,False,14,13,1
p003994,eonline.com,prebid.media.net,request,2.6-202606,False,14,13,1
p003995,boredpanda.com,prebid.media.net,request,2.6-202606,False,19,19,0
p003996,boredpanda.com,prebid.media.net,request,2.6-202606,False,9,9,0
p003997,distractify.com,prebid.media.net,request,2.6-202606,False,13,12,1
p003998,distractify.com,prebid.media.net,request,2.6-202606,False,13,12,1
p003999,distractify.com,prebid.media.net,request,2.6-202606,False,9,9,0
p004000,distractify.com,prebid.media.net,request,2.6-202606,False,13,12,1
p004001,distractify.com,prebid.media.net,request,2.6-202606,False,14,14,0
p004002,distractify.com,prebid.media.net,request,2.6-202606,False,13,12,1
p004003,salon.com,prebid.production.adthrive.com,request,2.6-202606,True,0,0,0
p004004,salon.com,prebid.production.adthrive.com,request,2.6-202606,True,0,0,0
p004005,salon.com,prebid.production.adthrive.com,request,2.6-202606,True,0,0,0
p004006,salon.com,prebid.production.adthrive.com,request,2.6-202606,True,0,0,0
p004007,salon.com,prebid.production.adthrive.com,request,2.6-202606,True,0,0,0
p004008,salon.com,prebid.production.adthrive.com,request,2.6-202606,False,2,1,1
p004009,salon.com,prebid.production.adthrive.com,request,2.6-202606,True,0,0,0
p004010,salon.com,prebid.production.adthrive.com,request,2.6-202606,False,2,1,1
p004011,salon.com,prebid.production.adthrive.com,request,2.6-202606,False,4,2,2
p004012,salon.com,prebid.production.adthrive.com,request,2.6-202606,True,0,0,0
p004013,salon.com,prebid.production.adthrive.com,request,2.6-202606,True,0,0,0
p004014,salon.com,prebid.production.adthrive.com,request,2.6-202606,True,0,0,0
p004015,salon.com,prebid.production.adthrive.com,request,2.6-202606,True,0,0,0
p004016,salon.com,prebid.production.adthrive.com,request,2.6-202606,True,0,0,0
p004017,salon.com,prebid.production.adthrive.com,request,2.6-202606,False,2,1,1
p004018,salon.com,prebid.production.adthrive.com,request,2.6-202606,False,2,1,1
p004019,salon.com,prebid.production.adthrive.com,request,2.6-202606,True,0,0,0
p004020,salon.com,prebid.production.adthrive.com,request,2.6-202606,False,2,1,1
p004021,salon.com,prebid.production.adthrive.com,request,2.6-202606,False,2,1,1
p004022,engadget.com,prebid.production.adthrive.com,request,2.6-202606,True,0,0,0
p004023,engadget.com,prebid.production.adthrive.com,request,2.6-202606,False,2,1,1
p004024,engadget.com,prebid.production.adthrive.com,request,2.6-202606,False,2,1,1
p004025,engadget.com,prebid.production.adthrive.com,request,2.6-202606,True,0,0,0
p004026,engadget.com,prebid.production.adthrive.com,request,2.6-202606,False,2,1,1
p004027,engadget.com,prebid.production.adthrive.com,request,2.6-202606,False,2,1,1
p004028,macrumors.com,prebid.production.adthrive.com,request,2.6-202606,True,0,0,0
p004029,macrumors.com,prebid.production.adthrive.com,request,2.6-202606,True,0,0,0
p004030,macrumors.com,prebid.production.adthrive.com,request,2.6-202606,False,4,2,2
p004031,macrumors.com,prebid.production.adthrive.com,request,2.6-202606,True,0,0,0
p004032,macrumors.com,prebid.production.adthrive.com,request,2.6-202606,True,0,0,0
p004033,macrumors.com,prebid.production.adthrive.com,request,2.6-202606,True,0,0,0
p004034,macrumors.com,prebid.production.adthrive.com,request,2.6-202606,True,0,0,0
p004035,macrumors.com,prebid.production.adthrive.com,request,2.6-202606,True,0,0,0
p004036,macrumors.com,prebid.production.adthrive.com,request,2.6-202606,True,0,0,0
p004037,macrumors.com,prebid.production.adthrive.com,request,2.6-202606,True,0,0,0
p004038,macrumors.com,prebid.production.adthrive.com,request,2.6-202606,True,0,0,0
p004039,macrumors.com,prebid.production.adthrive.com,request,2.6-202606,True,0,0,0
p004040,macrumors.com,prebid.production.adthrive.com,request,2.6-202606,True,0,0,0
p004041,macrumors.com,prebid.production.adthrive.com,request,2.6-202606,True,0,0,0
p004042,macrumors.com,prebid.production.adthrive.com,request,2.6-202606,True,0,0,0
p004043,macrumors.com,prebid.production.adthrive.com,request,2.6-202606,False,4,2,2
p004044,macrumors.com,prebid.production.adthrive.com,request,2.6-202606,True,0,0,0
p004045,macrumors.com,prebid.production.adthrive.com,request,2.6-202606,True,0,0,0
p004046,macrumors.com,prebid.production.adthrive.com,request,2.6-202606,True,0,0,0
p004047,macrumors.com,prebid.production.adthrive.com,request,2.6-202606,True,0,0,0
p004048,macrumors.com,prebid.production.adthrive.com,request,2.6-202606,True,0,0,0
p004049,macrumors.com,prebid.production.adthrive.com,request,2.6-202606,True,0,0,0
p004050,macrumors.com,prebid.production.adthrive.com,request,2.6-202606,True,0,0,0
p004051,macrumors.com,prebid.production.adthrive.com,request,2.6-202606,True,0,0,0
p004052,benzinga.com,prebid.production.adthrive.com,request,2.6-202606,True,0,0,0
p004053,benzinga.com,prebid.production.adthrive.com,request,2.6-202606,True,0,0,0
p004054,stereogum.com,prebid.production.adthrive.com,request,2.6-202606,True,0,0,0
p004055,stereogum.com,prebid.production.adthrive.com,request,2.6-202606,False,2,1,1
p004056,stereogum.com,prebid.production.adthrive.com,request,2.6-202606,False,2,1,1
p004057,stereogum.com,prebid.production.adthrive.com,request,2.6-202606,False,2,1,1
p004058,stereogum.com,prebid.production.adthrive.com,request,2.6-202606,False,2,1,1
p004059,ranker.com,prebid.production.adthrive.com,request,2.6-202606,True,0,0,0
p004060,grunge.com,prebid.production.adthrive.com,request,2.6-202606,True,0,0,0
p004061,grunge.com,prebid.production.adthrive.com,request,2.6-202606,True,0,0,0
p004062,grunge.com,prebid.production.adthrive.com,request,2.6-202606,False,2,1,1
p004063,grunge.com,prebid.production.adthrive.com,request,2.6-202606,False,6,3,3
p004064,grunge.com,prebid.production.adthrive.com,request,2.6-202606,True,0,0,0
p004065,grunge.com,prebid.production.adthrive.com,request,2.6-202606,True,0,0,0
p004066,grunge.com,prebid.production.adthrive.com,request,2.6-202606,False,6,3,3
p004067,grunge.com,prebid.production.adthrive.com,request,2.6-202606,True,0,0,0
p004068,grunge.com,prebid.production.adthrive.com,request,2.6-202606,True,0,0,0
p004069,grunge.com,prebid.production.adthrive.com,request,2.6-202606,True,0,0,0
p004070,grunge.com,prebid.production.adthrive.com,request,2.6-202606,True,0,0,0
p004071,grunge.com,prebid.production.adthrive.com,request,2.6-202606,True,0,0,0
p004072,grunge.com,prebid.production.adthrive.com,request,2.6-202606,False,2,1,1
p004073,grunge.com,prebid.production.adthrive.com,request,2.6-202606,False,2,1,1
p004074,slashfilm.com,prebid.production.adthrive.com,request,2.6-202606,True,0,0,0
p004075,slashfilm.com,prebid.production.adthrive.com,request,2.6-202606,True,0,0,0
p004076,slashfilm.com,prebid.production.adthrive.com,request,2.6-202606,False,2,1,1
p004077,mashed.com,prebid.production.adthrive.com,request,2.6-202606,True,0,0,0
p004078,mashed.com,prebid.production.adthrive.com,request,2.6-202606,False,2,1,1
p004079,slashfilm.com,prebid.production.adthrive.com,request,2.6-202606,False,2,1,1
p004080,mashed.com,prebid.production.adthrive.com,request,2.6-202606,False,2,1,1
p004081,slashfilm.com,prebid.production.adthrive.com,request,2.6-202606,False,2,1,1
p004082,mashed.com,prebid.production.adthrive.com,request,2.6-202606,False,2,1,1
p004083,slashfilm.com,prebid.production.adthrive.com,request,2.6-202606,False,2,1,1
p004084,mashed.com,prebid.production.adthrive.com,request,2.6-202606,False,2,1,1
p004085,salon.com,prebid.production.adthrive.com,response,2.6-202606,True,1,0,1
p004086,salon.com,prebid.production.adthrive.com,response,2.6-202606,True,0,0,0
p004087,salon.com,prebid.production.adthrive.com,response,2.6-202606,True,0,0,0
p004088,salon.com,prebid.production.adthrive.com,response,2.6-202606,True,0,0,0
p004089,salon.com,prebid.production.adthrive.com,response,2.6-202606,True,0,0,0
p004090,salon.com,prebid.production.adthrive.com,response,2.6-202606,True,0,0,0
p004091,salon.com,prebid.production.adthrive.com,response,2.6-202606,True,0,0,0
p004092,salon.com,prebid.production.adthrive.com,response,2.6-202606,True,0,0,0
p004093,salon.com,prebid.production.adthrive.com,response,2.6-202606,True,0,0,0
p004094,salon.com,prebid.production.adthrive.com,response,2.6-202606,True,0,0,0
p004095,salon.com,prebid.production.adthrive.com,response,2.6-202606,True,0,0,0
p004096,salon.com,prebid.production.adthrive.com,response,2.6-202606,True,0,0,0
p004097,salon.com,prebid.production.adthrive.com,response,2.6-202606,True,0,0,0
p004098,salon.com,prebid.production.adthrive.com,response,2.6-202606,True,0,0,0
p004099,salon.com,prebid.production.adthrive.com,response,2.6-202606,True,0,0,0
p004100,salon.com,prebid.production.adthrive.com,response,2.6-202606,True,0,0,0
p004101,salon.com,prebid.production.adthrive.com,response,2.6-202606,True,0,0,0
p004102,salon.com,prebid.production.adthrive.com,response,2.6-202606,True,0,0,0
p004103,salon.com,prebid.production.adthrive.com,response,2.6-202606,True,0,0,0
p004104,engadget.com,prebid.production.adthrive.com,response,2.6-202606,True,0,0,0
p004105,engadget.com,prebid.production.adthrive.com,response,2.6-202606,True,0,0,0
p004106,engadget.com,prebid.production.adthrive.com,response,2.6-202606,True,0,0,0
p004107,engadget.com,prebid.production.adthrive.com,response,2.6-202606,True,0,0,0
p004108,engadget.com,prebid.production.adthrive.com,response,2.6-202606,True,0,0,0
p004109,engadget.com,prebid.production.adthrive.com,response,2.6-202606,True,0,0,0
p004110,macrumors.com,prebid.production.adthrive.com,response,2.6-202606,True,0,0,0
p004111,macrumors.com,prebid.production.adthrive.com,response,2.6-202606,True,0,0,0
p004112,macrumors.com,prebid.production.adthrive.com,response,2.6-202606,True,0,0,0
p004113,macrumors.com,prebid.production.adthrive.com,response,2.6-202606,True,0,0,0
p004114,macrumors.com,prebid.production.adthrive.com,response,2.6-202606,True,0,0,0
p004115,macrumors.com,prebid.production.adthrive.com,response,2.6-202606,True,0,0,0
p004116,macrumors.com,prebid.production.adthrive.com,response,2.6-202606,True,0,0,0
p004117,macrumors.com,prebid.production.adthrive.com,response,2.6-202606,True,0,0,0
p004118,macrumors.com,prebid.production.adthrive.com,response,2.6-202606,True,0,0,0
p004119,macrumors.com,prebid.production.adthrive.com,response,2.6-202606,True,0,0,0
p004120,macrumors.com,prebid.production.adthrive.com,response,2.6-202606,True,0,0,0
p004121,macrumors.com,prebid.production.adthrive.com,response,2.6-202606,True,0,0,0
p004122,macrumors.com,prebid.production.adthrive.com,response,2.6-202606,True,0,0,0
p004123,macrumors.com,prebid.production.adthrive.com,response,2.6-202606,True,0,0,0
p004124,macrumors.com,prebid.production.adthrive.com,response,2.6-202606,True,0,0,0
p004125,macrumors.com,prebid.production.adthrive.com,response,2.6-202606,True,0,0,0
p004126,macrumors.com,prebid.production.adthrive.com,response,2.6-202606,True,0,0,0
p004127,macrumors.com,prebid.production.adthrive.com,response,2.6-202606,True,0,0,0
p004128,macrumors.com,prebid.production.adthrive.com,response,2.6-202606,True,0,0,0
p004129,macrumors.com,prebid.production.adthrive.com,response,2.6-202606,True,0,0,0
p004130,macrumors.com,prebid.production.adthrive.com,response,2.6-202606,True,0,0,0
p004131,macrumors.com,prebid.production.adthrive.com,response,2.6-202606,True,0,0,0
p004132,macrumors.com,prebid.production.adthrive.com,response,2.6-202606,True,0,0,0
p004133,macrumors.com,prebid.production.adthrive.com,response,2.6-202606,True,0,0,0
p004134,benzinga.com,prebid.production.adthrive.com,response,2.6-202606,True,0,0,0
p004135,benzinga.com,prebid.production.adthrive.com,response,2.6-202606,True,0,0,0
p004136,stereogum.com,prebid.production.adthrive.com,response,2.6-202606,True,0,0,0
p004137,stereogum.com,prebid.production.adthrive.com,response,2.6-202606,True,1,0,1
p004138,stereogum.com,prebid.production.adthrive.com,response,2.6-202606,True,0,0,0
p004139,stereogum.com,prebid.production.adthrive.com,response,2.6-202606,True,0,0,0
p004140,stereogum.com,prebid.production.adthrive.com,response,2.6-202606,True,0,0,0
p004141,ranker.com,prebid.production.adthrive.com,response,2.6-202606,True,0,0,0
p004142,grunge.com,prebid.production.adthrive.com,response,2.6-202606,True,0,0,0
p004143,grunge.com,prebid.production.adthrive.com,response,2.6-202606,True,0,0,0
p004144,grunge.com,prebid.production.adthrive.com,response,2.6-202606,True,0,0,0
p004145,grunge.com,prebid.production.adthrive.com,response,2.6-202606,True,0,0,0
p004146,grunge.com,prebid.production.adthrive.com,response,2.6-202606,True,0,0,0
p004147,grunge.com,prebid.production.adthrive.com,response,2.6-202606,True,0,0,0
p004148,grunge.com,prebid.production.adthrive.com,response,2.6-202606,True,0,0,0
p004149,grunge.com,prebid.production.adthrive.com,response,2.6-202606,True,0,0,0
p004150,grunge.com,prebid.production.adthrive.com,response,2.6-202606,True,0,0,0
p004151,grunge.com,prebid.production.adthrive.com,response,2.6-202606,True,0,0,0
p004152,grunge.com,prebid.production.adthrive.com,response,2.6-202606,True,0,0,0
p004153,grunge.com,prebid.production.adthrive.com,response,2.6-202606,True,0,0,0
p004154,grunge.com,prebid.production.adthrive.com,response,2.6-202606,True,0,0,0
p004155,grunge.com,prebid.production.adthrive.com,response,2.6-202606,True,0,0,0
p004156,slashfilm.com,prebid.production.adthrive.com,response,2.6-202606,True,0,0,0
p004157,slashfilm.com,prebid.production.adthrive.com,response,2.6-202606,True,1,0,1
p004158,slashfilm.com,prebid.production.adthrive.com,response,2.6-202606,True,0,0,0
p004159,mashed.com,prebid.production.adthrive.com,response,2.6-202606,True,0,0,0
p004160,mashed.com,prebid.production.adthrive.com,response,2.6-202606,True,1,0,1
p004161,slashfilm.com,prebid.production.adthrive.com,response,2.6-202606,True,0,0,0
p004162,mashed.com,prebid.production.adthrive.com,response,2.6-202606,True,1,0,1
p004163,slashfilm.com,prebid.production.adthrive.com,response,2.6-202606,True,0,0,0
p004164,mashed.com,prebid.production.adthrive.com,response,2.6-202606,True,0,0,0
p004165,salon.com,prebid2.production.adthrive.com,request,2.6-202606,True,0,0,0
p004166,salon.com,prebid2.production.adthrive.com,request,2.6-202606,True,0,0,0
p004167,salon.com,prebid2.production.adthrive.com,request,2.6-202606,True,0,0,0
p004168,salon.com,prebid2.production.adthrive.com,request,2.6-202606,True,0,0,0
p004169,salon.com,prebid2.production.adthrive.com,request,2.6-202606,True,0,0,0
p004170,salon.com,prebid2.production.adthrive.com,request,2.6-202606,False,2,1,1
p004171,salon.com,prebid2.production.adthrive.com,request,2.6-202606,True,0,0,0
p004172,salon.com,prebid2.production.adthrive.com,request,2.6-202606,False,2,1,1
p004173,salon.com,prebid2.production.adthrive.com,request,2.6-202606,False,6,3,3
p004174,salon.com,prebid2.production.adthrive.com,request,2.6-202606,True,0,0,0
p004175,salon.com,prebid2.production.adthrive.com,request,2.6-202606,True,0,0,0
p004176,salon.com,prebid2.production.adthrive.com,request,2.6-202606,True,0,0,0
p004177,salon.com,prebid2.production.adthrive.com,request,2.6-202606,True,0,0,0
p004178,salon.com,prebid2.production.adthrive.com,request,2.6-202606,True,0,0,0
p004179,salon.com,prebid2.production.adthrive.com,request,2.6-202606,False,2,1,1
p004180,salon.com,prebid2.production.adthrive.com,request,2.6-202606,False,2,1,1
p004181,salon.com,prebid2.production.adthrive.com,request,2.6-202606,True,0,0,0
p004182,salon.com,prebid2.production.adthrive.com,request,2.6-202606,False,2,1,1
p004183,salon.com,prebid2.production.adthrive.com,request,2.6-202606,False,2,1,1
p004184,engadget.com,prebid2.production.adthrive.com,request,2.6-202606,True,0,0,0
p004185,engadget.com,prebid2.production.adthrive.com,request,2.6-202606,False,2,1,1
p004186,engadget.com,prebid2.production.adthrive.com,request,2.6-202606,False,2,1,1
p004187,engadget.com,prebid2.production.adthrive.com,request,2.6-202606,True,0,0,0
p004188,engadget.com,prebid2.production.adthrive.com,request,2.6-202606,False,2,1,1
p004189,engadget.com,prebid2.production.adthrive.com,request,2.6-202606,False,2,1,1
p004190,macrumors.com,prebid2.production.adthrive.com,request,2.6-202606,True,0,0,0
p004191,macrumors.com,prebid2.production.adthrive.com,request,2.6-202606,True,0,0,0
p004192,macrumors.com,prebid2.production.adthrive.com,request,2.6-202606,False,6,3,3
p004193,macrumors.com,prebid2.production.adthrive.com,request,2.6-202606,True,0,0,0
p004194,macrumors.com,prebid2.production.adthrive.com,request,2.6-202606,True,0,0,0
p004195,macrumors.com,prebid2.production.adthrive.com,request,2.6-202606,True,0,0,0
p004196,macrumors.com,prebid2.production.adthrive.com,request,2.6-202606,True,0,0,0
p004197,macrumors.com,prebid2.production.adthrive.com,request,2.6-202606,True,0,0,0
p004198,macrumors.com,prebid2.production.adthrive.com,request,2.6-202606,True,0,0,0
p004199,macrumors.com,prebid2.production.adthrive.com,request,2.6-202606,True,0,0,0
p004200,macrumors.com,prebid2.production.adthrive.com,request,2.6-202606,True,0,0,0
p004201,macrumors.com,prebid2.production.adthrive.com,request,2.6-202606,True,0,0,0
p004202,macrumors.com,prebid2.production.adthrive.com,request,2.6-202606,True,0,0,0
p004203,macrumors.com,prebid2.production.adthrive.com,request,2.6-202606,True,0,0,0
p004204,macrumors.com,prebid2.production.adthrive.com,request,2.6-202606,True,0,0,0
p004205,macrumors.com,prebid2.production.adthrive.com,request,2.6-202606,False,6,3,3
p004206,macrumors.com,prebid2.production.adthrive.com,request,2.6-202606,True,0,0,0
p004207,macrumors.com,prebid2.production.adthrive.com,request,2.6-202606,True,0,0,0
p004208,macrumors.com,prebid2.production.adthrive.com,request,2.6-202606,True,0,0,0
p004209,macrumors.com,prebid2.production.adthrive.com,request,2.6-202606,True,0,0,0
p004210,macrumors.com,prebid2.production.adthrive.com,request,2.6-202606,True,0,0,0
p004211,macrumors.com,prebid2.production.adthrive.com,request,2.6-202606,True,0,0,0
p004212,macrumors.com,prebid2.production.adthrive.com,request,2.6-202606,True,0,0,0
p004213,macrumors.com,prebid2.production.adthrive.com,request,2.6-202606,True,0,0,0
p004214,benzinga.com,prebid2.production.adthrive.com,request,2.6-202606,True,0,0,0
p004215,benzinga.com,prebid2.production.adthrive.com,request,2.6-202606,True,0,0,0
p004216,stereogum.com,prebid2.production.adthrive.com,request,2.6-202606,True,0,0,0
p004217,stereogum.com,prebid2.production.adthrive.com,request,2.6-202606,False,6,3,3
p004218,stereogum.com,prebid2.production.adthrive.com,request,2.6-202606,True,0,0,0
p004219,stereogum.com,prebid2.production.adthrive.com,request,2.6-202606,False,2,1,1
p004220,stereogum.com,prebid2.production.adthrive.com,request,2.6-202606,False,2,1,1
p004221,stereogum.com,prebid2.production.adthrive.com,request,2.6-202606,False,2,1,1
p004222,stereogum.com,prebid2.production.adthrive.com,request,2.6-202606,False,2,1,1
p004223,ranker.com,prebid2.production.adthrive.com,request,2.6-202606,True,0,0,0
p004224,grunge.com,prebid2.production.adthrive.com,request,2.6-202606,True,0,0,0
p004225,grunge.com,prebid2.production.adthrive.com,request,2.6-202606,True,0,0,0
p004226,grunge.com,prebid2.production.adthrive.com,request,2.6-202606,False,2,1,1
p004227,grunge.com,prebid2.production.adthrive.com,request,2.6-202606,False,6,3,3
p004228,grunge.com,prebid2.production.adthrive.com,request,2.6-202606,True,0,0,0
p004229,grunge.com,prebid2.production.adthrive.com,request,2.6-202606,True,0,0,0
p004230,grunge.com,prebid2.production.adthrive.com,request,2.6-202606,False,6,3,3
p004231,grunge.com,prebid2.production.adthrive.com,request,2.6-202606,True,0,0,0
p004232,grunge.com,prebid2.production.adthrive.com,request,2.6-202606,True,0,0,0
p004233,grunge.com,prebid2.production.adthrive.com,request,2.6-202606,True,0,0,0
p004234,grunge.com,prebid2.production.adthrive.com,request,2.6-202606,True,0,0,0
p004235,grunge.com,prebid2.production.adthrive.com,request,2.6-202606,True,0,0,0
p004236,grunge.com,prebid2.production.adthrive.com,request,2.6-202606,False,2,1,1
p004237,grunge.com,prebid2.production.adthrive.com,request,2.6-202606,False,2,1,1
p004238,slashfilm.com,prebid2.production.adthrive.com,request,2.6-202606,True,0,0,0
p004239,slashfilm.com,prebid2.production.adthrive.com,request,2.6-202606,True,0,0,0
p004240,slashfilm.com,prebid2.production.adthrive.com,request,2.6-202606,False,2,1,1
p004241,mashed.com,prebid2.production.adthrive.com,request,2.6-202606,True,0,0,0
p004242,mashed.com,prebid2.production.adthrive.com,request,2.6-202606,False,2,1,1
p004243,slashfilm.com,prebid2.production.adthrive.com,request,2.6-202606,False,2,1,1
p004244,mashed.com,prebid2.production.adthrive.com,request,2.6-202606,False,2,1,1
p004245,slashfilm.com,prebid2.production.adthrive.com,request,2.6-202606,False,2,1,1
p004246,mashed.com,prebid2.production.adthrive.com,request,2.6-202606,False,2,1,1
p004247,slashfilm.com,prebid2.production.adthrive.com,request,2.6-202606,False,2,1,1
p004248,mashed.com,prebid2.production.adthrive.com,request,2.6-202606,False,2,1,1
p004249,tastingtable.com,prebid2.production.adthrive.com,request,2.6-202606,True,0,0,0
p004250,salon.com,prebid2.production.adthrive.com,response,2.6-202606,True,0,0,0
p004251,salon.com,prebid2.production.adthrive.com,response,2.6-202606,True,0,0,0
p004252,salon.com,prebid2.production.adthrive.com,response,2.6-202606,True,0,0,0
p004253,salon.com,prebid2.production.adthrive.com,response,2.6-202606,True,0,0,0
p004254,salon.com,prebid2.production.adthrive.com,response,2.6-202606,True,0,0,0
p004255,salon.com,prebid2.production.adthrive.com,response,2.6-202606,True,0,0,0
p004256,salon.com,prebid2.production.adthrive.com,response,2.6-202606,True,0,0,0
p004257,salon.com,prebid2.production.adthrive.com,response,2.6-202606,True,0,0,0
p004258,salon.com,prebid2.production.adthrive.com,response,2.6-202606,True,0,0,0
p004259,salon.com,prebid2.production.adthrive.com,response,2.6-202606,True,0,0,0
p004260,salon.com,prebid2.production.adthrive.com,response,2.6-202606,True,0,0,0
p004261,salon.com,prebid2.production.adthrive.com,response,2.6-202606,True,0,0,0
p004262,salon.com,prebid2.production.adthrive.com,response,2.6-202606,True,0,0,0
p004263,salon.com,prebid2.production.adthrive.com,response,2.6-202606,True,0,0,0
p004264,salon.com,prebid2.production.adthrive.com,response,2.6-202606,True,0,0,0
p004265,salon.com,prebid2.production.adthrive.com,response,2.6-202606,True,0,0,0
p004266,salon.com,prebid2.production.adthrive.com,response,2.6-202606,True,0,0,0
p004267,salon.com,prebid2.production.adthrive.com,response,2.6-202606,True,0,0,0
p004268,salon.com,prebid2.production.adthrive.com,response,2.6-202606,True,0,0,0
p004269,engadget.com,prebid2.production.adthrive.com,response,2.6-202606,True,0,0,0
p004270,engadget.com,prebid2.production.adthrive.com,response,2.6-202606,True,0,0,0
p004271,engadget.com,prebid2.production.adthrive.com,response,2.6-202606,True,0,0,0
p004272,engadget.com,prebid2.production.adthrive.com,response,2.6-202606,True,0,0,0
p004273,engadget.com,prebid2.production.adthrive.com,response,2.6-202606,True,0,0,0
p004274,engadget.com,prebid2.production.adthrive.com,response,2.6-202606,True,0,0,0
p004275,macrumors.com,prebid2.production.adthrive.com,response,2.6-202606,True,0,0,0
p004276,macrumors.com,prebid2.production.adthrive.com,response,2.6-202606,True,0,0,0
p004277,macrumors.com,prebid2.production.adthrive.com,response,2.6-202606,True,0,0,0
p004278,macrumors.com,prebid2.production.adthrive.com,response,2.6-202606,True,0,0,0
p004279,macrumors.com,prebid2.production.adthrive.com,response,2.6-202606,True,0,0,0
p004280,macrumors.com,prebid2.production.adthrive.com,response,2.6-202606,True,0,0,0
p004281,macrumors.com,prebid2.production.adthrive.com,response,2.6-202606,True,0,0,0
p004282,macrumors.com,prebid2.production.adthrive.com,response,2.6-202606,True,0,0,0
p004283,macrumors.com,prebid2.production.adthrive.com,response,2.6-202606,True,0,0,0
p004284,macrumors.com,prebid2.production.adthrive.com,response,2.6-202606,True,0,0,0
p004285,macrumors.com,prebid2.production.adthrive.com,response,2.6-202606,True,0,0,0
p004286,macrumors.com,prebid2.production.adthrive.com,response,2.6-202606,True,0,0,0
p004287,macrumors.com,prebid2.production.adthrive.com,response,2.6-202606,True,0,0,0
p004288,macrumors.com,prebid2.production.adthrive.com,response,2.6-202606,True,0,0,0
p004289,macrumors.com,prebid2.production.adthrive.com,response,2.6-202606,True,0,0,0
p004290,macrumors.com,prebid2.production.adthrive.com,response,2.6-202606,True,0,0,0
p004291,macrumors.com,prebid2.production.adthrive.com,response,2.6-202606,True,0,0,0
p004292,macrumors.com,prebid2.production.adthrive.com,response,2.6-202606,True,0,0,0
p004293,macrumors.com,prebid2.production.adthrive.com,response,2.6-202606,True,0,0,0
p004294,macrumors.com,prebid2.production.adthrive.com,response,2.6-202606,True,0,0,0
p004295,macrumors.com,prebid2.production.adthrive.com,response,2.6-202606,True,0,0,0
p004296,macrumors.com,prebid2.production.adthrive.com,response,2.6-202606,True,0,0,0
p004297,macrumors.com,prebid2.production.adthrive.com,response,2.6-202606,True,0,0,0
p004298,macrumors.com,prebid2.production.adthrive.com,response,2.6-202606,True,0,0,0
p004299,benzinga.com,prebid2.production.adthrive.com,response,2.6-202606,True,0,0,0
p004300,benzinga.com,prebid2.production.adthrive.com,response,2.6-202606,True,0,0,0
p004301,stereogum.com,prebid2.production.adthrive.com,response,2.6-202606,True,0,0,0
p004302,stereogum.com,prebid2.production.adthrive.com,response,2.6-202606,True,0,0,0
p004303,stereogum.com,prebid2.production.adthrive.com,response,2.6-202606,True,0,0,0
p004304,stereogum.com,prebid2.production.adthrive.com,response,2.6-202606,True,0,0,0
p004305,stereogum.com,prebid2.production.adthrive.com,response,2.6-202606,True,0,0,0
p004306,stereogum.com,prebid2.production.adthrive.com,response,2.6-202606,True,0,0,0
p004307,stereogum.com,prebid2.production.adthrive.com,response,2.6-202606,True,0,0,0
p004308,ranker.com,prebid2.production.adthrive.com,response,2.6-202606,True,0,0,0
p004309,grunge.com,prebid2.production.adthrive.com,response,2.6-202606,True,0,0,0
p004310,grunge.com,prebid2.production.adthrive.com,response,2.6-202606,True,0,0,0
p004311,grunge.com,prebid2.production.adthrive.com,response,2.6-202606,True,0,0,0
p004312,grunge.com,prebid2.production.adthrive.com,response,2.6-202606,True,0,0,0
p004313,grunge.com,prebid2.production.adthrive.com,response,2.6-202606,True,0,0,0
p004314,grunge.com,prebid2.production.adthrive.com,response,2.6-202606,True,0,0,0
p004315,grunge.com,prebid2.production.adthrive.com,response,2.6-202606,True,0,0,0
p004316,grunge.com,prebid2.production.adthrive.com,response,2.6-202606,True,0,0,0
p004317,grunge.com,prebid2.production.adthrive.com,response,2.6-202606,True,0,0,0
p004318,grunge.com,prebid2.production.adthrive.com,response,2.6-202606,True,0,0,0
p004319,grunge.com,prebid2.production.adthrive.com,response,2.6-202606,True,0,0,0
p004320,grunge.com,prebid2.production.adthrive.com,response,2.6-202606,True,0,0,0
p004321,grunge.com,prebid2.production.adthrive.com,response,2.6-202606,True,0,0,0
p004322,grunge.com,prebid2.production.adthrive.com,response,2.6-202606,True,0,0,0
p004323,slashfilm.com,prebid2.production.adthrive.com,response,2.6-202606,True,1,0,1
p004324,slashfilm.com,prebid2.production.adthrive.com,response,2.6-202606,True,0,0,0
p004325,slashfilm.com,prebid2.production.adthrive.com,response,2.6-202606,True,0,0,0
p004326,mashed.com,prebid2.production.adthrive.com,response,2.6-202606,True,0,0,0
p004327,mashed.com,prebid2.production.adthrive.com,response,2.6-202606,True,0,0,0
p004328,slashfilm.com,prebid2.production.adthrive.com,response,2.6-202606,True,0,0,0
p004329,mashed.com,prebid2.production.adthrive.com,response,2.6-202606,True,0,0,0
p004330,slashfilm.com,prebid2.production.adthrive.com,response,2.6-202606,True,0,0,0
p004331,mashed.com,prebid2.production.adthrive.com,response,2.6-202606,True,0,0,0
p004332,tastingtable.com,prebid2.production.adthrive.com,response,2.6-202606,True,0,0,0
p004333,usatoday.com,ps.ex.co,request,2.6-202606,False,10,3,7
p004334,usatoday.com,reachms.bfmio.com,request,2.6-202606,False,9,8,1
p004335,usatoday.com,reachms.bfmio.com,request,2.6-202606,False,9,8,1
p004336,nbcnews.com,reachms.bfmio.com,request,2.6-202606,False,9,8,1
p004337,nbcnews.com,reachms.bfmio.com,request,2.6-202606,False,9,8,1
p004338,cbsnews.com,reachms.bfmio.com,request,2.6-202606,False,9,8,1
p004339,cbsnews.com,reachms.bfmio.com,request,2.6-202606,False,9,8,1
p004340,nbcnews.com,reachms.bfmio.com,request,2.6-202606,False,9,8,1
p004341,nbcnews.com,reachms.bfmio.com,request,2.6-202606,False,9,8,1
p004342,cbssports.com,reachms.bfmio.com,request,2.6-202606,False,9,8,1
p004343,cbssports.com,reachms.bfmio.com,request,2.6-202606,False,9,8,1
p004344,cbssports.com,reachms.bfmio.com,request,2.6-202606,False,9,8,1
p004345,eonline.com,reachms.bfmio.com,request,2.6-202606,False,9,8,1
p004346,eonline.com,reachms.bfmio.com,request,2.6-202606,False,9,8,1
p004347,eonline.com,reachms.bfmio.com,request,2.6-202606,False,9,8,1
p004348,eonline.com,reachms.bfmio.com,request,2.6-202606,False,9,8,1
p004349,eonline.com,reachms.bfmio.com,request,2.6-202606,False,9,8,1
p004350,eonline.com,reachms.bfmio.com,request,2.6-202606,False,9,8,1
p004351,eonline.com,reachms.bfmio.com,request,2.6-202606,False,9,8,1
p004352,techcrunch.com,rt.marphezis.com,request,2.6-202606,True,0,0,0
p004353,techcrunch.com,rt.marphezis.com,request,2.6-202606,True,0,0,0
p004354,techcrunch.com,rt.marphezis.com,request,2.6-202606,True,0,0,0
p004355,techcrunch.com,rt.marphezis.com,request,2.6-202606,True,0,0,0
p004356,techcrunch.com,rt.marphezis.com,request,2.6-202606,True,0,0,0
p004357,techcrunch.com,rt.marphezis.com,request,2.6-202606,True,0,0,0
p004358,techcrunch.com,rt.marphezis.com,request,2.6-202606,True,0,0,0
p004359,techcrunch.com,rt.marphezis.com,request,2.6-202606,True,0,0,0
p004360,healthline.com,rt.marphezis.com,request,2.6-202606,False,2,2,0
p004361,techcrunch.com,rt.marphezis.com,response,2.6-202606,True,0,0,0
p004362,techcrunch.com,rt.marphezis.com,response,2.6-202606,True,0,0,0
p004363,techcrunch.com,rt.marphezis.com,response,2.6-202606,True,1,0,1
p004364,techcrunch.com,rt.marphezis.com,response,2.6-202606,True,0,0,0
p004365,techcrunch.com,rt.marphezis.com,response,2.6-202606,True,0,0,0
p004366,healthline.com,rt.marphezis.com,response,2.6-202606,True,0,0,0
p004367,usatoday.com,rtb.ex.co,request,2.6-202606,False,3,2,1
p004368,foxnews.com,rtb.openx.net,request,2.6-202606,True,0,0,0
p004369,foxnews.com,rtb.openx.net,request,2.6-202606,True,0,0,0
p004370,foxnews.com,rtb.openx.net,request,2.6-202606,True,0,0,0
p004371,foxnews.com,rtb.openx.net,request,2.6-202606,True,0,0,0
p004372,usatoday.com,rtb.openx.net,request,2.6-202606,False,2,1,1
p004373,usatoday.com,rtb.openx.net,request,2.6-202606,False,2,1,1
p004374,usatoday.com,rtb.openx.net,request,2.6-202606,False,2,1,1
p004375,usatoday.com,rtb.openx.net,request,2.6-202606,False,2,1,1
p004376,thedailybeast.com,rtb.openx.net,request,2.6-202606,True,0,0,0
p004377,thedailybeast.com,rtb.openx.net,request,2.6-202606,True,0,0,0
p004378,thedailybeast.com,rtb.openx.net,request,2.6-202606,True,0,0,0
p004379,thedailybeast.com,rtb.openx.net,request,2.6-202606,True,0,0,0
p004380,businessinsider.com,rtb.openx.net,request,2.6-202606,True,0,0,0
p004381,businessinsider.com,rtb.openx.net,request,2.6-202606,True,0,0,0
p004382,businessinsider.com,rtb.openx.net,request,2.6-202606,True,0,0,0
p004383,businessinsider.com,rtb.openx.net,request,2.6-202606,True,0,0,0
p004384,thedailybeast.com,rtb.openx.net,request,2.6-202606,True,0,0,0
p004385,huffpost.com,rtb.openx.net,request,2.6-202606,True,1,0,1
p004386,huffpost.com,rtb.openx.net,request,2.6-202606,True,1,0,1
p004387,huffpost.com,rtb.openx.net,request,2.6-202606,True,1,0,1
p004388,huffpost.com,rtb.openx.net,request,2.6-202606,True,1,0,1
p004389,huffpost.com,rtb.openx.net,request,2.6-202606,True,1,0,1
p004390,huffpost.com,rtb.openx.net,request,2.6-202606,True,1,0,1
p004391,huffpost.com,rtb.openx.net,request,2.6-202606,True,1,0,1
p004392,huffpost.com,rtb.openx.net,request,2.6-202606,True,1,0,1
p004393,huffpost.com,rtb.openx.net,request,2.6-202606,True,0,0,0
p004394,huffpost.com,rtb.openx.net,request,2.6-202606,True,1,0,1
p004395,huffpost.com,rtb.openx.net,request,2.6-202606,True,1,0,1
p004396,huffpost.com,rtb.openx.net,request,2.6-202606,True,0,0,0
p004397,huffpost.com,rtb.openx.net,request,2.6-202606,True,1,0,1
p004398,huffpost.com,rtb.openx.net,request,2.6-202606,True,1,0,1
p004399,huffpost.com,rtb.openx.net,request,2.6-202606,True,0,0,0
p004400,cbsnews.com,rtb.openx.net,request,2.6-202606,True,0,0,0
p004401,nbcnews.com,rtb.openx.net,request,2.6-202606,False,2,1,1
p004402,nbcnews.com,rtb.openx.net,request,2.6-202606,True,0,0,0
p004403,nbcnews.com,rtb.openx.net,request,2.6-202606,False,2,1,1
p004404,nbcnews.com,rtb.openx.net,request,2.6-202606,True,0,0,0
p004405,cbsnews.com,rtb.openx.net,request,2.6-202606,True,0,0,0
p004406,cbsnews.com,rtb.openx.net,request,2.6-202606,False,2,1,1
p004407,nbcnews.com,rtb.openx.net,request,2.6-202606,False,2,1,1
p004408,nbcnews.com,rtb.openx.net,request,2.6-202606,False,2,1,1
p004409,time.com,rtb.openx.net,request,2.6-202606,False,1,1,0
p004410,time.com,rtb.openx.net,request,2.6-202606,False,1,1,0
p004411,time.com,rtb.openx.net,request,2.6-202606,False,1,1,0
p004412,time.com,rtb.openx.net,request,2.6-202606,False,1,1,0
p004413,time.com,rtb.openx.net,request,2.6-202606,False,1,1,0
p004414,slate.com,rtb.openx.net,request,2.6-202606,True,0,0,0
p004415,slate.com,rtb.openx.net,request,2.6-202606,False,2,1,1
p004416,slate.com,rtb.openx.net,request,2.6-202606,False,2,1,1
p004417,slate.com,rtb.openx.net,request,2.6-202606,True,0,0,0
p004418,newsweek.com,rtb.openx.net,request,2.6-202606,False,4,3,1
p004419,newsweek.com,rtb.openx.net,request,2.6-202606,False,2,2,0
p004420,newsweek.com,rtb.openx.net,request,2.6-202606,False,2,2,0
p004421,newsweek.com,rtb.openx.net,request,2.6-202606,False,2,2,0
p004422,newsweek.com,rtb.openx.net,request,2.6-202606,False,2,2,0
p004423,slate.com,rtb.openx.net,request,2.6-202606,True,0,0,0
p004424,slate.com,rtb.openx.net,request,2.6-202606,False,2,1,1
p004425,slate.com,rtb.openx.net,request,2.6-202606,False,2,1,1
p004426,salon.com,rtb.openx.net,request,2.6-202606,True,0,0,0
p004427,salon.com,rtb.openx.net,request,2.6-202606,True,0,0,0
p004428,salon.com,rtb.openx.net,request,2.6-202606,True,0,0,0
p004429,salon.com,rtb.openx.net,request,2.6-202606,True,0,0,0
p004430,salon.com,rtb.openx.net,request,2.6-202606,True,0,0,0
p004431,salon.com,rtb.openx.net,request,2.6-202606,False,2,1,1
p004432,salon.com,rtb.openx.net,request,2.6-202606,True,0,0,0
p004433,salon.com,rtb.openx.net,request,2.6-202606,False,2,1,1
p004434,salon.com,rtb.openx.net,request,2.6-202606,True,0,0,0
p004435,salon.com,rtb.openx.net,request,2.6-202606,False,2,1,1
p004436,salon.com,rtb.openx.net,request,2.6-202606,True,0,0,0
p004437,salon.com,rtb.openx.net,request,2.6-202606,True,0,0,0
p004438,salon.com,rtb.openx.net,request,2.6-202606,True,0,0,0
p004439,salon.com,rtb.openx.net,request,2.6-202606,True,0,0,0
p004440,salon.com,rtb.openx.net,request,2.6-202606,True,0,0,0
p004441,salon.com,rtb.openx.net,request,2.6-202606,False,2,1,1
p004442,salon.com,rtb.openx.net,request,2.6-202606,False,2,1,1
p004443,salon.com,rtb.openx.net,request,2.6-202606,True,0,0,0
p004444,salon.com,rtb.openx.net,request,2.6-202606,False,2,1,1
p004445,salon.com,rtb.openx.net,request,2.6-202606,False,2,1,1
p004446,engadget.com,rtb.openx.net,request,2.6-202606,True,0,0,0
p004447,engadget.com,rtb.openx.net,request,2.6-202606,False,2,1,1
p004448,engadget.com,rtb.openx.net,request,2.6-202606,False,2,1,1
p004449,engadget.com,rtb.openx.net,request,2.6-202606,False,2,1,1
p004450,cnet.com,rtb.openx.net,request,2.6-202606,False,6,6,0
p004451,engadget.com,rtb.openx.net,request,2.6-202606,True,0,0,0
p004452,engadget.com,rtb.openx.net,request,2.6-202606,False,2,1,1
p004453,engadget.com,rtb.openx.net,request,2.6-202606,False,2,1,1
p004454,engadget.com,rtb.openx.net,request,2.6-202606,False,2,1,1
p004455,cnet.com,rtb.openx.net,request,2.6-202606,False,6,6,0
p004456,zdnet.com,rtb.openx.net,request,2.6-202606,False,4,4,0
p004457,cnet.com,rtb.openx.net,request,2.6-202606,False,6,6,0
p004458,tomshardware.com,rtb.openx.net,request,2.6-202606,False,1,1,0
p004459,tomsguide.com,rtb.openx.net,request,2.6-202606,False,1,1,0
p004460,zdnet.com,rtb.openx.net,request,2.6-202606,False,6,6,0
p004461,zdnet.com,rtb.openx.net,request,2.6-202606,False,1,1,0
p004462,zdnet.com,rtb.openx.net,request,2.6-202606,False,2,1,1
p004463,tomshardware.com,rtb.openx.net,request,2.6-202606,False,1,1,0
p004464,tomsguide.com,rtb.openx.net,request,2.6-202606,False,1,1,0
p004465,androidauthority.com,rtb.openx.net,request,2.6-202606,True,0,0,0
p004466,androidauthority.com,rtb.openx.net,request,2.6-202606,True,0,0,0
p004467,androidauthority.com,rtb.openx.net,request,2.6-202606,True,0,0,0
p004468,androidauthority.com,rtb.openx.net,request,2.6-202606,True,0,0,0
p004469,androidauthority.com,rtb.openx.net,request,2.6-202606,True,1,0,1
p004470,androidauthority.com,rtb.openx.net,request,2.6-202606,True,0,0,0
p004471,androidauthority.com,rtb.openx.net,request,2.6-202606,True,0,0,0
p004472,androidauthority.com,rtb.openx.net,request,2.6-202606,True,1,0,1
p004473,androidauthority.com,rtb.openx.net,request,2.6-202606,True,0,0,0
p004474,androidauthority.com,rtb.openx.net,request,2.6-202606,True,1,0,1
p004475,9to5mac.com,rtb.openx.net,request,2.6-202606,True,0,0,0
p004476,9to5mac.com,rtb.openx.net,request,2.6-202606,True,0,0,0
p004477,androidauthority.com,rtb.openx.net,request,2.6-202606,True,0,0,0
p004478,androidauthority.com,rtb.openx.net,request,2.6-202606,True,1,0,1
p004479,macrumors.com,rtb.openx.net,request,2.6-202606,True,0,0,0
p004480,macrumors.com,rtb.openx.net,request,2.6-202606,True,0,0,0
p004481,macrumors.com,rtb.openx.net,request,2.6-202606,True,0,0,0
p004482,macrumors.com,rtb.openx.net,request,2.6-202606,False,2,1,1
p004483,macrumors.com,rtb.openx.net,request,2.6-202606,True,0,0,0
p004484,macrumors.com,rtb.openx.net,request,2.6-202606,True,0,0,0
p004485,macrumors.com,rtb.openx.net,request,2.6-202606,True,0,0,0
p004486,macrumors.com,rtb.openx.net,request,2.6-202606,True,0,0,0
p004487,macrumors.com,rtb.openx.net,request,2.6-202606,True,0,0,0
p004488,macrumors.com,rtb.openx.net,request,2.6-202606,True,0,0,0
p004489,macrumors.com,rtb.openx.net,request,2.6-202606,True,0,0,0
p004490,macrumors.com,rtb.openx.net,request,2.6-202606,True,0,0,0
p004491,macrumors.com,rtb.openx.net,request,2.6-202606,True,0,0,0
p004492,macrumors.com,rtb.openx.net,request,2.6-202606,True,0,0,0
p004493,9to5mac.com,rtb.openx.net,request,2.6-202606,True,0,0,0
p004494,9to5mac.com,rtb.openx.net,request,2.6-202606,True,0,0,0
p004495,macrumors.com,rtb.openx.net,request,2.6-202606,True,0,0,0
p004496,macrumors.com,rtb.openx.net,request,2.6-202606,True,0,0,0
p004497,macrumors.com,rtb.openx.net,request,2.6-202606,True,0,0,0
p004498,macrumors.com,rtb.openx.net,request,2.6-202606,False,2,1,1
p004499,macrumors.com,rtb.openx.net,request,2.6-202606,True,0,0,0
p004500,macrumors.com,rtb.openx.net,request,2.6-202606,True,0,0,0
p004501,macrumors.com,rtb.openx.net,request,2.6-202606,True,0,0,0
p004502,macrumors.com,rtb.openx.net,request,2.6-202606,True,0,0,0
p004503,macrumors.com,rtb.openx.net,request,2.6-202606,True,0,0,0
p004504,macrumors.com,rtb.openx.net,request,2.6-202606,True,0,0,0
p004505,macrumors.com,rtb.openx.net,request,2.6-202606,True,0,0,0
p004506,macrumors.com,rtb.openx.net,request,2.6-202606,True,0,0,0
p004507,makeuseof.com,rtb.openx.net,request,2.6-202606,False,2,1,1
p004508,makeuseof.com,rtb.openx.net,request,2.6-202606,True,0,0,0
p004509,ign.com,rtb.openx.net,request,2.6-202606,False,4,4,0
p004510,gamespot.com,rtb.openx.net,request,2.6-202606,False,55,55,0
p004511,gamespot.com,rtb.openx.net,request,2.6-202606,False,55,55,0
p004512,gamespot.com,rtb.openx.net,request,2.6-202606,False,56,56,0
p004513,gamespot.com,rtb.openx.net,request,2.6-202606,False,59,59,0
p004514,gamespot.com,rtb.openx.net,request,2.6-202606,False,59,59,0
p004515,pcgamer.com,rtb.openx.net,request,2.6-202606,False,3,2,1
p004516,pcgamer.com,rtb.openx.net,request,2.6-202606,False,1,1,0
p004517,pcgamer.com,rtb.openx.net,request,2.6-202606,False,1,1,0
p004518,rockpapershotgun.com,rtb.openx.net,request,2.6-202606,True,0,0,0
p004519,rockpapershotgun.com,rtb.openx.net,request,2.6-202606,True,0,0,0
p004520,rockpapershotgun.com,rtb.openx.net,request,2.6-202606,True,0,0,0
p004521,rockpapershotgun.com,rtb.openx.net,request,2.6-202606,True,0,0,0
p004522,eurogamer.net,rtb.openx.net,request,2.6-202606,True,0,0,0
p004523,eurogamer.net,rtb.openx.net,request,2.6-202606,True,0,0,0
p004524,eurogamer.net,rtb.openx.net,request,2.6-202606,True,0,0,0
p004525,eurogamer.net,rtb.openx.net,request,2.6-202606,True,0,0,0
p004526,eurogamer.net,rtb.openx.net,request,2.6-202606,True,1,0,1
p004527,eurogamer.net,rtb.openx.net,request,2.6-202606,True,1,0,1
p004528,rockpapershotgun.com,rtb.openx.net,request,2.6-202606,True,0,0,0
p004529,rockpapershotgun.com,rtb.openx.net,request,2.6-202606,True,0,0,0
p004530,rockpapershotgun.com,rtb.openx.net,request,2.6-202606,True,0,0,0
p004531,rockpapershotgun.com,rtb.openx.net,request,2.6-202606,True,0,0,0
p004532,rockpapershotgun.com,rtb.openx.net,request,2.6-202606,True,1,0,1
p004533,rockpapershotgun.com,rtb.openx.net,request,2.6-202606,True,1,0,1
p004534,vg247.com,rtb.openx.net,request,2.6-202606,True,0,0,0
p004535,vg247.com,rtb.openx.net,request,2.6-202606,True,0,0,0
p004536,eurogamer.net,rtb.openx.net,request,2.6-202606,True,0,0,0
p004537,eurogamer.net,rtb.openx.net,request,2.6-202606,True,0,0,0
p004538,rockpapershotgun.com,rtb.openx.net,request,2.6-202606,True,1,0,1
p004539,rockpapershotgun.com,rtb.openx.net,request,2.6-202606,True,1,0,1
p004540,eurogamer.net,rtb.openx.net,request,2.6-202606,True,0,0,0
p004541,eurogamer.net,rtb.openx.net,request,2.6-202606,True,1,0,1
p004542,eurogamer.net,rtb.openx.net,request,2.6-202606,True,1,0,1
p004543,vg247.com,rtb.openx.net,request,2.6-202606,True,0,0,0
p004544,eurogamer.net,rtb.openx.net,request,2.6-202606,True,0,0,0
p004545,vg247.com,rtb.openx.net,request,2.6-202606,True,0,0,0
p004546,vg247.com,rtb.openx.net,request,2.6-202606,True,0,0,0
p004547,vg247.com,rtb.openx.net,request,2.6-202606,True,0,0,0
p004548,vg247.com,rtb.openx.net,request,2.6-202606,True,1,0,1
p004549,vg247.com,rtb.openx.net,request,2.6-202606,True,1,0,1
p004550,vg247.com,rtb.openx.net,request,2.6-202606,True,0,0,0
p004551,cbssports.com,rtb.openx.net,request,2.6-202606,True,0,0,0
p004552,si.com,rtb.openx.net,request,2.6-202606,True,1,0,1
p004553,si.com,rtb.openx.net,request,2.6-202606,True,1,0,1
p004554,si.com,rtb.openx.net,request,2.6-202606,True,0,0,0
p004555,cbssports.com,rtb.openx.net,request,2.6-202606,True,0,0,0
p004556,cbssports.com,rtb.openx.net,request,2.6-202606,False,2,1,1
p004557,cbssports.com,rtb.openx.net,request,2.6-202606,False,2,1,1
p004558,si.com,rtb.openx.net,request,2.6-202606,True,1,0,1
p004559,cbssports.com,rtb.openx.net,request,2.6-202606,False,2,1,1
p004560,cbssports.com,rtb.openx.net,request,2.6-202606,False,2,1,1
p004561,goal.com,rtb.openx.net,request,2.6-202606,True,1,0,1
p004562,goal.com,rtb.openx.net,request,2.6-202606,True,1,0,1
p004563,weather.com,rtb.openx.net,request,2.6-202606,True,0,0,0
p004564,weather.com,rtb.openx.net,request,2.6-202606,True,0,0,0
p004565,goal.com,rtb.openx.net,request,2.6-202606,True,1,0,1
p004566,wunderground.com,rtb.openx.net,request,2.6-202606,True,0,0,0
p004567,weather.com,rtb.openx.net,request,2.6-202606,True,0,0,0
p004568,wunderground.com,rtb.openx.net,request,2.6-202606,False,2,1,1
p004569,wunderground.com,rtb.openx.net,request,2.6-202606,False,2,1,1
p004570,wunderground.com,rtb.openx.net,request,2.6-202606,False,2,1,1
p004571,weather.com,rtb.openx.net,request,2.6-202606,True,0,0,0
p004572,weather.com,rtb.openx.net,request,2.6-202606,False,2,1,1
p004573,weather.com,rtb.openx.net,request,2.6-202606,False,2,1,1
p004574,wunderground.com,rtb.openx.net,request,2.6-202606,False,2,1,1
p004575,wunderground.com,rtb.openx.net,request,2.6-202606,False,2,1,1
p004576,wunderground.com,rtb.openx.net,request,2.6-202606,True,0,0,0
p004577,wunderground.com,rtb.openx.net,request,2.6-202606,False,2,1,1
p004578,wunderground.com,rtb.openx.net,request,2.6-202606,False,2,1,1
p004579,wunderground.com,rtb.openx.net,request,2.6-202606,False,2,1,1
p004580,wunderground.com,rtb.openx.net,request,2.6-202606,False,2,1,1
p004581,wunderground.com,rtb.openx.net,request,2.6-202606,False,2,1,1
p004582,benzinga.com,rtb.openx.net,request,2.6-202606,True,0,0,0
p004583,benzinga.com,rtb.openx.net,request,2.6-202606,True,0,0,0
p004584,kiplinger.com,rtb.openx.net,request,2.6-202606,False,1,1,0
p004585,allrecipes.com,rtb.openx.net,request,2.6-202606,True,0,0,0
p004586,kiplinger.com,rtb.openx.net,request,2.6-202606,False,1,1,0
p004587,allrecipes.com,rtb.openx.net,request,2.6-202606,True,0,0,0
p004588,allrecipes.com,rtb.openx.net,request,2.6-202606,True,0,0,0
p004589,tasteofhome.com,rtb.openx.net,request,2.6-202606,True,0,0,0
p004590,tasteofhome.com,rtb.openx.net,request,2.6-202606,True,0,0,0
p004591,simplyrecipes.com,rtb.openx.net,request,2.6-202606,True,0,0,0
p004592,simplyrecipes.com,rtb.openx.net,request,2.6-202606,True,0,0,0
p004593,tasteofhome.com,rtb.openx.net,request,2.6-202606,True,0,0,0
p004594,tasteofhome.com,rtb.openx.net,request,2.6-202606,True,0,0,0
p004595,tasteofhome.com,rtb.openx.net,request,2.6-202606,True,0,0,0
p004596,tasteofhome.com,rtb.openx.net,request,2.6-202606,True,0,0,0
p004597,thespruceeats.com,rtb.openx.net,request,2.6-202606,True,0,0,0
p004598,thespruceeats.com,rtb.openx.net,request,2.6-202606,True,0,0,0
p004599,healthline.com,rtb.openx.net,request,2.6-202606,False,2,2,0
p004600,verywellhealth.com,rtb.openx.net,request,2.6-202606,True,0,0,0
p004601,verywellhealth.com,rtb.openx.net,request,2.6-202606,True,0,0,0
p004602,verywellhealth.com,rtb.openx.net,request,2.6-202606,True,0,0,0
p004603,verywellhealth.com,rtb.openx.net,request,2.6-202606,True,0,0,0
p004604,people.com,rtb.openx.net,request,2.6-202606,True,0,0,0
p004605,people.com,rtb.openx.net,request,2.6-202606,True,0,0,0
p004606,people.com,rtb.openx.net,request,2.6-202606,True,0,0,0
p004607,people.com,rtb.openx.net,request,2.6-202606,True,0,0,0
p004608,people.com,rtb.openx.net,request,2.6-202606,True,0,0,0
p004609,eonline.com,rtb.openx.net,request,2.6-202606,True,0,0,0
p004610,eonline.com,rtb.openx.net,request,2.6-202606,True,0,0,0
p004611,eonline.com,rtb.openx.net,request,2.6-202606,True,0,0,0
p004612,tmz.com,rtb.openx.net,request,2.6-202606,True,0,0,0
p004613,eonline.com,rtb.openx.net,request,2.6-202606,True,0,0,0
p004614,eonline.com,rtb.openx.net,request,2.6-202606,True,0,0,0
p004615,eonline.com,rtb.openx.net,request,2.6-202606,True,0,0,0
p004616,tmz.com,rtb.openx.net,request,2.6-202606,True,0,0,0
p004617,eonline.com,rtb.openx.net,request,2.6-202606,True,0,0,0
p004618,stereogum.com,rtb.openx.net,request,2.6-202606,True,0,0,0
p004619,stereogum.com,rtb.openx.net,request,2.6-202606,True,0,0,0
p004620,stereogum.com,rtb.openx.net,request,2.6-202606,False,2,1,1
p004621,stereogum.com,rtb.openx.net,request,2.6-202606,True,0,0,0
p004622,stereogum.com,rtb.openx.net,request,2.6-202606,False,2,1,1
p004623,stereogum.com,rtb.openx.net,request,2.6-202606,False,2,1,1
p004624,stereogum.com,rtb.openx.net,request,2.6-202606,False,2,1,1
p004625,stereogum.com,rtb.openx.net,request,2.6-202606,False,2,1,1
p004626,boredpanda.com,rtb.openx.net,request,2.6-202606,True,0,0,0
p004627,boredpanda.com,rtb.openx.net,request,2.6-202606,True,1,0,1
p004628,boredpanda.com,rtb.openx.net,request,2.6-202606,True,1,0,1
p004629,boredpanda.com,rtb.openx.net,request,2.6-202606,True,1,0,1
p004630,boredpanda.com,rtb.openx.net,request,2.6-202606,True,0,0,0
p004631,distractify.com,rtb.openx.net,request,2.6-202606,False,3,2,1
p004632,distractify.com,rtb.openx.net,request,2.6-202606,False,3,2,1
p004633,buzzfeed.com,rtb.openx.net,request,2.6-202606,True,0,0,0
p004634,buzzfeed.com,rtb.openx.net,request,2.6-202606,True,0,0,0
p004635,buzzfeed.com,rtb.openx.net,request,2.6-202606,True,0,0,0
p004636,buzzfeed.com,rtb.openx.net,request,2.6-202606,True,0,0,0
p004637,buzzfeed.com,rtb.openx.net,request,2.6-202606,True,0,0,0
p004638,buzzfeed.com,rtb.openx.net,request,2.6-202606,True,0,0,0
p004639,distractify.com,rtb.openx.net,request,2.6-202606,False,1,1,0
p004640,buzzfeed.com,rtb.openx.net,request,2.6-202606,True,0,0,0
p004641,distractify.com,rtb.openx.net,request,2.6-202606,False,3,2,1
p004642,distractify.com,rtb.openx.net,request,2.6-202606,False,2,2,0
p004643,buzzfeed.com,rtb.openx.net,request,2.6-202606,True,0,0,0
p004644,distractify.com,rtb.openx.net,request,2.6-202606,False,3,2,1
p004645,ranker.com,rtb.openx.net,request,2.6-202606,True,0,0,0
p004646,buzzfeed.com,rtb.openx.net,request,2.6-202606,True,1,0,1
p004647,buzzfeed.com,rtb.openx.net,request,2.6-202606,True,1,0,1
p004648,buzzfeed.com,rtb.openx.net,request,2.6-202606,True,0,0,0
p004649,buzzfeed.com,rtb.openx.net,request,2.6-202606,True,0,0,0
p004650,buzzfeed.com,rtb.openx.net,request,2.6-202606,True,1,0,1
p004651,buzzfeed.com,rtb.openx.net,request,2.6-202606,True,1,0,1
p004652,grunge.com,rtb.openx.net,request,2.6-202606,True,0,0,0
p004653,buzzfeed.com,rtb.openx.net,request,2.6-202606,True,1,0,1
p004654,buzzfeed.com,rtb.openx.net,request,2.6-202606,True,1,0,1
p004655,buzzfeed.com,rtb.openx.net,request,2.6-202606,True,1,0,1
p004656,buzzfeed.com,rtb.openx.net,request,2.6-202606,True,1,0,1
p004657,grunge.com,rtb.openx.net,request,2.6-202606,True,0,0,0
p004658,grunge.com,rtb.openx.net,request,2.6-202606,False,2,1,1
p004659,grunge.com,rtb.openx.net,request,2.6-202606,True,0,0,0
p004660,grunge.com,rtb.openx.net,request,2.6-202606,False,2,1,1
p004661,grunge.com,rtb.openx.net,request,2.6-202606,True,0,0,0
p004662,grunge.com,rtb.openx.net,request,2.6-202606,True,0,0,0
p004663,grunge.com,rtb.openx.net,request,2.6-202606,True,0,0,0
p004664,grunge.com,rtb.openx.net,request,2.6-202606,False,2,1,1
p004665,grunge.com,rtb.openx.net,request,2.6-202606,True,0,0,0
p004666,grunge.com,rtb.openx.net,request,2.6-202606,True,0,0,0
p004667,grunge.com,rtb.openx.net,request,2.6-202606,True,0,0,0
p004668,grunge.com,rtb.openx.net,request,2.6-202606,True,0,0,0
p004669,grunge.com,rtb.openx.net,request,2.6-202606,True,0,0,0
p004670,grunge.com,rtb.openx.net,request,2.6-202606,False,2,1,1
p004671,grunge.com,rtb.openx.net,request,2.6-202606,False,2,1,1
p004672,slashfilm.com,rtb.openx.net,request,2.6-202606,True,0,0,0
p004673,looper.com,rtb.openx.net,request,2.6-202606,False,2,1,1
p004674,slashfilm.com,rtb.openx.net,request,2.6-202606,True,0,0,0
p004675,slashfilm.com,rtb.openx.net,request,2.6-202606,False,2,1,1
p004676,mashed.com,rtb.openx.net,request,2.6-202606,True,0,0,0
p004677,mashed.com,rtb.openx.net,request,2.6-202606,False,2,1,1
p004678,slashfilm.com,rtb.openx.net,request,2.6-202606,False,2,1,1
p004679,mashed.com,rtb.openx.net,request,2.6-202606,False,2,1,1
p004680,slashfilm.com,rtb.openx.net,request,2.6-202606,False,2,1,1
p004681,mashed.com,rtb.openx.net,request,2.6-202606,False,2,1,1
p004682,slashfilm.com,rtb.openx.net,request,2.6-202606,False,2,1,1
p004683,sfgate.com,rtb.openx.net,request,2.6-202606,True,0,0,0
p004684,mashed.com,rtb.openx.net,request,2.6-202606,False,2,1,1
p004685,sfgate.com,rtb.openx.net,request,2.6-202606,False,2,1,1
p004686,tastingtable.com,rtb.openx.net,request,2.6-202606,True,0,0,0
p004687,foxnews.com,rtb.openx.net,response,2.6-202606,True,0,0,0
p004688,foxnews.com,rtb.openx.net,response,2.6-202606,True,0,0,0
p004689,foxnews.com,rtb.openx.net,response,2.6-202606,True,0,0,0
p004690,foxnews.com,rtb.openx.net,response,2.6-202606,True,0,0,0
p004691,usatoday.com,rtb.openx.net,response,2.6-202606,True,0,0,0
p004692,usatoday.com,rtb.openx.net,response,2.6-202606,True,0,0,0
p004693,usatoday.com,rtb.openx.net,response,2.6-202606,True,0,0,0
p004694,usatoday.com,rtb.openx.net,response,2.6-202606,True,0,0,0
p004695,thedailybeast.com,rtb.openx.net,response,2.6-202606,True,0,0,0
p004696,thedailybeast.com,rtb.openx.net,response,2.6-202606,True,0,0,0
p004697,thedailybeast.com,rtb.openx.net,response,2.6-202606,True,0,0,0
p004698,thedailybeast.com,rtb.openx.net,response,2.6-202606,True,0,0,0
p004699,businessinsider.com,rtb.openx.net,response,2.6-202606,True,0,0,0
p004700,businessinsider.com,rtb.openx.net,response,2.6-202606,True,0,0,0
p004701,businessinsider.com,rtb.openx.net,response,2.6-202606,True,0,0,0
p004702,businessinsider.com,rtb.openx.net,response,2.6-202606,True,0,0,0
p004703,thedailybeast.com,rtb.openx.net,response,2.6-202606,True,0,0,0
p004704,huffpost.com,rtb.openx.net,response,2.6-202606,True,0,0,0
p004705,huffpost.com,rtb.openx.net,response,2.6-202606,True,0,0,0
p004706,huffpost.com,rtb.openx.net,response,2.6-202606,True,0,0,0
p004707,huffpost.com,rtb.openx.net,response,2.6-202606,True,0,0,0
p004708,huffpost.com,rtb.openx.net,response,2.6-202606,True,0,0,0
p004709,huffpost.com,rtb.openx.net,response,2.6-202606,True,0,0,0
p004710,huffpost.com,rtb.openx.net,response,2.6-202606,True,0,0,0
p004711,huffpost.com,rtb.openx.net,response,2.6-202606,True,0,0,0
p004712,huffpost.com,rtb.openx.net,response,2.6-202606,True,0,0,0
p004713,huffpost.com,rtb.openx.net,response,2.6-202606,True,0,0,0
p004714,huffpost.com,rtb.openx.net,response,2.6-202606,True,0,0,0
p004715,huffpost.com,rtb.openx.net,response,2.6-202606,True,0,0,0
p004716,huffpost.com,rtb.openx.net,response,2.6-202606,True,0,0,0
p004717,huffpost.com,rtb.openx.net,response,2.6-202606,True,0,0,0
p004718,huffpost.com,rtb.openx.net,response,2.6-202606,True,0,0,0
p004719,cbsnews.com,rtb.openx.net,response,2.6-202606,True,0,0,0
p004720,nbcnews.com,rtb.openx.net,response,2.6-202606,True,0,0,0
p004721,nbcnews.com,rtb.openx.net,response,2.6-202606,True,0,0,0
p004722,nbcnews.com,rtb.openx.net,response,2.6-202606,True,0,0,0
p004723,nbcnews.com,rtb.openx.net,response,2.6-202606,True,0,0,0
p004724,cbsnews.com,rtb.openx.net,response,2.6-202606,True,0,0,0
p004725,cbsnews.com,rtb.openx.net,response,2.6-202606,True,0,0,0
p004726,nbcnews.com,rtb.openx.net,response,2.6-202606,True,0,0,0
p004727,nbcnews.com,rtb.openx.net,response,2.6-202606,True,0,0,0
p004728,time.com,rtb.openx.net,response,2.6-202606,True,0,0,0
p004729,time.com,rtb.openx.net,response,2.6-202606,True,0,0,0
p004730,time.com,rtb.openx.net,response,2.6-202606,True,0,0,0
p004731,time.com,rtb.openx.net,response,2.6-202606,True,0,0,0
p004732,time.com,rtb.openx.net,response,2.6-202606,True,0,0,0
p004733,slate.com,rtb.openx.net,response,2.6-202606,True,0,0,0
p004734,slate.com,rtb.openx.net,response,2.6-202606,True,0,0,0
p004735,slate.com,rtb.openx.net,response,2.6-202606,True,0,0,0
p004736,slate.com,rtb.openx.net,response,2.6-202606,True,0,0,0
p004737,newsweek.com,rtb.openx.net,response,2.6-202606,True,0,0,0
p004738,newsweek.com,rtb.openx.net,response,2.6-202606,True,0,0,0
p004739,newsweek.com,rtb.openx.net,response,2.6-202606,True,0,0,0
p004740,newsweek.com,rtb.openx.net,response,2.6-202606,True,0,0,0
p004741,newsweek.com,rtb.openx.net,response,2.6-202606,True,0,0,0
p004742,slate.com,rtb.openx.net,response,2.6-202606,True,0,0,0
p004743,slate.com,rtb.openx.net,response,2.6-202606,True,0,0,0
p004744,slate.com,rtb.openx.net,response,2.6-202606,True,0,0,0
p004745,salon.com,rtb.openx.net,response,2.6-202606,True,0,0,0
p004746,salon.com,rtb.openx.net,response,2.6-202606,True,0,0,0
p004747,salon.com,rtb.openx.net,response,2.6-202606,True,0,0,0
p004748,salon.com,rtb.openx.net,response,2.6-202606,True,0,0,0
p004749,salon.com,rtb.openx.net,response,2.6-202606,True,0,0,0
p004750,salon.com,rtb.openx.net,response,2.6-202606,True,0,0,0
p004751,salon.com,rtb.openx.net,response,2.6-202606,True,0,0,0
p004752,salon.com,rtb.openx.net,response,2.6-202606,True,0,0,0
p004753,salon.com,rtb.openx.net,response,2.6-202606,True,0,0,0
p004754,salon.com,rtb.openx.net,response,2.6-202606,True,0,0,0
p004755,salon.com,rtb.openx.net,response,2.6-202606,True,0,0,0
p004756,salon.com,rtb.openx.net,response,2.6-202606,True,0,0,0
p004757,salon.com,rtb.openx.net,response,2.6-202606,True,0,0,0
p004758,salon.com,rtb.openx.net,response,2.6-202606,True,0,0,0
p004759,salon.com,rtb.openx.net,response,2.6-202606,True,0,0,0
p004760,salon.com,rtb.openx.net,response,2.6-202606,True,0,0,0
p004761,salon.com,rtb.openx.net,response,2.6-202606,True,0,0,0
p004762,salon.com,rtb.openx.net,response,2.6-202606,True,0,0,0
p004763,salon.com,rtb.openx.net,response,2.6-202606,True,0,0,0
p004764,salon.com,rtb.openx.net,response,2.6-202606,True,0,0,0
p004765,engadget.com,rtb.openx.net,response,2.6-202606,True,0,0,0
p004766,engadget.com,rtb.openx.net,response,2.6-202606,True,0,0,0
p004767,engadget.com,rtb.openx.net,response,2.6-202606,True,0,0,0
p004768,engadget.com,rtb.openx.net,response,2.6-202606,True,0,0,0
p004769,cnet.com,rtb.openx.net,response,2.6-202606,True,0,0,0
p004770,engadget.com,rtb.openx.net,response,2.6-202606,True,0,0,0
p004771,engadget.com,rtb.openx.net,response,2.6-202606,True,0,0,0
p004772,engadget.com,rtb.openx.net,response,2.6-202606,True,0,0,0
p004773,engadget.com,rtb.openx.net,response,2.6-202606,True,0,0,0
p004774,cnet.com,rtb.openx.net,response,2.6-202606,True,0,0,0
p004775,zdnet.com,rtb.openx.net,response,2.6-202606,True,0,0,0
p004776,cnet.com,rtb.openx.net,response,2.6-202606,True,0,0,0
p004777,tomshardware.com,rtb.openx.net,response,2.6-202606,True,0,0,0
p004778,tomsguide.com,rtb.openx.net,response,2.6-202606,True,0,0,0
p004779,zdnet.com,rtb.openx.net,response,2.6-202606,True,0,0,0
p004780,zdnet.com,rtb.openx.net,response,2.6-202606,True,0,0,0
p004781,zdnet.com,rtb.openx.net,response,2.6-202606,True,0,0,0
p004782,tomshardware.com,rtb.openx.net,response,2.6-202606,True,0,0,0
p004783,tomsguide.com,rtb.openx.net,response,2.6-202606,True,0,0,0
p004784,androidauthority.com,rtb.openx.net,response,2.6-202606,True,0,0,0
p004785,androidauthority.com,rtb.openx.net,response,2.6-202606,True,0,0,0
p004786,androidauthority.com,rtb.openx.net,response,2.6-202606,True,0,0,0
p004787,androidauthority.com,rtb.openx.net,response,2.6-202606,True,0,0,0
p004788,androidauthority.com,rtb.openx.net,response,2.6-202606,True,0,0,0
p004789,androidauthority.com,rtb.openx.net,response,2.6-202606,True,0,0,0
p004790,androidauthority.com,rtb.openx.net,response,2.6-202606,True,0,0,0
p004791,androidauthority.com,rtb.openx.net,response,2.6-202606,True,0,0,0
p004792,androidauthority.com,rtb.openx.net,response,2.6-202606,True,0,0,0
p004793,androidauthority.com,rtb.openx.net,response,2.6-202606,True,0,0,0
p004794,9to5mac.com,rtb.openx.net,response,2.6-202606,True,0,0,0
p004795,9to5mac.com,rtb.openx.net,response,2.6-202606,True,0,0,0
p004796,androidauthority.com,rtb.openx.net,response,2.6-202606,True,0,0,0
p004797,androidauthority.com,rtb.openx.net,response,2.6-202606,True,0,0,0
p004798,macrumors.com,rtb.openx.net,response,2.6-202606,True,0,0,0
p004799,macrumors.com,rtb.openx.net,response,2.6-202606,True,0,0,0
p004800,macrumors.com,rtb.openx.net,response,2.6-202606,True,0,0,0
p004801,macrumors.com,rtb.openx.net,response,2.6-202606,True,0,0,0
p004802,macrumors.com,rtb.openx.net,response,2.6-202606,True,0,0,0
p004803,macrumors.com,rtb.openx.net,response,2.6-202606,True,0,0,0
p004804,macrumors.com,rtb.openx.net,response,2.6-202606,True,0,0,0
p004805,macrumors.com,rtb.openx.net,response,2.6-202606,True,0,0,0
p004806,macrumors.com,rtb.openx.net,response,2.6-202606,True,0,0,0
p004807,macrumors.com,rtb.openx.net,response,2.6-202606,True,0,0,0
p004808,macrumors.com,rtb.openx.net,response,2.6-202606,True,0,0,0
p004809,macrumors.com,rtb.openx.net,response,2.6-202606,True,0,0,0
p004810,macrumors.com,rtb.openx.net,response,2.6-202606,True,0,0,0
p004811,macrumors.com,rtb.openx.net,response,2.6-202606,True,0,0,0
p004812,9to5mac.com,rtb.openx.net,response,2.6-202606,True,0,0,0
p004813,9to5mac.com,rtb.openx.net,response,2.6-202606,True,0,0,0
p004814,macrumors.com,rtb.openx.net,response,2.6-202606,True,0,0,0
p004815,macrumors.com,rtb.openx.net,response,2.6-202606,True,0,0,0
p004816,macrumors.com,rtb.openx.net,response,2.6-202606,True,0,0,0
p004817,macrumors.com,rtb.openx.net,response,2.6-202606,True,0,0,0
p004818,macrumors.com,rtb.openx.net,response,2.6-202606,True,0,0,0
p004819,macrumors.com,rtb.openx.net,response,2.6-202606,True,0,0,0
p004820,macrumors.com,rtb.openx.net,response,2.6-202606,True,0,0,0
p004821,macrumors.com,rtb.openx.net,response,2.6-202606,True,0,0,0
p004822,macrumors.com,rtb.openx.net,response,2.6-202606,True,0,0,0
p004823,macrumors.com,rtb.openx.net,response,2.6-202606,True,0,0,0
p004824,macrumors.com,rtb.openx.net,response,2.6-202606,True,0,0,0
p004825,macrumors.com,rtb.openx.net,response,2.6-202606,True,0,0,0
p004826,makeuseof.com,rtb.openx.net,response,2.6-202606,True,0,0,0
p004827,makeuseof.com,rtb.openx.net,response,2.6-202606,True,0,0,0
p004828,ign.com,rtb.openx.net,response,2.6-202606,True,0,0,0
p004829,gamespot.com,rtb.openx.net,response,2.6-202606,True,0,0,0
p004830,gamespot.com,rtb.openx.net,response,2.6-202606,True,0,0,0
p004831,gamespot.com,rtb.openx.net,response,2.6-202606,True,0,0,0
p004832,gamespot.com,rtb.openx.net,response,2.6-202606,True,0,0,0
p004833,gamespot.com,rtb.openx.net,response,2.6-202606,True,0,0,0
p004834,pcgamer.com,rtb.openx.net,response,2.6-202606,True,0,0,0
p004835,pcgamer.com,rtb.openx.net,response,2.6-202606,True,0,0,0
p004836,pcgamer.com,rtb.openx.net,response,2.6-202606,True,0,0,0
p004837,rockpapershotgun.com,rtb.openx.net,response,2.6-202606,True,0,0,0
p004838,rockpapershotgun.com,rtb.openx.net,response,2.6-202606,True,0,0,0
p004839,rockpapershotgun.com,rtb.openx.net,response,2.6-202606,True,0,0,0
p004840,rockpapershotgun.com,rtb.openx.net,response,2.6-202606,True,0,0,0
p004841,eurogamer.net,rtb.openx.net,response,2.6-202606,True,0,0,0
p004842,eurogamer.net,rtb.openx.net,response,2.6-202606,True,0,0,0
p004843,eurogamer.net,rtb.openx.net,response,2.6-202606,True,0,0,0
p004844,eurogamer.net,rtb.openx.net,response,2.6-202606,True,0,0,0
p004845,eurogamer.net,rtb.openx.net,response,2.6-202606,True,0,0,0
p004846,eurogamer.net,rtb.openx.net,response,2.6-202606,True,0,0,0
p004847,rockpapershotgun.com,rtb.openx.net,response,2.6-202606,True,0,0,0
p004848,rockpapershotgun.com,rtb.openx.net,response,2.6-202606,True,0,0,0
p004849,rockpapershotgun.com,rtb.openx.net,response,2.6-202606,True,0,0,0
p004850,rockpapershotgun.com,rtb.openx.net,response,2.6-202606,True,0,0,0
p004851,rockpapershotgun.com,rtb.openx.net,response,2.6-202606,True,0,0,0
p004852,rockpapershotgun.com,rtb.openx.net,response,2.6-202606,True,0,0,0
p004853,vg247.com,rtb.openx.net,response,2.6-202606,True,0,0,0
p004854,vg247.com,rtb.openx.net,response,2.6-202606,True,0,0,0
p004855,eurogamer.net,rtb.openx.net,response,2.6-202606,True,0,0,0
p004856,rockpapershotgun.com,rtb.openx.net,response,2.6-202606,True,0,0,0
p004857,rockpapershotgun.com,rtb.openx.net,response,2.6-202606,True,0,0,0
p004858,eurogamer.net,rtb.openx.net,response,2.6-202606,True,0,0,0
p004859,eurogamer.net,rtb.openx.net,response,2.6-202606,True,0,0,0
p004860,vg247.com,rtb.openx.net,response,2.6-202606,True,0,0,0
p004861,eurogamer.net,rtb.openx.net,response,2.6-202606,True,0,0,0
p004862,eurogamer.net,rtb.openx.net,response,2.6-202606,True,0,0,0
p004863,eurogamer.net,rtb.openx.net,response,2.6-202606,True,0,0,0
p004864,vg247.com,rtb.openx.net,response,2.6-202606,True,0,0,0
p004865,vg247.com,rtb.openx.net,response,2.6-202606,True,0,0,0
p004866,vg247.com,rtb.openx.net,response,2.6-202606,True,0,0,0
p004867,vg247.com,rtb.openx.net,response,2.6-202606,True,0,0,0
p004868,vg247.com,rtb.openx.net,response,2.6-202606,True,0,0,0
p004869,vg247.com,rtb.openx.net,response,2.6-202606,True,0,0,0
p004870,cbssports.com,rtb.openx.net,response,2.6-202606,True,0,0,0
p004871,si.com,rtb.openx.net,response,2.6-202606,True,0,0,0
p004872,si.com,rtb.openx.net,response,2.6-202606,True,0,0,0
p004873,si.com,rtb.openx.net,response,2.6-202606,True,0,0,0
p004874,cbssports.com,rtb.openx.net,response,2.6-202606,True,0,0,0
p004875,cbssports.com,rtb.openx.net,response,2.6-202606,True,0,0,0
p004876,cbssports.com,rtb.openx.net,response,2.6-202606,True,0,0,0
p004877,si.com,rtb.openx.net,response,2.6-202606,True,0,0,0
p004878,cbssports.com,rtb.openx.net,response,2.6-202606,True,0,0,0
p004879,cbssports.com,rtb.openx.net,response,2.6-202606,True,0,0,0
p004880,goal.com,rtb.openx.net,response,2.6-202606,True,0,0,0
p004881,goal.com,rtb.openx.net,response,2.6-202606,True,0,0,0
p004882,weather.com,rtb.openx.net,response,2.6-202606,True,0,0,0
p004883,weather.com,rtb.openx.net,response,2.6-202606,True,0,0,0
p004884,goal.com,rtb.openx.net,response,2.6-202606,True,0,0,0
p004885,wunderground.com,rtb.openx.net,response,2.6-202606,True,0,0,0
p004886,weather.com,rtb.openx.net,response,2.6-202606,True,0,0,0
p004887,wunderground.com,rtb.openx.net,response,2.6-202606,True,0,0,0
p004888,wunderground.com,rtb.openx.net,response,2.6-202606,True,0,0,0
p004889,wunderground.com,rtb.openx.net,response,2.6-202606,True,0,0,0
p004890,weather.com,rtb.openx.net,response,2.6-202606,True,0,0,0
p004891,weather.com,rtb.openx.net,response,2.6-202606,True,0,0,0
p004892,weather.com,rtb.openx.net,response,2.6-202606,True,0,0,0
p004893,wunderground.com,rtb.openx.net,response,2.6-202606,True,0,0,0
p004894,wunderground.com,rtb.openx.net,response,2.6-202606,True,0,0,0
p004895,wunderground.com,rtb.openx.net,response,2.6-202606,True,0,0,0
p004896,wunderground.com,rtb.openx.net,response,2.6-202606,True,0,0,0
p004897,wunderground.com,rtb.openx.net,response,2.6-202606,True,0,0,0
p004898,wunderground.com,rtb.openx.net,response,2.6-202606,True,0,0,0
p004899,wunderground.com,rtb.openx.net,response,2.6-202606,True,0,0,0
p004900,wunderground.com,rtb.openx.net,response,2.6-202606,True,0,0,0
p004901,benzinga.com,rtb.openx.net,response,2.6-202606,True,0,0,0
p004902,benzinga.com,rtb.openx.net,response,2.6-202606,True,0,0,0
p004903,kiplinger.com,rtb.openx.net,response,2.6-202606,True,0,0,0
p004904,allrecipes.com,rtb.openx.net,response,2.6-202606,True,0,0,0
p004905,kiplinger.com,rtb.openx.net,response,2.6-202606,True,0,0,0
p004906,allrecipes.com,rtb.openx.net,response,2.6-202606,True,0,0,0
p004907,allrecipes.com,rtb.openx.net,response,2.6-202606,True,0,0,0
p004908,tasteofhome.com,rtb.openx.net,response,2.6-202606,True,0,0,0
p004909,tasteofhome.com,rtb.openx.net,response,2.6-202606,True,0,0,0
p004910,simplyrecipes.com,rtb.openx.net,response,2.6-202606,True,0,0,0
p004911,simplyrecipes.com,rtb.openx.net,response,2.6-202606,True,0,0,0
p004912,tasteofhome.com,rtb.openx.net,response,2.6-202606,True,0,0,0
p004913,tasteofhome.com,rtb.openx.net,response,2.6-202606,True,0,0,0
p004914,tasteofhome.com,rtb.openx.net,response,2.6-202606,True,0,0,0
p004915,tasteofhome.com,rtb.openx.net,response,2.6-202606,True,0,0,0
p004916,thespruceeats.com,rtb.openx.net,response,2.6-202606,True,0,0,0
p004917,thespruceeats.com,rtb.openx.net,response,2.6-202606,True,0,0,0
p004918,healthline.com,rtb.openx.net,response,2.6-202606,True,0,0,0
p004919,verywellhealth.com,rtb.openx.net,response,2.6-202606,True,0,0,0
p004920,verywellhealth.com,rtb.openx.net,response,2.6-202606,True,0,0,0
p004921,verywellhealth.com,rtb.openx.net,response,2.6-202606,True,0,0,0
p004922,verywellhealth.com,rtb.openx.net,response,2.6-202606,True,0,0,0
p004923,people.com,rtb.openx.net,response,2.6-202606,True,0,0,0
p004924,people.com,rtb.openx.net,response,2.6-202606,True,0,0,0
p004925,people.com,rtb.openx.net,response,2.6-202606,True,0,0,0
p004926,people.com,rtb.openx.net,response,2.6-202606,True,0,0,0
p004927,people.com,rtb.openx.net,response,2.6-202606,True,0,0,0
p004928,eonline.com,rtb.openx.net,response,2.6-202606,True,0,0,0
p004929,eonline.com,rtb.openx.net,response,2.6-202606,True,0,0,0
p004930,eonline.com,rtb.openx.net,response,2.6-202606,True,0,0,0
p004931,tmz.com,rtb.openx.net,response,2.6-202606,True,0,0,0
p004932,eonline.com,rtb.openx.net,response,2.6-202606,True,0,0,0
p004933,eonline.com,rtb.openx.net,response,2.6-202606,True,0,0,0
p004934,eonline.com,rtb.openx.net,response,2.6-202606,True,0,0,0
p004935,tmz.com,rtb.openx.net,response,2.6-202606,True,0,0,0
p004936,eonline.com,rtb.openx.net,response,2.6-202606,True,0,0,0
p004937,stereogum.com,rtb.openx.net,response,2.6-202606,True,0,0,0
p004938,stereogum.com,rtb.openx.net,response,2.6-202606,True,0,0,0
p004939,stereogum.com,rtb.openx.net,response,2.6-202606,True,0,0,0
p004940,stereogum.com,rtb.openx.net,response,2.6-202606,True,0,0,0
p004941,stereogum.com,rtb.openx.net,response,2.6-202606,True,0,0,0
p004942,stereogum.com,rtb.openx.net,response,2.6-202606,True,0,0,0
p004943,stereogum.com,rtb.openx.net,response,2.6-202606,True,0,0,0
p004944,stereogum.com,rtb.openx.net,response,2.6-202606,True,0,0,0
p004945,boredpanda.com,rtb.openx.net,response,2.6-202606,True,0,0,0
p004946,boredpanda.com,rtb.openx.net,response,2.6-202606,True,0,0,0
p004947,boredpanda.com,rtb.openx.net,response,2.6-202606,True,0,0,0
p004948,boredpanda.com,rtb.openx.net,response,2.6-202606,True,0,0,0
p004949,boredpanda.com,rtb.openx.net,response,2.6-202606,True,0,0,0
p004950,distractify.com,rtb.openx.net,response,2.6-202606,True,0,0,0
p004951,distractify.com,rtb.openx.net,response,2.6-202606,True,0,0,0
p004952,buzzfeed.com,rtb.openx.net,response,2.6-202606,True,0,0,0
p004953,buzzfeed.com,rtb.openx.net,response,2.6-202606,True,0,0,0
p004954,buzzfeed.com,rtb.openx.net,response,2.6-202606,True,0,0,0
p004955,buzzfeed.com,rtb.openx.net,response,2.6-202606,True,0,0,0
p004956,buzzfeed.com,rtb.openx.net,response,2.6-202606,True,0,0,0
p004957,buzzfeed.com,rtb.openx.net,response,2.6-202606,True,0,0,0
p004958,distractify.com,rtb.openx.net,response,2.6-202606,True,0,0,0
p004959,buzzfeed.com,rtb.openx.net,response,2.6-202606,True,0,0,0
p004960,distractify.com,rtb.openx.net,response,2.6-202606,True,0,0,0
p004961,distractify.com,rtb.openx.net,response,2.6-202606,True,0,0,0
p004962,buzzfeed.com,rtb.openx.net,response,2.6-202606,True,0,0,0
p004963,distractify.com,rtb.openx.net,response,2.6-202606,True,0,0,0
p004964,buzzfeed.com,rtb.openx.net,response,2.6-202606,True,0,0,0
p004965,buzzfeed.com,rtb.openx.net,response,2.6-202606,True,0,0,0
p004966,buzzfeed.com,rtb.openx.net,response,2.6-202606,True,0,0,0
p004967,buzzfeed.com,rtb.openx.net,response,2.6-202606,True,0,0,0
p004968,buzzfeed.com,rtb.openx.net,response,2.6-202606,True,0,0,0
p004969,buzzfeed.com,rtb.openx.net,response,2.6-202606,True,0,0,0
p004970,grunge.com,rtb.openx.net,response,2.6-202606,True,0,0,0
p004971,buzzfeed.com,rtb.openx.net,response,2.6-202606,True,0,0,0
p004972,buzzfeed.com,rtb.openx.net,response,2.6-202606,True,0,0,0
p004973,ranker.com,rtb.openx.net,response,2.6-202606,True,0,0,0
p004974,buzzfeed.com,rtb.openx.net,response,2.6-202606,True,0,0,0
p004975,buzzfeed.com,rtb.openx.net,response,2.6-202606,True,0,0,0
p004976,grunge.com,rtb.openx.net,response,2.6-202606,True,0,0,0
p004977,grunge.com,rtb.openx.net,response,2.6-202606,True,0,0,0
p004978,grunge.com,rtb.openx.net,response,2.6-202606,True,0,0,0
p004979,grunge.com,rtb.openx.net,response,2.6-202606,True,0,0,0
p004980,grunge.com,rtb.openx.net,response,2.6-202606,True,0,0,0
p004981,grunge.com,rtb.openx.net,response,2.6-202606,True,0,0,0
p004982,grunge.com,rtb.openx.net,response,2.6-202606,True,0,0,0
p004983,grunge.com,rtb.openx.net,response,2.6-202606,True,0,0,0
p004984,grunge.com,rtb.openx.net,response,2.6-202606,True,0,0,0
p004985,grunge.com,rtb.openx.net,response,2.6-202606,True,0,0,0
p004986,grunge.com,rtb.openx.net,response,2.6-202606,True,0,0,0
p004987,grunge.com,rtb.openx.net,response,2.6-202606,True,0,0,0
p004988,grunge.com,rtb.openx.net,response,2.6-202606,True,0,0,0
p004989,grunge.com,rtb.openx.net,response,2.6-202606,True,0,0,0
p004990,grunge.com,rtb.openx.net,response,2.6-202606,True,0,0,0
p004991,slashfilm.com,rtb.openx.net,response,2.6-202606,True,0,0,0
p004992,looper.com,rtb.openx.net,response,2.6-202606,True,0,0,0
p004993,slashfilm.com,rtb.openx.net,response,2.6-202606,True,0,0,0
p004994,slashfilm.com,rtb.openx.net,response,2.6-202606,True,0,0,0
p004995,mashed.com,rtb.openx.net,response,2.6-202606,True,0,0,0
p004996,mashed.com,rtb.openx.net,response,2.6-202606,True,0,0,0
p004997,slashfilm.com,rtb.openx.net,response,2.6-202606,True,0,0,0
p004998,mashed.com,rtb.openx.net,response,2.6-202606,True,0,0,0
p004999,slashfilm.com,rtb.openx.net,response,2.6-202606,True,0,0,0
p005000,mashed.com,rtb.openx.net,response,2.6-202606,True,0,0,0
p005001,mashed.com,rtb.openx.net,response,2.6-202606,True,0,0,0
p005002,sfgate.com,rtb.openx.net,response,2.6-202606,True,0,0,0
p005003,sfgate.com,rtb.openx.net,response,2.6-202606,True,0,0,0
p005004,tastingtable.com,rtb.openx.net,response,2.6-202606,True,0,0,0
p005005,distractify.com,s2s.lngtd.com,request,2.6-202606,False,3,2,1
p005006,distractify.com,s2s.lngtd.com,request,2.6-202606,False,3,2,1
p005007,distractify.com,s2s.lngtd.com,request,2.6-202606,False,1,1,0
p005008,distractify.com,s2s.lngtd.com,request,2.6-202606,False,3,2,1
p005009,distractify.com,s2s.lngtd.com,request,2.6-202606,False,2,2,0
p005010,distractify.com,s2s.lngtd.com,request,2.6-202606,False,3,2,1
p005011,distractify.com,s2s.lngtd.com,response,2.6-202606,True,0,0,0
p005012,distractify.com,s2s.lngtd.com,response,2.6-202606,True,0,0,0
p005013,distractify.com,s2s.lngtd.com,response,2.6-202606,True,0,0,0
p005014,distractify.com,s2s.lngtd.com,response,2.6-202606,True,0,0,0
p005015,distractify.com,s2s.lngtd.com,response,2.6-202606,True,0,0,0
p005016,distractify.com,s2s.lngtd.com,response,2.6-202606,True,0,0,0
p005017,eurogamer.net,server.cpmstar.com,request,2.6-202606,False,3,2,1
p005018,rockpapershotgun.com,server.cpmstar.com,request,2.6-202606,False,3,2,1
p005019,rockpapershotgun.com,server.cpmstar.com,request,2.6-202606,False,3,2,1
p005020,eurogamer.net,server.cpmstar.com,request,2.6-202606,False,3,2,1
p005021,sportingnews.com,server.cpmstar.com,request,2.6-202606,False,2,2,0
p005022,sportingnews.com,server.cpmstar.com,request,2.6-202606,False,2,2,0
p005023,variety.com,srv.scalibur.io,request,2.6-202606,True,0,0,0
p005024,variety.com,srv.scalibur.io,request,2.6-202606,False,1,1,0
p005025,variety.com,srv.scalibur.io,request,2.6-202606,True,0,0,0
p005026,deadline.com,srv.scalibur.io,request,2.6-202606,True,0,0,0
p005027,hollywoodreporter.com,srv.scalibur.io,request,2.6-202606,True,1,0,1
p005028,hollywoodreporter.com,srv.scalibur.io,request,2.6-202606,True,1,0,1
p005029,rollingstone.com,srv.scalibur.io,request,2.6-202606,True,0,0,0
p005030,hollywoodreporter.com,srv.scalibur.io,request,2.6-202606,False,2,1,1
p005031,hollywoodreporter.com,srv.scalibur.io,request,2.6-202606,True,1,0,1
p005032,hollywoodreporter.com,srv.scalibur.io,request,2.6-202606,False,1,1,0
p005033,hollywoodreporter.com,srv.scalibur.io,request,2.6-202606,False,1,1,0
p005034,billboard.com,srv.scalibur.io,request,2.6-202606,True,0,0,0
p005035,rollingstone.com,srv.scalibur.io,request,2.6-202606,True,0,0,0
p005036,billboard.com,srv.scalibur.io,request,2.6-202606,False,1,1,0
p005037,rollingstone.com,srv.scalibur.io,request,2.6-202606,True,0,0,0
p005038,billboard.com,srv.scalibur.io,request,2.6-202606,True,0,0,0
p005039,billboard.com,srv.scalibur.io,request,2.6-202606,False,1,1,0
p005040,billboard.com,srv.scalibur.io,request,2.6-202606,True,0,0,0
p005041,billboard.com,srv.scalibur.io,request,2.6-202606,False,1,1,0
p005042,variety.com,srv.scalibur.io,response,2.6-202606,False,10,9,1
p005043,variety.com,srv.scalibur.io,response,2.6-202606,False,1,1,0
p005044,variety.com,srv.scalibur.io,response,2.6-202606,False,10,9,1
p005045,hollywoodreporter.com,srv.scalibur.io,response,2.6-202606,False,20,18,2
p005046,hollywoodreporter.com,srv.scalibur.io,response,2.6-202606,False,10,9,1
p005047,rollingstone.com,srv.scalibur.io,response,2.6-202606,False,1,1,0
p005048,hollywoodreporter.com,srv.scalibur.io,response,2.6-202606,False,1,1,0
p005049,hollywoodreporter.com,srv.scalibur.io,response,2.6-202606,False,20,18,2
p005050,hollywoodreporter.com,srv.scalibur.io,response,2.6-202606,False,1,1,0
p005051,hollywoodreporter.com,srv.scalibur.io,response,2.6-202606,False,20,18,2
p005052,billboard.com,srv.scalibur.io,response,2.6-202606,False,1,1,0
p005053,rollingstone.com,srv.scalibur.io,response,2.6-202606,False,20,18,2
p005054,rollingstone.com,srv.scalibur.io,response,2.6-202606,False,10,9,1
p005055,billboard.com,srv.scalibur.io,response,2.6-202606,False,1,1,0
p005056,billboard.com,srv.scalibur.io,response,2.6-202606,False,1,1,0
p005057,billboard.com,srv.scalibur.io,response,2.6-202606,False,1,1,0
p005058,billboard.com,srv.scalibur.io,response,2.6-202606,False,1,1,0
p005059,billboard.com,srv.scalibur.io,response,2.6-202606,False,1,1,0
p005060,standard.co.uk,ssb-global.smartadserver.com,request,2.6-202606,False,1,1,0
p005061,standard.co.uk,ssb-global.smartadserver.com,request,2.6-202606,False,1,1,0
p005062,standard.co.uk,ssb-global.smartadserver.com,request,2.6-202606,False,1,1,0
p005063,salon.com,ssb-global.smartadserver.com,request,2.6-202606,False,1,1,0
p005064,salon.com,ssb-global.smartadserver.com,request,2.6-202606,False,1,1,0
p005065,vox.com,ssb-global.smartadserver.com,request,2.6-202606,False,1,1,0
p005066,vox.com,ssb-global.smartadserver.com,request,2.6-202606,False,1,1,0
p005067,vox.com,ssb-global.smartadserver.com,request,2.6-202606,False,1,1,0
p005068,vox.com,ssb-global.smartadserver.com,request,2.6-202606,False,1,1,0
p005069,theverge.com,ssb-global.smartadserver.com,request,2.6-202606,False,1,1,0
p005070,theverge.com,ssb-global.smartadserver.com,request,2.6-202606,False,1,1,0
p005071,theverge.com,ssb-global.smartadserver.com,request,2.6-202606,False,1,1,0
p005072,theverge.com,ssb-global.smartadserver.com,request,2.6-202606,False,1,1,0
p005073,salon.com,ssb-global.smartadserver.com,request,2.6-202606,False,1,1,0
p005074,salon.com,ssb-global.smartadserver.com,request,2.6-202606,False,1,1,0
p005075,salon.com,ssb-global.smartadserver.com,request,2.6-202606,False,1,1,0
p005076,salon.com,ssb-global.smartadserver.com,request,2.6-202606,False,3,2,1
p005077,salon.com,ssb-global.smartadserver.com,request,2.6-202606,False,1,1,0
p005078,salon.com,ssb-global.smartadserver.com,request,2.6-202606,False,1,1,0
p005079,salon.com,ssb-global.smartadserver.com,request,2.6-202606,False,3,2,1
p005080,salon.com,ssb-global.smartadserver.com,request,2.6-202606,False,1,1,0
p005081,theverge.com,ssb-global.smartadserver.com,request,2.6-202606,False,1,1,0
p005082,salon.com,ssb-global.smartadserver.com,request,2.6-202606,False,1,1,0
p005083,salon.com,ssb-global.smartadserver.com,request,2.6-202606,False,1,1,0
p005084,salon.com,ssb-global.smartadserver.com,request,2.6-202606,False,1,1,0
p005085,salon.com,ssb-global.smartadserver.com,request,2.6-202606,False,1,1,0
p005086,salon.com,ssb-global.smartadserver.com,request,2.6-202606,False,3,2,1
p005087,theverge.com,ssb-global.smartadserver.com,request,2.6-202606,False,1,1,0
p005088,salon.com,ssb-global.smartadserver.com,request,2.6-202606,False,1,1,0
p005089,vox.com,ssb-global.smartadserver.com,request,2.6-202606,False,1,1,0
p005090,vox.com,ssb-global.smartadserver.com,request,2.6-202606,False,1,1,0
p005091,vox.com,ssb-global.smartadserver.com,request,2.6-202606,False,1,1,0
p005092,vox.com,ssb-global.smartadserver.com,request,2.6-202606,False,1,1,0
p005093,vox.com,ssb-global.smartadserver.com,request,2.6-202606,False,1,1,0
p005094,theverge.com,ssb-global.smartadserver.com,request,2.6-202606,False,1,1,0
p005095,theverge.com,ssb-global.smartadserver.com,request,2.6-202606,False,1,1,0
p005096,theverge.com,ssb-global.smartadserver.com,request,2.6-202606,False,1,1,0
p005097,theverge.com,ssb-global.smartadserver.com,request,2.6-202606,False,1,1,0
p005098,theverge.com,ssb-global.smartadserver.com,request,2.6-202606,False,1,1,0
p005099,engadget.com,ssb-global.smartadserver.com,request,2.6-202606,False,1,1,0
p005100,engadget.com,ssb-global.smartadserver.com,request,2.6-202606,False,3,2,1
p005101,theverge.com,ssb-global.smartadserver.com,request,2.6-202606,False,1,1,0
p005102,engadget.com,ssb-global.smartadserver.com,request,2.6-202606,False,3,2,1
p005103,engadget.com,ssb-global.smartadserver.com,request,2.6-202606,False,1,1,0
p005104,engadget.com,ssb-global.smartadserver.com,request,2.6-202606,False,3,2,1
p005105,engadget.com,ssb-global.smartadserver.com,request,2.6-202606,False,3,2,1
p005106,macrumors.com,ssb-global.smartadserver.com,request,2.6-202606,False,1,1,0
p005107,macrumors.com,ssb-global.smartadserver.com,request,2.6-202606,False,1,1,0
p005108,macrumors.com,ssb-global.smartadserver.com,request,2.6-202606,False,1,1,0
p005109,macrumors.com,ssb-global.smartadserver.com,request,2.6-202606,False,3,2,1
p005110,macrumors.com,ssb-global.smartadserver.com,request,2.6-202606,False,1,1,0
p005111,macrumors.com,ssb-global.smartadserver.com,request,2.6-202606,False,1,1,0
p005112,macrumors.com,ssb-global.smartadserver.com,request,2.6-202606,False,1,1,0
p005113,macrumors.com,ssb-global.smartadserver.com,request,2.6-202606,False,1,1,0
p005114,macrumors.com,ssb-global.smartadserver.com,request,2.6-202606,False,1,1,0
p005115,macrumors.com,ssb-global.smartadserver.com,request,2.6-202606,False,1,1,0
p005116,macrumors.com,ssb-global.smartadserver.com,request,2.6-202606,False,1,1,0
p005117,macrumors.com,ssb-global.smartadserver.com,request,2.6-202606,False,1,1,0
p005118,macrumors.com,ssb-global.smartadserver.com,request,2.6-202606,False,1,1,0
p005119,macrumors.com,ssb-global.smartadserver.com,request,2.6-202606,False,1,1,0
p005120,macrumors.com,ssb-global.smartadserver.com,request,2.6-202606,False,1,1,0
p005121,macrumors.com,ssb-global.smartadserver.com,request,2.6-202606,False,1,1,0
p005122,macrumors.com,ssb-global.smartadserver.com,request,2.6-202606,False,1,1,0
p005123,macrumors.com,ssb-global.smartadserver.com,request,2.6-202606,False,3,2,1
p005124,macrumors.com,ssb-global.smartadserver.com,request,2.6-202606,False,1,1,0
p005125,macrumors.com,ssb-global.smartadserver.com,request,2.6-202606,False,1,1,0
p005126,macrumors.com,ssb-global.smartadserver.com,request,2.6-202606,False,1,1,0
p005127,macrumors.com,ssb-global.smartadserver.com,request,2.6-202606,False,1,1,0
p005128,macrumors.com,ssb-global.smartadserver.com,request,2.6-202606,False,1,1,0
p005129,macrumors.com,ssb-global.smartadserver.com,request,2.6-202606,False,1,1,0
p005130,macrumors.com,ssb-global.smartadserver.com,request,2.6-202606,False,1,1,0
p005131,macrumors.com,ssb-global.smartadserver.com,request,2.6-202606,False,1,1,0
p005132,sportingnews.com,ssb-global.smartadserver.com,request,2.6-202606,False,1,1,0
p005133,benzinga.com,ssb-global.smartadserver.com,request,2.6-202606,False,1,1,0
p005134,benzinga.com,ssb-global.smartadserver.com,request,2.6-202606,False,1,1,0
p005135,stereogum.com,ssb-global.smartadserver.com,request,2.6-202606,False,1,1,0
p005136,stereogum.com,ssb-global.smartadserver.com,request,2.6-202606,False,1,1,0
p005137,stereogum.com,ssb-global.smartadserver.com,request,2.6-202606,False,3,2,1
p005138,thrillist.com,ssb-global.smartadserver.com,request,2.6-202606,False,1,1,0
p005139,thrillist.com,ssb-global.smartadserver.com,request,2.6-202606,False,1,1,0
p005140,thrillist.com,ssb-global.smartadserver.com,request,2.6-202606,False,1,1,0
p005141,stereogum.com,ssb-global.smartadserver.com,request,2.6-202606,False,1,1,0
p005142,stereogum.com,ssb-global.smartadserver.com,request,2.6-202606,False,3,2,1
p005143,stereogum.com,ssb-global.smartadserver.com,request,2.6-202606,False,3,2,1
p005144,stereogum.com,ssb-global.smartadserver.com,request,2.6-202606,False,3,2,1
p005145,stereogum.com,ssb-global.smartadserver.com,request,2.6-202606,False,3,2,1
p005146,thrillist.com,ssb-global.smartadserver.com,request,2.6-202606,False,1,1,0
p005147,thrillist.com,ssb-global.smartadserver.com,request,2.6-202606,False,1,1,0
p005148,thrillist.com,ssb-global.smartadserver.com,request,2.6-202606,False,1,1,0
p005149,thrillist.com,ssb-global.smartadserver.com,request,2.6-202606,False,1,1,0
p005150,boredpanda.com,ssb-global.smartadserver.com,request,2.6-202606,False,1,1,0
p005151,boredpanda.com,ssb-global.smartadserver.com,request,2.6-202606,False,1,1,0
p005152,boredpanda.com,ssb-global.smartadserver.com,request,2.6-202606,False,1,1,0
p005153,thrillist.com,ssb-global.smartadserver.com,request,2.6-202606,False,1,1,0
p005154,boredpanda.com,ssb-global.smartadserver.com,request,2.6-202606,False,1,1,0
p005155,ladbible.com,ssb-global.smartadserver.com,request,2.6-202606,False,2,1,1
p005156,ladbible.com,ssb-global.smartadserver.com,request,2.6-202606,False,2,1,1
p005157,distractify.com,ssb-global.smartadserver.com,request,2.6-202606,False,4,3,1
p005158,ladbible.com,ssb-global.smartadserver.com,request,2.6-202606,False,2,1,1
p005159,distractify.com,ssb-global.smartadserver.com,request,2.6-202606,False,4,3,1
p005160,distractify.com,ssb-global.smartadserver.com,request,2.6-202606,False,2,2,0
p005161,distractify.com,ssb-global.smartadserver.com,request,2.6-202606,False,4,3,1
p005162,distractify.com,ssb-global.smartadserver.com,request,2.6-202606,False,2,2,0
p005163,distractify.com,ssb-global.smartadserver.com,request,2.6-202606,False,2,2,0
p005164,distractify.com,ssb-global.smartadserver.com,request,2.6-202606,False,4,3,1
p005165,ranker.com,ssb-global.smartadserver.com,request,2.6-202606,False,1,1,0
p005166,grunge.com,ssb-global.smartadserver.com,request,2.6-202606,False,1,1,0
p005167,slashfilm.com,ssb-global.smartadserver.com,request,2.6-202606,False,1,1,0
p005168,slashfilm.com,ssb-global.smartadserver.com,request,2.6-202606,False,1,1,0
p005169,slashfilm.com,ssb-global.smartadserver.com,request,2.6-202606,False,3,2,1
p005170,mashed.com,ssb-global.smartadserver.com,request,2.6-202606,False,1,1,0
p005171,mashed.com,ssb-global.smartadserver.com,request,2.6-202606,False,3,2,1
p005172,slashfilm.com,ssb-global.smartadserver.com,request,2.6-202606,False,3,2,1
p005173,mashed.com,ssb-global.smartadserver.com,request,2.6-202606,False,3,2,1
p005174,slashfilm.com,ssb-global.smartadserver.com,request,2.6-202606,False,3,2,1
p005175,mashed.com,ssb-global.smartadserver.com,request,2.6-202606,False,3,2,1
p005176,slashfilm.com,ssb-global.smartadserver.com,request,2.6-202606,False,3,2,1
p005177,mashed.com,ssb-global.smartadserver.com,request,2.6-202606,False,3,2,1
p005178,tastingtable.com,ssb-global.smartadserver.com,request,2.6-202606,False,1,1,0
p005179,huffpost.com,ssc.33across.com,request,2.6-202606,False,1,1,0
p005180,huffpost.com,ssc.33across.com,request,2.6-202606,False,2,1,1
p005181,huffpost.com,ssc.33across.com,request,2.6-202606,False,1,1,0
p005182,huffpost.com,ssc.33across.com,request,2.6-202606,False,2,1,1
p005183,huffpost.com,ssc.33across.com,request,2.6-202606,False,2,1,1
p005184,huffpost.com,ssc.33across.com,request,2.6-202606,False,2,1,1
p005185,huffpost.com,ssc.33across.com,request,2.6-202606,False,1,1,0
p005186,huffpost.com,ssc.33across.com,request,2.6-202606,False,2,1,1
p005187,huffpost.com,ssc.33across.com,request,2.6-202606,False,1,1,0
p005188,huffpost.com,ssc.33across.com,request,2.6-202606,False,2,1,1
p005189,huffpost.com,ssc.33across.com,request,2.6-202606,False,1,1,0
p005190,huffpost.com,ssc.33across.com,response,2.6-202606,False,1,1,0
p005191,huffpost.com,ssc.33across.com,response,2.6-202606,False,1,1,0
p005192,huffpost.com,ssc.33across.com,response,2.6-202606,False,1,1,0
p005193,huffpost.com,ssc.33across.com,response,2.6-202606,False,1,1,0
p005194,huffpost.com,ssc.33across.com,response,2.6-202606,False,1,1,0
p005195,huffpost.com,ssc.33across.com,response,2.6-202606,False,1,1,0
p005196,huffpost.com,ssc.33across.com,response,2.6-202606,False,1,1,0
p005197,huffpost.com,ssc.33across.com,response,2.6-202606,False,1,1,0
p005198,huffpost.com,ssc.33across.com,response,2.6-202606,False,1,1,0
p005199,huffpost.com,ssc.33across.com,response,2.6-202606,False,1,1,0
p005200,huffpost.com,ssc.33across.com,response,2.6-202606,False,1,1,0
p005201,techcrunch.com,ssp.disqus.com,request,2.6-202606,True,0,0,0
p005202,techcrunch.com,ssp.disqus.com,request,2.6-202606,True,0,0,0
p005203,techcrunch.com,ssp.disqus.com,request,2.6-202606,True,0,0,0
p005204,techcrunch.com,ssp.disqus.com,request,2.6-202606,True,0,0,0
p005205,techcrunch.com,ssp.disqus.com,request,2.6-202606,True,0,0,0
p005206,techcrunch.com,ssp.disqus.com,request,2.6-202606,True,0,0,0
p005207,techcrunch.com,ssp.disqus.com,request,2.6-202606,True,0,0,0
p005208,techcrunch.com,ssp.disqus.com,request,2.6-202606,True,0,0,0
p005209,pagesix.com,ssp.wknd.ai,request,2.6-202606,False,2,2,0
p005210,pagesix.com,ssp.wknd.ai,request,2.6-202606,False,2,2,0
p005211,pagesix.com,ssp.wknd.ai,request,2.6-202606,False,3,2,1
p005212,pagesix.com,ssp.wknd.ai,request,2.6-202606,False,2,2,0
p005213,nypost.com,ssp.wknd.ai,request,2.6-202606,False,2,2,0
p005214,nypost.com,ssp.wknd.ai,request,2.6-202606,False,3,2,1
p005215,pagesix.com,ssp.wknd.ai,request,2.6-202606,False,2,2,0
p005216,pagesix.com,ssp.wknd.ai,request,2.6-202606,False,2,2,0
p005217,pagesix.com,ssp.wknd.ai,request,2.6-202606,False,2,2,0
p005218,pagesix.com,ssp.wknd.ai,request,2.6-202606,False,3,2,1
p005219,pagesix.com,ssp.wknd.ai,request,2.6-202606,False,2,2,0
p005220,pagesix.com,ssp.wknd.ai,request,2.6-202606,False,2,2,0
p005221,pagesix.com,ssp.wknd.ai,request,2.6-202606,False,2,2,0
p005222,pagesix.com,ssp.wknd.ai,request,2.6-202606,False,3,2,1
p005223,pagesix.com,ssp.wknd.ai,request,2.6-202606,False,2,2,0
p005224,pagesix.com,ssp.wknd.ai,request,2.6-202606,False,2,2,0
p005225,pagesix.com,ssp.wknd.ai,request,2.6-202606,False,2,2,0
p005226,pagesix.com,ssp.wknd.ai,request,2.6-202606,False,3,2,1
p005227,pagesix.com,ssp.wknd.ai,request,2.6-202606,False,2,2,0
p005228,pagesix.com,ssp.wknd.ai,request,2.6-202606,False,2,2,0
p005229,nypost.com,ssp.wknd.ai,request,2.6-202606,False,2,2,0
p005230,nypost.com,ssp.wknd.ai,request,2.6-202606,False,3,2,1
p005231,chicagotribune.com,ssp.wknd.ai,request,2.6-202606,False,4,3,1
p005232,chicagotribune.com,ssp.wknd.ai,request,2.6-202606,False,3,3,0
p005233,chicagotribune.com,ssp.wknd.ai,request,2.6-202606,False,3,3,0
p005234,chicagotribune.com,ssp.wknd.ai,request,2.6-202606,False,3,3,0
p005235,chicagotribune.com,ssp.wknd.ai,request,2.6-202606,False,4,3,1
p005236,chicagotribune.com,ssp.wknd.ai,request,2.6-202606,False,3,3,0
p005237,nydailynews.com,ssp.wknd.ai,request,2.6-202606,False,4,3,1
p005238,nydailynews.com,ssp.wknd.ai,request,2.6-202606,False,3,3,0
p005239,nydailynews.com,ssp.wknd.ai,request,2.6-202606,False,3,3,0
p005240,nydailynews.com,ssp.wknd.ai,request,2.6-202606,False,3,3,0
p005241,nydailynews.com,ssp.wknd.ai,request,2.6-202606,False,3,3,0
p005242,nydailynews.com,ssp.wknd.ai,request,2.6-202606,False,4,3,1
p005243,nydailynews.com,ssp.wknd.ai,request,2.6-202606,False,3,3,0
p005244,nydailynews.com,ssp.wknd.ai,request,2.6-202606,False,3,3,0
p005245,cbssports.com,ssp.wknd.ai,request,2.6-202606,False,3,3,0
p005246,cbssports.com,ssp.wknd.ai,request,2.6-202606,False,4,3,1
p005247,cbssports.com,ssp.wknd.ai,request,2.6-202606,False,3,3,0
p005248,cbssports.com,ssp.wknd.ai,request,2.6-202606,False,4,3,1
p005249,talksport.com,ssp.wknd.ai,request,2.6-202606,False,4,3,1
p005250,talksport.com,ssp.wknd.ai,request,2.6-202606,False,3,3,0
p005251,wunderground.com,ssp.wknd.ai,request,2.6-202606,False,3,2,1
p005252,wunderground.com,ssp.wknd.ai,request,2.6-202606,False,2,2,0
p005253,tasteofhome.com,ssp.wknd.ai,request,2.6-202606,False,4,3,1
p005254,tasteofhome.com,ssp.wknd.ai,request,2.6-202606,False,3,3,0
p005255,tasteofhome.com,ssp.wknd.ai,request,2.6-202606,False,7,6,1
p005256,thrillist.com,ssp.wknd.ai,request,2.6-202606,False,3,2,1
p005257,thrillist.com,ssp.wknd.ai,request,2.6-202606,False,2,2,0
p005258,boredpanda.com,ssp.wknd.ai,request,2.6-202606,False,4,3,1
p005259,boredpanda.com,ssp.wknd.ai,request,2.6-202606,False,3,3,0
p005260,boredpanda.com,ssp.wknd.ai,request,2.6-202606,False,4,3,1
p005261,boredpanda.com,ssp.wknd.ai,request,2.6-202606,False,3,3,0
p005262,newsweek.com,web.ads.aps.amazon-adsystem.com,request,2.6-202606,False,4,3,1
p005263,newsweek.com,web.ads.aps.amazon-adsystem.com,request,2.6-202606,False,2,2,0
p005264,newsweek.com,web.ads.aps.amazon-adsystem.com,request,2.6-202606,False,2,2,0
p005265,newsweek.com,web.ads.aps.amazon-adsystem.com,request,2.6-202606,False,2,2,0
p005266,newsweek.com,web.ads.aps.amazon-adsystem.com,request,2.6-202606,False,2,2,0
p005267,salon.com,web.ads.aps.amazon-adsystem.com,request,2.6-202606,True,0,0,0
p005268,salon.com,web.ads.aps.amazon-adsystem.com,request,2.6-202606,True,0,0,0
p005269,salon.com,web.ads.aps.amazon-adsystem.com,request,2.6-202606,True,0,0,0
p005270,salon.com,web.ads.aps.amazon-adsystem.com,request,2.6-202606,True,0,0,0
p005271,salon.com,web.ads.aps.amazon-adsystem.com,request,2.6-202606,True,0,0,0
p005272,salon.com,web.ads.aps.amazon-adsystem.com,request,2.6-202606,False,2,1,1
p005273,salon.com,web.ads.aps.amazon-adsystem.com,request,2.6-202606,True,0,0,0
p005274,salon.com,web.ads.aps.amazon-adsystem.com,request,2.6-202606,False,2,1,1
p005275,salon.com,web.ads.aps.amazon-adsystem.com,request,2.6-202606,False,2,1,1
p005276,salon.com,web.ads.aps.amazon-adsystem.com,request,2.6-202606,True,0,0,0
p005277,salon.com,web.ads.aps.amazon-adsystem.com,request,2.6-202606,True,0,0,0
p005278,salon.com,web.ads.aps.amazon-adsystem.com,request,2.6-202606,True,0,0,0
p005279,salon.com,web.ads.aps.amazon-adsystem.com,request,2.6-202606,True,0,0,0
p005280,salon.com,web.ads.aps.amazon-adsystem.com,request,2.6-202606,True,0,0,0
p005281,salon.com,web.ads.aps.amazon-adsystem.com,request,2.6-202606,False,2,1,1
p005282,salon.com,web.ads.aps.amazon-adsystem.com,request,2.6-202606,False,2,1,1
p005283,salon.com,web.ads.aps.amazon-adsystem.com,request,2.6-202606,True,0,0,0
p005284,salon.com,web.ads.aps.amazon-adsystem.com,request,2.6-202606,False,2,1,1
p005285,salon.com,web.ads.aps.amazon-adsystem.com,request,2.6-202606,False,2,1,1
p005286,digitaltrends.com,web.ads.aps.amazon-adsystem.com,request,2.6-202606,False,2,2,0
p005287,digitaltrends.com,web.ads.aps.amazon-adsystem.com,request,2.6-202606,False,2,2,0
p005288,digitaltrends.com,web.ads.aps.amazon-adsystem.com,request,2.6-202606,False,1,1,0
p005289,macrumors.com,web.ads.aps.amazon-adsystem.com,request,2.6-202606,True,0,0,0
p005290,macrumors.com,web.ads.aps.amazon-adsystem.com,request,2.6-202606,True,0,0,0
p005291,macrumors.com,web.ads.aps.amazon-adsystem.com,request,2.6-202606,False,2,1,1
p005292,macrumors.com,web.ads.aps.amazon-adsystem.com,request,2.6-202606,True,0,0,0
p005293,macrumors.com,web.ads.aps.amazon-adsystem.com,request,2.6-202606,True,0,0,0
p005294,macrumors.com,web.ads.aps.amazon-adsystem.com,request,2.6-202606,True,0,0,0
p005295,macrumors.com,web.ads.aps.amazon-adsystem.com,request,2.6-202606,True,0,0,0
p005296,macrumors.com,web.ads.aps.amazon-adsystem.com,request,2.6-202606,True,0,0,0
p005297,macrumors.com,web.ads.aps.amazon-adsystem.com,request,2.6-202606,True,0,0,0
p005298,macrumors.com,web.ads.aps.amazon-adsystem.com,request,2.6-202606,True,0,0,0
p005299,macrumors.com,web.ads.aps.amazon-adsystem.com,request,2.6-202606,True,0,0,0
p005300,macrumors.com,web.ads.aps.amazon-adsystem.com,request,2.6-202606,True,0,0,0
p005301,macrumors.com,web.ads.aps.amazon-adsystem.com,request,2.6-202606,True,0,0,0
p005302,macrumors.com,web.ads.aps.amazon-adsystem.com,request,2.6-202606,True,0,0,0
p005303,macrumors.com,web.ads.aps.amazon-adsystem.com,request,2.6-202606,True,0,0,0
p005304,macrumors.com,web.ads.aps.amazon-adsystem.com,request,2.6-202606,False,2,1,1
p005305,macrumors.com,web.ads.aps.amazon-adsystem.com,request,2.6-202606,True,0,0,0
p005306,macrumors.com,web.ads.aps.amazon-adsystem.com,request,2.6-202606,True,0,0,0
p005307,macrumors.com,web.ads.aps.amazon-adsystem.com,request,2.6-202606,True,0,0,0
p005308,macrumors.com,web.ads.aps.amazon-adsystem.com,request,2.6-202606,True,0,0,0
p005309,macrumors.com,web.ads.aps.amazon-adsystem.com,request,2.6-202606,True,0,0,0
p005310,macrumors.com,web.ads.aps.amazon-adsystem.com,request,2.6-202606,True,0,0,0
p005311,macrumors.com,web.ads.aps.amazon-adsystem.com,request,2.6-202606,True,0,0,0
p005312,macrumors.com,web.ads.aps.amazon-adsystem.com,request,2.6-202606,True,0,0,0
p005313,makeuseof.com,web.ads.aps.amazon-adsystem.com,request,2.6-202606,False,2,1,1
p005314,makeuseof.com,web.ads.aps.amazon-adsystem.com,request,2.6-202606,True,0,0,0
p005315,goal.com,web.ads.aps.amazon-adsystem.com,request,2.6-202606,False,4,4,0
p005316,goal.com,web.ads.aps.amazon-adsystem.com,request,2.6-202606,False,4,4,0
p005317,benzinga.com,web.ads.aps.amazon-adsystem.com,request,2.6-202606,True,0,0,0
p005318,benzinga.com,web.ads.aps.amazon-adsystem.com,request,2.6-202606,True,0,0,0
p005319,stereogum.com,web.ads.aps.amazon-adsystem.com,request,2.6-202606,True,0,0,0
p005320,stereogum.com,web.ads.aps.amazon-adsystem.com,request,2.6-202606,False,2,1,1
p005321,stereogum.com,web.ads.aps.amazon-adsystem.com,request,2.6-202606,True,0,0,0
p005322,stereogum.com,web.ads.aps.amazon-adsystem.com,request,2.6-202606,False,2,1,1
p005323,stereogum.com,web.ads.aps.amazon-adsystem.com,request,2.6-202606,False,2,1,1
p005324,stereogum.com,web.ads.aps.amazon-adsystem.com,request,2.6-202606,False,2,1,1
p005325,stereogum.com,web.ads.aps.amazon-adsystem.com,request,2.6-202606,False,2,1,1
p005326,distractify.com,web.ads.aps.amazon-adsystem.com,request,2.6-202606,False,3,2,1
p005327,distractify.com,web.ads.aps.amazon-adsystem.com,request,2.6-202606,False,3,2,1
p005328,distractify.com,web.ads.aps.amazon-adsystem.com,request,2.6-202606,False,1,1,0
p005329,distractify.com,web.ads.aps.amazon-adsystem.com,request,2.6-202606,False,3,2,1
p005330,distractify.com,web.ads.aps.amazon-adsystem.com,request,2.6-202606,False,2,2,0
p005331,distractify.com,web.ads.aps.amazon-adsystem.com,request,2.6-202606,False,3,2,1
p005332,slashfilm.com,web.ads.aps.amazon-adsystem.com,request,2.6-202606,True,0,0,0
p005333,looper.com,web.ads.aps.amazon-adsystem.com,request,2.6-202606,False,2,1,1
p005334,slashfilm.com,web.ads.aps.amazon-adsystem.com,request,2.6-202606,True,0,0,0
p005335,slashfilm.com,web.ads.aps.amazon-adsystem.com,request,2.6-202606,False,2,1,1
p005336,mashed.com,web.ads.aps.amazon-adsystem.com,request,2.6-202606,True,0,0,0
p005337,mashed.com,web.ads.aps.amazon-adsystem.com,request,2.6-202606,False,2,1,1
p005338,slashfilm.com,web.ads.aps.amazon-adsystem.com,request,2.6-202606,False,2,1,1
p005339,mashed.com,web.ads.aps.amazon-adsystem.com,request,2.6-202606,False,2,1,1
p005340,slashfilm.com,web.ads.aps.amazon-adsystem.com,request,2.6-202606,False,2,1,1
p005341,mashed.com,web.ads.aps.amazon-adsystem.com,request,2.6-202606,False,2,1,1
p005342,slashfilm.com,web.ads.aps.amazon-adsystem.com,request,2.6-202606,False,2,1,1
p005343,mashed.com,web.ads.aps.amazon-adsystem.com,request,2.6-202606,False,2,1,1
p005344,tastingtable.com,web.ads.aps.amazon-adsystem.com,request,2.6-202606,True,0,0,0
p005345,macrumors.com,web.ads.aps.amazon-adsystem.com,response,2.6-202606,True,0,0,0
p005346,makeuseof.com,web.ads.aps.amazon-adsystem.com,response,2.6-202606,True,1,0,1
p005347,goal.com,web.ads.aps.amazon-adsystem.com,response,2.6-202606,True,0,0,0
p005348,goal.com,web.ads.aps.amazon-adsystem.com,response,2.6-202606,True,0,0,0
p005349,stereogum.com,web.ads.aps.amazon-adsystem.com,response,2.6-202606,True,1,0,1
p005350,slashfilm.com,web.ads.aps.amazon-adsystem.com,response,2.6-202606,True,1,0,1
p005351,standard.co.uk,web.hb.ad.cpe.dotomi.com,request,2.6-202606,False,3,2,1
p005352,standard.co.uk,web.hb.ad.cpe.dotomi.com,request,2.6-202606,False,5,3,2
p005353,standard.co.uk,web.hb.ad.cpe.dotomi.com,request,2.6-202606,False,1,1,0
p005354,standard.co.uk,web.hb.ad.cpe.dotomi.com,request,2.6-202606,False,1,1,0
p005355,standard.co.uk,web.hb.ad.cpe.dotomi.com,request,2.6-202606,False,1,1,0
p005356,standard.co.uk,web.hb.ad.cpe.dotomi.com,request,2.6-202606,False,1,1,0
p005357,standard.co.uk,web.hb.ad.cpe.dotomi.com,request,2.6-202606,False,1,1,0
p005358,9to5mac.com,web.hb.ad.cpe.dotomi.com,request,2.6-202606,True,0,0,0
p005359,9to5mac.com,web.hb.ad.cpe.dotomi.com,request,2.6-202606,True,0,0,0
p005360,9to5mac.com,web.hb.ad.cpe.dotomi.com,request,2.6-202606,True,0,0,0
p005361,9to5mac.com,web.hb.ad.cpe.dotomi.com,request,2.6-202606,True,0,0,0
p005362,goal.com,web.hb.ad.cpe.dotomi.com,request,2.6-202606,True,0,0,0
p005363,goal.com,web.hb.ad.cpe.dotomi.com,request,2.6-202606,True,0,0,0
p005364,goal.com,web.hb.ad.cpe.dotomi.com,request,2.6-202606,True,0,0,0
p005365,metro.co.uk,webc2s.pubgw.yahoo.com,request,2.5,True,0,0,0
p005366,metro.co.uk,webc2s.pubgw.yahoo.com,request,2.5,True,0,0,0
p005367,metro.co.uk,webc2s.pubgw.yahoo.com,request,2.5,True,0,0,0
p005368,metro.co.uk,webc2s.pubgw.yahoo.com,request,2.5,True,0,0,0
p005369,metro.co.uk,webc2s.pubgw.yahoo.com,response,2.6-202606,True,0,0,0
p005370,metro.co.uk,webc2s.pubgw.yahoo.com,response,2.6-202606,True,0,0,0
p005371,metro.co.uk,webc2s.pubgw.yahoo.com,response,2.6-202606,True,0,0,0
p005372,metro.co.uk,webc2s.pubgw.yahoo.com,response,2.6-202606,True,0,0,0
p005373,usatoday.com,www.usatoday.com,request,2.6-202606,True,0,0,0
p005374,usatoday.com,www.usatoday.com,request,2.6-202606,True,1,0,1
p005375,usatoday.com,www.usatoday.com,request,2.6-202606,True,0,0,0
p005376,usatoday.com,www.usatoday.com,request,2.6-202606,True,0,0,0
p005377,usatoday.com,www.usatoday.com,response,2.6-202606,True,1,0,1
p005378,usatoday.com,www.usatoday.com,response,2.6-202606,True,2,0,2
p005379,usatoday.com,www.usatoday.com,response,2.6-202606,True,0,0,0
p005380,usatoday.com,www.usatoday.com,response,2.6-202606,True,1,0,1
p005381,usmagazine.com,zz42943mtc.pub.tappx.com,request,2.6-202606,False,4,4,0
p005382,usmagazine.com,zz42943mtc.pub.tappx.com,request,2.6-202606,False,4,4,0
p005383,usmagazine.com,zz42943mtc.pub.tappx.com,request,2.6-202606,False,4,4,0
p005384,usmagazine.com,zz42943mtc.pub.tappx.com,request,2.6-202606,False,4,4,0
p005385,usmagazine.com,zz42943mtc.pub.tappx.com,request,2.6-202606,False,4,4,0
p005386,usmagazine.com,zz42943mtc.pub.tappx.com,request,2.6-202606,False,4,4,0
p005387,usmagazine.com,zz42943mtc.pub.tappx.com,request,2.6-202606,False,4,4,0
p005388,usmagazine.com,zz42943mtc.pub.tappx.com,request,2.6-202606,False,4,4,0
p005389,usmagazine.com,zz42943mtc.pub.tappx.com,request,2.6-202606,False,4,4,0
p005390,usmagazine.com,zz42943mtc.pub.tappx.com,request,2.6-202606,False,4,4,0
p005391,usmagazine.com,zz42943mtc.pub.tappx.com,request,2.6-202606,False,4,4,0
p005392,usmagazine.com,zz42943mtc.pub.tappx.com,request,2.6-202606,False,4,4,0
p005393,usmagazine.com,zz42943mtc.pub.tappx.com,request,2.6-202606,False,4,4,0
p005394,usmagazine.com,zz42943mtc.pub.tappx.com,request,2.6-202606,False,4,4,0
p005395,usmagazine.com,zz42943mtc.pub.tappx.com,request,2.6-202606,False,4,4,0
p005396,usmagazine.com,zz42943mtc.pub.tappx.com,request,2.6-202606,False,4,4,0
p005397,usmagazine.com,zz42943mtc.pub.tappx.com,request,2.6-202606,False,4,4,0
p005398,usmagazine.com,zz42943mtc.pub.tappx.com,request,2.6-202606,False,4,4,0
p005399,usmagazine.com,zz42943mtc.pub.tappx.com,request,2.6-202606,False,4,4,0
p005400,usmagazine.com,zz42943mtc.pub.tappx.com,response,2.6-202606,True,1,0,1
p005401,usmagazine.com,zz42943mtc.pub.tappx.com,response,2.6-202606,True,1,0,1
