payload_id,site,endpoint,side,best_fit_version,rule,severity,path,section
p000001,tio.ch,20minuten-pbs.relevant-digital.com,request,2.5,openrtb.field.undefined,error,device.sua,3.2.18
p000002,tio.ch,20minuten-pbs.relevant-digital.com,request,2.5,openrtb.field.undefined,error,device.sua,3.2.18
p000003,tio.ch,20minuten-pbs.relevant-digital.com,request,2.5,openrtb.field.undefined,error,device.sua,3.2.18
p000004,tio.ch,20minuten-pbs.relevant-digital.com,request,2.5,openrtb.field.undefined,error,device.sua,3.2.18
p000012,chl.ca,a.bids.ws,request,2.5,openrtb.field.undefined,error,device.sua,3.2.18
p000013,chl.ca,a.bids.ws,request,2.5,openrtb.field.undefined,error,device.sua,3.2.18
p000014,futbol-11.com,a.bids.ws,request,2.5,openrtb.field.undefined,error,device.sua,3.2.18
p000014,futbol-11.com,a.bids.ws,request,2.5,openrtb.field.undefined,error,site.cattax,3.2.13
p000015,namemc.com,a.bids.ws,request,2.5,openrtb.field.undefined,error,device.sua,3.2.18
p000015,namemc.com,a.bids.ws,request,2.5,openrtb.field.undefined,error,site.cattax,3.2.13
p000016,psychcentral.com,a.bids.ws,request,2.5,openrtb.field.undefined,error,device.sua,3.2.18
p000017,purposegames.com,a.bids.ws,request,2.5,openrtb.field.undefined,error,device.sua,3.2.18
p000017,purposegames.com,a.bids.ws,request,2.5,openrtb.field.undefined,error,site.cattax,3.2.13
p000018,psychcentral.com,a.bids.ws,request,2.5,openrtb.field.undefined,error,device.sua,3.2.18
p000019,psychcentral.com,a.bids.ws,request,2.5,openrtb.field.undefined,error,device.sua,3.2.18
p000020,psychcentral.com,a.bids.ws,request,2.5,openrtb.field.undefined,error,device.sua,3.2.18
p000021,psychcentral.com,a.bids.ws,request,2.5,openrtb.field.undefined,error,device.sua,3.2.18
p000022,psychcentral.com,a.bids.ws,request,2.5,openrtb.field.undefined,error,device.sua,3.2.18
p000023,psychcentral.com,a.bids.ws,request,2.5,openrtb.field.undefined,error,device.sua,3.2.18
p000024,purposegames.com,a.bids.ws,request,2.5,openrtb.field.undefined,error,device.sua,3.2.18
p000024,purposegames.com,a.bids.ws,request,2.5,openrtb.field.undefined,error,site.cattax,3.2.13
p000028,namemc.com,a.bids.ws,response,2.6-202606,openrtb.bid.mtype_missing,warning,seatbid[1].bid[0].mtype,4.2.3
p000030,purposegames.com,a.bids.ws,response,2.6-202606,openrtb.bid.mtype_missing,warning,seatbid[0].bid[0].mtype,4.2.3
p000038,cornucopia.se,ad.360yield.com,request,2.6-202606,openrtb.field.moved,error,regs.ext.gdpr,Section 3.2.3
p000039,cornucopia.se,ad.360yield.com,request,2.6-202606,openrtb.field.moved,error,regs.ext.gdpr,Section 3.2.3
p000040,cornucopia.se,ad.360yield.com,request,2.6-202606,openrtb.field.moved,error,regs.ext.gdpr,Section 3.2.3
p000041,barcablaugranes.com,ads.trustx.org,request,2.6-202606,openrtb.field.undefined,error,imp[0].source,3.2.4
p000041,barcablaugranes.com,ads.trustx.org,request,2.6-202606,openrtb.field.deprecated,warning,imp[0].video.placement,Section 3.2.7
p000042,barcablaugranes.com,ads.trustx.org,request,2.6-202606,openrtb.field.undefined,error,imp[0].source,3.2.4
p000042,barcablaugranes.com,ads.trustx.org,request,2.6-202606,openrtb.field.deprecated,warning,imp[0].video.placement,Section 3.2.7
p000043,barcablaugranes.com,ads.trustx.org,request,2.6-202606,openrtb.field.undefined,error,imp[0].source,3.2.4
p000043,barcablaugranes.com,ads.trustx.org,request,2.6-202606,openrtb.field.deprecated,warning,imp[0].video.placement,Section 3.2.7
p000061,chicagotribune.com,ads.yieldmo.com,request,2.6-202606,openrtb.field.undefined,error,auctionId,3.2.1
p000061,chicagotribune.com,ads.yieldmo.com,request,2.6-202606,openrtb.field.deprecated,warning,imp[0].video.placement,Section 3.2.7
p000061,chicagotribune.com,ads.yieldmo.com,request,2.6-202606,openrtb.field.undefined,error,schain,3.2.1
p000062,chicagotribune.com,ads.yieldmo.com,request,2.6-202606,openrtb.field.undefined,error,auctionId,3.2.1
p000062,chicagotribune.com,ads.yieldmo.com,request,2.6-202606,openrtb.field.deprecated,warning,imp[0].video.placement,Section 3.2.7
p000062,chicagotribune.com,ads.yieldmo.com,request,2.6-202606,openrtb.field.undefined,error,schain,3.2.1
p000063,nesn.com,ads.yieldmo.com,request,2.6-202606,openrtb.field.undefined,error,auctionId,3.2.1
p000063,nesn.com,ads.yieldmo.com,request,2.6-202606,openrtb.field.deprecated,warning,imp[0].video.placement,Section 3.2.7
p000063,nesn.com,ads.yieldmo.com,request,2.6-202606,openrtb.field.moved,error,regs.ext.gdpr,Section 3.2.3
p000063,nesn.com,ads.yieldmo.com,request,2.6-202606,openrtb.field.undefined,error,schain,3.2.1
p000063,nesn.com,ads.yieldmo.com,request,2.6-202606,openrtb.field.moved,error,user.ext.consent,Section 3.2.20
p000064,nesn.com,ads.yieldmo.com,request,2.6-202606,openrtb.field.undefined,error,auctionId,3.2.1
p000064,nesn.com,ads.yieldmo.com,request,2.6-202606,openrtb.field.deprecated,warning,imp[0].video.placement,Section 3.2.7
p000064,nesn.com,ads.yieldmo.com,request,2.6-202606,openrtb.field.moved,error,regs.ext.gdpr,Section 3.2.3
p000064,nesn.com,ads.yieldmo.com,request,2.6-202606,openrtb.field.undefined,error,schain,3.2.1
p000064,nesn.com,ads.yieldmo.com,request,2.6-202606,openrtb.field.moved,error,user.ext.consent,Section 3.2.20
p000065,nesn.com,ads.yieldmo.com,request,2.6-202606,openrtb.field.undefined,error,auctionId,3.2.1
p000065,nesn.com,ads.yieldmo.com,request,2.6-202606,openrtb.field.deprecated,warning,imp[0].video.placement,Section 3.2.7
p000065,nesn.com,ads.yieldmo.com,request,2.6-202606,openrtb.field.moved,error,regs.ext.gdpr,Section 3.2.3
p000065,nesn.com,ads.yieldmo.com,request,2.6-202606,openrtb.field.undefined,error,schain,3.2.1
p000065,nesn.com,ads.yieldmo.com,request,2.6-202606,openrtb.field.moved,error,user.ext.consent,Section 3.2.20
p000066,upi.com,ads.yieldmo.com,request,2.6-202606,openrtb.field.undefined,error,auctionId,3.2.1
p000066,upi.com,ads.yieldmo.com,request,2.6-202606,openrtb.field.deprecated,warning,imp[0].video.placement,Section 3.2.7
p000066,upi.com,ads.yieldmo.com,request,2.6-202606,openrtb.field.moved,error,regs.ext.gdpr,Section 3.2.3
p000066,upi.com,ads.yieldmo.com,request,2.6-202606,openrtb.field.undefined,error,schain,3.2.1
p000066,upi.com,ads.yieldmo.com,request,2.6-202606,openrtb.field.moved,error,user.ext.consent,Section 3.2.20
p000067,upi.com,ads.yieldmo.com,request,2.6-202606,openrtb.field.undefined,error,auctionId,3.2.1
p000067,upi.com,ads.yieldmo.com,request,2.6-202606,openrtb.field.deprecated,warning,imp[0].video.placement,Section 3.2.7
p000067,upi.com,ads.yieldmo.com,request,2.6-202606,openrtb.field.moved,error,regs.ext.gdpr,Section 3.2.3
p000067,upi.com,ads.yieldmo.com,request,2.6-202606,openrtb.field.undefined,error,schain,3.2.1
p000067,upi.com,ads.yieldmo.com,request,2.6-202606,openrtb.field.moved,error,user.ext.consent,Section 3.2.20
p000068,upi.com,ads.yieldmo.com,request,2.6-202606,openrtb.field.undefined,error,auctionId,3.2.1
p000068,upi.com,ads.yieldmo.com,request,2.6-202606,openrtb.field.deprecated,warning,imp[0].video.placement,Section 3.2.7
p000068,upi.com,ads.yieldmo.com,request,2.6-202606,openrtb.field.moved,error,regs.ext.gdpr,Section 3.2.3
p000068,upi.com,ads.yieldmo.com,request,2.6-202606,openrtb.field.undefined,error,schain,3.2.1
p000068,upi.com,ads.yieldmo.com,request,2.6-202606,openrtb.field.moved,error,user.ext.consent,Section 3.2.20
p000069,mthai.com,adserver.maximus.mobkoi.com,request,2.6-202606,openrtb.type.mismatch,error,user.id,3.2.20
p000070,mthai.com,adserver.maximus.mobkoi.com,request,2.6-202606,openrtb.type.mismatch,error,user.id,3.2.20
p000071,vietstock.vn,adserver.maximus.mobkoi.com,request,2.6-202606,openrtb.type.mismatch,error,user.id,3.2.20
p000072,vietstock.vn,adserver.maximus.mobkoi.com,request,2.6-202606,openrtb.type.mismatch,error,user.id,3.2.20
p000073,cityam.com,adx.adform.net,request,2.6-202606,openrtb.type.mismatch,error,imp[0].id,3.2.4
p000073,cityam.com,adx.adform.net,request,2.6-202606,openrtb.type.mismatch,error,imp[0].tagid,3.2.4
p000073,cityam.com,adx.adform.net,request,2.6-202606,openrtb.type.mismatch,error,imp[1].id,3.2.4
p000073,cityam.com,adx.adform.net,request,2.6-202606,openrtb.type.mismatch,error,imp[1].tagid,3.2.4
p000073,cityam.com,adx.adform.net,request,2.6-202606,openrtb.type.mismatch,error,imp[2].id,3.2.4
p000073,cityam.com,adx.adform.net,request,2.6-202606,openrtb.type.mismatch,error,imp[2].tagid,3.2.4
p000073,cityam.com,adx.adform.net,request,2.6-202606,openrtb.type.mismatch,error,imp[3].id,3.2.4
p000073,cityam.com,adx.adform.net,request,2.6-202606,openrtb.type.mismatch,error,imp[3].tagid,3.2.4
p000073,cityam.com,adx.adform.net,request,2.6-202606,openrtb.type.mismatch,error,imp[4].id,3.2.4
p000073,cityam.com,adx.adform.net,request,2.6-202606,openrtb.type.mismatch,error,imp[4].tagid,3.2.4
p000073,cityam.com,adx.adform.net,request,2.6-202606,openrtb.type.mismatch,error,imp[5].id,3.2.4
p000073,cityam.com,adx.adform.net,request,2.6-202606,openrtb.type.mismatch,error,imp[5].tagid,3.2.4
p000073,cityam.com,adx.adform.net,request,2.6-202606,openrtb.type.mismatch,error,imp[6].id,3.2.4
p000073,cityam.com,adx.adform.net,request,2.6-202606,openrtb.type.mismatch,error,imp[6].tagid,3.2.4
p000073,cityam.com,adx.adform.net,request,2.6-202606,openrtb.field.moved,error,regs.ext.gdpr,Section 3.2.3
p000074,cityam.com,adx.adform.net,request,2.6-202606,openrtb.type.mismatch,error,imp[0].id,3.2.4
p000074,cityam.com,adx.adform.net,request,2.6-202606,openrtb.type.mismatch,error,imp[0].tagid,3.2.4
p000074,cityam.com,adx.adform.net,request,2.6-202606,openrtb.type.mismatch,error,imp[1].id,3.2.4
p000074,cityam.com,adx.adform.net,request,2.6-202606,openrtb.type.mismatch,error,imp[1].tagid,3.2.4
p000074,cityam.com,adx.adform.net,request,2.6-202606,openrtb.type.mismatch,error,imp[2].id,3.2.4
p000074,cityam.com,adx.adform.net,request,2.6-202606,openrtb.type.mismatch,error,imp[2].tagid,3.2.4
p000074,cityam.com,adx.adform.net,request,2.6-202606,openrtb.type.mismatch,error,imp[3].id,3.2.4
p000074,cityam.com,adx.adform.net,request,2.6-202606,openrtb.type.mismatch,error,imp[3].tagid,3.2.4
p000074,cityam.com,adx.adform.net,request,2.6-202606,openrtb.type.mismatch,error,imp[4].id,3.2.4
p000074,cityam.com,adx.adform.net,request,2.6-202606,openrtb.type.mismatch,error,imp[4].tagid,3.2.4
p000074,cityam.com,adx.adform.net,request,2.6-202606,openrtb.type.mismatch,error,imp[5].id,3.2.4
p000074,cityam.com,adx.adform.net,request,2.6-202606,openrtb.type.mismatch,error,imp[5].tagid,3.2.4
p000075,cornucopia.se,adx.adform.net,request,2.6-202606,openrtb.type.mismatch,error,imp[0].id,3.2.4
p000075,cornucopia.se,adx.adform.net,request,2.6-202606,openrtb.type.mismatch,error,imp[0].tagid,3.2.4
p000075,cornucopia.se,adx.adform.net,request,2.6-202606,openrtb.type.mismatch,error,imp[1].id,3.2.4
p000075,cornucopia.se,adx.adform.net,request,2.6-202606,openrtb.type.mismatch,error,imp[1].tagid,3.2.4
p000075,cornucopia.se,adx.adform.net,request,2.6-202606,openrtb.type.mismatch,error,imp[2].id,3.2.4
p000075,cornucopia.se,adx.adform.net,request,2.6-202606,openrtb.type.mismatch,error,imp[2].tagid,3.2.4
p000075,cornucopia.se,adx.adform.net,request,2.6-202606,openrtb.field.moved,error,regs.ext.gdpr,Section 3.2.3
p000076,cornucopia.se,adx.adform.net,request,2.6-202606,openrtb.type.mismatch,error,imp[0].id,3.2.4
p000076,cornucopia.se,adx.adform.net,request,2.6-202606,openrtb.type.mismatch,error,imp[0].tagid,3.2.4
p000076,cornucopia.se,adx.adform.net,request,2.6-202606,openrtb.type.mismatch,error,imp[1].id,3.2.4
p000076,cornucopia.se,adx.adform.net,request,2.6-202606,openrtb.type.mismatch,error,imp[1].tagid,3.2.4
p000076,cornucopia.se,adx.adform.net,request,2.6-202606,openrtb.field.moved,error,regs.ext.gdpr,Section 3.2.3
p000077,cornucopia.se,adx.adform.net,request,2.6-202606,openrtb.type.mismatch,error,imp[0].id,3.2.4
p000077,cornucopia.se,adx.adform.net,request,2.6-202606,openrtb.type.mismatch,error,imp[0].tagid,3.2.4
p000077,cornucopia.se,adx.adform.net,request,2.6-202606,openrtb.field.moved,error,regs.ext.gdpr,Section 3.2.3
p000078,cornucopia.se,adx.adform.net,request,2.6-202606,openrtb.type.mismatch,error,imp[0].id,3.2.4
p000078,cornucopia.se,adx.adform.net,request,2.6-202606,openrtb.type.mismatch,error,imp[0].tagid,3.2.4
p000078,cornucopia.se,adx.adform.net,request,2.6-202606,openrtb.field.moved,error,regs.ext.gdpr,Section 3.2.3
p000079,csfd.cz,adx.adform.net,request,2.6-202606,openrtb.field.moved,error,regs.ext.gdpr,Section 3.2.3
p000079,csfd.cz,adx.adform.net,request,2.6-202606,openrtb.field.moved,error,user.ext.consent,Section 3.2.20
p000080,csfd.cz,adx.adform.net,request,2.6-202606,openrtb.field.moved,error,regs.ext.gdpr,Section 3.2.3
p000080,csfd.cz,adx.adform.net,request,2.6-202606,openrtb.field.moved,error,user.ext.consent,Section 3.2.20
p000081,csfd.cz,adx.adform.net,request,2.6-202606,openrtb.type.mismatch,error,imp[0].id,3.2.4
p000081,csfd.cz,adx.adform.net,request,2.6-202606,openrtb.type.mismatch,error,imp[0].tagid,3.2.4
p000081,csfd.cz,adx.adform.net,request,2.6-202606,openrtb.type.mismatch,error,imp[1].id,3.2.4
p000081,csfd.cz,adx.adform.net,request,2.6-202606,openrtb.type.mismatch,error,imp[1].tagid,3.2.4
p000081,csfd.cz,adx.adform.net,request,2.6-202606,openrtb.type.mismatch,error,imp[2].id,3.2.4
p000081,csfd.cz,adx.adform.net,request,2.6-202606,openrtb.type.mismatch,error,imp[2].tagid,3.2.4
p000081,csfd.cz,adx.adform.net,request,2.6-202606,openrtb.field.moved,error,regs.ext.gdpr,Section 3.2.3
p000081,csfd.cz,adx.adform.net,request,2.6-202606,openrtb.field.moved,error,user.ext.consent,Section 3.2.20
p000082,csfd.cz,adx.adform.net,request,2.6-202606,openrtb.type.mismatch,error,imp[0].id,3.2.4
p000082,csfd.cz,adx.adform.net,request,2.6-202606,openrtb.type.mismatch,error,imp[0].tagid,3.2.4
p000082,csfd.cz,adx.adform.net,request,2.6-202606,openrtb.type.mismatch,error,imp[1].id,3.2.4
p000082,csfd.cz,adx.adform.net,request,2.6-202606,openrtb.type.mismatch,error,imp[1].tagid,3.2.4
p000082,csfd.cz,adx.adform.net,request,2.6-202606,openrtb.type.mismatch,error,imp[2].id,3.2.4
p000082,csfd.cz,adx.adform.net,request,2.6-202606,openrtb.type.mismatch,error,imp[2].tagid,3.2.4
p000082,csfd.cz,adx.adform.net,request,2.6-202606,openrtb.field.moved,error,regs.ext.gdpr,Section 3.2.3
p000082,csfd.cz,adx.adform.net,request,2.6-202606,openrtb.field.moved,error,user.ext.consent,Section 3.2.20
p000083,csfd.cz,adx.adform.net,request,2.6-202606,openrtb.type.mismatch,error,imp[0].id,3.2.4
p000083,csfd.cz,adx.adform.net,request,2.6-202606,openrtb.type.mismatch,error,imp[0].tagid,3.2.4
p000083,csfd.cz,adx.adform.net,request,2.6-202606,openrtb.type.mismatch,error,imp[1].id,3.2.4
p000083,csfd.cz,adx.adform.net,request,2.6-202606,openrtb.type.mismatch,error,imp[1].tagid,3.2.4
p000083,csfd.cz,adx.adform.net,request,2.6-202606,openrtb.type.mismatch,error,imp[2].id,3.2.4
p000083,csfd.cz,adx.adform.net,request,2.6-202606,openrtb.type.mismatch,error,imp[2].tagid,3.2.4
p000083,csfd.cz,adx.adform.net,request,2.6-202606,openrtb.field.moved,error,regs.ext.gdpr,Section 3.2.3
p000083,csfd.cz,adx.adform.net,request,2.6-202606,openrtb.field.moved,error,user.ext.consent,Section 3.2.20
p000084,cornucopia.se,adx.adform.net,request,2.6-202606,openrtb.type.mismatch,error,imp[0].id,3.2.4
p000084,cornucopia.se,adx.adform.net,request,2.6-202606,openrtb.type.mismatch,error,imp[0].tagid,3.2.4
p000084,cornucopia.se,adx.adform.net,request,2.6-202606,openrtb.field.moved,error,regs.ext.gdpr,Section 3.2.3
p000085,csfd.cz,adx.adform.net,request,2.6-202606,openrtb.field.moved,error,regs.ext.gdpr,Section 3.2.3
p000085,csfd.cz,adx.adform.net,request,2.6-202606,openrtb.field.moved,error,user.ext.consent,Section 3.2.20
p000086,csfd.cz,adx.adform.net,request,2.6-202606,openrtb.field.moved,error,regs.ext.gdpr,Section 3.2.3
p000086,csfd.cz,adx.adform.net,request,2.6-202606,openrtb.field.moved,error,user.ext.consent,Section 3.2.20
p000087,csfd.cz,adx.adform.net,request,2.6-202606,openrtb.type.mismatch,error,imp[0].id,3.2.4
p000087,csfd.cz,adx.adform.net,request,2.6-202606,openrtb.type.mismatch,error,imp[0].tagid,3.2.4
p000087,csfd.cz,adx.adform.net,request,2.6-202606,openrtb.type.mismatch,error,imp[1].id,3.2.4
p000087,csfd.cz,adx.adform.net,request,2.6-202606,openrtb.type.mismatch,error,imp[1].tagid,3.2.4
p000087,csfd.cz,adx.adform.net,request,2.6-202606,openrtb.type.mismatch,error,imp[2].id,3.2.4
p000087,csfd.cz,adx.adform.net,request,2.6-202606,openrtb.type.mismatch,error,imp[2].tagid,3.2.4
p000087,csfd.cz,adx.adform.net,request,2.6-202606,openrtb.field.moved,error,regs.ext.gdpr,Section 3.2.3
p000087,csfd.cz,adx.adform.net,request,2.6-202606,openrtb.field.moved,error,user.ext.consent,Section 3.2.20
p000088,csfd.cz,adx.adform.net,request,2.6-202606,openrtb.type.mismatch,error,imp[0].id,3.2.4
p000088,csfd.cz,adx.adform.net,request,2.6-202606,openrtb.type.mismatch,error,imp[0].tagid,3.2.4
p000088,csfd.cz,adx.adform.net,request,2.6-202606,openrtb.type.mismatch,error,imp[1].id,3.2.4
p000088,csfd.cz,adx.adform.net,request,2.6-202606,openrtb.type.mismatch,error,imp[1].tagid,3.2.4
p000088,csfd.cz,adx.adform.net,request,2.6-202606,openrtb.type.mismatch,error,imp[2].id,3.2.4
p000088,csfd.cz,adx.adform.net,request,2.6-202606,openrtb.type.mismatch,error,imp[2].tagid,3.2.4
p000088,csfd.cz,adx.adform.net,request,2.6-202606,openrtb.field.moved,error,regs.ext.gdpr,Section 3.2.3
p000088,csfd.cz,adx.adform.net,request,2.6-202606,openrtb.field.moved,error,user.ext.consent,Section 3.2.20
p000089,csfd.cz,adx.adform.net,request,2.6-202606,openrtb.type.mismatch,error,imp[0].id,3.2.4
p000089,csfd.cz,adx.adform.net,request,2.6-202606,openrtb.type.mismatch,error,imp[0].tagid,3.2.4
p000089,csfd.cz,adx.adform.net,request,2.6-202606,openrtb.type.mismatch,error,imp[1].id,3.2.4
p000089,csfd.cz,adx.adform.net,request,2.6-202606,openrtb.type.mismatch,error,imp[1].tagid,3.2.4
p000089,csfd.cz,adx.adform.net,request,2.6-202606,openrtb.type.mismatch,error,imp[2].id,3.2.4
p000089,csfd.cz,adx.adform.net,request,2.6-202606,openrtb.type.mismatch,error,imp[2].tagid,3.2.4
p000089,csfd.cz,adx.adform.net,request,2.6-202606,openrtb.field.moved,error,regs.ext.gdpr,Section 3.2.3
p000089,csfd.cz,adx.adform.net,request,2.6-202606,openrtb.field.moved,error,user.ext.consent,Section 3.2.20
p000090,epravda.com.ua,adx.adform.net,request,2.6-202606,openrtb.type.mismatch,error,imp[0].id,3.2.4
p000090,epravda.com.ua,adx.adform.net,request,2.6-202606,openrtb.type.mismatch,error,imp[0].tagid,3.2.4
p000091,epravda.com.ua,adx.adform.net,request,2.6-202606,openrtb.type.mismatch,error,imp[0].id,3.2.4
p000091,epravda.com.ua,adx.adform.net,request,2.6-202606,openrtb.type.mismatch,error,imp[0].tagid,3.2.4
p000092,falstaff.com,adx.adform.net,request,2.6-202606,openrtb.type.mismatch,error,imp[0].id,3.2.4
p000092,falstaff.com,adx.adform.net,request,2.6-202606,openrtb.type.mismatch,error,imp[0].tagid,3.2.4
p000092,falstaff.com,adx.adform.net,request,2.6-202606,openrtb.field.moved,error,regs.ext.gdpr,Section 3.2.3
p000093,haberler.com,adx.adform.net,request,2.6-202606,openrtb.type.mismatch,error,imp[0].id,3.2.4
p000093,haberler.com,adx.adform.net,request,2.6-202606,openrtb.type.mismatch,error,imp[0].tagid,3.2.4
p000094,haberler.com,adx.adform.net,request,2.6-202606,openrtb.type.mismatch,error,imp[0].id,3.2.4
p000094,haberler.com,adx.adform.net,request,2.6-202606,openrtb.type.mismatch,error,imp[0].tagid,3.2.4
p000095,haberler.com,adx.adform.net,request,2.6-202606,openrtb.type.mismatch,error,imp[0].id,3.2.4
p000095,haberler.com,adx.adform.net,request,2.6-202606,openrtb.type.mismatch,error,imp[0].tagid,3.2.4
p000096,haberler.com,adx.adform.net,request,2.6-202606,openrtb.type.mismatch,error,imp[0].id,3.2.4
p000096,haberler.com,adx.adform.net,request,2.6-202606,openrtb.type.mismatch,error,imp[0].tagid,3.2.4
p000097,haberler.com,adx.adform.net,request,2.6-202606,openrtb.type.mismatch,error,imp[0].id,3.2.4
p000097,haberler.com,adx.adform.net,request,2.6-202606,openrtb.type.mismatch,error,imp[0].tagid,3.2.4
p000098,haberler.com,adx.adform.net,request,2.6-202606,openrtb.type.mismatch,error,imp[0].id,3.2.4
p000098,haberler.com,adx.adform.net,request,2.6-202606,openrtb.type.mismatch,error,imp[0].tagid,3.2.4
p000099,haberler.com,adx.adform.net,request,2.6-202606,openrtb.type.mismatch,error,imp[0].id,3.2.4
p000099,haberler.com,adx.adform.net,request,2.6-202606,openrtb.type.mismatch,error,imp[0].tagid,3.2.4
p000100,haberler.com,adx.adform.net,request,2.6-202606,openrtb.type.mismatch,error,imp[0].id,3.2.4
p000100,haberler.com,adx.adform.net,request,2.6-202606,openrtb.type.mismatch,error,imp[0].tagid,3.2.4
p000101,haberler.com,adx.adform.net,request,2.6-202606,openrtb.type.mismatch,error,imp[0].id,3.2.4
p000101,haberler.com,adx.adform.net,request,2.6-202606,openrtb.type.mismatch,error,imp[0].tagid,3.2.4
p000102,haberler.com,adx.adform.net,request,2.6-202606,openrtb.type.mismatch,error,imp[0].id,3.2.4
p000102,haberler.com,adx.adform.net,request,2.6-202606,openrtb.type.mismatch,error,imp[0].tagid,3.2.4
p000103,haberler.com,adx.adform.net,request,2.6-202606,openrtb.type.mismatch,error,imp[0].id,3.2.4
p000103,haberler.com,adx.adform.net,request,2.6-202606,openrtb.type.mismatch,error,imp[0].tagid,3.2.4
p000104,mthai.com,adx.adform.net,request,2.6-202606,openrtb.type.mismatch,error,imp[0].id,3.2.4
p000104,mthai.com,adx.adform.net,request,2.6-202606,openrtb.type.mismatch,error,imp[1].id,3.2.4
p000104,mthai.com,adx.adform.net,request,2.6-202606,openrtb.field.undefined,error,imp[1].video.context,3.2.7
p000104,mthai.com,adx.adform.net,request,2.6-202606,openrtb.field.deprecated,warning,imp[1].video.placement,Section 3.2.7
p000104,mthai.com,adx.adform.net,request,2.6-202606,openrtb.field.undefined,error,imp[1].video.playerSize,3.2.7
p000105,mthai.com,adx.adform.net,request,2.6-202606,openrtb.type.mismatch,error,imp[0].id,3.2.4
p000105,mthai.com,adx.adform.net,request,2.6-202606,openrtb.type.mismatch,error,imp[1].id,3.2.4
p000105,mthai.com,adx.adform.net,request,2.6-202606,openrtb.type.mismatch,error,imp[2].id,3.2.4
p000105,mthai.com,adx.adform.net,request,2.6-202606,openrtb.field.undefined,error,imp[2].video.context,3.2.7
p000105,mthai.com,adx.adform.net,request,2.6-202606,openrtb.field.deprecated,warning,imp[2].video.placement,Section 3.2.7
p000105,mthai.com,adx.adform.net,request,2.6-202606,openrtb.field.undefined,error,imp[2].video.playerSize,3.2.7
p000106,mthai.com,adx.adform.net,request,2.6-202606,openrtb.type.mismatch,error,imp[0].id,3.2.4
p000107,mthai.com,adx.adform.net,request,2.6-202606,openrtb.type.mismatch,error,imp[0].id,3.2.4
p000107,mthai.com,adx.adform.net,request,2.6-202606,openrtb.type.mismatch,error,imp[1].id,3.2.4
p000108,mthai.com,adx.adform.net,request,2.6-202606,openrtb.type.mismatch,error,imp[0].id,3.2.4
p000109,mthai.com,adx.adform.net,request,2.6-202606,openrtb.type.mismatch,error,imp[0].id,3.2.4
p000110,mthai.com,adx.adform.net,request,2.6-202606,openrtb.type.mismatch,error,imp[0].id,3.2.4
p000111,mthai.com,adx.adform.net,request,2.6-202606,openrtb.type.mismatch,error,imp[0].id,3.2.4
p000112,prosport.ro,adx.adform.net,request,2.6-202606,openrtb.type.mismatch,error,imp[0].id,3.2.4
p000112,prosport.ro,adx.adform.net,request,2.6-202606,openrtb.type.mismatch,error,imp[1].id,3.2.4
p000112,prosport.ro,adx.adform.net,request,2.6-202606,openrtb.type.mismatch,error,imp[2].id,3.2.4
p000112,prosport.ro,adx.adform.net,request,2.6-202606,openrtb.type.mismatch,error,imp[3].id,3.2.4
p000112,prosport.ro,adx.adform.net,request,2.6-202606,openrtb.type.mismatch,error,imp[4].id,3.2.4
p000112,prosport.ro,adx.adform.net,request,2.6-202606,openrtb.type.mismatch,error,imp[5].id,3.2.4
p000112,prosport.ro,adx.adform.net,request,2.6-202606,openrtb.type.mismatch,error,imp[6].id,3.2.4
p000112,prosport.ro,adx.adform.net,request,2.6-202606,openrtb.type.mismatch,error,imp[7].id,3.2.4
p000112,prosport.ro,adx.adform.net,request,2.6-202606,openrtb.type.mismatch,error,imp[8].id,3.2.4
p000112,prosport.ro,adx.adform.net,request,2.6-202606,openrtb.field.moved,error,regs.ext.gdpr,Section 3.2.3
p000112,prosport.ro,adx.adform.net,request,2.6-202606,openrtb.field.moved,error,user.ext.consent,Section 3.2.20
p000113,prosport.ro,adx.adform.net,request,2.6-202606,openrtb.type.mismatch,error,imp[0].id,3.2.4
p000113,prosport.ro,adx.adform.net,request,2.6-202606,openrtb.type.mismatch,error,imp[1].id,3.2.4
p000113,prosport.ro,adx.adform.net,request,2.6-202606,openrtb.type.mismatch,error,imp[2].id,3.2.4
p000113,prosport.ro,adx.adform.net,request,2.6-202606,openrtb.field.moved,error,regs.ext.gdpr,Section 3.2.3
p000113,prosport.ro,adx.adform.net,request,2.6-202606,openrtb.field.moved,error,user.ext.consent,Section 3.2.20
p000114,sozcu.com.tr,adx.adform.net,request,2.6-202606,openrtb.type.mismatch,error,imp[0].id,3.2.4
p000114,sozcu.com.tr,adx.adform.net,request,2.6-202606,openrtb.type.mismatch,error,imp[0].tagid,3.2.4
p000114,sozcu.com.tr,adx.adform.net,request,2.6-202606,openrtb.type.mismatch,error,imp[1].id,3.2.4
p000114,sozcu.com.tr,adx.adform.net,request,2.6-202606,openrtb.type.mismatch,error,imp[1].tagid,3.2.4
p000114,sozcu.com.tr,adx.adform.net,request,2.6-202606,openrtb.type.mismatch,error,imp[2].id,3.2.4
p000114,sozcu.com.tr,adx.adform.net,request,2.6-202606,openrtb.type.mismatch,error,imp[2].tagid,3.2.4
p000114,sozcu.com.tr,adx.adform.net,request,2.6-202606,openrtb.type.mismatch,error,imp[3].id,3.2.4
p000114,sozcu.com.tr,adx.adform.net,request,2.6-202606,openrtb.type.mismatch,error,imp[3].tagid,3.2.4
p000115,sozcu.com.tr,adx.adform.net,request,2.6-202606,openrtb.field.moved,error,regs.ext.gdpr,Section 3.2.3
p000116,sozcu.com.tr,adx.adform.net,request,2.6-202606,openrtb.type.mismatch,error,imp[0].id,3.2.4
p000116,sozcu.com.tr,adx.adform.net,request,2.6-202606,openrtb.type.mismatch,error,imp[0].tagid,3.2.4
p000117,sozcu.com.tr,adx.adform.net,request,2.6-202606,openrtb.type.mismatch,error,imp[0].id,3.2.4
p000117,sozcu.com.tr,adx.adform.net,request,2.6-202606,openrtb.type.mismatch,error,imp[0].tagid,3.2.4
p000118,sozcu.com.tr,adx.adform.net,request,2.6-202606,openrtb.type.mismatch,error,imp[0].id,3.2.4
p000118,sozcu.com.tr,adx.adform.net,request,2.6-202606,openrtb.type.mismatch,error,imp[0].tagid,3.2.4
p000119,sozcu.com.tr,adx.adform.net,request,2.6-202606,openrtb.type.mismatch,error,imp[0].id,3.2.4
p000119,sozcu.com.tr,adx.adform.net,request,2.6-202606,openrtb.type.mismatch,error,imp[0].tagid,3.2.4
p000119,sozcu.com.tr,adx.adform.net,request,2.6-202606,openrtb.field.undefined,error,imp[0].video.context,3.2.7
p000119,sozcu.com.tr,adx.adform.net,request,2.6-202606,openrtb.field.deprecated,warning,imp[0].video.placement,Section 3.2.7
p000119,sozcu.com.tr,adx.adform.net,request,2.6-202606,openrtb.field.undefined,error,imp[0].video.playerSize,3.2.7
p000120,sozcu.com.tr,adx.adform.net,request,2.6-202606,openrtb.type.mismatch,error,imp[0].id,3.2.4
p000120,sozcu.com.tr,adx.adform.net,request,2.6-202606,openrtb.type.mismatch,error,imp[0].tagid,3.2.4
p000120,sozcu.com.tr,adx.adform.net,request,2.6-202606,openrtb.type.mismatch,error,imp[1].id,3.2.4
p000120,sozcu.com.tr,adx.adform.net,request,2.6-202606,openrtb.type.mismatch,error,imp[1].tagid,3.2.4
p000120,sozcu.com.tr,adx.adform.net,request,2.6-202606,openrtb.type.mismatch,error,imp[2].id,3.2.4
p000120,sozcu.com.tr,adx.adform.net,request,2.6-202606,openrtb.type.mismatch,error,imp[2].tagid,3.2.4
p000120,sozcu.com.tr,adx.adform.net,request,2.6-202606,openrtb.type.mismatch,error,imp[3].id,3.2.4
p000120,sozcu.com.tr,adx.adform.net,request,2.6-202606,openrtb.type.mismatch,error,imp[3].tagid,3.2.4
p000121,sozcu.com.tr,adx.adform.net,request,2.6-202606,openrtb.type.mismatch,error,imp[0].id,3.2.4
p000121,sozcu.com.tr,adx.adform.net,request,2.6-202606,openrtb.type.mismatch,error,imp[0].tagid,3.2.4
p000122,sozcu.com.tr,adx.adform.net,request,2.6-202606,openrtb.type.mismatch,error,imp[0].id,3.2.4
p000122,sozcu.com.tr,adx.adform.net,request,2.6-202606,openrtb.type.mismatch,error,imp[0].tagid,3.2.4
p000123,sozcu.com.tr,adx.adform.net,request,2.6-202606,openrtb.field.deprecated,warning,imp[1].video.placement,Section 3.2.7
p000123,sozcu.com.tr,adx.adform.net,request,2.6-202606,openrtb.field.moved,error,regs.ext.gdpr,Section 3.2.3
p000124,sozcu.com.tr,adx.adform.net,request,2.6-202606,openrtb.field.deprecated,warning,imp[1].video.placement,Section 3.2.7
p000124,sozcu.com.tr,adx.adform.net,request,2.6-202606,openrtb.field.moved,error,regs.ext.gdpr,Section 3.2.3
p000125,sozcu.com.tr,adx.adform.net,request,2.6-202606,openrtb.field.deprecated,warning,imp[1].video.placement,Section 3.2.7
p000125,sozcu.com.tr,adx.adform.net,request,2.6-202606,openrtb.field.moved,error,regs.ext.gdpr,Section 3.2.3
p000125,sozcu.com.tr,adx.adform.net,request,2.6-202606,openrtb.field.moved,error,user.ext.consent,Section 3.2.20
p000126,tio.ch,adx.adform.net,request,2.6-202606,openrtb.field.deprecated,warning,imp[0].video.placement,Section 3.2.7
p000126,tio.ch,adx.adform.net,request,2.6-202606,openrtb.value.invalid,error,imp[0].video.skip,3.2.7
p000126,tio.ch,adx.adform.net,request,2.6-202606,openrtb.field.moved,error,regs.ext.gdpr,Section 3.2.3
p000126,tio.ch,adx.adform.net,request,2.6-202606,openrtb.field.moved,error,user.ext.consent,Section 3.2.20
p000127,tio.ch,adx.adform.net,request,2.6-202606,openrtb.field.deprecated,warning,imp[0].video.placement,Section 3.2.7
p000127,tio.ch,adx.adform.net,request,2.6-202606,openrtb.value.invalid,error,imp[0].video.skip,3.2.7
p000127,tio.ch,adx.adform.net,request,2.6-202606,openrtb.field.moved,error,regs.ext.gdpr,Section 3.2.3
p000127,tio.ch,adx.adform.net,request,2.6-202606,openrtb.field.moved,error,user.ext.consent,Section 3.2.20
p000128,tio.ch,adx.adform.net,request,2.6-202606,openrtb.field.moved,error,regs.ext.gdpr,Section 3.2.3
p000128,tio.ch,adx.adform.net,request,2.6-202606,openrtb.field.moved,error,user.ext.consent,Section 3.2.20
p000129,tio.ch,adx.adform.net,request,2.6-202606,openrtb.field.moved,error,regs.ext.gdpr,Section 3.2.3
p000129,tio.ch,adx.adform.net,request,2.6-202606,openrtb.field.moved,error,user.ext.consent,Section 3.2.20
p000130,tio.ch,adx.adform.net,request,2.6-202606,openrtb.field.moved,error,regs.ext.gdpr,Section 3.2.3
p000130,tio.ch,adx.adform.net,request,2.6-202606,openrtb.field.moved,error,user.ext.consent,Section 3.2.20
p000131,tio.ch,adx.adform.net,request,2.6-202606,openrtb.field.moved,error,regs.ext.gdpr,Section 3.2.3
p000131,tio.ch,adx.adform.net,request,2.6-202606,openrtb.field.moved,error,user.ext.consent,Section 3.2.20
p000132,tio.ch,adx.adform.net,request,2.6-202606,openrtb.field.moved,error,regs.ext.gdpr,Section 3.2.3
p000132,tio.ch,adx.adform.net,request,2.6-202606,openrtb.field.moved,error,user.ext.consent,Section 3.2.20
p000133,tio.ch,adx.adform.net,request,2.6-202606,openrtb.field.moved,error,regs.ext.gdpr,Section 3.2.3
p000133,tio.ch,adx.adform.net,request,2.6-202606,openrtb.field.moved,error,user.ext.consent,Section 3.2.20
p000134,tio.ch,adx.adform.net,request,2.6-202606,openrtb.field.moved,error,regs.ext.gdpr,Section 3.2.3
p000134,tio.ch,adx.adform.net,request,2.6-202606,openrtb.field.moved,error,user.ext.consent,Section 3.2.20
p000135,tio.ch,adx.adform.net,request,2.6-202606,openrtb.field.moved,error,regs.ext.gdpr,Section 3.2.3
p000135,tio.ch,adx.adform.net,request,2.6-202606,openrtb.field.moved,error,user.ext.consent,Section 3.2.20
p000136,tio.ch,adx.adform.net,request,2.6-202606,openrtb.field.moved,error,regs.ext.gdpr,Section 3.2.3
p000136,tio.ch,adx.adform.net,request,2.6-202606,openrtb.field.moved,error,user.ext.consent,Section 3.2.20
p000137,tio.ch,adx.adform.net,request,2.6-202606,openrtb.field.moved,error,regs.ext.gdpr,Section 3.2.3
p000137,tio.ch,adx.adform.net,request,2.6-202606,openrtb.field.moved,error,user.ext.consent,Section 3.2.20
p000138,tio.ch,adx.adform.net,request,2.6-202606,openrtb.field.moved,error,regs.ext.gdpr,Section 3.2.3
p000138,tio.ch,adx.adform.net,request,2.6-202606,openrtb.field.moved,error,user.ext.consent,Section 3.2.20
p000139,tio.ch,adx.adform.net,request,2.6-202606,openrtb.field.moved,error,regs.ext.gdpr,Section 3.2.3
p000139,tio.ch,adx.adform.net,request,2.6-202606,openrtb.field.moved,error,user.ext.consent,Section 3.2.20
p000140,cornucopia.se,adx.adform.net,response,2.6-202606,openrtb.bid.mtype_missing,warning,seatbid[0].bid[0].mtype,4.2.3
p000141,cornucopia.se,adx.adform.net,response,2.6-202606,openrtb.bid.mtype_missing,warning,seatbid[0].bid[0].mtype,4.2.3
p000142,elespectador.com,adx2.adform.net,request,2.6-202606,openrtb.field.deprecated,warning,imp[2].video.placement,Section 3.2.7
p000142,elespectador.com,adx2.adform.net,request,2.6-202606,openrtb.field.deprecated,warning,imp[3].video.placement,Section 3.2.7
p000142,elespectador.com,adx2.adform.net,request,2.6-202606,openrtb.field.moved,error,regs.ext.gdpr,Section 3.2.3
p000142,elespectador.com,adx2.adform.net,request,2.6-202606,openrtb.field.moved,error,user.ext.consent,Section 3.2.20
p000143,elespectador.com,adx2.adform.net,request,2.6-202606,openrtb.field.deprecated,warning,imp[2].video.placement,Section 3.2.7
p000143,elespectador.com,adx2.adform.net,request,2.6-202606,openrtb.field.deprecated,warning,imp[3].video.placement,Section 3.2.7
p000143,elespectador.com,adx2.adform.net,request,2.6-202606,openrtb.field.moved,error,regs.ext.gdpr,Section 3.2.3
p000143,elespectador.com,adx2.adform.net,request,2.6-202606,openrtb.field.moved,error,user.ext.consent,Section 3.2.20
p000144,elespectador.com,adx2.adform.net,request,2.6-202606,openrtb.field.deprecated,warning,imp[2].video.placement,Section 3.2.7
p000144,elespectador.com,adx2.adform.net,request,2.6-202606,openrtb.field.deprecated,warning,imp[3].video.placement,Section 3.2.7
p000144,elespectador.com,adx2.adform.net,request,2.6-202606,openrtb.field.moved,error,regs.ext.gdpr,Section 3.2.3
p000144,elespectador.com,adx2.adform.net,request,2.6-202606,openrtb.field.moved,error,user.ext.consent,Section 3.2.20
p000148,cityam.com,ap.lijit.com,request,2.6-202606,openrtb.field.undefined,error,imp[0].adunitcode,3.2.4
p000149,cityam.com,ap.lijit.com,request,2.6-202606,openrtb.field.undefined,error,imp[0].adunitcode,3.2.4
p000150,cityam.com,ap.lijit.com,request,2.6-202606,openrtb.field.undefined,error,imp[0].adunitcode,3.2.4
p000151,cityam.com,ap.lijit.com,request,2.6-202606,openrtb.field.undefined,error,imp[0].adunitcode,3.2.4
p000152,cityam.com,ap.lijit.com,request,2.6-202606,openrtb.field.undefined,error,imp[0].adunitcode,3.2.4
p000153,cityam.com,ap.lijit.com,request,2.6-202606,openrtb.field.undefined,error,imp[0].adunitcode,3.2.4
p000154,cityam.com,ap.lijit.com,request,2.6-202606,openrtb.field.undefined,error,imp[0].adunitcode,3.2.4
p000155,cityam.com,ap.lijit.com,request,2.6-202606,openrtb.field.undefined,error,imp[0].adunitcode,3.2.4
p000156,cityam.com,ap.lijit.com,request,2.6-202606,openrtb.field.undefined,error,imp[0].adunitcode,3.2.4
p000157,cityam.com,ap.lijit.com,request,2.6-202606,openrtb.field.undefined,error,imp[0].adunitcode,3.2.4
p000158,cycletrader.com,ap.lijit.com,request,2.6-202606,openrtb.field.undefined,error,imp[0].adunitcode,3.2.4
p000158,cycletrader.com,ap.lijit.com,request,2.6-202606,openrtb.field.undefined,error,imp[1].adunitcode,3.2.4
p000158,cycletrader.com,ap.lijit.com,request,2.6-202606,openrtb.field.undefined,error,imp[2].adunitcode,3.2.4
p000158,cycletrader.com,ap.lijit.com,request,2.6-202606,openrtb.field.undefined,error,imp[3].adunitcode,3.2.4
p000159,cycletrader.com,ap.lijit.com,request,2.6-202606,openrtb.field.undefined,error,imp[0].adunitcode,3.2.4
p000159,cycletrader.com,ap.lijit.com,request,2.6-202606,openrtb.field.undefined,error,imp[1].adunitcode,3.2.4
p000159,cycletrader.com,ap.lijit.com,request,2.6-202606,openrtb.field.undefined,error,imp[2].adunitcode,3.2.4
p000160,cycletrader.com,ap.lijit.com,request,2.6-202606,openrtb.field.undefined,error,imp[0].adunitcode,3.2.4
p000160,cycletrader.com,ap.lijit.com,request,2.6-202606,openrtb.field.undefined,error,imp[1].adunitcode,3.2.4
p000160,cycletrader.com,ap.lijit.com,request,2.6-202606,openrtb.field.undefined,error,imp[2].adunitcode,3.2.4
p000160,cycletrader.com,ap.lijit.com,request,2.6-202606,openrtb.field.undefined,error,imp[3].adunitcode,3.2.4
p000161,cycletrader.com,ap.lijit.com,request,2.6-202606,openrtb.field.undefined,error,imp[0].adunitcode,3.2.4
p000161,cycletrader.com,ap.lijit.com,request,2.6-202606,openrtb.field.undefined,error,imp[1].adunitcode,3.2.4
p000161,cycletrader.com,ap.lijit.com,request,2.6-202606,openrtb.field.undefined,error,imp[2].adunitcode,3.2.4
p000161,cycletrader.com,ap.lijit.com,request,2.6-202606,openrtb.field.undefined,error,imp[3].adunitcode,3.2.4
p000162,cycletrader.com,ap.lijit.com,request,2.6-202606,openrtb.field.undefined,error,imp[0].adunitcode,3.2.4
p000162,cycletrader.com,ap.lijit.com,request,2.6-202606,openrtb.field.undefined,error,imp[1].adunitcode,3.2.4
p000162,cycletrader.com,ap.lijit.com,request,2.6-202606,openrtb.field.undefined,error,imp[2].adunitcode,3.2.4
p000162,cycletrader.com,ap.lijit.com,request,2.6-202606,openrtb.field.undefined,error,imp[3].adunitcode,3.2.4
p000162,cycletrader.com,ap.lijit.com,request,2.6-202606,openrtb.field.undefined,error,imp[4].adunitcode,3.2.4
p000162,cycletrader.com,ap.lijit.com,request,2.6-202606,openrtb.field.undefined,error,imp[5].adunitcode,3.2.4
p000162,cycletrader.com,ap.lijit.com,request,2.6-202606,openrtb.field.undefined,error,imp[6].adunitcode,3.2.4
p000162,cycletrader.com,ap.lijit.com,request,2.6-202606,openrtb.field.undefined,error,imp[7].adunitcode,3.2.4
p000162,cycletrader.com,ap.lijit.com,request,2.6-202606,openrtb.field.undefined,error,imp[8].adunitcode,3.2.4
p000162,cycletrader.com,ap.lijit.com,request,2.6-202606,openrtb.field.undefined,error,imp[9].adunitcode,3.2.4
p000162,cycletrader.com,ap.lijit.com,request,2.6-202606,openrtb.field.undefined,error,imp[10].adunitcode,3.2.4
p000162,cycletrader.com,ap.lijit.com,request,2.6-202606,openrtb.field.undefined,error,imp[11].adunitcode,3.2.4
p000162,cycletrader.com,ap.lijit.com,request,2.6-202606,openrtb.field.undefined,error,imp[12].adunitcode,3.2.4
p000162,cycletrader.com,ap.lijit.com,request,2.6-202606,openrtb.field.undefined,error,imp[13].adunitcode,3.2.4
p000163,elespectador.com,ap.lijit.com,request,2.6-202606,openrtb.field.undefined,error,imp[0].adunitcode,3.2.4
p000163,elespectador.com,ap.lijit.com,request,2.6-202606,openrtb.field.undefined,error,imp[1].adunitcode,3.2.4
p000163,elespectador.com,ap.lijit.com,request,2.6-202606,openrtb.field.undefined,error,imp[2].adunitcode,3.2.4
p000163,elespectador.com,ap.lijit.com,request,2.6-202606,openrtb.field.deprecated,warning,imp[2].video.placement,Section 3.2.7
p000163,elespectador.com,ap.lijit.com,request,2.6-202606,openrtb.field.undefined,error,imp[3].adunitcode,3.2.4
p000163,elespectador.com,ap.lijit.com,request,2.6-202606,openrtb.field.deprecated,warning,imp[3].video.placement,Section 3.2.7
p000163,elespectador.com,ap.lijit.com,request,2.6-202606,openrtb.field.moved,error,regs.ext.gdpr,Section 3.2.3
p000163,elespectador.com,ap.lijit.com,request,2.6-202606,openrtb.field.moved,error,user.ext.consent,Section 3.2.20
p000164,elespectador.com,ap.lijit.com,request,2.6-202606,openrtb.field.undefined,error,imp[0].adunitcode,3.2.4
p000164,elespectador.com,ap.lijit.com,request,2.6-202606,openrtb.field.undefined,error,imp[1].adunitcode,3.2.4
p000164,elespectador.com,ap.lijit.com,request,2.6-202606,openrtb.field.moved,error,regs.ext.gdpr,Section 3.2.3
p000164,elespectador.com,ap.lijit.com,request,2.6-202606,openrtb.field.moved,error,user.ext.consent,Section 3.2.20
p000165,elespectador.com,ap.lijit.com,request,2.6-202606,openrtb.field.undefined,error,imp[0].adunitcode,3.2.4
p000165,elespectador.com,ap.lijit.com,request,2.6-202606,openrtb.field.moved,error,regs.ext.gdpr,Section 3.2.3
p000165,elespectador.com,ap.lijit.com,request,2.6-202606,openrtb.field.moved,error,user.ext.consent,Section 3.2.20
p000166,elespectador.com,ap.lijit.com,request,2.6-202606,openrtb.field.undefined,error,imp[0].adunitcode,3.2.4
p000166,elespectador.com,ap.lijit.com,request,2.6-202606,openrtb.field.moved,error,regs.ext.gdpr,Section 3.2.3
p000166,elespectador.com,ap.lijit.com,request,2.6-202606,openrtb.field.moved,error,user.ext.consent,Section 3.2.20
p000167,elespectador.com,ap.lijit.com,request,2.6-202606,openrtb.field.undefined,error,imp[0].adunitcode,3.2.4
p000167,elespectador.com,ap.lijit.com,request,2.6-202606,openrtb.field.undefined,error,imp[1].adunitcode,3.2.4
p000167,elespectador.com,ap.lijit.com,request,2.6-202606,openrtb.field.moved,error,regs.ext.gdpr,Section 3.2.3
p000167,elespectador.com,ap.lijit.com,request,2.6-202606,openrtb.field.moved,error,user.ext.consent,Section 3.2.20
p000168,elespectador.com,ap.lijit.com,request,2.6-202606,openrtb.field.undefined,error,imp[0].adunitcode,3.2.4
p000168,elespectador.com,ap.lijit.com,request,2.6-202606,openrtb.field.moved,error,regs.ext.gdpr,Section 3.2.3
p000168,elespectador.com,ap.lijit.com,request,2.6-202606,openrtb.field.moved,error,user.ext.consent,Section 3.2.20
p000169,elespectador.com,ap.lijit.com,request,2.6-202606,openrtb.field.undefined,error,imp[0].adunitcode,3.2.4
p000169,elespectador.com,ap.lijit.com,request,2.6-202606,openrtb.field.undefined,error,imp[1].adunitcode,3.2.4
p000169,elespectador.com,ap.lijit.com,request,2.6-202606,openrtb.field.undefined,error,imp[2].adunitcode,3.2.4
p000169,elespectador.com,ap.lijit.com,request,2.6-202606,openrtb.field.deprecated,warning,imp[2].video.placement,Section 3.2.7
p000169,elespectador.com,ap.lijit.com,request,2.6-202606,openrtb.field.undefined,error,imp[3].adunitcode,3.2.4
p000169,elespectador.com,ap.lijit.com,request,2.6-202606,openrtb.field.deprecated,warning,imp[3].video.placement,Section 3.2.7
p000169,elespectador.com,ap.lijit.com,request,2.6-202606,openrtb.field.moved,error,regs.ext.gdpr,Section 3.2.3
p000169,elespectador.com,ap.lijit.com,request,2.6-202606,openrtb.field.moved,error,user.ext.consent,Section 3.2.20
p000170,elespectador.com,ap.lijit.com,request,2.6-202606,openrtb.field.undefined,error,imp[0].adunitcode,3.2.4
p000170,elespectador.com,ap.lijit.com,request,2.6-202606,openrtb.field.moved,error,regs.ext.gdpr,Section 3.2.3
p000170,elespectador.com,ap.lijit.com,request,2.6-202606,openrtb.field.moved,error,user.ext.consent,Section 3.2.20
p000171,elespectador.com,ap.lijit.com,request,2.6-202606,openrtb.field.undefined,error,imp[0].adunitcode,3.2.4
p000171,elespectador.com,ap.lijit.com,request,2.6-202606,openrtb.field.moved,error,regs.ext.gdpr,Section 3.2.3
p000171,elespectador.com,ap.lijit.com,request,2.6-202606,openrtb.field.moved,error,user.ext.consent,Section 3.2.20
p000172,elespectador.com,ap.lijit.com,request,2.6-202606,openrtb.field.undefined,error,imp[0].adunitcode,3.2.4
p000172,elespectador.com,ap.lijit.com,request,2.6-202606,openrtb.field.undefined,error,imp[1].adunitcode,3.2.4
p000172,elespectador.com,ap.lijit.com,request,2.6-202606,openrtb.field.undefined,error,imp[2].adunitcode,3.2.4
p000172,elespectador.com,ap.lijit.com,request,2.6-202606,openrtb.field.deprecated,warning,imp[2].video.placement,Section 3.2.7
p000172,elespectador.com,ap.lijit.com,request,2.6-202606,openrtb.field.undefined,error,imp[3].adunitcode,3.2.4
p000172,elespectador.com,ap.lijit.com,request,2.6-202606,openrtb.field.deprecated,warning,imp[3].video.placement,Section 3.2.7
p000172,elespectador.com,ap.lijit.com,request,2.6-202606,openrtb.field.moved,error,regs.ext.gdpr,Section 3.2.3
p000172,elespectador.com,ap.lijit.com,request,2.6-202606,openrtb.field.moved,error,user.ext.consent,Section 3.2.20
p000173,elespectador.com,ap.lijit.com,request,2.6-202606,openrtb.field.undefined,error,imp[0].adunitcode,3.2.4
p000173,elespectador.com,ap.lijit.com,request,2.6-202606,openrtb.field.moved,error,regs.ext.gdpr,Section 3.2.3
p000173,elespectador.com,ap.lijit.com,request,2.6-202606,openrtb.field.moved,error,user.ext.consent,Section 3.2.20
p000174,elespectador.com,ap.lijit.com,request,2.6-202606,openrtb.field.undefined,error,imp[0].adunitcode,3.2.4
p000174,elespectador.com,ap.lijit.com,request,2.6-202606,openrtb.field.undefined,error,imp[1].adunitcode,3.2.4
p000174,elespectador.com,ap.lijit.com,request,2.6-202606,openrtb.field.moved,error,regs.ext.gdpr,Section 3.2.3
p000174,elespectador.com,ap.lijit.com,request,2.6-202606,openrtb.field.moved,error,user.ext.consent,Section 3.2.20
p000175,epravda.com.ua,ap.lijit.com,request,2.6-202606,openrtb.field.undefined,error,imp[0].adunitcode,3.2.4
p000176,epravda.com.ua,ap.lijit.com,request,2.6-202606,openrtb.field.undefined,error,imp[0].adunitcode,3.2.4
p000177,fox11online.com,ap.lijit.com,request,2.6-202606,openrtb.field.undefined,error,imp[0].adunitcode,3.2.4
p000178,fox11online.com,ap.lijit.com,request,2.6-202606,openrtb.field.undefined,error,imp[0].adunitcode,3.2.4
p000179,fox11online.com,ap.lijit.com,request,2.6-202606,openrtb.field.undefined,error,imp[0].adunitcode,3.2.4
p000180,fox11online.com,ap.lijit.com,request,2.6-202606,openrtb.field.undefined,error,imp[0].adunitcode,3.2.4
p000181,fox11online.com,ap.lijit.com,request,2.6-202606,openrtb.field.undefined,error,imp[0].adunitcode,3.2.4
p000182,fox11online.com,ap.lijit.com,request,2.6-202606,openrtb.field.undefined,error,imp[0].adunitcode,3.2.4
p000183,fox11online.com,ap.lijit.com,request,2.6-202606,openrtb.field.undefined,error,imp[0].adunitcode,3.2.4
p000184,fox11online.com,ap.lijit.com,request,2.6-202606,openrtb.field.undefined,error,imp[0].adunitcode,3.2.4
p000185,fox11online.com,ap.lijit.com,request,2.6-202606,openrtb.field.undefined,error,imp[0].adunitcode,3.2.4
p000185,fox11online.com,ap.lijit.com,request,2.6-202606,openrtb.field.deprecated,warning,imp[0].video.placement,Section 3.2.7
p000185,fox11online.com,ap.lijit.com,request,2.6-202606,openrtb.field.undefined,error,imp[1].adunitcode,3.2.4
p000185,fox11online.com,ap.lijit.com,request,2.6-202606,openrtb.field.deprecated,warning,imp[1].video.placement,Section 3.2.7
p000185,fox11online.com,ap.lijit.com,request,2.6-202606,openrtb.field.undefined,error,imp[2].adunitcode,3.2.4
p000185,fox11online.com,ap.lijit.com,request,2.6-202606,openrtb.field.deprecated,warning,imp[2].video.placement,Section 3.2.7
p000185,fox11online.com,ap.lijit.com,request,2.6-202606,openrtb.field.undefined,error,imp[3].adunitcode,3.2.4
p000185,fox11online.com,ap.lijit.com,request,2.6-202606,openrtb.field.deprecated,warning,imp[3].video.placement,Section 3.2.7
p000185,fox11online.com,ap.lijit.com,request,2.6-202606,openrtb.field.undefined,error,imp[4].adunitcode,3.2.4
p000185,fox11online.com,ap.lijit.com,request,2.6-202606,openrtb.field.deprecated,warning,imp[4].video.placement,Section 3.2.7
p000186,fox11online.com,ap.lijit.com,request,2.6-202606,openrtb.field.undefined,error,imp[0].adunitcode,3.2.4
p000186,fox11online.com,ap.lijit.com,request,2.6-202606,openrtb.field.undefined,error,imp[1].adunitcode,3.2.4
p000186,fox11online.com,ap.lijit.com,request,2.6-202606,openrtb.field.undefined,error,imp[2].adunitcode,3.2.4
p000186,fox11online.com,ap.lijit.com,request,2.6-202606,openrtb.field.undefined,error,imp[3].adunitcode,3.2.4
p000186,fox11online.com,ap.lijit.com,request,2.6-202606,openrtb.field.undefined,error,imp[4].adunitcode,3.2.4
p000186,fox11online.com,ap.lijit.com,request,2.6-202606,openrtb.field.undefined,error,imp[5].adunitcode,3.2.4
p000186,fox11online.com,ap.lijit.com,request,2.6-202606,openrtb.field.undefined,error,imp[6].adunitcode,3.2.4
p000186,fox11online.com,ap.lijit.com,request,2.6-202606,openrtb.field.undefined,error,imp[7].adunitcode,3.2.4
p000186,fox11online.com,ap.lijit.com,request,2.6-202606,openrtb.field.undefined,error,imp[8].adunitcode,3.2.4
p000186,fox11online.com,ap.lijit.com,request,2.6-202606,openrtb.field.undefined,error,imp[9].adunitcode,3.2.4
p000186,fox11online.com,ap.lijit.com,request,2.6-202606,openrtb.field.undefined,error,imp[10].adunitcode,3.2.4
p000186,fox11online.com,ap.lijit.com,request,2.6-202606,openrtb.field.undefined,error,imp[11].adunitcode,3.2.4
p000187,fox11online.com,ap.lijit.com,request,2.6-202606,openrtb.field.undefined,error,imp[0].adunitcode,3.2.4
p000187,fox11online.com,ap.lijit.com,request,2.6-202606,openrtb.field.undefined,error,imp[1].adunitcode,3.2.4
p000187,fox11online.com,ap.lijit.com,request,2.6-202606,openrtb.field.undefined,error,imp[2].adunitcode,3.2.4
p000187,fox11online.com,ap.lijit.com,request,2.6-202606,openrtb.field.undefined,error,imp[3].adunitcode,3.2.4
p000187,fox11online.com,ap.lijit.com,request,2.6-202606,openrtb.field.undefined,error,imp[4].adunitcode,3.2.4
p000187,fox11online.com,ap.lijit.com,request,2.6-202606,openrtb.field.undefined,error,imp[5].adunitcode,3.2.4
p000188,fox11online.com,ap.lijit.com,request,2.6-202606,openrtb.field.undefined,error,imp[0].adunitcode,3.2.4
p000188,fox11online.com,ap.lijit.com,request,2.6-202606,openrtb.field.deprecated,warning,imp[0].video.placement,Section 3.2.7
p000188,fox11online.com,ap.lijit.com,request,2.6-202606,openrtb.field.undefined,error,imp[1].adunitcode,3.2.4
p000188,fox11online.com,ap.lijit.com,request,2.6-202606,openrtb.field.deprecated,warning,imp[1].video.placement,Section 3.2.7
p000188,fox11online.com,ap.lijit.com,request,2.6-202606,openrtb.field.undefined,error,imp[2].adunitcode,3.2.4
p000188,fox11online.com,ap.lijit.com,request,2.6-202606,openrtb.field.deprecated,warning,imp[2].video.placement,Section 3.2.7
p000188,fox11online.com,ap.lijit.com,request,2.6-202606,openrtb.field.undefined,error,imp[3].adunitcode,3.2.4
p000188,fox11online.com,ap.lijit.com,request,2.6-202606,openrtb.field.deprecated,warning,imp[3].video.placement,Section 3.2.7
p000188,fox11online.com,ap.lijit.com,request,2.6-202606,openrtb.field.undefined,error,imp[4].adunitcode,3.2.4
p000188,fox11online.com,ap.lijit.com,request,2.6-202606,openrtb.field.deprecated,warning,imp[4].video.placement,Section 3.2.7
p000189,fox11online.com,ap.lijit.com,request,2.6-202606,openrtb.field.undefined,error,imp[0].adunitcode,3.2.4
p000189,fox11online.com,ap.lijit.com,request,2.6-202606,openrtb.field.deprecated,warning,imp[0].video.placement,Section 3.2.7
p000189,fox11online.com,ap.lijit.com,request,2.6-202606,openrtb.field.undefined,error,imp[1].adunitcode,3.2.4
p000189,fox11online.com,ap.lijit.com,request,2.6-202606,openrtb.field.deprecated,warning,imp[1].video.placement,Section 3.2.7
p000189,fox11online.com,ap.lijit.com,request,2.6-202606,openrtb.field.undefined,error,imp[2].adunitcode,3.2.4
p000189,fox11online.com,ap.lijit.com,request,2.6-202606,openrtb.field.deprecated,warning,imp[2].video.placement,Section 3.2.7
p000189,fox11online.com,ap.lijit.com,request,2.6-202606,openrtb.field.undefined,error,imp[3].adunitcode,3.2.4
p000189,fox11online.com,ap.lijit.com,request,2.6-202606,openrtb.field.deprecated,warning,imp[3].video.placement,Section 3.2.7
p000189,fox11online.com,ap.lijit.com,request,2.6-202606,openrtb.field.undefined,error,imp[4].adunitcode,3.2.4
p000189,fox11online.com,ap.lijit.com,request,2.6-202606,openrtb.field.deprecated,warning,imp[4].video.placement,Section 3.2.7
p000190,fox11online.com,ap.lijit.com,request,2.6-202606,openrtb.field.undefined,error,imp[0].adunitcode,3.2.4
p000190,fox11online.com,ap.lijit.com,request,2.6-202606,openrtb.field.deprecated,warning,imp[0].video.placement,Section 3.2.7
p000190,fox11online.com,ap.lijit.com,request,2.6-202606,openrtb.field.undefined,error,imp[1].adunitcode,3.2.4
p000190,fox11online.com,ap.lijit.com,request,2.6-202606,openrtb.field.deprecated,warning,imp[1].video.placement,Section 3.2.7
p000190,fox11online.com,ap.lijit.com,request,2.6-202606,openrtb.field.undefined,error,imp[2].adunitcode,3.2.4
p000190,fox11online.com,ap.lijit.com,request,2.6-202606,openrtb.field.deprecated,warning,imp[2].video.placement,Section 3.2.7
p000190,fox11online.com,ap.lijit.com,request,2.6-202606,openrtb.field.undefined,error,imp[3].adunitcode,3.2.4
p000190,fox11online.com,ap.lijit.com,request,2.6-202606,openrtb.field.deprecated,warning,imp[3].video.placement,Section 3.2.7
p000190,fox11online.com,ap.lijit.com,request,2.6-202606,openrtb.field.undefined,error,imp[4].adunitcode,3.2.4
p000190,fox11online.com,ap.lijit.com,request,2.6-202606,openrtb.field.deprecated,warning,imp[4].video.placement,Section 3.2.7
p000191,haberler.com,ap.lijit.com,request,2.6-202606,openrtb.field.undefined,error,imp[0].adunitcode,3.2.4
p000192,haberler.com,ap.lijit.com,request,2.6-202606,openrtb.field.undefined,error,imp[0].adunitcode,3.2.4
p000193,haberler.com,ap.lijit.com,request,2.6-202606,openrtb.field.undefined,error,imp[0].adunitcode,3.2.4
p000194,haberler.com,ap.lijit.com,request,2.6-202606,openrtb.field.undefined,error,imp[0].adunitcode,3.2.4
p000195,howlongtobeat.com,ap.lijit.com,request,2.6-202606,openrtb.field.undefined,error,imp[0].adunitcode,3.2.4
p000195,howlongtobeat.com,ap.lijit.com,request,2.6-202606,openrtb.field.undefined,error,imp[1].adunitcode,3.2.4
p000195,howlongtobeat.com,ap.lijit.com,request,2.6-202606,openrtb.field.undefined,error,imp[2].adunitcode,3.2.4
p000195,howlongtobeat.com,ap.lijit.com,request,2.6-202606,openrtb.field.undefined,error,imp[3].adunitcode,3.2.4
p000196,moly.hu,ap.lijit.com,request,2.6-202606,openrtb.field.undefined,error,imp[0].adunitcode,3.2.4
p000196,moly.hu,ap.lijit.com,request,2.6-202606,openrtb.field.undefined,error,imp[1].adunitcode,3.2.4
p000196,moly.hu,ap.lijit.com,request,2.6-202606,openrtb.field.undefined,error,imp[2].adunitcode,3.2.4
p000196,moly.hu,ap.lijit.com,request,2.6-202606,openrtb.field.undefined,error,imp[3].adunitcode,3.2.4
p000196,moly.hu,ap.lijit.com,request,2.6-202606,openrtb.field.undefined,error,imp[4].adunitcode,3.2.4
p000196,moly.hu,ap.lijit.com,request,2.6-202606,openrtb.field.undefined,error,imp[5].adunitcode,3.2.4
p000196,moly.hu,ap.lijit.com,request,2.6-202606,openrtb.field.undefined,error,imp[6].adunitcode,3.2.4
p000196,moly.hu,ap.lijit.com,request,2.6-202606,openrtb.field.undefined,error,imp[7].adunitcode,3.2.4
p000196,moly.hu,ap.lijit.com,request,2.6-202606,openrtb.field.undefined,error,imp[8].adunitcode,3.2.4
p000196,moly.hu,ap.lijit.com,request,2.6-202606,openrtb.field.undefined,error,imp[9].adunitcode,3.2.4
p000196,moly.hu,ap.lijit.com,request,2.6-202606,openrtb.field.moved,error,regs.ext.gdpr,Section 3.2.3
p000197,moly.hu,ap.lijit.com,request,2.6-202606,openrtb.field.undefined,error,imp[0].adunitcode,3.2.4
p000197,moly.hu,ap.lijit.com,request,2.6-202606,openrtb.field.undefined,error,imp[1].adunitcode,3.2.4
p000197,moly.hu,ap.lijit.com,request,2.6-202606,openrtb.field.undefined,error,imp[2].adunitcode,3.2.4
p000197,moly.hu,ap.lijit.com,request,2.6-202606,openrtb.field.undefined,error,imp[3].adunitcode,3.2.4
p000197,moly.hu,ap.lijit.com,request,2.6-202606,openrtb.field.undefined,error,imp[4].adunitcode,3.2.4
p000197,moly.hu,ap.lijit.com,request,2.6-202606,openrtb.field.undefined,error,imp[5].adunitcode,3.2.4
p000197,moly.hu,ap.lijit.com,request,2.6-202606,openrtb.field.undefined,error,imp[6].adunitcode,3.2.4
p000197,moly.hu,ap.lijit.com,request,2.6-202606,openrtb.field.moved,error,regs.ext.gdpr,Section 3.2.3
p000198,mthai.com,ap.lijit.com,request,2.6-202606,openrtb.field.undefined,error,imp[0].adunitcode,3.2.4
p000199,mthai.com,ap.lijit.com,request,2.6-202606,openrtb.field.undefined,error,imp[0].adunitcode,3.2.4
p000200,mthai.com,ap.lijit.com,request,2.6-202606,openrtb.field.undefined,error,imp[0].adunitcode,3.2.4
p000201,mthai.com,ap.lijit.com,request,2.6-202606,openrtb.field.undefined,error,imp[0].adunitcode,3.2.4
p000202,myjoyonline.com,ap.lijit.com,request,2.6-202606,openrtb.field.undefined,error,imp[0].adunitcode,3.2.4
p000202,myjoyonline.com,ap.lijit.com,request,2.6-202606,openrtb.field.moved,error,regs.ext.gdpr,Section 3.2.3
p000203,nationaltoday.com,ap.lijit.com,request,2.6-202606,openrtb.field.undefined,error,imp[0].adunitcode,3.2.4
p000203,nationaltoday.com,ap.lijit.com,request,2.6-202606,openrtb.field.undefined,error,imp[1].adunitcode,3.2.4
p000203,nationaltoday.com,ap.lijit.com,request,2.6-202606,openrtb.field.undefined,error,imp[2].adunitcode,3.2.4
p000203,nationaltoday.com,ap.lijit.com,request,2.6-202606,openrtb.field.undefined,error,imp[3].adunitcode,3.2.4
p000203,nationaltoday.com,ap.lijit.com,request,2.6-202606,openrtb.field.undefined,error,imp[4].adunitcode,3.2.4
p000203,nationaltoday.com,ap.lijit.com,request,2.6-202606,openrtb.field.undefined,error,imp[5].adunitcode,3.2.4
p000203,nationaltoday.com,ap.lijit.com,request,2.6-202606,openrtb.field.undefined,error,imp[6].adunitcode,3.2.4
p000203,nationaltoday.com,ap.lijit.com,request,2.6-202606,openrtb.field.undefined,error,imp[7].adunitcode,3.2.4
p000203,nationaltoday.com,ap.lijit.com,request,2.6-202606,openrtb.field.undefined,error,imp[8].adunitcode,3.2.4
p000203,nationaltoday.com,ap.lijit.com,request,2.6-202606,openrtb.field.undefined,error,imp[9].adunitcode,3.2.4
p000203,nationaltoday.com,ap.lijit.com,request,2.6-202606,openrtb.field.undefined,error,imp[10].adunitcode,3.2.4
p000203,nationaltoday.com,ap.lijit.com,request,2.6-202606,openrtb.field.undefined,error,imp[11].adunitcode,3.2.4
p000203,nationaltoday.com,ap.lijit.com,request,2.6-202606,openrtb.field.undefined,error,imp[12].adunitcode,3.2.4
p000203,nationaltoday.com,ap.lijit.com,request,2.6-202606,openrtb.field.moved,error,regs.ext.gdpr,Section 3.2.3
p000204,nationaltoday.com,ap.lijit.com,request,2.6-202606,openrtb.field.undefined,error,imp[0].adunitcode,3.2.4
p000204,nationaltoday.com,ap.lijit.com,request,2.6-202606,openrtb.field.undefined,error,imp[1].adunitcode,3.2.4
p000204,nationaltoday.com,ap.lijit.com,request,2.6-202606,openrtb.field.undefined,error,imp[2].adunitcode,3.2.4
p000204,nationaltoday.com,ap.lijit.com,request,2.6-202606,openrtb.field.moved,error,regs.ext.gdpr,Section 3.2.3
p000205,nationaltoday.com,ap.lijit.com,request,2.6-202606,openrtb.field.undefined,error,imp[0].adunitcode,3.2.4
p000205,nationaltoday.com,ap.lijit.com,request,2.6-202606,openrtb.field.undefined,error,imp[1].adunitcode,3.2.4
p000205,nationaltoday.com,ap.lijit.com,request,2.6-202606,openrtb.field.undefined,error,imp[2].adunitcode,3.2.4
p000205,nationaltoday.com,ap.lijit.com,request,2.6-202606,openrtb.field.undefined,error,imp[3].adunitcode,3.2.4
p000205,nationaltoday.com,ap.lijit.com,request,2.6-202606,openrtb.field.undefined,error,imp[4].adunitcode,3.2.4
p000205,nationaltoday.com,ap.lijit.com,request,2.6-202606,openrtb.field.undefined,error,imp[5].adunitcode,3.2.4
p000205,nationaltoday.com,ap.lijit.com,request,2.6-202606,openrtb.field.undefined,error,imp[6].adunitcode,3.2.4
p000205,nationaltoday.com,ap.lijit.com,request,2.6-202606,openrtb.field.undefined,error,imp[7].adunitcode,3.2.4
p000205,nationaltoday.com,ap.lijit.com,request,2.6-202606,openrtb.field.undefined,error,imp[8].adunitcode,3.2.4
p000205,nationaltoday.com,ap.lijit.com,request,2.6-202606,openrtb.field.undefined,error,imp[9].adunitcode,3.2.4
p000205,nationaltoday.com,ap.lijit.com,request,2.6-202606,openrtb.field.moved,error,regs.ext.gdpr,Section 3.2.3
p000206,nationaltoday.com,ap.lijit.com,request,2.6-202606,openrtb.field.undefined,error,imp[0].adunitcode,3.2.4
p000206,nationaltoday.com,ap.lijit.com,request,2.6-202606,openrtb.field.undefined,error,imp[1].adunitcode,3.2.4
p000206,nationaltoday.com,ap.lijit.com,request,2.6-202606,openrtb.field.undefined,error,imp[2].adunitcode,3.2.4
p000206,nationaltoday.com,ap.lijit.com,request,2.6-202606,openrtb.field.moved,error,regs.ext.gdpr,Section 3.2.3
p000207,nesn.com,ap.lijit.com,request,2.6-202606,openrtb.field.undefined,error,imp[0].adunitcode,3.2.4
p000208,nesn.com,ap.lijit.com,request,2.6-202606,openrtb.field.undefined,error,imp[0].adunitcode,3.2.4
p000209,nesn.com,ap.lijit.com,request,2.6-202606,openrtb.field.undefined,error,imp[0].adunitcode,3.2.4
p000209,nesn.com,ap.lijit.com,request,2.6-202606,openrtb.field.undefined,error,imp[1].adunitcode,3.2.4
p000209,nesn.com,ap.lijit.com,request,2.6-202606,openrtb.field.undefined,error,imp[2].adunitcode,3.2.4
p000210,sozcu.com.tr,ap.lijit.com,request,2.6-202606,openrtb.field.undefined,error,imp[0].adunitcode,3.2.4
p000210,sozcu.com.tr,ap.lijit.com,request,2.6-202606,openrtb.field.deprecated,warning,imp[0].video.placement,Section 3.2.7
p000211,teletica.com,ap.lijit.com,request,2.6-202606,openrtb.field.undefined,error,imp[0].adunitcode,3.2.4
p000211,teletica.com,ap.lijit.com,request,2.6-202606,openrtb.field.moved,error,regs.ext.gdpr,Section 3.2.3
p000211,teletica.com,ap.lijit.com,request,2.6-202606,openrtb.field.moved,error,user.ext.consent,Section 3.2.20
p000212,teletica.com,ap.lijit.com,request,2.6-202606,openrtb.field.undefined,error,imp[0].adunitcode,3.2.4
p000212,teletica.com,ap.lijit.com,request,2.6-202606,openrtb.field.moved,error,regs.ext.gdpr,Section 3.2.3
p000212,teletica.com,ap.lijit.com,request,2.6-202606,openrtb.field.moved,error,user.ext.consent,Section 3.2.20
p000213,teletica.com,ap.lijit.com,request,2.6-202606,openrtb.field.undefined,error,imp[0].adunitcode,3.2.4
p000213,teletica.com,ap.lijit.com,request,2.6-202606,openrtb.field.moved,error,regs.ext.gdpr,Section 3.2.3
p000213,teletica.com,ap.lijit.com,request,2.6-202606,openrtb.field.moved,error,user.ext.consent,Section 3.2.20
p000214,teletica.com,ap.lijit.com,request,2.6-202606,openrtb.field.undefined,error,imp[0].adunitcode,3.2.4
p000214,teletica.com,ap.lijit.com,request,2.6-202606,openrtb.field.moved,error,regs.ext.gdpr,Section 3.2.3
p000214,teletica.com,ap.lijit.com,request,2.6-202606,openrtb.field.moved,error,user.ext.consent,Section 3.2.20
p000215,upi.com,ap.lijit.com,request,2.6-202606,openrtb.field.undefined,error,imp[0].adunitcode,3.2.4
p000215,upi.com,ap.lijit.com,request,2.6-202606,openrtb.field.undefined,error,imp[1].adunitcode,3.2.4
p000215,upi.com,ap.lijit.com,request,2.6-202606,openrtb.field.undefined,error,imp[2].adunitcode,3.2.4
p000215,upi.com,ap.lijit.com,request,2.6-202606,openrtb.field.undefined,error,imp[3].adunitcode,3.2.4
p000215,upi.com,ap.lijit.com,request,2.6-202606,openrtb.field.undefined,error,imp[4].adunitcode,3.2.4
p000215,upi.com,ap.lijit.com,request,2.6-202606,openrtb.field.undefined,error,imp[5].adunitcode,3.2.4
p000215,upi.com,ap.lijit.com,request,2.6-202606,openrtb.field.undefined,error,imp[6].adunitcode,3.2.4
p000216,upi.com,ap.lijit.com,request,2.6-202606,openrtb.field.undefined,error,imp[0].adunitcode,3.2.4
p000217,upi.com,ap.lijit.com,request,2.6-202606,openrtb.field.undefined,error,imp[0].adunitcode,3.2.4
p000218,upi.com,ap.lijit.com,request,2.6-202606,openrtb.field.undefined,error,imp[0].adunitcode,3.2.4
p000219,urbandictionary.com,ap.lijit.com,request,2.6-202606,openrtb.field.undefined,error,imp[0].adunitcode,3.2.4
p000219,urbandictionary.com,ap.lijit.com,request,2.6-202606,openrtb.field.undefined,error,imp[1].adunitcode,3.2.4
p000219,urbandictionary.com,ap.lijit.com,request,2.6-202606,openrtb.field.undefined,error,imp[2].adunitcode,3.2.4
p000220,urbandictionary.com,ap.lijit.com,request,2.6-202606,openrtb.field.undefined,error,imp[0].adunitcode,3.2.4
p000221,urbandictionary.com,ap.lijit.com,request,2.6-202606,openrtb.field.undefined,error,imp[0].adunitcode,3.2.4
p000222,upi.com,ap.lijit.com,request,2.6-202606,openrtb.field.undefined,error,imp[0].adunitcode,3.2.4
p000222,upi.com,ap.lijit.com,request,2.6-202606,openrtb.field.undefined,error,imp[1].adunitcode,3.2.4
p000222,upi.com,ap.lijit.com,request,2.6-202606,openrtb.field.undefined,error,imp[2].adunitcode,3.2.4
p000222,upi.com,ap.lijit.com,request,2.6-202606,openrtb.field.undefined,error,imp[3].adunitcode,3.2.4
p000223,zeldadungeon.net,ap.lijit.com,request,2.6-202606,openrtb.field.undefined,error,imp[0].adunitcode,3.2.4
p000223,zeldadungeon.net,ap.lijit.com,request,2.6-202606,openrtb.field.moved,error,regs.ext.gdpr,Section 3.2.3
p000239,oneindia.com,api.w.inmobi.com,request,2.6-202606,openrtb.field.undefined,error,user.interests,3.2.20
p000240,oneindia.com,api.w.inmobi.com,request,2.6-202606,openrtb.field.undefined,error,user.interests,3.2.20
p000241,oneindia.com,api.w.inmobi.com,request,2.6-202606,openrtb.field.undefined,error,user.interests,3.2.20
p000242,oneindia.com,api.w.inmobi.com,request,2.6-202606,openrtb.field.undefined,error,user.interests,3.2.20
p000247,socialblade.com,api.w.inmobi.com,request,2.6-202606,openrtb.field.undefined,error,imp[0].battr,3.2.4
p000247,socialblade.com,api.w.inmobi.com,request,2.6-202606,openrtb.field.undefined,error,imp[1].battr,3.2.4
p000247,socialblade.com,api.w.inmobi.com,request,2.6-202606,openrtb.field.undefined,error,imp[2].battr,3.2.4
p000247,socialblade.com,api.w.inmobi.com,request,2.6-202606,openrtb.field.undefined,error,imp[3].battr,3.2.4
p000247,socialblade.com,api.w.inmobi.com,request,2.6-202606,openrtb.field.undefined,error,imp[4].battr,3.2.4
p000247,socialblade.com,api.w.inmobi.com,request,2.6-202606,openrtb.field.undefined,error,imp[5].battr,3.2.4
p000247,socialblade.com,api.w.inmobi.com,request,2.6-202606,openrtb.field.undefined,error,imp[6].battr,3.2.4
p000247,socialblade.com,api.w.inmobi.com,request,2.6-202606,openrtb.field.deprecated,warning,imp[6].video.placement,Section 3.2.7
p000247,socialblade.com,api.w.inmobi.com,request,2.6-202606,openrtb.value.invalid,error,imp[6].video.skip,3.2.7
p000251,vice.com,api.w.inmobi.com,request,2.6-202606,openrtb.field.undefined,error,imp[0].battr,3.2.4
p000251,vice.com,api.w.inmobi.com,request,2.6-202606,openrtb.field.undefined,error,imp[1].battr,3.2.4
p000251,vice.com,api.w.inmobi.com,request,2.6-202606,openrtb.field.undefined,error,imp[2].battr,3.2.4
p000252,vice.com,api.w.inmobi.com,request,2.6-202606,openrtb.field.undefined,error,imp[0].battr,3.2.4
p000252,vice.com,api.w.inmobi.com,request,2.6-202606,openrtb.field.undefined,error,imp[1].battr,3.2.4
p000256,tio.ch,app.readpeak.com,request,2.5,openrtb.field.undefined,error,imp[0].tagId,3.2.4
p000257,tio.ch,app.readpeak.com,request,2.5,openrtb.field.undefined,error,imp[0].tagId,3.2.4
p000258,tio.ch,app.readpeak.com,request,2.5,openrtb.field.undefined,error,imp[0].tagId,3.2.4
p000259,tio.ch,app.readpeak.com,request,2.5,openrtb.field.undefined,error,imp[0].tagId,3.2.4
p000268,montgomeryadvertiser.com,bid.contextweb.com,request,2.6-202606,openrtb.field.deprecated,warning,imp[0].video.placement,Section 3.2.7
p000268,montgomeryadvertiser.com,bid.contextweb.com,request,2.6-202606,openrtb.value.invalid,error,imp[0].video.skip,3.2.7
p000269,montgomeryadvertiser.com,bid.contextweb.com,request,2.6-202606,openrtb.field.deprecated,warning,imp[0].video.placement,Section 3.2.7
p000269,montgomeryadvertiser.com,bid.contextweb.com,request,2.6-202606,openrtb.value.invalid,error,imp[0].video.skip,3.2.7
p000270,nesn.com,bid.contextweb.com,request,2.6-202606,openrtb.field.deprecated,warning,imp[0].video.placement,Section 3.2.7
p000270,nesn.com,bid.contextweb.com,request,2.6-202606,openrtb.value.invalid,error,imp[0].video.skip,3.2.7
p000271,nesn.com,bid.contextweb.com,request,2.6-202606,openrtb.field.deprecated,warning,imp[0].video.placement,Section 3.2.7
p000271,nesn.com,bid.contextweb.com,request,2.6-202606,openrtb.value.invalid,error,imp[0].video.skip,3.2.7
p000272,nesn.com,bid.contextweb.com,request,2.6-202606,openrtb.field.deprecated,warning,imp[0].video.placement,Section 3.2.7
p000272,nesn.com,bid.contextweb.com,request,2.6-202606,openrtb.value.invalid,error,imp[0].video.skip,3.2.7
p000285,cornucopia.se,bid.sparteo.com,request,2.6-202606,openrtb.field.moved,error,regs.ext.gdpr,Section 3.2.3
p000286,cornucopia.se,bid.sparteo.com,request,2.6-202606,openrtb.field.moved,error,regs.ext.gdpr,Section 3.2.3
p000287,falstaff.com,bid.sparteo.com,request,2.6-202606,openrtb.field.moved,error,regs.ext.gdpr,Section 3.2.3
p000303,vivitusuerte.com,bid.sparteo.com,request,2.6-202606,openrtb.field.moved,error,regs.ext.gdpr,Section 3.2.3
p000305,chl.ca,bid.sparteo.com,response,2.6-202606,openrtb.response.seatbid_or_nbr.required,error,seatbid,4.2.1
p000306,chl.ca,bid.sparteo.com,response,2.6-202606,openrtb.response.seatbid_or_nbr.required,error,seatbid,4.2.1
p000307,cityam.com,bid.sparteo.com,response,2.6-202606,openrtb.response.seatbid_or_nbr.required,error,seatbid,4.2.1
p000308,cityam.com,bid.sparteo.com,response,2.6-202606,openrtb.response.seatbid_or_nbr.required,error,seatbid,4.2.1
p000309,cityam.com,bid.sparteo.com,response,2.6-202606,openrtb.response.seatbid_or_nbr.required,error,seatbid,4.2.1
p000310,cityam.com,bid.sparteo.com,response,2.6-202606,openrtb.response.seatbid_or_nbr.required,error,seatbid,4.2.1
p000311,cityam.com,bid.sparteo.com,response,2.6-202606,openrtb.response.seatbid_or_nbr.required,error,seatbid,4.2.1
p000312,cityam.com,bid.sparteo.com,response,2.6-202606,openrtb.response.seatbid_or_nbr.required,error,seatbid,4.2.1
p000313,cityam.com,bid.sparteo.com,response,2.6-202606,openrtb.response.seatbid_or_nbr.required,error,seatbid,4.2.1
p000314,cityam.com,bid.sparteo.com,response,2.6-202606,openrtb.response.seatbid_or_nbr.required,error,seatbid,4.2.1
p000315,cityam.com,bid.sparteo.com,response,2.6-202606,openrtb.response.seatbid_or_nbr.required,error,seatbid,4.2.1
p000316,cityam.com,bid.sparteo.com,response,2.6-202606,openrtb.response.seatbid_or_nbr.required,error,seatbid,4.2.1
p000317,cornucopia.se,bid.sparteo.com,response,2.6-202606,openrtb.response.seatbid_or_nbr.required,error,seatbid,4.2.1
p000318,cornucopia.se,bid.sparteo.com,response,2.6-202606,openrtb.response.seatbid_or_nbr.required,error,seatbid,4.2.1
p000319,falstaff.com,bid.sparteo.com,response,2.6-202606,openrtb.bid.mtype_missing,warning,seatbid[0].bid[0].mtype,4.2.3
p000320,haberler.com,bid.sparteo.com,response,2.6-202606,openrtb.response.seatbid_or_nbr.required,error,seatbid,4.2.1
p000321,haberler.com,bid.sparteo.com,response,2.6-202606,openrtb.response.seatbid_or_nbr.required,error,seatbid,4.2.1
p000322,mthai.com,bid.sparteo.com,response,2.6-202606,openrtb.response.seatbid_or_nbr.required,error,seatbid,4.2.1
p000323,mthai.com,bid.sparteo.com,response,2.6-202606,openrtb.response.seatbid_or_nbr.required,error,seatbid,4.2.1
p000324,philstar.com,bid.sparteo.com,response,2.6-202606,openrtb.response.seatbid_or_nbr.required,error,seatbid,4.2.1
p000325,philstar.com,bid.sparteo.com,response,2.6-202606,openrtb.response.seatbid_or_nbr.required,error,seatbid,4.2.1
p000326,realtimetrains.co.uk,bid.sparteo.com,response,2.6-202606,openrtb.response.seatbid_or_nbr.required,error,seatbid,4.2.1
p000327,realtimetrains.co.uk,bid.sparteo.com,response,2.6-202606,openrtb.response.seatbid_or_nbr.required,error,seatbid,4.2.1
p000328,rediff.com,bid.sparteo.com,response,2.6-202606,openrtb.response.seatbid_or_nbr.required,error,seatbid,4.2.1
p000329,rediff.com,bid.sparteo.com,response,2.6-202606,openrtb.response.seatbid_or_nbr.required,error,seatbid,4.2.1
p000330,vietstock.vn,bid.sparteo.com,response,2.6-202606,openrtb.response.seatbid_or_nbr.required,error,seatbid,4.2.1
p000331,vietstock.vn,bid.sparteo.com,response,2.6-202606,openrtb.response.seatbid_or_nbr.required,error,seatbid,4.2.1
p000332,vivitusuerte.com,bid.sparteo.com,response,2.6-202606,openrtb.response.seatbid_or_nbr.required,error,seatbid,4.2.1
p000333,vivitusuerte.com,bid.sparteo.com,response,2.6-202606,openrtb.response.seatbid_or_nbr.required,error,seatbid,4.2.1
p000334,vivitusuerte.com,bid.sparteo.com,response,2.6-202606,openrtb.response.seatbid_or_nbr.required,error,seatbid,4.2.1
p000335,barcablaugranes.com,btlr.sharethrough.com,request,2.6-202606,openrtb.type.mismatch,error,site.ref,3.2.13
p000336,barcablaugranes.com,btlr.sharethrough.com,request,2.6-202606,openrtb.type.mismatch,error,site.ref,3.2.13
p000337,barcablaugranes.com,btlr.sharethrough.com,request,2.6-202606,openrtb.type.mismatch,error,site.ref,3.2.13
p000338,barcablaugranes.com,btlr.sharethrough.com,request,2.6-202606,openrtb.type.mismatch,error,site.ref,3.2.13
p000339,barcablaugranes.com,btlr.sharethrough.com,request,2.6-202606,openrtb.type.mismatch,error,site.ref,3.2.13
p000340,barcablaugranes.com,btlr.sharethrough.com,request,2.6-202606,openrtb.type.mismatch,error,site.ref,3.2.13
p000341,barcablaugranes.com,btlr.sharethrough.com,request,2.6-202606,openrtb.type.mismatch,error,site.ref,3.2.13
p000342,barcablaugranes.com,btlr.sharethrough.com,request,2.6-202606,openrtb.type.mismatch,error,site.ref,3.2.13
p000343,barcablaugranes.com,btlr.sharethrough.com,request,2.6-202606,openrtb.type.mismatch,error,site.ref,3.2.13
p000344,barcablaugranes.com,btlr.sharethrough.com,request,2.6-202606,openrtb.type.mismatch,error,site.ref,3.2.13
p000345,barcablaugranes.com,btlr.sharethrough.com,request,2.6-202606,openrtb.type.mismatch,error,site.ref,3.2.13
p000346,barcablaugranes.com,btlr.sharethrough.com,request,2.6-202606,openrtb.type.mismatch,error,site.ref,3.2.13
p000347,barcablaugranes.com,btlr.sharethrough.com,request,2.6-202606,openrtb.type.mismatch,error,site.ref,3.2.13
p000348,barcablaugranes.com,btlr.sharethrough.com,request,2.6-202606,openrtb.type.mismatch,error,site.ref,3.2.13
p000349,coindesk.com,btlr.sharethrough.com,request,2.6-202606,openrtb.type.mismatch,error,site.ref,3.2.13
p000350,coindesk.com,btlr.sharethrough.com,request,2.6-202606,openrtb.type.mismatch,error,site.ref,3.2.13
p000351,coindesk.com,btlr.sharethrough.com,request,2.6-202606,openrtb.type.mismatch,error,site.ref,3.2.13
p000352,coindesk.com,btlr.sharethrough.com,request,2.6-202606,openrtb.type.mismatch,error,site.ref,3.2.13
p000353,coindesk.com,btlr.sharethrough.com,request,2.6-202606,openrtb.type.mismatch,error,site.ref,3.2.13
p000354,coindesk.com,btlr.sharethrough.com,request,2.6-202606,openrtb.type.mismatch,error,site.ref,3.2.13
p000355,coindesk.com,btlr.sharethrough.com,request,2.6-202606,openrtb.type.mismatch,error,site.ref,3.2.13
p000356,coindesk.com,btlr.sharethrough.com,request,2.6-202606,openrtb.type.mismatch,error,site.ref,3.2.13
p000357,coindesk.com,btlr.sharethrough.com,request,2.6-202606,openrtb.type.mismatch,error,site.ref,3.2.13
p000358,coindesk.com,btlr.sharethrough.com,request,2.6-202606,openrtb.type.mismatch,error,site.ref,3.2.13
p000359,cupofjo.com,btlr.sharethrough.com,request,2.6-202606,openrtb.type.mismatch,error,site.ref,3.2.13
p000360,cupofjo.com,btlr.sharethrough.com,request,2.6-202606,openrtb.type.mismatch,error,site.ref,3.2.13
p000361,cupofjo.com,btlr.sharethrough.com,request,2.6-202606,openrtb.type.mismatch,error,site.ref,3.2.13
p000362,cupofjo.com,btlr.sharethrough.com,request,2.6-202606,openrtb.type.mismatch,error,site.ref,3.2.13
p000363,cupofjo.com,btlr.sharethrough.com,request,2.6-202606,openrtb.field.deprecated,warning,imp[0].video.placement,Section 3.2.7
p000363,cupofjo.com,btlr.sharethrough.com,request,2.6-202606,openrtb.field.undefined,error,imp[0].video.topframe,3.2.7
p000363,cupofjo.com,btlr.sharethrough.com,request,2.6-202606,openrtb.type.mismatch,error,site.ref,3.2.13
p000364,cupofjo.com,btlr.sharethrough.com,request,2.6-202606,openrtb.field.deprecated,warning,imp[0].video.placement,Section 3.2.7
p000364,cupofjo.com,btlr.sharethrough.com,request,2.6-202606,openrtb.field.undefined,error,imp[0].video.topframe,3.2.7
p000364,cupofjo.com,btlr.sharethrough.com,request,2.6-202606,openrtb.type.mismatch,error,site.ref,3.2.13
p000365,dailykos.com,btlr.sharethrough.com,request,2.6-202606,openrtb.type.mismatch,error,site.ref,3.2.13
p000366,dailykos.com,btlr.sharethrough.com,request,2.6-202606,openrtb.type.mismatch,error,site.ref,3.2.13
p000367,dailykos.com,btlr.sharethrough.com,request,2.6-202606,openrtb.type.mismatch,error,site.ref,3.2.13
p000368,dailykos.com,btlr.sharethrough.com,request,2.6-202606,openrtb.type.mismatch,error,site.ref,3.2.13
p000369,dailykos.com,btlr.sharethrough.com,request,2.6-202606,openrtb.type.mismatch,error,site.ref,3.2.13
p000370,dailykos.com,btlr.sharethrough.com,request,2.6-202606,openrtb.type.mismatch,error,site.ref,3.2.13
p000371,dailykos.com,btlr.sharethrough.com,request,2.6-202606,openrtb.type.mismatch,error,site.ref,3.2.13
p000372,dailykos.com,btlr.sharethrough.com,request,2.6-202606,openrtb.type.mismatch,error,site.ref,3.2.13
p000373,dailykos.com,btlr.sharethrough.com,request,2.6-202606,openrtb.type.mismatch,error,site.ref,3.2.13
p000374,dailykos.com,btlr.sharethrough.com,request,2.6-202606,openrtb.type.mismatch,error,site.ref,3.2.13
p000375,dailykos.com,btlr.sharethrough.com,request,2.6-202606,openrtb.type.mismatch,error,site.ref,3.2.13
p000376,dailykos.com,btlr.sharethrough.com,request,2.6-202606,openrtb.type.mismatch,error,site.ref,3.2.13
p000377,dailykos.com,btlr.sharethrough.com,request,2.6-202606,openrtb.type.mismatch,error,site.ref,3.2.13
p000378,dailykos.com,btlr.sharethrough.com,request,2.6-202606,openrtb.type.mismatch,error,site.ref,3.2.13
p000379,elespectador.com,btlr.sharethrough.com,request,2.6-202606,openrtb.field.moved,error,regs.ext.gdpr,Section 3.2.3
p000379,elespectador.com,btlr.sharethrough.com,request,2.6-202606,openrtb.type.mismatch,error,site.ref,3.2.13
p000379,elespectador.com,btlr.sharethrough.com,request,2.6-202606,openrtb.field.moved,error,user.ext.consent,Section 3.2.20
p000380,elespectador.com,btlr.sharethrough.com,request,2.6-202606,openrtb.field.deprecated,warning,imp[0].video.placement,Section 3.2.7
p000380,elespectador.com,btlr.sharethrough.com,request,2.6-202606,openrtb.field.undefined,error,imp[0].video.topframe,3.2.7
p000380,elespectador.com,btlr.sharethrough.com,request,2.6-202606,openrtb.field.moved,error,regs.ext.gdpr,Section 3.2.3
p000380,elespectador.com,btlr.sharethrough.com,request,2.6-202606,openrtb.type.mismatch,error,site.ref,3.2.13
p000380,elespectador.com,btlr.sharethrough.com,request,2.6-202606,openrtb.field.moved,error,user.ext.consent,Section 3.2.20
p000381,elespectador.com,btlr.sharethrough.com,request,2.6-202606,openrtb.field.deprecated,warning,imp[0].video.placement,Section 3.2.7
p000381,elespectador.com,btlr.sharethrough.com,request,2.6-202606,openrtb.field.undefined,error,imp[0].video.topframe,3.2.7
p000381,elespectador.com,btlr.sharethrough.com,request,2.6-202606,openrtb.field.moved,error,regs.ext.gdpr,Section 3.2.3
p000381,elespectador.com,btlr.sharethrough.com,request,2.6-202606,openrtb.type.mismatch,error,site.ref,3.2.13
p000381,elespectador.com,btlr.sharethrough.com,request,2.6-202606,openrtb.field.moved,error,user.ext.consent,Section 3.2.20
p000382,elespectador.com,btlr.sharethrough.com,request,2.6-202606,openrtb.field.moved,error,regs.ext.gdpr,Section 3.2.3
p000382,elespectador.com,btlr.sharethrough.com,request,2.6-202606,openrtb.type.mismatch,error,site.ref,3.2.13
p000382,elespectador.com,btlr.sharethrough.com,request,2.6-202606,openrtb.field.moved,error,user.ext.consent,Section 3.2.20
p000383,elespectador.com,btlr.sharethrough.com,request,2.6-202606,openrtb.field.deprecated,warning,imp[0].video.placement,Section 3.2.7
p000383,elespectador.com,btlr.sharethrough.com,request,2.6-202606,openrtb.field.undefined,error,imp[0].video.topframe,3.2.7
p000383,elespectador.com,btlr.sharethrough.com,request,2.6-202606,openrtb.field.moved,error,regs.ext.gdpr,Section 3.2.3
p000383,elespectador.com,btlr.sharethrough.com,request,2.6-202606,openrtb.type.mismatch,error,site.ref,3.2.13
p000383,elespectador.com,btlr.sharethrough.com,request,2.6-202606,openrtb.field.moved,error,user.ext.consent,Section 3.2.20
p000384,elespectador.com,btlr.sharethrough.com,request,2.6-202606,openrtb.field.deprecated,warning,imp[0].video.placement,Section 3.2.7
p000384,elespectador.com,btlr.sharethrough.com,request,2.6-202606,openrtb.field.undefined,error,imp[0].video.topframe,3.2.7
p000384,elespectador.com,btlr.sharethrough.com,request,2.6-202606,openrtb.field.moved,error,regs.ext.gdpr,Section 3.2.3
p000384,elespectador.com,btlr.sharethrough.com,request,2.6-202606,openrtb.type.mismatch,error,site.ref,3.2.13
p000384,elespectador.com,btlr.sharethrough.com,request,2.6-202606,openrtb.field.moved,error,user.ext.consent,Section 3.2.20
p000385,elespectador.com,btlr.sharethrough.com,request,2.6-202606,openrtb.field.moved,error,regs.ext.gdpr,Section 3.2.3
p000385,elespectador.com,btlr.sharethrough.com,request,2.6-202606,openrtb.type.mismatch,error,site.ref,3.2.13
p000385,elespectador.com,btlr.sharethrough.com,request,2.6-202606,openrtb.field.moved,error,user.ext.consent,Section 3.2.20
p000386,elespectador.com,btlr.sharethrough.com,request,2.6-202606,openrtb.field.deprecated,warning,imp[0].video.placement,Section 3.2.7
p000386,elespectador.com,btlr.sharethrough.com,request,2.6-202606,openrtb.field.undefined,error,imp[0].video.topframe,3.2.7
p000386,elespectador.com,btlr.sharethrough.com,request,2.6-202606,openrtb.field.moved,error,regs.ext.gdpr,Section 3.2.3
p000386,elespectador.com,btlr.sharethrough.com,request,2.6-202606,openrtb.type.mismatch,error,site.ref,3.2.13
p000386,elespectador.com,btlr.sharethrough.com,request,2.6-202606,openrtb.field.moved,error,user.ext.consent,Section 3.2.20
p000387,elespectador.com,btlr.sharethrough.com,request,2.6-202606,openrtb.field.deprecated,warning,imp[0].video.placement,Section 3.2.7
p000387,elespectador.com,btlr.sharethrough.com,request,2.6-202606,openrtb.field.undefined,error,imp[0].video.topframe,3.2.7
p000387,elespectador.com,btlr.sharethrough.com,request,2.6-202606,openrtb.field.moved,error,regs.ext.gdpr,Section 3.2.3
p000387,elespectador.com,btlr.sharethrough.com,request,2.6-202606,openrtb.type.mismatch,error,site.ref,3.2.13
p000387,elespectador.com,btlr.sharethrough.com,request,2.6-202606,openrtb.field.moved,error,user.ext.consent,Section 3.2.20
p000388,fox11online.com,btlr.sharethrough.com,request,2.6-202606,openrtb.field.deprecated,warning,imp[0].video.placement,Section 3.2.7
p000388,fox11online.com,btlr.sharethrough.com,request,2.6-202606,openrtb.field.undefined,error,imp[0].video.topframe,3.2.7
p000388,fox11online.com,btlr.sharethrough.com,request,2.6-202606,openrtb.field.moved,error,regs.ext.gdpr,Section 3.2.3
p000388,fox11online.com,btlr.sharethrough.com,request,2.6-202606,openrtb.type.mismatch,error,site.ref,3.2.13
p000389,fox11online.com,btlr.sharethrough.com,request,2.6-202606,openrtb.field.moved,error,regs.ext.gdpr,Section 3.2.3
p000389,fox11online.com,btlr.sharethrough.com,request,2.6-202606,openrtb.type.mismatch,error,site.ref,3.2.13
p000390,fox11online.com,btlr.sharethrough.com,request,2.6-202606,openrtb.field.moved,error,regs.ext.gdpr,Section 3.2.3
p000390,fox11online.com,btlr.sharethrough.com,request,2.6-202606,openrtb.type.mismatch,error,site.ref,3.2.13
p000391,fox11online.com,btlr.sharethrough.com,request,2.6-202606,openrtb.field.moved,error,regs.ext.gdpr,Section 3.2.3
p000391,fox11online.com,btlr.sharethrough.com,request,2.6-202606,openrtb.type.mismatch,error,site.ref,3.2.13
p000392,fox11online.com,btlr.sharethrough.com,request,2.6-202606,openrtb.field.moved,error,regs.ext.gdpr,Section 3.2.3
p000392,fox11online.com,btlr.sharethrough.com,request,2.6-202606,openrtb.type.mismatch,error,site.ref,3.2.13
p000393,fox11online.com,btlr.sharethrough.com,request,2.6-202606,openrtb.field.moved,error,regs.ext.gdpr,Section 3.2.3
p000393,fox11online.com,btlr.sharethrough.com,request,2.6-202606,openrtb.type.mismatch,error,site.ref,3.2.13
p000394,fox11online.com,btlr.sharethrough.com,request,2.6-202606,openrtb.field.moved,error,regs.ext.gdpr,Section 3.2.3
p000394,fox11online.com,btlr.sharethrough.com,request,2.6-202606,openrtb.type.mismatch,error,site.ref,3.2.13
p000395,fox11online.com,btlr.sharethrough.com,request,2.6-202606,openrtb.field.moved,error,regs.ext.gdpr,Section 3.2.3
p000395,fox11online.com,btlr.sharethrough.com,request,2.6-202606,openrtb.type.mismatch,error,site.ref,3.2.13
p000396,fox11online.com,btlr.sharethrough.com,request,2.6-202606,openrtb.field.moved,error,regs.ext.gdpr,Section 3.2.3
p000396,fox11online.com,btlr.sharethrough.com,request,2.6-202606,openrtb.type.mismatch,error,site.ref,3.2.13
p000397,fox11online.com,btlr.sharethrough.com,request,2.6-202606,openrtb.field.deprecated,warning,imp[0].video.placement,Section 3.2.7
p000397,fox11online.com,btlr.sharethrough.com,request,2.6-202606,openrtb.field.undefined,error,imp[0].video.topframe,3.2.7
p000397,fox11online.com,btlr.sharethrough.com,request,2.6-202606,openrtb.field.moved,error,regs.ext.gdpr,Section 3.2.3
p000397,fox11online.com,btlr.sharethrough.com,request,2.6-202606,openrtb.type.mismatch,error,site.ref,3.2.13
p000398,fox11online.com,btlr.sharethrough.com,request,2.6-202606,openrtb.field.moved,error,regs.ext.gdpr,Section 3.2.3
p000398,fox11online.com,btlr.sharethrough.com,request,2.6-202606,openrtb.type.mismatch,error,site.ref,3.2.13
p000399,fox11online.com,btlr.sharethrough.com,request,2.6-202606,openrtb.field.moved,error,regs.ext.gdpr,Section 3.2.3
p000399,fox11online.com,btlr.sharethrough.com,request,2.6-202606,openrtb.type.mismatch,error,site.ref,3.2.13
p000400,fox11online.com,btlr.sharethrough.com,request,2.6-202606,openrtb.field.moved,error,regs.ext.gdpr,Section 3.2.3
p000400,fox11online.com,btlr.sharethrough.com,request,2.6-202606,openrtb.type.mismatch,error,site.ref,3.2.13
p000401,fox11online.com,btlr.sharethrough.com,request,2.6-202606,openrtb.type.mismatch,error,site.ref,3.2.13
p000402,fox11online.com,btlr.sharethrough.com,request,2.6-202606,openrtb.type.mismatch,error,site.ref,3.2.13
p000403,fox11online.com,btlr.sharethrough.com,request,2.6-202606,openrtb.type.mismatch,error,site.ref,3.2.13
p000404,halfbakedharvest.com,btlr.sharethrough.com,request,2.6-202606,openrtb.type.mismatch,error,site.ref,3.2.13
p000405,halfbakedharvest.com,btlr.sharethrough.com,request,2.6-202606,openrtb.type.mismatch,error,site.ref,3.2.13
p000406,halfbakedharvest.com,btlr.sharethrough.com,request,2.6-202606,openrtb.field.deprecated,warning,imp[0].video.placement,Section 3.2.7
p000406,halfbakedharvest.com,btlr.sharethrough.com,request,2.6-202606,openrtb.field.undefined,error,imp[0].video.topframe,3.2.7
p000406,halfbakedharvest.com,btlr.sharethrough.com,request,2.6-202606,openrtb.type.mismatch,error,site.ref,3.2.13
p000407,halfbakedharvest.com,btlr.sharethrough.com,request,2.6-202606,openrtb.type.mismatch,error,site.ref,3.2.13
p000408,halfbakedharvest.com,btlr.sharethrough.com,request,2.6-202606,openrtb.field.deprecated,warning,imp[0].video.placement,Section 3.2.7
p000408,halfbakedharvest.com,btlr.sharethrough.com,request,2.6-202606,openrtb.field.undefined,error,imp[0].video.topframe,3.2.7
p000408,halfbakedharvest.com,btlr.sharethrough.com,request,2.6-202606,openrtb.type.mismatch,error,site.ref,3.2.13
p000409,halfbakedharvest.com,btlr.sharethrough.com,request,2.6-202606,openrtb.type.mismatch,error,site.ref,3.2.13
p000410,halfbakedharvest.com,btlr.sharethrough.com,request,2.6-202606,openrtb.type.mismatch,error,site.ref,3.2.13
p000411,halfbakedharvest.com,btlr.sharethrough.com,request,2.6-202606,openrtb.type.mismatch,error,site.ref,3.2.13
p000412,halfbakedharvest.com,btlr.sharethrough.com,request,2.6-202606,openrtb.field.deprecated,warning,imp[0].video.placement,Section 3.2.7
p000412,halfbakedharvest.com,btlr.sharethrough.com,request,2.6-202606,openrtb.field.undefined,error,imp[0].video.topframe,3.2.7
p000412,halfbakedharvest.com,btlr.sharethrough.com,request,2.6-202606,openrtb.type.mismatch,error,site.ref,3.2.13
p000413,halfbakedharvest.com,btlr.sharethrough.com,request,2.6-202606,openrtb.field.deprecated,warning,imp[0].video.placement,Section 3.2.7
p000413,halfbakedharvest.com,btlr.sharethrough.com,request,2.6-202606,openrtb.field.undefined,error,imp[0].video.topframe,3.2.7
p000413,halfbakedharvest.com,btlr.sharethrough.com,request,2.6-202606,openrtb.type.mismatch,error,site.ref,3.2.13
p000414,iheart.com,btlr.sharethrough.com,request,2.6-202606,openrtb.type.mismatch,error,site.ref,3.2.13
p000415,iheart.com,btlr.sharethrough.com,request,2.6-202606,openrtb.field.deprecated,warning,imp[0].video.placement,Section 3.2.7
p000415,iheart.com,btlr.sharethrough.com,request,2.6-202606,openrtb.field.undefined,error,imp[0].video.topframe,3.2.7
p000415,iheart.com,btlr.sharethrough.com,request,2.6-202606,openrtb.type.mismatch,error,site.ref,3.2.13
p000416,iheart.com,btlr.sharethrough.com,request,2.6-202606,openrtb.type.mismatch,error,site.ref,3.2.13
p000417,iheart.com,btlr.sharethrough.com,request,2.6-202606,openrtb.field.deprecated,warning,imp[0].video.placement,Section 3.2.7
p000417,iheart.com,btlr.sharethrough.com,request,2.6-202606,openrtb.field.undefined,error,imp[0].video.topframe,3.2.7
p000417,iheart.com,btlr.sharethrough.com,request,2.6-202606,openrtb.type.mismatch,error,site.ref,3.2.13
p000418,iheart.com,btlr.sharethrough.com,request,2.6-202606,openrtb.type.mismatch,error,site.ref,3.2.13
p000419,mthai.com,btlr.sharethrough.com,request,2.6-202606,openrtb.type.mismatch,error,site.ref,3.2.13
p000420,mthai.com,btlr.sharethrough.com,request,2.6-202606,openrtb.type.mismatch,error,site.ref,3.2.13
p000421,mthai.com,btlr.sharethrough.com,request,2.6-202606,openrtb.type.mismatch,error,site.ref,3.2.13
p000422,mthai.com,btlr.sharethrough.com,request,2.6-202606,openrtb.type.mismatch,error,site.ref,3.2.13
p000423,nesn.com,btlr.sharethrough.com,request,2.6-202606,openrtb.type.mismatch,error,imp[0].bidfloor,3.2.4
p000423,nesn.com,btlr.sharethrough.com,request,2.6-202606,openrtb.type.mismatch,error,site.ref,3.2.13
p000424,nesn.com,btlr.sharethrough.com,request,2.6-202606,openrtb.type.mismatch,error,site.ref,3.2.13
p000425,nesn.com,btlr.sharethrough.com,request,2.6-202606,openrtb.type.mismatch,error,site.ref,3.2.13
p000426,nesn.com,btlr.sharethrough.com,request,2.6-202606,openrtb.type.mismatch,error,imp[0].bidfloor,3.2.4
p000426,nesn.com,btlr.sharethrough.com,request,2.6-202606,openrtb.type.mismatch,error,site.ref,3.2.13
p000427,ranker.com,btlr.sharethrough.com,request,2.6-202606,openrtb.type.mismatch,error,site.ref,3.2.13
p000428,salon.com,btlr.sharethrough.com,request,2.6-202606,openrtb.type.mismatch,error,site.ref,3.2.13
p000429,salon.com,btlr.sharethrough.com,request,2.6-202606,openrtb.type.mismatch,error,site.ref,3.2.13
p000430,socialblade.com,btlr.sharethrough.com,request,2.6-202606,openrtb.type.mismatch,error,site.ref,3.2.13
p000431,socialblade.com,btlr.sharethrough.com,request,2.6-202606,openrtb.type.mismatch,error,site.ref,3.2.13
p000432,socialblade.com,btlr.sharethrough.com,request,2.6-202606,openrtb.type.mismatch,error,site.ref,3.2.13
p000433,socialblade.com,btlr.sharethrough.com,request,2.6-202606,openrtb.type.mismatch,error,site.ref,3.2.13
p000434,socialblade.com,btlr.sharethrough.com,request,2.6-202606,openrtb.type.mismatch,error,site.ref,3.2.13
p000435,socialblade.com,btlr.sharethrough.com,request,2.6-202606,openrtb.type.mismatch,error,site.ref,3.2.13
p000436,socialblade.com,btlr.sharethrough.com,request,2.6-202606,openrtb.field.deprecated,warning,imp[0].video.placement,Section 3.2.7
p000436,socialblade.com,btlr.sharethrough.com,request,2.6-202606,openrtb.field.undefined,error,imp[0].video.topframe,3.2.7
p000436,socialblade.com,btlr.sharethrough.com,request,2.6-202606,openrtb.type.mismatch,error,site.ref,3.2.13
p000437,salon.com,btlr.sharethrough.com,request,2.6-202606,openrtb.type.mismatch,error,site.ref,3.2.13
p000438,salon.com,btlr.sharethrough.com,request,2.6-202606,openrtb.type.mismatch,error,site.ref,3.2.13
p000439,salon.com,btlr.sharethrough.com,request,2.6-202606,openrtb.type.mismatch,error,site.ref,3.2.13
p000440,salon.com,btlr.sharethrough.com,request,2.6-202606,openrtb.field.deprecated,warning,imp[0].video.placement,Section 3.2.7
p000440,salon.com,btlr.sharethrough.com,request,2.6-202606,openrtb.field.undefined,error,imp[0].video.topframe,3.2.7
p000440,salon.com,btlr.sharethrough.com,request,2.6-202606,openrtb.type.mismatch,error,site.ref,3.2.13
p000441,salon.com,btlr.sharethrough.com,request,2.6-202606,openrtb.type.mismatch,error,site.ref,3.2.13
p000442,salon.com,btlr.sharethrough.com,request,2.6-202606,openrtb.field.deprecated,warning,imp[0].video.placement,Section 3.2.7
p000442,salon.com,btlr.sharethrough.com,request,2.6-202606,openrtb.field.undefined,error,imp[0].video.topframe,3.2.7
p000442,salon.com,btlr.sharethrough.com,request,2.6-202606,openrtb.type.mismatch,error,site.ref,3.2.13
p000443,salon.com,btlr.sharethrough.com,request,2.6-202606,openrtb.type.mismatch,error,site.ref,3.2.13
p000444,salon.com,btlr.sharethrough.com,request,2.6-202606,openrtb.field.deprecated,warning,imp[0].video.placement,Section 3.2.7
p000444,salon.com,btlr.sharethrough.com,request,2.6-202606,openrtb.field.undefined,error,imp[0].video.topframe,3.2.7
p000444,salon.com,btlr.sharethrough.com,request,2.6-202606,openrtb.type.mismatch,error,site.ref,3.2.13
p000445,salon.com,btlr.sharethrough.com,request,2.6-202606,openrtb.type.mismatch,error,site.ref,3.2.13
p000446,salon.com,btlr.sharethrough.com,request,2.6-202606,openrtb.type.mismatch,error,site.ref,3.2.13
p000447,salon.com,btlr.sharethrough.com,request,2.6-202606,openrtb.type.mismatch,error,site.ref,3.2.13
p000448,salon.com,btlr.sharethrough.com,request,2.6-202606,openrtb.type.mismatch,error,site.ref,3.2.13
p000449,salon.com,btlr.sharethrough.com,request,2.6-202606,openrtb.type.mismatch,error,site.ref,3.2.13
p000450,salon.com,btlr.sharethrough.com,request,2.6-202606,openrtb.field.deprecated,warning,imp[0].video.placement,Section 3.2.7
p000450,salon.com,btlr.sharethrough.com,request,2.6-202606,openrtb.field.undefined,error,imp[0].video.topframe,3.2.7
p000450,salon.com,btlr.sharethrough.com,request,2.6-202606,openrtb.type.mismatch,error,site.ref,3.2.13
p000451,salon.com,btlr.sharethrough.com,request,2.6-202606,openrtb.type.mismatch,error,site.ref,3.2.13
p000452,salon.com,btlr.sharethrough.com,request,2.6-202606,openrtb.field.deprecated,warning,imp[0].video.placement,Section 3.2.7
p000452,salon.com,btlr.sharethrough.com,request,2.6-202606,openrtb.field.undefined,error,imp[0].video.topframe,3.2.7
p000452,salon.com,btlr.sharethrough.com,request,2.6-202606,openrtb.type.mismatch,error,site.ref,3.2.13
p000453,salon.com,btlr.sharethrough.com,request,2.6-202606,openrtb.field.deprecated,warning,imp[0].video.placement,Section 3.2.7
p000453,salon.com,btlr.sharethrough.com,request,2.6-202606,openrtb.field.undefined,error,imp[0].video.topframe,3.2.7
p000453,salon.com,btlr.sharethrough.com,request,2.6-202606,openrtb.type.mismatch,error,site.ref,3.2.13
p000464,urbandictionary.com,btlr.sharethrough.com,request,2.6-202606,openrtb.type.mismatch,error,site.ref,3.2.13
p000465,urbandictionary.com,btlr.sharethrough.com,request,2.6-202606,openrtb.type.mismatch,error,site.ref,3.2.13
p000466,urbandictionary.com,btlr.sharethrough.com,request,2.6-202606,openrtb.type.mismatch,error,site.ref,3.2.13
p000467,urbandictionary.com,btlr.sharethrough.com,request,2.6-202606,openrtb.type.mismatch,error,site.ref,3.2.13
p000468,urbandictionary.com,btlr.sharethrough.com,request,2.6-202606,openrtb.type.mismatch,error,site.ref,3.2.13
p000477,webdesignerdepot.com,btlr.sharethrough.com,request,2.6-202606,openrtb.type.mismatch,error,site.ref,3.2.13
p000478,webdesignerdepot.com,btlr.sharethrough.com,request,2.6-202606,openrtb.field.deprecated,warning,imp[0].video.placement,Section 3.2.7
p000478,webdesignerdepot.com,btlr.sharethrough.com,request,2.6-202606,openrtb.field.undefined,error,imp[0].video.topframe,3.2.7
p000478,webdesignerdepot.com,btlr.sharethrough.com,request,2.6-202606,openrtb.type.mismatch,error,site.ref,3.2.13
p000479,webdesignerdepot.com,btlr.sharethrough.com,request,2.6-202606,openrtb.type.mismatch,error,site.ref,3.2.13
p000480,webdesignerdepot.com,btlr.sharethrough.com,request,2.6-202606,openrtb.field.deprecated,warning,imp[0].video.placement,Section 3.2.7
p000480,webdesignerdepot.com,btlr.sharethrough.com,request,2.6-202606,openrtb.field.undefined,error,imp[0].video.topframe,3.2.7
p000480,webdesignerdepot.com,btlr.sharethrough.com,request,2.6-202606,openrtb.type.mismatch,error,site.ref,3.2.13
p000481,webdesignerdepot.com,btlr.sharethrough.com,request,2.6-202606,openrtb.type.mismatch,error,site.ref,3.2.13
p000482,webdesignerdepot.com,btlr.sharethrough.com,request,2.6-202606,openrtb.field.deprecated,warning,imp[0].video.placement,Section 3.2.7
p000482,webdesignerdepot.com,btlr.sharethrough.com,request,2.6-202606,openrtb.field.undefined,error,imp[0].video.topframe,3.2.7
p000482,webdesignerdepot.com,btlr.sharethrough.com,request,2.6-202606,openrtb.type.mismatch,error,site.ref,3.2.13
p000483,webdesignerdepot.com,btlr.sharethrough.com,request,2.6-202606,openrtb.type.mismatch,error,site.ref,3.2.13
p000484,webdesignerdepot.com,btlr.sharethrough.com,request,2.6-202606,openrtb.type.mismatch,error,site.ref,3.2.13
p000485,webdesignerdepot.com,btlr.sharethrough.com,request,2.6-202606,openrtb.field.deprecated,warning,imp[0].video.placement,Section 3.2.7
p000485,webdesignerdepot.com,btlr.sharethrough.com,request,2.6-202606,openrtb.field.undefined,error,imp[0].video.topframe,3.2.7
p000485,webdesignerdepot.com,btlr.sharethrough.com,request,2.6-202606,openrtb.type.mismatch,error,site.ref,3.2.13
p000486,webdesignerdepot.com,btlr.sharethrough.com,request,2.6-202606,openrtb.type.mismatch,error,site.ref,3.2.13
p000487,webdesignerdepot.com,btlr.sharethrough.com,request,2.6-202606,openrtb.field.deprecated,warning,imp[0].video.placement,Section 3.2.7
p000487,webdesignerdepot.com,btlr.sharethrough.com,request,2.6-202606,openrtb.field.undefined,error,imp[0].video.topframe,3.2.7
p000487,webdesignerdepot.com,btlr.sharethrough.com,request,2.6-202606,openrtb.type.mismatch,error,site.ref,3.2.13
p000488,webdesignerdepot.com,btlr.sharethrough.com,request,2.6-202606,openrtb.type.mismatch,error,site.ref,3.2.13
p000489,webdesignerdepot.com,btlr.sharethrough.com,request,2.6-202606,openrtb.type.mismatch,error,site.ref,3.2.13
p000490,webdesignerdepot.com,btlr.sharethrough.com,request,2.6-202606,openrtb.type.mismatch,error,site.ref,3.2.13
p000491,webdesignerdepot.com,btlr.sharethrough.com,request,2.6-202606,openrtb.field.deprecated,warning,imp[0].video.placement,Section 3.2.7
p000491,webdesignerdepot.com,btlr.sharethrough.com,request,2.6-202606,openrtb.field.undefined,error,imp[0].video.topframe,3.2.7
p000491,webdesignerdepot.com,btlr.sharethrough.com,request,2.6-202606,openrtb.type.mismatch,error,site.ref,3.2.13
p000492,webdesignerdepot.com,btlr.sharethrough.com,request,2.6-202606,openrtb.field.deprecated,warning,imp[0].video.placement,Section 3.2.7
p000492,webdesignerdepot.com,btlr.sharethrough.com,request,2.6-202606,openrtb.field.undefined,error,imp[0].video.topframe,3.2.7
p000492,webdesignerdepot.com,btlr.sharethrough.com,request,2.6-202606,openrtb.type.mismatch,error,site.ref,3.2.13
p000493,webdesignerdepot.com,btlr.sharethrough.com,request,2.6-202606,openrtb.field.deprecated,warning,imp[0].video.placement,Section 3.2.7
p000493,webdesignerdepot.com,btlr.sharethrough.com,request,2.6-202606,openrtb.field.undefined,error,imp[0].video.topframe,3.2.7
p000493,webdesignerdepot.com,btlr.sharethrough.com,request,2.6-202606,openrtb.type.mismatch,error,site.ref,3.2.13
p000494,webdesignerdepot.com,btlr.sharethrough.com,request,2.6-202606,openrtb.field.deprecated,warning,imp[0].video.placement,Section 3.2.7
p000494,webdesignerdepot.com,btlr.sharethrough.com,request,2.6-202606,openrtb.field.undefined,error,imp[0].video.topframe,3.2.7
p000494,webdesignerdepot.com,btlr.sharethrough.com,request,2.6-202606,openrtb.type.mismatch,error,site.ref,3.2.13
p000495,autoguide.com,c2shb.pubgw.yahoo.com,request,2.6-202606,openrtb.field.moved,error,regs.ext.gdpr,Section 3.2.3
p000496,autoguide.com,c2shb.pubgw.yahoo.com,request,2.6-202606,openrtb.field.moved,error,regs.ext.gdpr,Section 3.2.3
p000497,autoguide.com,c2shb.pubgw.yahoo.com,request,2.6-202606,openrtb.field.moved,error,regs.ext.gdpr,Section 3.2.3
p000498,autoguide.com,c2shb.pubgw.yahoo.com,request,2.6-202606,openrtb.field.moved,error,regs.ext.gdpr,Section 3.2.3
p000499,autoguide.com,c2shb.pubgw.yahoo.com,request,2.6-202606,openrtb.field.moved,error,regs.ext.gdpr,Section 3.2.3
p000500,autoguide.com,c2shb.pubgw.yahoo.com,request,2.6-202606,openrtb.field.moved,error,regs.ext.gdpr,Section 3.2.3
p000501,autoguide.com,c2shb.pubgw.yahoo.com,request,2.6-202606,openrtb.field.moved,error,regs.ext.gdpr,Section 3.2.3
p000502,autoguide.com,c2shb.pubgw.yahoo.com,request,2.6-202606,openrtb.field.moved,error,regs.ext.gdpr,Section 3.2.3
p000503,autoguide.com,c2shb.pubgw.yahoo.com,request,2.6-202606,openrtb.field.moved,error,regs.ext.gdpr,Section 3.2.3
p000504,autoguide.com,c2shb.pubgw.yahoo.com,request,2.6-202606,openrtb.field.moved,error,regs.ext.gdpr,Section 3.2.3
p000505,autoguide.com,c2shb.pubgw.yahoo.com,request,2.6-202606,openrtb.field.moved,error,regs.ext.gdpr,Section 3.2.3
p000506,autoguide.com,c2shb.pubgw.yahoo.com,request,2.6-202606,openrtb.field.moved,error,regs.ext.gdpr,Section 3.2.3
p000507,autoguide.com,c2shb.pubgw.yahoo.com,request,2.6-202606,openrtb.field.moved,error,regs.ext.gdpr,Section 3.2.3
p000508,autoguide.com,c2shb.pubgw.yahoo.com,request,2.6-202606,openrtb.field.moved,error,regs.ext.gdpr,Section 3.2.3
p000509,autoguide.com,c2shb.pubgw.yahoo.com,request,2.6-202606,openrtb.field.moved,error,regs.ext.gdpr,Section 3.2.3
p000510,autoguide.com,c2shb.pubgw.yahoo.com,request,2.6-202606,openrtb.field.moved,error,regs.ext.gdpr,Section 3.2.3
p000511,autoguide.com,c2shb.pubgw.yahoo.com,request,2.6-202606,openrtb.field.moved,error,regs.ext.gdpr,Section 3.2.3
p000512,autoguide.com,c2shb.pubgw.yahoo.com,request,2.6-202606,openrtb.field.moved,error,regs.ext.gdpr,Section 3.2.3
p000513,autoguide.com,c2shb.pubgw.yahoo.com,request,2.6-202606,openrtb.field.moved,error,regs.ext.gdpr,Section 3.2.3
p000514,autoguide.com,c2shb.pubgw.yahoo.com,request,2.6-202606,openrtb.field.moved,error,regs.ext.gdpr,Section 3.2.3
p000515,autoguide.com,c2shb.pubgw.yahoo.com,request,2.6-202606,openrtb.field.moved,error,regs.ext.gdpr,Section 3.2.3
p000516,autoguide.com,c2shb.pubgw.yahoo.com,request,2.6-202606,openrtb.field.moved,error,regs.ext.gdpr,Section 3.2.3
p000517,autoguide.com,c2shb.pubgw.yahoo.com,request,2.6-202606,openrtb.field.moved,error,regs.ext.gdpr,Section 3.2.3
p000518,autoguide.com,c2shb.pubgw.yahoo.com,request,2.6-202606,openrtb.field.moved,error,regs.ext.gdpr,Section 3.2.3
p000519,autoguide.com,c2shb.pubgw.yahoo.com,request,2.6-202606,openrtb.field.moved,error,regs.ext.gdpr,Section 3.2.3
p000520,autoguide.com,c2shb.pubgw.yahoo.com,request,2.6-202606,openrtb.field.moved,error,regs.ext.gdpr,Section 3.2.3
p000521,autoguide.com,c2shb.pubgw.yahoo.com,request,2.6-202606,openrtb.field.moved,error,regs.ext.gdpr,Section 3.2.3
p000522,autoguide.com,c2shb.pubgw.yahoo.com,request,2.6-202606,openrtb.field.moved,error,regs.ext.gdpr,Section 3.2.3
p000523,autoguide.com,c2shb.pubgw.yahoo.com,request,2.6-202606,openrtb.field.moved,error,regs.ext.gdpr,Section 3.2.3
p000524,autoguide.com,c2shb.pubgw.yahoo.com,request,2.6-202606,openrtb.field.moved,error,regs.ext.gdpr,Section 3.2.3
p000525,autoguide.com,c2shb.pubgw.yahoo.com,request,2.6-202606,openrtb.field.moved,error,regs.ext.gdpr,Section 3.2.3
p000526,autoguide.com,c2shb.pubgw.yahoo.com,request,2.6-202606,openrtb.field.moved,error,regs.ext.gdpr,Section 3.2.3
p000527,autoguide.com,c2shb.pubgw.yahoo.com,request,2.6-202606,openrtb.field.moved,error,regs.ext.gdpr,Section 3.2.3
p000528,autoguide.com,c2shb.pubgw.yahoo.com,request,2.6-202606,openrtb.field.moved,error,regs.ext.gdpr,Section 3.2.3
p000529,autoguide.com,c2shb.pubgw.yahoo.com,request,2.6-202606,openrtb.field.moved,error,regs.ext.gdpr,Section 3.2.3
p000530,autoguide.com,c2shb.pubgw.yahoo.com,request,2.6-202606,openrtb.field.moved,error,regs.ext.gdpr,Section 3.2.3
p000531,autoguide.com,c2shb.pubgw.yahoo.com,request,2.6-202606,openrtb.field.moved,error,regs.ext.gdpr,Section 3.2.3
p000532,autoguide.com,c2shb.pubgw.yahoo.com,request,2.6-202606,openrtb.field.moved,error,regs.ext.gdpr,Section 3.2.3
p000533,autoguide.com,c2shb.pubgw.yahoo.com,request,2.6-202606,openrtb.field.moved,error,regs.ext.gdpr,Section 3.2.3
p000534,autoguide.com,c2shb.pubgw.yahoo.com,request,2.6-202606,openrtb.field.moved,error,regs.ext.gdpr,Section 3.2.3
p000535,autoguide.com,c2shb.pubgw.yahoo.com,request,2.6-202606,openrtb.field.moved,error,regs.ext.gdpr,Section 3.2.3
p000536,autoguide.com,c2shb.pubgw.yahoo.com,request,2.6-202606,openrtb.field.moved,error,regs.ext.gdpr,Section 3.2.3
p000537,barcablaugranes.com,c2shb.pubgw.yahoo.com,request,2.6-202606,openrtb.field.moved,error,regs.ext.gdpr,Section 3.2.3
p000537,barcablaugranes.com,c2shb.pubgw.yahoo.com,request,2.6-202606,openrtb.field.moved,error,user.ext.consent,Section 3.2.20
p000538,barcablaugranes.com,c2shb.pubgw.yahoo.com,request,2.6-202606,openrtb.field.moved,error,regs.ext.gdpr,Section 3.2.3
p000538,barcablaugranes.com,c2shb.pubgw.yahoo.com,request,2.6-202606,openrtb.field.moved,error,user.ext.consent,Section 3.2.20
p000539,barcablaugranes.com,c2shb.pubgw.yahoo.com,request,2.6-202606,openrtb.field.moved,error,regs.ext.gdpr,Section 3.2.3
p000539,barcablaugranes.com,c2shb.pubgw.yahoo.com,request,2.6-202606,openrtb.field.moved,error,user.ext.consent,Section 3.2.20
p000540,barcablaugranes.com,c2shb.pubgw.yahoo.com,request,2.6-202606,openrtb.field.moved,error,regs.ext.gdpr,Section 3.2.3
p000540,barcablaugranes.com,c2shb.pubgw.yahoo.com,request,2.6-202606,openrtb.field.moved,error,user.ext.consent,Section 3.2.20
p000541,barcablaugranes.com,c2shb.pubgw.yahoo.com,request,2.6-202606,openrtb.field.moved,error,regs.ext.gdpr,Section 3.2.3
p000541,barcablaugranes.com,c2shb.pubgw.yahoo.com,request,2.6-202606,openrtb.field.moved,error,user.ext.consent,Section 3.2.20
p000542,barcablaugranes.com,c2shb.pubgw.yahoo.com,request,2.6-202606,openrtb.field.moved,error,regs.ext.gdpr,Section 3.2.3
p000542,barcablaugranes.com,c2shb.pubgw.yahoo.com,request,2.6-202606,openrtb.field.moved,error,user.ext.consent,Section 3.2.20
p000543,barcablaugranes.com,c2shb.pubgw.yahoo.com,request,2.6-202606,openrtb.field.moved,error,regs.ext.gdpr,Section 3.2.3
p000543,barcablaugranes.com,c2shb.pubgw.yahoo.com,request,2.6-202606,openrtb.field.moved,error,user.ext.consent,Section 3.2.20
p000544,barcablaugranes.com,c2shb.pubgw.yahoo.com,request,2.6-202606,openrtb.field.moved,error,regs.ext.gdpr,Section 3.2.3
p000544,barcablaugranes.com,c2shb.pubgw.yahoo.com,request,2.6-202606,openrtb.field.moved,error,user.ext.consent,Section 3.2.20
p000545,barcablaugranes.com,c2shb.pubgw.yahoo.com,request,2.6-202606,openrtb.field.moved,error,regs.ext.gdpr,Section 3.2.3
p000545,barcablaugranes.com,c2shb.pubgw.yahoo.com,request,2.6-202606,openrtb.field.moved,error,user.ext.consent,Section 3.2.20
p000546,barcablaugranes.com,c2shb.pubgw.yahoo.com,request,2.6-202606,openrtb.field.moved,error,regs.ext.gdpr,Section 3.2.3
p000546,barcablaugranes.com,c2shb.pubgw.yahoo.com,request,2.6-202606,openrtb.field.moved,error,user.ext.consent,Section 3.2.20
p000547,barcablaugranes.com,c2shb.pubgw.yahoo.com,request,2.6-202606,openrtb.field.moved,error,regs.ext.gdpr,Section 3.2.3
p000547,barcablaugranes.com,c2shb.pubgw.yahoo.com,request,2.6-202606,openrtb.field.moved,error,user.ext.consent,Section 3.2.20
p000548,barcablaugranes.com,c2shb.pubgw.yahoo.com,request,2.6-202606,openrtb.field.moved,error,regs.ext.gdpr,Section 3.2.3
p000548,barcablaugranes.com,c2shb.pubgw.yahoo.com,request,2.6-202606,openrtb.field.moved,error,user.ext.consent,Section 3.2.20
p000549,barcablaugranes.com,c2shb.pubgw.yahoo.com,request,2.6-202606,openrtb.field.moved,error,regs.ext.gdpr,Section 3.2.3
p000549,barcablaugranes.com,c2shb.pubgw.yahoo.com,request,2.6-202606,openrtb.field.moved,error,user.ext.consent,Section 3.2.20
p000550,barcablaugranes.com,c2shb.pubgw.yahoo.com,request,2.6-202606,openrtb.field.moved,error,regs.ext.gdpr,Section 3.2.3
p000550,barcablaugranes.com,c2shb.pubgw.yahoo.com,request,2.6-202606,openrtb.field.moved,error,user.ext.consent,Section 3.2.20
p000551,chicagotribune.com,c2shb.pubgw.yahoo.com,request,2.6-202606,openrtb.field.deprecated,warning,imp[0].video.placement,Section 3.2.7
p000551,chicagotribune.com,c2shb.pubgw.yahoo.com,request,2.6-202606,openrtb.field.moved,error,regs.ext.gdpr,Section 3.2.3
p000551,chicagotribune.com,c2shb.pubgw.yahoo.com,request,2.6-202606,openrtb.field.moved,error,user.ext.consent,Section 3.2.20
p000552,chicagotribune.com,c2shb.pubgw.yahoo.com,request,2.6-202606,openrtb.field.deprecated,warning,imp[0].video.placement,Section 3.2.7
p000552,chicagotribune.com,c2shb.pubgw.yahoo.com,request,2.6-202606,openrtb.field.moved,error,regs.ext.gdpr,Section 3.2.3
p000552,chicagotribune.com,c2shb.pubgw.yahoo.com,request,2.6-202606,openrtb.field.moved,error,user.ext.consent,Section 3.2.20
p000553,chicagotribune.com,c2shb.pubgw.yahoo.com,request,2.6-202606,openrtb.field.deprecated,warning,imp[0].video.placement,Section 3.2.7
p000553,chicagotribune.com,c2shb.pubgw.yahoo.com,request,2.6-202606,openrtb.field.moved,error,regs.ext.gdpr,Section 3.2.3
p000553,chicagotribune.com,c2shb.pubgw.yahoo.com,request,2.6-202606,openrtb.field.moved,error,user.ext.consent,Section 3.2.20
p000554,chicagotribune.com,c2shb.pubgw.yahoo.com,request,2.6-202606,openrtb.field.deprecated,warning,imp[0].video.placement,Section 3.2.7
p000554,chicagotribune.com,c2shb.pubgw.yahoo.com,request,2.6-202606,openrtb.field.moved,error,regs.ext.gdpr,Section 3.2.3
p000554,chicagotribune.com,c2shb.pubgw.yahoo.com,request,2.6-202606,openrtb.field.moved,error,user.ext.consent,Section 3.2.20
p000555,chicagotribune.com,c2shb.pubgw.yahoo.com,request,2.6-202606,openrtb.field.deprecated,warning,imp[0].video.placement,Section 3.2.7
p000555,chicagotribune.com,c2shb.pubgw.yahoo.com,request,2.6-202606,openrtb.field.moved,error,regs.ext.gdpr,Section 3.2.3
p000555,chicagotribune.com,c2shb.pubgw.yahoo.com,request,2.6-202606,openrtb.field.moved,error,user.ext.consent,Section 3.2.20
p000556,cupofjo.com,c2shb.pubgw.yahoo.com,request,2.6-202606,openrtb.field.moved,error,regs.ext.gdpr,Section 3.2.3
p000556,cupofjo.com,c2shb.pubgw.yahoo.com,request,2.6-202606,openrtb.field.moved,error,user.ext.consent,Section 3.2.20
p000557,cupofjo.com,c2shb.pubgw.yahoo.com,request,2.6-202606,openrtb.field.moved,error,regs.ext.gdpr,Section 3.2.3
p000557,cupofjo.com,c2shb.pubgw.yahoo.com,request,2.6-202606,openrtb.field.moved,error,user.ext.consent,Section 3.2.20
p000558,cupofjo.com,c2shb.pubgw.yahoo.com,request,2.6-202606,openrtb.field.moved,error,regs.ext.gdpr,Section 3.2.3
p000558,cupofjo.com,c2shb.pubgw.yahoo.com,request,2.6-202606,openrtb.field.moved,error,user.ext.consent,Section 3.2.20
p000559,cupofjo.com,c2shb.pubgw.yahoo.com,request,2.6-202606,openrtb.field.moved,error,regs.ext.gdpr,Section 3.2.3
p000559,cupofjo.com,c2shb.pubgw.yahoo.com,request,2.6-202606,openrtb.field.moved,error,user.ext.consent,Section 3.2.20
p000560,cupofjo.com,c2shb.pubgw.yahoo.com,request,2.6-202606,openrtb.field.deprecated,warning,imp[0].video.placement,Section 3.2.7
p000560,cupofjo.com,c2shb.pubgw.yahoo.com,request,2.6-202606,openrtb.field.moved,error,regs.ext.gdpr,Section 3.2.3
p000560,cupofjo.com,c2shb.pubgw.yahoo.com,request,2.6-202606,openrtb.field.moved,error,user.ext.consent,Section 3.2.20
p000561,cupofjo.com,c2shb.pubgw.yahoo.com,request,2.6-202606,openrtb.field.deprecated,warning,imp[0].video.placement,Section 3.2.7
p000561,cupofjo.com,c2shb.pubgw.yahoo.com,request,2.6-202606,openrtb.field.moved,error,regs.ext.gdpr,Section 3.2.3
p000561,cupofjo.com,c2shb.pubgw.yahoo.com,request,2.6-202606,openrtb.field.moved,error,user.ext.consent,Section 3.2.20
p000562,fncstatic.com,c2shb.pubgw.yahoo.com,request,2.6-202606,openrtb.field.moved,error,regs.ext.gdpr,Section 3.2.3
p000562,fncstatic.com,c2shb.pubgw.yahoo.com,request,2.6-202606,openrtb.field.moved,error,user.ext.consent,Section 3.2.20
p000563,fncstatic.com,c2shb.pubgw.yahoo.com,request,2.6-202606,openrtb.field.moved,error,regs.ext.gdpr,Section 3.2.3
p000563,fncstatic.com,c2shb.pubgw.yahoo.com,request,2.6-202606,openrtb.field.moved,error,user.ext.consent,Section 3.2.20
p000564,fncstatic.com,c2shb.pubgw.yahoo.com,request,2.6-202606,openrtb.field.moved,error,regs.ext.gdpr,Section 3.2.3
p000564,fncstatic.com,c2shb.pubgw.yahoo.com,request,2.6-202606,openrtb.field.moved,error,user.ext.consent,Section 3.2.20
p000565,fncstatic.com,c2shb.pubgw.yahoo.com,request,2.6-202606,openrtb.field.moved,error,regs.ext.gdpr,Section 3.2.3
p000565,fncstatic.com,c2shb.pubgw.yahoo.com,request,2.6-202606,openrtb.field.moved,error,user.ext.consent,Section 3.2.20
p000566,fncstatic.com,c2shb.pubgw.yahoo.com,request,2.6-202606,openrtb.field.moved,error,regs.ext.gdpr,Section 3.2.3
p000566,fncstatic.com,c2shb.pubgw.yahoo.com,request,2.6-202606,openrtb.field.moved,error,user.ext.consent,Section 3.2.20
p000567,nesn.com,c2shb.pubgw.yahoo.com,request,2.6-202606,openrtb.field.deprecated,warning,imp[0].video.placement,Section 3.2.7
p000567,nesn.com,c2shb.pubgw.yahoo.com,request,2.6-202606,openrtb.field.moved,error,regs.ext.gdpr,Section 3.2.3
p000567,nesn.com,c2shb.pubgw.yahoo.com,request,2.6-202606,openrtb.field.moved,error,user.ext.consent,Section 3.2.20
p000568,nesn.com,c2shb.pubgw.yahoo.com,request,2.6-202606,openrtb.field.deprecated,warning,imp[0].video.placement,Section 3.2.7
p000568,nesn.com,c2shb.pubgw.yahoo.com,request,2.6-202606,openrtb.field.moved,error,regs.ext.gdpr,Section 3.2.3
p000568,nesn.com,c2shb.pubgw.yahoo.com,request,2.6-202606,openrtb.field.moved,error,user.ext.consent,Section 3.2.20
p000569,nesn.com,c2shb.pubgw.yahoo.com,request,2.6-202606,openrtb.field.deprecated,warning,imp[0].video.placement,Section 3.2.7
p000569,nesn.com,c2shb.pubgw.yahoo.com,request,2.6-202606,openrtb.field.moved,error,regs.ext.gdpr,Section 3.2.3
p000569,nesn.com,c2shb.pubgw.yahoo.com,request,2.6-202606,openrtb.field.moved,error,user.ext.consent,Section 3.2.20
p000570,salon.com,c2shb.pubgw.yahoo.com,request,2.6-202606,openrtb.field.moved,error,regs.ext.gdpr,Section 3.2.3
p000570,salon.com,c2shb.pubgw.yahoo.com,request,2.6-202606,openrtb.field.moved,error,user.ext.consent,Section 3.2.20
p000571,salon.com,c2shb.pubgw.yahoo.com,request,2.6-202606,openrtb.field.moved,error,regs.ext.gdpr,Section 3.2.3
p000571,salon.com,c2shb.pubgw.yahoo.com,request,2.6-202606,openrtb.field.moved,error,user.ext.consent,Section 3.2.20
p000572,self.com,c2shb.pubgw.yahoo.com,request,2.6-202606,openrtb.field.moved,error,regs.ext.gdpr,Section 3.2.3
p000572,self.com,c2shb.pubgw.yahoo.com,request,2.6-202606,openrtb.field.moved,error,user.ext.consent,Section 3.2.20
p000573,self.com,c2shb.pubgw.yahoo.com,request,2.6-202606,openrtb.field.moved,error,regs.ext.gdpr,Section 3.2.3
p000573,self.com,c2shb.pubgw.yahoo.com,request,2.6-202606,openrtb.field.moved,error,user.ext.consent,Section 3.2.20
p000574,self.com,c2shb.pubgw.yahoo.com,request,2.6-202606,openrtb.field.moved,error,regs.ext.gdpr,Section 3.2.3
p000574,self.com,c2shb.pubgw.yahoo.com,request,2.6-202606,openrtb.field.moved,error,user.ext.consent,Section 3.2.20
p000575,socialblade.com,c2shb.pubgw.yahoo.com,request,2.6-202606,openrtb.field.undefined,error,imp[0].data,3.2.4
p000576,socialblade.com,c2shb.pubgw.yahoo.com,request,2.6-202606,openrtb.field.undefined,error,imp[0].data,3.2.4
p000577,socialblade.com,c2shb.pubgw.yahoo.com,request,2.6-202606,openrtb.field.undefined,error,imp[0].data,3.2.4
p000578,socialblade.com,c2shb.pubgw.yahoo.com,request,2.6-202606,openrtb.field.undefined,error,imp[0].data,3.2.4
p000579,socialblade.com,c2shb.pubgw.yahoo.com,request,2.6-202606,openrtb.field.undefined,error,imp[0].data,3.2.4
p000580,socialblade.com,c2shb.pubgw.yahoo.com,request,2.6-202606,openrtb.field.undefined,error,imp[0].data,3.2.4
p000581,socialblade.com,c2shb.pubgw.yahoo.com,request,2.6-202606,openrtb.field.undefined,error,imp[0].data,3.2.4
p000581,socialblade.com,c2shb.pubgw.yahoo.com,request,2.6-202606,openrtb.field.deprecated,warning,imp[0].video.placement,Section 3.2.7
p000582,salon.com,c2shb.pubgw.yahoo.com,request,2.6-202606,openrtb.field.moved,error,regs.ext.gdpr,Section 3.2.3
p000582,salon.com,c2shb.pubgw.yahoo.com,request,2.6-202606,openrtb.field.moved,error,user.ext.consent,Section 3.2.20
p000583,salon.com,c2shb.pubgw.yahoo.com,request,2.6-202606,openrtb.field.moved,error,regs.ext.gdpr,Section 3.2.3
p000583,salon.com,c2shb.pubgw.yahoo.com,request,2.6-202606,openrtb.field.moved,error,user.ext.consent,Section 3.2.20
p000584,salon.com,c2shb.pubgw.yahoo.com,request,2.6-202606,openrtb.field.moved,error,regs.ext.gdpr,Section 3.2.3
p000584,salon.com,c2shb.pubgw.yahoo.com,request,2.6-202606,openrtb.field.moved,error,user.ext.consent,Section 3.2.20
p000585,salon.com,c2shb.pubgw.yahoo.com,request,2.6-202606,openrtb.field.deprecated,warning,imp[0].video.placement,Section 3.2.7
p000585,salon.com,c2shb.pubgw.yahoo.com,request,2.6-202606,openrtb.field.moved,error,regs.ext.gdpr,Section 3.2.3
p000585,salon.com,c2shb.pubgw.yahoo.com,request,2.6-202606,openrtb.field.moved,error,user.ext.consent,Section 3.2.20
p000586,salon.com,c2shb.pubgw.yahoo.com,request,2.6-202606,openrtb.field.moved,error,regs.ext.gdpr,Section 3.2.3
p000586,salon.com,c2shb.pubgw.yahoo.com,request,2.6-202606,openrtb.field.moved,error,user.ext.consent,Section 3.2.20
p000587,salon.com,c2shb.pubgw.yahoo.com,request,2.6-202606,openrtb.field.deprecated,warning,imp[0].video.placement,Section 3.2.7
p000587,salon.com,c2shb.pubgw.yahoo.com,request,2.6-202606,openrtb.field.moved,error,regs.ext.gdpr,Section 3.2.3
p000587,salon.com,c2shb.pubgw.yahoo.com,request,2.6-202606,openrtb.field.moved,error,user.ext.consent,Section 3.2.20
p000588,salon.com,c2shb.pubgw.yahoo.com,request,2.6-202606,openrtb.field.moved,error,regs.ext.gdpr,Section 3.2.3
p000588,salon.com,c2shb.pubgw.yahoo.com,request,2.6-202606,openrtb.field.moved,error,user.ext.consent,Section 3.2.20
p000589,salon.com,c2shb.pubgw.yahoo.com,request,2.6-202606,openrtb.field.deprecated,warning,imp[0].video.placement,Section 3.2.7
p000589,salon.com,c2shb.pubgw.yahoo.com,request,2.6-202606,openrtb.field.moved,error,regs.ext.gdpr,Section 3.2.3
p000589,salon.com,c2shb.pubgw.yahoo.com,request,2.6-202606,openrtb.field.moved,error,user.ext.consent,Section 3.2.20
p000590,salon.com,c2shb.pubgw.yahoo.com,request,2.6-202606,openrtb.field.moved,error,regs.ext.gdpr,Section 3.2.3
p000590,salon.com,c2shb.pubgw.yahoo.com,request,2.6-202606,openrtb.field.moved,error,user.ext.consent,Section 3.2.20
p000591,salon.com,c2shb.pubgw.yahoo.com,request,2.6-202606,openrtb.field.moved,error,regs.ext.gdpr,Section 3.2.3
p000591,salon.com,c2shb.pubgw.yahoo.com,request,2.6-202606,openrtb.field.moved,error,user.ext.consent,Section 3.2.20
p000592,salon.com,c2shb.pubgw.yahoo.com,request,2.6-202606,openrtb.field.moved,error,regs.ext.gdpr,Section 3.2.3
p000592,salon.com,c2shb.pubgw.yahoo.com,request,2.6-202606,openrtb.field.moved,error,user.ext.consent,Section 3.2.20
p000593,salon.com,c2shb.pubgw.yahoo.com,request,2.6-202606,openrtb.field.moved,error,regs.ext.gdpr,Section 3.2.3
p000593,salon.com,c2shb.pubgw.yahoo.com,request,2.6-202606,openrtb.field.moved,error,user.ext.consent,Section 3.2.20
p000594,salon.com,c2shb.pubgw.yahoo.com,request,2.6-202606,openrtb.field.moved,error,regs.ext.gdpr,Section 3.2.3
p000594,salon.com,c2shb.pubgw.yahoo.com,request,2.6-202606,openrtb.field.moved,error,user.ext.consent,Section 3.2.20
p000595,salon.com,c2shb.pubgw.yahoo.com,request,2.6-202606,openrtb.field.deprecated,warning,imp[0].video.placement,Section 3.2.7
p000595,salon.com,c2shb.pubgw.yahoo.com,request,2.6-202606,openrtb.field.moved,error,regs.ext.gdpr,Section 3.2.3
p000595,salon.com,c2shb.pubgw.yahoo.com,request,2.6-202606,openrtb.field.moved,error,user.ext.consent,Section 3.2.20
p000596,salon.com,c2shb.pubgw.yahoo.com,request,2.6-202606,openrtb.field.deprecated,warning,imp[0].video.placement,Section 3.2.7
p000596,salon.com,c2shb.pubgw.yahoo.com,request,2.6-202606,openrtb.field.moved,error,regs.ext.gdpr,Section 3.2.3
p000596,salon.com,c2shb.pubgw.yahoo.com,request,2.6-202606,openrtb.field.moved,error,user.ext.consent,Section 3.2.20
p000597,salon.com,c2shb.pubgw.yahoo.com,request,2.6-202606,openrtb.field.moved,error,regs.ext.gdpr,Section 3.2.3
p000597,salon.com,c2shb.pubgw.yahoo.com,request,2.6-202606,openrtb.field.moved,error,user.ext.consent,Section 3.2.20
p000598,salon.com,c2shb.pubgw.yahoo.com,request,2.6-202606,openrtb.field.deprecated,warning,imp[0].video.placement,Section 3.2.7
p000598,salon.com,c2shb.pubgw.yahoo.com,request,2.6-202606,openrtb.field.moved,error,regs.ext.gdpr,Section 3.2.3
p000598,salon.com,c2shb.pubgw.yahoo.com,request,2.6-202606,openrtb.field.moved,error,user.ext.consent,Section 3.2.20
p000599,salon.com,c2shb.pubgw.yahoo.com,request,2.6-202606,openrtb.field.deprecated,warning,imp[0].video.placement,Section 3.2.7
p000599,salon.com,c2shb.pubgw.yahoo.com,request,2.6-202606,openrtb.field.moved,error,regs.ext.gdpr,Section 3.2.3
p000599,salon.com,c2shb.pubgw.yahoo.com,request,2.6-202606,openrtb.field.moved,error,user.ext.consent,Section 3.2.20
p000600,self.com,c2shb.pubgw.yahoo.com,request,2.6-202606,openrtb.field.moved,error,regs.ext.gdpr,Section 3.2.3
p000600,self.com,c2shb.pubgw.yahoo.com,request,2.6-202606,openrtb.field.moved,error,user.ext.consent,Section 3.2.20
p000601,self.com,c2shb.pubgw.yahoo.com,request,2.6-202606,openrtb.field.moved,error,regs.ext.gdpr,Section 3.2.3
p000601,self.com,c2shb.pubgw.yahoo.com,request,2.6-202606,openrtb.field.moved,error,user.ext.consent,Section 3.2.20
p000602,self.com,c2shb.pubgw.yahoo.com,request,2.6-202606,openrtb.field.moved,error,regs.ext.gdpr,Section 3.2.3
p000602,self.com,c2shb.pubgw.yahoo.com,request,2.6-202606,openrtb.field.moved,error,user.ext.consent,Section 3.2.20
p000603,self.com,c2shb.pubgw.yahoo.com,request,2.6-202606,openrtb.field.moved,error,regs.ext.gdpr,Section 3.2.3
p000603,self.com,c2shb.pubgw.yahoo.com,request,2.6-202606,openrtb.field.moved,error,user.ext.consent,Section 3.2.20
p000604,self.com,c2shb.pubgw.yahoo.com,request,2.6-202606,openrtb.field.moved,error,regs.ext.gdpr,Section 3.2.3
p000604,self.com,c2shb.pubgw.yahoo.com,request,2.6-202606,openrtb.field.moved,error,user.ext.consent,Section 3.2.20
p000605,self.com,c2shb.pubgw.yahoo.com,request,2.6-202606,openrtb.field.moved,error,regs.ext.gdpr,Section 3.2.3
p000605,self.com,c2shb.pubgw.yahoo.com,request,2.6-202606,openrtb.field.moved,error,user.ext.consent,Section 3.2.20
p000606,upi.com,c2shb.pubgw.yahoo.com,request,2.6-202606,openrtb.field.undefined,error,imp[0].data,3.2.4
p000606,upi.com,c2shb.pubgw.yahoo.com,request,2.6-202606,openrtb.field.undefined,error,user.eids[2].rti_partner,3.2.27
p000607,upi.com,c2shb.pubgw.yahoo.com,request,2.6-202606,openrtb.field.undefined,error,imp[0].data,3.2.4
p000607,upi.com,c2shb.pubgw.yahoo.com,request,2.6-202606,openrtb.field.undefined,error,user.eids[2].rti_partner,3.2.27
p000608,upi.com,c2shb.pubgw.yahoo.com,request,2.6-202606,openrtb.field.undefined,error,imp[0].data,3.2.4
p000608,upi.com,c2shb.pubgw.yahoo.com,request,2.6-202606,openrtb.field.undefined,error,user.eids[2].rti_partner,3.2.27
p000609,upi.com,c2shb.pubgw.yahoo.com,request,2.6-202606,openrtb.field.undefined,error,imp[0].data,3.2.4
p000609,upi.com,c2shb.pubgw.yahoo.com,request,2.6-202606,openrtb.field.undefined,error,user.eids[2].rti_partner,3.2.27
p000610,upi.com,c2shb.pubgw.yahoo.com,request,2.6-202606,openrtb.field.undefined,error,imp[0].data,3.2.4
p000610,upi.com,c2shb.pubgw.yahoo.com,request,2.6-202606,openrtb.field.undefined,error,user.eids[2].rti_partner,3.2.27
p000611,upi.com,c2shb.pubgw.yahoo.com,request,2.6-202606,openrtb.field.undefined,error,imp[0].data,3.2.4
p000611,upi.com,c2shb.pubgw.yahoo.com,request,2.6-202606,openrtb.field.undefined,error,user.eids[2].rti_partner,3.2.27
p000612,upi.com,c2shb.pubgw.yahoo.com,request,2.6-202606,openrtb.field.undefined,error,imp[0].data,3.2.4
p000612,upi.com,c2shb.pubgw.yahoo.com,request,2.6-202606,openrtb.field.undefined,error,user.eids[2].rti_partner,3.2.27
p000613,upi.com,c2shb.pubgw.yahoo.com,request,2.6-202606,openrtb.field.undefined,error,imp[0].data,3.2.4
p000613,upi.com,c2shb.pubgw.yahoo.com,request,2.6-202606,openrtb.field.undefined,error,user.eids[2].rti_partner,3.2.27
p000614,upi.com,c2shb.pubgw.yahoo.com,request,2.6-202606,openrtb.field.undefined,error,imp[0].data,3.2.4
p000614,upi.com,c2shb.pubgw.yahoo.com,request,2.6-202606,openrtb.field.undefined,error,user.eids[2].rti_partner,3.2.27
p000615,upi.com,c2shb.pubgw.yahoo.com,request,2.6-202606,openrtb.field.undefined,error,imp[0].data,3.2.4
p000615,upi.com,c2shb.pubgw.yahoo.com,request,2.6-202606,openrtb.field.undefined,error,user.eids[2].rti_partner,3.2.27
p000616,upi.com,c2shb.pubgw.yahoo.com,request,2.6-202606,openrtb.field.undefined,error,imp[0].data,3.2.4
p000616,upi.com,c2shb.pubgw.yahoo.com,request,2.6-202606,openrtb.field.undefined,error,user.eids[2].rti_partner,3.2.27
p000617,upi.com,c2shb.pubgw.yahoo.com,request,2.6-202606,openrtb.field.undefined,error,imp[0].data,3.2.4
p000617,upi.com,c2shb.pubgw.yahoo.com,request,2.6-202606,openrtb.field.undefined,error,user.eids[2].rti_partner,3.2.27
p000618,upi.com,c2shb.pubgw.yahoo.com,request,2.6-202606,openrtb.field.undefined,error,imp[0].data,3.2.4
p000618,upi.com,c2shb.pubgw.yahoo.com,request,2.6-202606,openrtb.field.undefined,error,user.eids[2].rti_partner,3.2.27
p000619,upi.com,c2shb.pubgw.yahoo.com,request,2.6-202606,openrtb.field.undefined,error,imp[0].data,3.2.4
p000619,upi.com,c2shb.pubgw.yahoo.com,request,2.6-202606,openrtb.field.undefined,error,user.eids[2].rti_partner,3.2.27
p000620,upi.com,c2shb.pubgw.yahoo.com,request,2.6-202606,openrtb.field.undefined,error,imp[0].data,3.2.4
p000620,upi.com,c2shb.pubgw.yahoo.com,request,2.6-202606,openrtb.field.undefined,error,user.eids[2].rti_partner,3.2.27
p000621,upi.com,c2shb.pubgw.yahoo.com,request,2.6-202606,openrtb.field.undefined,error,imp[0].data,3.2.4
p000621,upi.com,c2shb.pubgw.yahoo.com,request,2.6-202606,openrtb.field.undefined,error,user.eids[2].rti_partner,3.2.27
p000622,upi.com,c2shb.pubgw.yahoo.com,request,2.6-202606,openrtb.field.undefined,error,imp[0].data,3.2.4
p000622,upi.com,c2shb.pubgw.yahoo.com,request,2.6-202606,openrtb.field.undefined,error,user.eids[2].rti_partner,3.2.27
p000623,upi.com,c2shb.pubgw.yahoo.com,request,2.6-202606,openrtb.field.undefined,error,imp[0].data,3.2.4
p000623,upi.com,c2shb.pubgw.yahoo.com,request,2.6-202606,openrtb.field.undefined,error,user.eids[2].rti_partner,3.2.27
p000624,upi.com,c2shb.pubgw.yahoo.com,request,2.6-202606,openrtb.field.undefined,error,imp[0].data,3.2.4
p000624,upi.com,c2shb.pubgw.yahoo.com,request,2.6-202606,openrtb.field.undefined,error,user.eids[2].rti_partner,3.2.27
p000625,upi.com,c2shb.pubgw.yahoo.com,request,2.6-202606,openrtb.field.undefined,error,imp[0].data,3.2.4
p000625,upi.com,c2shb.pubgw.yahoo.com,request,2.6-202606,openrtb.field.undefined,error,user.eids[2].rti_partner,3.2.27
p000626,upi.com,c2shb.pubgw.yahoo.com,request,2.6-202606,openrtb.field.undefined,error,imp[0].data,3.2.4
p000626,upi.com,c2shb.pubgw.yahoo.com,request,2.6-202606,openrtb.field.undefined,error,user.eids[5].rti_partner,3.2.27
p000627,upi.com,c2shb.pubgw.yahoo.com,request,2.6-202606,openrtb.field.undefined,error,imp[0].data,3.2.4
p000627,upi.com,c2shb.pubgw.yahoo.com,request,2.6-202606,openrtb.field.undefined,error,user.eids[5].rti_partner,3.2.27
p000628,upi.com,c2shb.pubgw.yahoo.com,request,2.6-202606,openrtb.field.undefined,error,imp[0].data,3.2.4
p000628,upi.com,c2shb.pubgw.yahoo.com,request,2.6-202606,openrtb.field.undefined,error,user.eids[5].rti_partner,3.2.27
p000629,upi.com,c2shb.pubgw.yahoo.com,request,2.6-202606,openrtb.field.undefined,error,imp[0].data,3.2.4
p000630,upi.com,c2shb.pubgw.yahoo.com,request,2.6-202606,openrtb.field.undefined,error,imp[0].data,3.2.4
p000631,upi.com,c2shb.pubgw.yahoo.com,request,2.6-202606,openrtb.field.undefined,error,imp[0].data,3.2.4
p000632,upi.com,c2shb.pubgw.yahoo.com,request,2.6-202606,openrtb.field.undefined,error,imp[0].data,3.2.4
p000633,upi.com,c2shb.pubgw.yahoo.com,request,2.6-202606,openrtb.field.undefined,error,imp[0].data,3.2.4
p000634,upi.com,c2shb.pubgw.yahoo.com,request,2.6-202606,openrtb.field.undefined,error,imp[0].data,3.2.4
p000635,upi.com,c2shb.pubgw.yahoo.com,request,2.6-202606,openrtb.field.undefined,error,imp[0].data,3.2.4
p000636,upi.com,c2shb.pubgw.yahoo.com,request,2.6-202606,openrtb.field.undefined,error,imp[0].data,3.2.4
p000637,upi.com,c2shb.pubgw.yahoo.com,request,2.6-202606,openrtb.field.undefined,error,imp[0].data,3.2.4
p000638,upi.com,c2shb.pubgw.yahoo.com,request,2.6-202606,openrtb.field.undefined,error,imp[0].data,3.2.4
p000639,upi.com,c2shb.pubgw.yahoo.com,request,2.6-202606,openrtb.field.undefined,error,imp[0].data,3.2.4
p000640,upi.com,c2shb.pubgw.yahoo.com,request,2.6-202606,openrtb.field.undefined,error,imp[0].data,3.2.4
p000641,upi.com,c2shb.pubgw.yahoo.com,request,2.6-202606,openrtb.field.undefined,error,imp[0].data,3.2.4
p000642,upi.com,c2shb.pubgw.yahoo.com,request,2.6-202606,openrtb.field.undefined,error,imp[0].data,3.2.4
p000643,upi.com,c2shb.pubgw.yahoo.com,request,2.6-202606,openrtb.field.undefined,error,imp[0].data,3.2.4
p000644,upi.com,c2shb.pubgw.yahoo.com,request,2.6-202606,openrtb.field.undefined,error,imp[0].data,3.2.4
p000645,upi.com,c2shb.pubgw.yahoo.com,request,2.6-202606,openrtb.field.undefined,error,imp[0].data,3.2.4
p000646,autoguide.com,c2shb.pubgw.yahoo.com,response,2.6-202606,openrtb.bid.mtype_missing,warning,seatbid[0].bid[0].mtype,4.2.3
p000648,autoguide.com,c2shb.pubgw.yahoo.com,response,2.6-202606,openrtb.bid.mtype_missing,warning,seatbid[0].bid[0].mtype,4.2.3
p000649,autoguide.com,c2shb.pubgw.yahoo.com,response,2.6-202606,openrtb.bid.mtype_missing,warning,seatbid[0].bid[0].mtype,4.2.3
p000653,autoguide.com,c2shb.pubgw.yahoo.com,response,2.6-202606,openrtb.bid.mtype_missing,warning,seatbid[0].bid[0].mtype,4.2.3
p000665,autoguide.com,c2shb.pubgw.yahoo.com,response,2.6-202606,openrtb.bid.mtype_missing,warning,seatbid[0].bid[0].mtype,4.2.3
p000668,autoguide.com,c2shb.pubgw.yahoo.com,response,2.6-202606,openrtb.bid.mtype_missing,warning,seatbid[0].bid[0].mtype,4.2.3
p000688,barcablaugranes.com,c2shb.pubgw.yahoo.com,response,2.6-202606,openrtb.bid.mtype_missing,warning,seatbid[0].bid[0].mtype,4.2.3
p000690,barcablaugranes.com,c2shb.pubgw.yahoo.com,response,2.6-202606,openrtb.bid.mtype_missing,warning,seatbid[0].bid[0].mtype,4.2.3
p000694,barcablaugranes.com,c2shb.pubgw.yahoo.com,response,2.6-202606,openrtb.bid.mtype_missing,warning,seatbid[0].bid[0].mtype,4.2.3
p000695,barcablaugranes.com,c2shb.pubgw.yahoo.com,response,2.6-202606,openrtb.bid.mtype_missing,warning,seatbid[0].bid[0].mtype,4.2.3
p000696,barcablaugranes.com,c2shb.pubgw.yahoo.com,response,2.6-202606,openrtb.bid.mtype_missing,warning,seatbid[0].bid[0].mtype,4.2.3
p000697,barcablaugranes.com,c2shb.pubgw.yahoo.com,response,2.6-202606,openrtb.bid.mtype_missing,warning,seatbid[0].bid[0].mtype,4.2.3
p000698,barcablaugranes.com,c2shb.pubgw.yahoo.com,response,2.6-202606,openrtb.bid.mtype_missing,warning,seatbid[0].bid[0].mtype,4.2.3
p000699,barcablaugranes.com,c2shb.pubgw.yahoo.com,response,2.6-202606,openrtb.bid.mtype_missing,warning,seatbid[0].bid[0].mtype,4.2.3
p000700,barcablaugranes.com,c2shb.pubgw.yahoo.com,response,2.6-202606,openrtb.bid.mtype_missing,warning,seatbid[0].bid[0].mtype,4.2.3
p000701,barcablaugranes.com,c2shb.pubgw.yahoo.com,response,2.6-202606,openrtb.bid.mtype_missing,warning,seatbid[0].bid[0].mtype,4.2.3
p000708,cupofjo.com,c2shb.pubgw.yahoo.com,response,2.6-202606,openrtb.bid.mtype_missing,warning,seatbid[0].bid[0].mtype,4.2.3
p000714,fncstatic.com,c2shb.pubgw.yahoo.com,response,2.6-202606,openrtb.bid.mtype_missing,warning,seatbid[0].bid[0].mtype,4.2.3
p000715,fncstatic.com,c2shb.pubgw.yahoo.com,response,2.6-202606,openrtb.bid.mtype_missing,warning,seatbid[0].bid[0].mtype,4.2.3
p000716,fncstatic.com,c2shb.pubgw.yahoo.com,response,2.6-202606,openrtb.bid.mtype_missing,warning,seatbid[0].bid[0].mtype,4.2.3
p000717,fncstatic.com,c2shb.pubgw.yahoo.com,response,2.6-202606,openrtb.bid.mtype_missing,warning,seatbid[0].bid[0].mtype,4.2.3
p000718,nesn.com,c2shb.pubgw.yahoo.com,response,2.6-202606,openrtb.bid.mtype_missing,warning,seatbid[0].bid[0].mtype,4.2.3
p000720,nesn.com,c2shb.pubgw.yahoo.com,response,2.6-202606,openrtb.bid.mtype_missing,warning,seatbid[0].bid[0].mtype,4.2.3
p000723,self.com,c2shb.pubgw.yahoo.com,response,2.6-202606,openrtb.bid.mtype_missing,warning,seatbid[0].bid[0].mtype,4.2.3
p000724,self.com,c2shb.pubgw.yahoo.com,response,2.6-202606,openrtb.bid.mtype_missing,warning,seatbid[0].bid[0].mtype,4.2.3
p000725,self.com,c2shb.pubgw.yahoo.com,response,2.6-202606,openrtb.bid.mtype_missing,warning,seatbid[0].bid[0].mtype,4.2.3
p000734,salon.com,c2shb.pubgw.yahoo.com,response,2.6-202606,openrtb.bid.mtype_missing,warning,seatbid[0].bid[0].mtype,4.2.3
p000735,salon.com,c2shb.pubgw.yahoo.com,response,2.6-202606,openrtb.bid.mtype_missing,warning,seatbid[0].bid[0].mtype,4.2.3
p000751,self.com,c2shb.pubgw.yahoo.com,response,2.6-202606,openrtb.bid.mtype_missing,warning,seatbid[0].bid[0].mtype,4.2.3
p000752,self.com,c2shb.pubgw.yahoo.com,response,2.6-202606,openrtb.bid.mtype_missing,warning,seatbid[0].bid[0].mtype,4.2.3
p000753,self.com,c2shb.pubgw.yahoo.com,response,2.6-202606,openrtb.bid.mtype_missing,warning,seatbid[0].bid[0].mtype,4.2.3
p000754,self.com,c2shb.pubgw.yahoo.com,response,2.6-202606,openrtb.bid.mtype_missing,warning,seatbid[0].bid[0].mtype,4.2.3
p000755,self.com,c2shb.pubgw.yahoo.com,response,2.6-202606,openrtb.bid.mtype_missing,warning,seatbid[0].bid[0].mtype,4.2.3
p000756,self.com,c2shb.pubgw.yahoo.com,response,2.6-202606,openrtb.bid.mtype_missing,warning,seatbid[0].bid[0].mtype,4.2.3
p000797,myjoyonline.com,cpm.vuukle.net,request,2.6-202606,openrtb.field.moved,error,regs.ext.gdpr,Section 3.2.3
p000799,csfd.cz,dale.performax.cz,request,2.6-202606,openrtb.field.moved,error,regs.ext.gdpr,Section 3.2.3
p000799,csfd.cz,dale.performax.cz,request,2.6-202606,openrtb.field.moved,error,user.ext.consent,Section 3.2.20
p000800,csfd.cz,dale.performax.cz,request,2.6-202606,openrtb.field.moved,error,regs.ext.gdpr,Section 3.2.3
p000800,csfd.cz,dale.performax.cz,request,2.6-202606,openrtb.field.moved,error,user.ext.consent,Section 3.2.20
p000801,businessinsider.com,direct.adsrvr.org,request,2.6-202606,openrtb.type.mismatch,error,site.ref,3.2.13
p000802,businessinsider.com,direct.adsrvr.org,request,2.6-202606,openrtb.type.mismatch,error,site.ref,3.2.13
p000803,businessinsider.com,direct.adsrvr.org,request,2.6-202606,openrtb.type.mismatch,error,site.ref,3.2.13
p000804,businessinsider.com,direct.adsrvr.org,request,2.6-202606,openrtb.type.mismatch,error,site.ref,3.2.13
p000805,chl.ca,direct.adsrvr.org,request,2.6-202606,openrtb.type.mismatch,error,site.ref,3.2.13
p000806,chicagotribune.com,direct.adsrvr.org,request,2.6-202606,openrtb.type.mismatch,error,site.ref,3.2.13
p000807,chicagotribune.com,direct.adsrvr.org,request,2.6-202606,openrtb.type.mismatch,error,site.ref,3.2.13
p000808,chicagotribune.com,direct.adsrvr.org,request,2.6-202606,openrtb.type.mismatch,error,site.ref,3.2.13
p000809,chicagotribune.com,direct.adsrvr.org,request,2.6-202606,openrtb.type.mismatch,error,site.ref,3.2.13
p000810,chicagotribune.com,direct.adsrvr.org,request,2.6-202606,openrtb.type.mismatch,error,site.ref,3.2.13
p000811,chl.ca,direct.adsrvr.org,request,2.6-202606,openrtb.type.mismatch,error,site.ref,3.2.13
p000812,chicagotribune.com,direct.adsrvr.org,request,2.6-202606,openrtb.type.mismatch,error,site.ref,3.2.13
p000813,chicagotribune.com,direct.adsrvr.org,request,2.6-202606,openrtb.type.mismatch,error,device.geo.metro,3.2.19
p000813,chicagotribune.com,direct.adsrvr.org,request,2.6-202606,openrtb.field.deprecated,warning,imp[0].video.placement,Section 3.2.7
p000813,chicagotribune.com,direct.adsrvr.org,request,2.6-202606,openrtb.field.moved,error,regs.ext.gdpr,Section 3.2.3
p000813,chicagotribune.com,direct.adsrvr.org,request,2.6-202606,openrtb.field.moved,error,user.ext.consent,Section 3.2.20
p000814,chicagotribune.com,direct.adsrvr.org,request,2.6-202606,openrtb.type.mismatch,error,device.geo.metro,3.2.19
p000814,chicagotribune.com,direct.adsrvr.org,request,2.6-202606,openrtb.field.moved,error,regs.ext.gdpr,Section 3.2.3
p000814,chicagotribune.com,direct.adsrvr.org,request,2.6-202606,openrtb.field.moved,error,user.ext.consent,Section 3.2.20
p000815,chicagotribune.com,direct.adsrvr.org,request,2.6-202606,openrtb.type.mismatch,error,device.geo.metro,3.2.19
p000815,chicagotribune.com,direct.adsrvr.org,request,2.6-202606,openrtb.field.moved,error,regs.ext.gdpr,Section 3.2.3
p000815,chicagotribune.com,direct.adsrvr.org,request,2.6-202606,openrtb.field.moved,error,user.ext.consent,Section 3.2.20
p000816,chicagotribune.com,direct.adsrvr.org,request,2.6-202606,openrtb.type.mismatch,error,device.geo.metro,3.2.19
p000816,chicagotribune.com,direct.adsrvr.org,request,2.6-202606,openrtb.field.deprecated,warning,imp[0].video.placement,Section 3.2.7
p000816,chicagotribune.com,direct.adsrvr.org,request,2.6-202606,openrtb.field.moved,error,regs.ext.gdpr,Section 3.2.3
p000816,chicagotribune.com,direct.adsrvr.org,request,2.6-202606,openrtb.field.moved,error,user.ext.consent,Section 3.2.20
p000817,coindesk.com,direct.adsrvr.org,request,2.6-202606,openrtb.type.mismatch,error,site.ref,3.2.13
p000818,coindesk.com,direct.adsrvr.org,request,2.6-202606,openrtb.type.mismatch,error,site.ref,3.2.13
p000819,cupofjo.com,direct.adsrvr.org,request,2.6-202606,openrtb.type.mismatch,error,site.ref,3.2.13
p000820,cupofjo.com,direct.adsrvr.org,request,2.6-202606,openrtb.type.mismatch,error,site.ref,3.2.13
p000821,cupofjo.com,direct.adsrvr.org,request,2.6-202606,openrtb.type.mismatch,error,site.ref,3.2.13
p000822,cupofjo.com,direct.adsrvr.org,request,2.6-202606,openrtb.type.mismatch,error,site.ref,3.2.13
p000823,cupofjo.com,direct.adsrvr.org,request,2.6-202606,openrtb.field.deprecated,warning,imp[0].video.placement,Section 3.2.7
p000823,cupofjo.com,direct.adsrvr.org,request,2.6-202606,openrtb.value.invalid,error,imp[0].video.skip,3.2.7
p000823,cupofjo.com,direct.adsrvr.org,request,2.6-202606,openrtb.type.mismatch,error,site.ref,3.2.13
p000824,cupofjo.com,direct.adsrvr.org,request,2.6-202606,openrtb.field.deprecated,warning,imp[0].video.placement,Section 3.2.7
p000824,cupofjo.com,direct.adsrvr.org,request,2.6-202606,openrtb.value.invalid,error,imp[0].video.skip,3.2.7
p000824,cupofjo.com,direct.adsrvr.org,request,2.6-202606,openrtb.type.mismatch,error,site.ref,3.2.13
p000825,dailykos.com,direct.adsrvr.org,request,2.6-202606,openrtb.type.mismatch,error,site.ref,3.2.13
p000826,dailykos.com,direct.adsrvr.org,request,2.6-202606,openrtb.type.mismatch,error,site.ref,3.2.13
p000827,dailykos.com,direct.adsrvr.org,request,2.6-202606,openrtb.type.mismatch,error,site.ref,3.2.13
p000828,dailykos.com,direct.adsrvr.org,request,2.6-202606,openrtb.type.mismatch,error,site.ref,3.2.13
p000829,dailykos.com,direct.adsrvr.org,request,2.6-202606,openrtb.type.mismatch,error,site.ref,3.2.13
p000830,dailykos.com,direct.adsrvr.org,request,2.6-202606,openrtb.type.mismatch,error,site.ref,3.2.13
p000831,dailykos.com,direct.adsrvr.org,request,2.6-202606,openrtb.type.mismatch,error,site.ref,3.2.13
p000832,fncstatic.com,direct.adsrvr.org,request,2.6-202606,openrtb.value.invalid,error,device.connectiontype,3.2.18
p000832,fncstatic.com,direct.adsrvr.org,request,2.6-202606,openrtb.type.mismatch,error,site.ref,3.2.13
p000833,fncstatic.com,direct.adsrvr.org,request,2.6-202606,openrtb.value.invalid,error,device.connectiontype,3.2.18
p000833,fncstatic.com,direct.adsrvr.org,request,2.6-202606,openrtb.type.mismatch,error,site.ref,3.2.13
p000834,fncstatic.com,direct.adsrvr.org,request,2.6-202606,openrtb.value.invalid,error,device.connectiontype,3.2.18
p000834,fncstatic.com,direct.adsrvr.org,request,2.6-202606,openrtb.type.mismatch,error,site.ref,3.2.13
p000835,fncstatic.com,direct.adsrvr.org,request,2.6-202606,openrtb.value.invalid,error,device.connectiontype,3.2.18
p000835,fncstatic.com,direct.adsrvr.org,request,2.6-202606,openrtb.type.mismatch,error,site.ref,3.2.13
p000836,fncstatic.com,direct.adsrvr.org,request,2.6-202606,openrtb.value.invalid,error,device.connectiontype,3.2.18
p000836,fncstatic.com,direct.adsrvr.org,request,2.6-202606,openrtb.type.mismatch,error,site.ref,3.2.13
p000837,fncstatic.com,direct.adsrvr.org,request,2.6-202606,openrtb.value.invalid,error,device.connectiontype,3.2.18
p000837,fncstatic.com,direct.adsrvr.org,request,2.6-202606,openrtb.type.mismatch,error,site.ref,3.2.13
p000838,fncstatic.com,direct.adsrvr.org,request,2.6-202606,openrtb.value.invalid,error,device.connectiontype,3.2.18
p000838,fncstatic.com,direct.adsrvr.org,request,2.6-202606,openrtb.type.mismatch,error,site.ref,3.2.13
p000839,fox11online.com,direct.adsrvr.org,request,2.6-202606,openrtb.field.deprecated,warning,imp[0].video.placement,Section 3.2.7
p000839,fox11online.com,direct.adsrvr.org,request,2.6-202606,openrtb.field.moved,error,regs.ext.gdpr,Section 3.2.3
p000839,fox11online.com,direct.adsrvr.org,request,2.6-202606,openrtb.type.mismatch,error,site.ref,3.2.13
p000840,fox11online.com,direct.adsrvr.org,request,2.6-202606,openrtb.field.moved,error,regs.ext.gdpr,Section 3.2.3
p000840,fox11online.com,direct.adsrvr.org,request,2.6-202606,openrtb.type.mismatch,error,site.ref,3.2.13
p000841,fox11online.com,direct.adsrvr.org,request,2.6-202606,openrtb.field.deprecated,warning,imp[0].video.placement,Section 3.2.7
p000841,fox11online.com,direct.adsrvr.org,request,2.6-202606,openrtb.field.moved,error,regs.ext.gdpr,Section 3.2.3
p000841,fox11online.com,direct.adsrvr.org,request,2.6-202606,openrtb.type.mismatch,error,site.ref,3.2.13
p000842,fox11online.com,direct.adsrvr.org,request,2.6-202606,openrtb.field.moved,error,regs.ext.gdpr,Section 3.2.3
p000842,fox11online.com,direct.adsrvr.org,request,2.6-202606,openrtb.type.mismatch,error,site.ref,3.2.13
p000843,fox11online.com,direct.adsrvr.org,request,2.6-202606,openrtb.field.deprecated,warning,imp[0].video.placement,Section 3.2.7
p000843,fox11online.com,direct.adsrvr.org,request,2.6-202606,openrtb.type.mismatch,error,site.ref,3.2.13
p000844,fox11online.com,direct.adsrvr.org,request,2.6-202606,openrtb.field.deprecated,warning,imp[0].video.placement,Section 3.2.7
p000844,fox11online.com,direct.adsrvr.org,request,2.6-202606,openrtb.type.mismatch,error,site.ref,3.2.13
p000845,fox11online.com,direct.adsrvr.org,request,2.6-202606,openrtb.field.deprecated,warning,imp[0].video.placement,Section 3.2.7
p000845,fox11online.com,direct.adsrvr.org,request,2.6-202606,openrtb.type.mismatch,error,site.ref,3.2.13
p000850,giantfreakinrobot.com,direct.adsrvr.org,request,2.6-202606,openrtb.field.deprecated,warning,imp[0].video.placement,Section 3.2.7
p000850,giantfreakinrobot.com,direct.adsrvr.org,request,2.6-202606,openrtb.value.invalid,error,imp[0].video.skip,3.2.7
p000854,halfbakedharvest.com,direct.adsrvr.org,request,2.6-202606,openrtb.type.mismatch,error,site.ref,3.2.13
p000855,halfbakedharvest.com,direct.adsrvr.org,request,2.6-202606,openrtb.type.mismatch,error,site.ref,3.2.13
p000856,halfbakedharvest.com,direct.adsrvr.org,request,2.6-202606,openrtb.field.deprecated,warning,imp[0].video.placement,Section 3.2.7
p000856,halfbakedharvest.com,direct.adsrvr.org,request,2.6-202606,openrtb.value.invalid,error,imp[0].video.skip,3.2.7
p000856,halfbakedharvest.com,direct.adsrvr.org,request,2.6-202606,openrtb.type.mismatch,error,site.ref,3.2.13
p000857,halfbakedharvest.com,direct.adsrvr.org,request,2.6-202606,openrtb.field.deprecated,warning,imp[1].video.placement,Section 3.2.7
p000857,halfbakedharvest.com,direct.adsrvr.org,request,2.6-202606,openrtb.value.invalid,error,imp[1].video.skip,3.2.7
p000857,halfbakedharvest.com,direct.adsrvr.org,request,2.6-202606,openrtb.type.mismatch,error,site.ref,3.2.13
p000858,halfbakedharvest.com,direct.adsrvr.org,request,2.6-202606,openrtb.type.mismatch,error,site.ref,3.2.13
p000859,halfbakedharvest.com,direct.adsrvr.org,request,2.6-202606,openrtb.type.mismatch,error,site.ref,3.2.13
p000860,halfbakedharvest.com,direct.adsrvr.org,request,2.6-202606,openrtb.type.mismatch,error,site.ref,3.2.13
p000861,halfbakedharvest.com,direct.adsrvr.org,request,2.6-202606,openrtb.field.deprecated,warning,imp[0].video.placement,Section 3.2.7
p000861,halfbakedharvest.com,direct.adsrvr.org,request,2.6-202606,openrtb.value.invalid,error,imp[0].video.skip,3.2.7
p000861,halfbakedharvest.com,direct.adsrvr.org,request,2.6-202606,openrtb.type.mismatch,error,site.ref,3.2.13
p000862,halfbakedharvest.com,direct.adsrvr.org,request,2.6-202606,openrtb.field.deprecated,warning,imp[0].video.placement,Section 3.2.7
p000862,halfbakedharvest.com,direct.adsrvr.org,request,2.6-202606,openrtb.value.invalid,error,imp[0].video.skip,3.2.7
p000862,halfbakedharvest.com,direct.adsrvr.org,request,2.6-202606,openrtb.type.mismatch,error,site.ref,3.2.13
p000863,howlongtobeat.com,direct.adsrvr.org,request,2.6-202606,openrtb.type.mismatch,error,site.publisher.id,3.2.15
p000864,imore.com,direct.adsrvr.org,request,2.6-202606,openrtb.field.moved,error,regs.ext.gdpr,Section 3.2.3
p000864,imore.com,direct.adsrvr.org,request,2.6-202606,openrtb.type.mismatch,error,site.ref,3.2.13
p000865,imore.com,direct.adsrvr.org,request,2.6-202606,openrtb.field.moved,error,regs.ext.gdpr,Section 3.2.3
p000865,imore.com,direct.adsrvr.org,request,2.6-202606,openrtb.type.mismatch,error,site.ref,3.2.13
p000866,iheart.com,direct.adsrvr.org,request,2.6-202606,openrtb.field.deprecated,warning,imp[1].video.placement,Section 3.2.7
p000866,iheart.com,direct.adsrvr.org,request,2.6-202606,openrtb.value.invalid,error,imp[1].video.skip,3.2.7
p000866,iheart.com,direct.adsrvr.org,request,2.6-202606,openrtb.type.mismatch,error,site.ref,3.2.13
p000867,imore.com,direct.adsrvr.org,request,2.6-202606,openrtb.field.moved,error,regs.ext.gdpr,Section 3.2.3
p000867,imore.com,direct.adsrvr.org,request,2.6-202606,openrtb.type.mismatch,error,site.ref,3.2.13
p000868,iheart.com,direct.adsrvr.org,request,2.6-202606,openrtb.field.deprecated,warning,imp[1].video.placement,Section 3.2.7
p000868,iheart.com,direct.adsrvr.org,request,2.6-202606,openrtb.value.invalid,error,imp[1].video.skip,3.2.7
p000868,iheart.com,direct.adsrvr.org,request,2.6-202606,openrtb.type.mismatch,error,site.ref,3.2.13
p000869,kptv.com,direct.adsrvr.org,request,2.6-202606,openrtb.type.mismatch,error,site.ref,3.2.13
p000870,kptv.com,direct.adsrvr.org,request,2.6-202606,openrtb.type.mismatch,error,site.ref,3.2.13
p000871,kptv.com,direct.adsrvr.org,request,2.6-202606,openrtb.type.mismatch,error,site.ref,3.2.13
p000872,kptv.com,direct.adsrvr.org,request,2.6-202606,openrtb.type.mismatch,error,site.ref,3.2.13
p000873,kptv.com,direct.adsrvr.org,request,2.6-202606,openrtb.type.mismatch,error,site.ref,3.2.13
p000874,kptv.com,direct.adsrvr.org,request,2.6-202606,openrtb.type.mismatch,error,site.ref,3.2.13
p000875,kptv.com,direct.adsrvr.org,request,2.6-202606,openrtb.type.mismatch,error,site.ref,3.2.13
p000876,kptv.com,direct.adsrvr.org,request,2.6-202606,openrtb.type.mismatch,error,site.ref,3.2.13
p000877,kptv.com,direct.adsrvr.org,request,2.6-202606,openrtb.type.mismatch,error,site.ref,3.2.13
p000878,kptv.com,direct.adsrvr.org,request,2.6-202606,openrtb.type.mismatch,error,site.ref,3.2.13
p000879,kptv.com,direct.adsrvr.org,request,2.6-202606,openrtb.type.mismatch,error,site.ref,3.2.13
p000880,kptv.com,direct.adsrvr.org,request,2.6-202606,openrtb.type.mismatch,error,site.ref,3.2.13
p000881,kptv.com,direct.adsrvr.org,request,2.6-202606,openrtb.type.mismatch,error,site.ref,3.2.13
p000882,moly.hu,direct.adsrvr.org,request,2.6-202606,openrtb.field.moved,error,regs.ext.gdpr,Section 3.2.3
p000883,moly.hu,direct.adsrvr.org,request,2.6-202606,openrtb.field.moved,error,regs.ext.gdpr,Section 3.2.3
p000884,namemc.com,direct.adsrvr.org,request,2.6-202606,openrtb.field.moved,error,regs.ext.gdpr,Section 3.2.3
p000884,namemc.com,direct.adsrvr.org,request,2.6-202606,openrtb.type.mismatch,error,site.ref,3.2.13
p000885,namemc.com,direct.adsrvr.org,request,2.6-202606,openrtb.field.deprecated,warning,imp[0].video.placement,Section 3.2.7
p000885,namemc.com,direct.adsrvr.org,request,2.6-202606,openrtb.type.mismatch,error,site.ref,3.2.13
p000886,nationaltoday.com,direct.adsrvr.org,request,2.6-202606,openrtb.field.moved,error,regs.ext.gdpr,Section 3.2.3
p000887,nationaltoday.com,direct.adsrvr.org,request,2.6-202606,openrtb.field.moved,error,regs.ext.gdpr,Section 3.2.3
p000888,namemc.com,direct.adsrvr.org,request,2.6-202606,openrtb.field.deprecated,warning,imp[0].video.placement,Section 3.2.7
p000888,namemc.com,direct.adsrvr.org,request,2.6-202606,openrtb.type.mismatch,error,site.ref,3.2.13
p000889,nationaltoday.com,direct.adsrvr.org,request,2.6-202606,openrtb.field.moved,error,regs.ext.gdpr,Section 3.2.3
p000890,nationaltoday.com,direct.adsrvr.org,request,2.6-202606,openrtb.field.deprecated,warning,imp[0].video.placement,Section 3.2.7
p000890,nationaltoday.com,direct.adsrvr.org,request,2.6-202606,openrtb.type.mismatch,error,site.ref,3.2.13
p000891,nationaltoday.com,direct.adsrvr.org,request,2.6-202606,openrtb.field.moved,error,regs.ext.gdpr,Section 3.2.3
p000892,nationaltoday.com,direct.adsrvr.org,request,2.6-202606,openrtb.field.deprecated,warning,imp[0].video.placement,Section 3.2.7
p000892,nationaltoday.com,direct.adsrvr.org,request,2.6-202606,openrtb.type.mismatch,error,site.ref,3.2.13
p000893,nesn.com,direct.adsrvr.org,request,2.6-202606,openrtb.type.mismatch,error,site.ref,3.2.13
p000894,nationaltoday.com,direct.adsrvr.org,request,2.6-202606,openrtb.field.deprecated,warning,imp[0].video.placement,Section 3.2.7
p000894,nationaltoday.com,direct.adsrvr.org,request,2.6-202606,openrtb.type.mismatch,error,site.ref,3.2.13
p000895,nesn.com,direct.adsrvr.org,request,2.6-202606,openrtb.type.mismatch,error,site.ref,3.2.13
p000896,nesn.com,direct.adsrvr.org,request,2.6-202606,openrtb.field.deprecated,warning,imp[0].video.placement,Section 3.2.7
p000896,nesn.com,direct.adsrvr.org,request,2.6-202606,openrtb.type.mismatch,error,site.ref,3.2.13
p000897,nesn.com,direct.adsrvr.org,request,2.6-202606,openrtb.type.mismatch,error,site.ref,3.2.13
p000898,nesn.com,direct.adsrvr.org,request,2.6-202606,openrtb.field.deprecated,warning,imp[0].video.placement,Section 3.2.7
p000898,nesn.com,direct.adsrvr.org,request,2.6-202606,openrtb.type.mismatch,error,site.ref,3.2.13
p000899,outsideonline.com,direct.adsrvr.org,request,2.6-202606,openrtb.field.moved,error,regs.ext.gdpr,Section 3.2.3
p000899,outsideonline.com,direct.adsrvr.org,request,2.6-202606,openrtb.type.mismatch,error,site.ref,3.2.13
p000900,outsideonline.com,direct.adsrvr.org,request,2.6-202606,openrtb.field.moved,error,regs.ext.gdpr,Section 3.2.3
p000900,outsideonline.com,direct.adsrvr.org,request,2.6-202606,openrtb.type.mismatch,error,site.ref,3.2.13
p000901,outsideonline.com,direct.adsrvr.org,request,2.6-202606,openrtb.field.moved,error,regs.ext.gdpr,Section 3.2.3
p000901,outsideonline.com,direct.adsrvr.org,request,2.6-202606,openrtb.type.mismatch,error,site.ref,3.2.13
p000902,outsideonline.com,direct.adsrvr.org,request,2.6-202606,openrtb.field.moved,error,regs.ext.gdpr,Section 3.2.3
p000902,outsideonline.com,direct.adsrvr.org,request,2.6-202606,openrtb.type.mismatch,error,site.ref,3.2.13
p000903,outsideonline.com,direct.adsrvr.org,request,2.6-202606,openrtb.field.moved,error,regs.ext.gdpr,Section 3.2.3
p000903,outsideonline.com,direct.adsrvr.org,request,2.6-202606,openrtb.type.mismatch,error,site.ref,3.2.13
p000904,outsideonline.com,direct.adsrvr.org,request,2.6-202606,openrtb.field.moved,error,regs.ext.gdpr,Section 3.2.3
p000904,outsideonline.com,direct.adsrvr.org,request,2.6-202606,openrtb.type.mismatch,error,site.ref,3.2.13
p000905,outsideonline.com,direct.adsrvr.org,request,2.6-202606,openrtb.field.moved,error,regs.ext.gdpr,Section 3.2.3
p000905,outsideonline.com,direct.adsrvr.org,request,2.6-202606,openrtb.type.mismatch,error,site.ref,3.2.13
p000906,outsideonline.com,direct.adsrvr.org,request,2.6-202606,openrtb.field.moved,error,regs.ext.gdpr,Section 3.2.3
p000906,outsideonline.com,direct.adsrvr.org,request,2.6-202606,openrtb.type.mismatch,error,site.ref,3.2.13
p000907,outsideonline.com,direct.adsrvr.org,request,2.6-202606,openrtb.field.moved,error,regs.ext.gdpr,Section 3.2.3
p000907,outsideonline.com,direct.adsrvr.org,request,2.6-202606,openrtb.type.mismatch,error,site.ref,3.2.13
p000908,outsideonline.com,direct.adsrvr.org,request,2.6-202606,openrtb.field.moved,error,regs.ext.gdpr,Section 3.2.3
p000908,outsideonline.com,direct.adsrvr.org,request,2.6-202606,openrtb.type.mismatch,error,site.ref,3.2.13
p000909,outsideonline.com,direct.adsrvr.org,request,2.6-202606,openrtb.field.moved,error,regs.ext.gdpr,Section 3.2.3
p000909,outsideonline.com,direct.adsrvr.org,request,2.6-202606,openrtb.type.mismatch,error,site.ref,3.2.13
p000910,outsideonline.com,direct.adsrvr.org,request,2.6-202606,openrtb.field.moved,error,regs.ext.gdpr,Section 3.2.3
p000910,outsideonline.com,direct.adsrvr.org,request,2.6-202606,openrtb.type.mismatch,error,site.ref,3.2.13
p000911,outsideonline.com,direct.adsrvr.org,request,2.6-202606,openrtb.field.moved,error,regs.ext.gdpr,Section 3.2.3
p000911,outsideonline.com,direct.adsrvr.org,request,2.6-202606,openrtb.type.mismatch,error,site.ref,3.2.13
p000912,outsideonline.com,direct.adsrvr.org,request,2.6-202606,openrtb.field.moved,error,regs.ext.gdpr,Section 3.2.3
p000912,outsideonline.com,direct.adsrvr.org,request,2.6-202606,openrtb.type.mismatch,error,site.ref,3.2.13
p000913,outsideonline.com,direct.adsrvr.org,request,2.6-202606,openrtb.field.moved,error,regs.ext.gdpr,Section 3.2.3
p000913,outsideonline.com,direct.adsrvr.org,request,2.6-202606,openrtb.type.mismatch,error,site.ref,3.2.13
p000914,outsideonline.com,direct.adsrvr.org,request,2.6-202606,openrtb.field.moved,error,regs.ext.gdpr,Section 3.2.3
p000914,outsideonline.com,direct.adsrvr.org,request,2.6-202606,openrtb.type.mismatch,error,site.ref,3.2.13
p000915,pilotonline.com,direct.adsrvr.org,request,2.6-202606,openrtb.type.mismatch,error,site.ref,3.2.13
p000916,pilotonline.com,direct.adsrvr.org,request,2.6-202606,openrtb.type.mismatch,error,site.ref,3.2.13
p000917,pilotonline.com,direct.adsrvr.org,request,2.6-202606,openrtb.type.mismatch,error,site.ref,3.2.13
p000918,pilotonline.com,direct.adsrvr.org,request,2.6-202606,openrtb.type.mismatch,error,site.ref,3.2.13
p000919,pilotonline.com,direct.adsrvr.org,request,2.6-202606,openrtb.type.mismatch,error,site.ref,3.2.13
p000920,pilotonline.com,direct.adsrvr.org,request,2.6-202606,openrtb.type.mismatch,error,site.ref,3.2.13
p000921,pilotonline.com,direct.adsrvr.org,request,2.6-202606,openrtb.type.mismatch,error,site.ref,3.2.13
p000922,pilotonline.com,direct.adsrvr.org,request,2.6-202606,openrtb.type.mismatch,error,device.geo.metro,3.2.19
p000922,pilotonline.com,direct.adsrvr.org,request,2.6-202606,openrtb.field.deprecated,warning,imp[0].video.placement,Section 3.2.7
p000922,pilotonline.com,direct.adsrvr.org,request,2.6-202606,openrtb.field.moved,error,regs.ext.gdpr,Section 3.2.3
p000922,pilotonline.com,direct.adsrvr.org,request,2.6-202606,openrtb.field.moved,error,user.ext.consent,Section 3.2.20
p000923,pilotonline.com,direct.adsrvr.org,request,2.6-202606,openrtb.type.mismatch,error,device.geo.metro,3.2.19
p000923,pilotonline.com,direct.adsrvr.org,request,2.6-202606,openrtb.field.moved,error,regs.ext.gdpr,Section 3.2.3
p000923,pilotonline.com,direct.adsrvr.org,request,2.6-202606,openrtb.field.moved,error,user.ext.consent,Section 3.2.20
p000924,pilotonline.com,direct.adsrvr.org,request,2.6-202606,openrtb.type.mismatch,error,device.geo.metro,3.2.19
p000924,pilotonline.com,direct.adsrvr.org,request,2.6-202606,openrtb.field.moved,error,regs.ext.gdpr,Section 3.2.3
p000924,pilotonline.com,direct.adsrvr.org,request,2.6-202606,openrtb.field.moved,error,user.ext.consent,Section 3.2.20
p000925,pilotonline.com,direct.adsrvr.org,request,2.6-202606,openrtb.type.mismatch,error,device.geo.metro,3.2.19
p000925,pilotonline.com,direct.adsrvr.org,request,2.6-202606,openrtb.field.deprecated,warning,imp[0].video.placement,Section 3.2.7
p000925,pilotonline.com,direct.adsrvr.org,request,2.6-202606,openrtb.field.moved,error,regs.ext.gdpr,Section 3.2.3
p000925,pilotonline.com,direct.adsrvr.org,request,2.6-202606,openrtb.field.moved,error,user.ext.consent,Section 3.2.20
p000926,pilotonline.com,direct.adsrvr.org,request,2.6-202606,openrtb.type.mismatch,error,device.geo.metro,3.2.19
p000926,pilotonline.com,direct.adsrvr.org,request,2.6-202606,openrtb.field.moved,error,regs.ext.gdpr,Section 3.2.3
p000926,pilotonline.com,direct.adsrvr.org,request,2.6-202606,openrtb.field.moved,error,user.ext.consent,Section 3.2.20
p000927,psychcentral.com,direct.adsrvr.org,request,2.6-202606,openrtb.value.invalid,error,device.connectiontype,3.2.18
p000927,psychcentral.com,direct.adsrvr.org,request,2.6-202606,openrtb.field.deprecated,warning,imp[0].video.placement,Section 3.2.7
p000927,psychcentral.com,direct.adsrvr.org,request,2.6-202606,openrtb.type.mismatch,error,site.ref,3.2.13
p000928,ranker.com,direct.adsrvr.org,request,2.6-202606,openrtb.type.mismatch,error,site.ref,3.2.13
p000929,rawstory.com,direct.adsrvr.org,request,2.6-202606,openrtb.field.moved,error,regs.ext.gdpr,Section 3.2.3
p000929,rawstory.com,direct.adsrvr.org,request,2.6-202606,openrtb.type.mismatch,error,site.ref,3.2.13
p000929,rawstory.com,direct.adsrvr.org,request,2.6-202606,openrtb.field.moved,error,user.ext.consent,Section 3.2.20
p000930,rawstory.com,direct.adsrvr.org,request,2.6-202606,openrtb.field.moved,error,regs.ext.gdpr,Section 3.2.3
p000930,rawstory.com,direct.adsrvr.org,request,2.6-202606,openrtb.type.mismatch,error,site.ref,3.2.13
p000930,rawstory.com,direct.adsrvr.org,request,2.6-202606,openrtb.field.moved,error,user.ext.consent,Section 3.2.20
p000931,rawstory.com,direct.adsrvr.org,request,2.6-202606,openrtb.field.moved,error,regs.ext.gdpr,Section 3.2.3
p000931,rawstory.com,direct.adsrvr.org,request,2.6-202606,openrtb.type.mismatch,error,site.ref,3.2.13
p000931,rawstory.com,direct.adsrvr.org,request,2.6-202606,openrtb.field.moved,error,user.ext.consent,Section 3.2.20
p000932,rawstory.com,direct.adsrvr.org,request,2.6-202606,openrtb.type.mismatch,error,device.geo.metro,3.2.19
p000932,rawstory.com,direct.adsrvr.org,request,2.6-202606,openrtb.field.moved,error,regs.ext.gdpr,Section 3.2.3
p000932,rawstory.com,direct.adsrvr.org,request,2.6-202606,openrtb.field.moved,error,user.ext.consent,Section 3.2.20
p000933,realtimetrains.co.uk,direct.adsrvr.org,request,2.6-202606,openrtb.type.mismatch,error,site.ref,3.2.13
p000934,realtimetrains.co.uk,direct.adsrvr.org,request,2.6-202606,openrtb.type.mismatch,error,site.ref,3.2.13
p000935,rawstory.com,direct.adsrvr.org,request,2.6-202606,openrtb.field.moved,error,regs.ext.gdpr,Section 3.2.3
p000935,rawstory.com,direct.adsrvr.org,request,2.6-202606,openrtb.type.mismatch,error,site.ref,3.2.13
p000935,rawstory.com,direct.adsrvr.org,request,2.6-202606,openrtb.field.moved,error,user.ext.consent,Section 3.2.20
p000936,rawstory.com,direct.adsrvr.org,request,2.6-202606,openrtb.type.mismatch,error,device.geo.metro,3.2.19
p000936,rawstory.com,direct.adsrvr.org,request,2.6-202606,openrtb.field.moved,error,regs.ext.gdpr,Section 3.2.3
p000936,rawstory.com,direct.adsrvr.org,request,2.6-202606,openrtb.field.moved,error,user.ext.consent,Section 3.2.20
p000937,rawstory.com,direct.adsrvr.org,request,2.6-202606,openrtb.type.mismatch,error,device.geo.metro,3.2.19
p000937,rawstory.com,direct.adsrvr.org,request,2.6-202606,openrtb.field.moved,error,regs.ext.gdpr,Section 3.2.3
p000937,rawstory.com,direct.adsrvr.org,request,2.6-202606,openrtb.field.moved,error,user.ext.consent,Section 3.2.20
p000938,rawstory.com,direct.adsrvr.org,request,2.6-202606,openrtb.type.mismatch,error,device.geo.metro,3.2.19
p000938,rawstory.com,direct.adsrvr.org,request,2.6-202606,openrtb.field.moved,error,regs.ext.gdpr,Section 3.2.3
p000938,rawstory.com,direct.adsrvr.org,request,2.6-202606,openrtb.field.moved,error,user.ext.consent,Section 3.2.20
p000939,salon.com,direct.adsrvr.org,request,2.6-202606,openrtb.type.mismatch,error,site.ref,3.2.13
p000940,salon.com,direct.adsrvr.org,request,2.6-202606,openrtb.type.mismatch,error,site.ref,3.2.13
p000944,salon.com,direct.adsrvr.org,request,2.6-202606,openrtb.type.mismatch,error,site.ref,3.2.13
p000945,salon.com,direct.adsrvr.org,request,2.6-202606,openrtb.type.mismatch,error,site.ref,3.2.13
p000946,salon.com,direct.adsrvr.org,request,2.6-202606,openrtb.type.mismatch,error,site.ref,3.2.13
p000947,salon.com,direct.adsrvr.org,request,2.6-202606,openrtb.field.deprecated,warning,imp[0].video.placement,Section 3.2.7
p000947,salon.com,direct.adsrvr.org,request,2.6-202606,openrtb.value.invalid,error,imp[0].video.skip,3.2.7
p000947,salon.com,direct.adsrvr.org,request,2.6-202606,openrtb.type.mismatch,error,site.ref,3.2.13
p000948,salon.com,direct.adsrvr.org,request,2.6-202606,openrtb.type.mismatch,error,site.ref,3.2.13
p000949,salon.com,direct.adsrvr.org,request,2.6-202606,openrtb.field.deprecated,warning,imp[0].video.placement,Section 3.2.7
p000949,salon.com,direct.adsrvr.org,request,2.6-202606,openrtb.value.invalid,error,imp[0].video.skip,3.2.7
p000949,salon.com,direct.adsrvr.org,request,2.6-202606,openrtb.type.mismatch,error,site.ref,3.2.13
p000950,salon.com,direct.adsrvr.org,request,2.6-202606,openrtb.field.deprecated,warning,imp[1].video.placement,Section 3.2.7
p000950,salon.com,direct.adsrvr.org,request,2.6-202606,openrtb.value.invalid,error,imp[1].video.skip,3.2.7
p000950,salon.com,direct.adsrvr.org,request,2.6-202606,openrtb.type.mismatch,error,site.ref,3.2.13
p000951,salon.com,direct.adsrvr.org,request,2.6-202606,openrtb.type.mismatch,error,site.ref,3.2.13
p000952,salon.com,direct.adsrvr.org,request,2.6-202606,openrtb.type.mismatch,error,site.ref,3.2.13
p000953,salon.com,direct.adsrvr.org,request,2.6-202606,openrtb.type.mismatch,error,site.ref,3.2.13
p000954,salon.com,direct.adsrvr.org,request,2.6-202606,openrtb.type.mismatch,error,site.ref,3.2.13
p000955,salon.com,direct.adsrvr.org,request,2.6-202606,openrtb.type.mismatch,error,site.ref,3.2.13
p000956,salon.com,direct.adsrvr.org,request,2.6-202606,openrtb.field.deprecated,warning,imp[0].video.placement,Section 3.2.7
p000956,salon.com,direct.adsrvr.org,request,2.6-202606,openrtb.value.invalid,error,imp[0].video.skip,3.2.7
p000956,salon.com,direct.adsrvr.org,request,2.6-202606,openrtb.type.mismatch,error,site.ref,3.2.13
p000957,salon.com,direct.adsrvr.org,request,2.6-202606,openrtb.field.deprecated,warning,imp[0].video.placement,Section 3.2.7
p000957,salon.com,direct.adsrvr.org,request,2.6-202606,openrtb.value.invalid,error,imp[0].video.skip,3.2.7
p000957,salon.com,direct.adsrvr.org,request,2.6-202606,openrtb.type.mismatch,error,site.ref,3.2.13
p000958,salon.com,direct.adsrvr.org,request,2.6-202606,openrtb.type.mismatch,error,site.ref,3.2.13
p000959,salon.com,direct.adsrvr.org,request,2.6-202606,openrtb.field.deprecated,warning,imp[0].video.placement,Section 3.2.7
p000959,salon.com,direct.adsrvr.org,request,2.6-202606,openrtb.value.invalid,error,imp[0].video.skip,3.2.7
p000959,salon.com,direct.adsrvr.org,request,2.6-202606,openrtb.type.mismatch,error,site.ref,3.2.13
p000960,salon.com,direct.adsrvr.org,request,2.6-202606,openrtb.field.deprecated,warning,imp[0].video.placement,Section 3.2.7
p000960,salon.com,direct.adsrvr.org,request,2.6-202606,openrtb.value.invalid,error,imp[0].video.skip,3.2.7
p000960,salon.com,direct.adsrvr.org,request,2.6-202606,openrtb.type.mismatch,error,site.ref,3.2.13
p000961,self.com,direct.adsrvr.org,request,2.6-202606,openrtb.fields.mutually_exclusive,error,site.keywords,3.2.13
p000962,self.com,direct.adsrvr.org,request,2.6-202606,openrtb.fields.mutually_exclusive,error,site.keywords,3.2.13
p000963,self.com,direct.adsrvr.org,request,2.6-202606,openrtb.fields.mutually_exclusive,error,site.keywords,3.2.13
p000964,self.com,direct.adsrvr.org,request,2.6-202606,openrtb.fields.mutually_exclusive,error,site.keywords,3.2.13
p000965,self.com,direct.adsrvr.org,request,2.6-202606,openrtb.fields.mutually_exclusive,error,site.keywords,3.2.13
p000966,self.com,direct.adsrvr.org,request,2.6-202606,openrtb.fields.mutually_exclusive,error,site.keywords,3.2.13
p000967,thesun.ie,direct.adsrvr.org,request,2.6-202606,openrtb.field.moved,error,regs.ext.gdpr,Section 3.2.3
p000967,thesun.ie,direct.adsrvr.org,request,2.6-202606,openrtb.type.mismatch,error,site.ref,3.2.13
p000968,thesun.ie,direct.adsrvr.org,request,2.6-202606,openrtb.field.moved,error,regs.ext.gdpr,Section 3.2.3
p000968,thesun.ie,direct.adsrvr.org,request,2.6-202606,openrtb.type.mismatch,error,site.ref,3.2.13
p000969,thesun.ie,direct.adsrvr.org,request,2.6-202606,openrtb.field.moved,error,regs.ext.gdpr,Section 3.2.3
p000969,thesun.ie,direct.adsrvr.org,request,2.6-202606,openrtb.type.mismatch,error,site.ref,3.2.13
p000970,thesun.ie,direct.adsrvr.org,request,2.6-202606,openrtb.field.moved,error,regs.ext.gdpr,Section 3.2.3
p000970,thesun.ie,direct.adsrvr.org,request,2.6-202606,openrtb.type.mismatch,error,site.ref,3.2.13
p000971,thesun.ie,direct.adsrvr.org,request,2.6-202606,openrtb.field.moved,error,regs.ext.gdpr,Section 3.2.3
p000971,thesun.ie,direct.adsrvr.org,request,2.6-202606,openrtb.type.mismatch,error,site.ref,3.2.13
p000972,thesun.ie,direct.adsrvr.org,request,2.6-202606,openrtb.field.moved,error,regs.ext.gdpr,Section 3.2.3
p000972,thesun.ie,direct.adsrvr.org,request,2.6-202606,openrtb.type.mismatch,error,site.ref,3.2.13
p000973,thesun.ie,direct.adsrvr.org,request,2.6-202606,openrtb.field.moved,error,regs.ext.gdpr,Section 3.2.3
p000973,thesun.ie,direct.adsrvr.org,request,2.6-202606,openrtb.type.mismatch,error,site.ref,3.2.13
p000974,thesun.ie,direct.adsrvr.org,request,2.6-202606,openrtb.field.deprecated,warning,imp[0].video.placement,Section 3.2.7
p000974,thesun.ie,direct.adsrvr.org,request,2.6-202606,openrtb.field.moved,error,regs.ext.gdpr,Section 3.2.3
p000974,thesun.ie,direct.adsrvr.org,request,2.6-202606,openrtb.type.mismatch,error,site.ref,3.2.13
p000975,tio.ch,direct.adsrvr.org,request,2.6-202606,openrtb.field.deprecated,warning,imp[0].video.placement,Section 3.2.7
p000975,tio.ch,direct.adsrvr.org,request,2.6-202606,openrtb.value.invalid,error,imp[0].video.skip,3.2.7
p000975,tio.ch,direct.adsrvr.org,request,2.6-202606,openrtb.field.moved,error,regs.ext.gdpr,Section 3.2.3
p000975,tio.ch,direct.adsrvr.org,request,2.6-202606,openrtb.type.mismatch,error,site.ref,3.2.13
p000975,tio.ch,direct.adsrvr.org,request,2.6-202606,openrtb.field.moved,error,user.ext.consent,Section 3.2.20
p000976,tio.ch,direct.adsrvr.org,request,2.6-202606,openrtb.field.moved,error,regs.ext.gdpr,Section 3.2.3
p000976,tio.ch,direct.adsrvr.org,request,2.6-202606,openrtb.type.mismatch,error,site.ref,3.2.13
p000976,tio.ch,direct.adsrvr.org,request,2.6-202606,openrtb.field.moved,error,user.ext.consent,Section 3.2.20
p000977,tio.ch,direct.adsrvr.org,request,2.6-202606,openrtb.field.moved,error,regs.ext.gdpr,Section 3.2.3
p000977,tio.ch,direct.adsrvr.org,request,2.6-202606,openrtb.type.mismatch,error,site.ref,3.2.13
p000977,tio.ch,direct.adsrvr.org,request,2.6-202606,openrtb.field.moved,error,user.ext.consent,Section 3.2.20
p000978,tio.ch,direct.adsrvr.org,request,2.6-202606,openrtb.field.moved,error,regs.ext.gdpr,Section 3.2.3
p000978,tio.ch,direct.adsrvr.org,request,2.6-202606,openrtb.type.mismatch,error,site.ref,3.2.13
p000978,tio.ch,direct.adsrvr.org,request,2.6-202606,openrtb.field.moved,error,user.ext.consent,Section 3.2.20
p000979,tio.ch,direct.adsrvr.org,request,2.6-202606,openrtb.field.moved,error,regs.ext.gdpr,Section 3.2.3
p000979,tio.ch,direct.adsrvr.org,request,2.6-202606,openrtb.type.mismatch,error,site.ref,3.2.13
p000979,tio.ch,direct.adsrvr.org,request,2.6-202606,openrtb.field.moved,error,user.ext.consent,Section 3.2.20
p000980,treehugger.com,direct.adsrvr.org,request,2.6-202606,openrtb.type.mismatch,error,site.ref,3.2.13
p000981,treehugger.com,direct.adsrvr.org,request,2.6-202606,openrtb.type.mismatch,error,site.ref,3.2.13
p000982,upi.com,direct.adsrvr.org,request,2.6-202606,openrtb.field.undefined,error,imp[0].battr,3.2.4
p000982,upi.com,direct.adsrvr.org,request,2.6-202606,openrtb.field.undefined,error,imp[1].battr,3.2.4
p000982,upi.com,direct.adsrvr.org,request,2.6-202606,openrtb.field.undefined,error,imp[2].battr,3.2.4
p000982,upi.com,direct.adsrvr.org,request,2.6-202606,openrtb.field.undefined,error,imp[3].battr,3.2.4
p000982,upi.com,direct.adsrvr.org,request,2.6-202606,openrtb.field.undefined,error,imp[4].battr,3.2.4
p000982,upi.com,direct.adsrvr.org,request,2.6-202606,openrtb.field.undefined,error,imp[5].battr,3.2.4
p000982,upi.com,direct.adsrvr.org,request,2.6-202606,openrtb.field.undefined,error,imp[6].battr,3.2.4
p000982,upi.com,direct.adsrvr.org,request,2.6-202606,openrtb.type.mismatch,error,site.publisher.id,3.2.15
p000983,upi.com,direct.adsrvr.org,request,2.6-202606,openrtb.field.undefined,error,imp[0].battr,3.2.4
p000983,upi.com,direct.adsrvr.org,request,2.6-202606,openrtb.type.mismatch,error,site.publisher.id,3.2.15
p000984,upi.com,direct.adsrvr.org,request,2.6-202606,openrtb.field.undefined,error,imp[0].battr,3.2.4
p000984,upi.com,direct.adsrvr.org,request,2.6-202606,openrtb.type.mismatch,error,site.publisher.id,3.2.15
p000985,upi.com,direct.adsrvr.org,request,2.6-202606,openrtb.field.undefined,error,imp[0].battr,3.2.4
p000985,upi.com,direct.adsrvr.org,request,2.6-202606,openrtb.type.mismatch,error,site.publisher.id,3.2.15
p000986,urbandictionary.com,direct.adsrvr.org,request,2.6-202606,openrtb.type.mismatch,error,site.ref,3.2.13
p000987,urbandictionary.com,direct.adsrvr.org,request,2.6-202606,openrtb.type.mismatch,error,site.ref,3.2.13
p000988,urbandictionary.com,direct.adsrvr.org,request,2.6-202606,openrtb.type.mismatch,error,site.ref,3.2.13
p000989,upi.com,direct.adsrvr.org,request,2.6-202606,openrtb.field.undefined,error,imp[0].battr,3.2.4
p000989,upi.com,direct.adsrvr.org,request,2.6-202606,openrtb.field.undefined,error,imp[1].battr,3.2.4
p000989,upi.com,direct.adsrvr.org,request,2.6-202606,openrtb.field.undefined,error,imp[2].battr,3.2.4
p000989,upi.com,direct.adsrvr.org,request,2.6-202606,openrtb.field.undefined,error,imp[3].battr,3.2.4
p000989,upi.com,direct.adsrvr.org,request,2.6-202606,openrtb.type.mismatch,error,site.publisher.id,3.2.15
p000990,vice.com,direct.adsrvr.org,request,2.6-202606,openrtb.field.undefined,error,imp[0].battr,3.2.4
p000990,vice.com,direct.adsrvr.org,request,2.6-202606,openrtb.field.undefined,error,imp[1].battr,3.2.4
p000990,vice.com,direct.adsrvr.org,request,2.6-202606,openrtb.field.undefined,error,imp[2].battr,3.2.4
p000991,vice.com,direct.adsrvr.org,request,2.6-202606,openrtb.field.undefined,error,imp[0].battr,3.2.4
p000991,vice.com,direct.adsrvr.org,request,2.6-202606,openrtb.field.undefined,error,imp[1].battr,3.2.4
p000992,webdesignerdepot.com,direct.adsrvr.org,request,2.6-202606,openrtb.type.mismatch,error,site.ref,3.2.13
p000993,webdesignerdepot.com,direct.adsrvr.org,request,2.6-202606,openrtb.field.deprecated,warning,imp[0].video.placement,Section 3.2.7
p000993,webdesignerdepot.com,direct.adsrvr.org,request,2.6-202606,openrtb.value.invalid,error,imp[0].video.skip,3.2.7
p000993,webdesignerdepot.com,direct.adsrvr.org,request,2.6-202606,openrtb.type.mismatch,error,site.ref,3.2.13
p000994,webdesignerdepot.com,direct.adsrvr.org,request,2.6-202606,openrtb.field.deprecated,warning,imp[1].video.placement,Section 3.2.7
p000994,webdesignerdepot.com,direct.adsrvr.org,request,2.6-202606,openrtb.value.invalid,error,imp[1].video.skip,3.2.7
p000994,webdesignerdepot.com,direct.adsrvr.org,request,2.6-202606,openrtb.type.mismatch,error,site.ref,3.2.13
p000995,webdesignerdepot.com,direct.adsrvr.org,request,2.6-202606,openrtb.type.mismatch,error,site.ref,3.2.13
p000996,zeldadungeon.net,direct.adsrvr.org,request,2.6-202606,openrtb.field.moved,error,regs.ext.gdpr,Section 3.2.3
p000997,webdesignerdepot.com,direct.adsrvr.org,request,2.6-202606,openrtb.field.deprecated,warning,imp[0].video.placement,Section 3.2.7
p000997,webdesignerdepot.com,direct.adsrvr.org,request,2.6-202606,openrtb.value.invalid,error,imp[0].video.skip,3.2.7
p000997,webdesignerdepot.com,direct.adsrvr.org,request,2.6-202606,openrtb.type.mismatch,error,site.ref,3.2.13
p000998,webdesignerdepot.com,direct.adsrvr.org,request,2.6-202606,openrtb.type.mismatch,error,site.ref,3.2.13
p000999,webdesignerdepot.com,direct.adsrvr.org,request,2.6-202606,openrtb.type.mismatch,error,site.ref,3.2.13
p001000,webdesignerdepot.com,direct.adsrvr.org,request,2.6-202606,openrtb.field.deprecated,warning,imp[0].video.placement,Section 3.2.7
p001000,webdesignerdepot.com,direct.adsrvr.org,request,2.6-202606,openrtb.value.invalid,error,imp[0].video.skip,3.2.7
p001000,webdesignerdepot.com,direct.adsrvr.org,request,2.6-202606,openrtb.type.mismatch,error,site.ref,3.2.13
p001001,webdesignerdepot.com,direct.adsrvr.org,request,2.6-202606,openrtb.field.deprecated,warning,imp[1].video.placement,Section 3.2.7
p001001,webdesignerdepot.com,direct.adsrvr.org,request,2.6-202606,openrtb.value.invalid,error,imp[1].video.skip,3.2.7
p001001,webdesignerdepot.com,direct.adsrvr.org,request,2.6-202606,openrtb.type.mismatch,error,site.ref,3.2.13
p001002,webdesignerdepot.com,direct.adsrvr.org,request,2.6-202606,openrtb.type.mismatch,error,site.ref,3.2.13
p001003,webdesignerdepot.com,direct.adsrvr.org,request,2.6-202606,openrtb.type.mismatch,error,site.ref,3.2.13
p001004,webdesignerdepot.com,direct.adsrvr.org,request,2.6-202606,openrtb.field.deprecated,warning,imp[1].video.placement,Section 3.2.7
p001004,webdesignerdepot.com,direct.adsrvr.org,request,2.6-202606,openrtb.value.invalid,error,imp[1].video.skip,3.2.7
p001004,webdesignerdepot.com,direct.adsrvr.org,request,2.6-202606,openrtb.type.mismatch,error,site.ref,3.2.13
p001005,webdesignerdepot.com,direct.adsrvr.org,request,2.6-202606,openrtb.field.deprecated,warning,imp[0].video.placement,Section 3.2.7
p001005,webdesignerdepot.com,direct.adsrvr.org,request,2.6-202606,openrtb.value.invalid,error,imp[0].video.skip,3.2.7
p001005,webdesignerdepot.com,direct.adsrvr.org,request,2.6-202606,openrtb.type.mismatch,error,site.ref,3.2.13
p001006,webdesignerdepot.com,direct.adsrvr.org,request,2.6-202606,openrtb.field.deprecated,warning,imp[0].video.placement,Section 3.2.7
p001006,webdesignerdepot.com,direct.adsrvr.org,request,2.6-202606,openrtb.value.invalid,error,imp[0].video.skip,3.2.7
p001006,webdesignerdepot.com,direct.adsrvr.org,request,2.6-202606,openrtb.type.mismatch,error,site.ref,3.2.13
p001007,webdesignerdepot.com,direct.adsrvr.org,request,2.6-202606,openrtb.field.deprecated,warning,imp[0].video.placement,Section 3.2.7
p001007,webdesignerdepot.com,direct.adsrvr.org,request,2.6-202606,openrtb.value.invalid,error,imp[0].video.skip,3.2.7
p001007,webdesignerdepot.com,direct.adsrvr.org,request,2.6-202606,openrtb.type.mismatch,error,site.ref,3.2.13
p001018,em.com.br,display.bidder.taboola.com,request,2.6-202606,openrtb.type.mismatch,error,imp[0].bidfloor,3.2.4
p001018,em.com.br,display.bidder.taboola.com,request,2.6-202606,openrtb.type.mismatch,error,imp[1].bidfloor,3.2.4
p001018,em.com.br,display.bidder.taboola.com,request,2.6-202606,openrtb.type.mismatch,error,imp[2].bidfloor,3.2.4
p001018,em.com.br,display.bidder.taboola.com,request,2.6-202606,openrtb.type.mismatch,error,imp[3].bidfloor,3.2.4
p001018,em.com.br,display.bidder.taboola.com,request,2.6-202606,openrtb.type.mismatch,error,imp[4].bidfloor,3.2.4
p001018,em.com.br,display.bidder.taboola.com,request,2.6-202606,openrtb.type.mismatch,error,imp[5].bidfloor,3.2.4
p001018,em.com.br,display.bidder.taboola.com,request,2.6-202606,openrtb.field.required,error,imp[5].video.mimes,3.2.7
p001018,em.com.br,display.bidder.taboola.com,request,2.6-202606,openrtb.type.mismatch,error,imp[6].bidfloor,3.2.4
p001018,em.com.br,display.bidder.taboola.com,request,2.6-202606,openrtb.field.required,error,imp[6].video.mimes,3.2.7
p001018,em.com.br,display.bidder.taboola.com,request,2.6-202606,openrtb.type.mismatch,error,imp[7].bidfloor,3.2.4
p001018,em.com.br,display.bidder.taboola.com,request,2.6-202606,openrtb.field.required,error,imp[7].video.mimes,3.2.7
p001018,em.com.br,display.bidder.taboola.com,request,2.6-202606,openrtb.type.mismatch,error,imp[8].bidfloor,3.2.4
p001018,em.com.br,display.bidder.taboola.com,request,2.6-202606,openrtb.field.required,error,imp[8].video.mimes,3.2.7
p001018,em.com.br,display.bidder.taboola.com,request,2.6-202606,openrtb.type.mismatch,error,imp[9].bidfloor,3.2.4
p001018,em.com.br,display.bidder.taboola.com,request,2.6-202606,openrtb.type.mismatch,error,imp[10].bidfloor,3.2.4
p001019,em.com.br,display.bidder.taboola.com,request,2.6-202606,openrtb.type.mismatch,error,imp[0].bidfloor,3.2.4
p001020,em.com.br,display.bidder.taboola.com,request,2.6-202606,openrtb.type.mismatch,error,imp[0].bidfloor,3.2.4
p001021,em.com.br,display.bidder.taboola.com,request,2.6-202606,openrtb.type.mismatch,error,imp[0].bidfloor,3.2.4
p001022,em.com.br,display.bidder.taboola.com,request,2.6-202606,openrtb.type.mismatch,error,imp[0].bidfloor,3.2.4
p001022,em.com.br,display.bidder.taboola.com,request,2.6-202606,openrtb.type.mismatch,error,imp[1].bidfloor,3.2.4
p001022,em.com.br,display.bidder.taboola.com,request,2.6-202606,openrtb.type.mismatch,error,imp[2].bidfloor,3.2.4
p001022,em.com.br,display.bidder.taboola.com,request,2.6-202606,openrtb.type.mismatch,error,imp[3].bidfloor,3.2.4
p001022,em.com.br,display.bidder.taboola.com,request,2.6-202606,openrtb.type.mismatch,error,imp[4].bidfloor,3.2.4
p001022,em.com.br,display.bidder.taboola.com,request,2.6-202606,openrtb.type.mismatch,error,imp[5].bidfloor,3.2.4
p001022,em.com.br,display.bidder.taboola.com,request,2.6-202606,openrtb.field.required,error,imp[5].video.mimes,3.2.7
p001022,em.com.br,display.bidder.taboola.com,request,2.6-202606,openrtb.type.mismatch,error,imp[6].bidfloor,3.2.4
p001022,em.com.br,display.bidder.taboola.com,request,2.6-202606,openrtb.field.required,error,imp[6].video.mimes,3.2.7
p001022,em.com.br,display.bidder.taboola.com,request,2.6-202606,openrtb.type.mismatch,error,imp[7].bidfloor,3.2.4
p001022,em.com.br,display.bidder.taboola.com,request,2.6-202606,openrtb.field.required,error,imp[7].video.mimes,3.2.7
p001022,em.com.br,display.bidder.taboola.com,request,2.6-202606,openrtb.type.mismatch,error,imp[8].bidfloor,3.2.4
p001022,em.com.br,display.bidder.taboola.com,request,2.6-202606,openrtb.field.required,error,imp[8].video.mimes,3.2.7
p001022,em.com.br,display.bidder.taboola.com,request,2.6-202606,openrtb.type.mismatch,error,imp[9].bidfloor,3.2.4
p001022,em.com.br,display.bidder.taboola.com,request,2.6-202606,openrtb.type.mismatch,error,imp[10].bidfloor,3.2.4
p001023,fox11online.com,display.bidder.taboola.com,request,2.6-202606,openrtb.field.moved,error,regs.ext.gdpr,Section 3.2.3
p001024,fox11online.com,display.bidder.taboola.com,request,2.6-202606,openrtb.field.moved,error,regs.ext.gdpr,Section 3.2.3
p001025,loksatta.com,display.bidder.taboola.com,request,2.6-202606,openrtb.type.mismatch,error,imp[0].bidfloor,3.2.4
p001025,loksatta.com,display.bidder.taboola.com,request,2.6-202606,openrtb.type.mismatch,error,imp[1].bidfloor,3.2.4
p001025,loksatta.com,display.bidder.taboola.com,request,2.6-202606,openrtb.type.mismatch,error,imp[2].bidfloor,3.2.4
p001025,loksatta.com,display.bidder.taboola.com,request,2.6-202606,openrtb.type.mismatch,error,imp[3].bidfloor,3.2.4
p001025,loksatta.com,display.bidder.taboola.com,request,2.6-202606,openrtb.type.mismatch,error,imp[4].bidfloor,3.2.4
p001025,loksatta.com,display.bidder.taboola.com,request,2.6-202606,openrtb.type.mismatch,error,imp[5].bidfloor,3.2.4
p001025,loksatta.com,display.bidder.taboola.com,request,2.6-202606,openrtb.type.mismatch,error,imp[6].bidfloor,3.2.4
p001025,loksatta.com,display.bidder.taboola.com,request,2.6-202606,openrtb.type.mismatch,error,imp[7].bidfloor,3.2.4
p001032,nbcconnecticut.com,display.bidder.taboola.com,request,2.6-202606,openrtb.type.mismatch,error,imp[0].bidfloor,3.2.4
p001032,nbcconnecticut.com,display.bidder.taboola.com,request,2.6-202606,openrtb.type.mismatch,error,user.buyeruid,3.2.20
p001033,nbcconnecticut.com,display.bidder.taboola.com,request,2.6-202606,openrtb.type.mismatch,error,imp[0].bidfloor,3.2.4
p001033,nbcconnecticut.com,display.bidder.taboola.com,request,2.6-202606,openrtb.type.mismatch,error,user.buyeruid,3.2.20
p001034,nbcconnecticut.com,display.bidder.taboola.com,request,2.6-202606,openrtb.type.mismatch,error,imp[0].bidfloor,3.2.4
p001034,nbcconnecticut.com,display.bidder.taboola.com,request,2.6-202606,openrtb.type.mismatch,error,user.buyeruid,3.2.20
p001035,nbcconnecticut.com,display.bidder.taboola.com,request,2.6-202606,openrtb.type.mismatch,error,imp[0].bidfloor,3.2.4
p001035,nbcconnecticut.com,display.bidder.taboola.com,request,2.6-202606,openrtb.type.mismatch,error,user.buyeruid,3.2.20
p001036,nbcconnecticut.com,display.bidder.taboola.com,request,2.6-202606,openrtb.type.mismatch,error,imp[0].bidfloor,3.2.4
p001036,nbcconnecticut.com,display.bidder.taboola.com,request,2.6-202606,openrtb.type.mismatch,error,user.buyeruid,3.2.20
p001037,nbcconnecticut.com,display.bidder.taboola.com,request,2.6-202606,openrtb.type.mismatch,error,imp[0].bidfloor,3.2.4
p001037,nbcconnecticut.com,display.bidder.taboola.com,request,2.6-202606,openrtb.type.mismatch,error,user.buyeruid,3.2.20
p001038,nbcconnecticut.com,display.bidder.taboola.com,request,2.6-202606,openrtb.type.mismatch,error,imp[0].bidfloor,3.2.4
p001038,nbcconnecticut.com,display.bidder.taboola.com,request,2.6-202606,openrtb.type.mismatch,error,user.buyeruid,3.2.20
p001039,nbcconnecticut.com,display.bidder.taboola.com,request,2.6-202606,openrtb.type.mismatch,error,imp[0].bidfloor,3.2.4
p001039,nbcconnecticut.com,display.bidder.taboola.com,request,2.6-202606,openrtb.type.mismatch,error,user.buyeruid,3.2.20
p001040,nbcconnecticut.com,display.bidder.taboola.com,request,2.6-202606,openrtb.type.mismatch,error,imp[0].bidfloor,3.2.4
p001040,nbcconnecticut.com,display.bidder.taboola.com,request,2.6-202606,openrtb.type.mismatch,error,user.buyeruid,3.2.20
p001041,rawstory.com,display.bidder.taboola.com,request,2.6-202606,openrtb.field.moved,error,regs.ext.gdpr,Section 3.2.3
p001041,rawstory.com,display.bidder.taboola.com,request,2.6-202606,openrtb.field.moved,error,user.ext.consent,Section 3.2.20
p001042,rawstory.com,display.bidder.taboola.com,request,2.6-202606,openrtb.field.moved,error,regs.ext.gdpr,Section 3.2.3
p001042,rawstory.com,display.bidder.taboola.com,request,2.6-202606,openrtb.field.moved,error,user.ext.consent,Section 3.2.20
p001043,rawstory.com,display.bidder.taboola.com,request,2.6-202606,openrtb.field.moved,error,regs.ext.gdpr,Section 3.2.3
p001043,rawstory.com,display.bidder.taboola.com,request,2.6-202606,openrtb.field.moved,error,user.ext.consent,Section 3.2.20
p001044,rawstory.com,display.bidder.taboola.com,request,2.6-202606,openrtb.field.moved,error,regs.ext.gdpr,Section 3.2.3
p001044,rawstory.com,display.bidder.taboola.com,request,2.6-202606,openrtb.field.moved,error,user.ext.consent,Section 3.2.20
p001045,sozcu.com.tr,display.bidder.taboola.com,request,2.6-202606,openrtb.type.mismatch,error,imp[0].bidfloor,3.2.4
p001045,sozcu.com.tr,display.bidder.taboola.com,request,2.6-202606,openrtb.type.mismatch,error,imp[1].bidfloor,3.2.4
p001045,sozcu.com.tr,display.bidder.taboola.com,request,2.6-202606,openrtb.type.mismatch,error,imp[2].bidfloor,3.2.4
p001045,sozcu.com.tr,display.bidder.taboola.com,request,2.6-202606,openrtb.type.mismatch,error,imp[3].bidfloor,3.2.4
p001045,sozcu.com.tr,display.bidder.taboola.com,request,2.6-202606,openrtb.type.mismatch,error,site.id,3.2.13
p001045,sozcu.com.tr,display.bidder.taboola.com,request,2.6-202606,openrtb.type.mismatch,error,site.name,3.2.13
p001045,sozcu.com.tr,display.bidder.taboola.com,request,2.6-202606,openrtb.type.mismatch,error,site.publisher.id,3.2.15
p001045,sozcu.com.tr,display.bidder.taboola.com,request,2.6-202606,openrtb.type.mismatch,error,user.buyeruid,3.2.20
p001046,sozcu.com.tr,display.bidder.taboola.com,request,2.6-202606,openrtb.type.mismatch,error,imp[0].bidfloor,3.2.4
p001046,sozcu.com.tr,display.bidder.taboola.com,request,2.6-202606,openrtb.type.mismatch,error,site.id,3.2.13
p001046,sozcu.com.tr,display.bidder.taboola.com,request,2.6-202606,openrtb.type.mismatch,error,site.name,3.2.13
p001046,sozcu.com.tr,display.bidder.taboola.com,request,2.6-202606,openrtb.type.mismatch,error,site.publisher.id,3.2.15
p001047,sozcu.com.tr,display.bidder.taboola.com,request,2.6-202606,openrtb.type.mismatch,error,imp[0].bidfloor,3.2.4
p001047,sozcu.com.tr,display.bidder.taboola.com,request,2.6-202606,openrtb.type.mismatch,error,site.id,3.2.13
p001047,sozcu.com.tr,display.bidder.taboola.com,request,2.6-202606,openrtb.type.mismatch,error,site.name,3.2.13
p001047,sozcu.com.tr,display.bidder.taboola.com,request,2.6-202606,openrtb.type.mismatch,error,site.publisher.id,3.2.15
p001048,sozcu.com.tr,display.bidder.taboola.com,request,2.6-202606,openrtb.type.mismatch,error,imp[0].bidfloor,3.2.4
p001048,sozcu.com.tr,display.bidder.taboola.com,request,2.6-202606,openrtb.type.mismatch,error,site.id,3.2.13
p001048,sozcu.com.tr,display.bidder.taboola.com,request,2.6-202606,openrtb.type.mismatch,error,site.name,3.2.13
p001048,sozcu.com.tr,display.bidder.taboola.com,request,2.6-202606,openrtb.type.mismatch,error,site.publisher.id,3.2.15
p001049,sozcu.com.tr,display.bidder.taboola.com,request,2.6-202606,openrtb.type.mismatch,error,imp[0].bidfloor,3.2.4
p001049,sozcu.com.tr,display.bidder.taboola.com,request,2.6-202606,openrtb.type.mismatch,error,imp[1].bidfloor,3.2.4
p001049,sozcu.com.tr,display.bidder.taboola.com,request,2.6-202606,openrtb.type.mismatch,error,imp[2].bidfloor,3.2.4
p001049,sozcu.com.tr,display.bidder.taboola.com,request,2.6-202606,openrtb.type.mismatch,error,imp[3].bidfloor,3.2.4
p001049,sozcu.com.tr,display.bidder.taboola.com,request,2.6-202606,openrtb.type.mismatch,error,site.id,3.2.13
p001049,sozcu.com.tr,display.bidder.taboola.com,request,2.6-202606,openrtb.type.mismatch,error,site.name,3.2.13
p001049,sozcu.com.tr,display.bidder.taboola.com,request,2.6-202606,openrtb.type.mismatch,error,site.publisher.id,3.2.15
p001050,sozcu.com.tr,display.bidder.taboola.com,request,2.6-202606,openrtb.type.mismatch,error,imp[0].bidfloor,3.2.4
p001050,sozcu.com.tr,display.bidder.taboola.com,request,2.6-202606,openrtb.type.mismatch,error,site.id,3.2.13
p001050,sozcu.com.tr,display.bidder.taboola.com,request,2.6-202606,openrtb.type.mismatch,error,site.name,3.2.13
p001050,sozcu.com.tr,display.bidder.taboola.com,request,2.6-202606,openrtb.type.mismatch,error,site.publisher.id,3.2.15
p001051,sozcu.com.tr,display.bidder.taboola.com,request,2.6-202606,openrtb.type.mismatch,error,imp[0].bidfloor,3.2.4
p001051,sozcu.com.tr,display.bidder.taboola.com,request,2.6-202606,openrtb.type.mismatch,error,site.id,3.2.13
p001051,sozcu.com.tr,display.bidder.taboola.com,request,2.6-202606,openrtb.type.mismatch,error,site.name,3.2.13
p001051,sozcu.com.tr,display.bidder.taboola.com,request,2.6-202606,openrtb.type.mismatch,error,site.publisher.id,3.2.15
p001054,em.com.br,display.bidder.taboola.com,response,2.6-202606,openrtb.bid.mtype_missing,warning,seatbid[0].bid[0].mtype,4.2.3
p001054,em.com.br,display.bidder.taboola.com,response,2.6-202606,openrtb.bid.mtype_missing,warning,seatbid[0].bid[1].mtype,4.2.3
p001054,em.com.br,display.bidder.taboola.com,response,2.6-202606,openrtb.bid.mtype_missing,warning,seatbid[0].bid[2].mtype,4.2.3
p001054,em.com.br,display.bidder.taboola.com,response,2.6-202606,openrtb.bid.mtype_missing,warning,seatbid[0].bid[3].mtype,4.2.3
p001054,em.com.br,display.bidder.taboola.com,response,2.6-202606,openrtb.bid.mtype_missing,warning,seatbid[0].bid[4].mtype,4.2.3
p001054,em.com.br,display.bidder.taboola.com,response,2.6-202606,openrtb.bid.mtype_missing,warning,seatbid[0].bid[5].mtype,4.2.3
p001054,em.com.br,display.bidder.taboola.com,response,2.6-202606,openrtb.bid.mtype_missing,warning,seatbid[0].bid[6].mtype,4.2.3
p001054,em.com.br,display.bidder.taboola.com,response,2.6-202606,openrtb.bid.mtype_missing,warning,seatbid[0].bid[7].mtype,4.2.3
p001054,em.com.br,display.bidder.taboola.com,response,2.6-202606,openrtb.bid.mtype_missing,warning,seatbid[0].bid[8].mtype,4.2.3
p001054,em.com.br,display.bidder.taboola.com,response,2.6-202606,openrtb.bid.mtype_missing,warning,seatbid[0].bid[9].mtype,4.2.3
p001054,em.com.br,display.bidder.taboola.com,response,2.6-202606,openrtb.bid.mtype_missing,warning,seatbid[0].bid[10].mtype,4.2.3
p001055,em.com.br,display.bidder.taboola.com,response,2.6-202606,openrtb.bid.mtype_missing,warning,seatbid[0].bid[0].mtype,4.2.3
p001056,em.com.br,display.bidder.taboola.com,response,2.6-202606,openrtb.bid.mtype_missing,warning,seatbid[0].bid[0].mtype,4.2.3
p001057,em.com.br,display.bidder.taboola.com,response,2.6-202606,openrtb.bid.mtype_missing,warning,seatbid[0].bid[0].mtype,4.2.3
p001058,em.com.br,display.bidder.taboola.com,response,2.6-202606,openrtb.bid.mtype_missing,warning,seatbid[0].bid[0].mtype,4.2.3
p001058,em.com.br,display.bidder.taboola.com,response,2.6-202606,openrtb.bid.mtype_missing,warning,seatbid[0].bid[1].mtype,4.2.3
p001058,em.com.br,display.bidder.taboola.com,response,2.6-202606,openrtb.bid.mtype_missing,warning,seatbid[0].bid[2].mtype,4.2.3
p001058,em.com.br,display.bidder.taboola.com,response,2.6-202606,openrtb.bid.mtype_missing,warning,seatbid[0].bid[3].mtype,4.2.3
p001058,em.com.br,display.bidder.taboola.com,response,2.6-202606,openrtb.bid.mtype_missing,warning,seatbid[0].bid[4].mtype,4.2.3
p001059,fox11online.com,display.bidder.taboola.com,response,2.6-202606,openrtb.bid.mtype_missing,warning,seatbid[0].bid[0].mtype,4.2.3
p001060,montgomeryadvertiser.com,display.bidder.taboola.com,response,2.6-202606,openrtb.bid.mtype_missing,warning,seatbid[0].bid[0].mtype,4.2.3
p001061,tennessean.com,display.bidder.taboola.com,response,2.6-202606,openrtb.bid.mtype_missing,warning,seatbid[0].bid[0].mtype,4.2.3
p001061,tennessean.com,display.bidder.taboola.com,response,2.6-202606,openrtb.bid.mtype_missing,warning,seatbid[0].bid[1].mtype,4.2.3
p001062,autoexpress.co.uk,elb.the-ozone-project.com,request,2.5,openrtb.field.undefined,error,imp[0].placementId,3.2.4
p001063,autoexpress.co.uk,elb.the-ozone-project.com,request,2.5,openrtb.field.undefined,error,imp[0].placementId,3.2.4
p001064,autoexpress.co.uk,elb.the-ozone-project.com,request,2.5,openrtb.field.undefined,error,imp[0].placementId,3.2.4
p001065,autoexpress.co.uk,elb.the-ozone-project.com,request,2.5,openrtb.field.undefined,error,imp[0].placementId,3.2.4
p001066,autoexpress.co.uk,elb.the-ozone-project.com,request,2.5,openrtb.field.undefined,error,imp[0].placementId,3.2.4
p001067,autoexpress.co.uk,elb.the-ozone-project.com,request,2.5,openrtb.field.undefined,error,imp[0].placementId,3.2.4
p001068,autoexpress.co.uk,elb.the-ozone-project.com,request,2.5,openrtb.field.undefined,error,imp[0].placementId,3.2.4
p001069,autoexpress.co.uk,elb.the-ozone-project.com,request,2.5,openrtb.field.undefined,error,imp[0].placementId,3.2.4
p001070,businessinsider.com,elb.the-ozone-project.com,request,2.5,openrtb.field.undefined,error,imp[0].floor,3.2.4
p001070,businessinsider.com,elb.the-ozone-project.com,request,2.5,openrtb.field.undefined,error,imp[0].placementId,3.2.4
p001071,businessinsider.com,elb.the-ozone-project.com,request,2.5,openrtb.field.undefined,error,imp[0].floor,3.2.4
p001071,businessinsider.com,elb.the-ozone-project.com,request,2.5,openrtb.field.undefined,error,imp[0].placementId,3.2.4
p001072,businessinsider.com,elb.the-ozone-project.com,request,2.5,openrtb.field.undefined,error,imp[0].placementId,3.2.4
p001073,businessinsider.com,elb.the-ozone-project.com,request,2.5,openrtb.field.undefined,error,imp[0].placementId,3.2.4
p001074,giantfreakinrobot.com,elb.the-ozone-project.com,request,2.5,openrtb.field.undefined,error,imp[0].placementId,3.2.4
p001075,giantfreakinrobot.com,elb.the-ozone-project.com,request,2.5,openrtb.field.undefined,error,imp[0].placementId,3.2.4
p001075,giantfreakinrobot.com,elb.the-ozone-project.com,request,2.5,openrtb.field.undefined,error,imp[0].video.plcmt,3.2.7
p001075,giantfreakinrobot.com,elb.the-ozone-project.com,request,2.5,openrtb.field.undefined,error,imp[1].placementId,3.2.4
p001076,giantfreakinrobot.com,elb.the-ozone-project.com,request,2.5,openrtb.field.undefined,error,imp[0].placementId,3.2.4
p001077,giantfreakinrobot.com,elb.the-ozone-project.com,request,2.5,openrtb.field.undefined,error,imp[0].placementId,3.2.4
p001078,howlongtobeat.com,elb.the-ozone-project.com,request,2.5,openrtb.field.undefined,error,imp[0].placementId,3.2.4
p001078,howlongtobeat.com,elb.the-ozone-project.com,request,2.5,openrtb.field.undefined,error,imp[1].placementId,3.2.4
p001078,howlongtobeat.com,elb.the-ozone-project.com,request,2.5,openrtb.field.undefined,error,imp[2].placementId,3.2.4
p001078,howlongtobeat.com,elb.the-ozone-project.com,request,2.5,openrtb.field.undefined,error,imp[3].placementId,3.2.4
p001079,nesn.com,elb.the-ozone-project.com,request,2.5,openrtb.field.undefined,error,device.sua,3.2.18
p001079,nesn.com,elb.the-ozone-project.com,request,2.5,openrtb.field.undefined,error,imp[0].placementId,3.2.4
p001080,nesn.com,elb.the-ozone-project.com,request,2.5,openrtb.field.undefined,error,device.sua,3.2.18
p001080,nesn.com,elb.the-ozone-project.com,request,2.5,openrtb.field.undefined,error,imp[0].placementId,3.2.4
p001081,nesn.com,elb.the-ozone-project.com,request,2.5,openrtb.field.undefined,error,device.sua,3.2.18
p001081,nesn.com,elb.the-ozone-project.com,request,2.5,openrtb.field.undefined,error,imp[0].placementId,3.2.4
p001081,nesn.com,elb.the-ozone-project.com,request,2.5,openrtb.field.undefined,error,imp[1].placementId,3.2.4
p001081,nesn.com,elb.the-ozone-project.com,request,2.5,openrtb.field.undefined,error,imp[2].placementId,3.2.4
p001082,nintendoeverything.com,elb.the-ozone-project.com,request,2.5,openrtb.field.undefined,error,imp[0].placementId,3.2.4
p001082,nintendoeverything.com,elb.the-ozone-project.com,request,2.5,openrtb.field.undefined,error,imp[1].placementId,3.2.4
p001082,nintendoeverything.com,elb.the-ozone-project.com,request,2.5,openrtb.field.undefined,error,imp[2].placementId,3.2.4
p001082,nintendoeverything.com,elb.the-ozone-project.com,request,2.5,openrtb.field.undefined,error,imp[2].video.plcmt,3.2.7
p001083,nintendoeverything.com,elb.the-ozone-project.com,request,2.5,openrtb.field.undefined,error,imp[0].placementId,3.2.4
p001083,nintendoeverything.com,elb.the-ozone-project.com,request,2.5,openrtb.field.undefined,error,imp[1].placementId,3.2.4
p001083,nintendoeverything.com,elb.the-ozone-project.com,request,2.5,openrtb.field.undefined,error,imp[2].placementId,3.2.4
p001083,nintendoeverything.com,elb.the-ozone-project.com,request,2.5,openrtb.field.undefined,error,imp[2].video.plcmt,3.2.7
p001083,nintendoeverything.com,elb.the-ozone-project.com,request,2.5,openrtb.field.undefined,error,imp[3].placementId,3.2.4
p001083,nintendoeverything.com,elb.the-ozone-project.com,request,2.5,openrtb.field.undefined,error,imp[4].placementId,3.2.4
p001083,nintendoeverything.com,elb.the-ozone-project.com,request,2.5,openrtb.field.undefined,error,imp[4].video.plcmt,3.2.7
p001083,nintendoeverything.com,elb.the-ozone-project.com,request,2.5,openrtb.field.undefined,error,imp[5].placementId,3.2.4
p001083,nintendoeverything.com,elb.the-ozone-project.com,request,2.5,openrtb.field.undefined,error,imp[6].placementId,3.2.4
p001083,nintendoeverything.com,elb.the-ozone-project.com,request,2.5,openrtb.field.undefined,error,imp[7].placementId,3.2.4
p001083,nintendoeverything.com,elb.the-ozone-project.com,request,2.5,openrtb.field.undefined,error,imp[7].video.plcmt,3.2.7
p001083,nintendoeverything.com,elb.the-ozone-project.com,request,2.5,openrtb.field.undefined,error,imp[8].placementId,3.2.4
p001084,nintendoeverything.com,elb.the-ozone-project.com,request,2.5,openrtb.field.undefined,error,imp[0].placementId,3.2.4
p001084,nintendoeverything.com,elb.the-ozone-project.com,request,2.5,openrtb.field.undefined,error,imp[0].video.plcmt,3.2.7
p001084,nintendoeverything.com,elb.the-ozone-project.com,request,2.5,openrtb.field.undefined,error,imp[1].placementId,3.2.4
p001085,nintendoeverything.com,elb.the-ozone-project.com,request,2.5,openrtb.field.undefined,error,imp[0].placementId,3.2.4
p001085,nintendoeverything.com,elb.the-ozone-project.com,request,2.5,openrtb.field.undefined,error,imp[1].placementId,3.2.4
p001085,nintendoeverything.com,elb.the-ozone-project.com,request,2.5,openrtb.field.undefined,error,imp[1].video.plcmt,3.2.7
p001086,nintendoeverything.com,elb.the-ozone-project.com,request,2.5,openrtb.field.undefined,error,imp[0].placementId,3.2.4
p001086,nintendoeverything.com,elb.the-ozone-project.com,request,2.5,openrtb.field.undefined,error,imp[1].placementId,3.2.4
p001086,nintendoeverything.com,elb.the-ozone-project.com,request,2.5,openrtb.field.undefined,error,imp[2].placementId,3.2.4
p001086,nintendoeverything.com,elb.the-ozone-project.com,request,2.5,openrtb.field.undefined,error,imp[2].video.plcmt,3.2.7
p001086,nintendoeverything.com,elb.the-ozone-project.com,request,2.5,openrtb.field.undefined,error,imp[3].placementId,3.2.4
p001086,nintendoeverything.com,elb.the-ozone-project.com,request,2.5,openrtb.field.undefined,error,imp[4].placementId,3.2.4
p001086,nintendoeverything.com,elb.the-ozone-project.com,request,2.5,openrtb.field.undefined,error,imp[4].video.plcmt,3.2.7
p001086,nintendoeverything.com,elb.the-ozone-project.com,request,2.5,openrtb.field.undefined,error,imp[5].placementId,3.2.4
p001087,nintendoeverything.com,elb.the-ozone-project.com,request,2.5,openrtb.field.undefined,error,imp[0].placementId,3.2.4
p001087,nintendoeverything.com,elb.the-ozone-project.com,request,2.5,openrtb.field.undefined,error,imp[1].placementId,3.2.4
p001087,nintendoeverything.com,elb.the-ozone-project.com,request,2.5,openrtb.field.undefined,error,imp[1].video.plcmt,3.2.7
p001087,nintendoeverything.com,elb.the-ozone-project.com,request,2.5,openrtb.field.undefined,error,imp[2].placementId,3.2.4
p001088,nintendoeverything.com,elb.the-ozone-project.com,request,2.5,openrtb.field.undefined,error,imp[0].placementId,3.2.4
p001088,nintendoeverything.com,elb.the-ozone-project.com,request,2.5,openrtb.field.undefined,error,imp[0].video.plcmt,3.2.7
p001089,nintendoeverything.com,elb.the-ozone-project.com,request,2.5,openrtb.field.undefined,error,imp[0].placementId,3.2.4
p001089,nintendoeverything.com,elb.the-ozone-project.com,request,2.5,openrtb.field.undefined,error,imp[0].video.plcmt,3.2.7
p001089,nintendoeverything.com,elb.the-ozone-project.com,request,2.5,openrtb.field.undefined,error,imp[1].placementId,3.2.4
p001090,nintendoeverything.com,elb.the-ozone-project.com,request,2.5,openrtb.field.undefined,error,imp[0].placementId,3.2.4
p001090,nintendoeverything.com,elb.the-ozone-project.com,request,2.5,openrtb.field.undefined,error,imp[0].video.plcmt,3.2.7
p001091,thesun.ie,elb.the-ozone-project.com,request,2.5,openrtb.field.undefined,error,imp[0].floor,3.2.4
p001091,thesun.ie,elb.the-ozone-project.com,request,2.5,openrtb.field.undefined,error,imp[0].placementId,3.2.4
p001091,thesun.ie,elb.the-ozone-project.com,request,2.5,openrtb.field.undefined,error,imp[1].floor,3.2.4
p001091,thesun.ie,elb.the-ozone-project.com,request,2.5,openrtb.field.undefined,error,imp[1].placementId,3.2.4
p001091,thesun.ie,elb.the-ozone-project.com,request,2.5,openrtb.field.undefined,error,imp[2].floor,3.2.4
p001091,thesun.ie,elb.the-ozone-project.com,request,2.5,openrtb.field.undefined,error,imp[2].placementId,3.2.4
p001091,thesun.ie,elb.the-ozone-project.com,request,2.5,openrtb.field.undefined,error,imp[3].floor,3.2.4
p001091,thesun.ie,elb.the-ozone-project.com,request,2.5,openrtb.field.undefined,error,imp[3].placementId,3.2.4
p001091,thesun.ie,elb.the-ozone-project.com,request,2.5,openrtb.field.undefined,error,imp[4].floor,3.2.4
p001091,thesun.ie,elb.the-ozone-project.com,request,2.5,openrtb.field.undefined,error,imp[4].placementId,3.2.4
p001091,thesun.ie,elb.the-ozone-project.com,request,2.5,openrtb.field.undefined,error,imp[5].floor,3.2.4
p001091,thesun.ie,elb.the-ozone-project.com,request,2.5,openrtb.field.undefined,error,imp[5].placementId,3.2.4
p001091,thesun.ie,elb.the-ozone-project.com,request,2.5,openrtb.field.undefined,error,imp[6].floor,3.2.4
p001091,thesun.ie,elb.the-ozone-project.com,request,2.5,openrtb.field.undefined,error,imp[6].placementId,3.2.4
p001091,thesun.ie,elb.the-ozone-project.com,request,2.5,openrtb.field.undefined,error,imp[7].floor,3.2.4
p001091,thesun.ie,elb.the-ozone-project.com,request,2.5,openrtb.field.undefined,error,imp[7].placementId,3.2.4
p001091,thesun.ie,elb.the-ozone-project.com,request,2.5,openrtb.field.undefined,error,imp[8].floor,3.2.4
p001091,thesun.ie,elb.the-ozone-project.com,request,2.5,openrtb.field.undefined,error,imp[8].placementId,3.2.4
p001091,thesun.ie,elb.the-ozone-project.com,request,2.5,openrtb.field.undefined,error,imp[9].floor,3.2.4
p001091,thesun.ie,elb.the-ozone-project.com,request,2.5,openrtb.field.undefined,error,imp[9].placementId,3.2.4
p001092,thesun.ie,elb.the-ozone-project.com,request,2.5,openrtb.field.undefined,error,imp[0].floor,3.2.4
p001092,thesun.ie,elb.the-ozone-project.com,request,2.5,openrtb.field.undefined,error,imp[0].placementId,3.2.4
p001092,thesun.ie,elb.the-ozone-project.com,request,2.5,openrtb.field.undefined,error,imp[1].floor,3.2.4
p001092,thesun.ie,elb.the-ozone-project.com,request,2.5,openrtb.field.undefined,error,imp[1].placementId,3.2.4
p001093,thesun.ie,elb.the-ozone-project.com,request,2.5,openrtb.field.undefined,error,imp[0].floor,3.2.4
p001093,thesun.ie,elb.the-ozone-project.com,request,2.5,openrtb.field.undefined,error,imp[0].placementId,3.2.4
p001093,thesun.ie,elb.the-ozone-project.com,request,2.5,openrtb.field.undefined,error,imp[1].floor,3.2.4
p001093,thesun.ie,elb.the-ozone-project.com,request,2.5,openrtb.field.undefined,error,imp[1].placementId,3.2.4
p001094,thesun.ie,elb.the-ozone-project.com,request,2.5,openrtb.field.undefined,error,imp[0].floor,3.2.4
p001094,thesun.ie,elb.the-ozone-project.com,request,2.5,openrtb.field.undefined,error,imp[0].placementId,3.2.4
p001094,thesun.ie,elb.the-ozone-project.com,request,2.5,openrtb.field.undefined,error,imp[1].floor,3.2.4
p001094,thesun.ie,elb.the-ozone-project.com,request,2.5,openrtb.field.undefined,error,imp[1].placementId,3.2.4
p001094,thesun.ie,elb.the-ozone-project.com,request,2.5,openrtb.field.undefined,error,imp[2].floor,3.2.4
p001094,thesun.ie,elb.the-ozone-project.com,request,2.5,openrtb.field.undefined,error,imp[2].placementId,3.2.4
p001094,thesun.ie,elb.the-ozone-project.com,request,2.5,openrtb.field.undefined,error,imp[3].floor,3.2.4
p001094,thesun.ie,elb.the-ozone-project.com,request,2.5,openrtb.field.undefined,error,imp[3].placementId,3.2.4
p001094,thesun.ie,elb.the-ozone-project.com,request,2.5,openrtb.field.undefined,error,imp[4].floor,3.2.4
p001094,thesun.ie,elb.the-ozone-project.com,request,2.5,openrtb.field.undefined,error,imp[4].placementId,3.2.4
p001094,thesun.ie,elb.the-ozone-project.com,request,2.5,openrtb.field.undefined,error,imp[5].floor,3.2.4
p001094,thesun.ie,elb.the-ozone-project.com,request,2.5,openrtb.field.undefined,error,imp[5].placementId,3.2.4
p001094,thesun.ie,elb.the-ozone-project.com,request,2.5,openrtb.field.undefined,error,imp[6].floor,3.2.4
p001094,thesun.ie,elb.the-ozone-project.com,request,2.5,openrtb.field.undefined,error,imp[6].placementId,3.2.4
p001094,thesun.ie,elb.the-ozone-project.com,request,2.5,openrtb.field.undefined,error,imp[7].floor,3.2.4
p001094,thesun.ie,elb.the-ozone-project.com,request,2.5,openrtb.field.undefined,error,imp[7].placementId,3.2.4
p001094,thesun.ie,elb.the-ozone-project.com,request,2.5,openrtb.field.undefined,error,imp[8].floor,3.2.4
p001094,thesun.ie,elb.the-ozone-project.com,request,2.5,openrtb.field.undefined,error,imp[8].placementId,3.2.4
p001095,thesun.ie,elb.the-ozone-project.com,request,2.5,openrtb.field.undefined,error,imp[0].floor,3.2.4
p001095,thesun.ie,elb.the-ozone-project.com,request,2.5,openrtb.field.undefined,error,imp[0].placementId,3.2.4
p001095,thesun.ie,elb.the-ozone-project.com,request,2.5,openrtb.field.undefined,error,imp[1].floor,3.2.4
p001095,thesun.ie,elb.the-ozone-project.com,request,2.5,openrtb.field.undefined,error,imp[1].placementId,3.2.4
p001096,thesun.ie,elb.the-ozone-project.com,request,2.5,openrtb.field.undefined,error,imp[0].floor,3.2.4
p001096,thesun.ie,elb.the-ozone-project.com,request,2.5,openrtb.field.undefined,error,imp[0].placementId,3.2.4
p001096,thesun.ie,elb.the-ozone-project.com,request,2.5,openrtb.field.undefined,error,imp[1].floor,3.2.4
p001096,thesun.ie,elb.the-ozone-project.com,request,2.5,openrtb.field.undefined,error,imp[1].placementId,3.2.4
p001097,thesun.ie,elb.the-ozone-project.com,request,2.5,openrtb.field.undefined,error,imp[0].floor,3.2.4
p001097,thesun.ie,elb.the-ozone-project.com,request,2.5,openrtb.field.undefined,error,imp[0].placementId,3.2.4
p001097,thesun.ie,elb.the-ozone-project.com,request,2.5,openrtb.field.undefined,error,imp[1].floor,3.2.4
p001097,thesun.ie,elb.the-ozone-project.com,request,2.5,openrtb.field.undefined,error,imp[1].placementId,3.2.4
p001098,thesun.ie,elb.the-ozone-project.com,request,2.5,openrtb.field.undefined,error,imp[0].floor,3.2.4
p001098,thesun.ie,elb.the-ozone-project.com,request,2.5,openrtb.field.undefined,error,imp[0].placementId,3.2.4
p001098,thesun.ie,elb.the-ozone-project.com,request,2.5,openrtb.field.undefined,error,imp[0].video.plcmt,3.2.7
p001099,autoexpress.co.uk,elb.the-ozone-project.com,response,2.6-202606,openrtb.bid.mtype_missing,warning,seatbid[0].bid[0].mtype,4.2.3
p001100,autoexpress.co.uk,elb.the-ozone-project.com,response,2.6-202606,openrtb.bid.mtype_missing,warning,seatbid[0].bid[0].mtype,4.2.3
p001101,autoexpress.co.uk,elb.the-ozone-project.com,response,2.6-202606,openrtb.bid.mtype_missing,warning,seatbid[0].bid[0].mtype,4.2.3
p001102,autoexpress.co.uk,elb.the-ozone-project.com,response,2.6-202606,openrtb.bid.mtype_missing,warning,seatbid[0].bid[0].mtype,4.2.3
p001103,autoexpress.co.uk,elb.the-ozone-project.com,response,2.6-202606,openrtb.bid.mtype_missing,warning,seatbid[0].bid[0].mtype,4.2.3
p001104,autoexpress.co.uk,elb.the-ozone-project.com,response,2.6-202606,openrtb.bid.mtype_missing,warning,seatbid[0].bid[0].mtype,4.2.3
p001105,businessinsider.com,elb.the-ozone-project.com,response,2.6-202606,openrtb.bid.mtype_missing,warning,seatbid[0].bid[0].mtype,4.2.3
p001106,businessinsider.com,elb.the-ozone-project.com,response,2.6-202606,openrtb.bid.mtype_missing,warning,seatbid[0].bid[0].mtype,4.2.3
p001107,businessinsider.com,elb.the-ozone-project.com,response,2.6-202606,openrtb.bid.mtype_missing,warning,seatbid[0].bid[0].mtype,4.2.3
p001108,businessinsider.com,elb.the-ozone-project.com,response,2.6-202606,openrtb.bid.mtype_missing,warning,seatbid[0].bid[0].mtype,4.2.3
p001113,howlongtobeat.com,elb.the-ozone-project.com,response,2.6-202606,openrtb.bid.mtype_missing,warning,seatbid[0].bid[0].mtype,4.2.3
p001113,howlongtobeat.com,elb.the-ozone-project.com,response,2.6-202606,openrtb.bid.mtype_missing,warning,seatbid[0].bid[1].mtype,4.2.3
p001113,howlongtobeat.com,elb.the-ozone-project.com,response,2.6-202606,openrtb.bid.mtype_missing,warning,seatbid[0].bid[2].mtype,4.2.3
p001114,nesn.com,elb.the-ozone-project.com,response,2.6-202606,openrtb.bid.mtype_missing,warning,seatbid[0].bid[0].mtype,4.2.3
p001115,nesn.com,elb.the-ozone-project.com,response,2.6-202606,openrtb.bid.mtype_missing,warning,seatbid[0].bid[0].mtype,4.2.3
p001126,thesun.ie,elb.the-ozone-project.com,response,2.6-202606,openrtb.bid.mtype_missing,warning,seatbid[0].bid[0].mtype,4.2.3
p001127,thesun.ie,elb.the-ozone-project.com,response,2.6-202606,openrtb.bid.mtype_missing,warning,seatbid[0].bid[0].mtype,4.2.3
p001128,nationaltoday.com,ex.ingage.tech,request,2.6-202606,openrtb.field.moved,error,regs.ext.gdpr,Section 3.2.3
p001128,nationaltoday.com,ex.ingage.tech,request,2.6-202606,openrtb.type.mismatch,error,site.ref,3.2.13
p001129,nationaltoday.com,ex.ingage.tech,request,2.6-202606,openrtb.field.moved,error,regs.ext.gdpr,Section 3.2.3
p001129,nationaltoday.com,ex.ingage.tech,request,2.6-202606,openrtb.type.mismatch,error,site.ref,3.2.13
p001130,nationaltoday.com,ex.ingage.tech,request,2.6-202606,openrtb.field.moved,error,regs.ext.gdpr,Section 3.2.3
p001130,nationaltoday.com,ex.ingage.tech,request,2.6-202606,openrtb.type.mismatch,error,site.ref,3.2.13
p001131,nationaltoday.com,ex.ingage.tech,request,2.6-202606,openrtb.field.moved,error,regs.ext.gdpr,Section 3.2.3
p001131,nationaltoday.com,ex.ingage.tech,request,2.6-202606,openrtb.type.mismatch,error,site.ref,3.2.13
p001132,upi.com,ex.ingage.tech,request,2.6-202606,openrtb.type.mismatch,error,site.ref,3.2.13
p001133,upi.com,ex.ingage.tech,request,2.6-202606,openrtb.type.mismatch,error,site.ref,3.2.13
p001134,upi.com,ex.ingage.tech,request,2.6-202606,openrtb.type.mismatch,error,site.ref,3.2.13
p001135,upi.com,ex.ingage.tech,request,2.6-202606,openrtb.type.mismatch,error,site.ref,3.2.13
p001136,upi.com,ex.ingage.tech,request,2.6-202606,openrtb.type.mismatch,error,site.ref,3.2.13
p001137,zeldadungeon.net,ex.ingage.tech,request,2.6-202606,openrtb.field.moved,error,regs.ext.gdpr,Section 3.2.3
p001137,zeldadungeon.net,ex.ingage.tech,request,2.6-202606,openrtb.type.mismatch,error,site.ref,3.2.13
p001142,fox11online.com,exchange.postrelease.com,request,2.6-202606,openrtb.field.deprecated,warning,imp[0].video.placement,Section 3.2.7
p001143,fox11online.com,exchange.postrelease.com,request,2.6-202606,openrtb.field.deprecated,warning,imp[0].video.placement,Section 3.2.7
p001144,fox11online.com,exchange.postrelease.com,request,2.6-202606,openrtb.field.deprecated,warning,imp[0].video.placement,Section 3.2.7
p001145,fox11online.com,exchange.postrelease.com,request,2.6-202606,openrtb.field.deprecated,warning,imp[0].video.placement,Section 3.2.7
p001175,webdesignerdepot.com,exchange.postrelease.com,request,2.6-202606,openrtb.field.deprecated,warning,imp[1].video.placement,Section 3.2.7
p001175,webdesignerdepot.com,exchange.postrelease.com,request,2.6-202606,openrtb.value.invalid,error,imp[1].video.skip,3.2.7
p001187,nationaltoday.com,fast.nexx360.io,request,2.5,openrtb.field.undefined,error,device.sua,3.2.18
p001187,nationaltoday.com,fast.nexx360.io,request,2.5,openrtb.field.undefined,error,regs.gpp,3.2.3
p001187,nationaltoday.com,fast.nexx360.io,request,2.5,openrtb.field.undefined,error,regs.gpp_sid,3.2.3
p001188,nationaltoday.com,fast.nexx360.io,request,2.5,openrtb.field.undefined,error,device.sua,3.2.18
p001188,nationaltoday.com,fast.nexx360.io,request,2.5,openrtb.field.undefined,error,regs.gpp,3.2.3
p001188,nationaltoday.com,fast.nexx360.io,request,2.5,openrtb.field.undefined,error,regs.gpp_sid,3.2.3
p001189,nationaltoday.com,fast.nexx360.io,request,2.5,openrtb.field.undefined,error,device.sua,3.2.18
p001189,nationaltoday.com,fast.nexx360.io,request,2.5,openrtb.field.undefined,error,regs.gpp,3.2.3
p001189,nationaltoday.com,fast.nexx360.io,request,2.5,openrtb.field.undefined,error,regs.gpp_sid,3.2.3
p001190,nationaltoday.com,fast.nexx360.io,request,2.5,openrtb.field.undefined,error,device.sua,3.2.18
p001190,nationaltoday.com,fast.nexx360.io,request,2.5,openrtb.field.undefined,error,regs.gpp,3.2.3
p001190,nationaltoday.com,fast.nexx360.io,request,2.5,openrtb.field.undefined,error,regs.gpp_sid,3.2.3
p001192,tio.ch,fast.nexx360.io,request,2.5,openrtb.field.undefined,error,device.sua,3.2.18
p001192,tio.ch,fast.nexx360.io,request,2.5,openrtb.field.undefined,error,imp[0].video.plcmt,3.2.7
p001193,tio.ch,fast.nexx360.io,request,2.5,openrtb.field.undefined,error,device.sua,3.2.18
p001193,tio.ch,fast.nexx360.io,request,2.5,openrtb.field.undefined,error,imp[0].video.plcmt,3.2.7
p001194,tio.ch,fast.nexx360.io,request,2.5,openrtb.field.undefined,error,device.sua,3.2.18
p001195,tio.ch,fast.nexx360.io,request,2.5,openrtb.field.undefined,error,device.sua,3.2.18
p001196,tio.ch,fast.nexx360.io,request,2.5,openrtb.field.undefined,error,device.sua,3.2.18
p001197,tio.ch,fast.nexx360.io,request,2.5,openrtb.field.undefined,error,device.sua,3.2.18
p001198,tio.ch,fast.nexx360.io,request,2.5,openrtb.field.undefined,error,device.sua,3.2.18
p001199,tio.ch,fast.nexx360.io,request,2.5,openrtb.field.undefined,error,device.sua,3.2.18
p001200,tio.ch,fast.nexx360.io,request,2.5,openrtb.field.undefined,error,device.sua,3.2.18
p001201,tio.ch,fast.nexx360.io,request,2.5,openrtb.field.undefined,error,device.sua,3.2.18
p001202,tio.ch,fast.nexx360.io,request,2.5,openrtb.field.undefined,error,device.sua,3.2.18
p001203,tio.ch,fast.nexx360.io,request,2.5,openrtb.field.undefined,error,device.sua,3.2.18
p001204,tio.ch,fast.nexx360.io,request,2.5,openrtb.field.undefined,error,device.sua,3.2.18
p001205,vivitusuerte.com,fast.nexx360.io,request,2.5,openrtb.field.undefined,error,device.sua,3.2.18
p001206,zeldadungeon.net,fast.nexx360.io,request,2.5,openrtb.field.undefined,error,device.sua,3.2.18
p001207,elespectador.com,fast.nexx360.io,response,2.6-202606,openrtb.response.seatbid_or_nbr.required,error,seatbid,4.2.1
p001208,elespectador.com,fast.nexx360.io,response,2.6-202606,openrtb.response.seatbid_or_nbr.required,error,seatbid,4.2.1
p001209,elespectador.com,fast.nexx360.io,response,2.6-202606,openrtb.response.seatbid_or_nbr.required,error,seatbid,4.2.1
p001210,elespectador.com,fast.nexx360.io,response,2.6-202606,openrtb.response.seatbid_or_nbr.required,error,seatbid,4.2.1
p001211,elespectador.com,fast.nexx360.io,response,2.6-202606,openrtb.response.seatbid_or_nbr.required,error,seatbid,4.2.1
p001212,nationaltoday.com,fast.nexx360.io,response,2.6-202606,openrtb.response.seatbid_or_nbr.required,error,seatbid,4.2.1
p001213,nationaltoday.com,fast.nexx360.io,response,2.6-202606,openrtb.response.seatbid_or_nbr.required,error,seatbid,4.2.1
p001214,nationaltoday.com,fast.nexx360.io,response,2.6-202606,openrtb.response.seatbid_or_nbr.required,error,seatbid,4.2.1
p001215,nationaltoday.com,fast.nexx360.io,response,2.6-202606,openrtb.response.seatbid_or_nbr.required,error,seatbid,4.2.1
p001216,tio.ch,fast.nexx360.io,response,2.6-202606,openrtb.response.seatbid_or_nbr.required,error,seatbid,4.2.1
p001217,tio.ch,fast.nexx360.io,response,2.6-202606,openrtb.response.seatbid_or_nbr.required,error,seatbid,4.2.1
p001218,tio.ch,fast.nexx360.io,response,2.6-202606,openrtb.response.seatbid_or_nbr.required,error,seatbid,4.2.1
p001219,tio.ch,fast.nexx360.io,response,2.6-202606,openrtb.response.seatbid_or_nbr.required,error,seatbid,4.2.1
p001220,tio.ch,fast.nexx360.io,response,2.6-202606,openrtb.response.seatbid_or_nbr.required,error,seatbid,4.2.1
p001221,tio.ch,fast.nexx360.io,response,2.6-202606,openrtb.response.seatbid_or_nbr.required,error,seatbid,4.2.1
p001222,tio.ch,fast.nexx360.io,response,2.6-202606,openrtb.response.seatbid_or_nbr.required,error,seatbid,4.2.1
p001223,tio.ch,fast.nexx360.io,response,2.6-202606,openrtb.response.seatbid_or_nbr.required,error,seatbid,4.2.1
p001224,tio.ch,fast.nexx360.io,response,2.6-202606,openrtb.response.seatbid_or_nbr.required,error,seatbid,4.2.1
p001225,tio.ch,fast.nexx360.io,response,2.6-202606,openrtb.response.seatbid_or_nbr.required,error,seatbid,4.2.1
p001226,tio.ch,fast.nexx360.io,response,2.6-202606,openrtb.response.seatbid_or_nbr.required,error,seatbid,4.2.1
p001227,vivitusuerte.com,fast.nexx360.io,response,2.6-202606,openrtb.response.seatbid_or_nbr.required,error,seatbid,4.2.1
p001252,cityam.com,fastlane.rubiconproject.com,request,2.6-202606,openrtb.field.moved,error,regs.ext.gdpr,Section 3.2.3
p001253,cityam.com,fastlane.rubiconproject.com,request,2.6-202606,openrtb.field.moved,error,regs.ext.gdpr,Section 3.2.3
p001256,elespectador.com,fastlane.rubiconproject.com,request,2.6-202606,openrtb.field.moved,error,regs.ext.gdpr,Section 3.2.3
p001256,elespectador.com,fastlane.rubiconproject.com,request,2.6-202606,openrtb.field.moved,error,user.ext.consent,Section 3.2.20
p001257,elespectador.com,fastlane.rubiconproject.com,request,2.6-202606,openrtb.field.deprecated,warning,imp[0].video.placement,Section 3.2.7
p001257,elespectador.com,fastlane.rubiconproject.com,request,2.6-202606,openrtb.field.deprecated,warning,imp[1].video.placement,Section 3.2.7
p001257,elespectador.com,fastlane.rubiconproject.com,request,2.6-202606,openrtb.field.moved,error,regs.ext.gdpr,Section 3.2.3
p001257,elespectador.com,fastlane.rubiconproject.com,request,2.6-202606,openrtb.field.moved,error,user.ext.consent,Section 3.2.20
p001258,elespectador.com,fastlane.rubiconproject.com,request,2.6-202606,openrtb.field.moved,error,regs.ext.gdpr,Section 3.2.3
p001258,elespectador.com,fastlane.rubiconproject.com,request,2.6-202606,openrtb.field.moved,error,user.ext.consent,Section 3.2.20
p001259,elespectador.com,fastlane.rubiconproject.com,request,2.6-202606,openrtb.field.deprecated,warning,imp[0].video.placement,Section 3.2.7
p001259,elespectador.com,fastlane.rubiconproject.com,request,2.6-202606,openrtb.field.deprecated,warning,imp[1].video.placement,Section 3.2.7
p001259,elespectador.com,fastlane.rubiconproject.com,request,2.6-202606,openrtb.field.moved,error,regs.ext.gdpr,Section 3.2.3
p001259,elespectador.com,fastlane.rubiconproject.com,request,2.6-202606,openrtb.field.moved,error,user.ext.consent,Section 3.2.20
p001262,elespectador.com,fastlane.rubiconproject.com,request,2.6-202606,openrtb.field.moved,error,regs.ext.gdpr,Section 3.2.3
p001262,elespectador.com,fastlane.rubiconproject.com,request,2.6-202606,openrtb.field.moved,error,user.ext.consent,Section 3.2.20
p001263,elespectador.com,fastlane.rubiconproject.com,request,2.6-202606,openrtb.field.deprecated,warning,imp[0].video.placement,Section 3.2.7
p001263,elespectador.com,fastlane.rubiconproject.com,request,2.6-202606,openrtb.field.deprecated,warning,imp[1].video.placement,Section 3.2.7
p001263,elespectador.com,fastlane.rubiconproject.com,request,2.6-202606,openrtb.field.moved,error,regs.ext.gdpr,Section 3.2.3
p001263,elespectador.com,fastlane.rubiconproject.com,request,2.6-202606,openrtb.field.moved,error,user.ext.consent,Section 3.2.20
p001270,falstaff.com,fastlane.rubiconproject.com,request,2.6-202606,openrtb.field.moved,error,regs.ext.gdpr,Section 3.2.3
p001271,fox11online.com,fastlane.rubiconproject.com,request,2.6-202606,openrtb.field.deprecated,warning,imp[0].video.placement,Section 3.2.7
p001271,fox11online.com,fastlane.rubiconproject.com,request,2.6-202606,openrtb.field.moved,error,regs.ext.gdpr,Section 3.2.3
p001272,fox11online.com,fastlane.rubiconproject.com,request,2.6-202606,openrtb.field.moved,error,regs.ext.gdpr,Section 3.2.3
p001281,fox11online.com,fastlane.rubiconproject.com,request,2.6-202606,openrtb.field.deprecated,warning,imp[0].video.placement,Section 3.2.7
p001281,fox11online.com,fastlane.rubiconproject.com,request,2.6-202606,openrtb.field.moved,error,regs.ext.gdpr,Section 3.2.3
p001282,fox11online.com,fastlane.rubiconproject.com,request,2.6-202606,openrtb.field.moved,error,regs.ext.gdpr,Section 3.2.3
p001284,iheart.com,fastlane.rubiconproject.com,request,2.6-202606,openrtb.field.deprecated,warning,imp[0].video.placement,Section 3.2.7
p001284,iheart.com,fastlane.rubiconproject.com,request,2.6-202606,openrtb.value.invalid,error,imp[0].video.skip,3.2.7
p001286,iheart.com,fastlane.rubiconproject.com,request,2.6-202606,openrtb.field.deprecated,warning,imp[0].video.placement,Section 3.2.7
p001286,iheart.com,fastlane.rubiconproject.com,request,2.6-202606,openrtb.value.invalid,error,imp[0].video.skip,3.2.7
p001300,outsideonline.com,fastlane.rubiconproject.com,request,2.6-202606,openrtb.field.moved,error,regs.ext.gdpr,Section 3.2.3
p001301,outsideonline.com,fastlane.rubiconproject.com,request,2.6-202606,openrtb.field.moved,error,regs.ext.gdpr,Section 3.2.3
p001302,outsideonline.com,fastlane.rubiconproject.com,request,2.6-202606,openrtb.field.moved,error,regs.ext.gdpr,Section 3.2.3
p001303,outsideonline.com,fastlane.rubiconproject.com,request,2.6-202606,openrtb.field.moved,error,regs.ext.gdpr,Section 3.2.3
p001304,outsideonline.com,fastlane.rubiconproject.com,request,2.6-202606,openrtb.field.moved,error,regs.ext.gdpr,Section 3.2.3
p001305,outsideonline.com,fastlane.rubiconproject.com,request,2.6-202606,openrtb.field.moved,error,regs.ext.gdpr,Section 3.2.3
p001306,outsideonline.com,fastlane.rubiconproject.com,request,2.6-202606,openrtb.field.moved,error,regs.ext.gdpr,Section 3.2.3
p001307,outsideonline.com,fastlane.rubiconproject.com,request,2.6-202606,openrtb.field.moved,error,regs.ext.gdpr,Section 3.2.3
p001308,outsideonline.com,fastlane.rubiconproject.com,request,2.6-202606,openrtb.field.moved,error,regs.ext.gdpr,Section 3.2.3
p001309,outsideonline.com,fastlane.rubiconproject.com,request,2.6-202606,openrtb.field.moved,error,regs.ext.gdpr,Section 3.2.3
p001310,outsideonline.com,fastlane.rubiconproject.com,request,2.6-202606,openrtb.field.moved,error,regs.ext.gdpr,Section 3.2.3
p001311,outsideonline.com,fastlane.rubiconproject.com,request,2.6-202606,openrtb.field.moved,error,regs.ext.gdpr,Section 3.2.3
p001312,outsideonline.com,fastlane.rubiconproject.com,request,2.6-202606,openrtb.field.moved,error,regs.ext.gdpr,Section 3.2.3
p001313,outsideonline.com,fastlane.rubiconproject.com,request,2.6-202606,openrtb.field.moved,error,regs.ext.gdpr,Section 3.2.3
p001314,outsideonline.com,fastlane.rubiconproject.com,request,2.6-202606,openrtb.field.moved,error,regs.ext.gdpr,Section 3.2.3
p001315,outsideonline.com,fastlane.rubiconproject.com,request,2.6-202606,openrtb.field.moved,error,regs.ext.gdpr,Section 3.2.3
p001316,rawstory.com,fastlane.rubiconproject.com,request,2.6-202606,openrtb.field.moved,error,regs.ext.gdpr,Section 3.2.3
p001316,rawstory.com,fastlane.rubiconproject.com,request,2.6-202606,openrtb.field.moved,error,user.ext.consent,Section 3.2.20
p001317,rawstory.com,fastlane.rubiconproject.com,request,2.6-202606,openrtb.field.moved,error,regs.ext.gdpr,Section 3.2.3
p001317,rawstory.com,fastlane.rubiconproject.com,request,2.6-202606,openrtb.field.moved,error,user.ext.consent,Section 3.2.20
p001318,rawstory.com,fastlane.rubiconproject.com,request,2.6-202606,openrtb.field.moved,error,regs.ext.gdpr,Section 3.2.3
p001318,rawstory.com,fastlane.rubiconproject.com,request,2.6-202606,openrtb.field.moved,error,user.ext.consent,Section 3.2.20
p001319,rawstory.com,fastlane.rubiconproject.com,request,2.6-202606,openrtb.field.moved,error,regs.ext.gdpr,Section 3.2.3
p001319,rawstory.com,fastlane.rubiconproject.com,request,2.6-202606,openrtb.field.moved,error,user.ext.consent,Section 3.2.20
p001322,barcablaugranes.com,fastlane.rubiconproject.com,response,2.6-202606,openrtb.field.required,error,seatbid[0].bid,4.2.2
p001323,barcablaugranes.com,fastlane.rubiconproject.com,response,2.6-202606,openrtb.field.required,error,seatbid[0].bid,4.2.2
p001324,businessinsider.com,fastlane.rubiconproject.com,response,2.6-202606,openrtb.field.required,error,seatbid[0].bid,4.2.2
p001325,barcablaugranes.com,fastlane.rubiconproject.com,response,2.6-202606,openrtb.field.required,error,seatbid[0].bid,4.2.2
p001326,barcablaugranes.com,fastlane.rubiconproject.com,response,2.6-202606,openrtb.field.required,error,seatbid[0].bid,4.2.2
p001327,barcablaugranes.com,fastlane.rubiconproject.com,response,2.6-202606,openrtb.field.required,error,seatbid[0].bid,4.2.2
p001328,barcablaugranes.com,fastlane.rubiconproject.com,response,2.6-202606,openrtb.field.required,error,seatbid[0].bid,4.2.2
p001329,barcablaugranes.com,fastlane.rubiconproject.com,response,2.6-202606,openrtb.field.required,error,seatbid[0].bid,4.2.2
p001330,barcablaugranes.com,fastlane.rubiconproject.com,response,2.6-202606,openrtb.field.required,error,seatbid[0].bid,4.2.2
p001331,barcablaugranes.com,fastlane.rubiconproject.com,response,2.6-202606,openrtb.field.required,error,seatbid[0].bid,4.2.2
p001332,businessinsider.com,fastlane.rubiconproject.com,response,2.6-202606,openrtb.field.required,error,seatbid[0].bid,4.2.2
p001333,barcablaugranes.com,fastlane.rubiconproject.com,response,2.6-202606,openrtb.field.required,error,seatbid[0].bid,4.2.2
p001334,barcablaugranes.com,fastlane.rubiconproject.com,response,2.6-202606,openrtb.field.required,error,seatbid[0].bid,4.2.2
p001335,businessinsider.com,fastlane.rubiconproject.com,response,2.6-202606,openrtb.field.required,error,seatbid[0].bid,4.2.2
p001337,barcablaugranes.com,fastlane.rubiconproject.com,response,2.6-202606,openrtb.field.required,error,seatbid[0].bid,4.2.2
p001338,barcablaugranes.com,fastlane.rubiconproject.com,response,2.6-202606,openrtb.field.required,error,seatbid[0].bid,4.2.2
p001339,barcablaugranes.com,fastlane.rubiconproject.com,response,2.6-202606,openrtb.field.required,error,seatbid[0].bid,4.2.2
p001340,barcablaugranes.com,fastlane.rubiconproject.com,response,2.6-202606,openrtb.field.required,error,seatbid[0].bid,4.2.2
p001341,barcablaugranes.com,fastlane.rubiconproject.com,response,2.6-202606,openrtb.field.required,error,seatbid[0].bid,4.2.2
p001342,barcablaugranes.com,fastlane.rubiconproject.com,response,2.6-202606,openrtb.field.required,error,seatbid[0].bid,4.2.2
p001343,barcablaugranes.com,fastlane.rubiconproject.com,response,2.6-202606,openrtb.field.required,error,seatbid[0].bid,4.2.2
p001344,barcablaugranes.com,fastlane.rubiconproject.com,response,2.6-202606,openrtb.field.required,error,seatbid[0].bid,4.2.2
p001345,barcablaugranes.com,fastlane.rubiconproject.com,response,2.6-202606,openrtb.field.required,error,seatbid[0].bid,4.2.2
p001346,cityam.com,fastlane.rubiconproject.com,response,2.6-202606,openrtb.field.required,error,seatbid[0].bid,4.2.2
p001347,cityam.com,fastlane.rubiconproject.com,response,2.6-202606,openrtb.field.required,error,seatbid[0].bid,4.2.2
p001348,cityam.com,fastlane.rubiconproject.com,response,2.6-202606,openrtb.field.required,error,seatbid[0].bid,4.2.2
p001349,cityam.com,fastlane.rubiconproject.com,response,2.6-202606,openrtb.field.required,error,seatbid[0].bid,4.2.2
p001350,elespectador.com,fastlane.rubiconproject.com,response,2.6-202606,openrtb.field.required,error,seatbid[0].bid,4.2.2
p001351,elespectador.com,fastlane.rubiconproject.com,response,2.6-202606,openrtb.field.required,error,seatbid[0].bid,4.2.2
p001352,elespectador.com,fastlane.rubiconproject.com,response,2.6-202606,openrtb.field.required,error,seatbid[0].bid,4.2.2
p001353,elespectador.com,fastlane.rubiconproject.com,response,2.6-202606,openrtb.field.required,error,seatbid[0].bid,4.2.2
p001354,eonline.com,fastlane.rubiconproject.com,response,2.6-202606,openrtb.field.required,error,seatbid[0].bid,4.2.2
p001355,eonline.com,fastlane.rubiconproject.com,response,2.6-202606,openrtb.field.required,error,seatbid[0].bid,4.2.2
p001356,eonline.com,fastlane.rubiconproject.com,response,2.6-202606,openrtb.field.required,error,seatbid[0].bid,4.2.2
p001357,eonline.com,fastlane.rubiconproject.com,response,2.6-202606,openrtb.field.required,error,seatbid[0].bid,4.2.2
p001358,eonline.com,fastlane.rubiconproject.com,response,2.6-202606,openrtb.field.required,error,seatbid[0].bid,4.2.2
p001359,eonline.com,fastlane.rubiconproject.com,response,2.6-202606,openrtb.field.required,error,seatbid[0].bid,4.2.2
p001360,eonline.com,fastlane.rubiconproject.com,response,2.6-202606,openrtb.field.required,error,seatbid[0].bid,4.2.2
p001361,eonline.com,fastlane.rubiconproject.com,response,2.6-202606,openrtb.field.required,error,seatbid[0].bid,4.2.2
p001362,falstaff.com,fastlane.rubiconproject.com,response,2.6-202606,openrtb.field.required,error,seatbid[0].bid,4.2.2
p001363,fox11online.com,fastlane.rubiconproject.com,response,2.6-202606,openrtb.field.required,error,seatbid[0].bid,4.2.2
p001364,fox11online.com,fastlane.rubiconproject.com,response,2.6-202606,openrtb.field.required,error,seatbid[0].bid,4.2.2
p001365,fox11online.com,fastlane.rubiconproject.com,response,2.6-202606,openrtb.field.required,error,seatbid[0].bid,4.2.2
p001366,fox11online.com,fastlane.rubiconproject.com,response,2.6-202606,openrtb.field.required,error,seatbid[0].bid,4.2.2
p001367,fox11online.com,fastlane.rubiconproject.com,response,2.6-202606,openrtb.field.required,error,seatbid[0].bid,4.2.2
p001368,fox11online.com,fastlane.rubiconproject.com,response,2.6-202606,openrtb.field.required,error,seatbid[0].bid,4.2.2
p001369,fox11online.com,fastlane.rubiconproject.com,response,2.6-202606,openrtb.field.required,error,seatbid[0].bid,4.2.2
p001370,fox11online.com,fastlane.rubiconproject.com,response,2.6-202606,openrtb.field.required,error,seatbid[0].bid,4.2.2
p001371,fox11online.com,fastlane.rubiconproject.com,response,2.6-202606,openrtb.field.required,error,seatbid[0].bid,4.2.2
p001372,fox11online.com,fastlane.rubiconproject.com,response,2.6-202606,openrtb.field.required,error,seatbid[0].bid,4.2.2
p001373,fox11online.com,fastlane.rubiconproject.com,response,2.6-202606,openrtb.field.required,error,seatbid[0].bid,4.2.2
p001374,fox11online.com,fastlane.rubiconproject.com,response,2.6-202606,openrtb.field.required,error,seatbid[0].bid,4.2.2
p001375,iheart.com,fastlane.rubiconproject.com,response,2.6-202606,openrtb.field.required,error,seatbid[0].bid,4.2.2
p001376,iheart.com,fastlane.rubiconproject.com,response,2.6-202606,openrtb.field.required,error,seatbid[0].bid,4.2.2
p001377,iheart.com,fastlane.rubiconproject.com,response,2.6-202606,openrtb.field.required,error,seatbid[0].bid,4.2.2
p001378,iheart.com,fastlane.rubiconproject.com,response,2.6-202606,openrtb.field.required,error,seatbid[0].bid,4.2.2
p001379,mthai.com,fastlane.rubiconproject.com,response,2.6-202606,openrtb.field.required,error,seatbid[0].bid,4.2.2
p001380,mthai.com,fastlane.rubiconproject.com,response,2.6-202606,openrtb.field.required,error,seatbid[0].bid,4.2.2
p001381,mthai.com,fastlane.rubiconproject.com,response,2.6-202606,openrtb.field.required,error,seatbid[0].bid,4.2.2
p001382,mthai.com,fastlane.rubiconproject.com,response,2.6-202606,openrtb.field.required,error,seatbid[0].bid,4.2.2
p001383,nbcconnecticut.com,fastlane.rubiconproject.com,response,2.6-202606,openrtb.field.required,error,seatbid[0].bid,4.2.2
p001384,nbcconnecticut.com,fastlane.rubiconproject.com,response,2.6-202606,openrtb.field.required,error,seatbid[0].bid,4.2.2
p001385,nbcconnecticut.com,fastlane.rubiconproject.com,response,2.6-202606,openrtb.field.required,error,seatbid[0].bid,4.2.2
p001386,nbcconnecticut.com,fastlane.rubiconproject.com,response,2.6-202606,openrtb.field.required,error,seatbid[0].bid,4.2.2
p001387,nbcconnecticut.com,fastlane.rubiconproject.com,response,2.6-202606,openrtb.field.required,error,seatbid[0].bid,4.2.2
p001388,nbcconnecticut.com,fastlane.rubiconproject.com,response,2.6-202606,openrtb.field.required,error,seatbid[0].bid,4.2.2
p001389,nbcconnecticut.com,fastlane.rubiconproject.com,response,2.6-202606,openrtb.field.required,error,seatbid[0].bid,4.2.2
p001390,nbcconnecticut.com,fastlane.rubiconproject.com,response,2.6-202606,openrtb.field.required,error,seatbid[0].bid,4.2.2
p001391,nbcconnecticut.com,fastlane.rubiconproject.com,response,2.6-202606,openrtb.field.required,error,seatbid[0].bid,4.2.2
p001392,outsideonline.com,fastlane.rubiconproject.com,response,2.6-202606,openrtb.field.required,error,seatbid[0].bid,4.2.2
p001393,outsideonline.com,fastlane.rubiconproject.com,response,2.6-202606,openrtb.field.required,error,seatbid[0].bid,4.2.2
p001394,outsideonline.com,fastlane.rubiconproject.com,response,2.6-202606,openrtb.field.required,error,seatbid[0].bid,4.2.2
p001395,outsideonline.com,fastlane.rubiconproject.com,response,2.6-202606,openrtb.field.required,error,seatbid[0].bid,4.2.2
p001396,outsideonline.com,fastlane.rubiconproject.com,response,2.6-202606,openrtb.field.required,error,seatbid[0].bid,4.2.2
p001397,outsideonline.com,fastlane.rubiconproject.com,response,2.6-202606,openrtb.field.required,error,seatbid[0].bid,4.2.2
p001398,outsideonline.com,fastlane.rubiconproject.com,response,2.6-202606,openrtb.field.required,error,seatbid[0].bid,4.2.2
p001399,outsideonline.com,fastlane.rubiconproject.com,response,2.6-202606,openrtb.field.required,error,seatbid[0].bid,4.2.2
p001400,outsideonline.com,fastlane.rubiconproject.com,response,2.6-202606,openrtb.field.required,error,seatbid[0].bid,4.2.2
p001401,outsideonline.com,fastlane.rubiconproject.com,response,2.6-202606,openrtb.field.required,error,seatbid[0].bid,4.2.2
p001402,outsideonline.com,fastlane.rubiconproject.com,response,2.6-202606,openrtb.field.required,error,seatbid[0].bid,4.2.2
p001403,outsideonline.com,fastlane.rubiconproject.com,response,2.6-202606,openrtb.field.required,error,seatbid[0].bid,4.2.2
p001404,outsideonline.com,fastlane.rubiconproject.com,response,2.6-202606,openrtb.field.required,error,seatbid[0].bid,4.2.2
p001405,outsideonline.com,fastlane.rubiconproject.com,response,2.6-202606,openrtb.field.required,error,seatbid[0].bid,4.2.2
p001406,outsideonline.com,fastlane.rubiconproject.com,response,2.6-202606,openrtb.field.required,error,seatbid[0].bid,4.2.2
p001407,outsideonline.com,fastlane.rubiconproject.com,response,2.6-202606,openrtb.field.required,error,seatbid[0].bid,4.2.2
p001408,rawstory.com,fastlane.rubiconproject.com,response,2.6-202606,openrtb.field.required,error,seatbid[0].bid,4.2.2
p001409,rawstory.com,fastlane.rubiconproject.com,response,2.6-202606,openrtb.field.required,error,seatbid[0].bid,4.2.2
p001410,rawstory.com,fastlane.rubiconproject.com,response,2.6-202606,openrtb.field.required,error,seatbid[0].bid,4.2.2
p001411,rawstory.com,fastlane.rubiconproject.com,response,2.6-202606,openrtb.field.required,error,seatbid[0].bid,4.2.2
p001412,thestar.com,fastlane.rubiconproject.com,response,2.6-202606,openrtb.field.required,error,seatbid[0].bid,4.2.2
p001413,thestar.com,fastlane.rubiconproject.com,response,2.6-202606,openrtb.field.required,error,seatbid[0].bid,4.2.2
p001414,tio.ch,goldlayer-api.prod.gbads.net,request,2.5,openrtb.field.undefined,error,device.sua,3.2.18
p001414,tio.ch,goldlayer-api.prod.gbads.net,request,2.5,openrtb.field.undefined,error,imp[0].video.plcmt,3.2.7
p001415,tio.ch,goldlayer-api.prod.gbads.net,request,2.5,openrtb.field.undefined,error,device.sua,3.2.18
p001416,tio.ch,goldlayer-api.prod.gbads.net,request,2.5,openrtb.field.undefined,error,device.sua,3.2.18
p001417,tio.ch,goldlayer-api.prod.gbads.net,request,2.5,openrtb.field.undefined,error,device.sua,3.2.18
p001418,tio.ch,goldlayer-api.prod.gbads.net,request,2.5,openrtb.field.undefined,error,device.sua,3.2.18
p001419,tio.ch,goldlayer-api.prod.gbads.net,response,2.6-202606,openrtb.response.seatbid_or_nbr.required,error,seatbid,4.2.1
p001420,tio.ch,goldlayer-api.prod.gbads.net,response,2.6-202606,openrtb.response.seatbid_or_nbr.required,error,seatbid,4.2.1
p001421,tio.ch,goldlayer-api.prod.gbads.net,response,2.6-202606,openrtb.response.seatbid_or_nbr.required,error,seatbid,4.2.1
p001422,tio.ch,goldlayer-api.prod.gbads.net,response,2.6-202606,openrtb.response.seatbid_or_nbr.required,error,seatbid,4.2.1
p001423,tio.ch,goldlayer-api.prod.gbads.net,response,2.6-202606,openrtb.response.seatbid_or_nbr.required,error,seatbid,4.2.1
p001424,chicagotribune.com,grid-bidder.criteo.com,request,2.6-202606,openrtb.field.deprecated,warning,imp[0].video.placement,Section 3.2.7
p001425,chicagotribune.com,grid-bidder.criteo.com,request,2.6-202606,openrtb.field.deprecated,warning,imp[0].video.placement,Section 3.2.7
p001428,csfd.cz,grid-bidder.criteo.com,request,2.6-202606,openrtb.field.moved,error,regs.ext.gdpr,Section 3.2.3
p001428,csfd.cz,grid-bidder.criteo.com,request,2.6-202606,openrtb.field.moved,error,user.ext.consent,Section 3.2.20
p001431,cupofjo.com,grid-bidder.criteo.com,request,2.6-202606,openrtb.field.deprecated,warning,imp[0].video.placement,Section 3.2.7
p001431,cupofjo.com,grid-bidder.criteo.com,request,2.6-202606,openrtb.value.invalid,error,imp[0].video.skip,3.2.7
p001432,csfd.cz,grid-bidder.criteo.com,request,2.6-202606,openrtb.field.moved,error,regs.ext.gdpr,Section 3.2.3
p001432,csfd.cz,grid-bidder.criteo.com,request,2.6-202606,openrtb.field.moved,error,user.ext.consent,Section 3.2.20
p001433,cupofjo.com,grid-bidder.criteo.com,request,2.6-202606,openrtb.field.deprecated,warning,imp[0].video.placement,Section 3.2.7
p001433,cupofjo.com,grid-bidder.criteo.com,request,2.6-202606,openrtb.value.invalid,error,imp[0].video.skip,3.2.7
p001440,futbol-11.com,grid-bidder.criteo.com,request,2.6-202606,openrtb.field.moved,error,regs.ext.gdpr,Section 3.2.3
p001443,halfbakedharvest.com,grid-bidder.criteo.com,request,2.6-202606,openrtb.field.deprecated,warning,imp[0].video.placement,Section 3.2.7
p001443,halfbakedharvest.com,grid-bidder.criteo.com,request,2.6-202606,openrtb.value.invalid,error,imp[0].video.skip,3.2.7
p001444,halfbakedharvest.com,grid-bidder.criteo.com,request,2.6-202606,openrtb.field.deprecated,warning,imp[0].video.placement,Section 3.2.7
p001444,halfbakedharvest.com,grid-bidder.criteo.com,request,2.6-202606,openrtb.value.invalid,error,imp[0].video.skip,3.2.7
p001444,halfbakedharvest.com,grid-bidder.criteo.com,request,2.6-202606,openrtb.field.required,error,imp[1].native.request,3.2.9
p001444,halfbakedharvest.com,grid-bidder.criteo.com,request,2.6-202606,openrtb.field.undefined,error,imp[1].native.request_native,3.2.9
p001444,halfbakedharvest.com,grid-bidder.criteo.com,request,2.6-202606,openrtb.type.mismatch,error,site.publisher.id,3.2.15
p001445,halfbakedharvest.com,grid-bidder.criteo.com,request,2.6-202606,openrtb.field.required,error,imp[0].native.request,3.2.9
p001445,halfbakedharvest.com,grid-bidder.criteo.com,request,2.6-202606,openrtb.field.undefined,error,imp[0].native.request_native,3.2.9
p001445,halfbakedharvest.com,grid-bidder.criteo.com,request,2.6-202606,openrtb.type.mismatch,error,site.publisher.id,3.2.15
p001448,halfbakedharvest.com,grid-bidder.criteo.com,request,2.6-202606,openrtb.field.deprecated,warning,imp[0].video.placement,Section 3.2.7
p001448,halfbakedharvest.com,grid-bidder.criteo.com,request,2.6-202606,openrtb.value.invalid,error,imp[0].video.skip,3.2.7
p001449,halfbakedharvest.com,grid-bidder.criteo.com,request,2.6-202606,openrtb.field.deprecated,warning,imp[0].video.placement,Section 3.2.7
p001449,halfbakedharvest.com,grid-bidder.criteo.com,request,2.6-202606,openrtb.value.invalid,error,imp[0].video.skip,3.2.7
p001450,moly.hu,grid-bidder.criteo.com,request,2.6-202606,openrtb.field.moved,error,regs.ext.gdpr,Section 3.2.3
p001451,moly.hu,grid-bidder.criteo.com,request,2.6-202606,openrtb.field.moved,error,regs.ext.gdpr,Section 3.2.3
p001454,namemc.com,grid-bidder.criteo.com,request,2.6-202606,openrtb.field.moved,error,regs.ext.gdpr,Section 3.2.3
p001455,purposegames.com,grid-bidder.criteo.com,request,2.6-202606,openrtb.field.moved,error,regs.ext.gdpr,Section 3.2.3
p001456,purposegames.com,grid-bidder.criteo.com,request,2.6-202606,openrtb.field.moved,error,regs.ext.gdpr,Section 3.2.3
p001463,salon.com,grid-bidder.criteo.com,request,2.6-202606,openrtb.field.deprecated,warning,imp[0].video.placement,Section 3.2.7
p001463,salon.com,grid-bidder.criteo.com,request,2.6-202606,openrtb.value.invalid,error,imp[0].video.skip,3.2.7
p001464,salon.com,grid-bidder.criteo.com,request,2.6-202606,openrtb.field.required,error,imp[0].native.request,3.2.9
p001464,salon.com,grid-bidder.criteo.com,request,2.6-202606,openrtb.field.undefined,error,imp[0].native.request_native,3.2.9
p001464,salon.com,grid-bidder.criteo.com,request,2.6-202606,openrtb.type.mismatch,error,site.publisher.id,3.2.15
p001465,salon.com,grid-bidder.criteo.com,request,2.6-202606,openrtb.field.deprecated,warning,imp[0].video.placement,Section 3.2.7
p001465,salon.com,grid-bidder.criteo.com,request,2.6-202606,openrtb.value.invalid,error,imp[0].video.skip,3.2.7
p001466,salon.com,grid-bidder.criteo.com,request,2.6-202606,openrtb.field.deprecated,warning,imp[0].video.placement,Section 3.2.7
p001466,salon.com,grid-bidder.criteo.com,request,2.6-202606,openrtb.value.invalid,error,imp[0].video.skip,3.2.7
p001466,salon.com,grid-bidder.criteo.com,request,2.6-202606,openrtb.field.required,error,imp[1].native.request,3.2.9
p001466,salon.com,grid-bidder.criteo.com,request,2.6-202606,openrtb.field.undefined,error,imp[1].native.request_native,3.2.9
p001466,salon.com,grid-bidder.criteo.com,request,2.6-202606,openrtb.type.mismatch,error,site.publisher.id,3.2.15
p001467,salon.com,grid-bidder.criteo.com,request,2.6-202606,openrtb.field.required,error,imp[0].native.request,3.2.9
p001467,salon.com,grid-bidder.criteo.com,request,2.6-202606,openrtb.field.undefined,error,imp[0].native.request_native,3.2.9
p001467,salon.com,grid-bidder.criteo.com,request,2.6-202606,openrtb.type.mismatch,error,site.publisher.id,3.2.15
p001468,salon.com,grid-bidder.criteo.com,request,2.6-202606,openrtb.field.required,error,imp[0].native.request,3.2.9
p001468,salon.com,grid-bidder.criteo.com,request,2.6-202606,openrtb.field.undefined,error,imp[0].native.request_native,3.2.9
p001468,salon.com,grid-bidder.criteo.com,request,2.6-202606,openrtb.type.mismatch,error,site.publisher.id,3.2.15
p001469,salon.com,grid-bidder.criteo.com,request,2.6-202606,openrtb.field.required,error,imp[0].native.request,3.2.9
p001469,salon.com,grid-bidder.criteo.com,request,2.6-202606,openrtb.field.undefined,error,imp[0].native.request_native,3.2.9
p001469,salon.com,grid-bidder.criteo.com,request,2.6-202606,openrtb.type.mismatch,error,site.publisher.id,3.2.15
p001470,salon.com,grid-bidder.criteo.com,request,2.6-202606,openrtb.field.required,error,imp[0].native.request,3.2.9
p001470,salon.com,grid-bidder.criteo.com,request,2.6-202606,openrtb.field.undefined,error,imp[0].native.request_native,3.2.9
p001470,salon.com,grid-bidder.criteo.com,request,2.6-202606,openrtb.type.mismatch,error,site.publisher.id,3.2.15
p001471,salon.com,grid-bidder.criteo.com,request,2.6-202606,openrtb.field.required,error,imp[0].native.request,3.2.9
p001471,salon.com,grid-bidder.criteo.com,request,2.6-202606,openrtb.field.undefined,error,imp[0].native.request_native,3.2.9
p001471,salon.com,grid-bidder.criteo.com,request,2.6-202606,openrtb.type.mismatch,error,site.publisher.id,3.2.15
p001472,salon.com,grid-bidder.criteo.com,request,2.6-202606,openrtb.field.deprecated,warning,imp[0].video.placement,Section 3.2.7
p001472,salon.com,grid-bidder.criteo.com,request,2.6-202606,openrtb.value.invalid,error,imp[0].video.skip,3.2.7
p001473,salon.com,grid-bidder.criteo.com,request,2.6-202606,openrtb.field.deprecated,warning,imp[0].video.placement,Section 3.2.7
p001473,salon.com,grid-bidder.criteo.com,request,2.6-202606,openrtb.value.invalid,error,imp[0].video.skip,3.2.7
p001474,salon.com,grid-bidder.criteo.com,request,2.6-202606,openrtb.field.required,error,imp[0].native.request,3.2.9
p001474,salon.com,grid-bidder.criteo.com,request,2.6-202606,openrtb.field.undefined,error,imp[0].native.request_native,3.2.9
p001474,salon.com,grid-bidder.criteo.com,request,2.6-202606,openrtb.type.mismatch,error,site.publisher.id,3.2.15
p001475,salon.com,grid-bidder.criteo.com,request,2.6-202606,openrtb.field.deprecated,warning,imp[0].video.placement,Section 3.2.7
p001475,salon.com,grid-bidder.criteo.com,request,2.6-202606,openrtb.value.invalid,error,imp[0].video.skip,3.2.7
p001476,salon.com,grid-bidder.criteo.com,request,2.6-202606,openrtb.field.deprecated,warning,imp[0].video.placement,Section 3.2.7
p001476,salon.com,grid-bidder.criteo.com,request,2.6-202606,openrtb.value.invalid,error,imp[0].video.skip,3.2.7
p001480,webdesignerdepot.com,grid-bidder.criteo.com,request,2.6-202606,openrtb.field.deprecated,warning,imp[0].video.placement,Section 3.2.7
p001480,webdesignerdepot.com,grid-bidder.criteo.com,request,2.6-202606,openrtb.value.invalid,error,imp[0].video.skip,3.2.7
p001481,webdesignerdepot.com,grid-bidder.criteo.com,request,2.6-202606,openrtb.field.deprecated,warning,imp[0].video.placement,Section 3.2.7
p001481,webdesignerdepot.com,grid-bidder.criteo.com,request,2.6-202606,openrtb.value.invalid,error,imp[0].video.skip,3.2.7
p001481,webdesignerdepot.com,grid-bidder.criteo.com,request,2.6-202606,openrtb.field.required,error,imp[1].native.request,3.2.9
p001481,webdesignerdepot.com,grid-bidder.criteo.com,request,2.6-202606,openrtb.field.undefined,error,imp[1].native.request_native,3.2.9
p001481,webdesignerdepot.com,grid-bidder.criteo.com,request,2.6-202606,openrtb.type.mismatch,error,site.publisher.id,3.2.15
p001482,webdesignerdepot.com,grid-bidder.criteo.com,request,2.6-202606,openrtb.field.required,error,imp[0].native.request,3.2.9
p001482,webdesignerdepot.com,grid-bidder.criteo.com,request,2.6-202606,openrtb.field.undefined,error,imp[0].native.request_native,3.2.9
p001482,webdesignerdepot.com,grid-bidder.criteo.com,request,2.6-202606,openrtb.type.mismatch,error,site.publisher.id,3.2.15
p001483,webdesignerdepot.com,grid-bidder.criteo.com,request,2.6-202606,openrtb.field.deprecated,warning,imp[0].video.placement,Section 3.2.7
p001483,webdesignerdepot.com,grid-bidder.criteo.com,request,2.6-202606,openrtb.value.invalid,error,imp[0].video.skip,3.2.7
p001484,webdesignerdepot.com,grid-bidder.criteo.com,request,2.6-202606,openrtb.field.deprecated,warning,imp[0].video.placement,Section 3.2.7
p001484,webdesignerdepot.com,grid-bidder.criteo.com,request,2.6-202606,openrtb.value.invalid,error,imp[0].video.skip,3.2.7
p001485,zeldadungeon.net,grid-bidder.criteo.com,request,2.6-202606,openrtb.field.moved,error,regs.ext.gdpr,Section 3.2.3
p001486,webdesignerdepot.com,grid-bidder.criteo.com,request,2.6-202606,openrtb.field.deprecated,warning,imp[0].video.placement,Section 3.2.7
p001486,webdesignerdepot.com,grid-bidder.criteo.com,request,2.6-202606,openrtb.value.invalid,error,imp[0].video.skip,3.2.7
p001487,webdesignerdepot.com,grid-bidder.criteo.com,request,2.6-202606,openrtb.field.deprecated,warning,imp[0].video.placement,Section 3.2.7
p001487,webdesignerdepot.com,grid-bidder.criteo.com,request,2.6-202606,openrtb.value.invalid,error,imp[0].video.skip,3.2.7
p001490,webdesignerdepot.com,grid-bidder.criteo.com,request,2.6-202606,openrtb.field.deprecated,warning,imp[0].video.placement,Section 3.2.7
p001490,webdesignerdepot.com,grid-bidder.criteo.com,request,2.6-202606,openrtb.value.invalid,error,imp[0].video.skip,3.2.7
p001491,webdesignerdepot.com,grid-bidder.criteo.com,request,2.6-202606,openrtb.field.deprecated,warning,imp[0].video.placement,Section 3.2.7
p001491,webdesignerdepot.com,grid-bidder.criteo.com,request,2.6-202606,openrtb.value.invalid,error,imp[0].video.skip,3.2.7
p001491,webdesignerdepot.com,grid-bidder.criteo.com,request,2.6-202606,openrtb.field.required,error,imp[1].native.request,3.2.9
p001491,webdesignerdepot.com,grid-bidder.criteo.com,request,2.6-202606,openrtb.field.undefined,error,imp[1].native.request_native,3.2.9
p001491,webdesignerdepot.com,grid-bidder.criteo.com,request,2.6-202606,openrtb.type.mismatch,error,site.publisher.id,3.2.15
p001492,webdesignerdepot.com,grid-bidder.criteo.com,request,2.6-202606,openrtb.field.required,error,imp[0].native.request,3.2.9
p001492,webdesignerdepot.com,grid-bidder.criteo.com,request,2.6-202606,openrtb.field.undefined,error,imp[0].native.request_native,3.2.9
p001492,webdesignerdepot.com,grid-bidder.criteo.com,request,2.6-202606,openrtb.type.mismatch,error,site.publisher.id,3.2.15
p001493,webdesignerdepot.com,grid-bidder.criteo.com,request,2.6-202606,openrtb.field.required,error,imp[0].native.request,3.2.9
p001493,webdesignerdepot.com,grid-bidder.criteo.com,request,2.6-202606,openrtb.field.undefined,error,imp[0].native.request_native,3.2.9
p001493,webdesignerdepot.com,grid-bidder.criteo.com,request,2.6-202606,openrtb.type.mismatch,error,site.publisher.id,3.2.15
p001494,webdesignerdepot.com,grid-bidder.criteo.com,request,2.6-202606,openrtb.field.deprecated,warning,imp[0].video.placement,Section 3.2.7
p001494,webdesignerdepot.com,grid-bidder.criteo.com,request,2.6-202606,openrtb.value.invalid,error,imp[0].video.skip,3.2.7
p001494,webdesignerdepot.com,grid-bidder.criteo.com,request,2.6-202606,openrtb.type.mismatch,error,site.publisher.id,3.2.15
p001495,webdesignerdepot.com,grid-bidder.criteo.com,request,2.6-202606,openrtb.field.deprecated,warning,imp[0].video.placement,Section 3.2.7
p001495,webdesignerdepot.com,grid-bidder.criteo.com,request,2.6-202606,openrtb.value.invalid,error,imp[0].video.skip,3.2.7
p001496,webdesignerdepot.com,grid-bidder.criteo.com,request,2.6-202606,openrtb.field.deprecated,warning,imp[0].video.placement,Section 3.2.7
p001496,webdesignerdepot.com,grid-bidder.criteo.com,request,2.6-202606,openrtb.value.invalid,error,imp[0].video.skip,3.2.7
p001497,webdesignerdepot.com,grid-bidder.criteo.com,request,2.6-202606,openrtb.field.deprecated,warning,imp[0].video.placement,Section 3.2.7
p001497,webdesignerdepot.com,grid-bidder.criteo.com,request,2.6-202606,openrtb.value.invalid,error,imp[0].video.skip,3.2.7
p001498,webdesignerdepot.com,grid-bidder.criteo.com,request,2.6-202606,openrtb.field.deprecated,warning,imp[0].video.placement,Section 3.2.7
p001498,webdesignerdepot.com,grid-bidder.criteo.com,request,2.6-202606,openrtb.value.invalid,error,imp[0].video.skip,3.2.7
p001499,cupofjo.com,grid-bidder.criteo.com,response,2.6-202606,openrtb.field.undefined,error,seatbid[0].bid[0].auid,4.2.3
p001499,cupofjo.com,grid-bidder.criteo.com,response,2.6-202606,openrtb.field.undefined,error,seatbid[0].bid[0].content_type,4.2.3
p001499,cupofjo.com,grid-bidder.criteo.com,response,2.6-202606,openrtb.bid.mtype_missing,warning,seatbid[0].bid[0].mtype,4.2.3
p001500,eonline.com,hb.emxdgt.com,request,2.6-202606,openrtb.type.mismatch,error,cur,3.2.1
p001500,eonline.com,hb.emxdgt.com,request,2.6-202606,openrtb.field.undefined,error,imp[0].tid,3.2.4
p001500,eonline.com,hb.emxdgt.com,request,2.6-202606,openrtb.field.undefined,error,imp[0].video.context,3.2.7
p001500,eonline.com,hb.emxdgt.com,request,2.6-202606,openrtb.field.undefined,error,imp[0].video.floor,3.2.7
p001500,eonline.com,hb.emxdgt.com,request,2.6-202606,openrtb.field.deprecated,warning,imp[0].video.placement,Section 3.2.7
p001500,eonline.com,hb.emxdgt.com,request,2.6-202606,openrtb.field.undefined,error,imp[0].video.playerSize,3.2.7
p001500,eonline.com,hb.emxdgt.com,request,2.6-202606,openrtb.value.invalid,error,imp[0].video.skip,3.2.7
p001500,eonline.com,hb.emxdgt.com,request,2.6-202606,openrtb.field.undefined,error,version,3.2.1
p001501,eonline.com,hb.emxdgt.com,request,2.6-202606,openrtb.type.mismatch,error,cur,3.2.1
p001501,eonline.com,hb.emxdgt.com,request,2.6-202606,openrtb.field.undefined,error,imp[0].tid,3.2.4
p001501,eonline.com,hb.emxdgt.com,request,2.6-202606,openrtb.field.undefined,error,imp[0].video.context,3.2.7
p001501,eonline.com,hb.emxdgt.com,request,2.6-202606,openrtb.field.undefined,error,imp[0].video.floor,3.2.7
p001501,eonline.com,hb.emxdgt.com,request,2.6-202606,openrtb.field.deprecated,warning,imp[0].video.placement,Section 3.2.7
p001501,eonline.com,hb.emxdgt.com,request,2.6-202606,openrtb.field.undefined,error,imp[0].video.playerSize,3.2.7
p001501,eonline.com,hb.emxdgt.com,request,2.6-202606,openrtb.value.invalid,error,imp[0].video.skip,3.2.7
p001501,eonline.com,hb.emxdgt.com,request,2.6-202606,openrtb.field.undefined,error,version,3.2.1
p001502,eonline.com,hb.emxdgt.com,request,2.6-202606,openrtb.type.mismatch,error,cur,3.2.1
p001502,eonline.com,hb.emxdgt.com,request,2.6-202606,openrtb.field.undefined,error,imp[0].tid,3.2.4
p001502,eonline.com,hb.emxdgt.com,request,2.6-202606,openrtb.field.undefined,error,imp[0].video.context,3.2.7
p001502,eonline.com,hb.emxdgt.com,request,2.6-202606,openrtb.field.undefined,error,imp[0].video.floor,3.2.7
p001502,eonline.com,hb.emxdgt.com,request,2.6-202606,openrtb.field.deprecated,warning,imp[0].video.placement,Section 3.2.7
p001502,eonline.com,hb.emxdgt.com,request,2.6-202606,openrtb.field.undefined,error,imp[0].video.playerSize,3.2.7
p001502,eonline.com,hb.emxdgt.com,request,2.6-202606,openrtb.value.invalid,error,imp[0].video.skip,3.2.7
p001502,eonline.com,hb.emxdgt.com,request,2.6-202606,openrtb.field.undefined,error,version,3.2.1
p001503,eonline.com,hb.emxdgt.com,request,2.6-202606,openrtb.type.mismatch,error,cur,3.2.1
p001503,eonline.com,hb.emxdgt.com,request,2.6-202606,openrtb.field.undefined,error,imp[0].tid,3.2.4
p001503,eonline.com,hb.emxdgt.com,request,2.6-202606,openrtb.field.undefined,error,imp[0].video.context,3.2.7
p001503,eonline.com,hb.emxdgt.com,request,2.6-202606,openrtb.field.undefined,error,imp[0].video.floor,3.2.7
p001503,eonline.com,hb.emxdgt.com,request,2.6-202606,openrtb.field.deprecated,warning,imp[0].video.placement,Section 3.2.7
p001503,eonline.com,hb.emxdgt.com,request,2.6-202606,openrtb.field.undefined,error,imp[0].video.playerSize,3.2.7
p001503,eonline.com,hb.emxdgt.com,request,2.6-202606,openrtb.value.invalid,error,imp[0].video.skip,3.2.7
p001503,eonline.com,hb.emxdgt.com,request,2.6-202606,openrtb.field.undefined,error,version,3.2.1
p001504,eonline.com,hb.emxdgt.com,request,2.6-202606,openrtb.type.mismatch,error,cur,3.2.1
p001504,eonline.com,hb.emxdgt.com,request,2.6-202606,openrtb.field.undefined,error,imp[0].tid,3.2.4
p001504,eonline.com,hb.emxdgt.com,request,2.6-202606,openrtb.field.undefined,error,imp[0].video.context,3.2.7
p001504,eonline.com,hb.emxdgt.com,request,2.6-202606,openrtb.field.undefined,error,imp[0].video.floor,3.2.7
p001504,eonline.com,hb.emxdgt.com,request,2.6-202606,openrtb.field.deprecated,warning,imp[0].video.placement,Section 3.2.7
p001504,eonline.com,hb.emxdgt.com,request,2.6-202606,openrtb.field.undefined,error,imp[0].video.playerSize,3.2.7
p001504,eonline.com,hb.emxdgt.com,request,2.6-202606,openrtb.value.invalid,error,imp[0].video.skip,3.2.7
p001504,eonline.com,hb.emxdgt.com,request,2.6-202606,openrtb.field.undefined,error,version,3.2.1
p001505,eonline.com,hb.emxdgt.com,request,2.6-202606,openrtb.type.mismatch,error,cur,3.2.1
p001505,eonline.com,hb.emxdgt.com,request,2.6-202606,openrtb.field.undefined,error,imp[0].tid,3.2.4
p001505,eonline.com,hb.emxdgt.com,request,2.6-202606,openrtb.field.undefined,error,imp[0].video.context,3.2.7
p001505,eonline.com,hb.emxdgt.com,request,2.6-202606,openrtb.field.undefined,error,imp[0].video.floor,3.2.7
p001505,eonline.com,hb.emxdgt.com,request,2.6-202606,openrtb.field.deprecated,warning,imp[0].video.placement,Section 3.2.7
p001505,eonline.com,hb.emxdgt.com,request,2.6-202606,openrtb.field.undefined,error,imp[0].video.playerSize,3.2.7
p001505,eonline.com,hb.emxdgt.com,request,2.6-202606,openrtb.value.invalid,error,imp[0].video.skip,3.2.7
p001505,eonline.com,hb.emxdgt.com,request,2.6-202606,openrtb.field.undefined,error,version,3.2.1
p001506,eonline.com,hb.emxdgt.com,request,2.6-202606,openrtb.type.mismatch,error,cur,3.2.1
p001506,eonline.com,hb.emxdgt.com,request,2.6-202606,openrtb.field.undefined,error,imp[0].tid,3.2.4
p001506,eonline.com,hb.emxdgt.com,request,2.6-202606,openrtb.field.undefined,error,imp[0].video.context,3.2.7
p001506,eonline.com,hb.emxdgt.com,request,2.6-202606,openrtb.field.undefined,error,imp[0].video.floor,3.2.7
p001506,eonline.com,hb.emxdgt.com,request,2.6-202606,openrtb.field.deprecated,warning,imp[0].video.placement,Section 3.2.7
p001506,eonline.com,hb.emxdgt.com,request,2.6-202606,openrtb.field.undefined,error,imp[0].video.playerSize,3.2.7
p001506,eonline.com,hb.emxdgt.com,request,2.6-202606,openrtb.value.invalid,error,imp[0].video.skip,3.2.7
p001506,eonline.com,hb.emxdgt.com,request,2.6-202606,openrtb.field.undefined,error,version,3.2.1
p001507,eonline.com,hb.emxdgt.com,request,2.6-202606,openrtb.type.mismatch,error,cur,3.2.1
p001507,eonline.com,hb.emxdgt.com,request,2.6-202606,openrtb.field.undefined,error,imp[0].tid,3.2.4
p001507,eonline.com,hb.emxdgt.com,request,2.6-202606,openrtb.field.undefined,error,imp[0].video.context,3.2.7
p001507,eonline.com,hb.emxdgt.com,request,2.6-202606,openrtb.field.undefined,error,imp[0].video.floor,3.2.7
p001507,eonline.com,hb.emxdgt.com,request,2.6-202606,openrtb.field.deprecated,warning,imp[0].video.placement,Section 3.2.7
p001507,eonline.com,hb.emxdgt.com,request,2.6-202606,openrtb.field.undefined,error,imp[0].video.playerSize,3.2.7
p001507,eonline.com,hb.emxdgt.com,request,2.6-202606,openrtb.value.invalid,error,imp[0].video.skip,3.2.7
p001507,eonline.com,hb.emxdgt.com,request,2.6-202606,openrtb.field.undefined,error,version,3.2.1
p001508,nesn.com,hb.emxdgt.com,request,2.6-202606,openrtb.type.mismatch,error,cur,3.2.1
p001508,nesn.com,hb.emxdgt.com,request,2.6-202606,openrtb.field.undefined,error,imp[0].tid,3.2.4
p001508,nesn.com,hb.emxdgt.com,request,2.6-202606,openrtb.field.undefined,error,imp[0].video.context,3.2.7
p001508,nesn.com,hb.emxdgt.com,request,2.6-202606,openrtb.field.undefined,error,imp[0].video.floor,3.2.7
p001508,nesn.com,hb.emxdgt.com,request,2.6-202606,openrtb.field.deprecated,warning,imp[0].video.placement,Section 3.2.7
p001508,nesn.com,hb.emxdgt.com,request,2.6-202606,openrtb.field.undefined,error,imp[0].video.playerSize,3.2.7
p001508,nesn.com,hb.emxdgt.com,request,2.6-202606,openrtb.value.invalid,error,imp[0].video.skip,3.2.7
p001508,nesn.com,hb.emxdgt.com,request,2.6-202606,openrtb.field.undefined,error,version,3.2.1
p001509,nesn.com,hb.emxdgt.com,request,2.6-202606,openrtb.type.mismatch,error,cur,3.2.1
p001509,nesn.com,hb.emxdgt.com,request,2.6-202606,openrtb.field.undefined,error,imp[0].tid,3.2.4
p001509,nesn.com,hb.emxdgt.com,request,2.6-202606,openrtb.field.undefined,error,imp[0].video.context,3.2.7
p001509,nesn.com,hb.emxdgt.com,request,2.6-202606,openrtb.field.undefined,error,imp[0].video.floor,3.2.7
p001509,nesn.com,hb.emxdgt.com,request,2.6-202606,openrtb.field.deprecated,warning,imp[0].video.placement,Section 3.2.7
p001509,nesn.com,hb.emxdgt.com,request,2.6-202606,openrtb.field.undefined,error,imp[0].video.playerSize,3.2.7
p001509,nesn.com,hb.emxdgt.com,request,2.6-202606,openrtb.value.invalid,error,imp[0].video.skip,3.2.7
p001509,nesn.com,hb.emxdgt.com,request,2.6-202606,openrtb.field.undefined,error,version,3.2.1
p001510,nesn.com,hb.emxdgt.com,request,2.6-202606,openrtb.type.mismatch,error,cur,3.2.1
p001510,nesn.com,hb.emxdgt.com,request,2.6-202606,openrtb.field.undefined,error,imp[0].tid,3.2.4
p001510,nesn.com,hb.emxdgt.com,request,2.6-202606,openrtb.field.undefined,error,imp[0].video.context,3.2.7
p001510,nesn.com,hb.emxdgt.com,request,2.6-202606,openrtb.field.undefined,error,imp[0].video.floor,3.2.7
p001510,nesn.com,hb.emxdgt.com,request,2.6-202606,openrtb.field.deprecated,warning,imp[0].video.placement,Section 3.2.7
p001510,nesn.com,hb.emxdgt.com,request,2.6-202606,openrtb.field.undefined,error,imp[0].video.playerSize,3.2.7
p001510,nesn.com,hb.emxdgt.com,request,2.6-202606,openrtb.value.invalid,error,imp[0].video.skip,3.2.7
p001510,nesn.com,hb.emxdgt.com,request,2.6-202606,openrtb.field.undefined,error,version,3.2.1
p001511,chicagotribune.com,hbopenbid.pubmatic.com,request,2.6-202606,openrtb.type.mismatch,error,device.geo.metro,3.2.19
p001511,chicagotribune.com,hbopenbid.pubmatic.com,request,2.6-202606,openrtb.field.deprecated,warning,imp[0].video.placement,Section 3.2.7
p001511,chicagotribune.com,hbopenbid.pubmatic.com,request,2.6-202606,openrtb.field.deprecated,warning,imp[1].video.placement,Section 3.2.7
p001511,chicagotribune.com,hbopenbid.pubmatic.com,request,2.6-202606,openrtb.field.moved,error,regs.ext.gdpr,Section 3.2.3
p001511,chicagotribune.com,hbopenbid.pubmatic.com,request,2.6-202606,openrtb.field.moved,error,user.ext.consent,Section 3.2.20
p001512,cityam.com,hbopenbid.pubmatic.com,request,2.6-202606,openrtb.type.mismatch,error,device.geo.metro,3.2.19
p001512,cityam.com,hbopenbid.pubmatic.com,request,2.6-202606,openrtb.field.deprecated,warning,imp[0].video.placement,Section 3.2.7
p001512,cityam.com,hbopenbid.pubmatic.com,request,2.6-202606,openrtb.field.moved,error,regs.ext.gdpr,Section 3.2.3
p001512,cityam.com,hbopenbid.pubmatic.com,request,2.6-202606,openrtb.field.moved,error,user.ext.consent,Section 3.2.20
p001513,cityam.com,hbopenbid.pubmatic.com,request,2.6-202606,openrtb.type.mismatch,error,device.geo.metro,3.2.19
p001513,cityam.com,hbopenbid.pubmatic.com,request,2.6-202606,openrtb.field.deprecated,warning,imp[0].video.placement,Section 3.2.7
p001513,cityam.com,hbopenbid.pubmatic.com,request,2.6-202606,openrtb.field.moved,error,regs.ext.gdpr,Section 3.2.3
p001513,cityam.com,hbopenbid.pubmatic.com,request,2.6-202606,openrtb.field.moved,error,user.ext.consent,Section 3.2.20
p001514,cornucopia.se,hbopenbid.pubmatic.com,request,2.6-202606,openrtb.field.moved,error,regs.ext.gdpr,Section 3.2.3
p001515,cornucopia.se,hbopenbid.pubmatic.com,request,2.6-202606,openrtb.field.moved,error,regs.ext.gdpr,Section 3.2.3
p001516,cornucopia.se,hbopenbid.pubmatic.com,request,2.6-202606,openrtb.field.moved,error,regs.ext.gdpr,Section 3.2.3
p001517,cornucopia.se,hbopenbid.pubmatic.com,request,2.6-202606,openrtb.field.moved,error,regs.ext.gdpr,Section 3.2.3
p001518,cornucopia.se,hbopenbid.pubmatic.com,request,2.6-202606,openrtb.field.moved,error,regs.ext.gdpr,Section 3.2.3
p001521,cupofjo.com,hbopenbid.pubmatic.com,request,2.6-202606,openrtb.field.deprecated,warning,imp[0].video.placement,Section 3.2.7
p001521,cupofjo.com,hbopenbid.pubmatic.com,request,2.6-202606,openrtb.value.invalid,error,imp[0].video.skip,3.2.7
p001522,cupofjo.com,hbopenbid.pubmatic.com,request,2.6-202606,openrtb.field.deprecated,warning,imp[0].video.placement,Section 3.2.7
p001522,cupofjo.com,hbopenbid.pubmatic.com,request,2.6-202606,openrtb.value.invalid,error,imp[0].video.skip,3.2.7
p001523,cupofjo.com,hbopenbid.pubmatic.com,request,2.6-202606,openrtb.field.deprecated,warning,imp[0].video.placement,Section 3.2.7
p001523,cupofjo.com,hbopenbid.pubmatic.com,request,2.6-202606,openrtb.value.invalid,error,imp[0].video.skip,3.2.7
p001524,eonline.com,hbopenbid.pubmatic.com,request,2.6-202606,openrtb.field.deprecated,warning,imp[0].video.placement,Section 3.2.7
p001524,eonline.com,hbopenbid.pubmatic.com,request,2.6-202606,openrtb.value.invalid,error,imp[0].video.skip,3.2.7
p001525,eonline.com,hbopenbid.pubmatic.com,request,2.6-202606,openrtb.field.deprecated,warning,imp[0].video.placement,Section 3.2.7
p001525,eonline.com,hbopenbid.pubmatic.com,request,2.6-202606,openrtb.value.invalid,error,imp[0].video.skip,3.2.7
p001526,eonline.com,hbopenbid.pubmatic.com,request,2.6-202606,openrtb.field.deprecated,warning,imp[0].video.placement,Section 3.2.7
p001526,eonline.com,hbopenbid.pubmatic.com,request,2.6-202606,openrtb.value.invalid,error,imp[0].video.skip,3.2.7
p001527,eonline.com,hbopenbid.pubmatic.com,request,2.6-202606,openrtb.field.deprecated,warning,imp[0].video.placement,Section 3.2.7
p001527,eonline.com,hbopenbid.pubmatic.com,request,2.6-202606,openrtb.value.invalid,error,imp[0].video.skip,3.2.7
p001528,eonline.com,hbopenbid.pubmatic.com,request,2.6-202606,openrtb.field.deprecated,warning,imp[0].video.placement,Section 3.2.7
p001528,eonline.com,hbopenbid.pubmatic.com,request,2.6-202606,openrtb.value.invalid,error,imp[0].video.skip,3.2.7
p001529,eonline.com,hbopenbid.pubmatic.com,request,2.6-202606,openrtb.field.deprecated,warning,imp[0].video.placement,Section 3.2.7
p001529,eonline.com,hbopenbid.pubmatic.com,request,2.6-202606,openrtb.value.invalid,error,imp[0].video.skip,3.2.7
p001530,eonline.com,hbopenbid.pubmatic.com,request,2.6-202606,openrtb.field.deprecated,warning,imp[0].video.placement,Section 3.2.7
p001530,eonline.com,hbopenbid.pubmatic.com,request,2.6-202606,openrtb.value.invalid,error,imp[0].video.skip,3.2.7
p001531,eonline.com,hbopenbid.pubmatic.com,request,2.6-202606,openrtb.field.deprecated,warning,imp[0].video.placement,Section 3.2.7
p001531,eonline.com,hbopenbid.pubmatic.com,request,2.6-202606,openrtb.value.invalid,error,imp[0].video.skip,3.2.7
p001532,fncstatic.com,hbopenbid.pubmatic.com,request,2.6-202606,openrtb.field.deprecated,warning,imp[1].video.placement,Section 3.2.7
p001534,fncstatic.com,hbopenbid.pubmatic.com,request,2.6-202606,openrtb.field.deprecated,warning,imp[0].video.placement,Section 3.2.7
p001539,fox11online.com,hbopenbid.pubmatic.com,request,2.6-202606,openrtb.field.deprecated,warning,imp[0].video.placement,Section 3.2.7
p001539,fox11online.com,hbopenbid.pubmatic.com,request,2.6-202606,openrtb.value.invalid,error,imp[0].video.skip,3.2.7
p001540,fox11online.com,hbopenbid.pubmatic.com,request,2.6-202606,openrtb.field.deprecated,warning,imp[0].video.placement,Section 3.2.7
p001540,fox11online.com,hbopenbid.pubmatic.com,request,2.6-202606,openrtb.value.invalid,error,imp[0].video.skip,3.2.7
p001541,fox11online.com,hbopenbid.pubmatic.com,request,2.6-202606,openrtb.field.deprecated,warning,imp[0].video.placement,Section 3.2.7
p001541,fox11online.com,hbopenbid.pubmatic.com,request,2.6-202606,openrtb.value.invalid,error,imp[0].video.skip,3.2.7
p001542,fox11online.com,hbopenbid.pubmatic.com,request,2.6-202606,openrtb.field.deprecated,warning,imp[0].video.placement,Section 3.2.7
p001542,fox11online.com,hbopenbid.pubmatic.com,request,2.6-202606,openrtb.value.invalid,error,imp[0].video.skip,3.2.7
p001543,fox11online.com,hbopenbid.pubmatic.com,request,2.6-202606,openrtb.field.deprecated,warning,imp[0].video.placement,Section 3.2.7
p001543,fox11online.com,hbopenbid.pubmatic.com,request,2.6-202606,openrtb.value.invalid,error,imp[0].video.skip,3.2.7
p001545,fox11online.com,hbopenbid.pubmatic.com,request,2.6-202606,openrtb.field.deprecated,warning,imp[0].video.placement,Section 3.2.7
p001546,fox11online.com,hbopenbid.pubmatic.com,request,2.6-202606,openrtb.field.deprecated,warning,imp[0].video.placement,Section 3.2.7
p001547,fox11online.com,hbopenbid.pubmatic.com,request,2.6-202606,openrtb.field.deprecated,warning,imp[0].video.placement,Section 3.2.7
p001547,fox11online.com,hbopenbid.pubmatic.com,request,2.6-202606,openrtb.value.invalid,error,imp[0].video.skip,3.2.7
p001548,fox11online.com,hbopenbid.pubmatic.com,request,2.6-202606,openrtb.field.deprecated,warning,imp[0].video.placement,Section 3.2.7
p001548,fox11online.com,hbopenbid.pubmatic.com,request,2.6-202606,openrtb.value.invalid,error,imp[0].video.skip,3.2.7
p001549,fox11online.com,hbopenbid.pubmatic.com,request,2.6-202606,openrtb.field.deprecated,warning,imp[0].video.placement,Section 3.2.7
p001549,fox11online.com,hbopenbid.pubmatic.com,request,2.6-202606,openrtb.value.invalid,error,imp[0].video.skip,3.2.7
p001550,fox11online.com,hbopenbid.pubmatic.com,request,2.6-202606,openrtb.field.deprecated,warning,imp[0].video.placement,Section 3.2.7
p001550,fox11online.com,hbopenbid.pubmatic.com,request,2.6-202606,openrtb.value.invalid,error,imp[0].video.skip,3.2.7
p001551,fox11online.com,hbopenbid.pubmatic.com,request,2.6-202606,openrtb.field.deprecated,warning,imp[0].video.placement,Section 3.2.7
p001551,fox11online.com,hbopenbid.pubmatic.com,request,2.6-202606,openrtb.value.invalid,error,imp[0].video.skip,3.2.7
p001552,fox11online.com,hbopenbid.pubmatic.com,request,2.6-202606,openrtb.field.deprecated,warning,imp[0].video.placement,Section 3.2.7
p001552,fox11online.com,hbopenbid.pubmatic.com,request,2.6-202606,openrtb.value.invalid,error,imp[0].video.skip,3.2.7
p001553,fox11online.com,hbopenbid.pubmatic.com,request,2.6-202606,openrtb.field.deprecated,warning,imp[0].video.placement,Section 3.2.7
p001554,fox11online.com,hbopenbid.pubmatic.com,request,2.6-202606,openrtb.field.deprecated,warning,imp[0].video.placement,Section 3.2.7
p001555,futbol-11.com,hbopenbid.pubmatic.com,request,2.6-202606,openrtb.field.moved,error,regs.ext.gdpr,Section 3.2.3
p001556,fox11online.com,hbopenbid.pubmatic.com,request,2.6-202606,openrtb.field.deprecated,warning,imp[0].video.placement,Section 3.2.7
p001557,fox11online.com,hbopenbid.pubmatic.com,request,2.6-202606,openrtb.field.deprecated,warning,imp[0].video.placement,Section 3.2.7
p001560,halfbakedharvest.com,hbopenbid.pubmatic.com,request,2.6-202606,openrtb.field.deprecated,warning,imp[0].video.placement,Section 3.2.7
p001560,halfbakedharvest.com,hbopenbid.pubmatic.com,request,2.6-202606,openrtb.value.invalid,error,imp[0].video.skip,3.2.7
p001561,halfbakedharvest.com,hbopenbid.pubmatic.com,request,2.6-202606,openrtb.field.deprecated,warning,imp[0].video.placement,Section 3.2.7
p001561,halfbakedharvest.com,hbopenbid.pubmatic.com,request,2.6-202606,openrtb.value.invalid,error,imp[0].video.skip,3.2.7
p001565,halfbakedharvest.com,hbopenbid.pubmatic.com,request,2.6-202606,openrtb.field.deprecated,warning,imp[0].video.placement,Section 3.2.7
p001565,halfbakedharvest.com,hbopenbid.pubmatic.com,request,2.6-202606,openrtb.value.invalid,error,imp[0].video.skip,3.2.7
p001566,halfbakedharvest.com,hbopenbid.pubmatic.com,request,2.6-202606,openrtb.field.deprecated,warning,imp[0].video.placement,Section 3.2.7
p001566,halfbakedharvest.com,hbopenbid.pubmatic.com,request,2.6-202606,openrtb.value.invalid,error,imp[0].video.skip,3.2.7
p001567,halfbakedharvest.com,hbopenbid.pubmatic.com,request,2.6-202606,openrtb.field.deprecated,warning,imp[0].video.placement,Section 3.2.7
p001567,halfbakedharvest.com,hbopenbid.pubmatic.com,request,2.6-202606,openrtb.value.invalid,error,imp[0].video.skip,3.2.7
p001584,namemc.com,hbopenbid.pubmatic.com,request,2.6-202606,openrtb.field.moved,error,regs.ext.gdpr,Section 3.2.3
p001585,myjoyonline.com,hbopenbid.pubmatic.com,request,2.6-202606,openrtb.field.moved,error,regs.ext.gdpr,Section 3.2.3
p001586,nesn.com,hbopenbid.pubmatic.com,request,2.6-202606,openrtb.field.deprecated,warning,imp[0].video.placement,Section 3.2.7
p001586,nesn.com,hbopenbid.pubmatic.com,request,2.6-202606,openrtb.value.invalid,error,imp[0].video.skip,3.2.7
p001587,nesn.com,hbopenbid.pubmatic.com,request,2.6-202606,openrtb.field.deprecated,warning,imp[0].video.placement,Section 3.2.7
p001587,nesn.com,hbopenbid.pubmatic.com,request,2.6-202606,openrtb.value.invalid,error,imp[0].video.skip,3.2.7
p001588,nesn.com,hbopenbid.pubmatic.com,request,2.6-202606,openrtb.field.deprecated,warning,imp[0].video.placement,Section 3.2.7
p001588,nesn.com,hbopenbid.pubmatic.com,request,2.6-202606,openrtb.value.invalid,error,imp[0].video.skip,3.2.7
p001589,philstar.com,hbopenbid.pubmatic.com,request,2.6-202606,openrtb.type.mismatch,error,site.publisher.id,3.2.15
p001590,pilotonline.com,hbopenbid.pubmatic.com,request,2.6-202606,openrtb.type.mismatch,error,device.geo.metro,3.2.19
p001590,pilotonline.com,hbopenbid.pubmatic.com,request,2.6-202606,openrtb.field.deprecated,warning,imp[0].video.placement,Section 3.2.7
p001590,pilotonline.com,hbopenbid.pubmatic.com,request,2.6-202606,openrtb.field.deprecated,warning,imp[1].video.placement,Section 3.2.7
p001590,pilotonline.com,hbopenbid.pubmatic.com,request,2.6-202606,openrtb.field.moved,error,regs.ext.gdpr,Section 3.2.3
p001590,pilotonline.com,hbopenbid.pubmatic.com,request,2.6-202606,openrtb.field.moved,error,user.ext.consent,Section 3.2.20
p001591,purposegames.com,hbopenbid.pubmatic.com,request,2.6-202606,openrtb.field.moved,error,regs.ext.gdpr,Section 3.2.3
p001592,purposegames.com,hbopenbid.pubmatic.com,request,2.6-202606,openrtb.field.moved,error,regs.ext.gdpr,Section 3.2.3
p001594,rawstory.com,hbopenbid.pubmatic.com,request,2.6-202606,openrtb.type.mismatch,error,device.geo.metro,3.2.19
p001594,rawstory.com,hbopenbid.pubmatic.com,request,2.6-202606,openrtb.field.moved,error,regs.ext.gdpr,Section 3.2.3
p001594,rawstory.com,hbopenbid.pubmatic.com,request,2.6-202606,openrtb.field.moved,error,user.ext.consent,Section 3.2.20
p001595,rawstory.com,hbopenbid.pubmatic.com,request,2.6-202606,openrtb.type.mismatch,error,device.geo.metro,3.2.19
p001595,rawstory.com,hbopenbid.pubmatic.com,request,2.6-202606,openrtb.field.moved,error,regs.ext.gdpr,Section 3.2.3
p001595,rawstory.com,hbopenbid.pubmatic.com,request,2.6-202606,openrtb.field.moved,error,user.ext.consent,Section 3.2.20
p001601,salon.com,hbopenbid.pubmatic.com,request,2.6-202606,openrtb.field.deprecated,warning,imp[0].video.placement,Section 3.2.7
p001601,salon.com,hbopenbid.pubmatic.com,request,2.6-202606,openrtb.value.invalid,error,imp[0].video.skip,3.2.7
p001603,salon.com,hbopenbid.pubmatic.com,request,2.6-202606,openrtb.field.deprecated,warning,imp[0].video.placement,Section 3.2.7
p001603,salon.com,hbopenbid.pubmatic.com,request,2.6-202606,openrtb.value.invalid,error,imp[0].video.skip,3.2.7
p001604,salon.com,hbopenbid.pubmatic.com,request,2.6-202606,openrtb.field.deprecated,warning,imp[0].video.placement,Section 3.2.7
p001604,salon.com,hbopenbid.pubmatic.com,request,2.6-202606,openrtb.value.invalid,error,imp[0].video.skip,3.2.7
p001610,salon.com,hbopenbid.pubmatic.com,request,2.6-202606,openrtb.field.deprecated,warning,imp[0].video.placement,Section 3.2.7
p001610,salon.com,hbopenbid.pubmatic.com,request,2.6-202606,openrtb.value.invalid,error,imp[0].video.skip,3.2.7
p001611,salon.com,hbopenbid.pubmatic.com,request,2.6-202606,openrtb.field.deprecated,warning,imp[0].video.placement,Section 3.2.7
p001611,salon.com,hbopenbid.pubmatic.com,request,2.6-202606,openrtb.value.invalid,error,imp[0].video.skip,3.2.7
p001613,salon.com,hbopenbid.pubmatic.com,request,2.6-202606,openrtb.field.deprecated,warning,imp[0].video.placement,Section 3.2.7
p001613,salon.com,hbopenbid.pubmatic.com,request,2.6-202606,openrtb.value.invalid,error,imp[0].video.skip,3.2.7
p001614,salon.com,hbopenbid.pubmatic.com,request,2.6-202606,openrtb.field.deprecated,warning,imp[0].video.placement,Section 3.2.7
p001614,salon.com,hbopenbid.pubmatic.com,request,2.6-202606,openrtb.value.invalid,error,imp[0].video.skip,3.2.7
p001615,thesun.ie,hbopenbid.pubmatic.com,request,2.6-202606,openrtb.type.mismatch,error,device.geo.metro,3.2.19
p001615,thesun.ie,hbopenbid.pubmatic.com,request,2.6-202606,openrtb.field.deprecated,warning,imp[0].video.placement,Section 3.2.7
p001615,thesun.ie,hbopenbid.pubmatic.com,request,2.6-202606,openrtb.field.moved,error,regs.ext.gdpr,Section 3.2.3
p001615,thesun.ie,hbopenbid.pubmatic.com,request,2.6-202606,openrtb.field.moved,error,user.ext.consent,Section 3.2.20
p001616,upi.com,hbopenbid.pubmatic.com,request,2.6-202606,openrtb.field.deprecated,warning,imp[0].video.placement,Section 3.2.7
p001617,upi.com,hbopenbid.pubmatic.com,request,2.6-202606,openrtb.field.deprecated,warning,imp[0].video.placement,Section 3.2.7
p001618,upi.com,hbopenbid.pubmatic.com,request,2.6-202606,openrtb.field.deprecated,warning,imp[0].video.placement,Section 3.2.7
p001619,upi.com,hbopenbid.pubmatic.com,request,2.6-202606,openrtb.field.deprecated,warning,imp[0].video.placement,Section 3.2.7
p001620,upi.com,hbopenbid.pubmatic.com,request,2.6-202606,openrtb.field.deprecated,warning,imp[0].video.placement,Section 3.2.7
p001622,webdesignerdepot.com,hbopenbid.pubmatic.com,request,2.6-202606,openrtb.field.deprecated,warning,imp[0].video.placement,Section 3.2.7
p001622,webdesignerdepot.com,hbopenbid.pubmatic.com,request,2.6-202606,openrtb.value.invalid,error,imp[0].video.skip,3.2.7
p001623,webdesignerdepot.com,hbopenbid.pubmatic.com,request,2.6-202606,openrtb.field.deprecated,warning,imp[0].video.placement,Section 3.2.7
p001623,webdesignerdepot.com,hbopenbid.pubmatic.com,request,2.6-202606,openrtb.value.invalid,error,imp[0].video.skip,3.2.7
p001625,webdesignerdepot.com,hbopenbid.pubmatic.com,request,2.6-202606,openrtb.field.deprecated,warning,imp[0].video.placement,Section 3.2.7
p001625,webdesignerdepot.com,hbopenbid.pubmatic.com,request,2.6-202606,openrtb.value.invalid,error,imp[0].video.skip,3.2.7
p001628,webdesignerdepot.com,hbopenbid.pubmatic.com,request,2.6-202606,openrtb.field.deprecated,warning,imp[0].video.placement,Section 3.2.7
p001628,webdesignerdepot.com,hbopenbid.pubmatic.com,request,2.6-202606,openrtb.value.invalid,error,imp[0].video.skip,3.2.7
p001629,webdesignerdepot.com,hbopenbid.pubmatic.com,request,2.6-202606,openrtb.field.deprecated,warning,imp[0].video.placement,Section 3.2.7
p001629,webdesignerdepot.com,hbopenbid.pubmatic.com,request,2.6-202606,openrtb.value.invalid,error,imp[0].video.skip,3.2.7
p001632,webdesignerdepot.com,hbopenbid.pubmatic.com,request,2.6-202606,openrtb.field.deprecated,warning,imp[0].video.placement,Section 3.2.7
p001632,webdesignerdepot.com,hbopenbid.pubmatic.com,request,2.6-202606,openrtb.value.invalid,error,imp[0].video.skip,3.2.7
p001633,webdesignerdepot.com,hbopenbid.pubmatic.com,request,2.6-202606,openrtb.field.deprecated,warning,imp[0].video.placement,Section 3.2.7
p001633,webdesignerdepot.com,hbopenbid.pubmatic.com,request,2.6-202606,openrtb.value.invalid,error,imp[0].video.skip,3.2.7
p001634,webdesignerdepot.com,hbopenbid.pubmatic.com,request,2.6-202606,openrtb.field.deprecated,warning,imp[0].video.placement,Section 3.2.7
p001634,webdesignerdepot.com,hbopenbid.pubmatic.com,request,2.6-202606,openrtb.value.invalid,error,imp[0].video.skip,3.2.7
p001635,webdesignerdepot.com,hbopenbid.pubmatic.com,request,2.6-202606,openrtb.field.deprecated,warning,imp[0].video.placement,Section 3.2.7
p001635,webdesignerdepot.com,hbopenbid.pubmatic.com,request,2.6-202606,openrtb.value.invalid,error,imp[0].video.skip,3.2.7
p001643,autoguide.com,htlb.casalemedia.com,request,2.6-202606,openrtb.field.moved,error,regs.ext.gdpr,Section 3.2.3
p001644,autoguide.com,htlb.casalemedia.com,request,2.6-202606,openrtb.field.moved,error,regs.ext.gdpr,Section 3.2.3
p001645,autoguide.com,htlb.casalemedia.com,request,2.6-202606,openrtb.field.moved,error,regs.ext.gdpr,Section 3.2.3
p001646,autoguide.com,htlb.casalemedia.com,request,2.6-202606,openrtb.field.moved,error,regs.ext.gdpr,Section 3.2.3
p001647,autoguide.com,htlb.casalemedia.com,request,2.6-202606,openrtb.field.moved,error,regs.ext.gdpr,Section 3.2.3
p001648,autoguide.com,htlb.casalemedia.com,request,2.6-202606,openrtb.field.moved,error,regs.ext.gdpr,Section 3.2.3
p001649,autoguide.com,htlb.casalemedia.com,request,2.6-202606,openrtb.field.moved,error,regs.ext.gdpr,Section 3.2.3
p001650,autoguide.com,htlb.casalemedia.com,request,2.6-202606,openrtb.field.moved,error,regs.ext.gdpr,Section 3.2.3
p001651,autoguide.com,htlb.casalemedia.com,request,2.6-202606,openrtb.field.moved,error,regs.ext.gdpr,Section 3.2.3
p001652,autoguide.com,htlb.casalemedia.com,request,2.6-202606,openrtb.field.moved,error,regs.ext.gdpr,Section 3.2.3
p001653,autoguide.com,htlb.casalemedia.com,request,2.6-202606,openrtb.field.moved,error,regs.ext.gdpr,Section 3.2.3
p001654,autoguide.com,htlb.casalemedia.com,request,2.6-202606,openrtb.field.moved,error,regs.ext.gdpr,Section 3.2.3
p001655,autoguide.com,htlb.casalemedia.com,request,2.6-202606,openrtb.field.moved,error,regs.ext.gdpr,Section 3.2.3
p001656,autoguide.com,htlb.casalemedia.com,request,2.6-202606,openrtb.field.moved,error,regs.ext.gdpr,Section 3.2.3
p001657,autoguide.com,htlb.casalemedia.com,request,2.6-202606,openrtb.field.moved,error,regs.ext.gdpr,Section 3.2.3
p001671,chl.ca,htlb.casalemedia.com,request,2.6-202606,openrtb.field.undefined,error,user.eids[5].rti_partner,3.2.27
p001673,chicagotribune.com,htlb.casalemedia.com,request,2.6-202606,openrtb.field.deprecated,warning,imp[0].video.placement,Section 3.2.7
p001673,chicagotribune.com,htlb.casalemedia.com,request,2.6-202606,openrtb.field.undefined,error,imp[0].video.playerSize,3.2.7
p001674,chicagotribune.com,htlb.casalemedia.com,request,2.6-202606,openrtb.field.deprecated,warning,imp[0].video.placement,Section 3.2.7
p001674,chicagotribune.com,htlb.casalemedia.com,request,2.6-202606,openrtb.field.undefined,error,imp[0].video.playerSize,3.2.7
p001677,chicagotribune.com,htlb.casalemedia.com,request,2.6-202606,openrtb.field.deprecated,warning,imp[0].video.placement,Section 3.2.7
p001677,chicagotribune.com,htlb.casalemedia.com,request,2.6-202606,openrtb.field.undefined,error,imp[0].video.playerSize,3.2.7
p001680,chl.ca,htlb.casalemedia.com,request,2.6-202606,openrtb.field.undefined,error,user.eids[6].rti_partner,3.2.27
p001681,chicagotribune.com,htlb.casalemedia.com,request,2.6-202606,openrtb.field.deprecated,warning,imp[0].video.placement,Section 3.2.7
p001681,chicagotribune.com,htlb.casalemedia.com,request,2.6-202606,openrtb.field.undefined,error,imp[0].video.playerSize,3.2.7
p001683,chicagotribune.com,htlb.casalemedia.com,request,2.6-202606,openrtb.field.deprecated,warning,imp[0].video.placement,Section 3.2.7
p001683,chicagotribune.com,htlb.casalemedia.com,request,2.6-202606,openrtb.field.undefined,error,imp[0].video.playerSize,3.2.7
p001684,cityam.com,htlb.casalemedia.com,request,2.6-202606,openrtb.field.moved,error,regs.ext.gdpr,Section 3.2.3
p001686,coindesk.com,htlb.casalemedia.com,request,2.6-202606,openrtb.field.undefined,error,user.eids[6].rti_partner,3.2.27
p001688,cornucopia.se,htlb.casalemedia.com,request,2.6-202606,openrtb.field.moved,error,regs.ext.gdpr,Section 3.2.3
p001689,cornucopia.se,htlb.casalemedia.com,request,2.6-202606,openrtb.field.moved,error,regs.ext.gdpr,Section 3.2.3
p001692,csfd.cz,htlb.casalemedia.com,request,2.6-202606,openrtb.field.moved,error,regs.ext.gdpr,Section 3.2.3
p001692,csfd.cz,htlb.casalemedia.com,request,2.6-202606,openrtb.field.moved,error,user.ext.consent,Section 3.2.20
p001695,cupofjo.com,htlb.casalemedia.com,request,2.6-202606,openrtb.field.deprecated,warning,imp[0].video.placement,Section 3.2.7
p001695,cupofjo.com,htlb.casalemedia.com,request,2.6-202606,openrtb.field.undefined,error,imp[0].video.playerSize,3.2.7
p001695,cupofjo.com,htlb.casalemedia.com,request,2.6-202606,openrtb.value.invalid,error,imp[0].video.skip,3.2.7
p001696,csfd.cz,htlb.casalemedia.com,request,2.6-202606,openrtb.field.moved,error,regs.ext.gdpr,Section 3.2.3
p001696,csfd.cz,htlb.casalemedia.com,request,2.6-202606,openrtb.field.moved,error,user.ext.consent,Section 3.2.20
p001697,cupofjo.com,htlb.casalemedia.com,request,2.6-202606,openrtb.field.deprecated,warning,imp[0].video.placement,Section 3.2.7
p001697,cupofjo.com,htlb.casalemedia.com,request,2.6-202606,openrtb.field.undefined,error,imp[0].video.playerSize,3.2.7
p001697,cupofjo.com,htlb.casalemedia.com,request,2.6-202606,openrtb.value.invalid,error,imp[0].video.skip,3.2.7
p001698,cupofjo.com,htlb.casalemedia.com,request,2.6-202606,openrtb.field.deprecated,warning,imp[0].video.placement,Section 3.2.7
p001698,cupofjo.com,htlb.casalemedia.com,request,2.6-202606,openrtb.field.undefined,error,imp[0].video.playerSize,3.2.7
p001698,cupofjo.com,htlb.casalemedia.com,request,2.6-202606,openrtb.value.invalid,error,imp[0].video.skip,3.2.7
p001706,dailykos.com,htlb.casalemedia.com,request,2.6-202606,openrtb.field.undefined,error,user.eids[7].rti_partner,3.2.27
p001707,dailykos.com,htlb.casalemedia.com,request,2.6-202606,openrtb.field.undefined,error,user.eids[7].rti_partner,3.2.27
p001710,dailykos.com,htlb.casalemedia.com,request,2.6-202606,openrtb.field.undefined,error,user.eids[7].rti_partner,3.2.27
p001711,elespectador.com,htlb.casalemedia.com,request,2.6-202606,openrtb.type.mismatch,error,site.publisher.id,3.2.15
p001712,elespectador.com,htlb.casalemedia.com,request,2.6-202606,openrtb.type.mismatch,error,site.publisher.id,3.2.15
p001713,elespectador.com,htlb.casalemedia.com,request,2.6-202606,openrtb.type.mismatch,error,site.publisher.id,3.2.15
p001714,elespectador.com,htlb.casalemedia.com,request,2.6-202606,openrtb.type.mismatch,error,site.publisher.id,3.2.15
p001715,elespectador.com,htlb.casalemedia.com,request,2.6-202606,openrtb.type.mismatch,error,site.publisher.id,3.2.15
p001716,elespectador.com,htlb.casalemedia.com,request,2.6-202606,openrtb.type.mismatch,error,site.publisher.id,3.2.15
p001726,fncstatic.com,htlb.casalemedia.com,request,2.6-202606,openrtb.field.deprecated,warning,imp[0].video.placement,Section 3.2.7
p001726,fncstatic.com,htlb.casalemedia.com,request,2.6-202606,openrtb.field.undefined,error,imp[0].video.playerSize,3.2.7
p001728,fncstatic.com,htlb.casalemedia.com,request,2.6-202606,openrtb.field.deprecated,warning,imp[0].video.placement,Section 3.2.7
p001728,fncstatic.com,htlb.casalemedia.com,request,2.6-202606,openrtb.field.undefined,error,imp[0].video.playerSize,3.2.7
p001733,fox11online.com,htlb.casalemedia.com,request,2.6-202606,openrtb.field.deprecated,warning,imp[0].video.placement,Section 3.2.7
p001733,fox11online.com,htlb.casalemedia.com,request,2.6-202606,openrtb.field.undefined,error,imp[0].video.playerSize,3.2.7
p001733,fox11online.com,htlb.casalemedia.com,request,2.6-202606,openrtb.field.moved,error,regs.ext.gdpr,Section 3.2.3
p001734,fox11online.com,htlb.casalemedia.com,request,2.6-202606,openrtb.field.moved,error,regs.ext.gdpr,Section 3.2.3
p001735,fox11online.com,htlb.casalemedia.com,request,2.6-202606,openrtb.field.deprecated,warning,imp[0].video.placement,Section 3.2.7
p001735,fox11online.com,htlb.casalemedia.com,request,2.6-202606,openrtb.field.undefined,error,imp[0].video.playerSize,3.2.7
p001735,fox11online.com,htlb.casalemedia.com,request,2.6-202606,openrtb.field.moved,error,regs.ext.gdpr,Section 3.2.3
p001736,fox11online.com,htlb.casalemedia.com,request,2.6-202606,openrtb.field.moved,error,regs.ext.gdpr,Section 3.2.3
p001737,fox11online.com,htlb.casalemedia.com,request,2.6-202606,openrtb.field.deprecated,warning,imp[0].video.placement,Section 3.2.7
p001737,fox11online.com,htlb.casalemedia.com,request,2.6-202606,openrtb.field.undefined,error,imp[0].video.playerSize,3.2.7
p001740,fox11online.com,htlb.casalemedia.com,request,2.6-202606,openrtb.field.deprecated,warning,imp[0].video.placement,Section 3.2.7
p001740,fox11online.com,htlb.casalemedia.com,request,2.6-202606,openrtb.field.undefined,error,imp[0].video.playerSize,3.2.7
p001741,fox11online.com,htlb.casalemedia.com,request,2.6-202606,openrtb.field.deprecated,warning,imp[0].video.placement,Section 3.2.7
p001741,fox11online.com,htlb.casalemedia.com,request,2.6-202606,openrtb.field.undefined,error,imp[0].video.playerSize,3.2.7
p001742,fox11online.com,htlb.casalemedia.com,request,2.6-202606,openrtb.field.deprecated,warning,imp[0].video.placement,Section 3.2.7
p001742,fox11online.com,htlb.casalemedia.com,request,2.6-202606,openrtb.field.undefined,error,imp[0].video.playerSize,3.2.7
p001743,fox11online.com,htlb.casalemedia.com,request,2.6-202606,openrtb.field.deprecated,warning,imp[0].video.placement,Section 3.2.7
p001743,fox11online.com,htlb.casalemedia.com,request,2.6-202606,openrtb.field.undefined,error,imp[0].video.playerSize,3.2.7
p001744,fox11online.com,htlb.casalemedia.com,request,2.6-202606,openrtb.field.deprecated,warning,imp[0].video.placement,Section 3.2.7
p001744,fox11online.com,htlb.casalemedia.com,request,2.6-202606,openrtb.field.undefined,error,imp[0].video.playerSize,3.2.7
p001745,fox11online.com,htlb.casalemedia.com,request,2.6-202606,openrtb.field.deprecated,warning,imp[0].video.placement,Section 3.2.7
p001745,fox11online.com,htlb.casalemedia.com,request,2.6-202606,openrtb.field.undefined,error,imp[0].video.playerSize,3.2.7
p001746,giantfreakinrobot.com,htlb.casalemedia.com,request,2.6-202606,openrtb.type.mismatch,error,user.eids[4].uids[0].id,3.2.28
p001747,giantfreakinrobot.com,htlb.casalemedia.com,request,2.6-202606,openrtb.field.deprecated,warning,imp[1].video.placement,Section 3.2.7
p001747,giantfreakinrobot.com,htlb.casalemedia.com,request,2.6-202606,openrtb.field.undefined,error,imp[1].video.playerSize,3.2.7
p001747,giantfreakinrobot.com,htlb.casalemedia.com,request,2.6-202606,openrtb.value.invalid,error,imp[1].video.skip,3.2.7
p001747,giantfreakinrobot.com,htlb.casalemedia.com,request,2.6-202606,openrtb.type.mismatch,error,user.eids[4].uids[0].id,3.2.28
p001748,giantfreakinrobot.com,htlb.casalemedia.com,request,2.6-202606,openrtb.type.mismatch,error,user.eids[13].uids[0].id,3.2.28
p001749,giantfreakinrobot.com,htlb.casalemedia.com,request,2.6-202606,openrtb.type.mismatch,error,user.eids[13].uids[0].id,3.2.28
p001752,halfbakedharvest.com,htlb.casalemedia.com,request,2.6-202606,openrtb.field.deprecated,warning,imp[0].video.placement,Section 3.2.7
p001752,halfbakedharvest.com,htlb.casalemedia.com,request,2.6-202606,openrtb.field.undefined,error,imp[0].video.playerSize,3.2.7
p001752,halfbakedharvest.com,htlb.casalemedia.com,request,2.6-202606,openrtb.value.invalid,error,imp[0].video.skip,3.2.7
p001753,halfbakedharvest.com,htlb.casalemedia.com,request,2.6-202606,openrtb.field.deprecated,warning,imp[1].video.placement,Section 3.2.7
p001753,halfbakedharvest.com,htlb.casalemedia.com,request,2.6-202606,openrtb.field.undefined,error,imp[1].video.playerSize,3.2.7
p001753,halfbakedharvest.com,htlb.casalemedia.com,request,2.6-202606,openrtb.value.invalid,error,imp[1].video.skip,3.2.7
p001758,halfbakedharvest.com,htlb.casalemedia.com,request,2.6-202606,openrtb.field.deprecated,warning,imp[0].video.placement,Section 3.2.7
p001758,halfbakedharvest.com,htlb.casalemedia.com,request,2.6-202606,openrtb.field.undefined,error,imp[0].video.playerSize,3.2.7
p001758,halfbakedharvest.com,htlb.casalemedia.com,request,2.6-202606,openrtb.value.invalid,error,imp[0].video.skip,3.2.7
p001759,halfbakedharvest.com,htlb.casalemedia.com,request,2.6-202606,openrtb.field.deprecated,warning,imp[0].video.placement,Section 3.2.7
p001759,halfbakedharvest.com,htlb.casalemedia.com,request,2.6-202606,openrtb.field.undefined,error,imp[0].video.playerSize,3.2.7
p001759,halfbakedharvest.com,htlb.casalemedia.com,request,2.6-202606,openrtb.value.invalid,error,imp[0].video.skip,3.2.7
p001760,halfbakedharvest.com,htlb.casalemedia.com,request,2.6-202606,openrtb.field.deprecated,warning,imp[0].video.placement,Section 3.2.7
p001760,halfbakedharvest.com,htlb.casalemedia.com,request,2.6-202606,openrtb.field.undefined,error,imp[0].video.playerSize,3.2.7
p001760,halfbakedharvest.com,htlb.casalemedia.com,request,2.6-202606,openrtb.value.invalid,error,imp[0].video.skip,3.2.7
p001763,imore.com,htlb.casalemedia.com,request,2.6-202606,openrtb.field.moved,error,regs.ext.gdpr,Section 3.2.3
p001764,imore.com,htlb.casalemedia.com,request,2.6-202606,openrtb.field.moved,error,regs.ext.gdpr,Section 3.2.3
p001765,iheart.com,htlb.casalemedia.com,request,2.6-202606,openrtb.field.deprecated,warning,imp[1].video.placement,Section 3.2.7
p001765,iheart.com,htlb.casalemedia.com,request,2.6-202606,openrtb.field.undefined,error,imp[1].video.playerSize,3.2.7
p001765,iheart.com,htlb.casalemedia.com,request,2.6-202606,openrtb.value.invalid,error,imp[1].video.skip,3.2.7
p001766,imore.com,htlb.casalemedia.com,request,2.6-202606,openrtb.field.moved,error,regs.ext.gdpr,Section 3.2.3
p001767,iheart.com,htlb.casalemedia.com,request,2.6-202606,openrtb.field.deprecated,warning,imp[2].video.placement,Section 3.2.7
p001767,iheart.com,htlb.casalemedia.com,request,2.6-202606,openrtb.field.undefined,error,imp[2].video.playerSize,3.2.7
p001767,iheart.com,htlb.casalemedia.com,request,2.6-202606,openrtb.value.invalid,error,imp[2].video.skip,3.2.7
p001782,moly.hu,htlb.casalemedia.com,request,2.6-202606,openrtb.field.moved,error,regs.ext.gdpr,Section 3.2.3
p001783,moly.hu,htlb.casalemedia.com,request,2.6-202606,openrtb.field.moved,error,regs.ext.gdpr,Section 3.2.3
p001784,montgomeryadvertiser.com,htlb.casalemedia.com,request,2.6-202606,openrtb.field.undefined,error,device.geo.state,3.2.19
p001784,montgomeryadvertiser.com,htlb.casalemedia.com,request,2.6-202606,openrtb.field.deprecated,warning,imp[0].video.placement,Section 3.2.7
p001784,montgomeryadvertiser.com,htlb.casalemedia.com,request,2.6-202606,openrtb.field.undefined,error,imp[0].video.playerSize,3.2.7
p001784,montgomeryadvertiser.com,htlb.casalemedia.com,request,2.6-202606,openrtb.value.invalid,error,imp[0].video.skip,3.2.7
p001786,montgomeryadvertiser.com,htlb.casalemedia.com,request,2.6-202606,openrtb.field.undefined,error,device.geo.state,3.2.19
p001786,montgomeryadvertiser.com,htlb.casalemedia.com,request,2.6-202606,openrtb.field.deprecated,warning,imp[0].video.placement,Section 3.2.7
p001786,montgomeryadvertiser.com,htlb.casalemedia.com,request,2.6-202606,openrtb.field.undefined,error,imp[0].video.playerSize,3.2.7
p001786,montgomeryadvertiser.com,htlb.casalemedia.com,request,2.6-202606,openrtb.value.invalid,error,imp[0].video.skip,3.2.7
p001788,namemc.com,htlb.casalemedia.com,request,2.6-202606,openrtb.field.moved,error,regs.ext.gdpr,Section 3.2.3
p001789,namemc.com,htlb.casalemedia.com,request,2.6-202606,openrtb.field.deprecated,warning,imp[0].video.placement,Section 3.2.7
p001789,namemc.com,htlb.casalemedia.com,request,2.6-202606,openrtb.field.undefined,error,imp[0].video.playerSize,3.2.7
p001790,namemc.com,htlb.casalemedia.com,request,2.6-202606,openrtb.field.deprecated,warning,imp[0].video.placement,Section 3.2.7
p001790,namemc.com,htlb.casalemedia.com,request,2.6-202606,openrtb.field.undefined,error,imp[0].video.playerSize,3.2.7
p001791,namemc.com,htlb.casalemedia.com,request,2.6-202606,openrtb.field.deprecated,warning,imp[0].video.placement,Section 3.2.7
p001791,namemc.com,htlb.casalemedia.com,request,2.6-202606,openrtb.field.undefined,error,imp[0].video.playerSize,3.2.7
p001792,namemc.com,htlb.casalemedia.com,request,2.6-202606,openrtb.field.deprecated,warning,imp[0].video.placement,Section 3.2.7
p001792,namemc.com,htlb.casalemedia.com,request,2.6-202606,openrtb.field.undefined,error,imp[0].video.playerSize,3.2.7
p001793,namemc.com,htlb.casalemedia.com,request,2.6-202606,openrtb.field.deprecated,warning,imp[0].video.placement,Section 3.2.7
p001793,namemc.com,htlb.casalemedia.com,request,2.6-202606,openrtb.field.undefined,error,imp[0].video.playerSize,3.2.7
p001794,namemc.com,htlb.casalemedia.com,request,2.6-202606,openrtb.field.deprecated,warning,imp[0].video.placement,Section 3.2.7
p001794,namemc.com,htlb.casalemedia.com,request,2.6-202606,openrtb.field.undefined,error,imp[0].video.playerSize,3.2.7
p001817,nintendoeverything.com,htlb.casalemedia.com,request,2.6-202606,openrtb.field.deprecated,warning,imp[2].video.placement,Section 3.2.7
p001817,nintendoeverything.com,htlb.casalemedia.com,request,2.6-202606,openrtb.field.undefined,error,imp[2].video.playerSize,3.2.7
p001817,nintendoeverything.com,htlb.casalemedia.com,request,2.6-202606,openrtb.value.invalid,error,imp[2].video.skip,3.2.7
p001817,nintendoeverything.com,htlb.casalemedia.com,request,2.6-202606,openrtb.type.mismatch,error,user.eids[3].uids[0].id,3.2.28
p001818,nintendoeverything.com,htlb.casalemedia.com,request,2.6-202606,openrtb.field.deprecated,warning,imp[4].video.placement,Section 3.2.7
p001818,nintendoeverything.com,htlb.casalemedia.com,request,2.6-202606,openrtb.field.undefined,error,imp[4].video.playerSize,3.2.7
p001818,nintendoeverything.com,htlb.casalemedia.com,request,2.6-202606,openrtb.value.invalid,error,imp[4].video.skip,3.2.7
p001818,nintendoeverything.com,htlb.casalemedia.com,request,2.6-202606,openrtb.field.deprecated,warning,imp[5].video.placement,Section 3.2.7
p001818,nintendoeverything.com,htlb.casalemedia.com,request,2.6-202606,openrtb.field.undefined,error,imp[5].video.playerSize,3.2.7
p001818,nintendoeverything.com,htlb.casalemedia.com,request,2.6-202606,openrtb.value.invalid,error,imp[5].video.skip,3.2.7
p001818,nintendoeverything.com,htlb.casalemedia.com,request,2.6-202606,openrtb.field.deprecated,warning,imp[6].video.placement,Section 3.2.7
p001818,nintendoeverything.com,htlb.casalemedia.com,request,2.6-202606,openrtb.field.undefined,error,imp[6].video.playerSize,3.2.7
p001818,nintendoeverything.com,htlb.casalemedia.com,request,2.6-202606,openrtb.value.invalid,error,imp[6].video.skip,3.2.7
p001818,nintendoeverything.com,htlb.casalemedia.com,request,2.6-202606,openrtb.type.mismatch,error,user.eids[4].uids[0].id,3.2.28
p001819,nintendoeverything.com,htlb.casalemedia.com,request,2.6-202606,openrtb.field.deprecated,warning,imp[1].video.placement,Section 3.2.7
p001819,nintendoeverything.com,htlb.casalemedia.com,request,2.6-202606,openrtb.field.undefined,error,imp[1].video.playerSize,3.2.7
p001819,nintendoeverything.com,htlb.casalemedia.com,request,2.6-202606,openrtb.value.invalid,error,imp[1].video.skip,3.2.7
p001819,nintendoeverything.com,htlb.casalemedia.com,request,2.6-202606,openrtb.type.mismatch,error,user.eids[12].uids[0].id,3.2.28
p001820,nintendoeverything.com,htlb.casalemedia.com,request,2.6-202606,openrtb.field.deprecated,warning,imp[1].video.placement,Section 3.2.7
p001820,nintendoeverything.com,htlb.casalemedia.com,request,2.6-202606,openrtb.field.undefined,error,imp[1].video.playerSize,3.2.7
p001820,nintendoeverything.com,htlb.casalemedia.com,request,2.6-202606,openrtb.value.invalid,error,imp[1].video.skip,3.2.7
p001820,nintendoeverything.com,htlb.casalemedia.com,request,2.6-202606,openrtb.type.mismatch,error,user.eids[12].uids[0].id,3.2.28
p001823,nintendoeverything.com,htlb.casalemedia.com,request,2.6-202606,openrtb.field.deprecated,warning,imp[3].video.placement,Section 3.2.7
p001823,nintendoeverything.com,htlb.casalemedia.com,request,2.6-202606,openrtb.field.undefined,error,imp[3].video.playerSize,3.2.7
p001823,nintendoeverything.com,htlb.casalemedia.com,request,2.6-202606,openrtb.value.invalid,error,imp[3].video.skip,3.2.7
p001823,nintendoeverything.com,htlb.casalemedia.com,request,2.6-202606,openrtb.field.deprecated,warning,imp[4].video.placement,Section 3.2.7
p001823,nintendoeverything.com,htlb.casalemedia.com,request,2.6-202606,openrtb.field.undefined,error,imp[4].video.playerSize,3.2.7
p001823,nintendoeverything.com,htlb.casalemedia.com,request,2.6-202606,openrtb.value.invalid,error,imp[4].video.skip,3.2.7
p001823,nintendoeverything.com,htlb.casalemedia.com,request,2.6-202606,openrtb.type.mismatch,error,user.eids[15].uids[0].id,3.2.28
p001824,nintendoeverything.com,htlb.casalemedia.com,request,2.6-202606,openrtb.field.deprecated,warning,imp[1].video.placement,Section 3.2.7
p001824,nintendoeverything.com,htlb.casalemedia.com,request,2.6-202606,openrtb.field.undefined,error,imp[1].video.playerSize,3.2.7
p001824,nintendoeverything.com,htlb.casalemedia.com,request,2.6-202606,openrtb.value.invalid,error,imp[1].video.skip,3.2.7
p001824,nintendoeverything.com,htlb.casalemedia.com,request,2.6-202606,openrtb.type.mismatch,error,user.eids[15].uids[0].id,3.2.28
p001825,nintendoeverything.com,htlb.casalemedia.com,request,2.6-202606,openrtb.field.deprecated,warning,imp[0].video.placement,Section 3.2.7
p001825,nintendoeverything.com,htlb.casalemedia.com,request,2.6-202606,openrtb.field.undefined,error,imp[0].video.playerSize,3.2.7
p001825,nintendoeverything.com,htlb.casalemedia.com,request,2.6-202606,openrtb.type.mismatch,error,user.eids[15].uids[0].id,3.2.28
p001826,nintendoeverything.com,htlb.casalemedia.com,request,2.6-202606,openrtb.field.deprecated,warning,imp[1].video.placement,Section 3.2.7
p001826,nintendoeverything.com,htlb.casalemedia.com,request,2.6-202606,openrtb.field.undefined,error,imp[1].video.playerSize,3.2.7
p001826,nintendoeverything.com,htlb.casalemedia.com,request,2.6-202606,openrtb.value.invalid,error,imp[1].video.skip,3.2.7
p001826,nintendoeverything.com,htlb.casalemedia.com,request,2.6-202606,openrtb.type.mismatch,error,user.eids[15].uids[0].id,3.2.28
p001827,nintendoeverything.com,htlb.casalemedia.com,request,2.6-202606,openrtb.field.deprecated,warning,imp[0].video.placement,Section 3.2.7
p001827,nintendoeverything.com,htlb.casalemedia.com,request,2.6-202606,openrtb.field.undefined,error,imp[0].video.playerSize,3.2.7
p001827,nintendoeverything.com,htlb.casalemedia.com,request,2.6-202606,openrtb.type.mismatch,error,user.eids[15].uids[0].id,3.2.28
p001828,outsideonline.com,htlb.casalemedia.com,request,2.6-202606,openrtb.field.moved,error,regs.ext.gdpr,Section 3.2.3
p001829,outsideonline.com,htlb.casalemedia.com,request,2.6-202606,openrtb.field.moved,error,regs.ext.gdpr,Section 3.2.3
p001830,outsideonline.com,htlb.casalemedia.com,request,2.6-202606,openrtb.field.moved,error,regs.ext.gdpr,Section 3.2.3
p001831,outsideonline.com,htlb.casalemedia.com,request,2.6-202606,openrtb.field.moved,error,regs.ext.gdpr,Section 3.2.3
p001832,outsideonline.com,htlb.casalemedia.com,request,2.6-202606,openrtb.field.moved,error,regs.ext.gdpr,Section 3.2.3
p001835,outsideonline.com,htlb.casalemedia.com,request,2.6-202606,openrtb.field.moved,error,regs.ext.gdpr,Section 3.2.3
p001836,outsideonline.com,htlb.casalemedia.com,request,2.6-202606,openrtb.field.moved,error,regs.ext.gdpr,Section 3.2.3
p001837,outsideonline.com,htlb.casalemedia.com,request,2.6-202606,openrtb.field.moved,error,regs.ext.gdpr,Section 3.2.3
p001838,outsideonline.com,htlb.casalemedia.com,request,2.6-202606,openrtb.field.moved,error,regs.ext.gdpr,Section 3.2.3
p001839,outsideonline.com,htlb.casalemedia.com,request,2.6-202606,openrtb.field.moved,error,regs.ext.gdpr,Section 3.2.3
p001840,outsideonline.com,htlb.casalemedia.com,request,2.6-202606,openrtb.field.moved,error,regs.ext.gdpr,Section 3.2.3
p001841,outsideonline.com,htlb.casalemedia.com,request,2.6-202606,openrtb.field.moved,error,regs.ext.gdpr,Section 3.2.3
p001843,pilotonline.com,htlb.casalemedia.com,request,2.6-202606,openrtb.field.deprecated,warning,imp[0].video.placement,Section 3.2.7
p001843,pilotonline.com,htlb.casalemedia.com,request,2.6-202606,openrtb.field.undefined,error,imp[0].video.playerSize,3.2.7
p001845,pilotonline.com,htlb.casalemedia.com,request,2.6-202606,openrtb.field.deprecated,warning,imp[0].video.placement,Section 3.2.7
p001845,pilotonline.com,htlb.casalemedia.com,request,2.6-202606,openrtb.field.undefined,error,imp[0].video.playerSize,3.2.7
p001849,philstar.com,htlb.casalemedia.com,request,2.6-202606,openrtb.type.mismatch,error,site.publisher.id,3.2.15
p001850,pilotonline.com,htlb.casalemedia.com,request,2.6-202606,openrtb.field.deprecated,warning,imp[0].video.placement,Section 3.2.7
p001850,pilotonline.com,htlb.casalemedia.com,request,2.6-202606,openrtb.field.undefined,error,imp[0].video.playerSize,3.2.7
p001853,purposegames.com,htlb.casalemedia.com,request,2.6-202606,openrtb.field.moved,error,regs.ext.gdpr,Section 3.2.3
p001854,psychcentral.com,htlb.casalemedia.com,request,2.6-202606,openrtb.field.deprecated,warning,imp[0].video.placement,Section 3.2.7
p001854,psychcentral.com,htlb.casalemedia.com,request,2.6-202606,openrtb.field.undefined,error,imp[0].video.playerSize,3.2.7
p001855,purposegames.com,htlb.casalemedia.com,request,2.6-202606,openrtb.field.moved,error,regs.ext.gdpr,Section 3.2.3
p001857,rawstory.com,htlb.casalemedia.com,request,2.6-202606,openrtb.field.moved,error,regs.ext.gdpr,Section 3.2.3
p001857,rawstory.com,htlb.casalemedia.com,request,2.6-202606,openrtb.field.moved,error,user.ext.consent,Section 3.2.20
p001858,rawstory.com,htlb.casalemedia.com,request,2.6-202606,openrtb.field.moved,error,regs.ext.gdpr,Section 3.2.3
p001858,rawstory.com,htlb.casalemedia.com,request,2.6-202606,openrtb.field.moved,error,user.ext.consent,Section 3.2.20
p001859,rawstory.com,htlb.casalemedia.com,request,2.6-202606,openrtb.field.moved,error,regs.ext.gdpr,Section 3.2.3
p001859,rawstory.com,htlb.casalemedia.com,request,2.6-202606,openrtb.field.moved,error,user.ext.consent,Section 3.2.20
p001860,rawstory.com,htlb.casalemedia.com,request,2.6-202606,openrtb.field.moved,error,regs.ext.gdpr,Section 3.2.3
p001860,rawstory.com,htlb.casalemedia.com,request,2.6-202606,openrtb.field.moved,error,user.ext.consent,Section 3.2.20
p001863,self.com,htlb.casalemedia.com,request,2.6-202606,openrtb.field.undefined,error,imp[0].video.language,3.2.7
p001863,self.com,htlb.casalemedia.com,request,2.6-202606,openrtb.field.deprecated,warning,imp[0].video.placement,Section 3.2.7
p001863,self.com,htlb.casalemedia.com,request,2.6-202606,openrtb.field.undefined,error,imp[0].video.playerSize,3.2.7
p001863,self.com,htlb.casalemedia.com,request,2.6-202606,openrtb.field.undefined,error,imp[0].video.size_id,3.2.7
p001867,socialblade.com,htlb.casalemedia.com,request,2.6-202606,openrtb.field.deprecated,warning,imp[6].video.placement,Section 3.2.7
p001867,socialblade.com,htlb.casalemedia.com,request,2.6-202606,openrtb.field.undefined,error,imp[6].video.playerSize,3.2.7
p001867,socialblade.com,htlb.casalemedia.com,request,2.6-202606,openrtb.value.invalid,error,imp[6].video.skip,3.2.7
p001871,salon.com,htlb.casalemedia.com,request,2.6-202606,openrtb.field.deprecated,warning,imp[0].video.placement,Section 3.2.7
p001871,salon.com,htlb.casalemedia.com,request,2.6-202606,openrtb.field.undefined,error,imp[0].video.playerSize,3.2.7
p001871,salon.com,htlb.casalemedia.com,request,2.6-202606,openrtb.value.invalid,error,imp[0].video.skip,3.2.7
p001873,salon.com,htlb.casalemedia.com,request,2.6-202606,openrtb.field.deprecated,warning,imp[0].video.placement,Section 3.2.7
p001873,salon.com,htlb.casalemedia.com,request,2.6-202606,openrtb.field.undefined,error,imp[0].video.playerSize,3.2.7
p001873,salon.com,htlb.casalemedia.com,request,2.6-202606,openrtb.value.invalid,error,imp[0].video.skip,3.2.7
p001874,salon.com,htlb.casalemedia.com,request,2.6-202606,openrtb.field.deprecated,warning,imp[1].video.placement,Section 3.2.7
p001874,salon.com,htlb.casalemedia.com,request,2.6-202606,openrtb.field.undefined,error,imp[1].video.playerSize,3.2.7
p001874,salon.com,htlb.casalemedia.com,request,2.6-202606,openrtb.value.invalid,error,imp[1].video.skip,3.2.7
p001880,salon.com,htlb.casalemedia.com,request,2.6-202606,openrtb.field.deprecated,warning,imp[0].video.placement,Section 3.2.7
p001880,salon.com,htlb.casalemedia.com,request,2.6-202606,openrtb.field.undefined,error,imp[0].video.playerSize,3.2.7
p001880,salon.com,htlb.casalemedia.com,request,2.6-202606,openrtb.value.invalid,error,imp[0].video.skip,3.2.7
p001881,salon.com,htlb.casalemedia.com,request,2.6-202606,openrtb.field.deprecated,warning,imp[0].video.placement,Section 3.2.7
p001881,salon.com,htlb.casalemedia.com,request,2.6-202606,openrtb.field.undefined,error,imp[0].video.playerSize,3.2.7
p001881,salon.com,htlb.casalemedia.com,request,2.6-202606,openrtb.value.invalid,error,imp[0].video.skip,3.2.7
p001883,salon.com,htlb.casalemedia.com,request,2.6-202606,openrtb.field.deprecated,warning,imp[0].video.placement,Section 3.2.7
p001883,salon.com,htlb.casalemedia.com,request,2.6-202606,openrtb.field.undefined,error,imp[0].video.playerSize,3.2.7
p001883,salon.com,htlb.casalemedia.com,request,2.6-202606,openrtb.value.invalid,error,imp[0].video.skip,3.2.7
p001884,salon.com,htlb.casalemedia.com,request,2.6-202606,openrtb.field.deprecated,warning,imp[0].video.placement,Section 3.2.7
p001884,salon.com,htlb.casalemedia.com,request,2.6-202606,openrtb.field.undefined,error,imp[0].video.playerSize,3.2.7
p001884,salon.com,htlb.casalemedia.com,request,2.6-202606,openrtb.value.invalid,error,imp[0].video.skip,3.2.7
p001885,self.com,htlb.casalemedia.com,request,2.6-202606,openrtb.field.undefined,error,imp[0].video.language,3.2.7
p001885,self.com,htlb.casalemedia.com,request,2.6-202606,openrtb.field.deprecated,warning,imp[0].video.placement,Section 3.2.7
p001885,self.com,htlb.casalemedia.com,request,2.6-202606,openrtb.field.undefined,error,imp[0].video.playerSize,3.2.7
p001885,self.com,htlb.casalemedia.com,request,2.6-202606,openrtb.field.undefined,error,imp[0].video.size_id,3.2.7
p001892,teletica.com,htlb.casalemedia.com,request,2.6-202606,openrtb.field.moved,error,regs.ext.gdpr,Section 3.2.3
p001892,teletica.com,htlb.casalemedia.com,request,2.6-202606,openrtb.field.moved,error,user.ext.consent,Section 3.2.20
p001893,teletica.com,htlb.casalemedia.com,request,2.6-202606,openrtb.field.moved,error,regs.ext.gdpr,Section 3.2.3
p001893,teletica.com,htlb.casalemedia.com,request,2.6-202606,openrtb.field.moved,error,user.ext.consent,Section 3.2.20
p001894,teletica.com,htlb.casalemedia.com,request,2.6-202606,openrtb.field.moved,error,regs.ext.gdpr,Section 3.2.3
p001894,teletica.com,htlb.casalemedia.com,request,2.6-202606,openrtb.field.moved,error,user.ext.consent,Section 3.2.20
p001895,tennessean.com,htlb.casalemedia.com,request,2.6-202606,openrtb.field.undefined,error,device.geo.state,3.2.19
p001895,tennessean.com,htlb.casalemedia.com,request,2.6-202606,openrtb.field.deprecated,warning,imp[0].video.placement,Section 3.2.7
p001895,tennessean.com,htlb.casalemedia.com,request,2.6-202606,openrtb.field.undefined,error,imp[0].video.playerSize,3.2.7
p001895,tennessean.com,htlb.casalemedia.com,request,2.6-202606,openrtb.value.invalid,error,imp[0].video.skip,3.2.7
p001898,thesun.ie,htlb.casalemedia.com,request,2.6-202606,openrtb.field.moved,error,regs.ext.gdpr,Section 3.2.3
p001898,thesun.ie,htlb.casalemedia.com,request,2.6-202606,openrtb.field.undefined,error,user.eids[2].rti_partner,3.2.27
p001899,thesun.ie,htlb.casalemedia.com,request,2.6-202606,openrtb.field.moved,error,regs.ext.gdpr,Section 3.2.3
p001900,thesun.ie,htlb.casalemedia.com,request,2.6-202606,openrtb.field.moved,error,regs.ext.gdpr,Section 3.2.3
p001901,thesun.ie,htlb.casalemedia.com,request,2.6-202606,openrtb.field.moved,error,regs.ext.gdpr,Section 3.2.3
p001901,thesun.ie,htlb.casalemedia.com,request,2.6-202606,openrtb.field.undefined,error,user.eids[2].rti_partner,3.2.27
p001902,thesun.ie,htlb.casalemedia.com,request,2.6-202606,openrtb.field.moved,error,regs.ext.gdpr,Section 3.2.3
p001903,thesun.ie,htlb.casalemedia.com,request,2.6-202606,openrtb.field.moved,error,regs.ext.gdpr,Section 3.2.3
p001904,thesun.ie,htlb.casalemedia.com,request,2.6-202606,openrtb.field.moved,error,regs.ext.gdpr,Section 3.2.3
p001905,thesun.ie,htlb.casalemedia.com,request,2.6-202606,openrtb.field.deprecated,warning,imp[0].video.placement,Section 3.2.7
p001905,thesun.ie,htlb.casalemedia.com,request,2.6-202606,openrtb.field.undefined,error,imp[0].video.playerSize,3.2.7
p001905,thesun.ie,htlb.casalemedia.com,request,2.6-202606,openrtb.field.moved,error,regs.ext.gdpr,Section 3.2.3
p001906,tio.ch,htlb.casalemedia.com,request,2.6-202606,openrtb.field.deprecated,warning,imp[0].video.placement,Section 3.2.7
p001906,tio.ch,htlb.casalemedia.com,request,2.6-202606,openrtb.field.undefined,error,imp[0].video.playerSize,3.2.7
p001906,tio.ch,htlb.casalemedia.com,request,2.6-202606,openrtb.value.invalid,error,imp[0].video.skip,3.2.7
p001906,tio.ch,htlb.casalemedia.com,request,2.6-202606,openrtb.field.undefined,error,imp[0].video.video,3.2.7
p001906,tio.ch,htlb.casalemedia.com,request,2.6-202606,openrtb.field.moved,error,regs.ext.gdpr,Section 3.2.3
p001906,tio.ch,htlb.casalemedia.com,request,2.6-202606,openrtb.field.moved,error,user.ext.consent,Section 3.2.20
p001907,tio.ch,htlb.casalemedia.com,request,2.6-202606,openrtb.field.moved,error,regs.ext.gdpr,Section 3.2.3
p001907,tio.ch,htlb.casalemedia.com,request,2.6-202606,openrtb.field.moved,error,user.ext.consent,Section 3.2.20
p001908,tio.ch,htlb.casalemedia.com,request,2.6-202606,openrtb.field.moved,error,regs.ext.gdpr,Section 3.2.3
p001908,tio.ch,htlb.casalemedia.com,request,2.6-202606,openrtb.field.moved,error,user.ext.consent,Section 3.2.20
p001909,tio.ch,htlb.casalemedia.com,request,2.6-202606,openrtb.field.moved,error,regs.ext.gdpr,Section 3.2.3
p001909,tio.ch,htlb.casalemedia.com,request,2.6-202606,openrtb.field.moved,error,user.ext.consent,Section 3.2.20
p001910,tio.ch,htlb.casalemedia.com,request,2.6-202606,openrtb.field.moved,error,regs.ext.gdpr,Section 3.2.3
p001910,tio.ch,htlb.casalemedia.com,request,2.6-202606,openrtb.field.moved,error,user.ext.consent,Section 3.2.20
p001911,treehugger.com,htlb.casalemedia.com,request,2.6-202606,openrtb.field.undefined,error,user.eids[2].rti_partner,3.2.27
p001912,treehugger.com,htlb.casalemedia.com,request,2.6-202606,openrtb.field.undefined,error,user.eids[2].rti_partner,3.2.27
p001913,upi.com,htlb.casalemedia.com,request,2.6-202606,openrtb.field.undefined,error,user.eids[3].rti_partner,3.2.27
p001914,upi.com,htlb.casalemedia.com,request,2.6-202606,openrtb.field.undefined,error,user.eids[6].rti_partner,3.2.27
p001920,upi.com,htlb.casalemedia.com,request,2.6-202606,openrtb.field.undefined,error,user.eids[6].rti_partner,3.2.27
p001926,webdesignerdepot.com,htlb.casalemedia.com,request,2.6-202606,openrtb.field.deprecated,warning,imp[0].video.placement,Section 3.2.7
p001926,webdesignerdepot.com,htlb.casalemedia.com,request,2.6-202606,openrtb.field.undefined,error,imp[0].video.playerSize,3.2.7
p001926,webdesignerdepot.com,htlb.casalemedia.com,request,2.6-202606,openrtb.value.invalid,error,imp[0].video.skip,3.2.7
p001927,webdesignerdepot.com,htlb.casalemedia.com,request,2.6-202606,openrtb.field.deprecated,warning,imp[1].video.placement,Section 3.2.7
p001927,webdesignerdepot.com,htlb.casalemedia.com,request,2.6-202606,openrtb.field.undefined,error,imp[1].video.playerSize,3.2.7
p001927,webdesignerdepot.com,htlb.casalemedia.com,request,2.6-202606,openrtb.value.invalid,error,imp[1].video.skip,3.2.7
p001929,zeldadungeon.net,htlb.casalemedia.com,request,2.6-202606,openrtb.field.moved,error,regs.ext.gdpr,Section 3.2.3
p001930,webdesignerdepot.com,htlb.casalemedia.com,request,2.6-202606,openrtb.field.deprecated,warning,imp[0].video.placement,Section 3.2.7
p001930,webdesignerdepot.com,htlb.casalemedia.com,request,2.6-202606,openrtb.field.undefined,error,imp[0].video.playerSize,3.2.7
p001930,webdesignerdepot.com,htlb.casalemedia.com,request,2.6-202606,openrtb.value.invalid,error,imp[0].video.skip,3.2.7
p001933,webdesignerdepot.com,htlb.casalemedia.com,request,2.6-202606,openrtb.field.deprecated,warning,imp[0].video.placement,Section 3.2.7
p001933,webdesignerdepot.com,htlb.casalemedia.com,request,2.6-202606,openrtb.field.undefined,error,imp[0].video.playerSize,3.2.7
p001933,webdesignerdepot.com,htlb.casalemedia.com,request,2.6-202606,openrtb.value.invalid,error,imp[0].video.skip,3.2.7
p001934,webdesignerdepot.com,htlb.casalemedia.com,request,2.6-202606,openrtb.field.deprecated,warning,imp[1].video.placement,Section 3.2.7
p001934,webdesignerdepot.com,htlb.casalemedia.com,request,2.6-202606,openrtb.field.undefined,error,imp[1].video.playerSize,3.2.7
p001934,webdesignerdepot.com,htlb.casalemedia.com,request,2.6-202606,openrtb.value.invalid,error,imp[1].video.skip,3.2.7
p001938,webdesignerdepot.com,htlb.casalemedia.com,request,2.6-202606,openrtb.field.deprecated,warning,imp[0].video.placement,Section 3.2.7
p001938,webdesignerdepot.com,htlb.casalemedia.com,request,2.6-202606,openrtb.field.undefined,error,imp[0].video.playerSize,3.2.7
p001938,webdesignerdepot.com,htlb.casalemedia.com,request,2.6-202606,openrtb.value.invalid,error,imp[0].video.skip,3.2.7
p001939,webdesignerdepot.com,htlb.casalemedia.com,request,2.6-202606,openrtb.field.deprecated,warning,imp[0].video.placement,Section 3.2.7
p001939,webdesignerdepot.com,htlb.casalemedia.com,request,2.6-202606,openrtb.field.undefined,error,imp[0].video.playerSize,3.2.7
p001939,webdesignerdepot.com,htlb.casalemedia.com,request,2.6-202606,openrtb.value.invalid,error,imp[0].video.skip,3.2.7
p001940,webdesignerdepot.com,htlb.casalemedia.com,request,2.6-202606,openrtb.field.deprecated,warning,imp[0].video.placement,Section 3.2.7
p001940,webdesignerdepot.com,htlb.casalemedia.com,request,2.6-202606,openrtb.field.undefined,error,imp[0].video.playerSize,3.2.7
p001940,webdesignerdepot.com,htlb.casalemedia.com,request,2.6-202606,openrtb.value.invalid,error,imp[0].video.skip,3.2.7
p001941,autoguide.com,htlb.casalemedia.com,response,2.6-202606,openrtb.response.seatbid_or_nbr.required,error,seatbid,4.2.1
p001942,autoguide.com,htlb.casalemedia.com,response,2.6-202606,openrtb.response.seatbid_or_nbr.required,error,seatbid,4.2.1
p001943,autoguide.com,htlb.casalemedia.com,response,2.6-202606,openrtb.response.seatbid_or_nbr.required,error,seatbid,4.2.1
p001944,autoguide.com,htlb.casalemedia.com,response,2.6-202606,openrtb.response.seatbid_or_nbr.required,error,seatbid,4.2.1
p001945,autoguide.com,htlb.casalemedia.com,response,2.6-202606,openrtb.response.seatbid_or_nbr.required,error,seatbid,4.2.1
p001946,autoguide.com,htlb.casalemedia.com,response,2.6-202606,openrtb.response.seatbid_or_nbr.required,error,seatbid,4.2.1
p001947,autoguide.com,htlb.casalemedia.com,response,2.6-202606,openrtb.response.seatbid_or_nbr.required,error,seatbid,4.2.1
p001948,autoguide.com,htlb.casalemedia.com,response,2.6-202606,openrtb.response.seatbid_or_nbr.required,error,seatbid,4.2.1
p001949,autoguide.com,htlb.casalemedia.com,response,2.6-202606,openrtb.response.seatbid_or_nbr.required,error,seatbid,4.2.1
p001950,autoguide.com,htlb.casalemedia.com,response,2.6-202606,openrtb.response.seatbid_or_nbr.required,error,seatbid,4.2.1
p001951,autoguide.com,htlb.casalemedia.com,response,2.6-202606,openrtb.response.seatbid_or_nbr.required,error,seatbid,4.2.1
p001952,autoguide.com,htlb.casalemedia.com,response,2.6-202606,openrtb.response.seatbid_or_nbr.required,error,seatbid,4.2.1
p001953,autoguide.com,htlb.casalemedia.com,response,2.6-202606,openrtb.response.seatbid_or_nbr.required,error,seatbid,4.2.1
p001954,autoguide.com,htlb.casalemedia.com,response,2.6-202606,openrtb.response.seatbid_or_nbr.required,error,seatbid,4.2.1
p001955,autoguide.com,htlb.casalemedia.com,response,2.6-202606,openrtb.response.seatbid_or_nbr.required,error,seatbid,4.2.1
p001956,barcablaugranes.com,htlb.casalemedia.com,response,2.6-202606,openrtb.response.seatbid_or_nbr.required,error,seatbid,4.2.1
p001957,businessinsider.com,htlb.casalemedia.com,response,2.6-202606,openrtb.response.seatbid_or_nbr.required,error,seatbid,4.2.1
p001958,barcablaugranes.com,htlb.casalemedia.com,response,2.6-202606,openrtb.response.seatbid_or_nbr.required,error,seatbid,4.2.1
p001959,barcablaugranes.com,htlb.casalemedia.com,response,2.6-202606,openrtb.response.seatbid_or_nbr.required,error,seatbid,4.2.1
p001960,barcablaugranes.com,htlb.casalemedia.com,response,2.6-202606,openrtb.response.seatbid_or_nbr.required,error,seatbid,4.2.1
p001961,businessinsider.com,htlb.casalemedia.com,response,2.6-202606,openrtb.response.seatbid_or_nbr.required,error,seatbid,4.2.1
p001962,barcablaugranes.com,htlb.casalemedia.com,response,2.6-202606,openrtb.response.seatbid_or_nbr.required,error,seatbid,4.2.1
p001963,businessinsider.com,htlb.casalemedia.com,response,2.6-202606,openrtb.response.seatbid_or_nbr.required,error,seatbid,4.2.1
p001964,businessinsider.com,htlb.casalemedia.com,response,2.6-202606,openrtb.response.seatbid_or_nbr.required,error,seatbid,4.2.1
p001965,barcablaugranes.com,htlb.casalemedia.com,response,2.6-202606,openrtb.response.seatbid_or_nbr.required,error,seatbid,4.2.1
p001966,barcablaugranes.com,htlb.casalemedia.com,response,2.6-202606,openrtb.response.seatbid_or_nbr.required,error,seatbid,4.2.1
p001967,barcablaugranes.com,htlb.casalemedia.com,response,2.6-202606,openrtb.response.seatbid_or_nbr.required,error,seatbid,4.2.1
p001968,barcablaugranes.com,htlb.casalemedia.com,response,2.6-202606,openrtb.response.seatbid_or_nbr.required,error,seatbid,4.2.1
p001969,chl.ca,htlb.casalemedia.com,response,2.6-202606,openrtb.response.seatbid_or_nbr.required,error,seatbid,4.2.1
p001970,chl.ca,htlb.casalemedia.com,response,2.6-202606,openrtb.response.seatbid_or_nbr.required,error,seatbid,4.2.1
p001971,cityam.com,htlb.casalemedia.com,response,2.6-202606,openrtb.response.seatbid_or_nbr.required,error,seatbid,4.2.1
p001972,coindesk.com,htlb.casalemedia.com,response,2.6-202606,openrtb.response.seatbid_or_nbr.required,error,seatbid,4.2.1
p001973,coindesk.com,htlb.casalemedia.com,response,2.6-202606,openrtb.response.seatbid_or_nbr.required,error,seatbid,4.2.1
p001974,cityam.com,htlb.casalemedia.com,response,2.6-202606,openrtb.response.seatbid_or_nbr.required,error,seatbid,4.2.1
p001975,cupofjo.com,htlb.casalemedia.com,response,2.6-202606,openrtb.response.seatbid_or_nbr.required,error,seatbid,4.2.1
p001976,cupofjo.com,htlb.casalemedia.com,response,2.6-202606,openrtb.response.seatbid_or_nbr.required,error,seatbid,4.2.1
p001977,cupofjo.com,htlb.casalemedia.com,response,2.6-202606,openrtb.response.seatbid_or_nbr.required,error,seatbid,4.2.1
p001978,cupofjo.com,htlb.casalemedia.com,response,2.6-202606,openrtb.response.seatbid_or_nbr.required,error,seatbid,4.2.1
p001979,cupofjo.com,htlb.casalemedia.com,response,2.6-202606,openrtb.response.seatbid_or_nbr.required,error,seatbid,4.2.1
p001980,cupofjo.com,htlb.casalemedia.com,response,2.6-202606,openrtb.response.seatbid_or_nbr.required,error,seatbid,4.2.1
p001981,cupofjo.com,htlb.casalemedia.com,response,2.6-202606,openrtb.response.seatbid_or_nbr.required,error,seatbid,4.2.1
p001982,dailykos.com,htlb.casalemedia.com,response,2.6-202606,openrtb.response.seatbid_or_nbr.required,error,seatbid,4.2.1
p001983,dailykos.com,htlb.casalemedia.com,response,2.6-202606,openrtb.response.seatbid_or_nbr.required,error,seatbid,4.2.1
p001984,dailykos.com,htlb.casalemedia.com,response,2.6-202606,openrtb.response.seatbid_or_nbr.required,error,seatbid,4.2.1
p001985,dailykos.com,htlb.casalemedia.com,response,2.6-202606,openrtb.response.seatbid_or_nbr.required,error,seatbid,4.2.1
p001986,dailykos.com,htlb.casalemedia.com,response,2.6-202606,openrtb.response.seatbid_or_nbr.required,error,seatbid,4.2.1
p001987,dailykos.com,htlb.casalemedia.com,response,2.6-202606,openrtb.response.seatbid_or_nbr.required,error,seatbid,4.2.1
p001988,dailykos.com,htlb.casalemedia.com,response,2.6-202606,openrtb.response.seatbid_or_nbr.required,error,seatbid,4.2.1
p001989,eonline.com,htlb.casalemedia.com,response,2.6-202606,openrtb.response.seatbid_or_nbr.required,error,seatbid,4.2.1
p001990,eonline.com,htlb.casalemedia.com,response,2.6-202606,openrtb.response.seatbid_or_nbr.required,error,seatbid,4.2.1
p001991,eonline.com,htlb.casalemedia.com,response,2.6-202606,openrtb.response.seatbid_or_nbr.required,error,seatbid,4.2.1
p001992,eonline.com,htlb.casalemedia.com,response,2.6-202606,openrtb.response.seatbid_or_nbr.required,error,seatbid,4.2.1
p001993,eonline.com,htlb.casalemedia.com,response,2.6-202606,openrtb.response.seatbid_or_nbr.required,error,seatbid,4.2.1
p001994,eonline.com,htlb.casalemedia.com,response,2.6-202606,openrtb.response.seatbid_or_nbr.required,error,seatbid,4.2.1
p001995,eonline.com,htlb.casalemedia.com,response,2.6-202606,openrtb.response.seatbid_or_nbr.required,error,seatbid,4.2.1
p001996,eonline.com,htlb.casalemedia.com,response,2.6-202606,openrtb.response.seatbid_or_nbr.required,error,seatbid,4.2.1
p001997,fox11online.com,htlb.casalemedia.com,response,2.6-202606,openrtb.response.seatbid_or_nbr.required,error,seatbid,4.2.1
p001998,fox11online.com,htlb.casalemedia.com,response,2.6-202606,openrtb.response.seatbid_or_nbr.required,error,seatbid,4.2.1
p001999,fox11online.com,htlb.casalemedia.com,response,2.6-202606,openrtb.response.seatbid_or_nbr.required,error,seatbid,4.2.1
p002000,fox11online.com,htlb.casalemedia.com,response,2.6-202606,openrtb.response.seatbid_or_nbr.required,error,seatbid,4.2.1
p002001,fox11online.com,htlb.casalemedia.com,response,2.6-202606,openrtb.response.seatbid_or_nbr.required,error,seatbid,4.2.1
p002002,fox11online.com,htlb.casalemedia.com,response,2.6-202606,openrtb.response.seatbid_or_nbr.required,error,seatbid,4.2.1
p002003,fox11online.com,htlb.casalemedia.com,response,2.6-202606,openrtb.response.seatbid_or_nbr.required,error,seatbid,4.2.1
p002004,giantfreakinrobot.com,htlb.casalemedia.com,response,2.6-202606,openrtb.response.seatbid_or_nbr.required,error,seatbid,4.2.1
p002005,giantfreakinrobot.com,htlb.casalemedia.com,response,2.6-202606,openrtb.response.seatbid_or_nbr.required,error,seatbid,4.2.1
p002006,giantfreakinrobot.com,htlb.casalemedia.com,response,2.6-202606,openrtb.response.seatbid_or_nbr.required,error,seatbid,4.2.1
p002007,giantfreakinrobot.com,htlb.casalemedia.com,response,2.6-202606,openrtb.response.seatbid_or_nbr.required,error,seatbid,4.2.1
p002008,halfbakedharvest.com,htlb.casalemedia.com,response,2.6-202606,openrtb.response.seatbid_or_nbr.required,error,seatbid,4.2.1
p002009,halfbakedharvest.com,htlb.casalemedia.com,response,2.6-202606,openrtb.response.seatbid_or_nbr.required,error,seatbid,4.2.1
p002010,halfbakedharvest.com,htlb.casalemedia.com,response,2.6-202606,openrtb.response.seatbid_or_nbr.required,error,seatbid,4.2.1
p002011,halfbakedharvest.com,htlb.casalemedia.com,response,2.6-202606,openrtb.response.seatbid_or_nbr.required,error,seatbid,4.2.1
p002012,halfbakedharvest.com,htlb.casalemedia.com,response,2.6-202606,openrtb.response.seatbid_or_nbr.required,error,seatbid,4.2.1
p002013,hokkaido-np.co.jp,htlb.casalemedia.com,response,2.6-202606,openrtb.response.seatbid_or_nbr.required,error,seatbid,4.2.1
p002014,halfbakedharvest.com,htlb.casalemedia.com,response,2.6-202606,openrtb.response.seatbid_or_nbr.required,error,seatbid,4.2.1
p002015,halfbakedharvest.com,htlb.casalemedia.com,response,2.6-202606,openrtb.response.seatbid_or_nbr.required,error,seatbid,4.2.1
p002016,halfbakedharvest.com,htlb.casalemedia.com,response,2.6-202606,openrtb.response.seatbid_or_nbr.required,error,seatbid,4.2.1
p002017,halfbakedharvest.com,htlb.casalemedia.com,response,2.6-202606,openrtb.response.seatbid_or_nbr.required,error,seatbid,4.2.1
p002018,halfbakedharvest.com,htlb.casalemedia.com,response,2.6-202606,openrtb.response.seatbid_or_nbr.required,error,seatbid,4.2.1
p002019,hokkaido-np.co.jp,htlb.casalemedia.com,response,2.6-202606,openrtb.response.seatbid_or_nbr.required,error,seatbid,4.2.1
p002020,howlongtobeat.com,htlb.casalemedia.com,response,2.6-202606,openrtb.response.seatbid_or_nbr.required,error,seatbid,4.2.1
p002021,imore.com,htlb.casalemedia.com,response,2.6-202606,openrtb.response.seatbid_or_nbr.required,error,seatbid,4.2.1
p002022,imore.com,htlb.casalemedia.com,response,2.6-202606,openrtb.response.seatbid_or_nbr.required,error,seatbid,4.2.1
p002023,iheart.com,htlb.casalemedia.com,response,2.6-202606,openrtb.response.seatbid_or_nbr.required,error,seatbid,4.2.1
p002024,imore.com,htlb.casalemedia.com,response,2.6-202606,openrtb.response.seatbid_or_nbr.required,error,seatbid,4.2.1
p002025,iheart.com,htlb.casalemedia.com,response,2.6-202606,openrtb.response.seatbid_or_nbr.required,error,seatbid,4.2.1
p002026,montgomeryadvertiser.com,htlb.casalemedia.com,response,2.6-202606,openrtb.response.seatbid_or_nbr.required,error,seatbid,4.2.1
p002027,montgomeryadvertiser.com,htlb.casalemedia.com,response,2.6-202606,openrtb.response.seatbid_or_nbr.required,error,seatbid,4.2.1
p002028,namemc.com,htlb.casalemedia.com,response,2.6-202606,openrtb.response.seatbid_or_nbr.required,error,seatbid,4.2.1
p002029,namemc.com,htlb.casalemedia.com,response,2.6-202606,openrtb.response.seatbid_or_nbr.required,error,seatbid,4.2.1
p002030,namemc.com,htlb.casalemedia.com,response,2.6-202606,openrtb.response.seatbid_or_nbr.required,error,seatbid,4.2.1
p002031,namemc.com,htlb.casalemedia.com,response,2.6-202606,openrtb.response.seatbid_or_nbr.required,error,seatbid,4.2.1
p002032,namemc.com,htlb.casalemedia.com,response,2.6-202606,openrtb.response.seatbid_or_nbr.required,error,seatbid,4.2.1
p002033,namemc.com,htlb.casalemedia.com,response,2.6-202606,openrtb.response.seatbid_or_nbr.required,error,seatbid,4.2.1
p002034,nbcconnecticut.com,htlb.casalemedia.com,response,2.6-202606,openrtb.response.seatbid_or_nbr.required,error,seatbid,4.2.1
p002035,nbcconnecticut.com,htlb.casalemedia.com,response,2.6-202606,openrtb.response.seatbid_or_nbr.required,error,seatbid,4.2.1
p002036,nbcconnecticut.com,htlb.casalemedia.com,response,2.6-202606,openrtb.response.seatbid_or_nbr.required,error,seatbid,4.2.1
p002037,nbcconnecticut.com,htlb.casalemedia.com,response,2.6-202606,openrtb.response.seatbid_or_nbr.required,error,seatbid,4.2.1
p002038,nbcconnecticut.com,htlb.casalemedia.com,response,2.6-202606,openrtb.response.seatbid_or_nbr.required,error,seatbid,4.2.1
p002039,nbcconnecticut.com,htlb.casalemedia.com,response,2.6-202606,openrtb.response.seatbid_or_nbr.required,error,seatbid,4.2.1
p002040,nbcconnecticut.com,htlb.casalemedia.com,response,2.6-202606,openrtb.response.seatbid_or_nbr.required,error,seatbid,4.2.1
p002041,nbcconnecticut.com,htlb.casalemedia.com,response,2.6-202606,openrtb.response.seatbid_or_nbr.required,error,seatbid,4.2.1
p002042,nbcconnecticut.com,htlb.casalemedia.com,response,2.6-202606,openrtb.response.seatbid_or_nbr.required,error,seatbid,4.2.1
p002043,nbcconnecticut.com,htlb.casalemedia.com,response,2.6-202606,openrtb.response.seatbid_or_nbr.required,error,seatbid,4.2.1
p002044,nbcconnecticut.com,htlb.casalemedia.com,response,2.6-202606,openrtb.response.seatbid_or_nbr.required,error,seatbid,4.2.1
p002045,nbcconnecticut.com,htlb.casalemedia.com,response,2.6-202606,openrtb.response.seatbid_or_nbr.required,error,seatbid,4.2.1
p002046,nbcconnecticut.com,htlb.casalemedia.com,response,2.6-202606,openrtb.response.seatbid_or_nbr.required,error,seatbid,4.2.1
p002048,nbcconnecticut.com,htlb.casalemedia.com,response,2.6-202606,openrtb.response.seatbid_or_nbr.required,error,seatbid,4.2.1
p002049,nbcconnecticut.com,htlb.casalemedia.com,response,2.6-202606,openrtb.response.seatbid_or_nbr.required,error,seatbid,4.2.1
p002050,nbcconnecticut.com,htlb.casalemedia.com,response,2.6-202606,openrtb.response.seatbid_or_nbr.required,error,seatbid,4.2.1
p002051,nbcconnecticut.com,htlb.casalemedia.com,response,2.6-202606,openrtb.response.seatbid_or_nbr.required,error,seatbid,4.2.1
p002052,nbcconnecticut.com,htlb.casalemedia.com,response,2.6-202606,openrtb.response.seatbid_or_nbr.required,error,seatbid,4.2.1
p002053,nintendoeverything.com,htlb.casalemedia.com,response,2.6-202606,openrtb.response.seatbid_or_nbr.required,error,seatbid,4.2.1
p002054,nintendoeverything.com,htlb.casalemedia.com,response,2.6-202606,openrtb.response.seatbid_or_nbr.required,error,seatbid,4.2.1
p002055,nintendoeverything.com,htlb.casalemedia.com,response,2.6-202606,openrtb.response.seatbid_or_nbr.required,error,seatbid,4.2.1
p002056,nintendoeverything.com,htlb.casalemedia.com,response,2.6-202606,openrtb.response.seatbid_or_nbr.required,error,seatbid,4.2.1
p002057,oneindia.com,htlb.casalemedia.com,response,2.6-202606,openrtb.response.seatbid_or_nbr.required,error,seatbid,4.2.1
p002058,oneindia.com,htlb.casalemedia.com,response,2.6-202606,openrtb.response.seatbid_or_nbr.required,error,seatbid,4.2.1
p002059,nintendoeverything.com,htlb.casalemedia.com,response,2.6-202606,openrtb.response.seatbid_or_nbr.required,error,seatbid,4.2.1
p002060,nintendoeverything.com,htlb.casalemedia.com,response,2.6-202606,openrtb.response.seatbid_or_nbr.required,error,seatbid,4.2.1
p002061,nintendoeverything.com,htlb.casalemedia.com,response,2.6-202606,openrtb.response.seatbid_or_nbr.required,error,seatbid,4.2.1
p002062,nintendoeverything.com,htlb.casalemedia.com,response,2.6-202606,openrtb.response.seatbid_or_nbr.required,error,seatbid,4.2.1
p002063,nintendoeverything.com,htlb.casalemedia.com,response,2.6-202606,openrtb.response.seatbid_or_nbr.required,error,seatbid,4.2.1
p002064,outsideonline.com,htlb.casalemedia.com,response,2.6-202606,openrtb.response.seatbid_or_nbr.required,error,seatbid,4.2.1
p002065,outsideonline.com,htlb.casalemedia.com,response,2.6-202606,openrtb.response.seatbid_or_nbr.required,error,seatbid,4.2.1
p002066,outsideonline.com,htlb.casalemedia.com,response,2.6-202606,openrtb.response.seatbid_or_nbr.required,error,seatbid,4.2.1
p002067,outsideonline.com,htlb.casalemedia.com,response,2.6-202606,openrtb.response.seatbid_or_nbr.required,error,seatbid,4.2.1
p002068,outsideonline.com,htlb.casalemedia.com,response,2.6-202606,openrtb.response.seatbid_or_nbr.required,error,seatbid,4.2.1
p002069,oneindia.com,htlb.casalemedia.com,response,2.6-202606,openrtb.response.seatbid_or_nbr.required,error,seatbid,4.2.1
p002070,oneindia.com,htlb.casalemedia.com,response,2.6-202606,openrtb.response.seatbid_or_nbr.required,error,seatbid,4.2.1
p002071,outsideonline.com,htlb.casalemedia.com,response,2.6-202606,openrtb.response.seatbid_or_nbr.required,error,seatbid,4.2.1
p002072,outsideonline.com,htlb.casalemedia.com,response,2.6-202606,openrtb.response.seatbid_or_nbr.required,error,seatbid,4.2.1
p002073,outsideonline.com,htlb.casalemedia.com,response,2.6-202606,openrtb.response.seatbid_or_nbr.required,error,seatbid,4.2.1
p002074,outsideonline.com,htlb.casalemedia.com,response,2.6-202606,openrtb.response.seatbid_or_nbr.required,error,seatbid,4.2.1
p002075,outsideonline.com,htlb.casalemedia.com,response,2.6-202606,openrtb.response.seatbid_or_nbr.required,error,seatbid,4.2.1
p002076,outsideonline.com,htlb.casalemedia.com,response,2.6-202606,openrtb.response.seatbid_or_nbr.required,error,seatbid,4.2.1
p002077,outsideonline.com,htlb.casalemedia.com,response,2.6-202606,openrtb.response.seatbid_or_nbr.required,error,seatbid,4.2.1
p002078,ranker.com,htlb.casalemedia.com,response,2.6-202606,openrtb.response.seatbid_or_nbr.required,error,seatbid,4.2.1
p002079,rawstory.com,htlb.casalemedia.com,response,2.6-202606,openrtb.response.seatbid_or_nbr.required,error,seatbid,4.2.1
p002080,rawstory.com,htlb.casalemedia.com,response,2.6-202606,openrtb.response.seatbid_or_nbr.required,error,seatbid,4.2.1
p002081,rawstory.com,htlb.casalemedia.com,response,2.6-202606,openrtb.response.seatbid_or_nbr.required,error,seatbid,4.2.1
p002082,rawstory.com,htlb.casalemedia.com,response,2.6-202606,openrtb.response.seatbid_or_nbr.required,error,seatbid,4.2.1
p002083,salon.com,htlb.casalemedia.com,response,2.6-202606,openrtb.response.seatbid_or_nbr.required,error,seatbid,4.2.1
p002084,salon.com,htlb.casalemedia.com,response,2.6-202606,openrtb.response.seatbid_or_nbr.required,error,seatbid,4.2.1
p002085,self.com,htlb.casalemedia.com,response,2.6-202606,openrtb.response.seatbid_or_nbr.required,error,seatbid,4.2.1
p002086,self.com,htlb.casalemedia.com,response,2.6-202606,openrtb.response.seatbid_or_nbr.required,error,seatbid,4.2.1
p002087,self.com,htlb.casalemedia.com,response,2.6-202606,openrtb.response.seatbid_or_nbr.required,error,seatbid,4.2.1
p002089,socialblade.com,htlb.casalemedia.com,response,2.6-202606,openrtb.response.seatbid_or_nbr.required,error,seatbid,4.2.1
p002090,salon.com,htlb.casalemedia.com,response,2.6-202606,openrtb.response.seatbid_or_nbr.required,error,seatbid,4.2.1
p002091,salon.com,htlb.casalemedia.com,response,2.6-202606,openrtb.response.seatbid_or_nbr.required,error,seatbid,4.2.1
p002092,salon.com,htlb.casalemedia.com,response,2.6-202606,openrtb.response.seatbid_or_nbr.required,error,seatbid,4.2.1
p002093,salon.com,htlb.casalemedia.com,response,2.6-202606,openrtb.response.seatbid_or_nbr.required,error,seatbid,4.2.1
p002094,salon.com,htlb.casalemedia.com,response,2.6-202606,openrtb.response.seatbid_or_nbr.required,error,seatbid,4.2.1
p002095,salon.com,htlb.casalemedia.com,response,2.6-202606,openrtb.response.seatbid_or_nbr.required,error,seatbid,4.2.1
p002096,salon.com,htlb.casalemedia.com,response,2.6-202606,openrtb.response.seatbid_or_nbr.required,error,seatbid,4.2.1
p002097,salon.com,htlb.casalemedia.com,response,2.6-202606,openrtb.response.seatbid_or_nbr.required,error,seatbid,4.2.1
p002098,salon.com,htlb.casalemedia.com,response,2.6-202606,openrtb.response.seatbid_or_nbr.required,error,seatbid,4.2.1
p002099,salon.com,htlb.casalemedia.com,response,2.6-202606,openrtb.response.seatbid_or_nbr.required,error,seatbid,4.2.1
p002100,salon.com,htlb.casalemedia.com,response,2.6-202606,openrtb.response.seatbid_or_nbr.required,error,seatbid,4.2.1
p002101,salon.com,htlb.casalemedia.com,response,2.6-202606,openrtb.response.seatbid_or_nbr.required,error,seatbid,4.2.1
p002102,salon.com,htlb.casalemedia.com,response,2.6-202606,openrtb.response.seatbid_or_nbr.required,error,seatbid,4.2.1
p002103,salon.com,htlb.casalemedia.com,response,2.6-202606,openrtb.response.seatbid_or_nbr.required,error,seatbid,4.2.1
p002104,salon.com,htlb.casalemedia.com,response,2.6-202606,openrtb.response.seatbid_or_nbr.required,error,seatbid,4.2.1
p002105,salon.com,htlb.casalemedia.com,response,2.6-202606,openrtb.response.seatbid_or_nbr.required,error,seatbid,4.2.1
p002106,salon.com,htlb.casalemedia.com,response,2.6-202606,openrtb.response.seatbid_or_nbr.required,error,seatbid,4.2.1
p002107,self.com,htlb.casalemedia.com,response,2.6-202606,openrtb.response.seatbid_or_nbr.required,error,seatbid,4.2.1
p002108,self.com,htlb.casalemedia.com,response,2.6-202606,openrtb.response.seatbid_or_nbr.required,error,seatbid,4.2.1
p002109,self.com,htlb.casalemedia.com,response,2.6-202606,openrtb.response.seatbid_or_nbr.required,error,seatbid,4.2.1
p002110,self.com,htlb.casalemedia.com,response,2.6-202606,openrtb.response.seatbid_or_nbr.required,error,seatbid,4.2.1
p002111,self.com,htlb.casalemedia.com,response,2.6-202606,openrtb.response.seatbid_or_nbr.required,error,seatbid,4.2.1
p002112,self.com,htlb.casalemedia.com,response,2.6-202606,openrtb.response.seatbid_or_nbr.required,error,seatbid,4.2.1
p002113,self.com,htlb.casalemedia.com,response,2.6-202606,openrtb.response.seatbid_or_nbr.required,error,seatbid,4.2.1
p002114,teletica.com,htlb.casalemedia.com,response,2.6-202606,openrtb.response.seatbid_or_nbr.required,error,seatbid,4.2.1
p002115,teletica.com,htlb.casalemedia.com,response,2.6-202606,openrtb.response.seatbid_or_nbr.required,error,seatbid,4.2.1
p002116,teletica.com,htlb.casalemedia.com,response,2.6-202606,openrtb.response.seatbid_or_nbr.required,error,seatbid,4.2.1
p002117,tennessean.com,htlb.casalemedia.com,response,2.6-202606,openrtb.response.seatbid_or_nbr.required,error,seatbid,4.2.1
p002118,thestar.com,htlb.casalemedia.com,response,2.6-202606,openrtb.response.seatbid_or_nbr.required,error,seatbid,4.2.1
p002119,thestar.com,htlb.casalemedia.com,response,2.6-202606,openrtb.response.seatbid_or_nbr.required,error,seatbid,4.2.1
p002120,thesun.ie,htlb.casalemedia.com,response,2.6-202606,openrtb.response.seatbid_or_nbr.required,error,seatbid,4.2.1
p002121,thesun.ie,htlb.casalemedia.com,response,2.6-202606,openrtb.response.seatbid_or_nbr.required,error,seatbid,4.2.1
p002122,thesun.ie,htlb.casalemedia.com,response,2.6-202606,openrtb.response.seatbid_or_nbr.required,error,seatbid,4.2.1
p002123,thesun.ie,htlb.casalemedia.com,response,2.6-202606,openrtb.response.seatbid_or_nbr.required,error,seatbid,4.2.1
p002124,thesun.ie,htlb.casalemedia.com,response,2.6-202606,openrtb.response.seatbid_or_nbr.required,error,seatbid,4.2.1
p002125,thesun.ie,htlb.casalemedia.com,response,2.6-202606,openrtb.response.seatbid_or_nbr.required,error,seatbid,4.2.1
p002126,thesun.ie,htlb.casalemedia.com,response,2.6-202606,openrtb.response.seatbid_or_nbr.required,error,seatbid,4.2.1
p002127,thesun.ie,htlb.casalemedia.com,response,2.6-202606,openrtb.response.seatbid_or_nbr.required,error,seatbid,4.2.1
p002128,tio.ch,htlb.casalemedia.com,response,2.6-202606,openrtb.response.seatbid_or_nbr.required,error,seatbid,4.2.1
p002129,tio.ch,htlb.casalemedia.com,response,2.6-202606,openrtb.response.seatbid_or_nbr.required,error,seatbid,4.2.1
p002130,tio.ch,htlb.casalemedia.com,response,2.6-202606,openrtb.response.seatbid_or_nbr.required,error,seatbid,4.2.1
p002131,tio.ch,htlb.casalemedia.com,response,2.6-202606,openrtb.response.seatbid_or_nbr.required,error,seatbid,4.2.1
p002132,tio.ch,htlb.casalemedia.com,response,2.6-202606,openrtb.response.seatbid_or_nbr.required,error,seatbid,4.2.1
p002133,treehugger.com,htlb.casalemedia.com,response,2.6-202606,openrtb.response.seatbid_or_nbr.required,error,seatbid,4.2.1
p002134,treehugger.com,htlb.casalemedia.com,response,2.6-202606,openrtb.response.seatbid_or_nbr.required,error,seatbid,4.2.1
p002135,upi.com,htlb.casalemedia.com,response,2.6-202606,openrtb.response.seatbid_or_nbr.required,error,seatbid,4.2.1
p002136,upi.com,htlb.casalemedia.com,response,2.6-202606,openrtb.response.seatbid_or_nbr.required,error,seatbid,4.2.1
p002137,upi.com,htlb.casalemedia.com,response,2.6-202606,openrtb.response.seatbid_or_nbr.required,error,seatbid,4.2.1
p002138,upi.com,htlb.casalemedia.com,response,2.6-202606,openrtb.response.seatbid_or_nbr.required,error,seatbid,4.2.1
p002139,urbandictionary.com,htlb.casalemedia.com,response,2.6-202606,openrtb.response.seatbid_or_nbr.required,error,seatbid,4.2.1
p002140,urbandictionary.com,htlb.casalemedia.com,response,2.6-202606,openrtb.response.seatbid_or_nbr.required,error,seatbid,4.2.1
p002141,urbandictionary.com,htlb.casalemedia.com,response,2.6-202606,openrtb.response.seatbid_or_nbr.required,error,seatbid,4.2.1
p002142,upi.com,htlb.casalemedia.com,response,2.6-202606,openrtb.response.seatbid_or_nbr.required,error,seatbid,4.2.1
p002143,vice.com,htlb.casalemedia.com,response,2.6-202606,openrtb.response.seatbid_or_nbr.required,error,seatbid,4.2.1
p002144,vice.com,htlb.casalemedia.com,response,2.6-202606,openrtb.response.seatbid_or_nbr.required,error,seatbid,4.2.1
p002145,webdesignerdepot.com,htlb.casalemedia.com,response,2.6-202606,openrtb.response.seatbid_or_nbr.required,error,seatbid,4.2.1
p002146,webdesignerdepot.com,htlb.casalemedia.com,response,2.6-202606,openrtb.response.seatbid_or_nbr.required,error,seatbid,4.2.1
p002147,webdesignerdepot.com,htlb.casalemedia.com,response,2.6-202606,openrtb.response.seatbid_or_nbr.required,error,seatbid,4.2.1
p002148,webdesignerdepot.com,htlb.casalemedia.com,response,2.6-202606,openrtb.response.seatbid_or_nbr.required,error,seatbid,4.2.1
p002149,webdesignerdepot.com,htlb.casalemedia.com,response,2.6-202606,openrtb.response.seatbid_or_nbr.required,error,seatbid,4.2.1
p002150,webdesignerdepot.com,htlb.casalemedia.com,response,2.6-202606,openrtb.response.seatbid_or_nbr.required,error,seatbid,4.2.1
p002151,webdesignerdepot.com,htlb.casalemedia.com,response,2.6-202606,openrtb.response.seatbid_or_nbr.required,error,seatbid,4.2.1
p002152,webdesignerdepot.com,htlb.casalemedia.com,response,2.6-202606,openrtb.response.seatbid_or_nbr.required,error,seatbid,4.2.1
p002153,webdesignerdepot.com,htlb.casalemedia.com,response,2.6-202606,openrtb.response.seatbid_or_nbr.required,error,seatbid,4.2.1
p002154,webdesignerdepot.com,htlb.casalemedia.com,response,2.6-202606,openrtb.response.seatbid_or_nbr.required,error,seatbid,4.2.1
p002155,webdesignerdepot.com,htlb.casalemedia.com,response,2.6-202606,openrtb.response.seatbid_or_nbr.required,error,seatbid,4.2.1
p002156,webdesignerdepot.com,htlb.casalemedia.com,response,2.6-202606,openrtb.response.seatbid_or_nbr.required,error,seatbid,4.2.1
p002157,webdesignerdepot.com,htlb.casalemedia.com,response,2.6-202606,openrtb.response.seatbid_or_nbr.required,error,seatbid,4.2.1
p002158,webdesignerdepot.com,htlb.casalemedia.com,response,2.6-202606,openrtb.response.seatbid_or_nbr.required,error,seatbid,4.2.1
p002159,webdesignerdepot.com,htlb.casalemedia.com,response,2.6-202606,openrtb.response.seatbid_or_nbr.required,error,seatbid,4.2.1
p002160,tio.ch,i.connectad.io,request,2.5,openrtb.field.undefined,error,device.sua,3.2.18
p002161,tio.ch,i.connectad.io,request,2.5,openrtb.field.undefined,error,device.sua,3.2.18
p002162,tio.ch,i.connectad.io,request,2.5,openrtb.field.undefined,error,device.sua,3.2.18
p002163,tio.ch,i.connectad.io,request,2.5,openrtb.field.undefined,error,device.sua,3.2.18
p002164,dhnet.be,ib.adnxs-simple.com,request,2.5,openrtb.field.undefined,error,device.sua,3.2.18
p002165,dhnet.be,ib.adnxs-simple.com,request,2.5,openrtb.field.undefined,error,device.sua,3.2.18
p002166,dhnet.be,ib.adnxs-simple.com,request,2.5,openrtb.field.undefined,error,device.sua,3.2.18
p002167,dhnet.be,ib.adnxs-simple.com,request,2.5,openrtb.field.undefined,error,device.sua,3.2.18
p002170,cifraclub.com,ib.adnxs.com,request,2.6-202606,openrtb.field.undefined,error,site.ownerdomain,3.2.13
p002171,cityam.com,ib.adnxs.com,request,2.6-202606,openrtb.field.moved,error,regs.ext.gdpr,Section 3.2.3
p002183,cifraclub.com,ib.adnxs.com,request,2.6-202606,openrtb.field.undefined,error,site.ownerdomain,3.2.13
p002207,thesun.ie,ib.adnxs.com,request,2.6-202606,openrtb.field.moved,error,regs.ext.gdpr,Section 3.2.3
p002208,thesun.ie,ib.adnxs.com,request,2.6-202606,openrtb.field.moved,error,regs.ext.gdpr,Section 3.2.3
p002209,thesun.ie,ib.adnxs.com,request,2.6-202606,openrtb.field.moved,error,regs.ext.gdpr,Section 3.2.3
p002210,thesun.ie,ib.adnxs.com,request,2.6-202606,openrtb.field.moved,error,regs.ext.gdpr,Section 3.2.3
p002211,thesun.ie,ib.adnxs.com,request,2.6-202606,openrtb.field.moved,error,regs.ext.gdpr,Section 3.2.3
p002212,thesun.ie,ib.adnxs.com,request,2.6-202606,openrtb.field.moved,error,regs.ext.gdpr,Section 3.2.3
p002213,thesun.ie,ib.adnxs.com,request,2.6-202606,openrtb.field.moved,error,regs.ext.gdpr,Section 3.2.3
p002214,thesun.ie,ib.adnxs.com,request,2.6-202606,openrtb.field.deprecated,warning,imp[0].video.placement,Section 3.2.7
p002214,thesun.ie,ib.adnxs.com,request,2.6-202606,openrtb.field.moved,error,regs.ext.gdpr,Section 3.2.3
p002217,upi.com,ib.adnxs.com,request,2.6-202606,openrtb.field.undefined,error,geo,3.2.1
p002217,upi.com,ib.adnxs.com,request,2.6-202606,openrtb.field.undefined,error,imp[0].battr,3.2.4
p002217,upi.com,ib.adnxs.com,request,2.6-202606,openrtb.field.undefined,error,imp[1].battr,3.2.4
p002217,upi.com,ib.adnxs.com,request,2.6-202606,openrtb.field.undefined,error,imp[2].battr,3.2.4
p002217,upi.com,ib.adnxs.com,request,2.6-202606,openrtb.field.undefined,error,imp[3].battr,3.2.4
p002217,upi.com,ib.adnxs.com,request,2.6-202606,openrtb.field.undefined,error,imp[4].battr,3.2.4
p002217,upi.com,ib.adnxs.com,request,2.6-202606,openrtb.field.undefined,error,imp[5].battr,3.2.4
p002217,upi.com,ib.adnxs.com,request,2.6-202606,openrtb.field.undefined,error,imp[6].battr,3.2.4
p002218,upi.com,ib.adnxs.com,request,2.6-202606,openrtb.field.undefined,error,geo,3.2.1
p002218,upi.com,ib.adnxs.com,request,2.6-202606,openrtb.field.undefined,error,imp[0].battr,3.2.4
p002219,upi.com,ib.adnxs.com,request,2.6-202606,openrtb.field.undefined,error,geo,3.2.1
p002219,upi.com,ib.adnxs.com,request,2.6-202606,openrtb.field.undefined,error,imp[0].battr,3.2.4
p002220,upi.com,ib.adnxs.com,request,2.6-202606,openrtb.field.undefined,error,geo,3.2.1
p002220,upi.com,ib.adnxs.com,request,2.6-202606,openrtb.field.undefined,error,imp[0].battr,3.2.4
p002221,upi.com,ib.adnxs.com,request,2.6-202606,openrtb.field.undefined,error,geo,3.2.1
p002221,upi.com,ib.adnxs.com,request,2.6-202606,openrtb.field.undefined,error,imp[0].battr,3.2.4
p002221,upi.com,ib.adnxs.com,request,2.6-202606,openrtb.field.undefined,error,imp[1].battr,3.2.4
p002221,upi.com,ib.adnxs.com,request,2.6-202606,openrtb.field.undefined,error,imp[2].battr,3.2.4
p002221,upi.com,ib.adnxs.com,request,2.6-202606,openrtb.field.undefined,error,imp[3].battr,3.2.4
p002222,vivitusuerte.com,ib.adnxs.com,request,2.6-202606,openrtb.value.invalid,error,imp[0].video.skip,3.2.7
p002222,vivitusuerte.com,ib.adnxs.com,request,2.6-202606,openrtb.field.moved,error,regs.ext.gdpr,Section 3.2.3
p002222,vivitusuerte.com,ib.adnxs.com,request,2.6-202606,openrtb.field.moved,error,user.ext.consent,Section 3.2.20
p002223,vivitusuerte.com,ib.adnxs.com,request,2.6-202606,openrtb.value.invalid,error,imp[0].video.skip,3.2.7
p002223,vivitusuerte.com,ib.adnxs.com,request,2.6-202606,openrtb.field.moved,error,regs.ext.gdpr,Section 3.2.3
p002223,vivitusuerte.com,ib.adnxs.com,request,2.6-202606,openrtb.field.moved,error,user.ext.consent,Section 3.2.20
p002224,vivitusuerte.com,ib.adnxs.com,request,2.6-202606,openrtb.value.invalid,error,imp[0].video.skip,3.2.7
p002224,vivitusuerte.com,ib.adnxs.com,request,2.6-202606,openrtb.field.moved,error,regs.ext.gdpr,Section 3.2.3
p002224,vivitusuerte.com,ib.adnxs.com,request,2.6-202606,openrtb.field.moved,error,user.ext.consent,Section 3.2.20
p002225,vivitusuerte.com,ib.adnxs.com,request,2.6-202606,openrtb.value.invalid,error,imp[0].video.skip,3.2.7
p002225,vivitusuerte.com,ib.adnxs.com,request,2.6-202606,openrtb.field.moved,error,regs.ext.gdpr,Section 3.2.3
p002225,vivitusuerte.com,ib.adnxs.com,request,2.6-202606,openrtb.field.moved,error,user.ext.consent,Section 3.2.20
p002226,vivitusuerte.com,ib.adnxs.com,request,2.6-202606,openrtb.value.invalid,error,imp[0].video.skip,3.2.7
p002226,vivitusuerte.com,ib.adnxs.com,request,2.6-202606,openrtb.field.moved,error,regs.ext.gdpr,Section 3.2.3
p002226,vivitusuerte.com,ib.adnxs.com,request,2.6-202606,openrtb.field.moved,error,user.ext.consent,Section 3.2.20
p002227,vivitusuerte.com,ib.adnxs.com,request,2.6-202606,openrtb.value.invalid,error,imp[0].video.skip,3.2.7
p002227,vivitusuerte.com,ib.adnxs.com,request,2.6-202606,openrtb.field.moved,error,regs.ext.gdpr,Section 3.2.3
p002227,vivitusuerte.com,ib.adnxs.com,request,2.6-202606,openrtb.field.moved,error,user.ext.consent,Section 3.2.20
p002228,vivitusuerte.com,ib.adnxs.com,request,2.6-202606,openrtb.value.invalid,error,imp[0].video.skip,3.2.7
p002228,vivitusuerte.com,ib.adnxs.com,request,2.6-202606,openrtb.field.moved,error,regs.ext.gdpr,Section 3.2.3
p002228,vivitusuerte.com,ib.adnxs.com,request,2.6-202606,openrtb.field.moved,error,user.ext.consent,Section 3.2.20
p002229,vivitusuerte.com,ib.adnxs.com,request,2.6-202606,openrtb.value.invalid,error,imp[0].video.skip,3.2.7
p002229,vivitusuerte.com,ib.adnxs.com,request,2.6-202606,openrtb.field.moved,error,regs.ext.gdpr,Section 3.2.3
p002229,vivitusuerte.com,ib.adnxs.com,request,2.6-202606,openrtb.field.moved,error,user.ext.consent,Section 3.2.20
p002230,vivitusuerte.com,ib.adnxs.com,request,2.6-202606,openrtb.value.invalid,error,imp[0].video.skip,3.2.7
p002230,vivitusuerte.com,ib.adnxs.com,request,2.6-202606,openrtb.field.moved,error,regs.ext.gdpr,Section 3.2.3
p002230,vivitusuerte.com,ib.adnxs.com,request,2.6-202606,openrtb.field.moved,error,user.ext.consent,Section 3.2.20
p002231,vivitusuerte.com,ib.adnxs.com,request,2.6-202606,openrtb.value.invalid,error,imp[0].video.skip,3.2.7
p002231,vivitusuerte.com,ib.adnxs.com,request,2.6-202606,openrtb.field.moved,error,regs.ext.gdpr,Section 3.2.3
p002231,vivitusuerte.com,ib.adnxs.com,request,2.6-202606,openrtb.field.moved,error,user.ext.consent,Section 3.2.20
p002232,vivitusuerte.com,ib.adnxs.com,request,2.6-202606,openrtb.value.invalid,error,imp[0].video.skip,3.2.7
p002232,vivitusuerte.com,ib.adnxs.com,request,2.6-202606,openrtb.field.moved,error,regs.ext.gdpr,Section 3.2.3
p002232,vivitusuerte.com,ib.adnxs.com,request,2.6-202606,openrtb.field.moved,error,user.ext.consent,Section 3.2.20
p002233,vivitusuerte.com,ib.adnxs.com,request,2.6-202606,openrtb.value.invalid,error,imp[0].video.skip,3.2.7
p002233,vivitusuerte.com,ib.adnxs.com,request,2.6-202606,openrtb.field.moved,error,regs.ext.gdpr,Section 3.2.3
p002233,vivitusuerte.com,ib.adnxs.com,request,2.6-202606,openrtb.field.moved,error,user.ext.consent,Section 3.2.20
p002234,csfd.cz,ice.360yield-basic.com,request,2.5,openrtb.field.undefined,error,device.sua,3.2.18
p002235,csfd.cz,ice.360yield-basic.com,request,2.5,openrtb.field.undefined,error,device.sua,3.2.18
p002236,falstaff.com,ittr-us-e.eskimi.com,request,2.6-202606,openrtb.field.moved,error,regs.ext.gdpr,Section 3.2.3
p002239,imore.com,mweb-hb.presage.io,request,2.6-202606,openrtb.field.moved,error,regs.ext.gdpr,Section 3.2.3
p002240,imore.com,mweb-hb.presage.io,request,2.6-202606,openrtb.field.moved,error,regs.ext.gdpr,Section 3.2.3
p002242,imore.com,mweb-hb.presage.io,request,2.6-202606,openrtb.field.moved,error,regs.ext.gdpr,Section 3.2.3
p002244,nationaltoday.com,mweb-hb.presage.io,request,2.6-202606,openrtb.field.moved,error,regs.ext.gdpr,Section 3.2.3
p002245,nationaltoday.com,mweb-hb.presage.io,request,2.6-202606,openrtb.field.moved,error,regs.ext.gdpr,Section 3.2.3
p002246,nationaltoday.com,mweb-hb.presage.io,request,2.6-202606,openrtb.field.moved,error,regs.ext.gdpr,Section 3.2.3
p002247,nationaltoday.com,mweb-hb.presage.io,request,2.6-202606,openrtb.field.moved,error,regs.ext.gdpr,Section 3.2.3
p002251,philstar.com,mweb-hb.presage.io,request,2.6-202606,openrtb.field.moved,error,regs.ext.gdpr,Section 3.2.3
p002251,philstar.com,mweb-hb.presage.io,request,2.6-202606,openrtb.field.moved,error,user.ext.consent,Section 3.2.20
p002252,socialblade.com,mweb-hb.presage.io,request,2.6-202606,openrtb.field.undefined,error,imp[0].battr,3.2.4
p002252,socialblade.com,mweb-hb.presage.io,request,2.6-202606,openrtb.field.undefined,error,imp[1].battr,3.2.4
p002252,socialblade.com,mweb-hb.presage.io,request,2.6-202606,openrtb.field.undefined,error,imp[2].battr,3.2.4
p002253,tio.ch,mweb-hb.presage.io,request,2.6-202606,openrtb.field.moved,error,regs.ext.gdpr,Section 3.2.3
p002253,tio.ch,mweb-hb.presage.io,request,2.6-202606,openrtb.field.moved,error,user.ext.consent,Section 3.2.20
p002254,tio.ch,mweb-hb.presage.io,request,2.6-202606,openrtb.field.moved,error,regs.ext.gdpr,Section 3.2.3
p002254,tio.ch,mweb-hb.presage.io,request,2.6-202606,openrtb.field.moved,error,user.ext.consent,Section 3.2.20
p002255,tio.ch,mweb-hb.presage.io,request,2.6-202606,openrtb.field.moved,error,regs.ext.gdpr,Section 3.2.3
p002255,tio.ch,mweb-hb.presage.io,request,2.6-202606,openrtb.field.moved,error,user.ext.consent,Section 3.2.20
p002256,tio.ch,mweb-hb.presage.io,request,2.6-202606,openrtb.field.moved,error,regs.ext.gdpr,Section 3.2.3
p002256,tio.ch,mweb-hb.presage.io,request,2.6-202606,openrtb.field.moved,error,user.ext.consent,Section 3.2.20
p002275,chicagotribune.com,npid.amspbs.com,response,2.6-202606,openrtb.response.seatbid_or_nbr.required,error,seatbid,4.2.1
p002276,chicagotribune.com,npid.amspbs.com,response,2.6-202606,openrtb.response.seatbid_or_nbr.required,error,seatbid,4.2.1
p002278,chicagotribune.com,npid.amspbs.com,response,2.6-202606,openrtb.response.seatbid_or_nbr.required,error,seatbid,4.2.1
p002279,chicagotribune.com,npid.amspbs.com,response,2.6-202606,openrtb.response.seatbid_or_nbr.required,error,seatbid,4.2.1
p002280,chicagotribune.com,npid.amspbs.com,response,2.6-202606,openrtb.response.seatbid_or_nbr.required,error,seatbid,4.2.1
p002281,pilotonline.com,npid.amspbs.com,response,2.6-202606,openrtb.response.seatbid_or_nbr.required,error,seatbid,4.2.1
p002282,pilotonline.com,npid.amspbs.com,response,2.6-202606,openrtb.response.seatbid_or_nbr.required,error,seatbid,4.2.1
p002283,pilotonline.com,npid.amspbs.com,response,2.6-202606,openrtb.response.seatbid_or_nbr.required,error,seatbid,4.2.1
p002284,pilotonline.com,npid.amspbs.com,response,2.6-202606,openrtb.response.seatbid_or_nbr.required,error,seatbid,4.2.1
p002286,pilotonline.com,npid.amspbs.com,response,2.6-202606,openrtb.response.seatbid_or_nbr.required,error,seatbid,4.2.1
p002287,pilotonline.com,npid.amspbs.com,response,2.6-202606,openrtb.response.seatbid_or_nbr.required,error,seatbid,4.2.1
p002288,oneindia.com,o.clickiocdn.com,request,2.6-202606,openrtb.field.undefined,error,user.interests,3.2.20
p002289,oneindia.com,o.clickiocdn.com,request,2.6-202606,openrtb.field.undefined,error,user.interests,3.2.20
p002290,oneindia.com,o.clickiocdn.com,request,2.6-202606,openrtb.field.undefined,error,user.interests,3.2.20
p002291,oneindia.com,o.clickiocdn.com,request,2.6-202606,openrtb.field.undefined,error,user.interests,3.2.20
p002306,liveinternet.ru,pb.adriver.ru,request,2.6-202606,openrtb.field.undefined,error,user.buyerid,3.2.20
p002307,liveinternet.ru,pb.adriver.ru,request,2.6-202606,openrtb.field.undefined,error,user.buyerid,3.2.20
p002308,nationaltoday.com,pbs-publift-us.ay.delivery,request,2.6-202606,openrtb.field.moved,error,regs.ext.gdpr,Section 3.2.3
p002309,nationaltoday.com,pbs-publift-us.ay.delivery,request,2.6-202606,openrtb.field.moved,error,regs.ext.gdpr,Section 3.2.3
p002315,cupofjo.com,pbs-raptive-us.ay.delivery,request,2.6-202606,openrtb.field.deprecated,warning,imp[0].video.placement,Section 3.2.7
p002315,cupofjo.com,pbs-raptive-us.ay.delivery,request,2.6-202606,openrtb.value.invalid,error,imp[0].video.skip,3.2.7
p002316,cupofjo.com,pbs-raptive-us.ay.delivery,request,2.6-202606,openrtb.field.deprecated,warning,imp[0].video.placement,Section 3.2.7
p002316,cupofjo.com,pbs-raptive-us.ay.delivery,request,2.6-202606,openrtb.value.invalid,error,imp[0].video.skip,3.2.7
p002319,halfbakedharvest.com,pbs-raptive-us.ay.delivery,request,2.6-202606,openrtb.field.deprecated,warning,imp[0].video.placement,Section 3.2.7
p002319,halfbakedharvest.com,pbs-raptive-us.ay.delivery,request,2.6-202606,openrtb.value.invalid,error,imp[0].video.skip,3.2.7
p002320,halfbakedharvest.com,pbs-raptive-us.ay.delivery,request,2.6-202606,openrtb.field.deprecated,warning,imp[1].video.placement,Section 3.2.7
p002320,halfbakedharvest.com,pbs-raptive-us.ay.delivery,request,2.6-202606,openrtb.value.invalid,error,imp[1].video.skip,3.2.7
p002320,halfbakedharvest.com,pbs-raptive-us.ay.delivery,request,2.6-202606,openrtb.field.deprecated,warning,imp[3].video.placement,Section 3.2.7
p002320,halfbakedharvest.com,pbs-raptive-us.ay.delivery,request,2.6-202606,openrtb.value.invalid,error,imp[3].video.skip,3.2.7
p002320,halfbakedharvest.com,pbs-raptive-us.ay.delivery,request,2.6-202606,openrtb.field.deprecated,warning,imp[5].video.placement,Section 3.2.7
p002320,halfbakedharvest.com,pbs-raptive-us.ay.delivery,request,2.6-202606,openrtb.value.invalid,error,imp[5].video.skip,3.2.7
p002324,halfbakedharvest.com,pbs-raptive-us.ay.delivery,request,2.6-202606,openrtb.field.deprecated,warning,imp[0].video.placement,Section 3.2.7
p002324,halfbakedharvest.com,pbs-raptive-us.ay.delivery,request,2.6-202606,openrtb.value.invalid,error,imp[0].video.skip,3.2.7
p002325,halfbakedharvest.com,pbs-raptive-us.ay.delivery,request,2.6-202606,openrtb.field.deprecated,warning,imp[0].video.placement,Section 3.2.7
p002325,halfbakedharvest.com,pbs-raptive-us.ay.delivery,request,2.6-202606,openrtb.value.invalid,error,imp[0].video.skip,3.2.7
p002332,salon.com,pbs-raptive-us.ay.delivery,request,2.6-202606,openrtb.field.deprecated,warning,imp[0].video.placement,Section 3.2.7
p002332,salon.com,pbs-raptive-us.ay.delivery,request,2.6-202606,openrtb.value.invalid,error,imp[0].video.skip,3.2.7
p002334,salon.com,pbs-raptive-us.ay.delivery,request,2.6-202606,openrtb.field.deprecated,warning,imp[0].video.placement,Section 3.2.7
p002334,salon.com,pbs-raptive-us.ay.delivery,request,2.6-202606,openrtb.value.invalid,error,imp[0].video.skip,3.2.7
p002335,salon.com,pbs-raptive-us.ay.delivery,request,2.6-202606,openrtb.field.deprecated,warning,imp[1].video.placement,Section 3.2.7
p002335,salon.com,pbs-raptive-us.ay.delivery,request,2.6-202606,openrtb.value.invalid,error,imp[1].video.skip,3.2.7
p002335,salon.com,pbs-raptive-us.ay.delivery,request,2.6-202606,openrtb.field.deprecated,warning,imp[3].video.placement,Section 3.2.7
p002335,salon.com,pbs-raptive-us.ay.delivery,request,2.6-202606,openrtb.value.invalid,error,imp[3].video.skip,3.2.7
p002335,salon.com,pbs-raptive-us.ay.delivery,request,2.6-202606,openrtb.field.deprecated,warning,imp[5].video.placement,Section 3.2.7
p002335,salon.com,pbs-raptive-us.ay.delivery,request,2.6-202606,openrtb.value.invalid,error,imp[5].video.skip,3.2.7
p002341,salon.com,pbs-raptive-us.ay.delivery,request,2.6-202606,openrtb.field.deprecated,warning,imp[0].video.placement,Section 3.2.7
p002341,salon.com,pbs-raptive-us.ay.delivery,request,2.6-202606,openrtb.value.invalid,error,imp[0].video.skip,3.2.7
p002342,salon.com,pbs-raptive-us.ay.delivery,request,2.6-202606,openrtb.field.deprecated,warning,imp[0].video.placement,Section 3.2.7
p002342,salon.com,pbs-raptive-us.ay.delivery,request,2.6-202606,openrtb.value.invalid,error,imp[0].video.skip,3.2.7
p002344,salon.com,pbs-raptive-us.ay.delivery,request,2.6-202606,openrtb.field.deprecated,warning,imp[0].video.placement,Section 3.2.7
p002344,salon.com,pbs-raptive-us.ay.delivery,request,2.6-202606,openrtb.value.invalid,error,imp[0].video.skip,3.2.7
p002345,salon.com,pbs-raptive-us.ay.delivery,request,2.6-202606,openrtb.field.deprecated,warning,imp[0].video.placement,Section 3.2.7
p002345,salon.com,pbs-raptive-us.ay.delivery,request,2.6-202606,openrtb.value.invalid,error,imp[0].video.skip,3.2.7
p002347,webdesignerdepot.com,pbs-raptive-us.ay.delivery,request,2.6-202606,openrtb.field.deprecated,warning,imp[0].video.placement,Section 3.2.7
p002347,webdesignerdepot.com,pbs-raptive-us.ay.delivery,request,2.6-202606,openrtb.value.invalid,error,imp[0].video.skip,3.2.7
p002348,webdesignerdepot.com,pbs-raptive-us.ay.delivery,request,2.6-202606,openrtb.field.deprecated,warning,imp[1].video.placement,Section 3.2.7
p002348,webdesignerdepot.com,pbs-raptive-us.ay.delivery,request,2.6-202606,openrtb.value.invalid,error,imp[1].video.skip,3.2.7
p002348,webdesignerdepot.com,pbs-raptive-us.ay.delivery,request,2.6-202606,openrtb.field.deprecated,warning,imp[3].video.placement,Section 3.2.7
p002348,webdesignerdepot.com,pbs-raptive-us.ay.delivery,request,2.6-202606,openrtb.value.invalid,error,imp[3].video.skip,3.2.7
p002348,webdesignerdepot.com,pbs-raptive-us.ay.delivery,request,2.6-202606,openrtb.field.deprecated,warning,imp[5].video.placement,Section 3.2.7
p002348,webdesignerdepot.com,pbs-raptive-us.ay.delivery,request,2.6-202606,openrtb.value.invalid,error,imp[5].video.skip,3.2.7
p002350,webdesignerdepot.com,pbs-raptive-us.ay.delivery,request,2.6-202606,openrtb.field.deprecated,warning,imp[0].video.placement,Section 3.2.7
p002350,webdesignerdepot.com,pbs-raptive-us.ay.delivery,request,2.6-202606,openrtb.value.invalid,error,imp[0].video.skip,3.2.7
p002351,webdesignerdepot.com,pbs-raptive-us.ay.delivery,request,2.6-202606,openrtb.field.deprecated,warning,imp[0].video.placement,Section 3.2.7
p002351,webdesignerdepot.com,pbs-raptive-us.ay.delivery,request,2.6-202606,openrtb.value.invalid,error,imp[0].video.skip,3.2.7
p002352,webdesignerdepot.com,pbs-raptive-us.ay.delivery,request,2.6-202606,openrtb.field.deprecated,warning,imp[0].video.placement,Section 3.2.7
p002352,webdesignerdepot.com,pbs-raptive-us.ay.delivery,request,2.6-202606,openrtb.value.invalid,error,imp[0].video.skip,3.2.7
p002353,webdesignerdepot.com,pbs-raptive-us.ay.delivery,request,2.6-202606,openrtb.field.deprecated,warning,imp[0].video.placement,Section 3.2.7
p002353,webdesignerdepot.com,pbs-raptive-us.ay.delivery,request,2.6-202606,openrtb.value.invalid,error,imp[0].video.skip,3.2.7
p002356,webdesignerdepot.com,pbs-raptive-us.ay.delivery,request,2.6-202606,openrtb.field.deprecated,warning,imp[0].video.placement,Section 3.2.7
p002356,webdesignerdepot.com,pbs-raptive-us.ay.delivery,request,2.6-202606,openrtb.value.invalid,error,imp[0].video.skip,3.2.7
p002357,webdesignerdepot.com,pbs-raptive-us.ay.delivery,request,2.6-202606,openrtb.field.deprecated,warning,imp[1].video.placement,Section 3.2.7
p002357,webdesignerdepot.com,pbs-raptive-us.ay.delivery,request,2.6-202606,openrtb.value.invalid,error,imp[1].video.skip,3.2.7
p002357,webdesignerdepot.com,pbs-raptive-us.ay.delivery,request,2.6-202606,openrtb.field.deprecated,warning,imp[3].video.placement,Section 3.2.7
p002357,webdesignerdepot.com,pbs-raptive-us.ay.delivery,request,2.6-202606,openrtb.value.invalid,error,imp[3].video.skip,3.2.7
p002357,webdesignerdepot.com,pbs-raptive-us.ay.delivery,request,2.6-202606,openrtb.field.deprecated,warning,imp[5].video.placement,Section 3.2.7
p002357,webdesignerdepot.com,pbs-raptive-us.ay.delivery,request,2.6-202606,openrtb.value.invalid,error,imp[5].video.skip,3.2.7
p002360,webdesignerdepot.com,pbs-raptive-us.ay.delivery,request,2.6-202606,openrtb.field.deprecated,warning,imp[1].video.placement,Section 3.2.7
p002360,webdesignerdepot.com,pbs-raptive-us.ay.delivery,request,2.6-202606,openrtb.value.invalid,error,imp[1].video.skip,3.2.7
p002360,webdesignerdepot.com,pbs-raptive-us.ay.delivery,request,2.6-202606,openrtb.field.deprecated,warning,imp[2].video.placement,Section 3.2.7
p002360,webdesignerdepot.com,pbs-raptive-us.ay.delivery,request,2.6-202606,openrtb.value.invalid,error,imp[2].video.skip,3.2.7
p002361,webdesignerdepot.com,pbs-raptive-us.ay.delivery,request,2.6-202606,openrtb.field.deprecated,warning,imp[0].video.placement,Section 3.2.7
p002361,webdesignerdepot.com,pbs-raptive-us.ay.delivery,request,2.6-202606,openrtb.value.invalid,error,imp[0].video.skip,3.2.7
p002362,webdesignerdepot.com,pbs-raptive-us.ay.delivery,request,2.6-202606,openrtb.field.deprecated,warning,imp[0].video.placement,Section 3.2.7
p002362,webdesignerdepot.com,pbs-raptive-us.ay.delivery,request,2.6-202606,openrtb.value.invalid,error,imp[0].video.skip,3.2.7
p002363,webdesignerdepot.com,pbs-raptive-us.ay.delivery,request,2.6-202606,openrtb.field.deprecated,warning,imp[0].video.placement,Section 3.2.7
p002363,webdesignerdepot.com,pbs-raptive-us.ay.delivery,request,2.6-202606,openrtb.value.invalid,error,imp[0].video.skip,3.2.7
p002364,webdesignerdepot.com,pbs-raptive-us.ay.delivery,request,2.6-202606,openrtb.field.deprecated,warning,imp[0].video.placement,Section 3.2.7
p002364,webdesignerdepot.com,pbs-raptive-us.ay.delivery,request,2.6-202606,openrtb.value.invalid,error,imp[0].video.skip,3.2.7
p002365,cupofjo.com,pbs-raptive-us.ay.delivery,response,2.6-202606,openrtb.bid.mtype_missing,warning,seatbid[0].bid[0].mtype,4.2.3
p002366,cupofjo.com,pbs-raptive-us.ay.delivery,response,2.6-202606,openrtb.bid.mtype_missing,warning,seatbid[0].bid[0].mtype,4.2.3
p002367,cupofjo.com,pbs-raptive-us.ay.delivery,response,2.6-202606,openrtb.bid.mtype_missing,warning,seatbid[0].bid[0].mtype,4.2.3
p002370,halfbakedharvest.com,pbs-raptive-us.ay.delivery,response,2.6-202606,openrtb.bid.mtype_missing,warning,seatbid[1].bid[0].mtype,4.2.3
p002373,autoguide.com,pbs-us-east.ay.delivery,request,2.6-202606,openrtb.field.moved,error,regs.ext.gdpr,Section 3.2.3
p002374,autoguide.com,pbs-us-east.ay.delivery,request,2.6-202606,openrtb.field.moved,error,regs.ext.gdpr,Section 3.2.3
p002375,autoguide.com,pbs-us-east.ay.delivery,request,2.6-202606,openrtb.field.moved,error,regs.ext.gdpr,Section 3.2.3
p002376,autoguide.com,pbs-us-east.ay.delivery,request,2.6-202606,openrtb.field.moved,error,regs.ext.gdpr,Section 3.2.3
p002377,autoguide.com,pbs-us-east.ay.delivery,request,2.6-202606,openrtb.field.moved,error,regs.ext.gdpr,Section 3.2.3
p002378,autoguide.com,pbs-us-east.ay.delivery,request,2.6-202606,openrtb.field.moved,error,regs.ext.gdpr,Section 3.2.3
p002379,autoguide.com,pbs-us-east.ay.delivery,request,2.6-202606,openrtb.field.moved,error,regs.ext.gdpr,Section 3.2.3
p002380,autoguide.com,pbs-us-east.ay.delivery,request,2.6-202606,openrtb.field.moved,error,regs.ext.gdpr,Section 3.2.3
p002381,autoguide.com,pbs-us-east.ay.delivery,request,2.6-202606,openrtb.field.moved,error,regs.ext.gdpr,Section 3.2.3
p002382,autoguide.com,pbs-us-east.ay.delivery,request,2.6-202606,openrtb.field.moved,error,regs.ext.gdpr,Section 3.2.3
p002383,autoguide.com,pbs-us-east.ay.delivery,request,2.6-202606,openrtb.field.moved,error,regs.ext.gdpr,Section 3.2.3
p002384,autoguide.com,pbs-us-east.ay.delivery,request,2.6-202606,openrtb.field.moved,error,regs.ext.gdpr,Section 3.2.3
p002385,autoguide.com,pbs-us-east.ay.delivery,request,2.6-202606,openrtb.field.moved,error,regs.ext.gdpr,Section 3.2.3
p002386,autoguide.com,pbs-us-east.ay.delivery,request,2.6-202606,openrtb.field.moved,error,regs.ext.gdpr,Section 3.2.3
p002387,autoguide.com,pbs-us-east.ay.delivery,request,2.6-202606,openrtb.field.moved,error,regs.ext.gdpr,Section 3.2.3
p002390,autoguide.com,pbs-us-east.ay.delivery,response,2.6-202606,openrtb.bid.mtype_missing,warning,seatbid[0].bid[0].mtype,4.2.3
p002391,autoguide.com,pbs-us-east.ay.delivery,response,2.6-202606,openrtb.bid.mtype_missing,warning,seatbid[0].bid[0].mtype,4.2.3
p002392,vivitusuerte.com,pbs.360yield.com,request,2.6-202606,openrtb.field.moved,error,regs.ext.gdpr,Section 3.2.3
p002394,futbol-11.com,pbs.anyadx.live,request,2.6-202606,openrtb.field.deprecated,warning,imp[0].video.placement,Section 3.2.7
p002394,futbol-11.com,pbs.anyadx.live,request,2.6-202606,openrtb.request.tmax_implausible,warning,tmax,3.2.1
p002409,andhrajyothy.com,pbs.nextmillmedia.com,request,2.6-202606,openrtb.type.mismatch,error,site.ref,3.2.13
p002410,andhrajyothy.com,pbs.nextmillmedia.com,request,2.6-202606,openrtb.type.mismatch,error,site.ref,3.2.13
p002411,fox11online.com,pbs.nextmillmedia.com,request,2.6-202606,openrtb.field.deprecated,warning,imp[0].video.placement,Section 3.2.7
p002411,fox11online.com,pbs.nextmillmedia.com,request,2.6-202606,openrtb.type.mismatch,error,site.ref,3.2.13
p002412,fox11online.com,pbs.nextmillmedia.com,request,2.6-202606,openrtb.type.mismatch,error,site.ref,3.2.13
p002413,fox11online.com,pbs.nextmillmedia.com,request,2.6-202606,openrtb.field.deprecated,warning,imp[0].video.placement,Section 3.2.7
p002413,fox11online.com,pbs.nextmillmedia.com,request,2.6-202606,openrtb.type.mismatch,error,site.ref,3.2.13
p002414,fox11online.com,pbs.nextmillmedia.com,request,2.6-202606,openrtb.type.mismatch,error,site.ref,3.2.13
p002415,rediff.com,pbs.nextmillmedia.com,request,2.6-202606,openrtb.type.mismatch,error,site.ref,3.2.13
p002416,rediff.com,pbs.nextmillmedia.com,request,2.6-202606,openrtb.type.mismatch,error,site.ref,3.2.13
p002419,psychcentral.com,pbs2418030.adspsp.com,request,2.5,openrtb.field.undefined,error,device.sua,3.2.18
p002420,psychcentral.com,pbs2418030.adspsp.com,request,2.5,openrtb.field.undefined,error,device.sua,3.2.18
p002421,psychcentral.com,pbs2418030.adspsp.com,request,2.5,openrtb.field.undefined,error,device.sua,3.2.18
p002422,psychcentral.com,pbs2418030.adspsp.com,request,2.5,openrtb.field.undefined,error,device.sua,3.2.18
p002423,psychcentral.com,pbs2418030.adspsp.com,request,2.5,openrtb.field.undefined,error,device.sua,3.2.18
p002424,psychcentral.com,pbs2418030.adspsp.com,request,2.5,openrtb.field.undefined,error,device.sua,3.2.18
p002425,psychcentral.com,pbs2418030.adspsp.com,request,2.5,openrtb.field.undefined,error,device.sua,3.2.18
p002433,csfd.cz,prebid-eu.creativecdn.com,request,2.6-202606,openrtb.field.moved,error,regs.ext.gdpr,Section 3.2.3
p002433,csfd.cz,prebid-eu.creativecdn.com,request,2.6-202606,openrtb.field.moved,error,user.ext.consent,Section 3.2.20
p002434,csfd.cz,prebid-eu.creativecdn.com,request,2.6-202606,openrtb.field.moved,error,regs.ext.gdpr,Section 3.2.3
p002434,csfd.cz,prebid-eu.creativecdn.com,request,2.6-202606,openrtb.field.moved,error,user.ext.consent,Section 3.2.20
p002435,csfd.cz,prebid-eu.creativecdn.com,request,2.6-202606,openrtb.type.mismatch,error,imp[2].native.request,3.2.9
p002435,csfd.cz,prebid-eu.creativecdn.com,request,2.6-202606,openrtb.type.mismatch,error,imp[11].native.request,3.2.9
p002435,csfd.cz,prebid-eu.creativecdn.com,request,2.6-202606,openrtb.type.mismatch,error,imp[16].native.request,3.2.9
p002435,csfd.cz,prebid-eu.creativecdn.com,request,2.6-202606,openrtb.type.mismatch,error,imp[19].native.request,3.2.9
p002435,csfd.cz,prebid-eu.creativecdn.com,request,2.6-202606,openrtb.type.mismatch,error,imp[21].native.request,3.2.9
p002435,csfd.cz,prebid-eu.creativecdn.com,request,2.6-202606,openrtb.type.mismatch,error,imp[23].native.request,3.2.9
p002435,csfd.cz,prebid-eu.creativecdn.com,request,2.6-202606,openrtb.field.moved,error,regs.ext.gdpr,Section 3.2.3
p002435,csfd.cz,prebid-eu.creativecdn.com,request,2.6-202606,openrtb.field.moved,error,user.ext.consent,Section 3.2.20
p002436,csfd.cz,prebid-eu.creativecdn.com,request,2.6-202606,openrtb.field.moved,error,regs.ext.gdpr,Section 3.2.3
p002436,csfd.cz,prebid-eu.creativecdn.com,request,2.6-202606,openrtb.field.moved,error,user.ext.consent,Section 3.2.20
p002437,elespectador.com,prebid-eu.creativecdn.com,request,2.6-202606,openrtb.field.moved,error,user.ext.consent,Section 3.2.20
p002438,elespectador.com,prebid-eu.creativecdn.com,request,2.6-202606,openrtb.field.moved,error,user.ext.consent,Section 3.2.20
p002439,elespectador.com,prebid-eu.creativecdn.com,request,2.6-202606,openrtb.field.moved,error,user.ext.consent,Section 3.2.20
p002445,haberler.com,prebid-eu.creativecdn.com,request,2.6-202606,openrtb.type.mismatch,error,imp[1].native.request,3.2.9
p002446,haberler.com,prebid-eu.creativecdn.com,request,2.6-202606,openrtb.type.mismatch,error,imp[1].native.request,3.2.9
p002456,prosport.ro,prebid-eu.creativecdn.com,request,2.6-202606,openrtb.field.moved,error,regs.ext.gdpr,Section 3.2.3
p002456,prosport.ro,prebid-eu.creativecdn.com,request,2.6-202606,openrtb.field.moved,error,user.ext.consent,Section 3.2.20
p002457,prosport.ro,prebid-eu.creativecdn.com,request,2.6-202606,openrtb.field.moved,error,regs.ext.gdpr,Section 3.2.3
p002457,prosport.ro,prebid-eu.creativecdn.com,request,2.6-202606,openrtb.field.moved,error,user.ext.consent,Section 3.2.20
p002461,sozcu.com.tr,prebid-eu.creativecdn.com,request,2.6-202606,openrtb.field.moved,error,regs.ext.gdpr,Section 3.2.3
p002461,sozcu.com.tr,prebid-eu.creativecdn.com,request,2.6-202606,openrtb.field.moved,error,user.ext.consent,Section 3.2.20
p002471,vivitusuerte.com,prebid-server.pbstck.com,request,2.6-202606,openrtb.field.moved,error,regs.ext.gdpr,Section 3.2.3
p002472,philstar.com,prebid-server.pbstck.com,response,2.6-202606,openrtb.field.undefined,error,seatbid[0].bid[0].cpm,4.2.3
p002472,philstar.com,prebid-server.pbstck.com,response,2.6-202606,openrtb.field.undefined,error,seatbid[0].bid[0].creativeId,4.2.3
p002472,philstar.com,prebid-server.pbstck.com,response,2.6-202606,openrtb.field.undefined,error,seatbid[0].bid[0].netRevenue,4.2.3
p002472,philstar.com,prebid-server.pbstck.com,response,2.6-202606,openrtb.field.undefined,error,seatbid[0].bid[0].ttl,4.2.3
p002473,vivitusuerte.com,prebid-server.pbstck.com,response,2.6-202606,openrtb.field.undefined,error,seatbid[0].bid[0].cpm,4.2.3
p002473,vivitusuerte.com,prebid-server.pbstck.com,response,2.6-202606,openrtb.field.undefined,error,seatbid[0].bid[0].creativeId,4.2.3
p002473,vivitusuerte.com,prebid-server.pbstck.com,response,2.6-202606,openrtb.field.undefined,error,seatbid[0].bid[0].netRevenue,4.2.3
p002473,vivitusuerte.com,prebid-server.pbstck.com,response,2.6-202606,openrtb.field.undefined,error,seatbid[0].bid[0].ttl,4.2.3
p002474,barcablaugranes.com,prebid-server.rubiconproject.com,request,2.6-202606,openrtb.type.mismatch,error,site.publisher.id,3.2.15
p002475,businessinsider.com,prebid-server.rubiconproject.com,request,2.6-202606,openrtb.type.mismatch,error,site.publisher.id,3.2.15
p002476,barcablaugranes.com,prebid-server.rubiconproject.com,request,2.6-202606,openrtb.type.mismatch,error,site.publisher.id,3.2.15
p002477,barcablaugranes.com,prebid-server.rubiconproject.com,request,2.6-202606,openrtb.type.mismatch,error,site.publisher.id,3.2.15
p002478,barcablaugranes.com,prebid-server.rubiconproject.com,request,2.6-202606,openrtb.type.mismatch,error,site.publisher.id,3.2.15
p002479,businessinsider.com,prebid-server.rubiconproject.com,request,2.6-202606,openrtb.type.mismatch,error,site.publisher.id,3.2.15
p002480,barcablaugranes.com,prebid-server.rubiconproject.com,request,2.6-202606,openrtb.type.mismatch,error,site.publisher.id,3.2.15
p002481,businessinsider.com,prebid-server.rubiconproject.com,request,2.6-202606,openrtb.type.mismatch,error,site.publisher.id,3.2.15
p002482,businessinsider.com,prebid-server.rubiconproject.com,request,2.6-202606,openrtb.type.mismatch,error,site.publisher.id,3.2.15
p002483,barcablaugranes.com,prebid-server.rubiconproject.com,request,2.6-202606,openrtb.type.mismatch,error,site.publisher.id,3.2.15
p002484,barcablaugranes.com,prebid-server.rubiconproject.com,request,2.6-202606,openrtb.type.mismatch,error,site.publisher.id,3.2.15
p002485,barcablaugranes.com,prebid-server.rubiconproject.com,request,2.6-202606,openrtb.type.mismatch,error,site.publisher.id,3.2.15
p002486,barcablaugranes.com,prebid-server.rubiconproject.com,request,2.6-202606,openrtb.type.mismatch,error,site.publisher.id,3.2.15
p002487,chicagotribune.com,prebid-server.rubiconproject.com,request,2.6-202606,openrtb.field.deprecated,warning,imp[0].video.placement,Section 3.2.7
p002488,chicagotribune.com,prebid-server.rubiconproject.com,request,2.6-202606,openrtb.field.deprecated,warning,imp[0].video.placement,Section 3.2.7
p002489,chicagotribune.com,prebid-server.rubiconproject.com,request,2.6-202606,openrtb.field.deprecated,warning,imp[0].video.placement,Section 3.2.7
p002490,chicagotribune.com,prebid-server.rubiconproject.com,request,2.6-202606,openrtb.field.deprecated,warning,imp[0].video.placement,Section 3.2.7
p002491,chicagotribune.com,prebid-server.rubiconproject.com,request,2.6-202606,openrtb.field.deprecated,warning,imp[0].video.placement,Section 3.2.7
p002492,cityam.com,prebid-server.rubiconproject.com,request,2.6-202606,openrtb.field.moved,error,regs.ext.gdpr,Section 3.2.3
p002492,cityam.com,prebid-server.rubiconproject.com,request,2.6-202606,openrtb.type.mismatch,error,site.publisher.id,3.2.15
p002493,cityam.com,prebid-server.rubiconproject.com,request,2.6-202606,openrtb.type.mismatch,error,site.publisher.id,3.2.15
p002494,cupofjo.com,prebid-server.rubiconproject.com,request,2.6-202606,openrtb.field.deprecated,warning,imp[0].video.placement,Section 3.2.7
p002494,cupofjo.com,prebid-server.rubiconproject.com,request,2.6-202606,openrtb.value.invalid,error,imp[0].video.skip,3.2.7
p002495,cupofjo.com,prebid-server.rubiconproject.com,request,2.6-202606,openrtb.field.deprecated,warning,imp[0].video.placement,Section 3.2.7
p002495,cupofjo.com,prebid-server.rubiconproject.com,request,2.6-202606,openrtb.value.invalid,error,imp[0].video.skip,3.2.7
p002496,cupofjo.com,prebid-server.rubiconproject.com,request,2.6-202606,openrtb.field.deprecated,warning,imp[0].video.placement,Section 3.2.7
p002496,cupofjo.com,prebid-server.rubiconproject.com,request,2.6-202606,openrtb.value.invalid,error,imp[0].video.skip,3.2.7
p002497,dhnet.be,prebid-server.rubiconproject.com,request,2.6-202606,openrtb.field.moved,error,regs.ext.gdpr,Section 3.2.3
p002497,dhnet.be,prebid-server.rubiconproject.com,request,2.6-202606,openrtb.field.moved,error,user.ext.consent,Section 3.2.20
p002498,dhnet.be,prebid-server.rubiconproject.com,request,2.6-202606,openrtb.field.moved,error,regs.ext.gdpr,Section 3.2.3
p002498,dhnet.be,prebid-server.rubiconproject.com,request,2.6-202606,openrtb.field.moved,error,user.ext.consent,Section 3.2.20
p002499,eonline.com,prebid-server.rubiconproject.com,request,2.6-202606,openrtb.field.deprecated,warning,imp[0].video.placement,Section 3.2.7
p002499,eonline.com,prebid-server.rubiconproject.com,request,2.6-202606,openrtb.value.invalid,error,imp[0].video.skip,3.2.7
p002500,eonline.com,prebid-server.rubiconproject.com,request,2.6-202606,openrtb.field.deprecated,warning,imp[0].video.placement,Section 3.2.7
p002500,eonline.com,prebid-server.rubiconproject.com,request,2.6-202606,openrtb.value.invalid,error,imp[0].video.skip,3.2.7
p002501,eonline.com,prebid-server.rubiconproject.com,request,2.6-202606,openrtb.field.deprecated,warning,imp[0].video.placement,Section 3.2.7
p002501,eonline.com,prebid-server.rubiconproject.com,request,2.6-202606,openrtb.value.invalid,error,imp[0].video.skip,3.2.7
p002502,eonline.com,prebid-server.rubiconproject.com,request,2.6-202606,openrtb.field.deprecated,warning,imp[0].video.placement,Section 3.2.7
p002502,eonline.com,prebid-server.rubiconproject.com,request,2.6-202606,openrtb.value.invalid,error,imp[0].video.skip,3.2.7
p002503,eonline.com,prebid-server.rubiconproject.com,request,2.6-202606,openrtb.field.deprecated,warning,imp[0].video.placement,Section 3.2.7
p002503,eonline.com,prebid-server.rubiconproject.com,request,2.6-202606,openrtb.value.invalid,error,imp[0].video.skip,3.2.7
p002504,eonline.com,prebid-server.rubiconproject.com,request,2.6-202606,openrtb.field.deprecated,warning,imp[0].video.placement,Section 3.2.7
p002504,eonline.com,prebid-server.rubiconproject.com,request,2.6-202606,openrtb.value.invalid,error,imp[0].video.skip,3.2.7
p002505,eonline.com,prebid-server.rubiconproject.com,request,2.6-202606,openrtb.field.deprecated,warning,imp[0].video.placement,Section 3.2.7
p002505,eonline.com,prebid-server.rubiconproject.com,request,2.6-202606,openrtb.value.invalid,error,imp[0].video.skip,3.2.7
p002506,fncstatic.com,prebid-server.rubiconproject.com,request,2.6-202606,openrtb.field.deprecated,warning,imp[0].video.placement,Section 3.2.7
p002506,fncstatic.com,prebid-server.rubiconproject.com,request,2.6-202606,openrtb.field.undefined,error,publisher,3.2.1
p002507,fncstatic.com,prebid-server.rubiconproject.com,request,2.6-202606,openrtb.field.deprecated,warning,imp[0].video.placement,Section 3.2.7
p002507,fncstatic.com,prebid-server.rubiconproject.com,request,2.6-202606,openrtb.field.undefined,error,publisher,3.2.1
p002508,fox11online.com,prebid-server.rubiconproject.com,request,2.6-202606,openrtb.field.deprecated,warning,imp[0].video.placement,Section 3.2.7
p002508,fox11online.com,prebid-server.rubiconproject.com,request,2.6-202606,openrtb.value.invalid,error,imp[0].video.skip,3.2.7
p002509,fox11online.com,prebid-server.rubiconproject.com,request,2.6-202606,openrtb.field.deprecated,warning,imp[0].video.placement,Section 3.2.7
p002509,fox11online.com,prebid-server.rubiconproject.com,request,2.6-202606,openrtb.value.invalid,error,imp[0].video.skip,3.2.7
p002510,fox11online.com,prebid-server.rubiconproject.com,request,2.6-202606,openrtb.field.deprecated,warning,imp[0].video.placement,Section 3.2.7
p002510,fox11online.com,prebid-server.rubiconproject.com,request,2.6-202606,openrtb.value.invalid,error,imp[0].video.skip,3.2.7
p002511,fox11online.com,prebid-server.rubiconproject.com,request,2.6-202606,openrtb.field.deprecated,warning,imp[0].video.placement,Section 3.2.7
p002511,fox11online.com,prebid-server.rubiconproject.com,request,2.6-202606,openrtb.value.invalid,error,imp[0].video.skip,3.2.7
p002512,fox11online.com,prebid-server.rubiconproject.com,request,2.6-202606,openrtb.field.deprecated,warning,imp[0].video.placement,Section 3.2.7
p002512,fox11online.com,prebid-server.rubiconproject.com,request,2.6-202606,openrtb.value.invalid,error,imp[0].video.skip,3.2.7
p002513,fox11online.com,prebid-server.rubiconproject.com,request,2.6-202606,openrtb.field.deprecated,warning,imp[0].video.placement,Section 3.2.7
p002513,fox11online.com,prebid-server.rubiconproject.com,request,2.6-202606,openrtb.value.invalid,error,imp[0].video.skip,3.2.7
p002514,fox11online.com,prebid-server.rubiconproject.com,request,2.6-202606,openrtb.field.deprecated,warning,imp[0].video.placement,Section 3.2.7
p002514,fox11online.com,prebid-server.rubiconproject.com,request,2.6-202606,openrtb.value.invalid,error,imp[0].video.skip,3.2.7
p002515,fox11online.com,prebid-server.rubiconproject.com,request,2.6-202606,openrtb.field.deprecated,warning,imp[0].video.placement,Section 3.2.7
p002515,fox11online.com,prebid-server.rubiconproject.com,request,2.6-202606,openrtb.type.mismatch,error,site.content.cat,3.2.16
p002515,fox11online.com,prebid-server.rubiconproject.com,request,2.6-202606,openrtb.field.undefined,error,site.content.pagecat,3.2.16
p002516,fox11online.com,prebid-server.rubiconproject.com,request,2.6-202606,openrtb.field.deprecated,warning,imp[0].video.placement,Section 3.2.7
p002516,fox11online.com,prebid-server.rubiconproject.com,request,2.6-202606,openrtb.type.mismatch,error,site.content.cat,3.2.16
p002516,fox11online.com,prebid-server.rubiconproject.com,request,2.6-202606,openrtb.field.undefined,error,site.content.pagecat,3.2.16
p002517,fox11online.com,prebid-server.rubiconproject.com,request,2.6-202606,openrtb.field.deprecated,warning,imp[0].video.placement,Section 3.2.7
p002517,fox11online.com,prebid-server.rubiconproject.com,request,2.6-202606,openrtb.type.mismatch,error,site.content.cat,3.2.16
p002517,fox11online.com,prebid-server.rubiconproject.com,request,2.6-202606,openrtb.field.undefined,error,site.content.pagecat,3.2.16
p002518,fox11online.com,prebid-server.rubiconproject.com,request,2.6-202606,openrtb.field.deprecated,warning,imp[0].video.placement,Section 3.2.7
p002518,fox11online.com,prebid-server.rubiconproject.com,request,2.6-202606,openrtb.value.invalid,error,imp[0].video.skip,3.2.7
p002519,fox11online.com,prebid-server.rubiconproject.com,request,2.6-202606,openrtb.field.deprecated,warning,imp[0].video.placement,Section 3.2.7
p002519,fox11online.com,prebid-server.rubiconproject.com,request,2.6-202606,openrtb.value.invalid,error,imp[0].video.skip,3.2.7
p002520,fox11online.com,prebid-server.rubiconproject.com,request,2.6-202606,openrtb.field.deprecated,warning,imp[0].video.placement,Section 3.2.7
p002520,fox11online.com,prebid-server.rubiconproject.com,request,2.6-202606,openrtb.value.invalid,error,imp[0].video.skip,3.2.7
p002521,fox11online.com,prebid-server.rubiconproject.com,request,2.6-202606,openrtb.field.deprecated,warning,imp[0].video.placement,Section 3.2.7
p002521,fox11online.com,prebid-server.rubiconproject.com,request,2.6-202606,openrtb.value.invalid,error,imp[0].video.skip,3.2.7
p002522,fox11online.com,prebid-server.rubiconproject.com,request,2.6-202606,openrtb.field.deprecated,warning,imp[0].video.placement,Section 3.2.7
p002522,fox11online.com,prebid-server.rubiconproject.com,request,2.6-202606,openrtb.value.invalid,error,imp[0].video.skip,3.2.7
p002523,fox11online.com,prebid-server.rubiconproject.com,request,2.6-202606,openrtb.field.deprecated,warning,imp[0].video.placement,Section 3.2.7
p002523,fox11online.com,prebid-server.rubiconproject.com,request,2.6-202606,openrtb.value.invalid,error,imp[0].video.skip,3.2.7
p002524,fox11online.com,prebid-server.rubiconproject.com,request,2.6-202606,openrtb.field.deprecated,warning,imp[0].video.placement,Section 3.2.7
p002524,fox11online.com,prebid-server.rubiconproject.com,request,2.6-202606,openrtb.type.mismatch,error,site.content.cat,3.2.16
p002524,fox11online.com,prebid-server.rubiconproject.com,request,2.6-202606,openrtb.field.undefined,error,site.content.pagecat,3.2.16
p002525,fox11online.com,prebid-server.rubiconproject.com,request,2.6-202606,openrtb.field.deprecated,warning,imp[0].video.placement,Section 3.2.7
p002525,fox11online.com,prebid-server.rubiconproject.com,request,2.6-202606,openrtb.type.mismatch,error,site.content.cat,3.2.16
p002525,fox11online.com,prebid-server.rubiconproject.com,request,2.6-202606,openrtb.field.undefined,error,site.content.pagecat,3.2.16
p002526,fox11online.com,prebid-server.rubiconproject.com,request,2.6-202606,openrtb.field.deprecated,warning,imp[0].video.placement,Section 3.2.7
p002526,fox11online.com,prebid-server.rubiconproject.com,request,2.6-202606,openrtb.type.mismatch,error,site.content.cat,3.2.16
p002526,fox11online.com,prebid-server.rubiconproject.com,request,2.6-202606,openrtb.field.undefined,error,site.content.pagecat,3.2.16
p002527,fox11online.com,prebid-server.rubiconproject.com,request,2.6-202606,openrtb.field.deprecated,warning,imp[0].video.placement,Section 3.2.7
p002527,fox11online.com,prebid-server.rubiconproject.com,request,2.6-202606,openrtb.value.invalid,error,imp[0].video.skip,3.2.7
p002528,fox11online.com,prebid-server.rubiconproject.com,request,2.6-202606,openrtb.field.deprecated,warning,imp[0].video.placement,Section 3.2.7
p002528,fox11online.com,prebid-server.rubiconproject.com,request,2.6-202606,openrtb.type.mismatch,error,site.content.cat,3.2.16
p002528,fox11online.com,prebid-server.rubiconproject.com,request,2.6-202606,openrtb.field.undefined,error,site.content.pagecat,3.2.16
p002529,fox11online.com,prebid-server.rubiconproject.com,request,2.6-202606,openrtb.field.deprecated,warning,imp[0].video.placement,Section 3.2.7
p002529,fox11online.com,prebid-server.rubiconproject.com,request,2.6-202606,openrtb.type.mismatch,error,site.content.cat,3.2.16
p002529,fox11online.com,prebid-server.rubiconproject.com,request,2.6-202606,openrtb.field.undefined,error,site.content.pagecat,3.2.16
p002530,fox11online.com,prebid-server.rubiconproject.com,request,2.6-202606,openrtb.field.deprecated,warning,imp[0].video.placement,Section 3.2.7
p002530,fox11online.com,prebid-server.rubiconproject.com,request,2.6-202606,openrtb.type.mismatch,error,site.content.cat,3.2.16
p002530,fox11online.com,prebid-server.rubiconproject.com,request,2.6-202606,openrtb.field.undefined,error,site.content.pagecat,3.2.16
p002531,giantfreakinrobot.com,prebid-server.rubiconproject.com,request,2.6-202606,openrtb.field.deprecated,warning,imp[0].video.placement,Section 3.2.7
p002531,giantfreakinrobot.com,prebid-server.rubiconproject.com,request,2.6-202606,openrtb.value.invalid,error,imp[0].video.skip,3.2.7
p002532,halfbakedharvest.com,prebid-server.rubiconproject.com,request,2.6-202606,openrtb.field.deprecated,warning,imp[0].video.placement,Section 3.2.7
p002532,halfbakedharvest.com,prebid-server.rubiconproject.com,request,2.6-202606,openrtb.value.invalid,error,imp[0].video.skip,3.2.7
p002535,haberler.com,prebid-server.rubiconproject.com,request,2.6-202606,openrtb.field.undefined,error,imp[0].data,3.2.4
p002535,haberler.com,prebid-server.rubiconproject.com,request,2.6-202606,openrtb.field.deprecated,warning,imp[0].video.placement,Section 3.2.7
p002535,haberler.com,prebid-server.rubiconproject.com,request,2.6-202606,openrtb.value.invalid,error,imp[0].video.skip,3.2.7
p002535,haberler.com,prebid-server.rubiconproject.com,request,2.6-202606,openrtb.field.undefined,error,keywords,3.2.1
p002535,haberler.com,prebid-server.rubiconproject.com,request,2.6-202606,openrtb.field.moved,error,regs.ext.gdpr,Section 3.2.3
p002536,halfbakedharvest.com,prebid-server.rubiconproject.com,request,2.6-202606,openrtb.field.deprecated,warning,imp[0].video.placement,Section 3.2.7
p002536,halfbakedharvest.com,prebid-server.rubiconproject.com,request,2.6-202606,openrtb.value.invalid,error,imp[0].video.skip,3.2.7
p002537,halfbakedharvest.com,prebid-server.rubiconproject.com,request,2.6-202606,openrtb.field.deprecated,warning,imp[0].video.placement,Section 3.2.7
p002537,halfbakedharvest.com,prebid-server.rubiconproject.com,request,2.6-202606,openrtb.value.invalid,error,imp[0].video.skip,3.2.7
p002538,halfbakedharvest.com,prebid-server.rubiconproject.com,request,2.6-202606,openrtb.field.deprecated,warning,imp[0].video.placement,Section 3.2.7
p002538,halfbakedharvest.com,prebid-server.rubiconproject.com,request,2.6-202606,openrtb.value.invalid,error,imp[0].video.skip,3.2.7
p002540,montgomeryadvertiser.com,prebid-server.rubiconproject.com,request,2.6-202606,openrtb.field.deprecated,warning,imp[0].video.placement,Section 3.2.7
p002540,montgomeryadvertiser.com,prebid-server.rubiconproject.com,request,2.6-202606,openrtb.value.invalid,error,imp[0].video.skip,3.2.7
p002541,montgomeryadvertiser.com,prebid-server.rubiconproject.com,request,2.6-202606,openrtb.field.deprecated,warning,imp[0].video.placement,Section 3.2.7
p002541,montgomeryadvertiser.com,prebid-server.rubiconproject.com,request,2.6-202606,openrtb.value.invalid,error,imp[0].video.skip,3.2.7
p002542,namemc.com,prebid-server.rubiconproject.com,request,2.6-202606,openrtb.field.deprecated,warning,imp[0].video.placement,Section 3.2.7
p002542,namemc.com,prebid-server.rubiconproject.com,request,2.6-202606,openrtb.type.mismatch,error,site.content.cat,3.2.16
p002542,namemc.com,prebid-server.rubiconproject.com,request,2.6-202606,openrtb.field.undefined,error,site.content.pagecat,3.2.16
p002543,namemc.com,prebid-server.rubiconproject.com,request,2.6-202606,openrtb.field.deprecated,warning,imp[0].video.placement,Section 3.2.7
p002543,namemc.com,prebid-server.rubiconproject.com,request,2.6-202606,openrtb.type.mismatch,error,site.content.cat,3.2.16
p002543,namemc.com,prebid-server.rubiconproject.com,request,2.6-202606,openrtb.field.undefined,error,site.content.pagecat,3.2.16
p002544,namemc.com,prebid-server.rubiconproject.com,request,2.6-202606,openrtb.field.deprecated,warning,imp[0].video.placement,Section 3.2.7
p002544,namemc.com,prebid-server.rubiconproject.com,request,2.6-202606,openrtb.type.mismatch,error,site.content.cat,3.2.16
p002544,namemc.com,prebid-server.rubiconproject.com,request,2.6-202606,openrtb.field.undefined,error,site.content.pagecat,3.2.16
p002545,namemc.com,prebid-server.rubiconproject.com,request,2.6-202606,openrtb.field.deprecated,warning,imp[0].video.placement,Section 3.2.7
p002545,namemc.com,prebid-server.rubiconproject.com,request,2.6-202606,openrtb.type.mismatch,error,site.content.cat,3.2.16
p002545,namemc.com,prebid-server.rubiconproject.com,request,2.6-202606,openrtb.field.undefined,error,site.content.pagecat,3.2.16
p002546,myjoyonline.com,prebid-server.rubiconproject.com,request,2.6-202606,openrtb.field.deprecated,warning,imp[0].video.placement,Section 3.2.7
p002547,myjoyonline.com,prebid-server.rubiconproject.com,request,2.6-202606,openrtb.field.deprecated,warning,imp[0].video.placement,Section 3.2.7
p002548,namemc.com,prebid-server.rubiconproject.com,request,2.6-202606,openrtb.field.deprecated,warning,imp[0].video.placement,Section 3.2.7
p002548,namemc.com,prebid-server.rubiconproject.com,request,2.6-202606,openrtb.type.mismatch,error,site.content.cat,3.2.16
p002548,namemc.com,prebid-server.rubiconproject.com,request,2.6-202606,openrtb.field.undefined,error,site.content.pagecat,3.2.16
p002549,namemc.com,prebid-server.rubiconproject.com,request,2.6-202606,openrtb.field.deprecated,warning,imp[0].video.placement,Section 3.2.7
p002549,namemc.com,prebid-server.rubiconproject.com,request,2.6-202606,openrtb.type.mismatch,error,site.content.cat,3.2.16
p002549,namemc.com,prebid-server.rubiconproject.com,request,2.6-202606,openrtb.field.undefined,error,site.content.pagecat,3.2.16
p002550,namemc.com,prebid-server.rubiconproject.com,request,2.6-202606,openrtb.field.deprecated,warning,imp[0].video.placement,Section 3.2.7
p002550,namemc.com,prebid-server.rubiconproject.com,request,2.6-202606,openrtb.type.mismatch,error,site.content.cat,3.2.16
p002550,namemc.com,prebid-server.rubiconproject.com,request,2.6-202606,openrtb.field.undefined,error,site.content.pagecat,3.2.16
p002551,myjoyonline.com,prebid-server.rubiconproject.com,request,2.6-202606,openrtb.field.deprecated,warning,imp[0].video.placement,Section 3.2.7
p002552,nationaltoday.com,prebid-server.rubiconproject.com,request,2.6-202606,openrtb.field.deprecated,warning,imp[0].video.placement,Section 3.2.7
p002552,nationaltoday.com,prebid-server.rubiconproject.com,request,2.6-202606,openrtb.type.mismatch,error,site.content.cat,3.2.16
p002552,nationaltoday.com,prebid-server.rubiconproject.com,request,2.6-202606,openrtb.field.undefined,error,site.content.pagecat,3.2.16
p002553,nationaltoday.com,prebid-server.rubiconproject.com,request,2.6-202606,openrtb.field.deprecated,warning,imp[0].video.placement,Section 3.2.7
p002553,nationaltoday.com,prebid-server.rubiconproject.com,request,2.6-202606,openrtb.type.mismatch,error,site.content.cat,3.2.16
p002553,nationaltoday.com,prebid-server.rubiconproject.com,request,2.6-202606,openrtb.field.undefined,error,site.content.pagecat,3.2.16
p002554,nationaltoday.com,prebid-server.rubiconproject.com,request,2.6-202606,openrtb.field.deprecated,warning,imp[0].video.placement,Section 3.2.7
p002554,nationaltoday.com,prebid-server.rubiconproject.com,request,2.6-202606,openrtb.type.mismatch,error,site.content.cat,3.2.16
p002554,nationaltoday.com,prebid-server.rubiconproject.com,request,2.6-202606,openrtb.field.undefined,error,site.content.pagecat,3.2.16
p002555,nationaltoday.com,prebid-server.rubiconproject.com,request,2.6-202606,openrtb.field.deprecated,warning,imp[0].video.placement,Section 3.2.7
p002555,nationaltoday.com,prebid-server.rubiconproject.com,request,2.6-202606,openrtb.type.mismatch,error,site.content.cat,3.2.16
p002555,nationaltoday.com,prebid-server.rubiconproject.com,request,2.6-202606,openrtb.field.undefined,error,site.content.pagecat,3.2.16
p002556,nationaltoday.com,prebid-server.rubiconproject.com,request,2.6-202606,openrtb.field.deprecated,warning,imp[0].video.placement,Section 3.2.7
p002556,nationaltoday.com,prebid-server.rubiconproject.com,request,2.6-202606,openrtb.type.mismatch,error,site.content.cat,3.2.16
p002556,nationaltoday.com,prebid-server.rubiconproject.com,request,2.6-202606,openrtb.field.undefined,error,site.content.pagecat,3.2.16
p002557,nationaltoday.com,prebid-server.rubiconproject.com,request,2.6-202606,openrtb.field.deprecated,warning,imp[0].video.placement,Section 3.2.7
p002557,nationaltoday.com,prebid-server.rubiconproject.com,request,2.6-202606,openrtb.type.mismatch,error,site.content.cat,3.2.16
p002557,nationaltoday.com,prebid-server.rubiconproject.com,request,2.6-202606,openrtb.field.undefined,error,site.content.pagecat,3.2.16
p002558,nesn.com,prebid-server.rubiconproject.com,request,2.6-202606,openrtb.field.deprecated,warning,imp[0].video.placement,Section 3.2.7
p002558,nesn.com,prebid-server.rubiconproject.com,request,2.6-202606,openrtb.field.deprecated,warning,imp[1].video.placement,Section 3.2.7
p002559,nesn.com,prebid-server.rubiconproject.com,request,2.6-202606,openrtb.field.deprecated,warning,imp[0].video.placement,Section 3.2.7
p002560,nesn.com,prebid-server.rubiconproject.com,request,2.6-202606,openrtb.field.deprecated,warning,imp[0].video.placement,Section 3.2.7
p002561,nintendoeverything.com,prebid-server.rubiconproject.com,request,2.6-202606,openrtb.field.deprecated,warning,imp[0].video.placement,Section 3.2.7
p002561,nintendoeverything.com,prebid-server.rubiconproject.com,request,2.6-202606,openrtb.value.invalid,error,imp[0].video.skip,3.2.7
p002562,nintendoeverything.com,prebid-server.rubiconproject.com,request,2.6-202606,openrtb.field.deprecated,warning,imp[0].video.placement,Section 3.2.7
p002562,nintendoeverything.com,prebid-server.rubiconproject.com,request,2.6-202606,openrtb.value.invalid,error,imp[0].video.skip,3.2.7
p002562,nintendoeverything.com,prebid-server.rubiconproject.com,request,2.6-202606,openrtb.field.deprecated,warning,imp[1].video.placement,Section 3.2.7
p002562,nintendoeverything.com,prebid-server.rubiconproject.com,request,2.6-202606,openrtb.value.invalid,error,imp[1].video.skip,3.2.7
p002562,nintendoeverything.com,prebid-server.rubiconproject.com,request,2.6-202606,openrtb.field.deprecated,warning,imp[2].video.placement,Section 3.2.7
p002562,nintendoeverything.com,prebid-server.rubiconproject.com,request,2.6-202606,openrtb.value.invalid,error,imp[2].video.skip,3.2.7
p002563,nintendoeverything.com,prebid-server.rubiconproject.com,request,2.6-202606,openrtb.field.deprecated,warning,imp[0].video.placement,Section 3.2.7
p002563,nintendoeverything.com,prebid-server.rubiconproject.com,request,2.6-202606,openrtb.value.invalid,error,imp[0].video.skip,3.2.7
p002564,nesn.com,prebid-server.rubiconproject.com,request,2.6-202606,openrtb.field.deprecated,warning,imp[0].video.placement,Section 3.2.7
p002564,nesn.com,prebid-server.rubiconproject.com,request,2.6-202606,openrtb.field.deprecated,warning,imp[1].video.placement,Section 3.2.7
p002565,nesn.com,prebid-server.rubiconproject.com,request,2.6-202606,openrtb.field.deprecated,warning,imp[0].video.placement,Section 3.2.7
p002566,nintendoeverything.com,prebid-server.rubiconproject.com,request,2.6-202606,openrtb.field.deprecated,warning,imp[0].video.placement,Section 3.2.7
p002566,nintendoeverything.com,prebid-server.rubiconproject.com,request,2.6-202606,openrtb.value.invalid,error,imp[0].video.skip,3.2.7
p002567,nintendoeverything.com,prebid-server.rubiconproject.com,request,2.6-202606,openrtb.field.deprecated,warning,imp[0].video.placement,Section 3.2.7
p002567,nintendoeverything.com,prebid-server.rubiconproject.com,request,2.6-202606,openrtb.value.invalid,error,imp[0].video.skip,3.2.7
p002567,nintendoeverything.com,prebid-server.rubiconproject.com,request,2.6-202606,openrtb.field.deprecated,warning,imp[1].video.placement,Section 3.2.7
p002567,nintendoeverything.com,prebid-server.rubiconproject.com,request,2.6-202606,openrtb.value.invalid,error,imp[1].video.skip,3.2.7
p002568,nintendoeverything.com,prebid-server.rubiconproject.com,request,2.6-202606,openrtb.field.deprecated,warning,imp[0].video.placement,Section 3.2.7
p002568,nintendoeverything.com,prebid-server.rubiconproject.com,request,2.6-202606,openrtb.value.invalid,error,imp[0].video.skip,3.2.7
p002569,nintendoeverything.com,prebid-server.rubiconproject.com,request,2.6-202606,openrtb.field.deprecated,warning,imp[0].video.placement,Section 3.2.7
p002570,nintendoeverything.com,prebid-server.rubiconproject.com,request,2.6-202606,openrtb.field.deprecated,warning,imp[0].video.placement,Section 3.2.7
p002570,nintendoeverything.com,prebid-server.rubiconproject.com,request,2.6-202606,openrtb.value.invalid,error,imp[0].video.skip,3.2.7
p002571,nintendoeverything.com,prebid-server.rubiconproject.com,request,2.6-202606,openrtb.field.deprecated,warning,imp[0].video.placement,Section 3.2.7
p002572,outsideonline.com,prebid-server.rubiconproject.com,request,2.6-202606,openrtb.field.moved,error,regs.ext.gdpr,Section 3.2.3
p002572,outsideonline.com,prebid-server.rubiconproject.com,request,2.6-202606,openrtb.type.mismatch,error,site.publisher.id,3.2.15
p002573,outsideonline.com,prebid-server.rubiconproject.com,request,2.6-202606,openrtb.field.moved,error,regs.ext.gdpr,Section 3.2.3
p002573,outsideonline.com,prebid-server.rubiconproject.com,request,2.6-202606,openrtb.type.mismatch,error,site.publisher.id,3.2.15
p002574,outsideonline.com,prebid-server.rubiconproject.com,request,2.6-202606,openrtb.field.moved,error,regs.ext.gdpr,Section 3.2.3
p002574,outsideonline.com,prebid-server.rubiconproject.com,request,2.6-202606,openrtb.type.mismatch,error,site.publisher.id,3.2.15
p002575,outsideonline.com,prebid-server.rubiconproject.com,request,2.6-202606,openrtb.field.moved,error,regs.ext.gdpr,Section 3.2.3
p002575,outsideonline.com,prebid-server.rubiconproject.com,request,2.6-202606,openrtb.type.mismatch,error,site.publisher.id,3.2.15
p002576,outsideonline.com,prebid-server.rubiconproject.com,request,2.6-202606,openrtb.field.moved,error,regs.ext.gdpr,Section 3.2.3
p002576,outsideonline.com,prebid-server.rubiconproject.com,request,2.6-202606,openrtb.type.mismatch,error,site.publisher.id,3.2.15
p002577,outsideonline.com,prebid-server.rubiconproject.com,request,2.6-202606,openrtb.field.moved,error,regs.ext.gdpr,Section 3.2.3
p002577,outsideonline.com,prebid-server.rubiconproject.com,request,2.6-202606,openrtb.type.mismatch,error,site.publisher.id,3.2.15
p002578,outsideonline.com,prebid-server.rubiconproject.com,request,2.6-202606,openrtb.field.moved,error,regs.ext.gdpr,Section 3.2.3
p002578,outsideonline.com,prebid-server.rubiconproject.com,request,2.6-202606,openrtb.type.mismatch,error,site.publisher.id,3.2.15
p002579,outsideonline.com,prebid-server.rubiconproject.com,request,2.6-202606,openrtb.field.moved,error,regs.ext.gdpr,Section 3.2.3
p002579,outsideonline.com,prebid-server.rubiconproject.com,request,2.6-202606,openrtb.type.mismatch,error,site.publisher.id,3.2.15
p002580,outsideonline.com,prebid-server.rubiconproject.com,request,2.6-202606,openrtb.field.moved,error,regs.ext.gdpr,Section 3.2.3
p002580,outsideonline.com,prebid-server.rubiconproject.com,request,2.6-202606,openrtb.type.mismatch,error,site.publisher.id,3.2.15
p002581,outsideonline.com,prebid-server.rubiconproject.com,request,2.6-202606,openrtb.field.moved,error,regs.ext.gdpr,Section 3.2.3
p002581,outsideonline.com,prebid-server.rubiconproject.com,request,2.6-202606,openrtb.type.mismatch,error,site.publisher.id,3.2.15
p002582,outsideonline.com,prebid-server.rubiconproject.com,request,2.6-202606,openrtb.field.moved,error,regs.ext.gdpr,Section 3.2.3
p002582,outsideonline.com,prebid-server.rubiconproject.com,request,2.6-202606,openrtb.type.mismatch,error,site.publisher.id,3.2.15
p002583,outsideonline.com,prebid-server.rubiconproject.com,request,2.6-202606,openrtb.field.moved,error,regs.ext.gdpr,Section 3.2.3
p002583,outsideonline.com,prebid-server.rubiconproject.com,request,2.6-202606,openrtb.type.mismatch,error,site.publisher.id,3.2.15
p002584,outsideonline.com,prebid-server.rubiconproject.com,request,2.6-202606,openrtb.field.moved,error,regs.ext.gdpr,Section 3.2.3
p002584,outsideonline.com,prebid-server.rubiconproject.com,request,2.6-202606,openrtb.type.mismatch,error,site.publisher.id,3.2.15
p002585,outsideonline.com,prebid-server.rubiconproject.com,request,2.6-202606,openrtb.field.moved,error,regs.ext.gdpr,Section 3.2.3
p002585,outsideonline.com,prebid-server.rubiconproject.com,request,2.6-202606,openrtb.type.mismatch,error,site.publisher.id,3.2.15
p002586,outsideonline.com,prebid-server.rubiconproject.com,request,2.6-202606,openrtb.field.moved,error,regs.ext.gdpr,Section 3.2.3
p002586,outsideonline.com,prebid-server.rubiconproject.com,request,2.6-202606,openrtb.type.mismatch,error,site.publisher.id,3.2.15
p002587,outsideonline.com,prebid-server.rubiconproject.com,request,2.6-202606,openrtb.field.moved,error,regs.ext.gdpr,Section 3.2.3
p002587,outsideonline.com,prebid-server.rubiconproject.com,request,2.6-202606,openrtb.type.mismatch,error,site.publisher.id,3.2.15
p002588,pilotonline.com,prebid-server.rubiconproject.com,request,2.6-202606,openrtb.field.deprecated,warning,imp[0].video.placement,Section 3.2.7
p002589,pilotonline.com,prebid-server.rubiconproject.com,request,2.6-202606,openrtb.field.deprecated,warning,imp[0].video.placement,Section 3.2.7
p002590,pilotonline.com,prebid-server.rubiconproject.com,request,2.6-202606,openrtb.field.deprecated,warning,imp[0].video.placement,Section 3.2.7
p002591,psychcentral.com,prebid-server.rubiconproject.com,request,2.6-202606,openrtb.field.deprecated,warning,imp[0].video.placement,Section 3.2.7
p002592,quasarzone.com,prebid-server.rubiconproject.com,request,2.6-202606,openrtb.field.deprecated,warning,imp[0].video.placement,Section 3.2.7
p002593,self.com,prebid-server.rubiconproject.com,request,2.6-202606,openrtb.field.deprecated,warning,imp[0].video.placement,Section 3.2.7
p002593,self.com,prebid-server.rubiconproject.com,request,2.6-202606,openrtb.fields.mutually_exclusive,error,site.keywords,3.2.13
p002594,socialblade.com,prebid-server.rubiconproject.com,request,2.6-202606,openrtb.field.undefined,error,imp[0].battr,3.2.4
p002594,socialblade.com,prebid-server.rubiconproject.com,request,2.6-202606,openrtb.field.deprecated,warning,imp[0].video.placement,Section 3.2.7
p002594,socialblade.com,prebid-server.rubiconproject.com,request,2.6-202606,openrtb.value.invalid,error,imp[0].video.skip,3.2.7
p002595,salon.com,prebid-server.rubiconproject.com,request,2.6-202606,openrtb.field.deprecated,warning,imp[0].video.placement,Section 3.2.7
p002595,salon.com,prebid-server.rubiconproject.com,request,2.6-202606,openrtb.value.invalid,error,imp[0].video.skip,3.2.7
p002597,salon.com,prebid-server.rubiconproject.com,request,2.6-202606,openrtb.field.deprecated,warning,imp[0].video.placement,Section 3.2.7
p002597,salon.com,prebid-server.rubiconproject.com,request,2.6-202606,openrtb.value.invalid,error,imp[0].video.skip,3.2.7
p002604,salon.com,prebid-server.rubiconproject.com,request,2.6-202606,openrtb.field.deprecated,warning,imp[0].video.placement,Section 3.2.7
p002604,salon.com,prebid-server.rubiconproject.com,request,2.6-202606,openrtb.value.invalid,error,imp[0].video.skip,3.2.7
p002605,salon.com,prebid-server.rubiconproject.com,request,2.6-202606,openrtb.field.deprecated,warning,imp[0].video.placement,Section 3.2.7
p002605,salon.com,prebid-server.rubiconproject.com,request,2.6-202606,openrtb.value.invalid,error,imp[0].video.skip,3.2.7
p002607,salon.com,prebid-server.rubiconproject.com,request,2.6-202606,openrtb.field.deprecated,warning,imp[0].video.placement,Section 3.2.7
p002607,salon.com,prebid-server.rubiconproject.com,request,2.6-202606,openrtb.value.invalid,error,imp[0].video.skip,3.2.7
p002608,salon.com,prebid-server.rubiconproject.com,request,2.6-202606,openrtb.field.deprecated,warning,imp[0].video.placement,Section 3.2.7
p002608,salon.com,prebid-server.rubiconproject.com,request,2.6-202606,openrtb.value.invalid,error,imp[0].video.skip,3.2.7
p002609,self.com,prebid-server.rubiconproject.com,request,2.6-202606,openrtb.field.deprecated,warning,imp[0].video.placement,Section 3.2.7
p002609,self.com,prebid-server.rubiconproject.com,request,2.6-202606,openrtb.fields.mutually_exclusive,error,site.keywords,3.2.13
p002610,sozcu.com.tr,prebid-server.rubiconproject.com,request,2.6-202606,openrtb.field.deprecated,warning,imp[0].video.placement,Section 3.2.7
p002611,sozcu.com.tr,prebid-server.rubiconproject.com,request,2.6-202606,openrtb.field.deprecated,warning,imp[0].video.placement,Section 3.2.7
p002611,sozcu.com.tr,prebid-server.rubiconproject.com,request,2.6-202606,openrtb.field.moved,error,regs.ext.gdpr,Section 3.2.3
p002612,sozcu.com.tr,prebid-server.rubiconproject.com,request,2.6-202606,openrtb.field.deprecated,warning,imp[0].video.placement,Section 3.2.7
p002612,sozcu.com.tr,prebid-server.rubiconproject.com,request,2.6-202606,openrtb.field.moved,error,regs.ext.gdpr,Section 3.2.3
p002613,sozcu.com.tr,prebid-server.rubiconproject.com,request,2.6-202606,openrtb.field.deprecated,warning,imp[0].video.placement,Section 3.2.7
p002613,sozcu.com.tr,prebid-server.rubiconproject.com,request,2.6-202606,openrtb.field.moved,error,regs.ext.gdpr,Section 3.2.3
p002613,sozcu.com.tr,prebid-server.rubiconproject.com,request,2.6-202606,openrtb.field.moved,error,user.ext.consent,Section 3.2.20
p002614,tennessean.com,prebid-server.rubiconproject.com,request,2.6-202606,openrtb.field.deprecated,warning,imp[0].video.placement,Section 3.2.7
p002614,tennessean.com,prebid-server.rubiconproject.com,request,2.6-202606,openrtb.value.invalid,error,imp[0].video.skip,3.2.7
p002615,thesun.ie,prebid-server.rubiconproject.com,request,2.6-202606,openrtb.field.moved,error,regs.ext.gdpr,Section 3.2.3
p002615,thesun.ie,prebid-server.rubiconproject.com,request,2.6-202606,openrtb.type.mismatch,error,site.publisher.id,3.2.15
p002616,thesun.ie,prebid-server.rubiconproject.com,request,2.6-202606,openrtb.field.moved,error,regs.ext.gdpr,Section 3.2.3
p002616,thesun.ie,prebid-server.rubiconproject.com,request,2.6-202606,openrtb.type.mismatch,error,site.publisher.id,3.2.15
p002617,thesun.ie,prebid-server.rubiconproject.com,request,2.6-202606,openrtb.field.moved,error,regs.ext.gdpr,Section 3.2.3
p002617,thesun.ie,prebid-server.rubiconproject.com,request,2.6-202606,openrtb.type.mismatch,error,site.publisher.id,3.2.15
p002618,thesun.ie,prebid-server.rubiconproject.com,request,2.6-202606,openrtb.field.moved,error,regs.ext.gdpr,Section 3.2.3
p002618,thesun.ie,prebid-server.rubiconproject.com,request,2.6-202606,openrtb.type.mismatch,error,site.publisher.id,3.2.15
p002619,thesun.ie,prebid-server.rubiconproject.com,request,2.6-202606,openrtb.field.moved,error,regs.ext.gdpr,Section 3.2.3
p002619,thesun.ie,prebid-server.rubiconproject.com,request,2.6-202606,openrtb.type.mismatch,error,site.publisher.id,3.2.15
p002620,thesun.ie,prebid-server.rubiconproject.com,request,2.6-202606,openrtb.field.moved,error,regs.ext.gdpr,Section 3.2.3
p002620,thesun.ie,prebid-server.rubiconproject.com,request,2.6-202606,openrtb.type.mismatch,error,site.publisher.id,3.2.15
p002621,thesun.ie,prebid-server.rubiconproject.com,request,2.6-202606,openrtb.field.moved,error,regs.ext.gdpr,Section 3.2.3
p002621,thesun.ie,prebid-server.rubiconproject.com,request,2.6-202606,openrtb.type.mismatch,error,site.publisher.id,3.2.15
p002622,thesun.ie,prebid-server.rubiconproject.com,request,2.6-202606,openrtb.field.deprecated,warning,imp[0].video.placement,Section 3.2.7
p002622,thesun.ie,prebid-server.rubiconproject.com,request,2.6-202606,openrtb.field.moved,error,regs.ext.gdpr,Section 3.2.3
p002623,tio.ch,prebid-server.rubiconproject.com,request,2.6-202606,openrtb.field.deprecated,warning,imp[0].video.placement,Section 3.2.7
p002623,tio.ch,prebid-server.rubiconproject.com,request,2.6-202606,openrtb.value.invalid,error,imp[0].video.skip,3.2.7
p002623,tio.ch,prebid-server.rubiconproject.com,request,2.6-202606,openrtb.field.moved,error,regs.ext.gdpr,Section 3.2.3
p002623,tio.ch,prebid-server.rubiconproject.com,request,2.6-202606,openrtb.field.moved,error,user.ext.consent,Section 3.2.20
p002624,upi.com,prebid-server.rubiconproject.com,request,2.6-202606,openrtb.field.deprecated,warning,imp[0].video.placement,Section 3.2.7
p002624,upi.com,prebid-server.rubiconproject.com,request,2.6-202606,openrtb.field.undefined,error,site.content.pagecat,3.2.16
p002625,upi.com,prebid-server.rubiconproject.com,request,2.6-202606,openrtb.field.deprecated,warning,imp[0].video.placement,Section 3.2.7
p002625,upi.com,prebid-server.rubiconproject.com,request,2.6-202606,openrtb.field.undefined,error,site.content.pagecat,3.2.16
p002626,upi.com,prebid-server.rubiconproject.com,request,2.6-202606,openrtb.field.deprecated,warning,imp[0].video.placement,Section 3.2.7
p002626,upi.com,prebid-server.rubiconproject.com,request,2.6-202606,openrtb.field.undefined,error,site.content.pagecat,3.2.16
p002627,upi.com,prebid-server.rubiconproject.com,request,2.6-202606,openrtb.field.deprecated,warning,imp[0].video.placement,Section 3.2.7
p002627,upi.com,prebid-server.rubiconproject.com,request,2.6-202606,openrtb.field.undefined,error,site.content.pagecat,3.2.16
p002628,upi.com,prebid-server.rubiconproject.com,request,2.6-202606,openrtb.field.deprecated,warning,imp[0].video.placement,Section 3.2.7
p002628,upi.com,prebid-server.rubiconproject.com,request,2.6-202606,openrtb.field.undefined,error,site.content.pagecat,3.2.16
p002629,upi.com,prebid-server.rubiconproject.com,request,2.6-202606,openrtb.field.deprecated,warning,imp[0].video.placement,Section 3.2.7
p002629,upi.com,prebid-server.rubiconproject.com,request,2.6-202606,openrtb.field.undefined,error,site.content.pagecat,3.2.16
p002630,upi.com,prebid-server.rubiconproject.com,request,2.6-202606,openrtb.field.deprecated,warning,imp[0].video.placement,Section 3.2.7
p002630,upi.com,prebid-server.rubiconproject.com,request,2.6-202606,openrtb.field.undefined,error,site.content.pagecat,3.2.16
p002631,upi.com,prebid-server.rubiconproject.com,request,2.6-202606,openrtb.field.deprecated,warning,imp[0].video.placement,Section 3.2.7
p002631,upi.com,prebid-server.rubiconproject.com,request,2.6-202606,openrtb.field.undefined,error,site.content.pagecat,3.2.16
p002632,upi.com,prebid-server.rubiconproject.com,request,2.6-202606,openrtb.field.deprecated,warning,imp[0].video.placement,Section 3.2.7
p002632,upi.com,prebid-server.rubiconproject.com,request,2.6-202606,openrtb.field.undefined,error,site.content.pagecat,3.2.16
p002633,upi.com,prebid-server.rubiconproject.com,request,2.6-202606,openrtb.field.deprecated,warning,imp[0].video.placement,Section 3.2.7
p002633,upi.com,prebid-server.rubiconproject.com,request,2.6-202606,openrtb.field.undefined,error,site.content.pagecat,3.2.16
p002634,vivitusuerte.com,prebid-server.rubiconproject.com,request,2.6-202606,openrtb.value.invalid,error,imp[0].video.skip,3.2.7
p002634,vivitusuerte.com,prebid-server.rubiconproject.com,request,2.6-202606,openrtb.field.moved,error,regs.ext.gdpr,Section 3.2.3
p002634,vivitusuerte.com,prebid-server.rubiconproject.com,request,2.6-202606,openrtb.field.moved,error,user.ext.consent,Section 3.2.20
p002635,vivitusuerte.com,prebid-server.rubiconproject.com,request,2.6-202606,openrtb.value.invalid,error,imp[0].video.skip,3.2.7
p002635,vivitusuerte.com,prebid-server.rubiconproject.com,request,2.6-202606,openrtb.field.moved,error,regs.ext.gdpr,Section 3.2.3
p002635,vivitusuerte.com,prebid-server.rubiconproject.com,request,2.6-202606,openrtb.field.moved,error,user.ext.consent,Section 3.2.20
p002636,vivitusuerte.com,prebid-server.rubiconproject.com,request,2.6-202606,openrtb.value.invalid,error,imp[0].video.skip,3.2.7
p002636,vivitusuerte.com,prebid-server.rubiconproject.com,request,2.6-202606,openrtb.field.moved,error,regs.ext.gdpr,Section 3.2.3
p002636,vivitusuerte.com,prebid-server.rubiconproject.com,request,2.6-202606,openrtb.field.moved,error,user.ext.consent,Section 3.2.20
p002637,vivitusuerte.com,prebid-server.rubiconproject.com,request,2.6-202606,openrtb.value.invalid,error,imp[0].video.skip,3.2.7
p002637,vivitusuerte.com,prebid-server.rubiconproject.com,request,2.6-202606,openrtb.field.moved,error,regs.ext.gdpr,Section 3.2.3
p002637,vivitusuerte.com,prebid-server.rubiconproject.com,request,2.6-202606,openrtb.field.moved,error,user.ext.consent,Section 3.2.20
p002638,vivitusuerte.com,prebid-server.rubiconproject.com,request,2.6-202606,openrtb.value.invalid,error,imp[0].video.skip,3.2.7
p002638,vivitusuerte.com,prebid-server.rubiconproject.com,request,2.6-202606,openrtb.field.moved,error,regs.ext.gdpr,Section 3.2.3
p002638,vivitusuerte.com,prebid-server.rubiconproject.com,request,2.6-202606,openrtb.field.moved,error,user.ext.consent,Section 3.2.20
p002639,vivitusuerte.com,prebid-server.rubiconproject.com,request,2.6-202606,openrtb.value.invalid,error,imp[0].video.skip,3.2.7
p002639,vivitusuerte.com,prebid-server.rubiconproject.com,request,2.6-202606,openrtb.field.moved,error,regs.ext.gdpr,Section 3.2.3
p002639,vivitusuerte.com,prebid-server.rubiconproject.com,request,2.6-202606,openrtb.field.moved,error,user.ext.consent,Section 3.2.20
p002640,webdesignerdepot.com,prebid-server.rubiconproject.com,request,2.6-202606,openrtb.field.deprecated,warning,imp[0].video.placement,Section 3.2.7
p002640,webdesignerdepot.com,prebid-server.rubiconproject.com,request,2.6-202606,openrtb.value.invalid,error,imp[0].video.skip,3.2.7
p002643,webdesignerdepot.com,prebid-server.rubiconproject.com,request,2.6-202606,openrtb.field.deprecated,warning,imp[0].video.placement,Section 3.2.7
p002643,webdesignerdepot.com,prebid-server.rubiconproject.com,request,2.6-202606,openrtb.value.invalid,error,imp[0].video.skip,3.2.7
p002644,webdesignerdepot.com,prebid-server.rubiconproject.com,request,2.6-202606,openrtb.field.deprecated,warning,imp[0].video.placement,Section 3.2.7
p002644,webdesignerdepot.com,prebid-server.rubiconproject.com,request,2.6-202606,openrtb.value.invalid,error,imp[0].video.skip,3.2.7
p002648,webdesignerdepot.com,prebid-server.rubiconproject.com,request,2.6-202606,openrtb.field.deprecated,warning,imp[0].video.placement,Section 3.2.7
p002648,webdesignerdepot.com,prebid-server.rubiconproject.com,request,2.6-202606,openrtb.value.invalid,error,imp[0].video.skip,3.2.7
p002649,webdesignerdepot.com,prebid-server.rubiconproject.com,request,2.6-202606,openrtb.field.deprecated,warning,imp[0].video.placement,Section 3.2.7
p002649,webdesignerdepot.com,prebid-server.rubiconproject.com,request,2.6-202606,openrtb.value.invalid,error,imp[0].video.skip,3.2.7
p002650,webdesignerdepot.com,prebid-server.rubiconproject.com,request,2.6-202606,openrtb.field.deprecated,warning,imp[0].video.placement,Section 3.2.7
p002650,webdesignerdepot.com,prebid-server.rubiconproject.com,request,2.6-202606,openrtb.value.invalid,error,imp[0].video.skip,3.2.7
p002716,howlongtobeat.com,prebid-server.rubiconproject.com,response,2.6-202606,openrtb.bid.mtype_missing,warning,seatbid[0].bid[0].mtype,4.2.3
p002716,howlongtobeat.com,prebid-server.rubiconproject.com,response,2.6-202606,openrtb.bid.mtype_missing,warning,seatbid[0].bid[1].mtype,4.2.3
p002716,howlongtobeat.com,prebid-server.rubiconproject.com,response,2.6-202606,openrtb.bid.mtype_missing,warning,seatbid[0].bid[2].mtype,4.2.3
p002751,outsideonline.com,prebid-server.rubiconproject.com,response,2.6-202606,openrtb.bid.mtype_missing,warning,seatbid[0].bid[0].mtype,4.2.3
p002752,outsideonline.com,prebid-server.rubiconproject.com,response,2.6-202606,openrtb.bid.mtype_missing,warning,seatbid[0].bid[0].mtype,4.2.3
p002759,outsideonline.com,prebid-server.rubiconproject.com,response,2.6-202606,openrtb.bid.mtype_missing,warning,seatbid[0].bid[0].mtype,4.2.3
p002764,outsideonline.com,prebid-server.rubiconproject.com,response,2.6-202606,openrtb.bid.mtype_missing,warning,seatbid[0].bid[0].mtype,4.2.3
p002827,em.com.br,prebid-us.creativecdn.com,request,2.6-202606,openrtb.type.mismatch,error,imp[5].native.request,3.2.9
p002827,em.com.br,prebid-us.creativecdn.com,request,2.6-202606,openrtb.type.mismatch,error,imp[6].native.request,3.2.9
p002827,em.com.br,prebid-us.creativecdn.com,request,2.6-202606,openrtb.type.mismatch,error,imp[7].native.request,3.2.9
p002827,em.com.br,prebid-us.creativecdn.com,request,2.6-202606,openrtb.type.mismatch,error,imp[8].native.request,3.2.9
p002831,em.com.br,prebid-us.creativecdn.com,request,2.6-202606,openrtb.type.mismatch,error,imp[5].native.request,3.2.9
p002831,em.com.br,prebid-us.creativecdn.com,request,2.6-202606,openrtb.type.mismatch,error,imp[6].native.request,3.2.9
p002831,em.com.br,prebid-us.creativecdn.com,request,2.6-202606,openrtb.type.mismatch,error,imp[7].native.request,3.2.9
p002831,em.com.br,prebid-us.creativecdn.com,request,2.6-202606,openrtb.type.mismatch,error,imp[8].native.request,3.2.9
p002837,mthai.com,prebid.ad.smaato.net,request,2.6-202606,openrtb.field.moved,error,regs.ext.gdpr,Section 3.2.3
p002837,mthai.com,prebid.ad.smaato.net,request,2.6-202606,openrtb.field.moved,error,user.ext.consent,Section 3.2.20
p002838,mthai.com,prebid.ad.smaato.net,request,2.6-202606,openrtb.field.moved,error,regs.ext.gdpr,Section 3.2.3
p002838,mthai.com,prebid.ad.smaato.net,request,2.6-202606,openrtb.field.moved,error,user.ext.consent,Section 3.2.20
p002839,mthai.com,prebid.ad.smaato.net,request,2.6-202606,openrtb.field.moved,error,regs.ext.gdpr,Section 3.2.3
p002839,mthai.com,prebid.ad.smaato.net,request,2.6-202606,openrtb.field.moved,error,user.ext.consent,Section 3.2.20
p002840,mthai.com,prebid.ad.smaato.net,request,2.6-202606,openrtb.field.moved,error,regs.ext.gdpr,Section 3.2.3
p002841,mthai.com,prebid.ad.smaato.net,request,2.6-202606,openrtb.field.moved,error,regs.ext.gdpr,Section 3.2.3
p002842,mthai.com,prebid.ad.smaato.net,request,2.6-202606,openrtb.field.moved,error,regs.ext.gdpr,Section 3.2.3
p002843,mthai.com,prebid.ad.smaato.net,request,2.6-202606,openrtb.field.moved,error,regs.ext.gdpr,Section 3.2.3
p002844,tennessean.com,prebid.ad.smaato.net,request,2.6-202606,openrtb.field.undefined,error,device.geo.state,3.2.19
p002844,tennessean.com,prebid.ad.smaato.net,request,2.6-202606,openrtb.field.deprecated,warning,imp[0].video.placement,Section 3.2.7
p002844,tennessean.com,prebid.ad.smaato.net,request,2.6-202606,openrtb.value.invalid,error,imp[0].video.skip,3.2.7
p002845,nationaltoday.com,prebid.dblks.net,request,2.6-202606,openrtb.field.undefined,error,device.buyerid,3.2.18
p002845,nationaltoday.com,prebid.dblks.net,request,2.6-202606,openrtb.field.undefined,error,imp[0].floor,3.2.4
p002845,nationaltoday.com,prebid.dblks.net,request,2.6-202606,openrtb.field.undefined,error,imp[0].ortb2,3.2.4
p002845,nationaltoday.com,prebid.dblks.net,request,2.6-202606,openrtb.field.undefined,error,imp[0].placement_id,3.2.4
p002845,nationaltoday.com,prebid.dblks.net,request,2.6-202606,openrtb.type.mismatch,error,imp[0].secure,3.2.4
p002845,nationaltoday.com,prebid.dblks.net,request,2.6-202606,openrtb.field.undefined,error,imp[1].floor,3.2.4
p002845,nationaltoday.com,prebid.dblks.net,request,2.6-202606,openrtb.field.undefined,error,imp[1].ortb2,3.2.4
p002845,nationaltoday.com,prebid.dblks.net,request,2.6-202606,openrtb.field.undefined,error,imp[1].placement_id,3.2.4
p002845,nationaltoday.com,prebid.dblks.net,request,2.6-202606,openrtb.type.mismatch,error,imp[1].secure,3.2.4
p002845,nationaltoday.com,prebid.dblks.net,request,2.6-202606,openrtb.field.undefined,error,imp[2].floor,3.2.4
p002845,nationaltoday.com,prebid.dblks.net,request,2.6-202606,openrtb.field.undefined,error,imp[2].ortb2,3.2.4
p002845,nationaltoday.com,prebid.dblks.net,request,2.6-202606,openrtb.field.undefined,error,imp[2].placement_id,3.2.4
p002845,nationaltoday.com,prebid.dblks.net,request,2.6-202606,openrtb.type.mismatch,error,imp[2].secure,3.2.4
p002845,nationaltoday.com,prebid.dblks.net,request,2.6-202606,openrtb.field.undefined,error,site.schain,3.2.13
p002846,nationaltoday.com,prebid.dblks.net,request,2.6-202606,openrtb.field.undefined,error,device.buyerid,3.2.18
p002846,nationaltoday.com,prebid.dblks.net,request,2.6-202606,openrtb.field.undefined,error,imp[0].floor,3.2.4
p002846,nationaltoday.com,prebid.dblks.net,request,2.6-202606,openrtb.field.undefined,error,imp[0].ortb2,3.2.4
p002846,nationaltoday.com,prebid.dblks.net,request,2.6-202606,openrtb.field.undefined,error,imp[0].placement_id,3.2.4
p002846,nationaltoday.com,prebid.dblks.net,request,2.6-202606,openrtb.type.mismatch,error,imp[0].secure,3.2.4
p002846,nationaltoday.com,prebid.dblks.net,request,2.6-202606,openrtb.field.undefined,error,site.schain,3.2.13
p002847,nationaltoday.com,prebid.dblks.net,request,2.6-202606,openrtb.field.undefined,error,device.buyerid,3.2.18
p002847,nationaltoday.com,prebid.dblks.net,request,2.6-202606,openrtb.field.undefined,error,imp[0].floor,3.2.4
p002847,nationaltoday.com,prebid.dblks.net,request,2.6-202606,openrtb.field.undefined,error,imp[0].ortb2,3.2.4
p002847,nationaltoday.com,prebid.dblks.net,request,2.6-202606,openrtb.field.undefined,error,imp[0].placement_id,3.2.4
p002847,nationaltoday.com,prebid.dblks.net,request,2.6-202606,openrtb.type.mismatch,error,imp[0].secure,3.2.4
p002847,nationaltoday.com,prebid.dblks.net,request,2.6-202606,openrtb.field.undefined,error,imp[1].floor,3.2.4
p002847,nationaltoday.com,prebid.dblks.net,request,2.6-202606,openrtb.field.undefined,error,imp[1].ortb2,3.2.4
p002847,nationaltoday.com,prebid.dblks.net,request,2.6-202606,openrtb.field.undefined,error,imp[1].placement_id,3.2.4
p002847,nationaltoday.com,prebid.dblks.net,request,2.6-202606,openrtb.type.mismatch,error,imp[1].secure,3.2.4
p002847,nationaltoday.com,prebid.dblks.net,request,2.6-202606,openrtb.field.undefined,error,imp[2].floor,3.2.4
p002847,nationaltoday.com,prebid.dblks.net,request,2.6-202606,openrtb.field.undefined,error,imp[2].ortb2,3.2.4
p002847,nationaltoday.com,prebid.dblks.net,request,2.6-202606,openrtb.field.undefined,error,imp[2].placement_id,3.2.4
p002847,nationaltoday.com,prebid.dblks.net,request,2.6-202606,openrtb.type.mismatch,error,imp[2].secure,3.2.4
p002847,nationaltoday.com,prebid.dblks.net,request,2.6-202606,openrtb.field.undefined,error,site.schain,3.2.13
p002848,nationaltoday.com,prebid.dblks.net,request,2.6-202606,openrtb.field.undefined,error,device.buyerid,3.2.18
p002848,nationaltoday.com,prebid.dblks.net,request,2.6-202606,openrtb.field.undefined,error,imp[0].floor,3.2.4
p002848,nationaltoday.com,prebid.dblks.net,request,2.6-202606,openrtb.field.undefined,error,imp[0].ortb2,3.2.4
p002848,nationaltoday.com,prebid.dblks.net,request,2.6-202606,openrtb.field.undefined,error,imp[0].placement_id,3.2.4
p002848,nationaltoday.com,prebid.dblks.net,request,2.6-202606,openrtb.type.mismatch,error,imp[0].secure,3.2.4
p002848,nationaltoday.com,prebid.dblks.net,request,2.6-202606,openrtb.field.undefined,error,site.schain,3.2.13
p002849,nationaltoday.com,prebid.dblks.net,response,2.6-202606,openrtb.response.seatbid_or_nbr.required,error,seatbid,4.2.1
p002850,nationaltoday.com,prebid.dblks.net,response,2.6-202606,openrtb.response.seatbid_or_nbr.required,error,seatbid,4.2.1
p002851,nationaltoday.com,prebid.dblks.net,response,2.6-202606,openrtb.response.seatbid_or_nbr.required,error,seatbid,4.2.1
p002852,nationaltoday.com,prebid.dblks.net,response,2.6-202606,openrtb.response.seatbid_or_nbr.required,error,seatbid,4.2.1
p002857,carsdirect.com,prebid.media.net,request,2.6-202606,openrtb.type.mismatch,error,id,3.2.1
p002857,carsdirect.com,prebid.media.net,request,2.6-202606,openrtb.field.undefined,error,imp[0].all,3.2.4
p002857,carsdirect.com,prebid.media.net,request,2.6-202606,openrtb.type.mismatch,error,imp[0].banner,3.2.4
p002857,carsdirect.com,prebid.media.net,request,2.6-202606,openrtb.field.undefined,error,imp[0].bidfloors,3.2.4
p002857,carsdirect.com,prebid.media.net,request,2.6-202606,openrtb.field.undefined,error,imp[0].ortb2Imp,3.2.4
p002857,carsdirect.com,prebid.media.net,request,2.6-202606,openrtb.field.undefined,error,imp[1].all,3.2.4
p002857,carsdirect.com,prebid.media.net,request,2.6-202606,openrtb.type.mismatch,error,imp[1].banner,3.2.4
p002857,carsdirect.com,prebid.media.net,request,2.6-202606,openrtb.field.undefined,error,imp[1].bidfloors,3.2.4
p002857,carsdirect.com,prebid.media.net,request,2.6-202606,openrtb.field.undefined,error,imp[1].ortb2Imp,3.2.4
p002857,carsdirect.com,prebid.media.net,request,2.6-202606,openrtb.field.undefined,error,ortb2,3.2.1
p002857,carsdirect.com,prebid.media.net,request,2.6-202606,openrtb.field.undefined,error,site.canonical_url,3.2.13
p002857,carsdirect.com,prebid.media.net,request,2.6-202606,openrtb.field.undefined,error,site.isTop,3.2.13
p002857,carsdirect.com,prebid.media.net,request,2.6-202606,openrtb.field.undefined,error,site.topMostLocation,3.2.13
p002858,carsdirect.com,prebid.media.net,request,2.6-202606,openrtb.type.mismatch,error,id,3.2.1
p002858,carsdirect.com,prebid.media.net,request,2.6-202606,openrtb.field.undefined,error,imp[0].all,3.2.4
p002858,carsdirect.com,prebid.media.net,request,2.6-202606,openrtb.type.mismatch,error,imp[0].banner,3.2.4
p002858,carsdirect.com,prebid.media.net,request,2.6-202606,openrtb.field.undefined,error,imp[0].bidfloors,3.2.4
p002858,carsdirect.com,prebid.media.net,request,2.6-202606,openrtb.field.undefined,error,imp[0].ortb2Imp,3.2.4
p002858,carsdirect.com,prebid.media.net,request,2.6-202606,openrtb.field.undefined,error,ortb2,3.2.1
p002858,carsdirect.com,prebid.media.net,request,2.6-202606,openrtb.field.undefined,error,site.canonical_url,3.2.13
p002858,carsdirect.com,prebid.media.net,request,2.6-202606,openrtb.field.undefined,error,site.isTop,3.2.13
p002858,carsdirect.com,prebid.media.net,request,2.6-202606,openrtb.field.undefined,error,site.topMostLocation,3.2.13
p002859,carsdirect.com,prebid.media.net,request,2.6-202606,openrtb.type.mismatch,error,id,3.2.1
p002859,carsdirect.com,prebid.media.net,request,2.6-202606,openrtb.field.undefined,error,imp[0].all,3.2.4
p002859,carsdirect.com,prebid.media.net,request,2.6-202606,openrtb.type.mismatch,error,imp[0].banner,3.2.4
p002859,carsdirect.com,prebid.media.net,request,2.6-202606,openrtb.field.undefined,error,imp[0].bidfloors,3.2.4
p002859,carsdirect.com,prebid.media.net,request,2.6-202606,openrtb.field.undefined,error,imp[0].ortb2Imp,3.2.4
p002859,carsdirect.com,prebid.media.net,request,2.6-202606,openrtb.field.undefined,error,ortb2,3.2.1
p002859,carsdirect.com,prebid.media.net,request,2.6-202606,openrtb.field.undefined,error,site.canonical_url,3.2.13
p002859,carsdirect.com,prebid.media.net,request,2.6-202606,openrtb.field.undefined,error,site.isTop,3.2.13
p002859,carsdirect.com,prebid.media.net,request,2.6-202606,openrtb.field.undefined,error,site.topMostLocation,3.2.13
p002860,chl.ca,prebid.media.net,request,2.6-202606,openrtb.field.undefined,error,imp[0].all,3.2.4
p002860,chl.ca,prebid.media.net,request,2.6-202606,openrtb.type.mismatch,error,imp[0].banner,3.2.4
p002860,chl.ca,prebid.media.net,request,2.6-202606,openrtb.field.undefined,error,imp[0].bidfloors,3.2.4
p002860,chl.ca,prebid.media.net,request,2.6-202606,openrtb.field.undefined,error,imp[0].ortb2Imp,3.2.4
p002860,chl.ca,prebid.media.net,request,2.6-202606,openrtb.field.undefined,error,imp[0].transactionId,3.2.4
p002860,chl.ca,prebid.media.net,request,2.6-202606,openrtb.field.undefined,error,imp[1].all,3.2.4
p002860,chl.ca,prebid.media.net,request,2.6-202606,openrtb.type.mismatch,error,imp[1].banner,3.2.4
p002860,chl.ca,prebid.media.net,request,2.6-202606,openrtb.field.undefined,error,imp[1].bidfloors,3.2.4
p002860,chl.ca,prebid.media.net,request,2.6-202606,openrtb.field.undefined,error,imp[1].ortb2Imp,3.2.4
p002860,chl.ca,prebid.media.net,request,2.6-202606,openrtb.field.undefined,error,imp[1].transactionId,3.2.4
p002860,chl.ca,prebid.media.net,request,2.6-202606,openrtb.field.undefined,error,imp[2].all,3.2.4
p002860,chl.ca,prebid.media.net,request,2.6-202606,openrtb.type.mismatch,error,imp[2].banner,3.2.4
p002860,chl.ca,prebid.media.net,request,2.6-202606,openrtb.field.undefined,error,imp[2].bidfloors,3.2.4
p002860,chl.ca,prebid.media.net,request,2.6-202606,openrtb.field.undefined,error,imp[2].ortb2Imp,3.2.4
p002860,chl.ca,prebid.media.net,request,2.6-202606,openrtb.field.undefined,error,imp[2].transactionId,3.2.4
p002860,chl.ca,prebid.media.net,request,2.6-202606,openrtb.field.undefined,error,imp[3].all,3.2.4
p002860,chl.ca,prebid.media.net,request,2.6-202606,openrtb.type.mismatch,error,imp[3].banner,3.2.4
p002860,chl.ca,prebid.media.net,request,2.6-202606,openrtb.field.undefined,error,imp[3].bidfloors,3.2.4
p002860,chl.ca,prebid.media.net,request,2.6-202606,openrtb.field.undefined,error,imp[3].ortb2Imp,3.2.4
p002860,chl.ca,prebid.media.net,request,2.6-202606,openrtb.field.undefined,error,imp[3].transactionId,3.2.4
p002860,chl.ca,prebid.media.net,request,2.6-202606,openrtb.field.undefined,error,ortb2,3.2.1
p002860,chl.ca,prebid.media.net,request,2.6-202606,openrtb.field.undefined,error,site.canonical_url,3.2.13
p002860,chl.ca,prebid.media.net,request,2.6-202606,openrtb.field.undefined,error,site.isTop,3.2.13
p002860,chl.ca,prebid.media.net,request,2.6-202606,openrtb.field.undefined,error,site.topMostLocation,3.2.13
p002861,chicagotribune.com,prebid.media.net,request,2.6-202606,openrtb.field.undefined,error,imp[0].all,3.2.4
p002861,chicagotribune.com,prebid.media.net,request,2.6-202606,openrtb.field.undefined,error,imp[0].bidfloors,3.2.4
p002861,chicagotribune.com,prebid.media.net,request,2.6-202606,openrtb.field.undefined,error,imp[0].ortb2Imp,3.2.4
p002861,chicagotribune.com,prebid.media.net,request,2.6-202606,openrtb.field.undefined,error,imp[0].transactionId,3.2.4
p002861,chicagotribune.com,prebid.media.net,request,2.6-202606,openrtb.field.undefined,error,imp[0].video.context,3.2.7
p002861,chicagotribune.com,prebid.media.net,request,2.6-202606,openrtb.field.deprecated,warning,imp[0].video.placement,Section 3.2.7
p002861,chicagotribune.com,prebid.media.net,request,2.6-202606,openrtb.field.undefined,error,imp[0].video.playerSize,3.2.7
p002861,chicagotribune.com,prebid.media.net,request,2.6-202606,openrtb.field.undefined,error,imp[1].all,3.2.4
p002861,chicagotribune.com,prebid.media.net,request,2.6-202606,openrtb.field.undefined,error,imp[1].bidfloors,3.2.4
p002861,chicagotribune.com,prebid.media.net,request,2.6-202606,openrtb.field.undefined,error,imp[1].ortb2Imp,3.2.4
p002861,chicagotribune.com,prebid.media.net,request,2.6-202606,openrtb.field.undefined,error,imp[1].transactionId,3.2.4
p002861,chicagotribune.com,prebid.media.net,request,2.6-202606,openrtb.field.undefined,error,imp[1].video.context,3.2.7
p002861,chicagotribune.com,prebid.media.net,request,2.6-202606,openrtb.field.deprecated,warning,imp[1].video.placement,Section 3.2.7
p002861,chicagotribune.com,prebid.media.net,request,2.6-202606,openrtb.field.undefined,error,imp[1].video.playerSize,3.2.7
p002861,chicagotribune.com,prebid.media.net,request,2.6-202606,openrtb.field.undefined,error,imp[2].all,3.2.4
p002861,chicagotribune.com,prebid.media.net,request,2.6-202606,openrtb.field.undefined,error,imp[2].bidfloors,3.2.4
p002861,chicagotribune.com,prebid.media.net,request,2.6-202606,openrtb.field.undefined,error,imp[2].ortb2Imp,3.2.4
p002861,chicagotribune.com,prebid.media.net,request,2.6-202606,openrtb.field.undefined,error,imp[2].transactionId,3.2.4
p002861,chicagotribune.com,prebid.media.net,request,2.6-202606,openrtb.field.undefined,error,imp[2].video.context,3.2.7
p002861,chicagotribune.com,prebid.media.net,request,2.6-202606,openrtb.field.deprecated,warning,imp[2].video.placement,Section 3.2.7
p002861,chicagotribune.com,prebid.media.net,request,2.6-202606,openrtb.field.undefined,error,imp[2].video.playerSize,3.2.7
p002861,chicagotribune.com,prebid.media.net,request,2.6-202606,openrtb.field.undefined,error,ortb2,3.2.1
p002861,chicagotribune.com,prebid.media.net,request,2.6-202606,openrtb.field.undefined,error,site.canonical_url,3.2.13
p002861,chicagotribune.com,prebid.media.net,request,2.6-202606,openrtb.field.undefined,error,site.isTop,3.2.13
p002861,chicagotribune.com,prebid.media.net,request,2.6-202606,openrtb.field.undefined,error,site.topMostLocation,3.2.13
p002862,chicagotribune.com,prebid.media.net,request,2.6-202606,openrtb.field.undefined,error,imp[0].all,3.2.4
p002862,chicagotribune.com,prebid.media.net,request,2.6-202606,openrtb.field.undefined,error,imp[0].bidfloors,3.2.4
p002862,chicagotribune.com,prebid.media.net,request,2.6-202606,openrtb.field.undefined,error,imp[0].ortb2Imp,3.2.4
p002862,chicagotribune.com,prebid.media.net,request,2.6-202606,openrtb.field.undefined,error,imp[0].transactionId,3.2.4
p002862,chicagotribune.com,prebid.media.net,request,2.6-202606,openrtb.field.undefined,error,imp[0].video.context,3.2.7
p002862,chicagotribune.com,prebid.media.net,request,2.6-202606,openrtb.field.deprecated,warning,imp[0].video.placement,Section 3.2.7
p002862,chicagotribune.com,prebid.media.net,request,2.6-202606,openrtb.field.undefined,error,imp[0].video.playerSize,3.2.7
p002862,chicagotribune.com,prebid.media.net,request,2.6-202606,openrtb.field.undefined,error,imp[1].all,3.2.4
p002862,chicagotribune.com,prebid.media.net,request,2.6-202606,openrtb.field.undefined,error,imp[1].bidfloors,3.2.4
p002862,chicagotribune.com,prebid.media.net,request,2.6-202606,openrtb.field.undefined,error,imp[1].ortb2Imp,3.2.4
p002862,chicagotribune.com,prebid.media.net,request,2.6-202606,openrtb.field.undefined,error,imp[1].transactionId,3.2.4
p002862,chicagotribune.com,prebid.media.net,request,2.6-202606,openrtb.field.undefined,error,imp[1].video.context,3.2.7
p002862,chicagotribune.com,prebid.media.net,request,2.6-202606,openrtb.field.deprecated,warning,imp[1].video.placement,Section 3.2.7
p002862,chicagotribune.com,prebid.media.net,request,2.6-202606,openrtb.field.undefined,error,imp[1].video.playerSize,3.2.7
p002862,chicagotribune.com,prebid.media.net,request,2.6-202606,openrtb.field.undefined,error,imp[2].all,3.2.4
p002862,chicagotribune.com,prebid.media.net,request,2.6-202606,openrtb.field.undefined,error,imp[2].bidfloors,3.2.4
p002862,chicagotribune.com,prebid.media.net,request,2.6-202606,openrtb.field.undefined,error,imp[2].ortb2Imp,3.2.4
p002862,chicagotribune.com,prebid.media.net,request,2.6-202606,openrtb.field.undefined,error,imp[2].transactionId,3.2.4
p002862,chicagotribune.com,prebid.media.net,request,2.6-202606,openrtb.field.undefined,error,imp[2].video.context,3.2.7
p002862,chicagotribune.com,prebid.media.net,request,2.6-202606,openrtb.field.deprecated,warning,imp[2].video.placement,Section 3.2.7
p002862,chicagotribune.com,prebid.media.net,request,2.6-202606,openrtb.field.undefined,error,imp[2].video.playerSize,3.2.7
p002862,chicagotribune.com,prebid.media.net,request,2.6-202606,openrtb.field.undefined,error,ortb2,3.2.1
p002862,chicagotribune.com,prebid.media.net,request,2.6-202606,openrtb.field.undefined,error,site.canonical_url,3.2.13
p002862,chicagotribune.com,prebid.media.net,request,2.6-202606,openrtb.field.undefined,error,site.isTop,3.2.13
p002862,chicagotribune.com,prebid.media.net,request,2.6-202606,openrtb.field.undefined,error,site.topMostLocation,3.2.13
p002863,carsdirect.com,prebid.media.net,request,2.6-202606,openrtb.type.mismatch,error,id,3.2.1
p002863,carsdirect.com,prebid.media.net,request,2.6-202606,openrtb.field.undefined,error,imp[0].all,3.2.4
p002863,carsdirect.com,prebid.media.net,request,2.6-202606,openrtb.type.mismatch,error,imp[0].banner,3.2.4
p002863,carsdirect.com,prebid.media.net,request,2.6-202606,openrtb.field.undefined,error,imp[0].bidfloors,3.2.4
p002863,carsdirect.com,prebid.media.net,request,2.6-202606,openrtb.field.undefined,error,imp[0].ortb2Imp,3.2.4
p002863,carsdirect.com,prebid.media.net,request,2.6-202606,openrtb.field.undefined,error,imp[1].all,3.2.4
p002863,carsdirect.com,prebid.media.net,request,2.6-202606,openrtb.type.mismatch,error,imp[1].banner,3.2.4
p002863,carsdirect.com,prebid.media.net,request,2.6-202606,openrtb.field.undefined,error,imp[1].bidfloors,3.2.4
p002863,carsdirect.com,prebid.media.net,request,2.6-202606,openrtb.field.undefined,error,imp[1].ortb2Imp,3.2.4
p002863,carsdirect.com,prebid.media.net,request,2.6-202606,openrtb.field.undefined,error,imp[2].all,3.2.4
p002863,carsdirect.com,prebid.media.net,request,2.6-202606,openrtb.type.mismatch,error,imp[2].banner,3.2.4
p002863,carsdirect.com,prebid.media.net,request,2.6-202606,openrtb.field.undefined,error,imp[2].bidfloors,3.2.4
p002863,carsdirect.com,prebid.media.net,request,2.6-202606,openrtb.field.undefined,error,imp[2].ortb2Imp,3.2.4
p002863,carsdirect.com,prebid.media.net,request,2.6-202606,openrtb.field.undefined,error,ortb2,3.2.1
p002863,carsdirect.com,prebid.media.net,request,2.6-202606,openrtb.field.undefined,error,site.canonical_url,3.2.13
p002863,carsdirect.com,prebid.media.net,request,2.6-202606,openrtb.field.undefined,error,site.isTop,3.2.13
p002863,carsdirect.com,prebid.media.net,request,2.6-202606,openrtb.field.undefined,error,site.topMostLocation,3.2.13
p002864,carsdirect.com,prebid.media.net,request,2.6-202606,openrtb.type.mismatch,error,id,3.2.1
p002864,carsdirect.com,prebid.media.net,request,2.6-202606,openrtb.field.undefined,error,imp[0].all,3.2.4
p002864,carsdirect.com,prebid.media.net,request,2.6-202606,openrtb.type.mismatch,error,imp[0].banner,3.2.4
p002864,carsdirect.com,prebid.media.net,request,2.6-202606,openrtb.field.undefined,error,imp[0].ortb2Imp,3.2.4
p002864,carsdirect.com,prebid.media.net,request,2.6-202606,openrtb.field.undefined,error,ortb2,3.2.1
p002864,carsdirect.com,prebid.media.net,request,2.6-202606,openrtb.field.undefined,error,site.canonical_url,3.2.13
p002864,carsdirect.com,prebid.media.net,request,2.6-202606,openrtb.field.undefined,error,site.isTop,3.2.13
p002864,carsdirect.com,prebid.media.net,request,2.6-202606,openrtb.field.undefined,error,site.topMostLocation,3.2.13
p002865,carsdirect.com,prebid.media.net,request,2.6-202606,openrtb.type.mismatch,error,id,3.2.1
p002865,carsdirect.com,prebid.media.net,request,2.6-202606,openrtb.field.undefined,error,imp[0].all,3.2.4
p002865,carsdirect.com,prebid.media.net,request,2.6-202606,openrtb.type.mismatch,error,imp[0].banner,3.2.4
p002865,carsdirect.com,prebid.media.net,request,2.6-202606,openrtb.field.undefined,error,imp[0].bidfloors,3.2.4
p002865,carsdirect.com,prebid.media.net,request,2.6-202606,openrtb.field.undefined,error,imp[0].ortb2Imp,3.2.4
p002865,carsdirect.com,prebid.media.net,request,2.6-202606,openrtb.field.undefined,error,ortb2,3.2.1
p002865,carsdirect.com,prebid.media.net,request,2.6-202606,openrtb.field.undefined,error,site.canonical_url,3.2.13
p002865,carsdirect.com,prebid.media.net,request,2.6-202606,openrtb.field.undefined,error,site.isTop,3.2.13
p002865,carsdirect.com,prebid.media.net,request,2.6-202606,openrtb.field.undefined,error,site.topMostLocation,3.2.13
p002866,carsdirect.com,prebid.media.net,request,2.6-202606,openrtb.type.mismatch,error,id,3.2.1
p002866,carsdirect.com,prebid.media.net,request,2.6-202606,openrtb.field.undefined,error,imp[0].all,3.2.4
p002866,carsdirect.com,prebid.media.net,request,2.6-202606,openrtb.type.mismatch,error,imp[0].banner,3.2.4
p002866,carsdirect.com,prebid.media.net,request,2.6-202606,openrtb.field.undefined,error,imp[0].bidfloors,3.2.4
p002866,carsdirect.com,prebid.media.net,request,2.6-202606,openrtb.field.undefined,error,imp[0].ortb2Imp,3.2.4
p002866,carsdirect.com,prebid.media.net,request,2.6-202606,openrtb.field.undefined,error,ortb2,3.2.1
p002866,carsdirect.com,prebid.media.net,request,2.6-202606,openrtb.field.undefined,error,site.canonical_url,3.2.13
p002866,carsdirect.com,prebid.media.net,request,2.6-202606,openrtb.field.undefined,error,site.isTop,3.2.13
p002866,carsdirect.com,prebid.media.net,request,2.6-202606,openrtb.field.undefined,error,site.topMostLocation,3.2.13
p002867,carsdirect.com,prebid.media.net,request,2.6-202606,openrtb.type.mismatch,error,id,3.2.1
p002867,carsdirect.com,prebid.media.net,request,2.6-202606,openrtb.field.undefined,error,imp[0].all,3.2.4
p002867,carsdirect.com,prebid.media.net,request,2.6-202606,openrtb.type.mismatch,error,imp[0].banner,3.2.4
p002867,carsdirect.com,prebid.media.net,request,2.6-202606,openrtb.field.undefined,error,imp[0].bidfloors,3.2.4
p002867,carsdirect.com,prebid.media.net,request,2.6-202606,openrtb.field.undefined,error,imp[0].ortb2Imp,3.2.4
p002867,carsdirect.com,prebid.media.net,request,2.6-202606,openrtb.field.undefined,error,ortb2,3.2.1
p002867,carsdirect.com,prebid.media.net,request,2.6-202606,openrtb.field.undefined,error,site.canonical_url,3.2.13
p002867,carsdirect.com,prebid.media.net,request,2.6-202606,openrtb.field.undefined,error,site.isTop,3.2.13
p002867,carsdirect.com,prebid.media.net,request,2.6-202606,openrtb.field.undefined,error,site.topMostLocation,3.2.13
p002868,chl.ca,prebid.media.net,request,2.6-202606,openrtb.field.undefined,error,imp[0].all,3.2.4
p002868,chl.ca,prebid.media.net,request,2.6-202606,openrtb.type.mismatch,error,imp[0].banner,3.2.4
p002868,chl.ca,prebid.media.net,request,2.6-202606,openrtb.field.undefined,error,imp[0].bidfloors,3.2.4
p002868,chl.ca,prebid.media.net,request,2.6-202606,openrtb.field.undefined,error,imp[0].ortb2Imp,3.2.4
p002868,chl.ca,prebid.media.net,request,2.6-202606,openrtb.field.undefined,error,imp[0].transactionId,3.2.4
p002868,chl.ca,prebid.media.net,request,2.6-202606,openrtb.field.undefined,error,imp[1].all,3.2.4
p002868,chl.ca,prebid.media.net,request,2.6-202606,openrtb.type.mismatch,error,imp[1].banner,3.2.4
p002868,chl.ca,prebid.media.net,request,2.6-202606,openrtb.field.undefined,error,imp[1].bidfloors,3.2.4
p002868,chl.ca,prebid.media.net,request,2.6-202606,openrtb.field.undefined,error,imp[1].ortb2Imp,3.2.4
p002868,chl.ca,prebid.media.net,request,2.6-202606,openrtb.field.undefined,error,imp[1].transactionId,3.2.4
p002868,chl.ca,prebid.media.net,request,2.6-202606,openrtb.field.undefined,error,imp[2].all,3.2.4
p002868,chl.ca,prebid.media.net,request,2.6-202606,openrtb.type.mismatch,error,imp[2].banner,3.2.4
p002868,chl.ca,prebid.media.net,request,2.6-202606,openrtb.field.undefined,error,imp[2].bidfloors,3.2.4
p002868,chl.ca,prebid.media.net,request,2.6-202606,openrtb.field.undefined,error,imp[2].ortb2Imp,3.2.4
p002868,chl.ca,prebid.media.net,request,2.6-202606,openrtb.field.undefined,error,imp[2].transactionId,3.2.4
p002868,chl.ca,prebid.media.net,request,2.6-202606,openrtb.field.undefined,error,imp[3].all,3.2.4
p002868,chl.ca,prebid.media.net,request,2.6-202606,openrtb.type.mismatch,error,imp[3].banner,3.2.4
p002868,chl.ca,prebid.media.net,request,2.6-202606,openrtb.field.undefined,error,imp[3].bidfloors,3.2.4
p002868,chl.ca,prebid.media.net,request,2.6-202606,openrtb.field.undefined,error,imp[3].ortb2Imp,3.2.4
p002868,chl.ca,prebid.media.net,request,2.6-202606,openrtb.field.undefined,error,imp[3].transactionId,3.2.4
p002868,chl.ca,prebid.media.net,request,2.6-202606,openrtb.field.undefined,error,imp[4].all,3.2.4
p002868,chl.ca,prebid.media.net,request,2.6-202606,openrtb.type.mismatch,error,imp[4].banner,3.2.4
p002868,chl.ca,prebid.media.net,request,2.6-202606,openrtb.field.undefined,error,imp[4].bidfloors,3.2.4
p002868,chl.ca,prebid.media.net,request,2.6-202606,openrtb.field.undefined,error,imp[4].ortb2Imp,3.2.4
p002868,chl.ca,prebid.media.net,request,2.6-202606,openrtb.field.undefined,error,imp[4].transactionId,3.2.4
p002868,chl.ca,prebid.media.net,request,2.6-202606,openrtb.field.undefined,error,ortb2,3.2.1
p002868,chl.ca,prebid.media.net,request,2.6-202606,openrtb.field.undefined,error,site.canonical_url,3.2.13
p002868,chl.ca,prebid.media.net,request,2.6-202606,openrtb.field.undefined,error,site.isTop,3.2.13
p002868,chl.ca,prebid.media.net,request,2.6-202606,openrtb.field.undefined,error,site.topMostLocation,3.2.13
p002869,chicagotribune.com,prebid.media.net,request,2.6-202606,openrtb.field.undefined,error,imp[0].all,3.2.4
p002869,chicagotribune.com,prebid.media.net,request,2.6-202606,openrtb.field.undefined,error,imp[0].bidfloors,3.2.4
p002869,chicagotribune.com,prebid.media.net,request,2.6-202606,openrtb.field.undefined,error,imp[0].ortb2Imp,3.2.4
p002869,chicagotribune.com,prebid.media.net,request,2.6-202606,openrtb.field.undefined,error,imp[0].transactionId,3.2.4
p002869,chicagotribune.com,prebid.media.net,request,2.6-202606,openrtb.field.undefined,error,imp[0].video.context,3.2.7
p002869,chicagotribune.com,prebid.media.net,request,2.6-202606,openrtb.field.deprecated,warning,imp[0].video.placement,Section 3.2.7
p002869,chicagotribune.com,prebid.media.net,request,2.6-202606,openrtb.field.undefined,error,imp[0].video.playerSize,3.2.7
p002869,chicagotribune.com,prebid.media.net,request,2.6-202606,openrtb.field.undefined,error,imp[1].all,3.2.4
p002869,chicagotribune.com,prebid.media.net,request,2.6-202606,openrtb.field.undefined,error,imp[1].bidfloors,3.2.4
p002869,chicagotribune.com,prebid.media.net,request,2.6-202606,openrtb.field.undefined,error,imp[1].ortb2Imp,3.2.4
p002869,chicagotribune.com,prebid.media.net,request,2.6-202606,openrtb.field.undefined,error,imp[1].transactionId,3.2.4
p002869,chicagotribune.com,prebid.media.net,request,2.6-202606,openrtb.field.undefined,error,imp[1].video.context,3.2.7
p002869,chicagotribune.com,prebid.media.net,request,2.6-202606,openrtb.field.deprecated,warning,imp[1].video.placement,Section 3.2.7
p002869,chicagotribune.com,prebid.media.net,request,2.6-202606,openrtb.field.undefined,error,imp[1].video.playerSize,3.2.7
p002869,chicagotribune.com,prebid.media.net,request,2.6-202606,openrtb.field.undefined,error,imp[2].all,3.2.4
p002869,chicagotribune.com,prebid.media.net,request,2.6-202606,openrtb.field.undefined,error,imp[2].bidfloors,3.2.4
p002869,chicagotribune.com,prebid.media.net,request,2.6-202606,openrtb.field.undefined,error,imp[2].ortb2Imp,3.2.4
p002869,chicagotribune.com,prebid.media.net,request,2.6-202606,openrtb.field.undefined,error,imp[2].transactionId,3.2.4
p002869,chicagotribune.com,prebid.media.net,request,2.6-202606,openrtb.field.undefined,error,imp[2].video.context,3.2.7
p002869,chicagotribune.com,prebid.media.net,request,2.6-202606,openrtb.field.deprecated,warning,imp[2].video.placement,Section 3.2.7
p002869,chicagotribune.com,prebid.media.net,request,2.6-202606,openrtb.field.undefined,error,imp[2].video.playerSize,3.2.7
p002869,chicagotribune.com,prebid.media.net,request,2.6-202606,openrtb.field.undefined,error,ortb2,3.2.1
p002869,chicagotribune.com,prebid.media.net,request,2.6-202606,openrtb.field.undefined,error,site.canonical_url,3.2.13
p002869,chicagotribune.com,prebid.media.net,request,2.6-202606,openrtb.field.undefined,error,site.isTop,3.2.13
p002869,chicagotribune.com,prebid.media.net,request,2.6-202606,openrtb.field.undefined,error,site.topMostLocation,3.2.13
p002870,chicagotribune.com,prebid.media.net,request,2.6-202606,openrtb.field.undefined,error,imp[0].all,3.2.4
p002870,chicagotribune.com,prebid.media.net,request,2.6-202606,openrtb.field.undefined,error,imp[0].bidfloors,3.2.4
p002870,chicagotribune.com,prebid.media.net,request,2.6-202606,openrtb.field.undefined,error,imp[0].ortb2Imp,3.2.4
p002870,chicagotribune.com,prebid.media.net,request,2.6-202606,openrtb.field.undefined,error,imp[0].transactionId,3.2.4
p002870,chicagotribune.com,prebid.media.net,request,2.6-202606,openrtb.field.undefined,error,imp[0].video.context,3.2.7
p002870,chicagotribune.com,prebid.media.net,request,2.6-202606,openrtb.field.deprecated,warning,imp[0].video.placement,Section 3.2.7
p002870,chicagotribune.com,prebid.media.net,request,2.6-202606,openrtb.field.undefined,error,imp[0].video.playerSize,3.2.7
p002870,chicagotribune.com,prebid.media.net,request,2.6-202606,openrtb.field.undefined,error,imp[1].all,3.2.4
p002870,chicagotribune.com,prebid.media.net,request,2.6-202606,openrtb.field.undefined,error,imp[1].bidfloors,3.2.4
p002870,chicagotribune.com,prebid.media.net,request,2.6-202606,openrtb.field.undefined,error,imp[1].ortb2Imp,3.2.4
p002870,chicagotribune.com,prebid.media.net,request,2.6-202606,openrtb.field.undefined,error,imp[1].transactionId,3.2.4
p002870,chicagotribune.com,prebid.media.net,request,2.6-202606,openrtb.field.undefined,error,imp[1].video.context,3.2.7
p002870,chicagotribune.com,prebid.media.net,request,2.6-202606,openrtb.field.deprecated,warning,imp[1].video.placement,Section 3.2.7
p002870,chicagotribune.com,prebid.media.net,request,2.6-202606,openrtb.field.undefined,error,imp[1].video.playerSize,3.2.7
p002870,chicagotribune.com,prebid.media.net,request,2.6-202606,openrtb.field.undefined,error,imp[2].all,3.2.4
p002870,chicagotribune.com,prebid.media.net,request,2.6-202606,openrtb.field.undefined,error,imp[2].bidfloors,3.2.4
p002870,chicagotribune.com,prebid.media.net,request,2.6-202606,openrtb.field.undefined,error,imp[2].ortb2Imp,3.2.4
p002870,chicagotribune.com,prebid.media.net,request,2.6-202606,openrtb.field.undefined,error,imp[2].transactionId,3.2.4
p002870,chicagotribune.com,prebid.media.net,request,2.6-202606,openrtb.field.undefined,error,imp[2].video.context,3.2.7
p002870,chicagotribune.com,prebid.media.net,request,2.6-202606,openrtb.field.deprecated,warning,imp[2].video.placement,Section 3.2.7
p002870,chicagotribune.com,prebid.media.net,request,2.6-202606,openrtb.field.undefined,error,imp[2].video.playerSize,3.2.7
p002870,chicagotribune.com,prebid.media.net,request,2.6-202606,openrtb.field.undefined,error,ortb2,3.2.1
p002870,chicagotribune.com,prebid.media.net,request,2.6-202606,openrtb.field.undefined,error,site.canonical_url,3.2.13
p002870,chicagotribune.com,prebid.media.net,request,2.6-202606,openrtb.field.undefined,error,site.isTop,3.2.13
p002870,chicagotribune.com,prebid.media.net,request,2.6-202606,openrtb.field.undefined,error,site.topMostLocation,3.2.13
p002871,cityam.com,prebid.media.net,request,2.6-202606,openrtb.field.undefined,error,imp[0].all,3.2.4
p002871,cityam.com,prebid.media.net,request,2.6-202606,openrtb.type.mismatch,error,imp[0].banner,3.2.4
p002871,cityam.com,prebid.media.net,request,2.6-202606,openrtb.field.undefined,error,imp[0].ortb2Imp,3.2.4
p002871,cityam.com,prebid.media.net,request,2.6-202606,openrtb.field.undefined,error,imp[0].transactionId,3.2.4
p002871,cityam.com,prebid.media.net,request,2.6-202606,openrtb.field.undefined,error,imp[1].all,3.2.4
p002871,cityam.com,prebid.media.net,request,2.6-202606,openrtb.type.mismatch,error,imp[1].banner,3.2.4
p002871,cityam.com,prebid.media.net,request,2.6-202606,openrtb.field.undefined,error,imp[1].ortb2Imp,3.2.4
p002871,cityam.com,prebid.media.net,request,2.6-202606,openrtb.field.undefined,error,imp[1].transactionId,3.2.4
p002871,cityam.com,prebid.media.net,request,2.6-202606,openrtb.field.undefined,error,imp[2].all,3.2.4
p002871,cityam.com,prebid.media.net,request,2.6-202606,openrtb.type.mismatch,error,imp[2].banner,3.2.4
p002871,cityam.com,prebid.media.net,request,2.6-202606,openrtb.field.undefined,error,imp[2].ortb2Imp,3.2.4
p002871,cityam.com,prebid.media.net,request,2.6-202606,openrtb.field.undefined,error,imp[2].transactionId,3.2.4
p002871,cityam.com,prebid.media.net,request,2.6-202606,openrtb.field.undefined,error,imp[3].all,3.2.4
p002871,cityam.com,prebid.media.net,request,2.6-202606,openrtb.type.mismatch,error,imp[3].banner,3.2.4
p002871,cityam.com,prebid.media.net,request,2.6-202606,openrtb.field.undefined,error,imp[3].ortb2Imp,3.2.4
p002871,cityam.com,prebid.media.net,request,2.6-202606,openrtb.field.undefined,error,imp[3].transactionId,3.2.4
p002871,cityam.com,prebid.media.net,request,2.6-202606,openrtb.field.undefined,error,imp[4].all,3.2.4
p002871,cityam.com,prebid.media.net,request,2.6-202606,openrtb.type.mismatch,error,imp[4].banner,3.2.4
p002871,cityam.com,prebid.media.net,request,2.6-202606,openrtb.field.undefined,error,imp[4].ortb2Imp,3.2.4
p002871,cityam.com,prebid.media.net,request,2.6-202606,openrtb.field.undefined,error,imp[4].transactionId,3.2.4
p002871,cityam.com,prebid.media.net,request,2.6-202606,openrtb.field.undefined,error,imp[5].all,3.2.4
p002871,cityam.com,prebid.media.net,request,2.6-202606,openrtb.type.mismatch,error,imp[5].banner,3.2.4
p002871,cityam.com,prebid.media.net,request,2.6-202606,openrtb.field.undefined,error,imp[5].ortb2Imp,3.2.4
p002871,cityam.com,prebid.media.net,request,2.6-202606,openrtb.field.undefined,error,imp[5].transactionId,3.2.4
p002871,cityam.com,prebid.media.net,request,2.6-202606,openrtb.field.undefined,error,imp[6].all,3.2.4
p002871,cityam.com,prebid.media.net,request,2.6-202606,openrtb.type.mismatch,error,imp[6].banner,3.2.4
p002871,cityam.com,prebid.media.net,request,2.6-202606,openrtb.field.undefined,error,imp[6].ortb2Imp,3.2.4
p002871,cityam.com,prebid.media.net,request,2.6-202606,openrtb.field.undefined,error,imp[6].transactionId,3.2.4
p002871,cityam.com,prebid.media.net,request,2.6-202606,openrtb.field.undefined,error,ortb2,3.2.1
p002871,cityam.com,prebid.media.net,request,2.6-202606,openrtb.field.undefined,error,site.canonical_url,3.2.13
p002871,cityam.com,prebid.media.net,request,2.6-202606,openrtb.field.undefined,error,site.isTop,3.2.13
p002871,cityam.com,prebid.media.net,request,2.6-202606,openrtb.field.undefined,error,site.topMostLocation,3.2.13
p002872,cityam.com,prebid.media.net,request,2.6-202606,openrtb.field.undefined,error,imp[0].all,3.2.4
p002872,cityam.com,prebid.media.net,request,2.6-202606,openrtb.type.mismatch,error,imp[0].banner,3.2.4
p002872,cityam.com,prebid.media.net,request,2.6-202606,openrtb.field.undefined,error,imp[0].ortb2Imp,3.2.4
p002872,cityam.com,prebid.media.net,request,2.6-202606,openrtb.field.undefined,error,imp[0].transactionId,3.2.4
p002872,cityam.com,prebid.media.net,request,2.6-202606,openrtb.field.undefined,error,imp[1].all,3.2.4
p002872,cityam.com,prebid.media.net,request,2.6-202606,openrtb.type.mismatch,error,imp[1].banner,3.2.4
p002872,cityam.com,prebid.media.net,request,2.6-202606,openrtb.field.undefined,error,imp[1].ortb2Imp,3.2.4
p002872,cityam.com,prebid.media.net,request,2.6-202606,openrtb.field.undefined,error,imp[1].transactionId,3.2.4
p002872,cityam.com,prebid.media.net,request,2.6-202606,openrtb.field.undefined,error,imp[2].all,3.2.4
p002872,cityam.com,prebid.media.net,request,2.6-202606,openrtb.type.mismatch,error,imp[2].banner,3.2.4
p002872,cityam.com,prebid.media.net,request,2.6-202606,openrtb.field.undefined,error,imp[2].ortb2Imp,3.2.4
p002872,cityam.com,prebid.media.net,request,2.6-202606,openrtb.field.undefined,error,imp[2].transactionId,3.2.4
p002872,cityam.com,prebid.media.net,request,2.6-202606,openrtb.field.undefined,error,imp[3].all,3.2.4
p002872,cityam.com,prebid.media.net,request,2.6-202606,openrtb.type.mismatch,error,imp[3].banner,3.2.4
p002872,cityam.com,prebid.media.net,request,2.6-202606,openrtb.field.undefined,error,imp[3].ortb2Imp,3.2.4
p002872,cityam.com,prebid.media.net,request,2.6-202606,openrtb.field.undefined,error,imp[3].transactionId,3.2.4
p002872,cityam.com,prebid.media.net,request,2.6-202606,openrtb.field.undefined,error,imp[4].all,3.2.4
p002872,cityam.com,prebid.media.net,request,2.6-202606,openrtb.type.mismatch,error,imp[4].banner,3.2.4
p002872,cityam.com,prebid.media.net,request,2.6-202606,openrtb.field.undefined,error,imp[4].ortb2Imp,3.2.4
p002872,cityam.com,prebid.media.net,request,2.6-202606,openrtb.field.undefined,error,imp[4].transactionId,3.2.4
p002872,cityam.com,prebid.media.net,request,2.6-202606,openrtb.field.undefined,error,imp[5].all,3.2.4
p002872,cityam.com,prebid.media.net,request,2.6-202606,openrtb.type.mismatch,error,imp[5].banner,3.2.4
p002872,cityam.com,prebid.media.net,request,2.6-202606,openrtb.field.undefined,error,imp[5].ortb2Imp,3.2.4
p002872,cityam.com,prebid.media.net,request,2.6-202606,openrtb.field.undefined,error,imp[5].transactionId,3.2.4
p002872,cityam.com,prebid.media.net,request,2.6-202606,openrtb.field.undefined,error,ortb2,3.2.1
p002872,cityam.com,prebid.media.net,request,2.6-202606,openrtb.field.undefined,error,site.canonical_url,3.2.13
p002872,cityam.com,prebid.media.net,request,2.6-202606,openrtb.field.undefined,error,site.isTop,3.2.13
p002872,cityam.com,prebid.media.net,request,2.6-202606,openrtb.field.undefined,error,site.topMostLocation,3.2.13
p002873,cycletrader.com,prebid.media.net,request,2.6-202606,openrtb.field.undefined,error,imp[0].all,3.2.4
p002873,cycletrader.com,prebid.media.net,request,2.6-202606,openrtb.type.mismatch,error,imp[0].banner,3.2.4
p002873,cycletrader.com,prebid.media.net,request,2.6-202606,openrtb.field.undefined,error,imp[0].ortb2Imp,3.2.4
p002873,cycletrader.com,prebid.media.net,request,2.6-202606,openrtb.field.undefined,error,imp[0].transactionId,3.2.4
p002873,cycletrader.com,prebid.media.net,request,2.6-202606,openrtb.field.undefined,error,imp[1].all,3.2.4
p002873,cycletrader.com,prebid.media.net,request,2.6-202606,openrtb.type.mismatch,error,imp[1].banner,3.2.4
p002873,cycletrader.com,prebid.media.net,request,2.6-202606,openrtb.field.undefined,error,imp[1].ortb2Imp,3.2.4
p002873,cycletrader.com,prebid.media.net,request,2.6-202606,openrtb.field.undefined,error,imp[1].transactionId,3.2.4
p002873,cycletrader.com,prebid.media.net,request,2.6-202606,openrtb.field.undefined,error,ortb2,3.2.1
p002873,cycletrader.com,prebid.media.net,request,2.6-202606,openrtb.field.undefined,error,site.canonical_url,3.2.13
p002873,cycletrader.com,prebid.media.net,request,2.6-202606,openrtb.field.undefined,error,site.isTop,3.2.13
p002873,cycletrader.com,prebid.media.net,request,2.6-202606,openrtb.field.undefined,error,site.topMostLocation,3.2.13
p002874,cycletrader.com,prebid.media.net,request,2.6-202606,openrtb.field.undefined,error,imp[0].all,3.2.4
p002874,cycletrader.com,prebid.media.net,request,2.6-202606,openrtb.type.mismatch,error,imp[0].banner,3.2.4
p002874,cycletrader.com,prebid.media.net,request,2.6-202606,openrtb.field.undefined,error,imp[0].ortb2Imp,3.2.4
p002874,cycletrader.com,prebid.media.net,request,2.6-202606,openrtb.field.undefined,error,imp[0].transactionId,3.2.4
p002874,cycletrader.com,prebid.media.net,request,2.6-202606,openrtb.field.undefined,error,ortb2,3.2.1
p002874,cycletrader.com,prebid.media.net,request,2.6-202606,openrtb.field.undefined,error,site.canonical_url,3.2.13
p002874,cycletrader.com,prebid.media.net,request,2.6-202606,openrtb.field.undefined,error,site.isTop,3.2.13
p002874,cycletrader.com,prebid.media.net,request,2.6-202606,openrtb.field.undefined,error,site.topMostLocation,3.2.13
p002875,cycletrader.com,prebid.media.net,request,2.6-202606,openrtb.field.undefined,error,imp[0].all,3.2.4
p002875,cycletrader.com,prebid.media.net,request,2.6-202606,openrtb.type.mismatch,error,imp[0].banner,3.2.4
p002875,cycletrader.com,prebid.media.net,request,2.6-202606,openrtb.field.undefined,error,imp[0].ortb2Imp,3.2.4
p002875,cycletrader.com,prebid.media.net,request,2.6-202606,openrtb.field.undefined,error,imp[0].transactionId,3.2.4
p002875,cycletrader.com,prebid.media.net,request,2.6-202606,openrtb.field.undefined,error,ortb2,3.2.1
p002875,cycletrader.com,prebid.media.net,request,2.6-202606,openrtb.field.undefined,error,site.canonical_url,3.2.13
p002875,cycletrader.com,prebid.media.net,request,2.6-202606,openrtb.field.undefined,error,site.isTop,3.2.13
p002875,cycletrader.com,prebid.media.net,request,2.6-202606,openrtb.field.undefined,error,site.topMostLocation,3.2.13
p002876,dailykos.com,prebid.media.net,request,2.6-202606,openrtb.field.undefined,error,imp[0].all,3.2.4
p002876,dailykos.com,prebid.media.net,request,2.6-202606,openrtb.type.mismatch,error,imp[0].banner,3.2.4
p002876,dailykos.com,prebid.media.net,request,2.6-202606,openrtb.field.undefined,error,imp[0].bidfloors,3.2.4
p002876,dailykos.com,prebid.media.net,request,2.6-202606,openrtb.field.undefined,error,imp[0].ortb2Imp,3.2.4
p002876,dailykos.com,prebid.media.net,request,2.6-202606,openrtb.field.undefined,error,imp[0].transactionId,3.2.4
p002876,dailykos.com,prebid.media.net,request,2.6-202606,openrtb.field.undefined,error,ortb2,3.2.1
p002876,dailykos.com,prebid.media.net,request,2.6-202606,openrtb.field.undefined,error,site.canonical_url,3.2.13
p002876,dailykos.com,prebid.media.net,request,2.6-202606,openrtb.field.undefined,error,site.isTop,3.2.13
p002876,dailykos.com,prebid.media.net,request,2.6-202606,openrtb.field.undefined,error,site.topMostLocation,3.2.13
p002877,cycletrader.com,prebid.media.net,request,2.6-202606,openrtb.field.undefined,error,imp[0].all,3.2.4
p002877,cycletrader.com,prebid.media.net,request,2.6-202606,openrtb.type.mismatch,error,imp[0].banner,3.2.4
p002877,cycletrader.com,prebid.media.net,request,2.6-202606,openrtb.field.undefined,error,imp[0].ortb2Imp,3.2.4
p002877,cycletrader.com,prebid.media.net,request,2.6-202606,openrtb.field.undefined,error,imp[0].transactionId,3.2.4
p002877,cycletrader.com,prebid.media.net,request,2.6-202606,openrtb.field.undefined,error,imp[1].all,3.2.4
p002877,cycletrader.com,prebid.media.net,request,2.6-202606,openrtb.type.mismatch,error,imp[1].banner,3.2.4
p002877,cycletrader.com,prebid.media.net,request,2.6-202606,openrtb.field.undefined,error,imp[1].ortb2Imp,3.2.4
p002877,cycletrader.com,prebid.media.net,request,2.6-202606,openrtb.field.undefined,error,imp[1].transactionId,3.2.4
p002877,cycletrader.com,prebid.media.net,request,2.6-202606,openrtb.field.undefined,error,ortb2,3.2.1
p002877,cycletrader.com,prebid.media.net,request,2.6-202606,openrtb.field.undefined,error,site.canonical_url,3.2.13
p002877,cycletrader.com,prebid.media.net,request,2.6-202606,openrtb.field.undefined,error,site.isTop,3.2.13
p002877,cycletrader.com,prebid.media.net,request,2.6-202606,openrtb.field.undefined,error,site.topMostLocation,3.2.13
p002878,cycletrader.com,prebid.media.net,request,2.6-202606,openrtb.field.undefined,error,imp[0].all,3.2.4
p002878,cycletrader.com,prebid.media.net,request,2.6-202606,openrtb.type.mismatch,error,imp[0].banner,3.2.4
p002878,cycletrader.com,prebid.media.net,request,2.6-202606,openrtb.field.undefined,error,imp[0].ortb2Imp,3.2.4
p002878,cycletrader.com,prebid.media.net,request,2.6-202606,openrtb.field.undefined,error,imp[0].transactionId,3.2.4
p002878,cycletrader.com,prebid.media.net,request,2.6-202606,openrtb.field.undefined,error,imp[1].all,3.2.4
p002878,cycletrader.com,prebid.media.net,request,2.6-202606,openrtb.type.mismatch,error,imp[1].banner,3.2.4
p002878,cycletrader.com,prebid.media.net,request,2.6-202606,openrtb.field.undefined,error,imp[1].ortb2Imp,3.2.4
p002878,cycletrader.com,prebid.media.net,request,2.6-202606,openrtb.field.undefined,error,imp[1].transactionId,3.2.4
p002878,cycletrader.com,prebid.media.net,request,2.6-202606,openrtb.field.undefined,error,imp[2].all,3.2.4
p002878,cycletrader.com,prebid.media.net,request,2.6-202606,openrtb.type.mismatch,error,imp[2].banner,3.2.4
p002878,cycletrader.com,prebid.media.net,request,2.6-202606,openrtb.field.undefined,error,imp[2].ortb2Imp,3.2.4
p002878,cycletrader.com,prebid.media.net,request,2.6-202606,openrtb.field.undefined,error,imp[2].transactionId,3.2.4
p002878,cycletrader.com,prebid.media.net,request,2.6-202606,openrtb.field.undefined,error,ortb2,3.2.1
p002878,cycletrader.com,prebid.media.net,request,2.6-202606,openrtb.field.undefined,error,site.canonical_url,3.2.13
p002878,cycletrader.com,prebid.media.net,request,2.6-202606,openrtb.field.undefined,error,site.isTop,3.2.13
p002878,cycletrader.com,prebid.media.net,request,2.6-202606,openrtb.field.undefined,error,site.topMostLocation,3.2.13
p002879,dailykos.com,prebid.media.net,request,2.6-202606,openrtb.field.undefined,error,imp[0].all,3.2.4
p002879,dailykos.com,prebid.media.net,request,2.6-202606,openrtb.type.mismatch,error,imp[0].banner,3.2.4
p002879,dailykos.com,prebid.media.net,request,2.6-202606,openrtb.field.undefined,error,imp[0].bidfloors,3.2.4
p002879,dailykos.com,prebid.media.net,request,2.6-202606,openrtb.field.undefined,error,imp[0].ortb2Imp,3.2.4
p002879,dailykos.com,prebid.media.net,request,2.6-202606,openrtb.field.undefined,error,imp[0].transactionId,3.2.4
p002879,dailykos.com,prebid.media.net,request,2.6-202606,openrtb.field.undefined,error,imp[1].all,3.2.4
p002879,dailykos.com,prebid.media.net,request,2.6-202606,openrtb.type.mismatch,error,imp[1].banner,3.2.4
p002879,dailykos.com,prebid.media.net,request,2.6-202606,openrtb.field.undefined,error,imp[1].bidfloors,3.2.4
p002879,dailykos.com,prebid.media.net,request,2.6-202606,openrtb.field.undefined,error,imp[1].ortb2Imp,3.2.4
p002879,dailykos.com,prebid.media.net,request,2.6-202606,openrtb.field.undefined,error,imp[1].transactionId,3.2.4
p002879,dailykos.com,prebid.media.net,request,2.6-202606,openrtb.field.undefined,error,imp[2].all,3.2.4
p002879,dailykos.com,prebid.media.net,request,2.6-202606,openrtb.type.mismatch,error,imp[2].banner,3.2.4
p002879,dailykos.com,prebid.media.net,request,2.6-202606,openrtb.field.undefined,error,imp[2].bidfloors,3.2.4
p002879,dailykos.com,prebid.media.net,request,2.6-202606,openrtb.field.undefined,error,imp[2].ortb2Imp,3.2.4
p002879,dailykos.com,prebid.media.net,request,2.6-202606,openrtb.field.undefined,error,imp[2].transactionId,3.2.4
p002879,dailykos.com,prebid.media.net,request,2.6-202606,openrtb.field.undefined,error,imp[3].all,3.2.4
p002879,dailykos.com,prebid.media.net,request,2.6-202606,openrtb.type.mismatch,error,imp[3].banner,3.2.4
p002879,dailykos.com,prebid.media.net,request,2.6-202606,openrtb.field.undefined,error,imp[3].bidfloors,3.2.4
p002879,dailykos.com,prebid.media.net,request,2.6-202606,openrtb.field.undefined,error,imp[3].ortb2Imp,3.2.4
p002879,dailykos.com,prebid.media.net,request,2.6-202606,openrtb.field.undefined,error,imp[3].transactionId,3.2.4
p002879,dailykos.com,prebid.media.net,request,2.6-202606,openrtb.field.undefined,error,ortb2,3.2.1
p002879,dailykos.com,prebid.media.net,request,2.6-202606,openrtb.field.undefined,error,site.canonical_url,3.2.13
p002879,dailykos.com,prebid.media.net,request,2.6-202606,openrtb.field.undefined,error,site.isTop,3.2.13
p002879,dailykos.com,prebid.media.net,request,2.6-202606,openrtb.field.undefined,error,site.topMostLocation,3.2.13
p002880,dailykos.com,prebid.media.net,request,2.6-202606,openrtb.field.undefined,error,imp[0].all,3.2.4
p002880,dailykos.com,prebid.media.net,request,2.6-202606,openrtb.type.mismatch,error,imp[0].banner,3.2.4
p002880,dailykos.com,prebid.media.net,request,2.6-202606,openrtb.field.undefined,error,imp[0].bidfloors,3.2.4
p002880,dailykos.com,prebid.media.net,request,2.6-202606,openrtb.field.undefined,error,imp[0].ortb2Imp,3.2.4
p002880,dailykos.com,prebid.media.net,request,2.6-202606,openrtb.field.undefined,error,imp[0].transactionId,3.2.4
p002880,dailykos.com,prebid.media.net,request,2.6-202606,openrtb.field.undefined,error,ortb2,3.2.1
p002880,dailykos.com,prebid.media.net,request,2.6-202606,openrtb.field.undefined,error,site.canonical_url,3.2.13
p002880,dailykos.com,prebid.media.net,request,2.6-202606,openrtb.field.undefined,error,site.isTop,3.2.13
p002880,dailykos.com,prebid.media.net,request,2.6-202606,openrtb.field.undefined,error,site.topMostLocation,3.2.13
p002881,dailykos.com,prebid.media.net,request,2.6-202606,openrtb.field.undefined,error,imp[0].all,3.2.4
p002881,dailykos.com,prebid.media.net,request,2.6-202606,openrtb.type.mismatch,error,imp[0].banner,3.2.4
p002881,dailykos.com,prebid.media.net,request,2.6-202606,openrtb.field.undefined,error,imp[0].bidfloors,3.2.4
p002881,dailykos.com,prebid.media.net,request,2.6-202606,openrtb.field.undefined,error,imp[0].ortb2Imp,3.2.4
p002881,dailykos.com,prebid.media.net,request,2.6-202606,openrtb.field.undefined,error,imp[0].transactionId,3.2.4
p002881,dailykos.com,prebid.media.net,request,2.6-202606,openrtb.field.undefined,error,imp[1].all,3.2.4
p002881,dailykos.com,prebid.media.net,request,2.6-202606,openrtb.type.mismatch,error,imp[1].banner,3.2.4
p002881,dailykos.com,prebid.media.net,request,2.6-202606,openrtb.field.undefined,error,imp[1].bidfloors,3.2.4
p002881,dailykos.com,prebid.media.net,request,2.6-202606,openrtb.field.undefined,error,imp[1].ortb2Imp,3.2.4
p002881,dailykos.com,prebid.media.net,request,2.6-202606,openrtb.field.undefined,error,imp[1].transactionId,3.2.4
p002881,dailykos.com,prebid.media.net,request,2.6-202606,openrtb.field.undefined,error,ortb2,3.2.1
p002881,dailykos.com,prebid.media.net,request,2.6-202606,openrtb.field.undefined,error,site.canonical_url,3.2.13
p002881,dailykos.com,prebid.media.net,request,2.6-202606,openrtb.field.undefined,error,site.isTop,3.2.13
p002881,dailykos.com,prebid.media.net,request,2.6-202606,openrtb.field.undefined,error,site.topMostLocation,3.2.13
p002882,dailykos.com,prebid.media.net,request,2.6-202606,openrtb.field.undefined,error,imp[0].all,3.2.4
p002882,dailykos.com,prebid.media.net,request,2.6-202606,openrtb.type.mismatch,error,imp[0].banner,3.2.4
p002882,dailykos.com,prebid.media.net,request,2.6-202606,openrtb.field.undefined,error,imp[0].bidfloors,3.2.4
p002882,dailykos.com,prebid.media.net,request,2.6-202606,openrtb.field.undefined,error,imp[0].ortb2Imp,3.2.4
p002882,dailykos.com,prebid.media.net,request,2.6-202606,openrtb.field.undefined,error,imp[0].transactionId,3.2.4
p002882,dailykos.com,prebid.media.net,request,2.6-202606,openrtb.field.undefined,error,imp[1].all,3.2.4
p002882,dailykos.com,prebid.media.net,request,2.6-202606,openrtb.type.mismatch,error,imp[1].banner,3.2.4
p002882,dailykos.com,prebid.media.net,request,2.6-202606,openrtb.field.undefined,error,imp[1].bidfloors,3.2.4
p002882,dailykos.com,prebid.media.net,request,2.6-202606,openrtb.field.undefined,error,imp[1].ortb2Imp,3.2.4
p002882,dailykos.com,prebid.media.net,request,2.6-202606,openrtb.field.undefined,error,imp[1].transactionId,3.2.4
p002882,dailykos.com,prebid.media.net,request,2.6-202606,openrtb.field.undefined,error,imp[2].all,3.2.4
p002882,dailykos.com,prebid.media.net,request,2.6-202606,openrtb.type.mismatch,error,imp[2].banner,3.2.4
p002882,dailykos.com,prebid.media.net,request,2.6-202606,openrtb.field.undefined,error,imp[2].bidfloors,3.2.4
p002882,dailykos.com,prebid.media.net,request,2.6-202606,openrtb.field.undefined,error,imp[2].ortb2Imp,3.2.4
p002882,dailykos.com,prebid.media.net,request,2.6-202606,openrtb.field.undefined,error,imp[2].transactionId,3.2.4
p002882,dailykos.com,prebid.media.net,request,2.6-202606,openrtb.field.undefined,error,imp[3].all,3.2.4
p002882,dailykos.com,prebid.media.net,request,2.6-202606,openrtb.type.mismatch,error,imp[3].banner,3.2.4
p002882,dailykos.com,prebid.media.net,request,2.6-202606,openrtb.field.undefined,error,imp[3].bidfloors,3.2.4
p002882,dailykos.com,prebid.media.net,request,2.6-202606,openrtb.field.undefined,error,imp[3].ortb2Imp,3.2.4
p002882,dailykos.com,prebid.media.net,request,2.6-202606,openrtb.field.undefined,error,imp[3].transactionId,3.2.4
p002882,dailykos.com,prebid.media.net,request,2.6-202606,openrtb.field.undefined,error,ortb2,3.2.1
p002882,dailykos.com,prebid.media.net,request,2.6-202606,openrtb.field.undefined,error,site.canonical_url,3.2.13
p002882,dailykos.com,prebid.media.net,request,2.6-202606,openrtb.field.undefined,error,site.isTop,3.2.13
p002882,dailykos.com,prebid.media.net,request,2.6-202606,openrtb.field.undefined,error,site.topMostLocation,3.2.13
p002883,dailykos.com,prebid.media.net,request,2.6-202606,openrtb.field.undefined,error,imp[0].all,3.2.4
p002883,dailykos.com,prebid.media.net,request,2.6-202606,openrtb.type.mismatch,error,imp[0].banner,3.2.4
p002883,dailykos.com,prebid.media.net,request,2.6-202606,openrtb.field.undefined,error,imp[0].bidfloors,3.2.4
p002883,dailykos.com,prebid.media.net,request,2.6-202606,openrtb.field.undefined,error,imp[0].ortb2Imp,3.2.4
p002883,dailykos.com,prebid.media.net,request,2.6-202606,openrtb.field.undefined,error,imp[0].transactionId,3.2.4
p002883,dailykos.com,prebid.media.net,request,2.6-202606,openrtb.field.undefined,error,ortb2,3.2.1
p002883,dailykos.com,prebid.media.net,request,2.6-202606,openrtb.field.undefined,error,site.canonical_url,3.2.13
p002883,dailykos.com,prebid.media.net,request,2.6-202606,openrtb.field.undefined,error,site.isTop,3.2.13
p002883,dailykos.com,prebid.media.net,request,2.6-202606,openrtb.field.undefined,error,site.topMostLocation,3.2.13
p002884,dailykos.com,prebid.media.net,request,2.6-202606,openrtb.field.undefined,error,imp[0].all,3.2.4
p002884,dailykos.com,prebid.media.net,request,2.6-202606,openrtb.type.mismatch,error,imp[0].banner,3.2.4
p002884,dailykos.com,prebid.media.net,request,2.6-202606,openrtb.field.undefined,error,imp[0].bidfloors,3.2.4
p002884,dailykos.com,prebid.media.net,request,2.6-202606,openrtb.field.undefined,error,imp[0].ortb2Imp,3.2.4
p002884,dailykos.com,prebid.media.net,request,2.6-202606,openrtb.field.undefined,error,imp[0].transactionId,3.2.4
p002884,dailykos.com,prebid.media.net,request,2.6-202606,openrtb.field.undefined,error,ortb2,3.2.1
p002884,dailykos.com,prebid.media.net,request,2.6-202606,openrtb.field.undefined,error,site.canonical_url,3.2.13
p002884,dailykos.com,prebid.media.net,request,2.6-202606,openrtb.field.undefined,error,site.isTop,3.2.13
p002884,dailykos.com,prebid.media.net,request,2.6-202606,openrtb.field.undefined,error,site.topMostLocation,3.2.13
p002885,elespectador.com,prebid.media.net,request,2.6-202606,openrtb.field.undefined,error,imp[0].all,3.2.4
p002885,elespectador.com,prebid.media.net,request,2.6-202606,openrtb.type.mismatch,error,imp[0].banner,3.2.4
p002885,elespectador.com,prebid.media.net,request,2.6-202606,openrtb.field.undefined,error,imp[0].ortb2Imp,3.2.4
p002885,elespectador.com,prebid.media.net,request,2.6-202606,openrtb.field.undefined,error,imp[0].transactionId,3.2.4
p002885,elespectador.com,prebid.media.net,request,2.6-202606,openrtb.field.undefined,error,ortb2,3.2.1
p002885,elespectador.com,prebid.media.net,request,2.6-202606,openrtb.field.undefined,error,site.canonical_url,3.2.13
p002885,elespectador.com,prebid.media.net,request,2.6-202606,openrtb.field.undefined,error,site.isTop,3.2.13
p002885,elespectador.com,prebid.media.net,request,2.6-202606,openrtb.field.undefined,error,site.topMostLocation,3.2.13
p002886,elespectador.com,prebid.media.net,request,2.6-202606,openrtb.field.undefined,error,imp[0].all,3.2.4
p002886,elespectador.com,prebid.media.net,request,2.6-202606,openrtb.type.mismatch,error,imp[0].banner,3.2.4
p002886,elespectador.com,prebid.media.net,request,2.6-202606,openrtb.field.undefined,error,imp[0].ortb2Imp,3.2.4
p002886,elespectador.com,prebid.media.net,request,2.6-202606,openrtb.field.undefined,error,imp[0].transactionId,3.2.4
p002886,elespectador.com,prebid.media.net,request,2.6-202606,openrtb.field.undefined,error,ortb2,3.2.1
p002886,elespectador.com,prebid.media.net,request,2.6-202606,openrtb.field.undefined,error,site.canonical_url,3.2.13
p002886,elespectador.com,prebid.media.net,request,2.6-202606,openrtb.field.undefined,error,site.isTop,3.2.13
p002886,elespectador.com,prebid.media.net,request,2.6-202606,openrtb.field.undefined,error,site.topMostLocation,3.2.13
p002887,elespectador.com,prebid.media.net,request,2.6-202606,openrtb.field.undefined,error,imp[0].all,3.2.4
p002887,elespectador.com,prebid.media.net,request,2.6-202606,openrtb.type.mismatch,error,imp[0].banner,3.2.4
p002887,elespectador.com,prebid.media.net,request,2.6-202606,openrtb.field.undefined,error,imp[0].ortb2Imp,3.2.4
p002887,elespectador.com,prebid.media.net,request,2.6-202606,openrtb.field.undefined,error,imp[0].transactionId,3.2.4
p002887,elespectador.com,prebid.media.net,request,2.6-202606,openrtb.field.undefined,error,ortb2,3.2.1
p002887,elespectador.com,prebid.media.net,request,2.6-202606,openrtb.field.undefined,error,site.canonical_url,3.2.13
p002887,elespectador.com,prebid.media.net,request,2.6-202606,openrtb.field.undefined,error,site.isTop,3.2.13
p002887,elespectador.com,prebid.media.net,request,2.6-202606,openrtb.field.undefined,error,site.topMostLocation,3.2.13
p002888,elespectador.com,prebid.media.net,request,2.6-202606,openrtb.field.undefined,error,imp[0].all,3.2.4
p002888,elespectador.com,prebid.media.net,request,2.6-202606,openrtb.type.mismatch,error,imp[0].banner,3.2.4
p002888,elespectador.com,prebid.media.net,request,2.6-202606,openrtb.field.undefined,error,imp[0].ortb2Imp,3.2.4
p002888,elespectador.com,prebid.media.net,request,2.6-202606,openrtb.field.undefined,error,imp[0].transactionId,3.2.4
p002888,elespectador.com,prebid.media.net,request,2.6-202606,openrtb.field.undefined,error,ortb2,3.2.1
p002888,elespectador.com,prebid.media.net,request,2.6-202606,openrtb.field.undefined,error,site.canonical_url,3.2.13
p002888,elespectador.com,prebid.media.net,request,2.6-202606,openrtb.field.undefined,error,site.isTop,3.2.13
p002888,elespectador.com,prebid.media.net,request,2.6-202606,openrtb.field.undefined,error,site.topMostLocation,3.2.13
p002889,elespectador.com,prebid.media.net,request,2.6-202606,openrtb.field.undefined,error,imp[0].all,3.2.4
p002889,elespectador.com,prebid.media.net,request,2.6-202606,openrtb.type.mismatch,error,imp[0].banner,3.2.4
p002889,elespectador.com,prebid.media.net,request,2.6-202606,openrtb.field.undefined,error,imp[0].ortb2Imp,3.2.4
p002889,elespectador.com,prebid.media.net,request,2.6-202606,openrtb.field.undefined,error,imp[0].transactionId,3.2.4
p002889,elespectador.com,prebid.media.net,request,2.6-202606,openrtb.field.undefined,error,ortb2,3.2.1
p002889,elespectador.com,prebid.media.net,request,2.6-202606,openrtb.field.undefined,error,site.canonical_url,3.2.13
p002889,elespectador.com,prebid.media.net,request,2.6-202606,openrtb.field.undefined,error,site.isTop,3.2.13
p002889,elespectador.com,prebid.media.net,request,2.6-202606,openrtb.field.undefined,error,site.topMostLocation,3.2.13
p002890,elespectador.com,prebid.media.net,request,2.6-202606,openrtb.field.undefined,error,imp[0].all,3.2.4
p002890,elespectador.com,prebid.media.net,request,2.6-202606,openrtb.type.mismatch,error,imp[0].banner,3.2.4
p002890,elespectador.com,prebid.media.net,request,2.6-202606,openrtb.field.undefined,error,imp[0].ortb2Imp,3.2.4
p002890,elespectador.com,prebid.media.net,request,2.6-202606,openrtb.field.undefined,error,imp[0].transactionId,3.2.4
p002890,elespectador.com,prebid.media.net,request,2.6-202606,openrtb.field.undefined,error,ortb2,3.2.1
p002890,elespectador.com,prebid.media.net,request,2.6-202606,openrtb.field.undefined,error,site.canonical_url,3.2.13
p002890,elespectador.com,prebid.media.net,request,2.6-202606,openrtb.field.undefined,error,site.isTop,3.2.13
p002890,elespectador.com,prebid.media.net,request,2.6-202606,openrtb.field.undefined,error,site.topMostLocation,3.2.13
p002891,eonline.com,prebid.media.net,request,2.6-202606,openrtb.field.undefined,error,imp[0].all,3.2.4
p002891,eonline.com,prebid.media.net,request,2.6-202606,openrtb.field.undefined,error,imp[0].bidfloors,3.2.4
p002891,eonline.com,prebid.media.net,request,2.6-202606,openrtb.field.undefined,error,imp[0].ortb2Imp,3.2.4
p002891,eonline.com,prebid.media.net,request,2.6-202606,openrtb.field.undefined,error,imp[0].transactionId,3.2.4
p002891,eonline.com,prebid.media.net,request,2.6-202606,openrtb.field.undefined,error,imp[0].video.context,3.2.7
p002891,eonline.com,prebid.media.net,request,2.6-202606,openrtb.field.deprecated,warning,imp[0].video.placement,Section 3.2.7
p002891,eonline.com,prebid.media.net,request,2.6-202606,openrtb.field.undefined,error,imp[0].video.playerSize,3.2.7
p002891,eonline.com,prebid.media.net,request,2.6-202606,openrtb.value.invalid,error,imp[0].video.skip,3.2.7
p002891,eonline.com,prebid.media.net,request,2.6-202606,openrtb.field.undefined,error,ortb2,3.2.1
p002891,eonline.com,prebid.media.net,request,2.6-202606,openrtb.field.undefined,error,site.canonical_url,3.2.13
p002891,eonline.com,prebid.media.net,request,2.6-202606,openrtb.field.undefined,error,site.isTop,3.2.13
p002891,eonline.com,prebid.media.net,request,2.6-202606,openrtb.field.undefined,error,site.og_url,3.2.13
p002891,eonline.com,prebid.media.net,request,2.6-202606,openrtb.field.undefined,error,site.topMostLocation,3.2.13
p002892,eonline.com,prebid.media.net,request,2.6-202606,openrtb.field.undefined,error,imp[0].all,3.2.4
p002892,eonline.com,prebid.media.net,request,2.6-202606,openrtb.field.undefined,error,imp[0].bidfloors,3.2.4
p002892,eonline.com,prebid.media.net,request,2.6-202606,openrtb.field.undefined,error,imp[0].ortb2Imp,3.2.4
p002892,eonline.com,prebid.media.net,request,2.6-202606,openrtb.field.undefined,error,imp[0].transactionId,3.2.4
p002892,eonline.com,prebid.media.net,request,2.6-202606,openrtb.field.undefined,error,imp[0].video.context,3.2.7
p002892,eonline.com,prebid.media.net,request,2.6-202606,openrtb.field.deprecated,warning,imp[0].video.placement,Section 3.2.7
p002892,eonline.com,prebid.media.net,request,2.6-202606,openrtb.field.undefined,error,imp[0].video.playerSize,3.2.7
p002892,eonline.com,prebid.media.net,request,2.6-202606,openrtb.value.invalid,error,imp[0].video.skip,3.2.7
p002892,eonline.com,prebid.media.net,request,2.6-202606,openrtb.field.undefined,error,ortb2,3.2.1
p002892,eonline.com,prebid.media.net,request,2.6-202606,openrtb.field.undefined,error,site.canonical_url,3.2.13
p002892,eonline.com,prebid.media.net,request,2.6-202606,openrtb.field.undefined,error,site.isTop,3.2.13
p002892,eonline.com,prebid.media.net,request,2.6-202606,openrtb.field.undefined,error,site.og_url,3.2.13
p002892,eonline.com,prebid.media.net,request,2.6-202606,openrtb.field.undefined,error,site.topMostLocation,3.2.13
p002893,eonline.com,prebid.media.net,request,2.6-202606,openrtb.field.undefined,error,imp[0].all,3.2.4
p002893,eonline.com,prebid.media.net,request,2.6-202606,openrtb.field.undefined,error,imp[0].bidfloors,3.2.4
p002893,eonline.com,prebid.media.net,request,2.6-202606,openrtb.field.undefined,error,imp[0].ortb2Imp,3.2.4
p002893,eonline.com,prebid.media.net,request,2.6-202606,openrtb.field.undefined,error,imp[0].transactionId,3.2.4
p002893,eonline.com,prebid.media.net,request,2.6-202606,openrtb.field.undefined,error,imp[0].video.context,3.2.7
p002893,eonline.com,prebid.media.net,request,2.6-202606,openrtb.field.deprecated,warning,imp[0].video.placement,Section 3.2.7
p002893,eonline.com,prebid.media.net,request,2.6-202606,openrtb.field.undefined,error,imp[0].video.playerSize,3.2.7
p002893,eonline.com,prebid.media.net,request,2.6-202606,openrtb.value.invalid,error,imp[0].video.skip,3.2.7
p002893,eonline.com,prebid.media.net,request,2.6-202606,openrtb.field.undefined,error,ortb2,3.2.1
p002893,eonline.com,prebid.media.net,request,2.6-202606,openrtb.field.undefined,error,site.canonical_url,3.2.13
p002893,eonline.com,prebid.media.net,request,2.6-202606,openrtb.field.undefined,error,site.isTop,3.2.13
p002893,eonline.com,prebid.media.net,request,2.6-202606,openrtb.field.undefined,error,site.og_url,3.2.13
p002893,eonline.com,prebid.media.net,request,2.6-202606,openrtb.field.undefined,error,site.topMostLocation,3.2.13
p002893,eonline.com,prebid.media.net,request,2.6-202606,openrtb.field.undefined,error,site.twitter_url,3.2.13
p002894,eonline.com,prebid.media.net,request,2.6-202606,openrtb.field.undefined,error,imp[0].all,3.2.4
p002894,eonline.com,prebid.media.net,request,2.6-202606,openrtb.field.undefined,error,imp[0].bidfloors,3.2.4
p002894,eonline.com,prebid.media.net,request,2.6-202606,openrtb.field.undefined,error,imp[0].ortb2Imp,3.2.4
p002894,eonline.com,prebid.media.net,request,2.6-202606,openrtb.field.undefined,error,imp[0].transactionId,3.2.4
p002894,eonline.com,prebid.media.net,request,2.6-202606,openrtb.field.undefined,error,imp[0].video.context,3.2.7
p002894,eonline.com,prebid.media.net,request,2.6-202606,openrtb.field.deprecated,warning,imp[0].video.placement,Section 3.2.7
p002894,eonline.com,prebid.media.net,request,2.6-202606,openrtb.field.undefined,error,imp[0].video.playerSize,3.2.7
p002894,eonline.com,prebid.media.net,request,2.6-202606,openrtb.value.invalid,error,imp[0].video.skip,3.2.7
p002894,eonline.com,prebid.media.net,request,2.6-202606,openrtb.field.undefined,error,ortb2,3.2.1
p002894,eonline.com,prebid.media.net,request,2.6-202606,openrtb.field.undefined,error,site.canonical_url,3.2.13
p002894,eonline.com,prebid.media.net,request,2.6-202606,openrtb.field.undefined,error,site.isTop,3.2.13
p002894,eonline.com,prebid.media.net,request,2.6-202606,openrtb.field.undefined,error,site.og_url,3.2.13
p002894,eonline.com,prebid.media.net,request,2.6-202606,openrtb.field.undefined,error,site.topMostLocation,3.2.13
p002894,eonline.com,prebid.media.net,request,2.6-202606,openrtb.field.undefined,error,site.twitter_url,3.2.13
p002895,eonline.com,prebid.media.net,request,2.6-202606,openrtb.field.undefined,error,imp[0].all,3.2.4
p002895,eonline.com,prebid.media.net,request,2.6-202606,openrtb.field.undefined,error,imp[0].bidfloors,3.2.4
p002895,eonline.com,prebid.media.net,request,2.6-202606,openrtb.field.undefined,error,imp[0].ortb2Imp,3.2.4
p002895,eonline.com,prebid.media.net,request,2.6-202606,openrtb.field.undefined,error,imp[0].transactionId,3.2.4
p002895,eonline.com,prebid.media.net,request,2.6-202606,openrtb.field.undefined,error,imp[0].video.context,3.2.7
p002895,eonline.com,prebid.media.net,request,2.6-202606,openrtb.field.deprecated,warning,imp[0].video.placement,Section 3.2.7
p002895,eonline.com,prebid.media.net,request,2.6-202606,openrtb.field.undefined,error,imp[0].video.playerSize,3.2.7
p002895,eonline.com,prebid.media.net,request,2.6-202606,openrtb.value.invalid,error,imp[0].video.skip,3.2.7
p002895,eonline.com,prebid.media.net,request,2.6-202606,openrtb.field.undefined,error,ortb2,3.2.1
p002895,eonline.com,prebid.media.net,request,2.6-202606,openrtb.field.undefined,error,site.canonical_url,3.2.13
p002895,eonline.com,prebid.media.net,request,2.6-202606,openrtb.field.undefined,error,site.isTop,3.2.13
p002895,eonline.com,prebid.media.net,request,2.6-202606,openrtb.field.undefined,error,site.og_url,3.2.13
p002895,eonline.com,prebid.media.net,request,2.6-202606,openrtb.field.undefined,error,site.topMostLocation,3.2.13
p002895,eonline.com,prebid.media.net,request,2.6-202606,openrtb.field.undefined,error,site.twitter_url,3.2.13
p002896,eonline.com,prebid.media.net,request,2.6-202606,openrtb.field.undefined,error,imp[0].all,3.2.4
p002896,eonline.com,prebid.media.net,request,2.6-202606,openrtb.field.undefined,error,imp[0].bidfloors,3.2.4
p002896,eonline.com,prebid.media.net,request,2.6-202606,openrtb.field.undefined,error,imp[0].ortb2Imp,3.2.4
p002896,eonline.com,prebid.media.net,request,2.6-202606,openrtb.field.undefined,error,imp[0].transactionId,3.2.4
p002896,eonline.com,prebid.media.net,request,2.6-202606,openrtb.field.undefined,error,imp[0].video.context,3.2.7
p002896,eonline.com,prebid.media.net,request,2.6-202606,openrtb.field.deprecated,warning,imp[0].video.placement,Section 3.2.7
p002896,eonline.com,prebid.media.net,request,2.6-202606,openrtb.field.undefined,error,imp[0].video.playerSize,3.2.7
p002896,eonline.com,prebid.media.net,request,2.6-202606,openrtb.value.invalid,error,imp[0].video.skip,3.2.7
p002896,eonline.com,prebid.media.net,request,2.6-202606,openrtb.field.undefined,error,ortb2,3.2.1
p002896,eonline.com,prebid.media.net,request,2.6-202606,openrtb.field.undefined,error,site.canonical_url,3.2.13
p002896,eonline.com,prebid.media.net,request,2.6-202606,openrtb.field.undefined,error,site.isTop,3.2.13
p002896,eonline.com,prebid.media.net,request,2.6-202606,openrtb.field.undefined,error,site.og_url,3.2.13
p002896,eonline.com,prebid.media.net,request,2.6-202606,openrtb.field.undefined,error,site.topMostLocation,3.2.13
p002896,eonline.com,prebid.media.net,request,2.6-202606,openrtb.field.undefined,error,site.twitter_url,3.2.13
p002897,eonline.com,prebid.media.net,request,2.6-202606,openrtb.field.undefined,error,imp[0].all,3.2.4
p002897,eonline.com,prebid.media.net,request,2.6-202606,openrtb.field.undefined,error,imp[0].bidfloors,3.2.4
p002897,eonline.com,prebid.media.net,request,2.6-202606,openrtb.field.undefined,error,imp[0].ortb2Imp,3.2.4
p002897,eonline.com,prebid.media.net,request,2.6-202606,openrtb.field.undefined,error,imp[0].transactionId,3.2.4
p002897,eonline.com,prebid.media.net,request,2.6-202606,openrtb.field.undefined,error,imp[0].video.context,3.2.7
p002897,eonline.com,prebid.media.net,request,2.6-202606,openrtb.field.deprecated,warning,imp[0].video.placement,Section 3.2.7
p002897,eonline.com,prebid.media.net,request,2.6-202606,openrtb.field.undefined,error,imp[0].video.playerSize,3.2.7
p002897,eonline.com,prebid.media.net,request,2.6-202606,openrtb.value.invalid,error,imp[0].video.skip,3.2.7
p002897,eonline.com,prebid.media.net,request,2.6-202606,openrtb.field.undefined,error,ortb2,3.2.1
p002897,eonline.com,prebid.media.net,request,2.6-202606,openrtb.field.undefined,error,site.canonical_url,3.2.13
p002897,eonline.com,prebid.media.net,request,2.6-202606,openrtb.field.undefined,error,site.isTop,3.2.13
p002897,eonline.com,prebid.media.net,request,2.6-202606,openrtb.field.undefined,error,site.og_url,3.2.13
p002897,eonline.com,prebid.media.net,request,2.6-202606,openrtb.field.undefined,error,site.topMostLocation,3.2.13
p002897,eonline.com,prebid.media.net,request,2.6-202606,openrtb.field.undefined,error,site.twitter_url,3.2.13
p002898,eonline.com,prebid.media.net,request,2.6-202606,openrtb.field.undefined,error,imp[0].all,3.2.4
p002898,eonline.com,prebid.media.net,request,2.6-202606,openrtb.field.undefined,error,imp[0].bidfloors,3.2.4
p002898,eonline.com,prebid.media.net,request,2.6-202606,openrtb.field.undefined,error,imp[0].ortb2Imp,3.2.4
p002898,eonline.com,prebid.media.net,request,2.6-202606,openrtb.field.undefined,error,imp[0].transactionId,3.2.4
p002898,eonline.com,prebid.media.net,request,2.6-202606,openrtb.field.undefined,error,imp[0].video.context,3.2.7
p002898,eonline.com,prebid.media.net,request,2.6-202606,openrtb.field.deprecated,warning,imp[0].video.placement,Section 3.2.7
p002898,eonline.com,prebid.media.net,request,2.6-202606,openrtb.field.undefined,error,imp[0].video.playerSize,3.2.7
p002898,eonline.com,prebid.media.net,request,2.6-202606,openrtb.value.invalid,error,imp[0].video.skip,3.2.7
p002898,eonline.com,prebid.media.net,request,2.6-202606,openrtb.field.undefined,error,ortb2,3.2.1
p002898,eonline.com,prebid.media.net,request,2.6-202606,openrtb.field.undefined,error,site.canonical_url,3.2.13
p002898,eonline.com,prebid.media.net,request,2.6-202606,openrtb.field.undefined,error,site.isTop,3.2.13
p002898,eonline.com,prebid.media.net,request,2.6-202606,openrtb.field.undefined,error,site.og_url,3.2.13
p002898,eonline.com,prebid.media.net,request,2.6-202606,openrtb.field.undefined,error,site.topMostLocation,3.2.13
p002898,eonline.com,prebid.media.net,request,2.6-202606,openrtb.field.undefined,error,site.twitter_url,3.2.13
p002899,eonline.com,prebid.media.net,request,2.6-202606,openrtb.field.undefined,error,imp[0].all,3.2.4
p002899,eonline.com,prebid.media.net,request,2.6-202606,openrtb.field.undefined,error,imp[0].bidfloors,3.2.4
p002899,eonline.com,prebid.media.net,request,2.6-202606,openrtb.field.undefined,error,imp[0].ortb2Imp,3.2.4
p002899,eonline.com,prebid.media.net,request,2.6-202606,openrtb.field.undefined,error,imp[0].transactionId,3.2.4
p002899,eonline.com,prebid.media.net,request,2.6-202606,openrtb.field.undefined,error,imp[0].video.context,3.2.7
p002899,eonline.com,prebid.media.net,request,2.6-202606,openrtb.field.deprecated,warning,imp[0].video.placement,Section 3.2.7
p002899,eonline.com,prebid.media.net,request,2.6-202606,openrtb.field.undefined,error,imp[0].video.playerSize,3.2.7
p002899,eonline.com,prebid.media.net,request,2.6-202606,openrtb.value.invalid,error,imp[0].video.skip,3.2.7
p002899,eonline.com,prebid.media.net,request,2.6-202606,openrtb.field.undefined,error,ortb2,3.2.1
p002899,eonline.com,prebid.media.net,request,2.6-202606,openrtb.field.undefined,error,site.canonical_url,3.2.13
p002899,eonline.com,prebid.media.net,request,2.6-202606,openrtb.field.undefined,error,site.isTop,3.2.13
p002899,eonline.com,prebid.media.net,request,2.6-202606,openrtb.field.undefined,error,site.og_url,3.2.13
p002899,eonline.com,prebid.media.net,request,2.6-202606,openrtb.field.undefined,error,site.topMostLocation,3.2.13
p002899,eonline.com,prebid.media.net,request,2.6-202606,openrtb.field.undefined,error,site.twitter_url,3.2.13
p002900,fox11online.com,prebid.media.net,request,2.6-202606,openrtb.field.undefined,error,imp[0].all,3.2.4
p002900,fox11online.com,prebid.media.net,request,2.6-202606,openrtb.field.undefined,error,imp[0].bidfloors,3.2.4
p002900,fox11online.com,prebid.media.net,request,2.6-202606,openrtb.field.undefined,error,imp[0].ortb2Imp,3.2.4
p002900,fox11online.com,prebid.media.net,request,2.6-202606,openrtb.field.undefined,error,imp[0].transactionId,3.2.4
p002900,fox11online.com,prebid.media.net,request,2.6-202606,openrtb.field.undefined,error,imp[0].video.context,3.2.7
p002900,fox11online.com,prebid.media.net,request,2.6-202606,openrtb.field.deprecated,warning,imp[0].video.placement,Section 3.2.7
p002900,fox11online.com,prebid.media.net,request,2.6-202606,openrtb.field.undefined,error,imp[0].video.playerSize,3.2.7
p002900,fox11online.com,prebid.media.net,request,2.6-202606,openrtb.field.undefined,error,ortb2,3.2.1
p002900,fox11online.com,prebid.media.net,request,2.6-202606,openrtb.field.undefined,error,site.canonical_url,3.2.13
p002900,fox11online.com,prebid.media.net,request,2.6-202606,openrtb.field.undefined,error,site.isTop,3.2.13
p002900,fox11online.com,prebid.media.net,request,2.6-202606,openrtb.field.undefined,error,site.topMostLocation,3.2.13
p002901,fox11online.com,prebid.media.net,request,2.6-202606,openrtb.field.undefined,error,imp[0].all,3.2.4
p002901,fox11online.com,prebid.media.net,request,2.6-202606,openrtb.type.mismatch,error,imp[0].banner,3.2.4
p002901,fox11online.com,prebid.media.net,request,2.6-202606,openrtb.field.undefined,error,imp[0].bidfloors,3.2.4
p002901,fox11online.com,prebid.media.net,request,2.6-202606,openrtb.field.undefined,error,imp[0].ortb2Imp,3.2.4
p002901,fox11online.com,prebid.media.net,request,2.6-202606,openrtb.field.undefined,error,imp[0].transactionId,3.2.4
p002901,fox11online.com,prebid.media.net,request,2.6-202606,openrtb.field.undefined,error,imp[1].all,3.2.4
p002901,fox11online.com,prebid.media.net,request,2.6-202606,openrtb.type.mismatch,error,imp[1].banner,3.2.4
p002901,fox11online.com,prebid.media.net,request,2.6-202606,openrtb.field.undefined,error,imp[1].bidfloors,3.2.4
p002901,fox11online.com,prebid.media.net,request,2.6-202606,openrtb.field.undefined,error,imp[1].ortb2Imp,3.2.4
p002901,fox11online.com,prebid.media.net,request,2.6-202606,openrtb.field.undefined,error,imp[1].transactionId,3.2.4
p002901,fox11online.com,prebid.media.net,request,2.6-202606,openrtb.field.undefined,error,imp[2].all,3.2.4
p002901,fox11online.com,prebid.media.net,request,2.6-202606,openrtb.type.mismatch,error,imp[2].banner,3.2.4
p002901,fox11online.com,prebid.media.net,request,2.6-202606,openrtb.field.undefined,error,imp[2].bidfloors,3.2.4
p002901,fox11online.com,prebid.media.net,request,2.6-202606,openrtb.field.undefined,error,imp[2].ortb2Imp,3.2.4
p002901,fox11online.com,prebid.media.net,request,2.6-202606,openrtb.field.undefined,error,imp[2].transactionId,3.2.4
p002901,fox11online.com,prebid.media.net,request,2.6-202606,openrtb.field.undefined,error,imp[3].all,3.2.4
p002901,fox11online.com,prebid.media.net,request,2.6-202606,openrtb.type.mismatch,error,imp[3].banner,3.2.4
p002901,fox11online.com,prebid.media.net,request,2.6-202606,openrtb.field.undefined,error,imp[3].bidfloors,3.2.4
p002901,fox11online.com,prebid.media.net,request,2.6-202606,openrtb.field.undefined,error,imp[3].ortb2Imp,3.2.4
p002901,fox11online.com,prebid.media.net,request,2.6-202606,openrtb.field.undefined,error,imp[3].transactionId,3.2.4
p002901,fox11online.com,prebid.media.net,request,2.6-202606,openrtb.field.undefined,error,imp[4].all,3.2.4
p002901,fox11online.com,prebid.media.net,request,2.6-202606,openrtb.type.mismatch,error,imp[4].banner,3.2.4
p002901,fox11online.com,prebid.media.net,request,2.6-202606,openrtb.field.undefined,error,imp[4].bidfloors,3.2.4
p002901,fox11online.com,prebid.media.net,request,2.6-202606,openrtb.field.undefined,error,imp[4].ortb2Imp,3.2.4
p002901,fox11online.com,prebid.media.net,request,2.6-202606,openrtb.field.undefined,error,imp[4].transactionId,3.2.4
p002901,fox11online.com,prebid.media.net,request,2.6-202606,openrtb.field.undefined,error,imp[5].all,3.2.4
p002901,fox11online.com,prebid.media.net,request,2.6-202606,openrtb.type.mismatch,error,imp[5].banner,3.2.4
p002901,fox11online.com,prebid.media.net,request,2.6-202606,openrtb.field.undefined,error,imp[5].bidfloors,3.2.4
p002901,fox11online.com,prebid.media.net,request,2.6-202606,openrtb.field.undefined,error,imp[5].ortb2Imp,3.2.4
p002901,fox11online.com,prebid.media.net,request,2.6-202606,openrtb.field.undefined,error,imp[5].transactionId,3.2.4
p002901,fox11online.com,prebid.media.net,request,2.6-202606,openrtb.field.undefined,error,imp[6].all,3.2.4
p002901,fox11online.com,prebid.media.net,request,2.6-202606,openrtb.type.mismatch,error,imp[6].banner,3.2.4
p002901,fox11online.com,prebid.media.net,request,2.6-202606,openrtb.field.undefined,error,imp[6].bidfloors,3.2.4
p002901,fox11online.com,prebid.media.net,request,2.6-202606,openrtb.field.undefined,error,imp[6].ortb2Imp,3.2.4
p002901,fox11online.com,prebid.media.net,request,2.6-202606,openrtb.field.undefined,error,imp[6].transactionId,3.2.4
p002901,fox11online.com,prebid.media.net,request,2.6-202606,openrtb.field.undefined,error,imp[7].all,3.2.4
p002901,fox11online.com,prebid.media.net,request,2.6-202606,openrtb.type.mismatch,error,imp[7].banner,3.2.4
p002901,fox11online.com,prebid.media.net,request,2.6-202606,openrtb.field.undefined,error,imp[7].bidfloors,3.2.4
p002901,fox11online.com,prebid.media.net,request,2.6-202606,openrtb.field.undefined,error,imp[7].ortb2Imp,3.2.4
p002901,fox11online.com,prebid.media.net,request,2.6-202606,openrtb.field.undefined,error,imp[7].transactionId,3.2.4
p002901,fox11online.com,prebid.media.net,request,2.6-202606,openrtb.field.undefined,error,ortb2,3.2.1
p002901,fox11online.com,prebid.media.net,request,2.6-202606,openrtb.field.undefined,error,site.canonical_url,3.2.13
p002901,fox11online.com,prebid.media.net,request,2.6-202606,openrtb.field.undefined,error,site.isTop,3.2.13
p002901,fox11online.com,prebid.media.net,request,2.6-202606,openrtb.field.undefined,error,site.topMostLocation,3.2.13
p002902,fox11online.com,prebid.media.net,request,2.6-202606,openrtb.field.undefined,error,imp[0].all,3.2.4
p002902,fox11online.com,prebid.media.net,request,2.6-202606,openrtb.field.undefined,error,imp[0].bidfloors,3.2.4
p002902,fox11online.com,prebid.media.net,request,2.6-202606,openrtb.field.undefined,error,imp[0].ortb2Imp,3.2.4
p002902,fox11online.com,prebid.media.net,request,2.6-202606,openrtb.field.undefined,error,imp[0].transactionId,3.2.4
p002902,fox11online.com,prebid.media.net,request,2.6-202606,openrtb.field.undefined,error,imp[0].video.context,3.2.7
p002902,fox11online.com,prebid.media.net,request,2.6-202606,openrtb.field.deprecated,warning,imp[0].video.placement,Section 3.2.7
p002902,fox11online.com,prebid.media.net,request,2.6-202606,openrtb.field.undefined,error,imp[0].video.playerSize,3.2.7
p002902,fox11online.com,prebid.media.net,request,2.6-202606,openrtb.value.invalid,error,imp[0].video.skip,3.2.7
p002902,fox11online.com,prebid.media.net,request,2.6-202606,openrtb.field.undefined,error,ortb2,3.2.1
p002902,fox11online.com,prebid.media.net,request,2.6-202606,openrtb.field.undefined,error,site.canonical_url,3.2.13
p002902,fox11online.com,prebid.media.net,request,2.6-202606,openrtb.field.undefined,error,site.isTop,3.2.13
p002902,fox11online.com,prebid.media.net,request,2.6-202606,openrtb.field.undefined,error,site.og_url,3.2.13
p002902,fox11online.com,prebid.media.net,request,2.6-202606,openrtb.field.undefined,error,site.topMostLocation,3.2.13
p002903,fox11online.com,prebid.media.net,request,2.6-202606,openrtb.field.undefined,error,imp[0].all,3.2.4
p002903,fox11online.com,prebid.media.net,request,2.6-202606,openrtb.field.undefined,error,imp[0].bidfloors,3.2.4
p002903,fox11online.com,prebid.media.net,request,2.6-202606,openrtb.field.undefined,error,imp[0].ortb2Imp,3.2.4
p002903,fox11online.com,prebid.media.net,request,2.6-202606,openrtb.field.undefined,error,imp[0].transactionId,3.2.4
p002903,fox11online.com,prebid.media.net,request,2.6-202606,openrtb.field.undefined,error,imp[0].video.context,3.2.7
p002903,fox11online.com,prebid.media.net,request,2.6-202606,openrtb.field.deprecated,warning,imp[0].video.placement,Section 3.2.7
p002903,fox11online.com,prebid.media.net,request,2.6-202606,openrtb.field.undefined,error,imp[0].video.playerSize,3.2.7
p002903,fox11online.com,prebid.media.net,request,2.6-202606,openrtb.field.undefined,error,ortb2,3.2.1
p002903,fox11online.com,prebid.media.net,request,2.6-202606,openrtb.field.undefined,error,site.canonical_url,3.2.13
p002903,fox11online.com,prebid.media.net,request,2.6-202606,openrtb.field.undefined,error,site.isTop,3.2.13
p002903,fox11online.com,prebid.media.net,request,2.6-202606,openrtb.field.undefined,error,site.topMostLocation,3.2.13
p002904,fox11online.com,prebid.media.net,request,2.6-202606,openrtb.field.undefined,error,imp[0].all,3.2.4
p002904,fox11online.com,prebid.media.net,request,2.6-202606,openrtb.type.mismatch,error,imp[0].banner,3.2.4
p002904,fox11online.com,prebid.media.net,request,2.6-202606,openrtb.field.undefined,error,imp[0].bidfloors,3.2.4
p002904,fox11online.com,prebid.media.net,request,2.6-202606,openrtb.field.undefined,error,imp[0].ortb2Imp,3.2.4
p002904,fox11online.com,prebid.media.net,request,2.6-202606,openrtb.field.undefined,error,imp[0].transactionId,3.2.4
p002904,fox11online.com,prebid.media.net,request,2.6-202606,openrtb.field.undefined,error,imp[1].all,3.2.4
p002904,fox11online.com,prebid.media.net,request,2.6-202606,openrtb.type.mismatch,error,imp[1].banner,3.2.4
p002904,fox11online.com,prebid.media.net,request,2.6-202606,openrtb.field.undefined,error,imp[1].bidfloors,3.2.4
p002904,fox11online.com,prebid.media.net,request,2.6-202606,openrtb.field.undefined,error,imp[1].ortb2Imp,3.2.4
p002904,fox11online.com,prebid.media.net,request,2.6-202606,openrtb.field.undefined,error,imp[1].transactionId,3.2.4
p002904,fox11online.com,prebid.media.net,request,2.6-202606,openrtb.field.undefined,error,imp[2].all,3.2.4
p002904,fox11online.com,prebid.media.net,request,2.6-202606,openrtb.type.mismatch,error,imp[2].banner,3.2.4
p002904,fox11online.com,prebid.media.net,request,2.6-202606,openrtb.field.undefined,error,imp[2].bidfloors,3.2.4
p002904,fox11online.com,prebid.media.net,request,2.6-202606,openrtb.field.undefined,error,imp[2].ortb2Imp,3.2.4
p002904,fox11online.com,prebid.media.net,request,2.6-202606,openrtb.field.undefined,error,imp[2].transactionId,3.2.4
p002904,fox11online.com,prebid.media.net,request,2.6-202606,openrtb.field.undefined,error,ortb2,3.2.1
p002904,fox11online.com,prebid.media.net,request,2.6-202606,openrtb.field.undefined,error,site.canonical_url,3.2.13
p002904,fox11online.com,prebid.media.net,request,2.6-202606,openrtb.field.undefined,error,site.isTop,3.2.13
p002904,fox11online.com,prebid.media.net,request,2.6-202606,openrtb.field.undefined,error,site.topMostLocation,3.2.13
p002905,futbol-11.com,prebid.media.net,request,2.6-202606,openrtb.type.mismatch,error,id,3.2.1
p002905,futbol-11.com,prebid.media.net,request,2.6-202606,openrtb.field.undefined,error,imp[0].all,3.2.4
p002905,futbol-11.com,prebid.media.net,request,2.6-202606,openrtb.type.mismatch,error,imp[0].banner,3.2.4
p002905,futbol-11.com,prebid.media.net,request,2.6-202606,openrtb.field.undefined,error,imp[0].bidfloors,3.2.4
p002905,futbol-11.com,prebid.media.net,request,2.6-202606,openrtb.field.undefined,error,imp[0].ortb2Imp,3.2.4
p002905,futbol-11.com,prebid.media.net,request,2.6-202606,openrtb.field.undefined,error,ortb2,3.2.1
p002905,futbol-11.com,prebid.media.net,request,2.6-202606,openrtb.field.undefined,error,site.isTop,3.2.13
p002905,futbol-11.com,prebid.media.net,request,2.6-202606,openrtb.field.undefined,error,site.topMostLocation,3.2.13
p002906,moly.hu,prebid.media.net,request,2.6-202606,openrtb.field.undefined,error,imp[0].all,3.2.4
p002906,moly.hu,prebid.media.net,request,2.6-202606,openrtb.type.mismatch,error,imp[0].banner,3.2.4
p002906,moly.hu,prebid.media.net,request,2.6-202606,openrtb.field.undefined,error,imp[0].ortb2Imp,3.2.4
p002906,moly.hu,prebid.media.net,request,2.6-202606,openrtb.field.undefined,error,imp[0].transactionId,3.2.4
p002906,moly.hu,prebid.media.net,request,2.6-202606,openrtb.field.undefined,error,imp[1].all,3.2.4
p002906,moly.hu,prebid.media.net,request,2.6-202606,openrtb.type.mismatch,error,imp[1].banner,3.2.4
p002906,moly.hu,prebid.media.net,request,2.6-202606,openrtb.field.undefined,error,imp[1].ortb2Imp,3.2.4
p002906,moly.hu,prebid.media.net,request,2.6-202606,openrtb.field.undefined,error,imp[1].transactionId,3.2.4
p002906,moly.hu,prebid.media.net,request,2.6-202606,openrtb.field.undefined,error,imp[2].all,3.2.4
p002906,moly.hu,prebid.media.net,request,2.6-202606,openrtb.type.mismatch,error,imp[2].banner,3.2.4
p002906,moly.hu,prebid.media.net,request,2.6-202606,openrtb.field.undefined,error,imp[2].ortb2Imp,3.2.4
p002906,moly.hu,prebid.media.net,request,2.6-202606,openrtb.field.undefined,error,imp[2].transactionId,3.2.4
p002906,moly.hu,prebid.media.net,request,2.6-202606,openrtb.field.undefined,error,ortb2,3.2.1
p002906,moly.hu,prebid.media.net,request,2.6-202606,openrtb.field.undefined,error,site.canonical_url,3.2.13
p002906,moly.hu,prebid.media.net,request,2.6-202606,openrtb.field.undefined,error,site.isTop,3.2.13
p002906,moly.hu,prebid.media.net,request,2.6-202606,openrtb.field.undefined,error,site.topMostLocation,3.2.13
p002907,moly.hu,prebid.media.net,request,2.6-202606,openrtb.field.undefined,error,imp[0].all,3.2.4
p002907,moly.hu,prebid.media.net,request,2.6-202606,openrtb.type.mismatch,error,imp[0].banner,3.2.4
p002907,moly.hu,prebid.media.net,request,2.6-202606,openrtb.field.undefined,error,imp[0].ortb2Imp,3.2.4
p002907,moly.hu,prebid.media.net,request,2.6-202606,openrtb.field.undefined,error,imp[0].transactionId,3.2.4
p002907,moly.hu,prebid.media.net,request,2.6-202606,openrtb.field.undefined,error,imp[1].all,3.2.4
p002907,moly.hu,prebid.media.net,request,2.6-202606,openrtb.type.mismatch,error,imp[1].banner,3.2.4
p002907,moly.hu,prebid.media.net,request,2.6-202606,openrtb.field.undefined,error,imp[1].ortb2Imp,3.2.4
p002907,moly.hu,prebid.media.net,request,2.6-202606,openrtb.field.undefined,error,imp[1].transactionId,3.2.4
p002907,moly.hu,prebid.media.net,request,2.6-202606,openrtb.field.undefined,error,ortb2,3.2.1
p002907,moly.hu,prebid.media.net,request,2.6-202606,openrtb.field.undefined,error,site.canonical_url,3.2.13
p002907,moly.hu,prebid.media.net,request,2.6-202606,openrtb.field.undefined,error,site.isTop,3.2.13
p002907,moly.hu,prebid.media.net,request,2.6-202606,openrtb.field.undefined,error,site.topMostLocation,3.2.13
p002908,montgomeryadvertiser.com,prebid.media.net,request,2.6-202606,openrtb.field.undefined,error,imp[0].all,3.2.4
p002908,montgomeryadvertiser.com,prebid.media.net,request,2.6-202606,openrtb.field.undefined,error,imp[0].bidfloors,3.2.4
p002908,montgomeryadvertiser.com,prebid.media.net,request,2.6-202606,openrtb.field.undefined,error,imp[0].ortb2Imp,3.2.4
p002908,montgomeryadvertiser.com,prebid.media.net,request,2.6-202606,openrtb.field.undefined,error,imp[0].transactionId,3.2.4
p002908,montgomeryadvertiser.com,prebid.media.net,request,2.6-202606,openrtb.field.undefined,error,imp[0].video.context,3.2.7
p002908,montgomeryadvertiser.com,prebid.media.net,request,2.6-202606,openrtb.field.deprecated,warning,imp[0].video.placement,Section 3.2.7
p002908,montgomeryadvertiser.com,prebid.media.net,request,2.6-202606,openrtb.field.undefined,error,imp[0].video.playerSize,3.2.7
p002908,montgomeryadvertiser.com,prebid.media.net,request,2.6-202606,openrtb.value.invalid,error,imp[0].video.skip,3.2.7
p002908,montgomeryadvertiser.com,prebid.media.net,request,2.6-202606,openrtb.field.undefined,error,ortb2,3.2.1
p002908,montgomeryadvertiser.com,prebid.media.net,request,2.6-202606,openrtb.field.undefined,error,site.canonical_url,3.2.13
p002908,montgomeryadvertiser.com,prebid.media.net,request,2.6-202606,openrtb.field.undefined,error,site.isTop,3.2.13
p002908,montgomeryadvertiser.com,prebid.media.net,request,2.6-202606,openrtb.field.undefined,error,site.og_url,3.2.13
p002908,montgomeryadvertiser.com,prebid.media.net,request,2.6-202606,openrtb.field.undefined,error,site.topMostLocation,3.2.13
p002909,montgomeryadvertiser.com,prebid.media.net,request,2.6-202606,openrtb.field.undefined,error,imp[0].all,3.2.4
p002909,montgomeryadvertiser.com,prebid.media.net,request,2.6-202606,openrtb.field.undefined,error,imp[0].bidfloors,3.2.4
p002909,montgomeryadvertiser.com,prebid.media.net,request,2.6-202606,openrtb.field.undefined,error,imp[0].ortb2Imp,3.2.4
p002909,montgomeryadvertiser.com,prebid.media.net,request,2.6-202606,openrtb.field.undefined,error,imp[0].transactionId,3.2.4
p002909,montgomeryadvertiser.com,prebid.media.net,request,2.6-202606,openrtb.field.undefined,error,imp[0].video.context,3.2.7
p002909,montgomeryadvertiser.com,prebid.media.net,request,2.6-202606,openrtb.field.deprecated,warning,imp[0].video.placement,Section 3.2.7
p002909,montgomeryadvertiser.com,prebid.media.net,request,2.6-202606,openrtb.field.undefined,error,imp[0].video.playerSize,3.2.7
p002909,montgomeryadvertiser.com,prebid.media.net,request,2.6-202606,openrtb.value.invalid,error,imp[0].video.skip,3.2.7
p002909,montgomeryadvertiser.com,prebid.media.net,request,2.6-202606,openrtb.field.undefined,error,ortb2,3.2.1
p002909,montgomeryadvertiser.com,prebid.media.net,request,2.6-202606,openrtb.field.undefined,error,site.canonical_url,3.2.13
p002909,montgomeryadvertiser.com,prebid.media.net,request,2.6-202606,openrtb.field.undefined,error,site.isTop,3.2.13
p002909,montgomeryadvertiser.com,prebid.media.net,request,2.6-202606,openrtb.field.undefined,error,site.og_url,3.2.13
p002909,montgomeryadvertiser.com,prebid.media.net,request,2.6-202606,openrtb.field.undefined,error,site.topMostLocation,3.2.13
p002910,namemc.com,prebid.media.net,request,2.6-202606,openrtb.type.mismatch,error,id,3.2.1
p002910,namemc.com,prebid.media.net,request,2.6-202606,openrtb.field.undefined,error,imp[0].all,3.2.4
p002910,namemc.com,prebid.media.net,request,2.6-202606,openrtb.type.mismatch,error,imp[0].banner,3.2.4
p002910,namemc.com,prebid.media.net,request,2.6-202606,openrtb.field.undefined,error,imp[0].bidfloors,3.2.4
p002910,namemc.com,prebid.media.net,request,2.6-202606,openrtb.field.undefined,error,imp[0].ortb2Imp,3.2.4
p002910,namemc.com,prebid.media.net,request,2.6-202606,openrtb.field.undefined,error,imp[1].all,3.2.4
p002910,namemc.com,prebid.media.net,request,2.6-202606,openrtb.type.mismatch,error,imp[1].banner,3.2.4
p002910,namemc.com,prebid.media.net,request,2.6-202606,openrtb.field.undefined,error,imp[1].bidfloors,3.2.4
p002910,namemc.com,prebid.media.net,request,2.6-202606,openrtb.field.undefined,error,imp[1].ortb2Imp,3.2.4
p002910,namemc.com,prebid.media.net,request,2.6-202606,openrtb.field.undefined,error,imp[2].all,3.2.4
p002910,namemc.com,prebid.media.net,request,2.6-202606,openrtb.type.mismatch,error,imp[2].banner,3.2.4
p002910,namemc.com,prebid.media.net,request,2.6-202606,openrtb.field.undefined,error,imp[2].bidfloors,3.2.4
p002910,namemc.com,prebid.media.net,request,2.6-202606,openrtb.field.undefined,error,imp[2].ortb2Imp,3.2.4
p002910,namemc.com,prebid.media.net,request,2.6-202606,openrtb.field.undefined,error,imp[3].all,3.2.4
p002910,namemc.com,prebid.media.net,request,2.6-202606,openrtb.type.mismatch,error,imp[3].banner,3.2.4
p002910,namemc.com,prebid.media.net,request,2.6-202606,openrtb.field.undefined,error,imp[3].bidfloors,3.2.4
p002910,namemc.com,prebid.media.net,request,2.6-202606,openrtb.field.undefined,error,imp[3].ortb2Imp,3.2.4
p002910,namemc.com,prebid.media.net,request,2.6-202606,openrtb.field.undefined,error,imp[4].all,3.2.4
p002910,namemc.com,prebid.media.net,request,2.6-202606,openrtb.type.mismatch,error,imp[4].banner,3.2.4
p002910,namemc.com,prebid.media.net,request,2.6-202606,openrtb.field.undefined,error,imp[4].bidfloors,3.2.4
p002910,namemc.com,prebid.media.net,request,2.6-202606,openrtb.field.undefined,error,imp[4].ortb2Imp,3.2.4
p002910,namemc.com,prebid.media.net,request,2.6-202606,openrtb.field.undefined,error,imp[5].all,3.2.4
p002910,namemc.com,prebid.media.net,request,2.6-202606,openrtb.type.mismatch,error,imp[5].banner,3.2.4
p002910,namemc.com,prebid.media.net,request,2.6-202606,openrtb.field.undefined,error,imp[5].bidfloors,3.2.4
p002910,namemc.com,prebid.media.net,request,2.6-202606,openrtb.field.undefined,error,imp[5].ortb2Imp,3.2.4
p002910,namemc.com,prebid.media.net,request,2.6-202606,openrtb.field.undefined,error,imp[6].all,3.2.4
p002910,namemc.com,prebid.media.net,request,2.6-202606,openrtb.type.mismatch,error,imp[6].banner,3.2.4
p002910,namemc.com,prebid.media.net,request,2.6-202606,openrtb.field.undefined,error,imp[6].bidfloors,3.2.4
p002910,namemc.com,prebid.media.net,request,2.6-202606,openrtb.field.undefined,error,imp[6].ortb2Imp,3.2.4
p002910,namemc.com,prebid.media.net,request,2.6-202606,openrtb.field.undefined,error,imp[7].all,3.2.4
p002910,namemc.com,prebid.media.net,request,2.6-202606,openrtb.type.mismatch,error,imp[7].banner,3.2.4
p002910,namemc.com,prebid.media.net,request,2.6-202606,openrtb.field.undefined,error,imp[7].bidfloors,3.2.4
p002910,namemc.com,prebid.media.net,request,2.6-202606,openrtb.field.undefined,error,imp[7].ortb2Imp,3.2.4
p002910,namemc.com,prebid.media.net,request,2.6-202606,openrtb.field.undefined,error,ortb2,3.2.1
p002910,namemc.com,prebid.media.net,request,2.6-202606,openrtb.field.undefined,error,site.canonical_url,3.2.13
p002910,namemc.com,prebid.media.net,request,2.6-202606,openrtb.field.undefined,error,site.isTop,3.2.13
p002910,namemc.com,prebid.media.net,request,2.6-202606,openrtb.field.undefined,error,site.topMostLocation,3.2.13
p002911,nationaltoday.com,prebid.media.net,request,2.6-202606,openrtb.field.undefined,error,imp[0].all,3.2.4
p002911,nationaltoday.com,prebid.media.net,request,2.6-202606,openrtb.type.mismatch,error,imp[0].banner,3.2.4
p002911,nationaltoday.com,prebid.media.net,request,2.6-202606,openrtb.field.undefined,error,imp[0].ortb2Imp,3.2.4
p002911,nationaltoday.com,prebid.media.net,request,2.6-202606,openrtb.field.undefined,error,imp[0].transactionId,3.2.4
p002911,nationaltoday.com,prebid.media.net,request,2.6-202606,openrtb.field.undefined,error,imp[1].all,3.2.4
p002911,nationaltoday.com,prebid.media.net,request,2.6-202606,openrtb.type.mismatch,error,imp[1].banner,3.2.4
p002911,nationaltoday.com,prebid.media.net,request,2.6-202606,openrtb.field.undefined,error,imp[1].ortb2Imp,3.2.4
p002911,nationaltoday.com,prebid.media.net,request,2.6-202606,openrtb.field.undefined,error,imp[1].transactionId,3.2.4
p002911,nationaltoday.com,prebid.media.net,request,2.6-202606,openrtb.field.undefined,error,imp[2].all,3.2.4
p002911,nationaltoday.com,prebid.media.net,request,2.6-202606,openrtb.type.mismatch,error,imp[2].banner,3.2.4
p002911,nationaltoday.com,prebid.media.net,request,2.6-202606,openrtb.field.undefined,error,imp[2].ortb2Imp,3.2.4
p002911,nationaltoday.com,prebid.media.net,request,2.6-202606,openrtb.field.undefined,error,imp[2].transactionId,3.2.4
p002911,nationaltoday.com,prebid.media.net,request,2.6-202606,openrtb.field.undefined,error,ortb2,3.2.1
p002911,nationaltoday.com,prebid.media.net,request,2.6-202606,openrtb.field.undefined,error,site.canonical_url,3.2.13
p002911,nationaltoday.com,prebid.media.net,request,2.6-202606,openrtb.field.undefined,error,site.isTop,3.2.13
p002911,nationaltoday.com,prebid.media.net,request,2.6-202606,openrtb.field.undefined,error,site.topMostLocation,3.2.13
p002912,nationaltoday.com,prebid.media.net,request,2.6-202606,openrtb.field.undefined,error,imp[0].all,3.2.4
p002912,nationaltoday.com,prebid.media.net,request,2.6-202606,openrtb.type.mismatch,error,imp[0].banner,3.2.4
p002912,nationaltoday.com,prebid.media.net,request,2.6-202606,openrtb.field.undefined,error,imp[0].ortb2Imp,3.2.4
p002912,nationaltoday.com,prebid.media.net,request,2.6-202606,openrtb.field.undefined,error,imp[0].transactionId,3.2.4
p002912,nationaltoday.com,prebid.media.net,request,2.6-202606,openrtb.field.undefined,error,ortb2,3.2.1
p002912,nationaltoday.com,prebid.media.net,request,2.6-202606,openrtb.field.undefined,error,site.canonical_url,3.2.13
p002912,nationaltoday.com,prebid.media.net,request,2.6-202606,openrtb.field.undefined,error,site.isTop,3.2.13
p002912,nationaltoday.com,prebid.media.net,request,2.6-202606,openrtb.field.undefined,error,site.topMostLocation,3.2.13
p002913,nationaltoday.com,prebid.media.net,request,2.6-202606,openrtb.field.undefined,error,imp[0].all,3.2.4
p002913,nationaltoday.com,prebid.media.net,request,2.6-202606,openrtb.type.mismatch,error,imp[0].banner,3.2.4
p002913,nationaltoday.com,prebid.media.net,request,2.6-202606,openrtb.field.undefined,error,imp[0].ortb2Imp,3.2.4
p002913,nationaltoday.com,prebid.media.net,request,2.6-202606,openrtb.field.undefined,error,imp[0].transactionId,3.2.4
p002913,nationaltoday.com,prebid.media.net,request,2.6-202606,openrtb.field.undefined,error,imp[1].all,3.2.4
p002913,nationaltoday.com,prebid.media.net,request,2.6-202606,openrtb.type.mismatch,error,imp[1].banner,3.2.4
p002913,nationaltoday.com,prebid.media.net,request,2.6-202606,openrtb.field.undefined,error,imp[1].ortb2Imp,3.2.4
p002913,nationaltoday.com,prebid.media.net,request,2.6-202606,openrtb.field.undefined,error,imp[1].transactionId,3.2.4
p002913,nationaltoday.com,prebid.media.net,request,2.6-202606,openrtb.field.undefined,error,imp[2].all,3.2.4
p002913,nationaltoday.com,prebid.media.net,request,2.6-202606,openrtb.type.mismatch,error,imp[2].banner,3.2.4
p002913,nationaltoday.com,prebid.media.net,request,2.6-202606,openrtb.field.undefined,error,imp[2].ortb2Imp,3.2.4
p002913,nationaltoday.com,prebid.media.net,request,2.6-202606,openrtb.field.undefined,error,imp[2].transactionId,3.2.4
p002913,nationaltoday.com,prebid.media.net,request,2.6-202606,openrtb.field.undefined,error,ortb2,3.2.1
p002913,nationaltoday.com,prebid.media.net,request,2.6-202606,openrtb.field.undefined,error,site.canonical_url,3.2.13
p002913,nationaltoday.com,prebid.media.net,request,2.6-202606,openrtb.field.undefined,error,site.isTop,3.2.13
p002913,nationaltoday.com,prebid.media.net,request,2.6-202606,openrtb.field.undefined,error,site.topMostLocation,3.2.13
p002914,nationaltoday.com,prebid.media.net,request,2.6-202606,openrtb.field.undefined,error,imp[0].all,3.2.4
p002914,nationaltoday.com,prebid.media.net,request,2.6-202606,openrtb.field.undefined,error,imp[0].ortb2Imp,3.2.4
p002914,nationaltoday.com,prebid.media.net,request,2.6-202606,openrtb.field.undefined,error,imp[0].transactionId,3.2.4
p002914,nationaltoday.com,prebid.media.net,request,2.6-202606,openrtb.field.undefined,error,imp[0].video.context,3.2.7
p002914,nationaltoday.com,prebid.media.net,request,2.6-202606,openrtb.field.deprecated,warning,imp[0].video.placement,Section 3.2.7
p002914,nationaltoday.com,prebid.media.net,request,2.6-202606,openrtb.field.undefined,error,imp[0].video.playerSize,3.2.7
p002914,nationaltoday.com,prebid.media.net,request,2.6-202606,openrtb.field.undefined,error,ortb2,3.2.1
p002914,nationaltoday.com,prebid.media.net,request,2.6-202606,openrtb.field.undefined,error,site.canonical_url,3.2.13
p002914,nationaltoday.com,prebid.media.net,request,2.6-202606,openrtb.field.undefined,error,site.isTop,3.2.13
p002914,nationaltoday.com,prebid.media.net,request,2.6-202606,openrtb.field.undefined,error,site.topMostLocation,3.2.13
p002915,nationaltoday.com,prebid.media.net,request,2.6-202606,openrtb.field.undefined,error,imp[0].all,3.2.4
p002915,nationaltoday.com,prebid.media.net,request,2.6-202606,openrtb.type.mismatch,error,imp[0].banner,3.2.4
p002915,nationaltoday.com,prebid.media.net,request,2.6-202606,openrtb.field.undefined,error,imp[0].ortb2Imp,3.2.4
p002915,nationaltoday.com,prebid.media.net,request,2.6-202606,openrtb.field.undefined,error,imp[0].transactionId,3.2.4
p002915,nationaltoday.com,prebid.media.net,request,2.6-202606,openrtb.field.undefined,error,ortb2,3.2.1
p002915,nationaltoday.com,prebid.media.net,request,2.6-202606,openrtb.field.undefined,error,site.canonical_url,3.2.13
p002915,nationaltoday.com,prebid.media.net,request,2.6-202606,openrtb.field.undefined,error,site.isTop,3.2.13
p002915,nationaltoday.com,prebid.media.net,request,2.6-202606,openrtb.field.undefined,error,site.topMostLocation,3.2.13
p002916,nationaltoday.com,prebid.media.net,request,2.6-202606,openrtb.field.undefined,error,imp[0].all,3.2.4
p002916,nationaltoday.com,prebid.media.net,request,2.6-202606,openrtb.field.undefined,error,imp[0].ortb2Imp,3.2.4
p002916,nationaltoday.com,prebid.media.net,request,2.6-202606,openrtb.field.undefined,error,imp[0].transactionId,3.2.4
p002916,nationaltoday.com,prebid.media.net,request,2.6-202606,openrtb.field.undefined,error,imp[0].video.context,3.2.7
p002916,nationaltoday.com,prebid.media.net,request,2.6-202606,openrtb.field.deprecated,warning,imp[0].video.placement,Section 3.2.7
p002916,nationaltoday.com,prebid.media.net,request,2.6-202606,openrtb.field.undefined,error,imp[0].video.playerSize,3.2.7
p002916,nationaltoday.com,prebid.media.net,request,2.6-202606,openrtb.field.undefined,error,ortb2,3.2.1
p002916,nationaltoday.com,prebid.media.net,request,2.6-202606,openrtb.field.undefined,error,site.canonical_url,3.2.13
p002916,nationaltoday.com,prebid.media.net,request,2.6-202606,openrtb.field.undefined,error,site.isTop,3.2.13
p002916,nationaltoday.com,prebid.media.net,request,2.6-202606,openrtb.field.undefined,error,site.topMostLocation,3.2.13
p002917,nesn.com,prebid.media.net,request,2.6-202606,openrtb.field.undefined,error,imp[0].all,3.2.4
p002917,nesn.com,prebid.media.net,request,2.6-202606,openrtb.type.mismatch,error,imp[0].banner,3.2.4
p002917,nesn.com,prebid.media.net,request,2.6-202606,openrtb.field.undefined,error,imp[0].ortb2Imp,3.2.4
p002917,nesn.com,prebid.media.net,request,2.6-202606,openrtb.field.undefined,error,imp[0].transactionId,3.2.4
p002917,nesn.com,prebid.media.net,request,2.6-202606,openrtb.field.undefined,error,ortb2,3.2.1
p002917,nesn.com,prebid.media.net,request,2.6-202606,openrtb.field.undefined,error,site.canonical_url,3.2.13
p002917,nesn.com,prebid.media.net,request,2.6-202606,openrtb.field.undefined,error,site.isTop,3.2.13
p002917,nesn.com,prebid.media.net,request,2.6-202606,openrtb.field.undefined,error,site.og_url,3.2.13
p002917,nesn.com,prebid.media.net,request,2.6-202606,openrtb.field.undefined,error,site.topMostLocation,3.2.13
p002917,nesn.com,prebid.media.net,request,2.6-202606,openrtb.field.undefined,error,site.twitter_url,3.2.13
p002918,nationaltoday.com,prebid.media.net,request,2.6-202606,openrtb.field.undefined,error,imp[0].all,3.2.4
p002918,nationaltoday.com,prebid.media.net,request,2.6-202606,openrtb.field.undefined,error,imp[0].ortb2Imp,3.2.4
p002918,nationaltoday.com,prebid.media.net,request,2.6-202606,openrtb.field.undefined,error,imp[0].transactionId,3.2.4
p002918,nationaltoday.com,prebid.media.net,request,2.6-202606,openrtb.field.undefined,error,imp[0].video.context,3.2.7
p002918,nationaltoday.com,prebid.media.net,request,2.6-202606,openrtb.field.deprecated,warning,imp[0].video.placement,Section 3.2.7
p002918,nationaltoday.com,prebid.media.net,request,2.6-202606,openrtb.field.undefined,error,imp[0].video.playerSize,3.2.7
p002918,nationaltoday.com,prebid.media.net,request,2.6-202606,openrtb.field.undefined,error,ortb2,3.2.1
p002918,nationaltoday.com,prebid.media.net,request,2.6-202606,openrtb.field.undefined,error,site.canonical_url,3.2.13
p002918,nationaltoday.com,prebid.media.net,request,2.6-202606,openrtb.field.undefined,error,site.isTop,3.2.13
p002918,nationaltoday.com,prebid.media.net,request,2.6-202606,openrtb.field.undefined,error,site.topMostLocation,3.2.13
p002919,nesn.com,prebid.media.net,request,2.6-202606,openrtb.field.undefined,error,imp[0].all,3.2.4
p002919,nesn.com,prebid.media.net,request,2.6-202606,openrtb.type.mismatch,error,imp[0].banner,3.2.4
p002919,nesn.com,prebid.media.net,request,2.6-202606,openrtb.field.undefined,error,imp[0].ortb2Imp,3.2.4
p002919,nesn.com,prebid.media.net,request,2.6-202606,openrtb.field.undefined,error,imp[0].transactionId,3.2.4
p002919,nesn.com,prebid.media.net,request,2.6-202606,openrtb.field.undefined,error,ortb2,3.2.1
p002919,nesn.com,prebid.media.net,request,2.6-202606,openrtb.field.undefined,error,site.canonical_url,3.2.13
p002919,nesn.com,prebid.media.net,request,2.6-202606,openrtb.field.undefined,error,site.isTop,3.2.13
p002919,nesn.com,prebid.media.net,request,2.6-202606,openrtb.field.undefined,error,site.og_url,3.2.13
p002919,nesn.com,prebid.media.net,request,2.6-202606,openrtb.field.undefined,error,site.topMostLocation,3.2.13
p002919,nesn.com,prebid.media.net,request,2.6-202606,openrtb.field.undefined,error,site.twitter_url,3.2.13
p002920,nesn.com,prebid.media.net,request,2.6-202606,openrtb.field.undefined,error,imp[0].all,3.2.4
p002920,nesn.com,prebid.media.net,request,2.6-202606,openrtb.field.undefined,error,imp[0].bidfloors,3.2.4
p002920,nesn.com,prebid.media.net,request,2.6-202606,openrtb.field.undefined,error,imp[0].ortb2Imp,3.2.4
p002920,nesn.com,prebid.media.net,request,2.6-202606,openrtb.field.undefined,error,imp[0].transactionId,3.2.4
p002920,nesn.com,prebid.media.net,request,2.6-202606,openrtb.field.undefined,error,imp[0].video.context,3.2.7
p002920,nesn.com,prebid.media.net,request,2.6-202606,openrtb.field.deprecated,warning,imp[0].video.placement,Section 3.2.7
p002920,nesn.com,prebid.media.net,request,2.6-202606,openrtb.field.undefined,error,imp[0].video.playerSize,3.2.7
p002920,nesn.com,prebid.media.net,request,2.6-202606,openrtb.field.undefined,error,imp[1].all,3.2.4
p002920,nesn.com,prebid.media.net,request,2.6-202606,openrtb.field.undefined,error,imp[1].bidfloors,3.2.4
p002920,nesn.com,prebid.media.net,request,2.6-202606,openrtb.field.undefined,error,imp[1].ortb2Imp,3.2.4
p002920,nesn.com,prebid.media.net,request,2.6-202606,openrtb.field.undefined,error,imp[1].transactionId,3.2.4
p002920,nesn.com,prebid.media.net,request,2.6-202606,openrtb.field.undefined,error,imp[1].video.context,3.2.7
p002920,nesn.com,prebid.media.net,request,2.6-202606,openrtb.field.deprecated,warning,imp[1].video.placement,Section 3.2.7
p002920,nesn.com,prebid.media.net,request,2.6-202606,openrtb.field.undefined,error,imp[1].video.playerSize,3.2.7
p002920,nesn.com,prebid.media.net,request,2.6-202606,openrtb.field.undefined,error,imp[2].all,3.2.4
p002920,nesn.com,prebid.media.net,request,2.6-202606,openrtb.field.undefined,error,imp[2].bidfloors,3.2.4
p002920,nesn.com,prebid.media.net,request,2.6-202606,openrtb.field.undefined,error,imp[2].ortb2Imp,3.2.4
p002920,nesn.com,prebid.media.net,request,2.6-202606,openrtb.field.undefined,error,imp[2].transactionId,3.2.4
p002920,nesn.com,prebid.media.net,request,2.6-202606,openrtb.field.undefined,error,imp[2].video.context,3.2.7
p002920,nesn.com,prebid.media.net,request,2.6-202606,openrtb.field.deprecated,warning,imp[2].video.placement,Section 3.2.7
p002920,nesn.com,prebid.media.net,request,2.6-202606,openrtb.field.undefined,error,imp[2].video.playerSize,3.2.7
p002920,nesn.com,prebid.media.net,request,2.6-202606,openrtb.field.undefined,error,ortb2,3.2.1
p002920,nesn.com,prebid.media.net,request,2.6-202606,openrtb.field.undefined,error,site.canonical_url,3.2.13
p002920,nesn.com,prebid.media.net,request,2.6-202606,openrtb.field.undefined,error,site.isTop,3.2.13
p002920,nesn.com,prebid.media.net,request,2.6-202606,openrtb.field.undefined,error,site.topMostLocation,3.2.13
p002921,nesn.com,prebid.media.net,request,2.6-202606,openrtb.field.undefined,error,imp[0].all,3.2.4
p002921,nesn.com,prebid.media.net,request,2.6-202606,openrtb.field.undefined,error,imp[0].bidfloors,3.2.4
p002921,nesn.com,prebid.media.net,request,2.6-202606,openrtb.field.undefined,error,imp[0].ortb2Imp,3.2.4
p002921,nesn.com,prebid.media.net,request,2.6-202606,openrtb.field.undefined,error,imp[0].transactionId,3.2.4
p002921,nesn.com,prebid.media.net,request,2.6-202606,openrtb.field.undefined,error,imp[0].video.context,3.2.7
p002921,nesn.com,prebid.media.net,request,2.6-202606,openrtb.field.deprecated,warning,imp[0].video.placement,Section 3.2.7
p002921,nesn.com,prebid.media.net,request,2.6-202606,openrtb.field.undefined,error,imp[0].video.playerSize,3.2.7
p002921,nesn.com,prebid.media.net,request,2.6-202606,openrtb.field.undefined,error,imp[1].all,3.2.4
p002921,nesn.com,prebid.media.net,request,2.6-202606,openrtb.field.undefined,error,imp[1].bidfloors,3.2.4
p002921,nesn.com,prebid.media.net,request,2.6-202606,openrtb.field.undefined,error,imp[1].ortb2Imp,3.2.4
p002921,nesn.com,prebid.media.net,request,2.6-202606,openrtb.field.undefined,error,imp[1].transactionId,3.2.4
p002921,nesn.com,prebid.media.net,request,2.6-202606,openrtb.field.undefined,error,imp[1].video.context,3.2.7
p002921,nesn.com,prebid.media.net,request,2.6-202606,openrtb.field.deprecated,warning,imp[1].video.placement,Section 3.2.7
p002921,nesn.com,prebid.media.net,request,2.6-202606,openrtb.field.undefined,error,imp[1].video.playerSize,3.2.7
p002921,nesn.com,prebid.media.net,request,2.6-202606,openrtb.field.undefined,error,imp[2].all,3.2.4
p002921,nesn.com,prebid.media.net,request,2.6-202606,openrtb.field.undefined,error,imp[2].bidfloors,3.2.4
p002921,nesn.com,prebid.media.net,request,2.6-202606,openrtb.field.undefined,error,imp[2].ortb2Imp,3.2.4
p002921,nesn.com,prebid.media.net,request,2.6-202606,openrtb.field.undefined,error,imp[2].transactionId,3.2.4
p002921,nesn.com,prebid.media.net,request,2.6-202606,openrtb.field.undefined,error,imp[2].video.context,3.2.7
p002921,nesn.com,prebid.media.net,request,2.6-202606,openrtb.field.deprecated,warning,imp[2].video.placement,Section 3.2.7
p002921,nesn.com,prebid.media.net,request,2.6-202606,openrtb.field.undefined,error,imp[2].video.playerSize,3.2.7
p002921,nesn.com,prebid.media.net,request,2.6-202606,openrtb.field.undefined,error,imp[3].all,3.2.4
p002921,nesn.com,prebid.media.net,request,2.6-202606,openrtb.field.undefined,error,imp[3].bidfloors,3.2.4
p002921,nesn.com,prebid.media.net,request,2.6-202606,openrtb.field.undefined,error,imp[3].ortb2Imp,3.2.4
p002921,nesn.com,prebid.media.net,request,2.6-202606,openrtb.field.undefined,error,imp[3].transactionId,3.2.4
p002921,nesn.com,prebid.media.net,request,2.6-202606,openrtb.field.undefined,error,imp[3].video.context,3.2.7
p002921,nesn.com,prebid.media.net,request,2.6-202606,openrtb.field.deprecated,warning,imp[3].video.placement,Section 3.2.7
p002921,nesn.com,prebid.media.net,request,2.6-202606,openrtb.field.undefined,error,imp[3].video.playerSize,3.2.7
p002921,nesn.com,prebid.media.net,request,2.6-202606,openrtb.field.undefined,error,imp[4].all,3.2.4
p002921,nesn.com,prebid.media.net,request,2.6-202606,openrtb.field.undefined,error,imp[4].bidfloors,3.2.4
p002921,nesn.com,prebid.media.net,request,2.6-202606,openrtb.field.undefined,error,imp[4].ortb2Imp,3.2.4
p002921,nesn.com,prebid.media.net,request,2.6-202606,openrtb.field.undefined,error,imp[4].transactionId,3.2.4
p002921,nesn.com,prebid.media.net,request,2.6-202606,openrtb.field.undefined,error,imp[4].video.context,3.2.7
p002921,nesn.com,prebid.media.net,request,2.6-202606,openrtb.field.deprecated,warning,imp[4].video.placement,Section 3.2.7
p002921,nesn.com,prebid.media.net,request,2.6-202606,openrtb.field.undefined,error,imp[4].video.playerSize,3.2.7
p002921,nesn.com,prebid.media.net,request,2.6-202606,openrtb.field.undefined,error,imp[5].all,3.2.4
p002921,nesn.com,prebid.media.net,request,2.6-202606,openrtb.field.undefined,error,imp[5].bidfloors,3.2.4
p002921,nesn.com,prebid.media.net,request,2.6-202606,openrtb.field.undefined,error,imp[5].ortb2Imp,3.2.4
p002921,nesn.com,prebid.media.net,request,2.6-202606,openrtb.field.undefined,error,imp[5].transactionId,3.2.4
p002921,nesn.com,prebid.media.net,request,2.6-202606,openrtb.field.undefined,error,imp[5].video.context,3.2.7
p002921,nesn.com,prebid.media.net,request,2.6-202606,openrtb.field.deprecated,warning,imp[5].video.placement,Section 3.2.7
p002921,nesn.com,prebid.media.net,request,2.6-202606,openrtb.field.undefined,error,imp[5].video.playerSize,3.2.7
p002921,nesn.com,prebid.media.net,request,2.6-202606,openrtb.field.undefined,error,imp[6].all,3.2.4
p002921,nesn.com,prebid.media.net,request,2.6-202606,openrtb.field.undefined,error,imp[6].bidfloors,3.2.4
p002921,nesn.com,prebid.media.net,request,2.6-202606,openrtb.field.undefined,error,imp[6].ortb2Imp,3.2.4
p002921,nesn.com,prebid.media.net,request,2.6-202606,openrtb.field.undefined,error,imp[6].transactionId,3.2.4
p002921,nesn.com,prebid.media.net,request,2.6-202606,openrtb.field.undefined,error,imp[6].video.context,3.2.7
p002921,nesn.com,prebid.media.net,request,2.6-202606,openrtb.field.deprecated,warning,imp[6].video.placement,Section 3.2.7
p002921,nesn.com,prebid.media.net,request,2.6-202606,openrtb.field.undefined,error,imp[6].video.playerSize,3.2.7
p002921,nesn.com,prebid.media.net,request,2.6-202606,openrtb.field.undefined,error,imp[7].all,3.2.4
p002921,nesn.com,prebid.media.net,request,2.6-202606,openrtb.field.undefined,error,imp[7].bidfloors,3.2.4
p002921,nesn.com,prebid.media.net,request,2.6-202606,openrtb.field.undefined,error,imp[7].ortb2Imp,3.2.4
p002921,nesn.com,prebid.media.net,request,2.6-202606,openrtb.field.undefined,error,imp[7].transactionId,3.2.4
p002921,nesn.com,prebid.media.net,request,2.6-202606,openrtb.field.undefined,error,imp[7].video.context,3.2.7
p002921,nesn.com,prebid.media.net,request,2.6-202606,openrtb.field.deprecated,warning,imp[7].video.placement,Section 3.2.7
p002921,nesn.com,prebid.media.net,request,2.6-202606,openrtb.field.undefined,error,imp[7].video.playerSize,3.2.7
p002921,nesn.com,prebid.media.net,request,2.6-202606,openrtb.field.undefined,error,imp[8].all,3.2.4
p002921,nesn.com,prebid.media.net,request,2.6-202606,openrtb.field.undefined,error,imp[8].bidfloors,3.2.4
p002921,nesn.com,prebid.media.net,request,2.6-202606,openrtb.field.undefined,error,imp[8].ortb2Imp,3.2.4
p002921,nesn.com,prebid.media.net,request,2.6-202606,openrtb.field.undefined,error,imp[8].transactionId,3.2.4
p002921,nesn.com,prebid.media.net,request,2.6-202606,openrtb.field.undefined,error,imp[8].video.context,3.2.7
p002921,nesn.com,prebid.media.net,request,2.6-202606,openrtb.field.deprecated,warning,imp[8].video.placement,Section 3.2.7
p002921,nesn.com,prebid.media.net,request,2.6-202606,openrtb.field.undefined,error,imp[8].video.playerSize,3.2.7
p002921,nesn.com,prebid.media.net,request,2.6-202606,openrtb.field.undefined,error,imp[9].all,3.2.4
p002921,nesn.com,prebid.media.net,request,2.6-202606,openrtb.field.undefined,error,imp[9].bidfloors,3.2.4
p002921,nesn.com,prebid.media.net,request,2.6-202606,openrtb.field.undefined,error,imp[9].ortb2Imp,3.2.4
p002921,nesn.com,prebid.media.net,request,2.6-202606,openrtb.field.undefined,error,imp[9].transactionId,3.2.4
p002921,nesn.com,prebid.media.net,request,2.6-202606,openrtb.field.undefined,error,imp[9].video.context,3.2.7
p002921,nesn.com,prebid.media.net,request,2.6-202606,openrtb.field.deprecated,warning,imp[9].video.placement,Section 3.2.7
p002921,nesn.com,prebid.media.net,request,2.6-202606,openrtb.field.undefined,error,imp[9].video.playerSize,3.2.7
p002921,nesn.com,prebid.media.net,request,2.6-202606,openrtb.field.undefined,error,ortb2,3.2.1
p002921,nesn.com,prebid.media.net,request,2.6-202606,openrtb.field.undefined,error,site.canonical_url,3.2.13
p002921,nesn.com,prebid.media.net,request,2.6-202606,openrtb.field.undefined,error,site.isTop,3.2.13
p002921,nesn.com,prebid.media.net,request,2.6-202606,openrtb.field.undefined,error,site.topMostLocation,3.2.13
p002922,nesn.com,prebid.media.net,request,2.6-202606,openrtb.field.undefined,error,imp[0].all,3.2.4
p002922,nesn.com,prebid.media.net,request,2.6-202606,openrtb.type.mismatch,error,imp[0].banner,3.2.4
p002922,nesn.com,prebid.media.net,request,2.6-202606,openrtb.field.undefined,error,imp[0].ortb2Imp,3.2.4
p002922,nesn.com,prebid.media.net,request,2.6-202606,openrtb.field.undefined,error,imp[0].transactionId,3.2.4
p002922,nesn.com,prebid.media.net,request,2.6-202606,openrtb.field.undefined,error,imp[1].all,3.2.4
p002922,nesn.com,prebid.media.net,request,2.6-202606,openrtb.type.mismatch,error,imp[1].banner,3.2.4
p002922,nesn.com,prebid.media.net,request,2.6-202606,openrtb.field.undefined,error,imp[1].ortb2Imp,3.2.4
p002922,nesn.com,prebid.media.net,request,2.6-202606,openrtb.field.undefined,error,imp[1].transactionId,3.2.4
p002922,nesn.com,prebid.media.net,request,2.6-202606,openrtb.field.undefined,error,imp[2].all,3.2.4
p002922,nesn.com,prebid.media.net,request,2.6-202606,openrtb.type.mismatch,error,imp[2].banner,3.2.4
p002922,nesn.com,prebid.media.net,request,2.6-202606,openrtb.field.undefined,error,imp[2].ortb2Imp,3.2.4
p002922,nesn.com,prebid.media.net,request,2.6-202606,openrtb.field.undefined,error,imp[2].transactionId,3.2.4
p002922,nesn.com,prebid.media.net,request,2.6-202606,openrtb.field.undefined,error,ortb2,3.2.1
p002922,nesn.com,prebid.media.net,request,2.6-202606,openrtb.field.undefined,error,site.canonical_url,3.2.13
p002922,nesn.com,prebid.media.net,request,2.6-202606,openrtb.field.undefined,error,site.isTop,3.2.13
p002922,nesn.com,prebid.media.net,request,2.6-202606,openrtb.field.undefined,error,site.og_url,3.2.13
p002922,nesn.com,prebid.media.net,request,2.6-202606,openrtb.field.undefined,error,site.topMostLocation,3.2.13
p002922,nesn.com,prebid.media.net,request,2.6-202606,openrtb.field.undefined,error,site.twitter_url,3.2.13
p002923,nesn.com,prebid.media.net,request,2.6-202606,openrtb.field.undefined,error,imp[0].all,3.2.4
p002923,nesn.com,prebid.media.net,request,2.6-202606,openrtb.field.undefined,error,imp[0].bidfloors,3.2.4
p002923,nesn.com,prebid.media.net,request,2.6-202606,openrtb.field.undefined,error,imp[0].ortb2Imp,3.2.4
p002923,nesn.com,prebid.media.net,request,2.6-202606,openrtb.field.undefined,error,imp[0].transactionId,3.2.4
p002923,nesn.com,prebid.media.net,request,2.6-202606,openrtb.field.undefined,error,imp[0].video.context,3.2.7
p002923,nesn.com,prebid.media.net,request,2.6-202606,openrtb.field.deprecated,warning,imp[0].video.placement,Section 3.2.7
p002923,nesn.com,prebid.media.net,request,2.6-202606,openrtb.field.undefined,error,imp[0].video.playerSize,3.2.7
p002923,nesn.com,prebid.media.net,request,2.6-202606,openrtb.field.undefined,error,ortb2,3.2.1
p002923,nesn.com,prebid.media.net,request,2.6-202606,openrtb.field.undefined,error,site.canonical_url,3.2.13
p002923,nesn.com,prebid.media.net,request,2.6-202606,openrtb.field.undefined,error,site.isTop,3.2.13
p002923,nesn.com,prebid.media.net,request,2.6-202606,openrtb.field.undefined,error,site.topMostLocation,3.2.13
p002924,nesn.com,prebid.media.net,request,2.6-202606,openrtb.field.undefined,error,imp[0].all,3.2.4
p002924,nesn.com,prebid.media.net,request,2.6-202606,openrtb.field.undefined,error,imp[0].bidfloors,3.2.4
p002924,nesn.com,prebid.media.net,request,2.6-202606,openrtb.field.undefined,error,imp[0].ortb2Imp,3.2.4
p002924,nesn.com,prebid.media.net,request,2.6-202606,openrtb.field.undefined,error,imp[0].transactionId,3.2.4
p002924,nesn.com,prebid.media.net,request,2.6-202606,openrtb.field.undefined,error,imp[0].video.context,3.2.7
p002924,nesn.com,prebid.media.net,request,2.6-202606,openrtb.field.deprecated,warning,imp[0].video.placement,Section 3.2.7
p002924,nesn.com,prebid.media.net,request,2.6-202606,openrtb.field.undefined,error,imp[0].video.playerSize,3.2.7
p002924,nesn.com,prebid.media.net,request,2.6-202606,openrtb.field.undefined,error,imp[1].all,3.2.4
p002924,nesn.com,prebid.media.net,request,2.6-202606,openrtb.field.undefined,error,imp[1].bidfloors,3.2.4
p002924,nesn.com,prebid.media.net,request,2.6-202606,openrtb.field.undefined,error,imp[1].ortb2Imp,3.2.4
p002924,nesn.com,prebid.media.net,request,2.6-202606,openrtb.field.undefined,error,imp[1].transactionId,3.2.4
p002924,nesn.com,prebid.media.net,request,2.6-202606,openrtb.field.undefined,error,imp[1].video.context,3.2.7
p002924,nesn.com,prebid.media.net,request,2.6-202606,openrtb.field.deprecated,warning,imp[1].video.placement,Section 3.2.7
p002924,nesn.com,prebid.media.net,request,2.6-202606,openrtb.field.undefined,error,imp[1].video.playerSize,3.2.7
p002924,nesn.com,prebid.media.net,request,2.6-202606,openrtb.field.undefined,error,imp[2].all,3.2.4
p002924,nesn.com,prebid.media.net,request,2.6-202606,openrtb.field.undefined,error,imp[2].bidfloors,3.2.4
p002924,nesn.com,prebid.media.net,request,2.6-202606,openrtb.field.undefined,error,imp[2].ortb2Imp,3.2.4
p002924,nesn.com,prebid.media.net,request,2.6-202606,openrtb.field.undefined,error,imp[2].transactionId,3.2.4
p002924,nesn.com,prebid.media.net,request,2.6-202606,openrtb.field.undefined,error,imp[2].video.context,3.2.7
p002924,nesn.com,prebid.media.net,request,2.6-202606,openrtb.field.deprecated,warning,imp[2].video.placement,Section 3.2.7
p002924,nesn.com,prebid.media.net,request,2.6-202606,openrtb.field.undefined,error,imp[2].video.playerSize,3.2.7
p002924,nesn.com,prebid.media.net,request,2.6-202606,openrtb.field.undefined,error,imp[3].all,3.2.4
p002924,nesn.com,prebid.media.net,request,2.6-202606,openrtb.field.undefined,error,imp[3].bidfloors,3.2.4
p002924,nesn.com,prebid.media.net,request,2.6-202606,openrtb.field.undefined,error,imp[3].ortb2Imp,3.2.4
p002924,nesn.com,prebid.media.net,request,2.6-202606,openrtb.field.undefined,error,imp[3].transactionId,3.2.4
p002924,nesn.com,prebid.media.net,request,2.6-202606,openrtb.field.undefined,error,imp[3].video.context,3.2.7
p002924,nesn.com,prebid.media.net,request,2.6-202606,openrtb.field.deprecated,warning,imp[3].video.placement,Section 3.2.7
p002924,nesn.com,prebid.media.net,request,2.6-202606,openrtb.field.undefined,error,imp[3].video.playerSize,3.2.7
p002924,nesn.com,prebid.media.net,request,2.6-202606,openrtb.field.undefined,error,imp[4].all,3.2.4
p002924,nesn.com,prebid.media.net,request,2.6-202606,openrtb.field.undefined,error,imp[4].bidfloors,3.2.4
p002924,nesn.com,prebid.media.net,request,2.6-202606,openrtb.field.undefined,error,imp[4].ortb2Imp,3.2.4
p002924,nesn.com,prebid.media.net,request,2.6-202606,openrtb.field.undefined,error,imp[4].transactionId,3.2.4
p002924,nesn.com,prebid.media.net,request,2.6-202606,openrtb.field.undefined,error,imp[4].video.context,3.2.7
p002924,nesn.com,prebid.media.net,request,2.6-202606,openrtb.field.deprecated,warning,imp[4].video.placement,Section 3.2.7
p002924,nesn.com,prebid.media.net,request,2.6-202606,openrtb.field.undefined,error,imp[4].video.playerSize,3.2.7
p002924,nesn.com,prebid.media.net,request,2.6-202606,openrtb.field.undefined,error,imp[5].all,3.2.4
p002924,nesn.com,prebid.media.net,request,2.6-202606,openrtb.field.undefined,error,imp[5].bidfloors,3.2.4
p002924,nesn.com,prebid.media.net,request,2.6-202606,openrtb.field.undefined,error,imp[5].ortb2Imp,3.2.4
p002924,nesn.com,prebid.media.net,request,2.6-202606,openrtb.field.undefined,error,imp[5].transactionId,3.2.4
p002924,nesn.com,prebid.media.net,request,2.6-202606,openrtb.field.undefined,error,imp[5].video.context,3.2.7
p002924,nesn.com,prebid.media.net,request,2.6-202606,openrtb.field.deprecated,warning,imp[5].video.placement,Section 3.2.7
p002924,nesn.com,prebid.media.net,request,2.6-202606,openrtb.field.undefined,error,imp[5].video.playerSize,3.2.7
p002924,nesn.com,prebid.media.net,request,2.6-202606,openrtb.field.undefined,error,imp[6].all,3.2.4
p002924,nesn.com,prebid.media.net,request,2.6-202606,openrtb.field.undefined,error,imp[6].bidfloors,3.2.4
p002924,nesn.com,prebid.media.net,request,2.6-202606,openrtb.field.undefined,error,imp[6].ortb2Imp,3.2.4
p002924,nesn.com,prebid.media.net,request,2.6-202606,openrtb.field.undefined,error,imp[6].transactionId,3.2.4
p002924,nesn.com,prebid.media.net,request,2.6-202606,openrtb.field.undefined,error,imp[6].video.context,3.2.7
p002924,nesn.com,prebid.media.net,request,2.6-202606,openrtb.field.deprecated,warning,imp[6].video.placement,Section 3.2.7
p002924,nesn.com,prebid.media.net,request,2.6-202606,openrtb.field.undefined,error,imp[6].video.playerSize,3.2.7
p002924,nesn.com,prebid.media.net,request,2.6-202606,openrtb.field.undefined,error,imp[7].all,3.2.4
p002924,nesn.com,prebid.media.net,request,2.6-202606,openrtb.field.undefined,error,imp[7].bidfloors,3.2.4
p002924,nesn.com,prebid.media.net,request,2.6-202606,openrtb.field.undefined,error,imp[7].ortb2Imp,3.2.4
p002924,nesn.com,prebid.media.net,request,2.6-202606,openrtb.field.undefined,error,imp[7].transactionId,3.2.4
p002924,nesn.com,prebid.media.net,request,2.6-202606,openrtb.field.undefined,error,imp[7].video.context,3.2.7
p002924,nesn.com,prebid.media.net,request,2.6-202606,openrtb.field.deprecated,warning,imp[7].video.placement,Section 3.2.7
p002924,nesn.com,prebid.media.net,request,2.6-202606,openrtb.field.undefined,error,imp[7].video.playerSize,3.2.7
p002924,nesn.com,prebid.media.net,request,2.6-202606,openrtb.field.undefined,error,imp[8].all,3.2.4
p002924,nesn.com,prebid.media.net,request,2.6-202606,openrtb.field.undefined,error,imp[8].bidfloors,3.2.4
p002924,nesn.com,prebid.media.net,request,2.6-202606,openrtb.field.undefined,error,imp[8].ortb2Imp,3.2.4
p002924,nesn.com,prebid.media.net,request,2.6-202606,openrtb.field.undefined,error,imp[8].transactionId,3.2.4
p002924,nesn.com,prebid.media.net,request,2.6-202606,openrtb.field.undefined,error,imp[8].video.context,3.2.7
p002924,nesn.com,prebid.media.net,request,2.6-202606,openrtb.field.deprecated,warning,imp[8].video.placement,Section 3.2.7
p002924,nesn.com,prebid.media.net,request,2.6-202606,openrtb.field.undefined,error,imp[8].video.playerSize,3.2.7
p002924,nesn.com,prebid.media.net,request,2.6-202606,openrtb.field.undefined,error,imp[9].all,3.2.4
p002924,nesn.com,prebid.media.net,request,2.6-202606,openrtb.field.undefined,error,imp[9].bidfloors,3.2.4
p002924,nesn.com,prebid.media.net,request,2.6-202606,openrtb.field.undefined,error,imp[9].ortb2Imp,3.2.4
p002924,nesn.com,prebid.media.net,request,2.6-202606,openrtb.field.undefined,error,imp[9].transactionId,3.2.4
p002924,nesn.com,prebid.media.net,request,2.6-202606,openrtb.field.undefined,error,imp[9].video.context,3.2.7
p002924,nesn.com,prebid.media.net,request,2.6-202606,openrtb.field.deprecated,warning,imp[9].video.placement,Section 3.2.7
p002924,nesn.com,prebid.media.net,request,2.6-202606,openrtb.field.undefined,error,imp[9].video.playerSize,3.2.7
p002924,nesn.com,prebid.media.net,request,2.6-202606,openrtb.field.undefined,error,ortb2,3.2.1
p002924,nesn.com,prebid.media.net,request,2.6-202606,openrtb.field.undefined,error,site.canonical_url,3.2.13
p002924,nesn.com,prebid.media.net,request,2.6-202606,openrtb.field.undefined,error,site.isTop,3.2.13
p002924,nesn.com,prebid.media.net,request,2.6-202606,openrtb.field.undefined,error,site.topMostLocation,3.2.13
p002925,nesn.com,prebid.media.net,request,2.6-202606,openrtb.field.undefined,error,imp[0].all,3.2.4
p002925,nesn.com,prebid.media.net,request,2.6-202606,openrtb.field.undefined,error,imp[0].bidfloors,3.2.4
p002925,nesn.com,prebid.media.net,request,2.6-202606,openrtb.field.undefined,error,imp[0].ortb2Imp,3.2.4
p002925,nesn.com,prebid.media.net,request,2.6-202606,openrtb.field.undefined,error,imp[0].transactionId,3.2.4
p002925,nesn.com,prebid.media.net,request,2.6-202606,openrtb.field.undefined,error,imp[0].video.context,3.2.7
p002925,nesn.com,prebid.media.net,request,2.6-202606,openrtb.field.deprecated,warning,imp[0].video.placement,Section 3.2.7
p002925,nesn.com,prebid.media.net,request,2.6-202606,openrtb.field.undefined,error,imp[0].video.playerSize,3.2.7
p002925,nesn.com,prebid.media.net,request,2.6-202606,openrtb.field.undefined,error,imp[1].all,3.2.4
p002925,nesn.com,prebid.media.net,request,2.6-202606,openrtb.field.undefined,error,imp[1].bidfloors,3.2.4
p002925,nesn.com,prebid.media.net,request,2.6-202606,openrtb.field.undefined,error,imp[1].ortb2Imp,3.2.4
p002925,nesn.com,prebid.media.net,request,2.6-202606,openrtb.field.undefined,error,imp[1].transactionId,3.2.4
p002925,nesn.com,prebid.media.net,request,2.6-202606,openrtb.field.undefined,error,imp[1].video.context,3.2.7
p002925,nesn.com,prebid.media.net,request,2.6-202606,openrtb.field.deprecated,warning,imp[1].video.placement,Section 3.2.7
p002925,nesn.com,prebid.media.net,request,2.6-202606,openrtb.field.undefined,error,imp[1].video.playerSize,3.2.7
p002925,nesn.com,prebid.media.net,request,2.6-202606,openrtb.field.undefined,error,ortb2,3.2.1
p002925,nesn.com,prebid.media.net,request,2.6-202606,openrtb.field.undefined,error,site.canonical_url,3.2.13
p002925,nesn.com,prebid.media.net,request,2.6-202606,openrtb.field.undefined,error,site.isTop,3.2.13
p002925,nesn.com,prebid.media.net,request,2.6-202606,openrtb.field.undefined,error,site.topMostLocation,3.2.13
p002926,philstar.com,prebid.media.net,request,2.6-202606,openrtb.field.undefined,error,imp[0].all,3.2.4
p002926,philstar.com,prebid.media.net,request,2.6-202606,openrtb.type.mismatch,error,imp[0].banner,3.2.4
p002926,philstar.com,prebid.media.net,request,2.6-202606,openrtb.field.undefined,error,imp[0].ortb2Imp,3.2.4
p002926,philstar.com,prebid.media.net,request,2.6-202606,openrtb.field.undefined,error,imp[0].transactionId,3.2.4
p002926,philstar.com,prebid.media.net,request,2.6-202606,openrtb.field.undefined,error,imp[1].all,3.2.4
p002926,philstar.com,prebid.media.net,request,2.6-202606,openrtb.type.mismatch,error,imp[1].banner,3.2.4
p002926,philstar.com,prebid.media.net,request,2.6-202606,openrtb.field.undefined,error,imp[1].ortb2Imp,3.2.4
p002926,philstar.com,prebid.media.net,request,2.6-202606,openrtb.field.undefined,error,imp[1].transactionId,3.2.4
p002926,philstar.com,prebid.media.net,request,2.6-202606,openrtb.field.undefined,error,imp[2].all,3.2.4
p002926,philstar.com,prebid.media.net,request,2.6-202606,openrtb.type.mismatch,error,imp[2].banner,3.2.4
p002926,philstar.com,prebid.media.net,request,2.6-202606,openrtb.field.undefined,error,imp[2].ortb2Imp,3.2.4
p002926,philstar.com,prebid.media.net,request,2.6-202606,openrtb.field.undefined,error,imp[2].transactionId,3.2.4
p002926,philstar.com,prebid.media.net,request,2.6-202606,openrtb.field.undefined,error,imp[3].all,3.2.4
p002926,philstar.com,prebid.media.net,request,2.6-202606,openrtb.type.mismatch,error,imp[3].banner,3.2.4
p002926,philstar.com,prebid.media.net,request,2.6-202606,openrtb.field.undefined,error,imp[3].ortb2Imp,3.2.4
p002926,philstar.com,prebid.media.net,request,2.6-202606,openrtb.field.undefined,error,imp[3].transactionId,3.2.4
p002926,philstar.com,prebid.media.net,request,2.6-202606,openrtb.field.undefined,error,imp[4].all,3.2.4
p002926,philstar.com,prebid.media.net,request,2.6-202606,openrtb.type.mismatch,error,imp[4].banner,3.2.4
p002926,philstar.com,prebid.media.net,request,2.6-202606,openrtb.field.undefined,error,imp[4].ortb2Imp,3.2.4
p002926,philstar.com,prebid.media.net,request,2.6-202606,openrtb.field.undefined,error,imp[4].transactionId,3.2.4
p002926,philstar.com,prebid.media.net,request,2.6-202606,openrtb.field.undefined,error,ortb2,3.2.1
p002926,philstar.com,prebid.media.net,request,2.6-202606,openrtb.field.undefined,error,site.canonical_url,3.2.13
p002926,philstar.com,prebid.media.net,request,2.6-202606,openrtb.field.undefined,error,site.isTop,3.2.13
p002926,philstar.com,prebid.media.net,request,2.6-202606,openrtb.field.undefined,error,site.topMostLocation,3.2.13
p002927,pilotonline.com,prebid.media.net,request,2.6-202606,openrtb.field.undefined,error,imp[0].all,3.2.4
p002927,pilotonline.com,prebid.media.net,request,2.6-202606,openrtb.field.undefined,error,imp[0].bidfloors,3.2.4
p002927,pilotonline.com,prebid.media.net,request,2.6-202606,openrtb.field.undefined,error,imp[0].ortb2Imp,3.2.4
p002927,pilotonline.com,prebid.media.net,request,2.6-202606,openrtb.field.undefined,error,imp[0].transactionId,3.2.4
p002927,pilotonline.com,prebid.media.net,request,2.6-202606,openrtb.field.undefined,error,imp[0].video.context,3.2.7
p002927,pilotonline.com,prebid.media.net,request,2.6-202606,openrtb.field.deprecated,warning,imp[0].video.placement,Section 3.2.7
p002927,pilotonline.com,prebid.media.net,request,2.6-202606,openrtb.field.undefined,error,imp[0].video.playerSize,3.2.7
p002927,pilotonline.com,prebid.media.net,request,2.6-202606,openrtb.field.undefined,error,ortb2,3.2.1
p002927,pilotonline.com,prebid.media.net,request,2.6-202606,openrtb.field.undefined,error,site.canonical_url,3.2.13
p002927,pilotonline.com,prebid.media.net,request,2.6-202606,openrtb.field.undefined,error,site.isTop,3.2.13
p002927,pilotonline.com,prebid.media.net,request,2.6-202606,openrtb.field.undefined,error,site.topMostLocation,3.2.13
p002928,pilotonline.com,prebid.media.net,request,2.6-202606,openrtb.field.undefined,error,imp[0].all,3.2.4
p002928,pilotonline.com,prebid.media.net,request,2.6-202606,openrtb.field.undefined,error,imp[0].bidfloors,3.2.4
p002928,pilotonline.com,prebid.media.net,request,2.6-202606,openrtb.field.undefined,error,imp[0].ortb2Imp,3.2.4
p002928,pilotonline.com,prebid.media.net,request,2.6-202606,openrtb.field.undefined,error,imp[0].transactionId,3.2.4
p002928,pilotonline.com,prebid.media.net,request,2.6-202606,openrtb.field.undefined,error,imp[0].video.context,3.2.7
p002928,pilotonline.com,prebid.media.net,request,2.6-202606,openrtb.field.deprecated,warning,imp[0].video.placement,Section 3.2.7
p002928,pilotonline.com,prebid.media.net,request,2.6-202606,openrtb.field.undefined,error,imp[0].video.playerSize,3.2.7
p002928,pilotonline.com,prebid.media.net,request,2.6-202606,openrtb.field.undefined,error,ortb2,3.2.1
p002928,pilotonline.com,prebid.media.net,request,2.6-202606,openrtb.field.undefined,error,site.canonical_url,3.2.13
p002928,pilotonline.com,prebid.media.net,request,2.6-202606,openrtb.field.undefined,error,site.isTop,3.2.13
p002928,pilotonline.com,prebid.media.net,request,2.6-202606,openrtb.field.undefined,error,site.topMostLocation,3.2.13
p002929,philstar.com,prebid.media.net,request,2.6-202606,openrtb.field.undefined,error,imp[0].all,3.2.4
p002929,philstar.com,prebid.media.net,request,2.6-202606,openrtb.type.mismatch,error,imp[0].banner,3.2.4
p002929,philstar.com,prebid.media.net,request,2.6-202606,openrtb.field.undefined,error,imp[0].ortb2Imp,3.2.4
p002929,philstar.com,prebid.media.net,request,2.6-202606,openrtb.field.undefined,error,imp[0].transactionId,3.2.4
p002929,philstar.com,prebid.media.net,request,2.6-202606,openrtb.field.undefined,error,imp[1].all,3.2.4
p002929,philstar.com,prebid.media.net,request,2.6-202606,openrtb.type.mismatch,error,imp[1].banner,3.2.4
p002929,philstar.com,prebid.media.net,request,2.6-202606,openrtb.field.undefined,error,imp[1].ortb2Imp,3.2.4
p002929,philstar.com,prebid.media.net,request,2.6-202606,openrtb.field.undefined,error,imp[1].transactionId,3.2.4
p002929,philstar.com,prebid.media.net,request,2.6-202606,openrtb.field.undefined,error,imp[2].all,3.2.4
p002929,philstar.com,prebid.media.net,request,2.6-202606,openrtb.type.mismatch,error,imp[2].banner,3.2.4
p002929,philstar.com,prebid.media.net,request,2.6-202606,openrtb.field.undefined,error,imp[2].ortb2Imp,3.2.4
p002929,philstar.com,prebid.media.net,request,2.6-202606,openrtb.field.undefined,error,imp[2].transactionId,3.2.4
p002929,philstar.com,prebid.media.net,request,2.6-202606,openrtb.field.undefined,error,imp[3].all,3.2.4
p002929,philstar.com,prebid.media.net,request,2.6-202606,openrtb.type.mismatch,error,imp[3].banner,3.2.4
p002929,philstar.com,prebid.media.net,request,2.6-202606,openrtb.field.undefined,error,imp[3].ortb2Imp,3.2.4
p002929,philstar.com,prebid.media.net,request,2.6-202606,openrtb.field.undefined,error,imp[3].transactionId,3.2.4
p002929,philstar.com,prebid.media.net,request,2.6-202606,openrtb.field.undefined,error,imp[4].all,3.2.4
p002929,philstar.com,prebid.media.net,request,2.6-202606,openrtb.type.mismatch,error,imp[4].banner,3.2.4
p002929,philstar.com,prebid.media.net,request,2.6-202606,openrtb.field.undefined,error,imp[4].ortb2Imp,3.2.4
p002929,philstar.com,prebid.media.net,request,2.6-202606,openrtb.field.undefined,error,imp[4].transactionId,3.2.4
p002929,philstar.com,prebid.media.net,request,2.6-202606,openrtb.field.undefined,error,ortb2,3.2.1
p002929,philstar.com,prebid.media.net,request,2.6-202606,openrtb.field.undefined,error,site.canonical_url,3.2.13
p002929,philstar.com,prebid.media.net,request,2.6-202606,openrtb.field.undefined,error,site.isTop,3.2.13
p002929,philstar.com,prebid.media.net,request,2.6-202606,openrtb.field.undefined,error,site.topMostLocation,3.2.13
p002930,philstar.com,prebid.media.net,request,2.6-202606,openrtb.field.undefined,error,imp[0].all,3.2.4
p002930,philstar.com,prebid.media.net,request,2.6-202606,openrtb.type.mismatch,error,imp[0].banner,3.2.4
p002930,philstar.com,prebid.media.net,request,2.6-202606,openrtb.field.undefined,error,imp[0].ortb2Imp,3.2.4
p002930,philstar.com,prebid.media.net,request,2.6-202606,openrtb.field.undefined,error,imp[0].transactionId,3.2.4
p002930,philstar.com,prebid.media.net,request,2.6-202606,openrtb.field.undefined,error,ortb2,3.2.1
p002930,philstar.com,prebid.media.net,request,2.6-202606,openrtb.field.undefined,error,site.canonical_url,3.2.13
p002930,philstar.com,prebid.media.net,request,2.6-202606,openrtb.field.undefined,error,site.isTop,3.2.13
p002930,philstar.com,prebid.media.net,request,2.6-202606,openrtb.field.undefined,error,site.og_url,3.2.13
p002930,philstar.com,prebid.media.net,request,2.6-202606,openrtb.field.undefined,error,site.topMostLocation,3.2.13
p002931,pilotonline.com,prebid.media.net,request,2.6-202606,openrtb.field.undefined,error,imp[0].all,3.2.4
p002931,pilotonline.com,prebid.media.net,request,2.6-202606,openrtb.field.undefined,error,imp[0].bidfloors,3.2.4
p002931,pilotonline.com,prebid.media.net,request,2.6-202606,openrtb.field.undefined,error,imp[0].ortb2Imp,3.2.4
p002931,pilotonline.com,prebid.media.net,request,2.6-202606,openrtb.field.undefined,error,imp[0].transactionId,3.2.4
p002931,pilotonline.com,prebid.media.net,request,2.6-202606,openrtb.field.undefined,error,imp[0].video.context,3.2.7
p002931,pilotonline.com,prebid.media.net,request,2.6-202606,openrtb.field.deprecated,warning,imp[0].video.placement,Section 3.2.7
p002931,pilotonline.com,prebid.media.net,request,2.6-202606,openrtb.field.undefined,error,imp[0].video.playerSize,3.2.7
p002931,pilotonline.com,prebid.media.net,request,2.6-202606,openrtb.field.undefined,error,ortb2,3.2.1
p002931,pilotonline.com,prebid.media.net,request,2.6-202606,openrtb.field.undefined,error,site.canonical_url,3.2.13
p002931,pilotonline.com,prebid.media.net,request,2.6-202606,openrtb.field.undefined,error,site.isTop,3.2.13
p002931,pilotonline.com,prebid.media.net,request,2.6-202606,openrtb.field.undefined,error,site.topMostLocation,3.2.13
p002932,psychcentral.com,prebid.media.net,request,2.6-202606,openrtb.field.undefined,error,imp[0].all,3.2.4
p002932,psychcentral.com,prebid.media.net,request,2.6-202606,openrtb.field.undefined,error,imp[0].ortb2Imp,3.2.4
p002932,psychcentral.com,prebid.media.net,request,2.6-202606,openrtb.field.undefined,error,imp[0].transactionId,3.2.4
p002932,psychcentral.com,prebid.media.net,request,2.6-202606,openrtb.field.undefined,error,imp[0].video.context,3.2.7
p002932,psychcentral.com,prebid.media.net,request,2.6-202606,openrtb.field.deprecated,warning,imp[0].video.placement,Section 3.2.7
p002932,psychcentral.com,prebid.media.net,request,2.6-202606,openrtb.field.undefined,error,imp[0].video.playerSize,3.2.7
p002932,psychcentral.com,prebid.media.net,request,2.6-202606,openrtb.field.undefined,error,ortb2,3.2.1
p002932,psychcentral.com,prebid.media.net,request,2.6-202606,openrtb.field.undefined,error,site.canonical_url,3.2.13
p002932,psychcentral.com,prebid.media.net,request,2.6-202606,openrtb.field.undefined,error,site.isTop,3.2.13
p002932,psychcentral.com,prebid.media.net,request,2.6-202606,openrtb.field.undefined,error,site.og_url,3.2.13
p002932,psychcentral.com,prebid.media.net,request,2.6-202606,openrtb.field.undefined,error,site.topMostLocation,3.2.13
p002933,self.com,prebid.media.net,request,2.6-202606,openrtb.type.mismatch,error,id,3.2.1
p002933,self.com,prebid.media.net,request,2.6-202606,openrtb.field.undefined,error,imp[0].all,3.2.4
p002933,self.com,prebid.media.net,request,2.6-202606,openrtb.type.mismatch,error,imp[0].banner,3.2.4
p002933,self.com,prebid.media.net,request,2.6-202606,openrtb.field.undefined,error,imp[0].ortb2Imp,3.2.4
p002933,self.com,prebid.media.net,request,2.6-202606,openrtb.field.undefined,error,ortb2,3.2.1
p002933,self.com,prebid.media.net,request,2.6-202606,openrtb.field.undefined,error,site.canonical_url,3.2.13
p002933,self.com,prebid.media.net,request,2.6-202606,openrtb.field.undefined,error,site.isTop,3.2.13
p002933,self.com,prebid.media.net,request,2.6-202606,openrtb.field.undefined,error,site.topMostLocation,3.2.13
p002934,self.com,prebid.media.net,request,2.6-202606,openrtb.type.mismatch,error,id,3.2.1
p002934,self.com,prebid.media.net,request,2.6-202606,openrtb.field.undefined,error,imp[0].all,3.2.4
p002934,self.com,prebid.media.net,request,2.6-202606,openrtb.type.mismatch,error,imp[0].banner,3.2.4
p002934,self.com,prebid.media.net,request,2.6-202606,openrtb.field.undefined,error,imp[0].ortb2Imp,3.2.4
p002934,self.com,prebid.media.net,request,2.6-202606,openrtb.field.undefined,error,ortb2,3.2.1
p002934,self.com,prebid.media.net,request,2.6-202606,openrtb.field.undefined,error,site.canonical_url,3.2.13
p002934,self.com,prebid.media.net,request,2.6-202606,openrtb.field.undefined,error,site.isTop,3.2.13
p002934,self.com,prebid.media.net,request,2.6-202606,openrtb.field.undefined,error,site.topMostLocation,3.2.13
p002935,self.com,prebid.media.net,request,2.6-202606,openrtb.type.mismatch,error,id,3.2.1
p002935,self.com,prebid.media.net,request,2.6-202606,openrtb.field.undefined,error,imp[0].all,3.2.4
p002935,self.com,prebid.media.net,request,2.6-202606,openrtb.type.mismatch,error,imp[0].banner,3.2.4
p002935,self.com,prebid.media.net,request,2.6-202606,openrtb.field.undefined,error,imp[0].ortb2Imp,3.2.4
p002935,self.com,prebid.media.net,request,2.6-202606,openrtb.field.undefined,error,ortb2,3.2.1
p002935,self.com,prebid.media.net,request,2.6-202606,openrtb.field.undefined,error,site.canonical_url,3.2.13
p002935,self.com,prebid.media.net,request,2.6-202606,openrtb.field.undefined,error,site.isTop,3.2.13
p002935,self.com,prebid.media.net,request,2.6-202606,openrtb.field.undefined,error,site.topMostLocation,3.2.13
p002936,socialblade.com,prebid.media.net,request,2.6-202606,openrtb.field.undefined,error,imp[0].all,3.2.4
p002936,socialblade.com,prebid.media.net,request,2.6-202606,openrtb.type.mismatch,error,imp[0].banner,3.2.4
p002936,socialblade.com,prebid.media.net,request,2.6-202606,openrtb.field.undefined,error,imp[0].bidfloors,3.2.4
p002936,socialblade.com,prebid.media.net,request,2.6-202606,openrtb.field.undefined,error,imp[0].ortb2Imp,3.2.4
p002936,socialblade.com,prebid.media.net,request,2.6-202606,openrtb.field.undefined,error,imp[0].transactionId,3.2.4
p002936,socialblade.com,prebid.media.net,request,2.6-202606,openrtb.field.undefined,error,imp[1].all,3.2.4
p002936,socialblade.com,prebid.media.net,request,2.6-202606,openrtb.type.mismatch,error,imp[1].banner,3.2.4
p002936,socialblade.com,prebid.media.net,request,2.6-202606,openrtb.field.undefined,error,imp[1].bidfloors,3.2.4
p002936,socialblade.com,prebid.media.net,request,2.6-202606,openrtb.field.undefined,error,imp[1].ortb2Imp,3.2.4
p002936,socialblade.com,prebid.media.net,request,2.6-202606,openrtb.field.undefined,error,imp[1].transactionId,3.2.4
p002936,socialblade.com,prebid.media.net,request,2.6-202606,openrtb.field.undefined,error,imp[2].all,3.2.4
p002936,socialblade.com,prebid.media.net,request,2.6-202606,openrtb.type.mismatch,error,imp[2].banner,3.2.4
p002936,socialblade.com,prebid.media.net,request,2.6-202606,openrtb.field.undefined,error,imp[2].bidfloors,3.2.4
p002936,socialblade.com,prebid.media.net,request,2.6-202606,openrtb.field.undefined,error,imp[2].ortb2Imp,3.2.4
p002936,socialblade.com,prebid.media.net,request,2.6-202606,openrtb.field.undefined,error,imp[2].transactionId,3.2.4
p002936,socialblade.com,prebid.media.net,request,2.6-202606,openrtb.field.undefined,error,imp[3].all,3.2.4
p002936,socialblade.com,prebid.media.net,request,2.6-202606,openrtb.type.mismatch,error,imp[3].banner,3.2.4
p002936,socialblade.com,prebid.media.net,request,2.6-202606,openrtb.field.undefined,error,imp[3].bidfloors,3.2.4
p002936,socialblade.com,prebid.media.net,request,2.6-202606,openrtb.field.undefined,error,imp[3].ortb2Imp,3.2.4
p002936,socialblade.com,prebid.media.net,request,2.6-202606,openrtb.field.undefined,error,imp[3].transactionId,3.2.4
p002936,socialblade.com,prebid.media.net,request,2.6-202606,openrtb.field.undefined,error,imp[4].all,3.2.4
p002936,socialblade.com,prebid.media.net,request,2.6-202606,openrtb.type.mismatch,error,imp[4].banner,3.2.4
p002936,socialblade.com,prebid.media.net,request,2.6-202606,openrtb.field.undefined,error,imp[4].bidfloors,3.2.4
p002936,socialblade.com,prebid.media.net,request,2.6-202606,openrtb.field.undefined,error,imp[4].ortb2Imp,3.2.4
p002936,socialblade.com,prebid.media.net,request,2.6-202606,openrtb.field.undefined,error,imp[4].transactionId,3.2.4
p002936,socialblade.com,prebid.media.net,request,2.6-202606,openrtb.field.undefined,error,imp[5].all,3.2.4
p002936,socialblade.com,prebid.media.net,request,2.6-202606,openrtb.type.mismatch,error,imp[5].banner,3.2.4
p002936,socialblade.com,prebid.media.net,request,2.6-202606,openrtb.field.undefined,error,imp[5].bidfloors,3.2.4
p002936,socialblade.com,prebid.media.net,request,2.6-202606,openrtb.field.undefined,error,imp[5].ortb2Imp,3.2.4
p002936,socialblade.com,prebid.media.net,request,2.6-202606,openrtb.field.undefined,error,imp[5].transactionId,3.2.4
p002936,socialblade.com,prebid.media.net,request,2.6-202606,openrtb.field.undefined,error,imp[6].all,3.2.4
p002936,socialblade.com,prebid.media.net,request,2.6-202606,openrtb.field.undefined,error,imp[6].bidfloors,3.2.4
p002936,socialblade.com,prebid.media.net,request,2.6-202606,openrtb.field.undefined,error,imp[6].ortb2Imp,3.2.4
p002936,socialblade.com,prebid.media.net,request,2.6-202606,openrtb.field.undefined,error,imp[6].transactionId,3.2.4
p002936,socialblade.com,prebid.media.net,request,2.6-202606,openrtb.field.undefined,error,imp[6].video.context,3.2.7
p002936,socialblade.com,prebid.media.net,request,2.6-202606,openrtb.field.deprecated,warning,imp[6].video.placement,Section 3.2.7
p002936,socialblade.com,prebid.media.net,request,2.6-202606,openrtb.field.undefined,error,imp[6].video.playerSize,3.2.7
p002936,socialblade.com,prebid.media.net,request,2.6-202606,openrtb.value.invalid,error,imp[6].video.skip,3.2.7
p002936,socialblade.com,prebid.media.net,request,2.6-202606,openrtb.field.undefined,error,imp[6].video.skippable,3.2.7
p002936,socialblade.com,prebid.media.net,request,2.6-202606,openrtb.field.undefined,error,ortb2,3.2.1
p002936,socialblade.com,prebid.media.net,request,2.6-202606,openrtb.field.undefined,error,site.isTop,3.2.13
p002936,socialblade.com,prebid.media.net,request,2.6-202606,openrtb.field.undefined,error,site.topMostLocation,3.2.13
p002937,self.com,prebid.media.net,request,2.6-202606,openrtb.type.mismatch,error,id,3.2.1
p002937,self.com,prebid.media.net,request,2.6-202606,openrtb.field.undefined,error,imp[0].all,3.2.4
p002937,self.com,prebid.media.net,request,2.6-202606,openrtb.type.mismatch,error,imp[0].banner,3.2.4
p002937,self.com,prebid.media.net,request,2.6-202606,openrtb.field.undefined,error,imp[0].ortb2Imp,3.2.4
p002937,self.com,prebid.media.net,request,2.6-202606,openrtb.field.undefined,error,ortb2,3.2.1
p002937,self.com,prebid.media.net,request,2.6-202606,openrtb.field.undefined,error,site.canonical_url,3.2.13
p002937,self.com,prebid.media.net,request,2.6-202606,openrtb.field.undefined,error,site.isTop,3.2.13
p002937,self.com,prebid.media.net,request,2.6-202606,openrtb.field.undefined,error,site.topMostLocation,3.2.13
p002938,self.com,prebid.media.net,request,2.6-202606,openrtb.type.mismatch,error,id,3.2.1
p002938,self.com,prebid.media.net,request,2.6-202606,openrtb.field.undefined,error,imp[0].all,3.2.4
p002938,self.com,prebid.media.net,request,2.6-202606,openrtb.type.mismatch,error,imp[0].banner,3.2.4
p002938,self.com,prebid.media.net,request,2.6-202606,openrtb.field.undefined,error,imp[0].ortb2Imp,3.2.4
p002938,self.com,prebid.media.net,request,2.6-202606,openrtb.field.undefined,error,ortb2,3.2.1
p002938,self.com,prebid.media.net,request,2.6-202606,openrtb.field.undefined,error,site.canonical_url,3.2.13
p002938,self.com,prebid.media.net,request,2.6-202606,openrtb.field.undefined,error,site.isTop,3.2.13
p002938,self.com,prebid.media.net,request,2.6-202606,openrtb.field.undefined,error,site.topMostLocation,3.2.13
p002939,self.com,prebid.media.net,request,2.6-202606,openrtb.type.mismatch,error,id,3.2.1
p002939,self.com,prebid.media.net,request,2.6-202606,openrtb.field.undefined,error,imp[0].all,3.2.4
p002939,self.com,prebid.media.net,request,2.6-202606,openrtb.type.mismatch,error,imp[0].banner,3.2.4
p002939,self.com,prebid.media.net,request,2.6-202606,openrtb.field.undefined,error,imp[0].ortb2Imp,3.2.4
p002939,self.com,prebid.media.net,request,2.6-202606,openrtb.field.undefined,error,ortb2,3.2.1
p002939,self.com,prebid.media.net,request,2.6-202606,openrtb.field.undefined,error,site.canonical_url,3.2.13
p002939,self.com,prebid.media.net,request,2.6-202606,openrtb.field.undefined,error,site.isTop,3.2.13
p002939,self.com,prebid.media.net,request,2.6-202606,openrtb.field.undefined,error,site.topMostLocation,3.2.13
p002940,self.com,prebid.media.net,request,2.6-202606,openrtb.type.mismatch,error,id,3.2.1
p002940,self.com,prebid.media.net,request,2.6-202606,openrtb.field.undefined,error,imp[0].all,3.2.4
p002940,self.com,prebid.media.net,request,2.6-202606,openrtb.type.mismatch,error,imp[0].banner,3.2.4
p002940,self.com,prebid.media.net,request,2.6-202606,openrtb.field.undefined,error,imp[0].ortb2Imp,3.2.4
p002940,self.com,prebid.media.net,request,2.6-202606,openrtb.field.undefined,error,ortb2,3.2.1
p002940,self.com,prebid.media.net,request,2.6-202606,openrtb.field.undefined,error,site.canonical_url,3.2.13
p002940,self.com,prebid.media.net,request,2.6-202606,openrtb.field.undefined,error,site.isTop,3.2.13
p002940,self.com,prebid.media.net,request,2.6-202606,openrtb.field.undefined,error,site.topMostLocation,3.2.13
p002941,self.com,prebid.media.net,request,2.6-202606,openrtb.type.mismatch,error,id,3.2.1
p002941,self.com,prebid.media.net,request,2.6-202606,openrtb.field.undefined,error,imp[0].all,3.2.4
p002941,self.com,prebid.media.net,request,2.6-202606,openrtb.type.mismatch,error,imp[0].banner,3.2.4
p002941,self.com,prebid.media.net,request,2.6-202606,openrtb.field.undefined,error,imp[0].ortb2Imp,3.2.4
p002941,self.com,prebid.media.net,request,2.6-202606,openrtb.field.undefined,error,ortb2,3.2.1
p002941,self.com,prebid.media.net,request,2.6-202606,openrtb.field.undefined,error,site.canonical_url,3.2.13
p002941,self.com,prebid.media.net,request,2.6-202606,openrtb.field.undefined,error,site.isTop,3.2.13
p002941,self.com,prebid.media.net,request,2.6-202606,openrtb.field.undefined,error,site.topMostLocation,3.2.13
p002942,self.com,prebid.media.net,request,2.6-202606,openrtb.type.mismatch,error,id,3.2.1
p002942,self.com,prebid.media.net,request,2.6-202606,openrtb.field.undefined,error,imp[0].all,3.2.4
p002942,self.com,prebid.media.net,request,2.6-202606,openrtb.type.mismatch,error,imp[0].banner,3.2.4
p002942,self.com,prebid.media.net,request,2.6-202606,openrtb.field.undefined,error,imp[0].ortb2Imp,3.2.4
p002942,self.com,prebid.media.net,request,2.6-202606,openrtb.field.undefined,error,ortb2,3.2.1
p002942,self.com,prebid.media.net,request,2.6-202606,openrtb.field.undefined,error,site.canonical_url,3.2.13
p002942,self.com,prebid.media.net,request,2.6-202606,openrtb.field.undefined,error,site.isTop,3.2.13
p002942,self.com,prebid.media.net,request,2.6-202606,openrtb.field.undefined,error,site.topMostLocation,3.2.13
p002943,teletica.com,prebid.media.net,request,2.6-202606,openrtb.field.undefined,error,imp[0].all,3.2.4
p002943,teletica.com,prebid.media.net,request,2.6-202606,openrtb.type.mismatch,error,imp[0].banner,3.2.4
p002943,teletica.com,prebid.media.net,request,2.6-202606,openrtb.field.undefined,error,imp[0].bidfloors,3.2.4
p002943,teletica.com,prebid.media.net,request,2.6-202606,openrtb.field.undefined,error,imp[0].ortb2Imp,3.2.4
p002943,teletica.com,prebid.media.net,request,2.6-202606,openrtb.field.undefined,error,imp[0].transactionId,3.2.4
p002943,teletica.com,prebid.media.net,request,2.6-202606,openrtb.field.undefined,error,ortb2,3.2.1
p002943,teletica.com,prebid.media.net,request,2.6-202606,openrtb.field.undefined,error,site.canonical_url,3.2.13
p002943,teletica.com,prebid.media.net,request,2.6-202606,openrtb.field.undefined,error,site.isTop,3.2.13
p002943,teletica.com,prebid.media.net,request,2.6-202606,openrtb.field.undefined,error,site.topMostLocation,3.2.13
p002944,teletica.com,prebid.media.net,request,2.6-202606,openrtb.field.undefined,error,imp[0].all,3.2.4
p002944,teletica.com,prebid.media.net,request,2.6-202606,openrtb.type.mismatch,error,imp[0].banner,3.2.4
p002944,teletica.com,prebid.media.net,request,2.6-202606,openrtb.field.undefined,error,imp[0].bidfloors,3.2.4
p002944,teletica.com,prebid.media.net,request,2.6-202606,openrtb.field.undefined,error,imp[0].ortb2Imp,3.2.4
p002944,teletica.com,prebid.media.net,request,2.6-202606,openrtb.field.undefined,error,imp[0].transactionId,3.2.4
p002944,teletica.com,prebid.media.net,request,2.6-202606,openrtb.field.undefined,error,ortb2,3.2.1
p002944,teletica.com,prebid.media.net,request,2.6-202606,openrtb.field.undefined,error,site.canonical_url,3.2.13
p002944,teletica.com,prebid.media.net,request,2.6-202606,openrtb.field.undefined,error,site.isTop,3.2.13
p002944,teletica.com,prebid.media.net,request,2.6-202606,openrtb.field.undefined,error,site.topMostLocation,3.2.13
p002945,teletica.com,prebid.media.net,request,2.6-202606,openrtb.field.undefined,error,imp[0].all,3.2.4
p002945,teletica.com,prebid.media.net,request,2.6-202606,openrtb.type.mismatch,error,imp[0].banner,3.2.4
p002945,teletica.com,prebid.media.net,request,2.6-202606,openrtb.field.undefined,error,imp[0].bidfloors,3.2.4
p002945,teletica.com,prebid.media.net,request,2.6-202606,openrtb.field.undefined,error,imp[0].ortb2Imp,3.2.4
p002945,teletica.com,prebid.media.net,request,2.6-202606,openrtb.field.undefined,error,imp[0].transactionId,3.2.4
p002945,teletica.com,prebid.media.net,request,2.6-202606,openrtb.field.undefined,error,ortb2,3.2.1
p002945,teletica.com,prebid.media.net,request,2.6-202606,openrtb.field.undefined,error,site.canonical_url,3.2.13
p002945,teletica.com,prebid.media.net,request,2.6-202606,openrtb.field.undefined,error,site.isTop,3.2.13
p002945,teletica.com,prebid.media.net,request,2.6-202606,openrtb.field.undefined,error,site.topMostLocation,3.2.13
p002946,teletica.com,prebid.media.net,request,2.6-202606,openrtb.field.undefined,error,imp[0].all,3.2.4
p002946,teletica.com,prebid.media.net,request,2.6-202606,openrtb.type.mismatch,error,imp[0].banner,3.2.4
p002946,teletica.com,prebid.media.net,request,2.6-202606,openrtb.field.undefined,error,imp[0].bidfloors,3.2.4
p002946,teletica.com,prebid.media.net,request,2.6-202606,openrtb.field.undefined,error,imp[0].ortb2Imp,3.2.4
p002946,teletica.com,prebid.media.net,request,2.6-202606,openrtb.field.undefined,error,imp[0].transactionId,3.2.4
p002946,teletica.com,prebid.media.net,request,2.6-202606,openrtb.field.undefined,error,ortb2,3.2.1
p002946,teletica.com,prebid.media.net,request,2.6-202606,openrtb.field.undefined,error,site.canonical_url,3.2.13
p002946,teletica.com,prebid.media.net,request,2.6-202606,openrtb.field.undefined,error,site.isTop,3.2.13
p002946,teletica.com,prebid.media.net,request,2.6-202606,openrtb.field.undefined,error,site.topMostLocation,3.2.13
p002947,thesun.ie,prebid.media.net,request,2.6-202606,openrtb.type.mismatch,error,id,3.2.1
p002947,thesun.ie,prebid.media.net,request,2.6-202606,openrtb.field.undefined,error,imp[0].all,3.2.4
p002947,thesun.ie,prebid.media.net,request,2.6-202606,openrtb.type.mismatch,error,imp[0].banner,3.2.4
p002947,thesun.ie,prebid.media.net,request,2.6-202606,openrtb.field.undefined,error,imp[0].bidfloors,3.2.4
p002947,thesun.ie,prebid.media.net,request,2.6-202606,openrtb.field.undefined,error,imp[0].ortb2Imp,3.2.4
p002947,thesun.ie,prebid.media.net,request,2.6-202606,openrtb.field.undefined,error,imp[1].all,3.2.4
p002947,thesun.ie,prebid.media.net,request,2.6-202606,openrtb.type.mismatch,error,imp[1].banner,3.2.4
p002947,thesun.ie,prebid.media.net,request,2.6-202606,openrtb.field.undefined,error,imp[1].bidfloors,3.2.4
p002947,thesun.ie,prebid.media.net,request,2.6-202606,openrtb.field.undefined,error,imp[1].ortb2Imp,3.2.4
p002947,thesun.ie,prebid.media.net,request,2.6-202606,openrtb.field.undefined,error,imp[2].all,3.2.4
p002947,thesun.ie,prebid.media.net,request,2.6-202606,openrtb.type.mismatch,error,imp[2].banner,3.2.4
p002947,thesun.ie,prebid.media.net,request,2.6-202606,openrtb.field.undefined,error,imp[2].bidfloors,3.2.4
p002947,thesun.ie,prebid.media.net,request,2.6-202606,openrtb.field.undefined,error,imp[2].ortb2Imp,3.2.4
p002947,thesun.ie,prebid.media.net,request,2.6-202606,openrtb.field.undefined,error,imp[3].all,3.2.4
p002947,thesun.ie,prebid.media.net,request,2.6-202606,openrtb.type.mismatch,error,imp[3].banner,3.2.4
p002947,thesun.ie,prebid.media.net,request,2.6-202606,openrtb.field.undefined,error,imp[3].bidfloors,3.2.4
p002947,thesun.ie,prebid.media.net,request,2.6-202606,openrtb.field.undefined,error,imp[3].ortb2Imp,3.2.4
p002947,thesun.ie,prebid.media.net,request,2.6-202606,openrtb.field.undefined,error,imp[4].all,3.2.4
p002947,thesun.ie,prebid.media.net,request,2.6-202606,openrtb.type.mismatch,error,imp[4].banner,3.2.4
p002947,thesun.ie,prebid.media.net,request,2.6-202606,openrtb.field.undefined,error,imp[4].bidfloors,3.2.4
p002947,thesun.ie,prebid.media.net,request,2.6-202606,openrtb.field.undefined,error,imp[4].ortb2Imp,3.2.4
p002947,thesun.ie,prebid.media.net,request,2.6-202606,openrtb.field.undefined,error,imp[5].all,3.2.4
p002947,thesun.ie,prebid.media.net,request,2.6-202606,openrtb.type.mismatch,error,imp[5].banner,3.2.4
p002947,thesun.ie,prebid.media.net,request,2.6-202606,openrtb.field.undefined,error,imp[5].bidfloors,3.2.4
p002947,thesun.ie,prebid.media.net,request,2.6-202606,openrtb.field.undefined,error,imp[5].ortb2Imp,3.2.4
p002947,thesun.ie,prebid.media.net,request,2.6-202606,openrtb.field.undefined,error,imp[6].all,3.2.4
p002947,thesun.ie,prebid.media.net,request,2.6-202606,openrtb.type.mismatch,error,imp[6].banner,3.2.4
p002947,thesun.ie,prebid.media.net,request,2.6-202606,openrtb.field.undefined,error,imp[6].bidfloors,3.2.4
p002947,thesun.ie,prebid.media.net,request,2.6-202606,openrtb.field.undefined,error,imp[6].ortb2Imp,3.2.4
p002947,thesun.ie,prebid.media.net,request,2.6-202606,openrtb.field.undefined,error,imp[7].all,3.2.4
p002947,thesun.ie,prebid.media.net,request,2.6-202606,openrtb.type.mismatch,error,imp[7].banner,3.2.4
p002947,thesun.ie,prebid.media.net,request,2.6-202606,openrtb.field.undefined,error,imp[7].bidfloors,3.2.4
p002947,thesun.ie,prebid.media.net,request,2.6-202606,openrtb.field.undefined,error,imp[7].ortb2Imp,3.2.4
p002947,thesun.ie,prebid.media.net,request,2.6-202606,openrtb.field.undefined,error,imp[8].all,3.2.4
p002947,thesun.ie,prebid.media.net,request,2.6-202606,openrtb.type.mismatch,error,imp[8].banner,3.2.4
p002947,thesun.ie,prebid.media.net,request,2.6-202606,openrtb.field.undefined,error,imp[8].bidfloors,3.2.4
p002947,thesun.ie,prebid.media.net,request,2.6-202606,openrtb.field.undefined,error,imp[8].ortb2Imp,3.2.4
p002947,thesun.ie,prebid.media.net,request,2.6-202606,openrtb.field.undefined,error,imp[9].all,3.2.4
p002947,thesun.ie,prebid.media.net,request,2.6-202606,openrtb.type.mismatch,error,imp[9].banner,3.2.4
p002947,thesun.ie,prebid.media.net,request,2.6-202606,openrtb.field.undefined,error,imp[9].bidfloors,3.2.4
p002947,thesun.ie,prebid.media.net,request,2.6-202606,openrtb.field.undefined,error,imp[9].ortb2Imp,3.2.4
p002947,thesun.ie,prebid.media.net,request,2.6-202606,openrtb.field.undefined,error,ortb2,3.2.1
p002947,thesun.ie,prebid.media.net,request,2.6-202606,openrtb.field.undefined,error,site.canonical_url,3.2.13
p002947,thesun.ie,prebid.media.net,request,2.6-202606,openrtb.field.undefined,error,site.isTop,3.2.13
p002947,thesun.ie,prebid.media.net,request,2.6-202606,openrtb.field.undefined,error,site.topMostLocation,3.2.13
p002948,thesun.ie,prebid.media.net,request,2.6-202606,openrtb.type.mismatch,error,id,3.2.1
p002948,thesun.ie,prebid.media.net,request,2.6-202606,openrtb.field.undefined,error,imp[0].all,3.2.4
p002948,thesun.ie,prebid.media.net,request,2.6-202606,openrtb.type.mismatch,error,imp[0].banner,3.2.4
p002948,thesun.ie,prebid.media.net,request,2.6-202606,openrtb.field.undefined,error,imp[0].bidfloors,3.2.4
p002948,thesun.ie,prebid.media.net,request,2.6-202606,openrtb.field.undefined,error,imp[0].ortb2Imp,3.2.4
p002948,thesun.ie,prebid.media.net,request,2.6-202606,openrtb.field.undefined,error,imp[1].all,3.2.4
p002948,thesun.ie,prebid.media.net,request,2.6-202606,openrtb.type.mismatch,error,imp[1].banner,3.2.4
p002948,thesun.ie,prebid.media.net,request,2.6-202606,openrtb.field.undefined,error,imp[1].bidfloors,3.2.4
p002948,thesun.ie,prebid.media.net,request,2.6-202606,openrtb.field.undefined,error,imp[1].ortb2Imp,3.2.4
p002948,thesun.ie,prebid.media.net,request,2.6-202606,openrtb.field.undefined,error,ortb2,3.2.1
p002948,thesun.ie,prebid.media.net,request,2.6-202606,openrtb.field.undefined,error,site.canonical_url,3.2.13
p002948,thesun.ie,prebid.media.net,request,2.6-202606,openrtb.field.undefined,error,site.isTop,3.2.13
p002948,thesun.ie,prebid.media.net,request,2.6-202606,openrtb.field.undefined,error,site.topMostLocation,3.2.13
p002949,thesun.ie,prebid.media.net,request,2.6-202606,openrtb.type.mismatch,error,id,3.2.1
p002949,thesun.ie,prebid.media.net,request,2.6-202606,openrtb.field.undefined,error,imp[0].all,3.2.4
p002949,thesun.ie,prebid.media.net,request,2.6-202606,openrtb.type.mismatch,error,imp[0].banner,3.2.4
p002949,thesun.ie,prebid.media.net,request,2.6-202606,openrtb.field.undefined,error,imp[0].bidfloors,3.2.4
p002949,thesun.ie,prebid.media.net,request,2.6-202606,openrtb.field.undefined,error,imp[0].ortb2Imp,3.2.4
p002949,thesun.ie,prebid.media.net,request,2.6-202606,openrtb.field.undefined,error,imp[1].all,3.2.4
p002949,thesun.ie,prebid.media.net,request,2.6-202606,openrtb.type.mismatch,error,imp[1].banner,3.2.4
p002949,thesun.ie,prebid.media.net,request,2.6-202606,openrtb.field.undefined,error,imp[1].bidfloors,3.2.4
p002949,thesun.ie,prebid.media.net,request,2.6-202606,openrtb.field.undefined,error,imp[1].ortb2Imp,3.2.4
p002949,thesun.ie,prebid.media.net,request,2.6-202606,openrtb.field.undefined,error,ortb2,3.2.1
p002949,thesun.ie,prebid.media.net,request,2.6-202606,openrtb.field.undefined,error,site.canonical_url,3.2.13
p002949,thesun.ie,prebid.media.net,request,2.6-202606,openrtb.field.undefined,error,site.isTop,3.2.13
p002949,thesun.ie,prebid.media.net,request,2.6-202606,openrtb.field.undefined,error,site.topMostLocation,3.2.13
p002950,thesun.ie,prebid.media.net,request,2.6-202606,openrtb.type.mismatch,error,id,3.2.1
p002950,thesun.ie,prebid.media.net,request,2.6-202606,openrtb.field.undefined,error,imp[0].all,3.2.4
p002950,thesun.ie,prebid.media.net,request,2.6-202606,openrtb.type.mismatch,error,imp[0].banner,3.2.4
p002950,thesun.ie,prebid.media.net,request,2.6-202606,openrtb.field.undefined,error,imp[0].bidfloors,3.2.4
p002950,thesun.ie,prebid.media.net,request,2.6-202606,openrtb.field.undefined,error,imp[0].ortb2Imp,3.2.4
p002950,thesun.ie,prebid.media.net,request,2.6-202606,openrtb.field.undefined,error,imp[1].all,3.2.4
p002950,thesun.ie,prebid.media.net,request,2.6-202606,openrtb.type.mismatch,error,imp[1].banner,3.2.4
p002950,thesun.ie,prebid.media.net,request,2.6-202606,openrtb.field.undefined,error,imp[1].bidfloors,3.2.4
p002950,thesun.ie,prebid.media.net,request,2.6-202606,openrtb.field.undefined,error,imp[1].ortb2Imp,3.2.4
p002950,thesun.ie,prebid.media.net,request,2.6-202606,openrtb.field.undefined,error,imp[2].all,3.2.4
p002950,thesun.ie,prebid.media.net,request,2.6-202606,openrtb.type.mismatch,error,imp[2].banner,3.2.4
p002950,thesun.ie,prebid.media.net,request,2.6-202606,openrtb.field.undefined,error,imp[2].bidfloors,3.2.4
p002950,thesun.ie,prebid.media.net,request,2.6-202606,openrtb.field.undefined,error,imp[2].ortb2Imp,3.2.4
p002950,thesun.ie,prebid.media.net,request,2.6-202606,openrtb.field.undefined,error,imp[3].all,3.2.4
p002950,thesun.ie,prebid.media.net,request,2.6-202606,openrtb.type.mismatch,error,imp[3].banner,3.2.4
p002950,thesun.ie,prebid.media.net,request,2.6-202606,openrtb.field.undefined,error,imp[3].bidfloors,3.2.4
p002950,thesun.ie,prebid.media.net,request,2.6-202606,openrtb.field.undefined,error,imp[3].ortb2Imp,3.2.4
p002950,thesun.ie,prebid.media.net,request,2.6-202606,openrtb.field.undefined,error,imp[4].all,3.2.4
p002950,thesun.ie,prebid.media.net,request,2.6-202606,openrtb.type.mismatch,error,imp[4].banner,3.2.4
p002950,thesun.ie,prebid.media.net,request,2.6-202606,openrtb.field.undefined,error,imp[4].bidfloors,3.2.4
p002950,thesun.ie,prebid.media.net,request,2.6-202606,openrtb.field.undefined,error,imp[4].ortb2Imp,3.2.4
p002950,thesun.ie,prebid.media.net,request,2.6-202606,openrtb.field.undefined,error,imp[5].all,3.2.4
p002950,thesun.ie,prebid.media.net,request,2.6-202606,openrtb.type.mismatch,error,imp[5].banner,3.2.4
p002950,thesun.ie,prebid.media.net,request,2.6-202606,openrtb.field.undefined,error,imp[5].bidfloors,3.2.4
p002950,thesun.ie,prebid.media.net,request,2.6-202606,openrtb.field.undefined,error,imp[5].ortb2Imp,3.2.4
p002950,thesun.ie,prebid.media.net,request,2.6-202606,openrtb.field.undefined,error,imp[6].all,3.2.4
p002950,thesun.ie,prebid.media.net,request,2.6-202606,openrtb.type.mismatch,error,imp[6].banner,3.2.4
p002950,thesun.ie,prebid.media.net,request,2.6-202606,openrtb.field.undefined,error,imp[6].bidfloors,3.2.4
p002950,thesun.ie,prebid.media.net,request,2.6-202606,openrtb.field.undefined,error,imp[6].ortb2Imp,3.2.4
p002950,thesun.ie,prebid.media.net,request,2.6-202606,openrtb.field.undefined,error,imp[7].all,3.2.4
p002950,thesun.ie,prebid.media.net,request,2.6-202606,openrtb.type.mismatch,error,imp[7].banner,3.2.4
p002950,thesun.ie,prebid.media.net,request,2.6-202606,openrtb.field.undefined,error,imp[7].bidfloors,3.2.4
p002950,thesun.ie,prebid.media.net,request,2.6-202606,openrtb.field.undefined,error,imp[7].ortb2Imp,3.2.4
p002950,thesun.ie,prebid.media.net,request,2.6-202606,openrtb.field.undefined,error,imp[8].all,3.2.4
p002950,thesun.ie,prebid.media.net,request,2.6-202606,openrtb.type.mismatch,error,imp[8].banner,3.2.4
p002950,thesun.ie,prebid.media.net,request,2.6-202606,openrtb.field.undefined,error,imp[8].bidfloors,3.2.4
p002950,thesun.ie,prebid.media.net,request,2.6-202606,openrtb.field.undefined,error,imp[8].ortb2Imp,3.2.4
p002950,thesun.ie,prebid.media.net,request,2.6-202606,openrtb.field.undefined,error,ortb2,3.2.1
p002950,thesun.ie,prebid.media.net,request,2.6-202606,openrtb.field.undefined,error,site.canonical_url,3.2.13
p002950,thesun.ie,prebid.media.net,request,2.6-202606,openrtb.field.undefined,error,site.isTop,3.2.13
p002950,thesun.ie,prebid.media.net,request,2.6-202606,openrtb.field.undefined,error,site.topMostLocation,3.2.13
p002951,thesun.ie,prebid.media.net,request,2.6-202606,openrtb.type.mismatch,error,id,3.2.1
p002951,thesun.ie,prebid.media.net,request,2.6-202606,openrtb.field.undefined,error,imp[0].all,3.2.4
p002951,thesun.ie,prebid.media.net,request,2.6-202606,openrtb.type.mismatch,error,imp[0].banner,3.2.4
p002951,thesun.ie,prebid.media.net,request,2.6-202606,openrtb.field.undefined,error,imp[0].bidfloors,3.2.4
p002951,thesun.ie,prebid.media.net,request,2.6-202606,openrtb.field.undefined,error,imp[0].ortb2Imp,3.2.4
p002951,thesun.ie,prebid.media.net,request,2.6-202606,openrtb.field.undefined,error,imp[1].all,3.2.4
p002951,thesun.ie,prebid.media.net,request,2.6-202606,openrtb.type.mismatch,error,imp[1].banner,3.2.4
p002951,thesun.ie,prebid.media.net,request,2.6-202606,openrtb.field.undefined,error,imp[1].bidfloors,3.2.4
p002951,thesun.ie,prebid.media.net,request,2.6-202606,openrtb.field.undefined,error,imp[1].ortb2Imp,3.2.4
p002951,thesun.ie,prebid.media.net,request,2.6-202606,openrtb.field.undefined,error,ortb2,3.2.1
p002951,thesun.ie,prebid.media.net,request,2.6-202606,openrtb.field.undefined,error,site.canonical_url,3.2.13
p002951,thesun.ie,prebid.media.net,request,2.6-202606,openrtb.field.undefined,error,site.isTop,3.2.13
p002951,thesun.ie,prebid.media.net,request,2.6-202606,openrtb.field.undefined,error,site.topMostLocation,3.2.13
p002952,thesun.ie,prebid.media.net,request,2.6-202606,openrtb.type.mismatch,error,id,3.2.1
p002952,thesun.ie,prebid.media.net,request,2.6-202606,openrtb.field.undefined,error,imp[0].all,3.2.4
p002952,thesun.ie,prebid.media.net,request,2.6-202606,openrtb.type.mismatch,error,imp[0].banner,3.2.4
p002952,thesun.ie,prebid.media.net,request,2.6-202606,openrtb.field.undefined,error,imp[0].bidfloors,3.2.4
p002952,thesun.ie,prebid.media.net,request,2.6-202606,openrtb.field.undefined,error,imp[0].ortb2Imp,3.2.4
p002952,thesun.ie,prebid.media.net,request,2.6-202606,openrtb.field.undefined,error,imp[1].all,3.2.4
p002952,thesun.ie,prebid.media.net,request,2.6-202606,openrtb.type.mismatch,error,imp[1].banner,3.2.4
p002952,thesun.ie,prebid.media.net,request,2.6-202606,openrtb.field.undefined,error,imp[1].bidfloors,3.2.4
p002952,thesun.ie,prebid.media.net,request,2.6-202606,openrtb.field.undefined,error,imp[1].ortb2Imp,3.2.4
p002952,thesun.ie,prebid.media.net,request,2.6-202606,openrtb.field.undefined,error,ortb2,3.2.1
p002952,thesun.ie,prebid.media.net,request,2.6-202606,openrtb.field.undefined,error,site.canonical_url,3.2.13
p002952,thesun.ie,prebid.media.net,request,2.6-202606,openrtb.field.undefined,error,site.isTop,3.2.13
p002952,thesun.ie,prebid.media.net,request,2.6-202606,openrtb.field.undefined,error,site.topMostLocation,3.2.13
p002953,thesun.ie,prebid.media.net,request,2.6-202606,openrtb.type.mismatch,error,id,3.2.1
p002953,thesun.ie,prebid.media.net,request,2.6-202606,openrtb.field.undefined,error,imp[0].all,3.2.4
p002953,thesun.ie,prebid.media.net,request,2.6-202606,openrtb.type.mismatch,error,imp[0].banner,3.2.4
p002953,thesun.ie,prebid.media.net,request,2.6-202606,openrtb.field.undefined,error,imp[0].bidfloors,3.2.4
p002953,thesun.ie,prebid.media.net,request,2.6-202606,openrtb.field.undefined,error,imp[0].ortb2Imp,3.2.4
p002953,thesun.ie,prebid.media.net,request,2.6-202606,openrtb.field.undefined,error,imp[1].all,3.2.4
p002953,thesun.ie,prebid.media.net,request,2.6-202606,openrtb.type.mismatch,error,imp[1].banner,3.2.4
p002953,thesun.ie,prebid.media.net,request,2.6-202606,openrtb.field.undefined,error,imp[1].bidfloors,3.2.4
p002953,thesun.ie,prebid.media.net,request,2.6-202606,openrtb.field.undefined,error,imp[1].ortb2Imp,3.2.4
p002953,thesun.ie,prebid.media.net,request,2.6-202606,openrtb.field.undefined,error,ortb2,3.2.1
p002953,thesun.ie,prebid.media.net,request,2.6-202606,openrtb.field.undefined,error,site.canonical_url,3.2.13
p002953,thesun.ie,prebid.media.net,request,2.6-202606,openrtb.field.undefined,error,site.isTop,3.2.13
p002953,thesun.ie,prebid.media.net,request,2.6-202606,openrtb.field.undefined,error,site.topMostLocation,3.2.13
p002954,thesun.ie,prebid.media.net,request,2.6-202606,openrtb.type.mismatch,error,id,3.2.1
p002954,thesun.ie,prebid.media.net,request,2.6-202606,openrtb.field.undefined,error,imp[0].all,3.2.4
p002954,thesun.ie,prebid.media.net,request,2.6-202606,openrtb.field.undefined,error,imp[0].bidfloors,3.2.4
p002954,thesun.ie,prebid.media.net,request,2.6-202606,openrtb.field.undefined,error,imp[0].ortb2Imp,3.2.4
p002954,thesun.ie,prebid.media.net,request,2.6-202606,openrtb.field.undefined,error,imp[0].video.context,3.2.7
p002954,thesun.ie,prebid.media.net,request,2.6-202606,openrtb.field.deprecated,warning,imp[0].video.placement,Section 3.2.7
p002954,thesun.ie,prebid.media.net,request,2.6-202606,openrtb.field.undefined,error,imp[0].video.playerSize,3.2.7
p002954,thesun.ie,prebid.media.net,request,2.6-202606,openrtb.field.undefined,error,ortb2,3.2.1
p002954,thesun.ie,prebid.media.net,request,2.6-202606,openrtb.field.undefined,error,site.canonical_url,3.2.13
p002954,thesun.ie,prebid.media.net,request,2.6-202606,openrtb.field.undefined,error,site.isTop,3.2.13
p002954,thesun.ie,prebid.media.net,request,2.6-202606,openrtb.field.undefined,error,site.topMostLocation,3.2.13
p002955,tio.ch,prebid.media.net,request,2.6-202606,openrtb.field.undefined,error,imp[0].all,3.2.4
p002955,tio.ch,prebid.media.net,request,2.6-202606,openrtb.field.undefined,error,imp[0].bidfloors,3.2.4
p002955,tio.ch,prebid.media.net,request,2.6-202606,openrtb.field.undefined,error,imp[0].ortb2Imp,3.2.4
p002955,tio.ch,prebid.media.net,request,2.6-202606,openrtb.field.undefined,error,imp[0].transactionId,3.2.4
p002955,tio.ch,prebid.media.net,request,2.6-202606,openrtb.field.undefined,error,imp[0].video.context,3.2.7
p002955,tio.ch,prebid.media.net,request,2.6-202606,openrtb.field.deprecated,warning,imp[0].video.placement,Section 3.2.7
p002955,tio.ch,prebid.media.net,request,2.6-202606,openrtb.field.undefined,error,imp[0].video.playerSize,3.2.7
p002955,tio.ch,prebid.media.net,request,2.6-202606,openrtb.value.invalid,error,imp[0].video.skip,3.2.7
p002955,tio.ch,prebid.media.net,request,2.6-202606,openrtb.field.undefined,error,imp[0].video.video,3.2.7
p002955,tio.ch,prebid.media.net,request,2.6-202606,openrtb.field.undefined,error,ortb2,3.2.1
p002955,tio.ch,prebid.media.net,request,2.6-202606,openrtb.field.undefined,error,site.canonical_url,3.2.13
p002955,tio.ch,prebid.media.net,request,2.6-202606,openrtb.field.undefined,error,site.isTop,3.2.13
p002955,tio.ch,prebid.media.net,request,2.6-202606,openrtb.field.undefined,error,site.topMostLocation,3.2.13
p002956,tio.ch,prebid.media.net,request,2.6-202606,openrtb.field.undefined,error,imp[0].all,3.2.4
p002956,tio.ch,prebid.media.net,request,2.6-202606,openrtb.type.mismatch,error,imp[0].banner,3.2.4
p002956,tio.ch,prebid.media.net,request,2.6-202606,openrtb.field.undefined,error,imp[0].bidfloors,3.2.4
p002956,tio.ch,prebid.media.net,request,2.6-202606,openrtb.field.undefined,error,imp[0].ortb2Imp,3.2.4
p002956,tio.ch,prebid.media.net,request,2.6-202606,openrtb.field.undefined,error,imp[0].transactionId,3.2.4
p002956,tio.ch,prebid.media.net,request,2.6-202606,openrtb.field.undefined,error,ortb2,3.2.1
p002956,tio.ch,prebid.media.net,request,2.6-202606,openrtb.field.undefined,error,site.canonical_url,3.2.13
p002956,tio.ch,prebid.media.net,request,2.6-202606,openrtb.field.undefined,error,site.isTop,3.2.13
p002956,tio.ch,prebid.media.net,request,2.6-202606,openrtb.field.undefined,error,site.topMostLocation,3.2.13
p002957,tio.ch,prebid.media.net,request,2.6-202606,openrtb.field.undefined,error,imp[0].all,3.2.4
p002957,tio.ch,prebid.media.net,request,2.6-202606,openrtb.type.mismatch,error,imp[0].banner,3.2.4
p002957,tio.ch,prebid.media.net,request,2.6-202606,openrtb.field.undefined,error,imp[0].bidfloors,3.2.4
p002957,tio.ch,prebid.media.net,request,2.6-202606,openrtb.field.undefined,error,imp[0].ortb2Imp,3.2.4
p002957,tio.ch,prebid.media.net,request,2.6-202606,openrtb.field.undefined,error,imp[0].transactionId,3.2.4
p002957,tio.ch,prebid.media.net,request,2.6-202606,openrtb.field.undefined,error,ortb2,3.2.1
p002957,tio.ch,prebid.media.net,request,2.6-202606,openrtb.field.undefined,error,site.canonical_url,3.2.13
p002957,tio.ch,prebid.media.net,request,2.6-202606,openrtb.field.undefined,error,site.isTop,3.2.13
p002957,tio.ch,prebid.media.net,request,2.6-202606,openrtb.field.undefined,error,site.topMostLocation,3.2.13
p002958,tio.ch,prebid.media.net,request,2.6-202606,openrtb.field.undefined,error,imp[0].all,3.2.4
p002958,tio.ch,prebid.media.net,request,2.6-202606,openrtb.type.mismatch,error,imp[0].banner,3.2.4
p002958,tio.ch,prebid.media.net,request,2.6-202606,openrtb.field.undefined,error,imp[0].bidfloors,3.2.4
p002958,tio.ch,prebid.media.net,request,2.6-202606,openrtb.field.undefined,error,imp[0].ortb2Imp,3.2.4
p002958,tio.ch,prebid.media.net,request,2.6-202606,openrtb.field.undefined,error,imp[0].transactionId,3.2.4
p002958,tio.ch,prebid.media.net,request,2.6-202606,openrtb.field.undefined,error,ortb2,3.2.1
p002958,tio.ch,prebid.media.net,request,2.6-202606,openrtb.field.undefined,error,site.canonical_url,3.2.13
p002958,tio.ch,prebid.media.net,request,2.6-202606,openrtb.field.undefined,error,site.isTop,3.2.13
p002958,tio.ch,prebid.media.net,request,2.6-202606,openrtb.field.undefined,error,site.topMostLocation,3.2.13
p002959,tio.ch,prebid.media.net,request,2.6-202606,openrtb.field.undefined,error,imp[0].all,3.2.4
p002959,tio.ch,prebid.media.net,request,2.6-202606,openrtb.type.mismatch,error,imp[0].banner,3.2.4
p002959,tio.ch,prebid.media.net,request,2.6-202606,openrtb.field.undefined,error,imp[0].bidfloors,3.2.4
p002959,tio.ch,prebid.media.net,request,2.6-202606,openrtb.field.undefined,error,imp[0].ortb2Imp,3.2.4
p002959,tio.ch,prebid.media.net,request,2.6-202606,openrtb.field.undefined,error,imp[0].transactionId,3.2.4
p002959,tio.ch,prebid.media.net,request,2.6-202606,openrtb.field.undefined,error,ortb2,3.2.1
p002959,tio.ch,prebid.media.net,request,2.6-202606,openrtb.field.undefined,error,site.canonical_url,3.2.13
p002959,tio.ch,prebid.media.net,request,2.6-202606,openrtb.field.undefined,error,site.isTop,3.2.13
p002959,tio.ch,prebid.media.net,request,2.6-202606,openrtb.field.undefined,error,site.topMostLocation,3.2.13
p002960,tio.ch,prebid.media.net,request,2.6-202606,openrtb.field.undefined,error,imp[0].all,3.2.4
p002960,tio.ch,prebid.media.net,request,2.6-202606,openrtb.type.mismatch,error,imp[0].banner,3.2.4
p002960,tio.ch,prebid.media.net,request,2.6-202606,openrtb.field.undefined,error,imp[0].bidfloors,3.2.4
p002960,tio.ch,prebid.media.net,request,2.6-202606,openrtb.field.undefined,error,imp[0].ortb2Imp,3.2.4
p002960,tio.ch,prebid.media.net,request,2.6-202606,openrtb.field.undefined,error,imp[0].transactionId,3.2.4
p002960,tio.ch,prebid.media.net,request,2.6-202606,openrtb.field.undefined,error,ortb2,3.2.1
p002960,tio.ch,prebid.media.net,request,2.6-202606,openrtb.field.undefined,error,site.canonical_url,3.2.13
p002960,tio.ch,prebid.media.net,request,2.6-202606,openrtb.field.undefined,error,site.isTop,3.2.13
p002960,tio.ch,prebid.media.net,request,2.6-202606,openrtb.field.undefined,error,site.topMostLocation,3.2.13
p002961,upi.com,prebid.media.net,request,2.6-202606,openrtb.field.undefined,error,imp[0].all,3.2.4
p002961,upi.com,prebid.media.net,request,2.6-202606,openrtb.type.mismatch,error,imp[0].banner,3.2.4
p002961,upi.com,prebid.media.net,request,2.6-202606,openrtb.field.undefined,error,imp[0].ortb2Imp,3.2.4
p002961,upi.com,prebid.media.net,request,2.6-202606,openrtb.field.undefined,error,imp[0].transactionId,3.2.4
p002961,upi.com,prebid.media.net,request,2.6-202606,openrtb.field.undefined,error,imp[1].all,3.2.4
p002961,upi.com,prebid.media.net,request,2.6-202606,openrtb.type.mismatch,error,imp[1].banner,3.2.4
p002961,upi.com,prebid.media.net,request,2.6-202606,openrtb.field.undefined,error,imp[1].ortb2Imp,3.2.4
p002961,upi.com,prebid.media.net,request,2.6-202606,openrtb.field.undefined,error,imp[1].transactionId,3.2.4
p002961,upi.com,prebid.media.net,request,2.6-202606,openrtb.field.undefined,error,imp[2].all,3.2.4
p002961,upi.com,prebid.media.net,request,2.6-202606,openrtb.type.mismatch,error,imp[2].banner,3.2.4
p002961,upi.com,prebid.media.net,request,2.6-202606,openrtb.field.undefined,error,imp[2].ortb2Imp,3.2.4
p002961,upi.com,prebid.media.net,request,2.6-202606,openrtb.field.undefined,error,imp[2].transactionId,3.2.4
p002961,upi.com,prebid.media.net,request,2.6-202606,openrtb.field.undefined,error,imp[3].all,3.2.4
p002961,upi.com,prebid.media.net,request,2.6-202606,openrtb.type.mismatch,error,imp[3].banner,3.2.4
p002961,upi.com,prebid.media.net,request,2.6-202606,openrtb.field.undefined,error,imp[3].ortb2Imp,3.2.4
p002961,upi.com,prebid.media.net,request,2.6-202606,openrtb.field.undefined,error,imp[3].transactionId,3.2.4
p002961,upi.com,prebid.media.net,request,2.6-202606,openrtb.field.undefined,error,imp[4].all,3.2.4
p002961,upi.com,prebid.media.net,request,2.6-202606,openrtb.type.mismatch,error,imp[4].banner,3.2.4
p002961,upi.com,prebid.media.net,request,2.6-202606,openrtb.field.undefined,error,imp[4].ortb2Imp,3.2.4
p002961,upi.com,prebid.media.net,request,2.6-202606,openrtb.field.undefined,error,imp[4].transactionId,3.2.4
p002961,upi.com,prebid.media.net,request,2.6-202606,openrtb.field.undefined,error,imp[5].all,3.2.4
p002961,upi.com,prebid.media.net,request,2.6-202606,openrtb.type.mismatch,error,imp[5].banner,3.2.4
p002961,upi.com,prebid.media.net,request,2.6-202606,openrtb.field.undefined,error,imp[5].ortb2Imp,3.2.4
p002961,upi.com,prebid.media.net,request,2.6-202606,openrtb.field.undefined,error,imp[5].transactionId,3.2.4
p002961,upi.com,prebid.media.net,request,2.6-202606,openrtb.field.undefined,error,imp[6].all,3.2.4
p002961,upi.com,prebid.media.net,request,2.6-202606,openrtb.type.mismatch,error,imp[6].banner,3.2.4
p002961,upi.com,prebid.media.net,request,2.6-202606,openrtb.field.undefined,error,imp[6].ortb2Imp,3.2.4
p002961,upi.com,prebid.media.net,request,2.6-202606,openrtb.field.undefined,error,imp[6].transactionId,3.2.4
p002961,upi.com,prebid.media.net,request,2.6-202606,openrtb.field.undefined,error,ortb2,3.2.1
p002961,upi.com,prebid.media.net,request,2.6-202606,openrtb.field.undefined,error,site.isTop,3.2.13
p002961,upi.com,prebid.media.net,request,2.6-202606,openrtb.field.undefined,error,site.topMostLocation,3.2.13
p002962,upi.com,prebid.media.net,request,2.6-202606,openrtb.field.undefined,error,imp[0].all,3.2.4
p002962,upi.com,prebid.media.net,request,2.6-202606,openrtb.type.mismatch,error,imp[0].banner,3.2.4
p002962,upi.com,prebid.media.net,request,2.6-202606,openrtb.field.undefined,error,imp[0].ortb2Imp,3.2.4
p002962,upi.com,prebid.media.net,request,2.6-202606,openrtb.field.undefined,error,imp[0].transactionId,3.2.4
p002962,upi.com,prebid.media.net,request,2.6-202606,openrtb.field.undefined,error,ortb2,3.2.1
p002962,upi.com,prebid.media.net,request,2.6-202606,openrtb.field.undefined,error,site.isTop,3.2.13
p002962,upi.com,prebid.media.net,request,2.6-202606,openrtb.field.undefined,error,site.topMostLocation,3.2.13
p002963,upi.com,prebid.media.net,request,2.6-202606,openrtb.field.undefined,error,imp[0].all,3.2.4
p002963,upi.com,prebid.media.net,request,2.6-202606,openrtb.type.mismatch,error,imp[0].banner,3.2.4
p002963,upi.com,prebid.media.net,request,2.6-202606,openrtb.field.undefined,error,imp[0].ortb2Imp,3.2.4
p002963,upi.com,prebid.media.net,request,2.6-202606,openrtb.field.undefined,error,imp[0].transactionId,3.2.4
p002963,upi.com,prebid.media.net,request,2.6-202606,openrtb.field.undefined,error,ortb2,3.2.1
p002963,upi.com,prebid.media.net,request,2.6-202606,openrtb.field.undefined,error,site.isTop,3.2.13
p002963,upi.com,prebid.media.net,request,2.6-202606,openrtb.field.undefined,error,site.topMostLocation,3.2.13
p002964,upi.com,prebid.media.net,request,2.6-202606,openrtb.field.undefined,error,imp[0].all,3.2.4
p002964,upi.com,prebid.media.net,request,2.6-202606,openrtb.type.mismatch,error,imp[0].banner,3.2.4
p002964,upi.com,prebid.media.net,request,2.6-202606,openrtb.field.undefined,error,imp[0].ortb2Imp,3.2.4
p002964,upi.com,prebid.media.net,request,2.6-202606,openrtb.field.undefined,error,imp[0].transactionId,3.2.4
p002964,upi.com,prebid.media.net,request,2.6-202606,openrtb.field.undefined,error,ortb2,3.2.1
p002964,upi.com,prebid.media.net,request,2.6-202606,openrtb.field.undefined,error,site.isTop,3.2.13
p002964,upi.com,prebid.media.net,request,2.6-202606,openrtb.field.undefined,error,site.topMostLocation,3.2.13
p002965,urbandictionary.com,prebid.media.net,request,2.6-202606,openrtb.field.undefined,error,imp[0].all,3.2.4
p002965,urbandictionary.com,prebid.media.net,request,2.6-202606,openrtb.type.mismatch,error,imp[0].banner,3.2.4
p002965,urbandictionary.com,prebid.media.net,request,2.6-202606,openrtb.field.undefined,error,imp[0].ortb2Imp,3.2.4
p002965,urbandictionary.com,prebid.media.net,request,2.6-202606,openrtb.field.undefined,error,imp[0].transactionId,3.2.4
p002965,urbandictionary.com,prebid.media.net,request,2.6-202606,openrtb.field.undefined,error,imp[1].all,3.2.4
p002965,urbandictionary.com,prebid.media.net,request,2.6-202606,openrtb.type.mismatch,error,imp[1].banner,3.2.4
p002965,urbandictionary.com,prebid.media.net,request,2.6-202606,openrtb.field.undefined,error,imp[1].ortb2Imp,3.2.4
p002965,urbandictionary.com,prebid.media.net,request,2.6-202606,openrtb.field.undefined,error,imp[1].transactionId,3.2.4
p002965,urbandictionary.com,prebid.media.net,request,2.6-202606,openrtb.field.undefined,error,imp[2].all,3.2.4
p002965,urbandictionary.com,prebid.media.net,request,2.6-202606,openrtb.type.mismatch,error,imp[2].banner,3.2.4
p002965,urbandictionary.com,prebid.media.net,request,2.6-202606,openrtb.field.undefined,error,imp[2].ortb2Imp,3.2.4
p002965,urbandictionary.com,prebid.media.net,request,2.6-202606,openrtb.field.undefined,error,imp[2].transactionId,3.2.4
p002965,urbandictionary.com,prebid.media.net,request,2.6-202606,openrtb.field.undefined,error,ortb2,3.2.1
p002965,urbandictionary.com,prebid.media.net,request,2.6-202606,openrtb.field.undefined,error,site.canonical_url,3.2.13
p002965,urbandictionary.com,prebid.media.net,request,2.6-202606,openrtb.field.undefined,error,site.isTop,3.2.13
p002965,urbandictionary.com,prebid.media.net,request,2.6-202606,openrtb.field.undefined,error,site.topMostLocation,3.2.13
p002966,urbandictionary.com,prebid.media.net,request,2.6-202606,openrtb.field.undefined,error,imp[0].all,3.2.4
p002966,urbandictionary.com,prebid.media.net,request,2.6-202606,openrtb.type.mismatch,error,imp[0].banner,3.2.4
p002966,urbandictionary.com,prebid.media.net,request,2.6-202606,openrtb.field.undefined,error,imp[0].ortb2Imp,3.2.4
p002966,urbandictionary.com,prebid.media.net,request,2.6-202606,openrtb.field.undefined,error,imp[0].transactionId,3.2.4
p002966,urbandictionary.com,prebid.media.net,request,2.6-202606,openrtb.field.undefined,error,ortb2,3.2.1
p002966,urbandictionary.com,prebid.media.net,request,2.6-202606,openrtb.field.undefined,error,site.canonical_url,3.2.13
p002966,urbandictionary.com,prebid.media.net,request,2.6-202606,openrtb.field.undefined,error,site.isTop,3.2.13
p002966,urbandictionary.com,prebid.media.net,request,2.6-202606,openrtb.field.undefined,error,site.topMostLocation,3.2.13
p002967,urbandictionary.com,prebid.media.net,request,2.6-202606,openrtb.field.undefined,error,imp[0].all,3.2.4
p002967,urbandictionary.com,prebid.media.net,request,2.6-202606,openrtb.type.mismatch,error,imp[0].banner,3.2.4
p002967,urbandictionary.com,prebid.media.net,request,2.6-202606,openrtb.field.undefined,error,imp[0].ortb2Imp,3.2.4
p002967,urbandictionary.com,prebid.media.net,request,2.6-202606,openrtb.field.undefined,error,imp[0].transactionId,3.2.4
p002967,urbandictionary.com,prebid.media.net,request,2.6-202606,openrtb.field.undefined,error,ortb2,3.2.1
p002967,urbandictionary.com,prebid.media.net,request,2.6-202606,openrtb.field.undefined,error,site.canonical_url,3.2.13
p002967,urbandictionary.com,prebid.media.net,request,2.6-202606,openrtb.field.undefined,error,site.isTop,3.2.13
p002967,urbandictionary.com,prebid.media.net,request,2.6-202606,openrtb.field.undefined,error,site.topMostLocation,3.2.13
p002968,upi.com,prebid.media.net,request,2.6-202606,openrtb.field.undefined,error,imp[0].all,3.2.4
p002968,upi.com,prebid.media.net,request,2.6-202606,openrtb.type.mismatch,error,imp[0].banner,3.2.4
p002968,upi.com,prebid.media.net,request,2.6-202606,openrtb.field.undefined,error,imp[0].ortb2Imp,3.2.4
p002968,upi.com,prebid.media.net,request,2.6-202606,openrtb.field.undefined,error,imp[0].transactionId,3.2.4
p002968,upi.com,prebid.media.net,request,2.6-202606,openrtb.field.undefined,error,imp[1].all,3.2.4
p002968,upi.com,prebid.media.net,request,2.6-202606,openrtb.type.mismatch,error,imp[1].banner,3.2.4
p002968,upi.com,prebid.media.net,request,2.6-202606,openrtb.field.undefined,error,imp[1].ortb2Imp,3.2.4
p002968,upi.com,prebid.media.net,request,2.6-202606,openrtb.field.undefined,error,imp[1].transactionId,3.2.4
p002968,upi.com,prebid.media.net,request,2.6-202606,openrtb.field.undefined,error,imp[2].all,3.2.4
p002968,upi.com,prebid.media.net,request,2.6-202606,openrtb.type.mismatch,error,imp[2].banner,3.2.4
p002968,upi.com,prebid.media.net,request,2.6-202606,openrtb.field.undefined,error,imp[2].ortb2Imp,3.2.4
p002968,upi.com,prebid.media.net,request,2.6-202606,openrtb.field.undefined,error,imp[2].transactionId,3.2.4
p002968,upi.com,prebid.media.net,request,2.6-202606,openrtb.field.undefined,error,imp[3].all,3.2.4
p002968,upi.com,prebid.media.net,request,2.6-202606,openrtb.type.mismatch,error,imp[3].banner,3.2.4
p002968,upi.com,prebid.media.net,request,2.6-202606,openrtb.field.undefined,error,imp[3].ortb2Imp,3.2.4
p002968,upi.com,prebid.media.net,request,2.6-202606,openrtb.field.undefined,error,imp[3].transactionId,3.2.4
p002968,upi.com,prebid.media.net,request,2.6-202606,openrtb.field.undefined,error,ortb2,3.2.1
p002968,upi.com,prebid.media.net,request,2.6-202606,openrtb.field.undefined,error,site.isTop,3.2.13
p002968,upi.com,prebid.media.net,request,2.6-202606,openrtb.field.undefined,error,site.topMostLocation,3.2.13
p002969,vice.com,prebid.media.net,request,2.6-202606,openrtb.field.undefined,error,imp[0].all,3.2.4
p002969,vice.com,prebid.media.net,request,2.6-202606,openrtb.type.mismatch,error,imp[0].banner,3.2.4
p002969,vice.com,prebid.media.net,request,2.6-202606,openrtb.field.undefined,error,imp[0].bidfloors,3.2.4
p002969,vice.com,prebid.media.net,request,2.6-202606,openrtb.field.undefined,error,imp[0].ortb2Imp,3.2.4
p002969,vice.com,prebid.media.net,request,2.6-202606,openrtb.field.undefined,error,imp[0].transactionId,3.2.4
p002969,vice.com,prebid.media.net,request,2.6-202606,openrtb.field.undefined,error,imp[1].all,3.2.4
p002969,vice.com,prebid.media.net,request,2.6-202606,openrtb.type.mismatch,error,imp[1].banner,3.2.4
p002969,vice.com,prebid.media.net,request,2.6-202606,openrtb.field.undefined,error,imp[1].bidfloors,3.2.4
p002969,vice.com,prebid.media.net,request,2.6-202606,openrtb.field.undefined,error,imp[1].ortb2Imp,3.2.4
p002969,vice.com,prebid.media.net,request,2.6-202606,openrtb.field.undefined,error,imp[1].transactionId,3.2.4
p002969,vice.com,prebid.media.net,request,2.6-202606,openrtb.field.undefined,error,imp[2].all,3.2.4
p002969,vice.com,prebid.media.net,request,2.6-202606,openrtb.type.mismatch,error,imp[2].banner,3.2.4
p002969,vice.com,prebid.media.net,request,2.6-202606,openrtb.field.undefined,error,imp[2].bidfloors,3.2.4
p002969,vice.com,prebid.media.net,request,2.6-202606,openrtb.field.undefined,error,imp[2].ortb2Imp,3.2.4
p002969,vice.com,prebid.media.net,request,2.6-202606,openrtb.field.undefined,error,imp[2].transactionId,3.2.4
p002969,vice.com,prebid.media.net,request,2.6-202606,openrtb.field.undefined,error,ortb2,3.2.1
p002969,vice.com,prebid.media.net,request,2.6-202606,openrtb.field.undefined,error,site.canonical_url,3.2.13
p002969,vice.com,prebid.media.net,request,2.6-202606,openrtb.field.undefined,error,site.isTop,3.2.13
p002969,vice.com,prebid.media.net,request,2.6-202606,openrtb.field.undefined,error,site.topMostLocation,3.2.13
p002970,vice.com,prebid.media.net,request,2.6-202606,openrtb.field.undefined,error,imp[0].all,3.2.4
p002970,vice.com,prebid.media.net,request,2.6-202606,openrtb.type.mismatch,error,imp[0].banner,3.2.4
p002970,vice.com,prebid.media.net,request,2.6-202606,openrtb.field.undefined,error,imp[0].bidfloors,3.2.4
p002970,vice.com,prebid.media.net,request,2.6-202606,openrtb.field.undefined,error,imp[0].ortb2Imp,3.2.4
p002970,vice.com,prebid.media.net,request,2.6-202606,openrtb.field.undefined,error,imp[0].transactionId,3.2.4
p002970,vice.com,prebid.media.net,request,2.6-202606,openrtb.field.undefined,error,imp[1].all,3.2.4
p002970,vice.com,prebid.media.net,request,2.6-202606,openrtb.type.mismatch,error,imp[1].banner,3.2.4
p002970,vice.com,prebid.media.net,request,2.6-202606,openrtb.field.undefined,error,imp[1].bidfloors,3.2.4
p002970,vice.com,prebid.media.net,request,2.6-202606,openrtb.field.undefined,error,imp[1].ortb2Imp,3.2.4
p002970,vice.com,prebid.media.net,request,2.6-202606,openrtb.field.undefined,error,imp[1].transactionId,3.2.4
p002970,vice.com,prebid.media.net,request,2.6-202606,openrtb.field.undefined,error,ortb2,3.2.1
p002970,vice.com,prebid.media.net,request,2.6-202606,openrtb.field.undefined,error,site.canonical_url,3.2.13
p002970,vice.com,prebid.media.net,request,2.6-202606,openrtb.field.undefined,error,site.isTop,3.2.13
p002970,vice.com,prebid.media.net,request,2.6-202606,openrtb.field.undefined,error,site.topMostLocation,3.2.13
p002975,cupofjo.com,prebid.production.adthrive.com,request,2.6-202606,openrtb.field.deprecated,warning,imp[0].video.placement,Section 3.2.7
p002975,cupofjo.com,prebid.production.adthrive.com,request,2.6-202606,openrtb.value.invalid,error,imp[0].video.skip,3.2.7
p002976,cupofjo.com,prebid.production.adthrive.com,request,2.6-202606,openrtb.field.deprecated,warning,imp[0].video.placement,Section 3.2.7
p002976,cupofjo.com,prebid.production.adthrive.com,request,2.6-202606,openrtb.value.invalid,error,imp[0].video.skip,3.2.7
p002979,halfbakedharvest.com,prebid.production.adthrive.com,request,2.6-202606,openrtb.field.deprecated,warning,imp[0].video.placement,Section 3.2.7
p002979,halfbakedharvest.com,prebid.production.adthrive.com,request,2.6-202606,openrtb.value.invalid,error,imp[0].video.skip,3.2.7
p002980,halfbakedharvest.com,prebid.production.adthrive.com,request,2.6-202606,openrtb.field.deprecated,warning,imp[1].video.placement,Section 3.2.7
p002980,halfbakedharvest.com,prebid.production.adthrive.com,request,2.6-202606,openrtb.value.invalid,error,imp[1].video.skip,3.2.7
p002980,halfbakedharvest.com,prebid.production.adthrive.com,request,2.6-202606,openrtb.field.deprecated,warning,imp[3].video.placement,Section 3.2.7
p002980,halfbakedharvest.com,prebid.production.adthrive.com,request,2.6-202606,openrtb.value.invalid,error,imp[3].video.skip,3.2.7
p002984,halfbakedharvest.com,prebid.production.adthrive.com,request,2.6-202606,openrtb.field.deprecated,warning,imp[0].video.placement,Section 3.2.7
p002984,halfbakedharvest.com,prebid.production.adthrive.com,request,2.6-202606,openrtb.value.invalid,error,imp[0].video.skip,3.2.7
p002985,halfbakedharvest.com,prebid.production.adthrive.com,request,2.6-202606,openrtb.field.deprecated,warning,imp[0].video.placement,Section 3.2.7
p002985,halfbakedharvest.com,prebid.production.adthrive.com,request,2.6-202606,openrtb.value.invalid,error,imp[0].video.skip,3.2.7
p002992,salon.com,prebid.production.adthrive.com,request,2.6-202606,openrtb.field.deprecated,warning,imp[0].video.placement,Section 3.2.7
p002992,salon.com,prebid.production.adthrive.com,request,2.6-202606,openrtb.value.invalid,error,imp[0].video.skip,3.2.7
p002994,salon.com,prebid.production.adthrive.com,request,2.6-202606,openrtb.field.deprecated,warning,imp[0].video.placement,Section 3.2.7
p002994,salon.com,prebid.production.adthrive.com,request,2.6-202606,openrtb.value.invalid,error,imp[0].video.skip,3.2.7
p002995,salon.com,prebid.production.adthrive.com,request,2.6-202606,openrtb.field.deprecated,warning,imp[1].video.placement,Section 3.2.7
p002995,salon.com,prebid.production.adthrive.com,request,2.6-202606,openrtb.value.invalid,error,imp[1].video.skip,3.2.7
p002995,salon.com,prebid.production.adthrive.com,request,2.6-202606,openrtb.field.deprecated,warning,imp[3].video.placement,Section 3.2.7
p002995,salon.com,prebid.production.adthrive.com,request,2.6-202606,openrtb.value.invalid,error,imp[3].video.skip,3.2.7
p003001,salon.com,prebid.production.adthrive.com,request,2.6-202606,openrtb.field.deprecated,warning,imp[0].video.placement,Section 3.2.7
p003001,salon.com,prebid.production.adthrive.com,request,2.6-202606,openrtb.value.invalid,error,imp[0].video.skip,3.2.7
p003002,salon.com,prebid.production.adthrive.com,request,2.6-202606,openrtb.field.deprecated,warning,imp[0].video.placement,Section 3.2.7
p003002,salon.com,prebid.production.adthrive.com,request,2.6-202606,openrtb.value.invalid,error,imp[0].video.skip,3.2.7
p003004,salon.com,prebid.production.adthrive.com,request,2.6-202606,openrtb.field.deprecated,warning,imp[0].video.placement,Section 3.2.7
p003004,salon.com,prebid.production.adthrive.com,request,2.6-202606,openrtb.value.invalid,error,imp[0].video.skip,3.2.7
p003005,salon.com,prebid.production.adthrive.com,request,2.6-202606,openrtb.field.deprecated,warning,imp[0].video.placement,Section 3.2.7
p003005,salon.com,prebid.production.adthrive.com,request,2.6-202606,openrtb.value.invalid,error,imp[0].video.skip,3.2.7
p003007,webdesignerdepot.com,prebid.production.adthrive.com,request,2.6-202606,openrtb.field.deprecated,warning,imp[0].video.placement,Section 3.2.7
p003007,webdesignerdepot.com,prebid.production.adthrive.com,request,2.6-202606,openrtb.value.invalid,error,imp[0].video.skip,3.2.7
p003008,webdesignerdepot.com,prebid.production.adthrive.com,request,2.6-202606,openrtb.field.deprecated,warning,imp[1].video.placement,Section 3.2.7
p003008,webdesignerdepot.com,prebid.production.adthrive.com,request,2.6-202606,openrtb.value.invalid,error,imp[1].video.skip,3.2.7
p003010,webdesignerdepot.com,prebid.production.adthrive.com,request,2.6-202606,openrtb.field.deprecated,warning,imp[0].video.placement,Section 3.2.7
p003010,webdesignerdepot.com,prebid.production.adthrive.com,request,2.6-202606,openrtb.value.invalid,error,imp[0].video.skip,3.2.7
p003011,webdesignerdepot.com,prebid.production.adthrive.com,request,2.6-202606,openrtb.field.deprecated,warning,imp[0].video.placement,Section 3.2.7
p003011,webdesignerdepot.com,prebid.production.adthrive.com,request,2.6-202606,openrtb.value.invalid,error,imp[0].video.skip,3.2.7
p003012,webdesignerdepot.com,prebid.production.adthrive.com,request,2.6-202606,openrtb.field.deprecated,warning,imp[0].video.placement,Section 3.2.7
p003012,webdesignerdepot.com,prebid.production.adthrive.com,request,2.6-202606,openrtb.value.invalid,error,imp[0].video.skip,3.2.7
p003013,webdesignerdepot.com,prebid.production.adthrive.com,request,2.6-202606,openrtb.field.deprecated,warning,imp[0].video.placement,Section 3.2.7
p003013,webdesignerdepot.com,prebid.production.adthrive.com,request,2.6-202606,openrtb.value.invalid,error,imp[0].video.skip,3.2.7
p003016,webdesignerdepot.com,prebid.production.adthrive.com,request,2.6-202606,openrtb.field.deprecated,warning,imp[0].video.placement,Section 3.2.7
p003016,webdesignerdepot.com,prebid.production.adthrive.com,request,2.6-202606,openrtb.value.invalid,error,imp[0].video.skip,3.2.7
p003017,webdesignerdepot.com,prebid.production.adthrive.com,request,2.6-202606,openrtb.field.deprecated,warning,imp[1].video.placement,Section 3.2.7
p003017,webdesignerdepot.com,prebid.production.adthrive.com,request,2.6-202606,openrtb.value.invalid,error,imp[1].video.skip,3.2.7
p003020,webdesignerdepot.com,prebid.production.adthrive.com,request,2.6-202606,openrtb.field.deprecated,warning,imp[1].video.placement,Section 3.2.7
p003020,webdesignerdepot.com,prebid.production.adthrive.com,request,2.6-202606,openrtb.value.invalid,error,imp[1].video.skip,3.2.7
p003021,webdesignerdepot.com,prebid.production.adthrive.com,request,2.6-202606,openrtb.field.deprecated,warning,imp[0].video.placement,Section 3.2.7
p003021,webdesignerdepot.com,prebid.production.adthrive.com,request,2.6-202606,openrtb.value.invalid,error,imp[0].video.skip,3.2.7
p003022,webdesignerdepot.com,prebid.production.adthrive.com,request,2.6-202606,openrtb.field.deprecated,warning,imp[0].video.placement,Section 3.2.7
p003022,webdesignerdepot.com,prebid.production.adthrive.com,request,2.6-202606,openrtb.value.invalid,error,imp[0].video.skip,3.2.7
p003023,webdesignerdepot.com,prebid.production.adthrive.com,request,2.6-202606,openrtb.field.deprecated,warning,imp[0].video.placement,Section 3.2.7
p003023,webdesignerdepot.com,prebid.production.adthrive.com,request,2.6-202606,openrtb.value.invalid,error,imp[0].video.skip,3.2.7
p003024,webdesignerdepot.com,prebid.production.adthrive.com,request,2.6-202606,openrtb.field.deprecated,warning,imp[0].video.placement,Section 3.2.7
p003024,webdesignerdepot.com,prebid.production.adthrive.com,request,2.6-202606,openrtb.value.invalid,error,imp[0].video.skip,3.2.7
p003025,cupofjo.com,prebid.production.adthrive.com,response,2.6-202606,openrtb.bid.mtype_missing,warning,seatbid[0].bid[0].mtype,4.2.3
p003028,cupofjo.com,prebid.production.adthrive.com,response,2.6-202606,openrtb.bid.mtype_missing,warning,seatbid[0].bid[0].mtype,4.2.3
p003029,cupofjo.com,prebid.production.adthrive.com,response,2.6-202606,openrtb.bid.mtype_missing,warning,seatbid[0].bid[0].mtype,4.2.3
p003031,halfbakedharvest.com,prebid.production.adthrive.com,response,2.6-202606,openrtb.bid.mtype_missing,warning,seatbid[0].bid[0].mtype,4.2.3
p003038,halfbakedharvest.com,prebid.production.adthrive.com,response,2.6-202606,openrtb.bid.mtype_missing,warning,seatbid[0].bid[0].mtype,4.2.3
p003039,halfbakedharvest.com,prebid.production.adthrive.com,response,2.6-202606,openrtb.bid.mtype_missing,warning,seatbid[0].bid[0].mtype,4.2.3
p003069,webdesignerdepot.com,prebid.production.adthrive.com,response,2.6-202606,openrtb.bid.mtype_missing,warning,seatbid[0].bid[0].mtype,4.2.3
p003079,liga.net,prebid.setupad.io,request,2.6-202606,openrtb.field.undefined,error,setupad,3.2.1
p003082,urbandictionary.com,prebid.trustedstack.com,request,2.6-202606,openrtb.field.undefined,error,imp[0].all,3.2.4
p003082,urbandictionary.com,prebid.trustedstack.com,request,2.6-202606,openrtb.type.mismatch,error,imp[0].banner,3.2.4
p003082,urbandictionary.com,prebid.trustedstack.com,request,2.6-202606,openrtb.field.undefined,error,imp[0].ortb2Imp,3.2.4
p003082,urbandictionary.com,prebid.trustedstack.com,request,2.6-202606,openrtb.field.undefined,error,imp[0].transactionId,3.2.4
p003082,urbandictionary.com,prebid.trustedstack.com,request,2.6-202606,openrtb.field.undefined,error,imp[1].all,3.2.4
p003082,urbandictionary.com,prebid.trustedstack.com,request,2.6-202606,openrtb.type.mismatch,error,imp[1].banner,3.2.4
p003082,urbandictionary.com,prebid.trustedstack.com,request,2.6-202606,openrtb.field.undefined,error,imp[1].ortb2Imp,3.2.4
p003082,urbandictionary.com,prebid.trustedstack.com,request,2.6-202606,openrtb.field.undefined,error,imp[1].transactionId,3.2.4
p003082,urbandictionary.com,prebid.trustedstack.com,request,2.6-202606,openrtb.field.undefined,error,imp[2].all,3.2.4
p003082,urbandictionary.com,prebid.trustedstack.com,request,2.6-202606,openrtb.type.mismatch,error,imp[2].banner,3.2.4
p003082,urbandictionary.com,prebid.trustedstack.com,request,2.6-202606,openrtb.field.undefined,error,imp[2].ortb2Imp,3.2.4
p003082,urbandictionary.com,prebid.trustedstack.com,request,2.6-202606,openrtb.field.undefined,error,imp[2].transactionId,3.2.4
p003082,urbandictionary.com,prebid.trustedstack.com,request,2.6-202606,openrtb.field.undefined,error,ortb2,3.2.1
p003082,urbandictionary.com,prebid.trustedstack.com,request,2.6-202606,openrtb.field.undefined,error,site.canonical_url,3.2.13
p003082,urbandictionary.com,prebid.trustedstack.com,request,2.6-202606,openrtb.field.undefined,error,site.isTop,3.2.13
p003082,urbandictionary.com,prebid.trustedstack.com,request,2.6-202606,openrtb.field.undefined,error,site.topMostLocation,3.2.13
p003083,urbandictionary.com,prebid.trustedstack.com,request,2.6-202606,openrtb.field.undefined,error,imp[0].all,3.2.4
p003083,urbandictionary.com,prebid.trustedstack.com,request,2.6-202606,openrtb.type.mismatch,error,imp[0].banner,3.2.4
p003083,urbandictionary.com,prebid.trustedstack.com,request,2.6-202606,openrtb.field.undefined,error,imp[0].ortb2Imp,3.2.4
p003083,urbandictionary.com,prebid.trustedstack.com,request,2.6-202606,openrtb.field.undefined,error,imp[0].transactionId,3.2.4
p003083,urbandictionary.com,prebid.trustedstack.com,request,2.6-202606,openrtb.field.undefined,error,ortb2,3.2.1
p003083,urbandictionary.com,prebid.trustedstack.com,request,2.6-202606,openrtb.field.undefined,error,site.canonical_url,3.2.13
p003083,urbandictionary.com,prebid.trustedstack.com,request,2.6-202606,openrtb.field.undefined,error,site.isTop,3.2.13
p003083,urbandictionary.com,prebid.trustedstack.com,request,2.6-202606,openrtb.field.undefined,error,site.topMostLocation,3.2.13
p003084,urbandictionary.com,prebid.trustedstack.com,request,2.6-202606,openrtb.field.undefined,error,imp[0].all,3.2.4
p003084,urbandictionary.com,prebid.trustedstack.com,request,2.6-202606,openrtb.type.mismatch,error,imp[0].banner,3.2.4
p003084,urbandictionary.com,prebid.trustedstack.com,request,2.6-202606,openrtb.field.undefined,error,imp[0].ortb2Imp,3.2.4
p003084,urbandictionary.com,prebid.trustedstack.com,request,2.6-202606,openrtb.field.undefined,error,imp[0].transactionId,3.2.4
p003084,urbandictionary.com,prebid.trustedstack.com,request,2.6-202606,openrtb.field.undefined,error,ortb2,3.2.1
p003084,urbandictionary.com,prebid.trustedstack.com,request,2.6-202606,openrtb.field.undefined,error,site.canonical_url,3.2.13
p003084,urbandictionary.com,prebid.trustedstack.com,request,2.6-202606,openrtb.field.undefined,error,site.isTop,3.2.13
p003084,urbandictionary.com,prebid.trustedstack.com,request,2.6-202606,openrtb.field.undefined,error,site.topMostLocation,3.2.13
p003085,vivitusuerte.com,prebid.trustedstack.com,request,2.6-202606,openrtb.field.undefined,error,imp[0].all,3.2.4
p003085,vivitusuerte.com,prebid.trustedstack.com,request,2.6-202606,openrtb.type.mismatch,error,imp[0].banner,3.2.4
p003085,vivitusuerte.com,prebid.trustedstack.com,request,2.6-202606,openrtb.field.undefined,error,imp[0].ortb2Imp,3.2.4
p003085,vivitusuerte.com,prebid.trustedstack.com,request,2.6-202606,openrtb.field.undefined,error,imp[0].transactionId,3.2.4
p003085,vivitusuerte.com,prebid.trustedstack.com,request,2.6-202606,openrtb.field.undefined,error,ortb2,3.2.1
p003085,vivitusuerte.com,prebid.trustedstack.com,request,2.6-202606,openrtb.field.undefined,error,site.isTop,3.2.13
p003085,vivitusuerte.com,prebid.trustedstack.com,request,2.6-202606,openrtb.field.undefined,error,site.topMostLocation,3.2.13
p003090,cupofjo.com,prebid2.production.adthrive.com,request,2.6-202606,openrtb.field.deprecated,warning,imp[0].video.placement,Section 3.2.7
p003090,cupofjo.com,prebid2.production.adthrive.com,request,2.6-202606,openrtb.value.invalid,error,imp[0].video.skip,3.2.7
p003091,cupofjo.com,prebid2.production.adthrive.com,request,2.6-202606,openrtb.field.deprecated,warning,imp[0].video.placement,Section 3.2.7
p003091,cupofjo.com,prebid2.production.adthrive.com,request,2.6-202606,openrtb.value.invalid,error,imp[0].video.skip,3.2.7
p003094,halfbakedharvest.com,prebid2.production.adthrive.com,request,2.6-202606,openrtb.field.deprecated,warning,imp[0].video.placement,Section 3.2.7
p003094,halfbakedharvest.com,prebid2.production.adthrive.com,request,2.6-202606,openrtb.value.invalid,error,imp[0].video.skip,3.2.7
p003095,halfbakedharvest.com,prebid2.production.adthrive.com,request,2.6-202606,openrtb.field.deprecated,warning,imp[1].video.placement,Section 3.2.7
p003095,halfbakedharvest.com,prebid2.production.adthrive.com,request,2.6-202606,openrtb.value.invalid,error,imp[1].video.skip,3.2.7
p003095,halfbakedharvest.com,prebid2.production.adthrive.com,request,2.6-202606,openrtb.field.deprecated,warning,imp[2].video.placement,Section 3.2.7
p003095,halfbakedharvest.com,prebid2.production.adthrive.com,request,2.6-202606,openrtb.value.invalid,error,imp[2].video.skip,3.2.7
p003095,halfbakedharvest.com,prebid2.production.adthrive.com,request,2.6-202606,openrtb.field.deprecated,warning,imp[4].video.placement,Section 3.2.7
p003095,halfbakedharvest.com,prebid2.production.adthrive.com,request,2.6-202606,openrtb.value.invalid,error,imp[4].video.skip,3.2.7
p003099,halfbakedharvest.com,prebid2.production.adthrive.com,request,2.6-202606,openrtb.field.deprecated,warning,imp[0].video.placement,Section 3.2.7
p003099,halfbakedharvest.com,prebid2.production.adthrive.com,request,2.6-202606,openrtb.value.invalid,error,imp[0].video.skip,3.2.7
p003100,halfbakedharvest.com,prebid2.production.adthrive.com,request,2.6-202606,openrtb.field.deprecated,warning,imp[0].video.placement,Section 3.2.7
p003100,halfbakedharvest.com,prebid2.production.adthrive.com,request,2.6-202606,openrtb.value.invalid,error,imp[0].video.skip,3.2.7
p003107,salon.com,prebid2.production.adthrive.com,request,2.6-202606,openrtb.field.deprecated,warning,imp[0].video.placement,Section 3.2.7
p003107,salon.com,prebid2.production.adthrive.com,request,2.6-202606,openrtb.value.invalid,error,imp[0].video.skip,3.2.7
p003109,salon.com,prebid2.production.adthrive.com,request,2.6-202606,openrtb.field.deprecated,warning,imp[0].video.placement,Section 3.2.7
p003109,salon.com,prebid2.production.adthrive.com,request,2.6-202606,openrtb.value.invalid,error,imp[0].video.skip,3.2.7
p003110,salon.com,prebid2.production.adthrive.com,request,2.6-202606,openrtb.field.deprecated,warning,imp[1].video.placement,Section 3.2.7
p003110,salon.com,prebid2.production.adthrive.com,request,2.6-202606,openrtb.value.invalid,error,imp[1].video.skip,3.2.7
p003110,salon.com,prebid2.production.adthrive.com,request,2.6-202606,openrtb.field.deprecated,warning,imp[3].video.placement,Section 3.2.7
p003110,salon.com,prebid2.production.adthrive.com,request,2.6-202606,openrtb.value.invalid,error,imp[3].video.skip,3.2.7
p003110,salon.com,prebid2.production.adthrive.com,request,2.6-202606,openrtb.field.deprecated,warning,imp[5].video.placement,Section 3.2.7
p003110,salon.com,prebid2.production.adthrive.com,request,2.6-202606,openrtb.value.invalid,error,imp[5].video.skip,3.2.7
p003116,salon.com,prebid2.production.adthrive.com,request,2.6-202606,openrtb.field.deprecated,warning,imp[0].video.placement,Section 3.2.7
p003116,salon.com,prebid2.production.adthrive.com,request,2.6-202606,openrtb.value.invalid,error,imp[0].video.skip,3.2.7
p003117,salon.com,prebid2.production.adthrive.com,request,2.6-202606,openrtb.field.deprecated,warning,imp[0].video.placement,Section 3.2.7
p003117,salon.com,prebid2.production.adthrive.com,request,2.6-202606,openrtb.value.invalid,error,imp[0].video.skip,3.2.7
p003119,salon.com,prebid2.production.adthrive.com,request,2.6-202606,openrtb.field.deprecated,warning,imp[0].video.placement,Section 3.2.7
p003119,salon.com,prebid2.production.adthrive.com,request,2.6-202606,openrtb.value.invalid,error,imp[0].video.skip,3.2.7
p003120,salon.com,prebid2.production.adthrive.com,request,2.6-202606,openrtb.field.deprecated,warning,imp[0].video.placement,Section 3.2.7
p003120,salon.com,prebid2.production.adthrive.com,request,2.6-202606,openrtb.value.invalid,error,imp[0].video.skip,3.2.7
p003122,webdesignerdepot.com,prebid2.production.adthrive.com,request,2.6-202606,openrtb.field.deprecated,warning,imp[0].video.placement,Section 3.2.7
p003122,webdesignerdepot.com,prebid2.production.adthrive.com,request,2.6-202606,openrtb.value.invalid,error,imp[0].video.skip,3.2.7
p003123,webdesignerdepot.com,prebid2.production.adthrive.com,request,2.6-202606,openrtb.field.deprecated,warning,imp[1].video.placement,Section 3.2.7
p003123,webdesignerdepot.com,prebid2.production.adthrive.com,request,2.6-202606,openrtb.value.invalid,error,imp[1].video.skip,3.2.7
p003123,webdesignerdepot.com,prebid2.production.adthrive.com,request,2.6-202606,openrtb.field.deprecated,warning,imp[3].video.placement,Section 3.2.7
p003123,webdesignerdepot.com,prebid2.production.adthrive.com,request,2.6-202606,openrtb.value.invalid,error,imp[3].video.skip,3.2.7
p003125,webdesignerdepot.com,prebid2.production.adthrive.com,request,2.6-202606,openrtb.field.deprecated,warning,imp[0].video.placement,Section 3.2.7
p003125,webdesignerdepot.com,prebid2.production.adthrive.com,request,2.6-202606,openrtb.value.invalid,error,imp[0].video.skip,3.2.7
p003126,webdesignerdepot.com,prebid2.production.adthrive.com,request,2.6-202606,openrtb.field.deprecated,warning,imp[0].video.placement,Section 3.2.7
p003126,webdesignerdepot.com,prebid2.production.adthrive.com,request,2.6-202606,openrtb.value.invalid,error,imp[0].video.skip,3.2.7
p003127,webdesignerdepot.com,prebid2.production.adthrive.com,request,2.6-202606,openrtb.field.deprecated,warning,imp[0].video.placement,Section 3.2.7
p003127,webdesignerdepot.com,prebid2.production.adthrive.com,request,2.6-202606,openrtb.value.invalid,error,imp[0].video.skip,3.2.7
p003128,webdesignerdepot.com,prebid2.production.adthrive.com,request,2.6-202606,openrtb.field.deprecated,warning,imp[0].video.placement,Section 3.2.7
p003128,webdesignerdepot.com,prebid2.production.adthrive.com,request,2.6-202606,openrtb.value.invalid,error,imp[0].video.skip,3.2.7
p003131,webdesignerdepot.com,prebid2.production.adthrive.com,request,2.6-202606,openrtb.field.deprecated,warning,imp[0].video.placement,Section 3.2.7
p003131,webdesignerdepot.com,prebid2.production.adthrive.com,request,2.6-202606,openrtb.value.invalid,error,imp[0].video.skip,3.2.7
p003132,webdesignerdepot.com,prebid2.production.adthrive.com,request,2.6-202606,openrtb.field.deprecated,warning,imp[2].video.placement,Section 3.2.7
p003132,webdesignerdepot.com,prebid2.production.adthrive.com,request,2.6-202606,openrtb.value.invalid,error,imp[2].video.skip,3.2.7
p003135,webdesignerdepot.com,prebid2.production.adthrive.com,request,2.6-202606,openrtb.field.deprecated,warning,imp[1].video.placement,Section 3.2.7
p003135,webdesignerdepot.com,prebid2.production.adthrive.com,request,2.6-202606,openrtb.value.invalid,error,imp[1].video.skip,3.2.7
p003135,webdesignerdepot.com,prebid2.production.adthrive.com,request,2.6-202606,openrtb.field.deprecated,warning,imp[2].video.placement,Section 3.2.7
p003135,webdesignerdepot.com,prebid2.production.adthrive.com,request,2.6-202606,openrtb.value.invalid,error,imp[2].video.skip,3.2.7
p003136,webdesignerdepot.com,prebid2.production.adthrive.com,request,2.6-202606,openrtb.field.deprecated,warning,imp[0].video.placement,Section 3.2.7
p003136,webdesignerdepot.com,prebid2.production.adthrive.com,request,2.6-202606,openrtb.value.invalid,error,imp[0].video.skip,3.2.7
p003137,webdesignerdepot.com,prebid2.production.adthrive.com,request,2.6-202606,openrtb.field.deprecated,warning,imp[0].video.placement,Section 3.2.7
p003137,webdesignerdepot.com,prebid2.production.adthrive.com,request,2.6-202606,openrtb.value.invalid,error,imp[0].video.skip,3.2.7
p003138,webdesignerdepot.com,prebid2.production.adthrive.com,request,2.6-202606,openrtb.field.deprecated,warning,imp[0].video.placement,Section 3.2.7
p003138,webdesignerdepot.com,prebid2.production.adthrive.com,request,2.6-202606,openrtb.value.invalid,error,imp[0].video.skip,3.2.7
p003139,webdesignerdepot.com,prebid2.production.adthrive.com,request,2.6-202606,openrtb.field.deprecated,warning,imp[0].video.placement,Section 3.2.7
p003139,webdesignerdepot.com,prebid2.production.adthrive.com,request,2.6-202606,openrtb.value.invalid,error,imp[0].video.skip,3.2.7
p003194,montgomeryadvertiser.com,ps.ex.co,request,2.6-202606,openrtb.field.deprecated,warning,imp[0].video.placement,Section 3.2.7
p003194,montgomeryadvertiser.com,ps.ex.co,request,2.6-202606,openrtb.value.invalid,error,imp[0].video.skip,3.2.7
p003194,montgomeryadvertiser.com,ps.ex.co,request,2.6-202606,openrtb.field.deprecated,warning,imp[1].video.placement,Section 3.2.7
p003194,montgomeryadvertiser.com,ps.ex.co,request,2.6-202606,openrtb.value.invalid,error,imp[1].video.skip,3.2.7
p003194,montgomeryadvertiser.com,ps.ex.co,request,2.6-202606,openrtb.field.deprecated,warning,imp[2].video.placement,Section 3.2.7
p003194,montgomeryadvertiser.com,ps.ex.co,request,2.6-202606,openrtb.value.invalid,error,imp[2].video.skip,3.2.7
p003194,montgomeryadvertiser.com,ps.ex.co,request,2.6-202606,openrtb.field.deprecated,warning,imp[3].video.placement,Section 3.2.7
p003194,montgomeryadvertiser.com,ps.ex.co,request,2.6-202606,openrtb.field.deprecated,warning,imp[4].video.placement,Section 3.2.7
p003194,montgomeryadvertiser.com,ps.ex.co,request,2.6-202606,openrtb.value.invalid,error,imp[4].video.skip,3.2.7
p003194,montgomeryadvertiser.com,ps.ex.co,request,2.6-202606,openrtb.field.deprecated,warning,imp[5].video.placement,Section 3.2.7
p003195,montgomeryadvertiser.com,ps.ex.co,request,2.6-202606,openrtb.field.deprecated,warning,imp[0].video.placement,Section 3.2.7
p003195,montgomeryadvertiser.com,ps.ex.co,request,2.6-202606,openrtb.value.invalid,error,imp[0].video.skip,3.2.7
p003195,montgomeryadvertiser.com,ps.ex.co,request,2.6-202606,openrtb.field.deprecated,warning,imp[1].video.placement,Section 3.2.7
p003195,montgomeryadvertiser.com,ps.ex.co,request,2.6-202606,openrtb.value.invalid,error,imp[1].video.skip,3.2.7
p003195,montgomeryadvertiser.com,ps.ex.co,request,2.6-202606,openrtb.field.deprecated,warning,imp[2].video.placement,Section 3.2.7
p003195,montgomeryadvertiser.com,ps.ex.co,request,2.6-202606,openrtb.value.invalid,error,imp[2].video.skip,3.2.7
p003195,montgomeryadvertiser.com,ps.ex.co,request,2.6-202606,openrtb.field.deprecated,warning,imp[3].video.placement,Section 3.2.7
p003195,montgomeryadvertiser.com,ps.ex.co,request,2.6-202606,openrtb.field.deprecated,warning,imp[4].video.placement,Section 3.2.7
p003195,montgomeryadvertiser.com,ps.ex.co,request,2.6-202606,openrtb.value.invalid,error,imp[4].video.skip,3.2.7
p003195,montgomeryadvertiser.com,ps.ex.co,request,2.6-202606,openrtb.field.deprecated,warning,imp[5].video.placement,Section 3.2.7
p003196,tennessean.com,ps.ex.co,request,2.6-202606,openrtb.field.deprecated,warning,imp[0].video.placement,Section 3.2.7
p003196,tennessean.com,ps.ex.co,request,2.6-202606,openrtb.value.invalid,error,imp[0].video.skip,3.2.7
p003196,tennessean.com,ps.ex.co,request,2.6-202606,openrtb.field.deprecated,warning,imp[1].video.placement,Section 3.2.7
p003196,tennessean.com,ps.ex.co,request,2.6-202606,openrtb.value.invalid,error,imp[1].video.skip,3.2.7
p003196,tennessean.com,ps.ex.co,request,2.6-202606,openrtb.field.deprecated,warning,imp[2].video.placement,Section 3.2.7
p003196,tennessean.com,ps.ex.co,request,2.6-202606,openrtb.field.deprecated,warning,imp[3].video.placement,Section 3.2.7
p003196,tennessean.com,ps.ex.co,request,2.6-202606,openrtb.value.invalid,error,imp[3].video.skip,3.2.7
p003196,tennessean.com,ps.ex.co,request,2.6-202606,openrtb.field.deprecated,warning,imp[4].video.placement,Section 3.2.7
p003196,tennessean.com,ps.ex.co,request,2.6-202606,openrtb.value.invalid,error,imp[4].video.skip,3.2.7
p003196,tennessean.com,ps.ex.co,request,2.6-202606,openrtb.field.deprecated,warning,imp[5].video.placement,Section 3.2.7
p003196,tennessean.com,ps.ex.co,request,2.6-202606,openrtb.value.invalid,error,imp[5].video.skip,3.2.7
p003196,tennessean.com,ps.ex.co,request,2.6-202606,openrtb.field.deprecated,warning,imp[6].video.placement,Section 3.2.7
p003196,tennessean.com,ps.ex.co,request,2.6-202606,openrtb.field.deprecated,warning,imp[7].video.placement,Section 3.2.7
p003196,tennessean.com,ps.ex.co,request,2.6-202606,openrtb.value.invalid,error,imp[7].video.skip,3.2.7
p003197,eonline.com,reachms.bfmio.com,request,2.6-202606,openrtb.field.undefined,error,appId,3.2.1
p003197,eonline.com,reachms.bfmio.com,request,2.6-202606,openrtb.type.mismatch,error,device.connectiontype,3.2.18
p003197,eonline.com,reachms.bfmio.com,request,2.6-202606,openrtb.field.undefined,error,domain,3.2.1
p003197,eonline.com,reachms.bfmio.com,request,2.6-202606,openrtb.field.required,error,imp[0].id,3.2.4
p003197,eonline.com,reachms.bfmio.com,request,2.6-202606,openrtb.field.deprecated,warning,imp[0].video.placement,Section 3.2.7
p003197,eonline.com,reachms.bfmio.com,request,2.6-202606,openrtb.field.undefined,error,imp[0].video.renderer,3.2.7
p003197,eonline.com,reachms.bfmio.com,request,2.6-202606,openrtb.value.invalid,error,imp[0].video.skip,3.2.7
p003197,eonline.com,reachms.bfmio.com,request,2.6-202606,openrtb.field.undefined,error,imp[0].video.useCacheKey,3.2.7
p003197,eonline.com,reachms.bfmio.com,request,2.6-202606,openrtb.field.undefined,error,isPrebid,3.2.1
p003198,eonline.com,reachms.bfmio.com,request,2.6-202606,openrtb.field.undefined,error,appId,3.2.1
p003198,eonline.com,reachms.bfmio.com,request,2.6-202606,openrtb.type.mismatch,error,device.connectiontype,3.2.18
p003198,eonline.com,reachms.bfmio.com,request,2.6-202606,openrtb.field.undefined,error,domain,3.2.1
p003198,eonline.com,reachms.bfmio.com,request,2.6-202606,openrtb.field.required,error,imp[0].id,3.2.4
p003198,eonline.com,reachms.bfmio.com,request,2.6-202606,openrtb.field.deprecated,warning,imp[0].video.placement,Section 3.2.7
p003198,eonline.com,reachms.bfmio.com,request,2.6-202606,openrtb.field.undefined,error,imp[0].video.renderer,3.2.7
p003198,eonline.com,reachms.bfmio.com,request,2.6-202606,openrtb.value.invalid,error,imp[0].video.skip,3.2.7
p003198,eonline.com,reachms.bfmio.com,request,2.6-202606,openrtb.field.undefined,error,imp[0].video.useCacheKey,3.2.7
p003198,eonline.com,reachms.bfmio.com,request,2.6-202606,openrtb.field.undefined,error,isPrebid,3.2.1
p003199,eonline.com,reachms.bfmio.com,request,2.6-202606,openrtb.field.undefined,error,appId,3.2.1
p003199,eonline.com,reachms.bfmio.com,request,2.6-202606,openrtb.type.mismatch,error,device.connectiontype,3.2.18
p003199,eonline.com,reachms.bfmio.com,request,2.6-202606,openrtb.field.undefined,error,domain,3.2.1
p003199,eonline.com,reachms.bfmio.com,request,2.6-202606,openrtb.field.required,error,imp[0].id,3.2.4
p003199,eonline.com,reachms.bfmio.com,request,2.6-202606,openrtb.field.deprecated,warning,imp[0].video.placement,Section 3.2.7
p003199,eonline.com,reachms.bfmio.com,request,2.6-202606,openrtb.field.undefined,error,imp[0].video.renderer,3.2.7
p003199,eonline.com,reachms.bfmio.com,request,2.6-202606,openrtb.value.invalid,error,imp[0].video.skip,3.2.7
p003199,eonline.com,reachms.bfmio.com,request,2.6-202606,openrtb.field.undefined,error,imp[0].video.useCacheKey,3.2.7
p003199,eonline.com,reachms.bfmio.com,request,2.6-202606,openrtb.field.undefined,error,isPrebid,3.2.1
p003200,eonline.com,reachms.bfmio.com,request,2.6-202606,openrtb.field.undefined,error,appId,3.2.1
p003200,eonline.com,reachms.bfmio.com,request,2.6-202606,openrtb.type.mismatch,error,device.connectiontype,3.2.18
p003200,eonline.com,reachms.bfmio.com,request,2.6-202606,openrtb.field.undefined,error,domain,3.2.1
p003200,eonline.com,reachms.bfmio.com,request,2.6-202606,openrtb.field.required,error,imp[0].id,3.2.4
p003200,eonline.com,reachms.bfmio.com,request,2.6-202606,openrtb.field.deprecated,warning,imp[0].video.placement,Section 3.2.7
p003200,eonline.com,reachms.bfmio.com,request,2.6-202606,openrtb.field.undefined,error,imp[0].video.renderer,3.2.7
p003200,eonline.com,reachms.bfmio.com,request,2.6-202606,openrtb.value.invalid,error,imp[0].video.skip,3.2.7
p003200,eonline.com,reachms.bfmio.com,request,2.6-202606,openrtb.field.undefined,error,imp[0].video.useCacheKey,3.2.7
p003200,eonline.com,reachms.bfmio.com,request,2.6-202606,openrtb.field.undefined,error,isPrebid,3.2.1
p003201,eonline.com,reachms.bfmio.com,request,2.6-202606,openrtb.field.undefined,error,appId,3.2.1
p003201,eonline.com,reachms.bfmio.com,request,2.6-202606,openrtb.type.mismatch,error,device.connectiontype,3.2.18
p003201,eonline.com,reachms.bfmio.com,request,2.6-202606,openrtb.field.undefined,error,domain,3.2.1
p003201,eonline.com,reachms.bfmio.com,request,2.6-202606,openrtb.field.required,error,imp[0].id,3.2.4
p003201,eonline.com,reachms.bfmio.com,request,2.6-202606,openrtb.field.deprecated,warning,imp[0].video.placement,Section 3.2.7
p003201,eonline.com,reachms.bfmio.com,request,2.6-202606,openrtb.field.undefined,error,imp[0].video.renderer,3.2.7
p003201,eonline.com,reachms.bfmio.com,request,2.6-202606,openrtb.value.invalid,error,imp[0].video.skip,3.2.7
p003201,eonline.com,reachms.bfmio.com,request,2.6-202606,openrtb.field.undefined,error,imp[0].video.useCacheKey,3.2.7
p003201,eonline.com,reachms.bfmio.com,request,2.6-202606,openrtb.field.undefined,error,isPrebid,3.2.1
p003202,eonline.com,reachms.bfmio.com,request,2.6-202606,openrtb.field.undefined,error,appId,3.2.1
p003202,eonline.com,reachms.bfmio.com,request,2.6-202606,openrtb.type.mismatch,error,device.connectiontype,3.2.18
p003202,eonline.com,reachms.bfmio.com,request,2.6-202606,openrtb.field.undefined,error,domain,3.2.1
p003202,eonline.com,reachms.bfmio.com,request,2.6-202606,openrtb.field.required,error,imp[0].id,3.2.4
p003202,eonline.com,reachms.bfmio.com,request,2.6-202606,openrtb.field.deprecated,warning,imp[0].video.placement,Section 3.2.7
p003202,eonline.com,reachms.bfmio.com,request,2.6-202606,openrtb.field.undefined,error,imp[0].video.renderer,3.2.7
p003202,eonline.com,reachms.bfmio.com,request,2.6-202606,openrtb.value.invalid,error,imp[0].video.skip,3.2.7
p003202,eonline.com,reachms.bfmio.com,request,2.6-202606,openrtb.field.undefined,error,imp[0].video.useCacheKey,3.2.7
p003202,eonline.com,reachms.bfmio.com,request,2.6-202606,openrtb.field.undefined,error,isPrebid,3.2.1
p003203,eonline.com,reachms.bfmio.com,request,2.6-202606,openrtb.field.undefined,error,appId,3.2.1
p003203,eonline.com,reachms.bfmio.com,request,2.6-202606,openrtb.type.mismatch,error,device.connectiontype,3.2.18
p003203,eonline.com,reachms.bfmio.com,request,2.6-202606,openrtb.field.undefined,error,domain,3.2.1
p003203,eonline.com,reachms.bfmio.com,request,2.6-202606,openrtb.field.required,error,imp[0].id,3.2.4
p003203,eonline.com,reachms.bfmio.com,request,2.6-202606,openrtb.field.deprecated,warning,imp[0].video.placement,Section 3.2.7
p003203,eonline.com,reachms.bfmio.com,request,2.6-202606,openrtb.field.undefined,error,imp[0].video.renderer,3.2.7
p003203,eonline.com,reachms.bfmio.com,request,2.6-202606,openrtb.value.invalid,error,imp[0].video.skip,3.2.7
p003203,eonline.com,reachms.bfmio.com,request,2.6-202606,openrtb.field.undefined,error,imp[0].video.useCacheKey,3.2.7
p003203,eonline.com,reachms.bfmio.com,request,2.6-202606,openrtb.field.undefined,error,isPrebid,3.2.1
p003204,cityam.com,rt.marphezis.com,request,2.6-202606,openrtb.type.mismatch,error,site.publisher.id,3.2.15
p003205,cityam.com,rt.marphezis.com,request,2.6-202606,openrtb.type.mismatch,error,site.publisher.id,3.2.15
p003211,falstaff.com,rt.marphezis.com,request,2.6-202606,openrtb.type.mismatch,error,site.publisher.id,3.2.15
p003212,fox11online.com,rt.marphezis.com,request,2.6-202606,openrtb.type.mismatch,error,site.publisher.id,3.2.15
p003213,fox11online.com,rt.marphezis.com,request,2.6-202606,openrtb.type.mismatch,error,site.publisher.id,3.2.15
p003214,fox11online.com,rt.marphezis.com,request,2.6-202606,openrtb.type.mismatch,error,site.publisher.id,3.2.15
p003215,fox11online.com,rt.marphezis.com,request,2.6-202606,openrtb.type.mismatch,error,site.publisher.id,3.2.15
p003216,fox11online.com,rt.marphezis.com,request,2.6-202606,openrtb.type.mismatch,error,site.publisher.id,3.2.15
p003217,fox11online.com,rt.marphezis.com,request,2.6-202606,openrtb.type.mismatch,error,site.publisher.id,3.2.15
p003218,fox11online.com,rt.marphezis.com,request,2.6-202606,openrtb.type.mismatch,error,site.publisher.id,3.2.15
p003219,fox11online.com,rt.marphezis.com,request,2.6-202606,openrtb.type.mismatch,error,site.publisher.id,3.2.15
p003221,moly.hu,rt.marphezis.com,request,2.6-202606,openrtb.field.moved,error,regs.ext.gdpr,Section 3.2.3
p003222,moly.hu,rt.marphezis.com,request,2.6-202606,openrtb.field.moved,error,regs.ext.gdpr,Section 3.2.3
p003223,nationaltoday.com,rt.marphezis.com,request,2.6-202606,openrtb.field.moved,error,regs.ext.gdpr,Section 3.2.3
p003224,nationaltoday.com,rt.marphezis.com,request,2.6-202606,openrtb.field.moved,error,regs.ext.gdpr,Section 3.2.3
p003225,nationaltoday.com,rt.marphezis.com,request,2.6-202606,openrtb.field.moved,error,regs.ext.gdpr,Section 3.2.3
p003226,nationaltoday.com,rt.marphezis.com,request,2.6-202606,openrtb.field.moved,error,regs.ext.gdpr,Section 3.2.3
p003227,psychcentral.com,rt.marphezis.com,request,2.6-202606,openrtb.type.mismatch,error,site.publisher.id,3.2.15
p003227,psychcentral.com,rt.marphezis.com,request,2.6-202606,openrtb.field.moved,error,user.ext.consent,Section 3.2.20
p003228,psychcentral.com,rt.marphezis.com,request,2.6-202606,openrtb.type.mismatch,error,site.publisher.id,3.2.15
p003228,psychcentral.com,rt.marphezis.com,request,2.6-202606,openrtb.field.moved,error,user.ext.consent,Section 3.2.20
p003229,psychcentral.com,rt.marphezis.com,request,2.6-202606,openrtb.type.mismatch,error,site.publisher.id,3.2.15
p003229,psychcentral.com,rt.marphezis.com,request,2.6-202606,openrtb.field.moved,error,user.ext.consent,Section 3.2.20
p003230,psychcentral.com,rt.marphezis.com,request,2.6-202606,openrtb.type.mismatch,error,site.publisher.id,3.2.15
p003230,psychcentral.com,rt.marphezis.com,request,2.6-202606,openrtb.field.moved,error,user.ext.consent,Section 3.2.20
p003231,psychcentral.com,rt.marphezis.com,request,2.6-202606,openrtb.type.mismatch,error,site.publisher.id,3.2.15
p003231,psychcentral.com,rt.marphezis.com,request,2.6-202606,openrtb.field.moved,error,user.ext.consent,Section 3.2.20
p003232,psychcentral.com,rt.marphezis.com,request,2.6-202606,openrtb.type.mismatch,error,site.publisher.id,3.2.15
p003232,psychcentral.com,rt.marphezis.com,request,2.6-202606,openrtb.field.moved,error,user.ext.consent,Section 3.2.20
p003233,psychcentral.com,rt.marphezis.com,request,2.6-202606,openrtb.type.mismatch,error,site.publisher.id,3.2.15
p003233,psychcentral.com,rt.marphezis.com,request,2.6-202606,openrtb.field.moved,error,user.ext.consent,Section 3.2.20
p003234,urbandictionary.com,rt.marphezis.com,request,2.6-202606,openrtb.type.mismatch,error,site.publisher.id,3.2.15
p003235,urbandictionary.com,rt.marphezis.com,request,2.6-202606,openrtb.type.mismatch,error,site.publisher.id,3.2.15
p003236,urbandictionary.com,rt.marphezis.com,request,2.6-202606,openrtb.type.mismatch,error,site.publisher.id,3.2.15
p003237,zeldadungeon.net,rt.marphezis.com,request,2.6-202606,openrtb.field.moved,error,regs.ext.gdpr,Section 3.2.3
p003268,tennessean.com,rtb.ex.co,request,2.6-202606,openrtb.field.undefined,error,device.geo.state,3.2.19
p003268,tennessean.com,rtb.ex.co,request,2.6-202606,openrtb.field.deprecated,warning,imp[0].video.placement,Section 3.2.7
p003268,tennessean.com,rtb.ex.co,request,2.6-202606,openrtb.field.deprecated,warning,imp[1].video.placement,Section 3.2.7
p003269,oneindia.com,rtb.nexverse.ai,request,2.5,openrtb.field.undefined,error,imp[0].bidFloor,3.2.4
p003269,oneindia.com,rtb.nexverse.ai,request,2.5,openrtb.type.mismatch,error,user.yob,3.2.20
p003270,oneindia.com,rtb.nexverse.ai,request,2.5,openrtb.field.undefined,error,imp[0].bidFloor,3.2.4
p003270,oneindia.com,rtb.nexverse.ai,request,2.5,openrtb.type.mismatch,error,user.yob,3.2.20
p003271,oneindia.com,rtb.nexverse.ai,request,2.5,openrtb.field.undefined,error,imp[0].bidFloor,3.2.4
p003271,oneindia.com,rtb.nexverse.ai,request,2.5,openrtb.type.mismatch,error,user.yob,3.2.20
p003272,oneindia.com,rtb.nexverse.ai,request,2.5,openrtb.field.undefined,error,imp[0].bidFloor,3.2.4
p003272,oneindia.com,rtb.nexverse.ai,request,2.5,openrtb.type.mismatch,error,user.yob,3.2.20
p003273,oneindia.com,rtb.nexverse.ai,request,2.5,openrtb.field.undefined,error,imp[0].bidFloor,3.2.4
p003273,oneindia.com,rtb.nexverse.ai,request,2.5,openrtb.type.mismatch,error,user.yob,3.2.20
p003274,oneindia.com,rtb.nexverse.ai,request,2.5,openrtb.field.undefined,error,imp[0].bidFloor,3.2.4
p003274,oneindia.com,rtb.nexverse.ai,request,2.5,openrtb.type.mismatch,error,user.yob,3.2.20
p003275,oneindia.com,rtb.nexverse.ai,request,2.5,openrtb.field.undefined,error,imp[0].bidFloor,3.2.4
p003275,oneindia.com,rtb.nexverse.ai,request,2.5,openrtb.type.mismatch,error,user.yob,3.2.20
p003276,oneindia.com,rtb.nexverse.ai,request,2.5,openrtb.field.undefined,error,imp[0].bidFloor,3.2.4
p003276,oneindia.com,rtb.nexverse.ai,request,2.5,openrtb.type.mismatch,error,user.yob,3.2.20
p003277,oneindia.com,rtb.nexverse.ai,request,2.5,openrtb.field.undefined,error,imp[0].bidFloor,3.2.4
p003277,oneindia.com,rtb.nexverse.ai,request,2.5,openrtb.type.mismatch,error,user.yob,3.2.20
p003278,oneindia.com,rtb.nexverse.ai,request,2.5,openrtb.field.undefined,error,imp[0].bidFloor,3.2.4
p003278,oneindia.com,rtb.nexverse.ai,request,2.5,openrtb.type.mismatch,error,user.yob,3.2.20
p003279,oneindia.com,rtb.nexverse.ai,request,2.5,openrtb.field.undefined,error,imp[0].bidFloor,3.2.4
p003279,oneindia.com,rtb.nexverse.ai,request,2.5,openrtb.type.mismatch,error,user.yob,3.2.20
p003280,oneindia.com,rtb.nexverse.ai,request,2.5,openrtb.field.undefined,error,imp[0].bidFloor,3.2.4
p003280,oneindia.com,rtb.nexverse.ai,request,2.5,openrtb.type.mismatch,error,user.yob,3.2.20
p003281,oneindia.com,rtb.nexverse.ai,request,2.5,openrtb.field.undefined,error,imp[0].bidFloor,3.2.4
p003281,oneindia.com,rtb.nexverse.ai,request,2.5,openrtb.type.mismatch,error,user.yob,3.2.20
p003282,oneindia.com,rtb.nexverse.ai,request,2.5,openrtb.field.undefined,error,imp[0].bidFloor,3.2.4
p003282,oneindia.com,rtb.nexverse.ai,request,2.5,openrtb.type.mismatch,error,user.yob,3.2.20
p003283,autoguide.com,rtb.openx.net,request,2.6-202606,openrtb.field.moved,error,regs.ext.gdpr,Section 3.2.3
p003284,autoguide.com,rtb.openx.net,request,2.6-202606,openrtb.field.moved,error,regs.ext.gdpr,Section 3.2.3
p003285,autoguide.com,rtb.openx.net,request,2.6-202606,openrtb.field.moved,error,regs.ext.gdpr,Section 3.2.3
p003286,autoguide.com,rtb.openx.net,request,2.6-202606,openrtb.field.moved,error,regs.ext.gdpr,Section 3.2.3
p003287,autoguide.com,rtb.openx.net,request,2.6-202606,openrtb.field.moved,error,regs.ext.gdpr,Section 3.2.3
p003288,autoguide.com,rtb.openx.net,request,2.6-202606,openrtb.field.moved,error,regs.ext.gdpr,Section 3.2.3
p003289,autoguide.com,rtb.openx.net,request,2.6-202606,openrtb.field.moved,error,regs.ext.gdpr,Section 3.2.3
p003290,autoguide.com,rtb.openx.net,request,2.6-202606,openrtb.field.moved,error,regs.ext.gdpr,Section 3.2.3
p003291,autoguide.com,rtb.openx.net,request,2.6-202606,openrtb.field.moved,error,regs.ext.gdpr,Section 3.2.3
p003292,autoguide.com,rtb.openx.net,request,2.6-202606,openrtb.field.moved,error,regs.ext.gdpr,Section 3.2.3
p003293,autoguide.com,rtb.openx.net,request,2.6-202606,openrtb.field.moved,error,regs.ext.gdpr,Section 3.2.3
p003294,autoguide.com,rtb.openx.net,request,2.6-202606,openrtb.field.moved,error,regs.ext.gdpr,Section 3.2.3
p003295,autoguide.com,rtb.openx.net,request,2.6-202606,openrtb.field.moved,error,regs.ext.gdpr,Section 3.2.3
p003296,autoguide.com,rtb.openx.net,request,2.6-202606,openrtb.field.moved,error,regs.ext.gdpr,Section 3.2.3
p003297,autoguide.com,rtb.openx.net,request,2.6-202606,openrtb.field.moved,error,regs.ext.gdpr,Section 3.2.3
p003310,chicagotribune.com,rtb.openx.net,request,2.6-202606,openrtb.field.deprecated,warning,imp[0].video.placement,Section 3.2.7
p003311,chicagotribune.com,rtb.openx.net,request,2.6-202606,openrtb.field.deprecated,warning,imp[0].video.placement,Section 3.2.7
p003318,cupofjo.com,rtb.openx.net,request,2.6-202606,openrtb.field.deprecated,warning,imp[0].video.placement,Section 3.2.7
p003318,cupofjo.com,rtb.openx.net,request,2.6-202606,openrtb.value.invalid,error,imp[0].video.skip,3.2.7
p003319,cupofjo.com,rtb.openx.net,request,2.6-202606,openrtb.field.deprecated,warning,imp[0].video.placement,Section 3.2.7
p003319,cupofjo.com,rtb.openx.net,request,2.6-202606,openrtb.value.invalid,error,imp[0].video.skip,3.2.7
p003320,cupofjo.com,rtb.openx.net,request,2.6-202606,openrtb.field.deprecated,warning,imp[0].video.placement,Section 3.2.7
p003320,cupofjo.com,rtb.openx.net,request,2.6-202606,openrtb.value.invalid,error,imp[0].video.skip,3.2.7
p003333,elespectador.com,rtb.openx.net,request,2.6-202606,openrtb.type.mismatch,error,site.publisher.id,3.2.15
p003334,elespectador.com,rtb.openx.net,request,2.6-202606,openrtb.type.mismatch,error,site.publisher.id,3.2.15
p003335,elespectador.com,rtb.openx.net,request,2.6-202606,openrtb.type.mismatch,error,site.publisher.id,3.2.15
p003336,elespectador.com,rtb.openx.net,request,2.6-202606,openrtb.type.mismatch,error,site.publisher.id,3.2.15
p003337,elespectador.com,rtb.openx.net,request,2.6-202606,openrtb.type.mismatch,error,site.publisher.id,3.2.15
p003338,elespectador.com,rtb.openx.net,request,2.6-202606,openrtb.type.mismatch,error,site.publisher.id,3.2.15
p003354,fox11online.com,rtb.openx.net,request,2.6-202606,openrtb.field.deprecated,warning,imp[0].video.placement,Section 3.2.7
p003354,fox11online.com,rtb.openx.net,request,2.6-202606,openrtb.field.moved,error,regs.ext.gdpr,Section 3.2.3
p003355,fox11online.com,rtb.openx.net,request,2.6-202606,openrtb.field.moved,error,regs.ext.gdpr,Section 3.2.3
p003356,fox11online.com,rtb.openx.net,request,2.6-202606,openrtb.field.deprecated,warning,imp[0].video.placement,Section 3.2.7
p003356,fox11online.com,rtb.openx.net,request,2.6-202606,openrtb.value.invalid,error,imp[0].video.skip,3.2.7
p003357,fox11online.com,rtb.openx.net,request,2.6-202606,openrtb.field.deprecated,warning,imp[0].video.placement,Section 3.2.7
p003357,fox11online.com,rtb.openx.net,request,2.6-202606,openrtb.value.invalid,error,imp[0].video.skip,3.2.7
p003358,fox11online.com,rtb.openx.net,request,2.6-202606,openrtb.field.deprecated,warning,imp[0].video.placement,Section 3.2.7
p003358,fox11online.com,rtb.openx.net,request,2.6-202606,openrtb.value.invalid,error,imp[0].video.skip,3.2.7
p003359,fox11online.com,rtb.openx.net,request,2.6-202606,openrtb.field.deprecated,warning,imp[0].video.placement,Section 3.2.7
p003359,fox11online.com,rtb.openx.net,request,2.6-202606,openrtb.value.invalid,error,imp[0].video.skip,3.2.7
p003360,fox11online.com,rtb.openx.net,request,2.6-202606,openrtb.field.deprecated,warning,imp[0].video.placement,Section 3.2.7
p003360,fox11online.com,rtb.openx.net,request,2.6-202606,openrtb.value.invalid,error,imp[0].video.skip,3.2.7
p003361,fox11online.com,rtb.openx.net,request,2.6-202606,openrtb.field.deprecated,warning,imp[0].video.placement,Section 3.2.7
p003361,fox11online.com,rtb.openx.net,request,2.6-202606,openrtb.value.invalid,error,imp[0].video.skip,3.2.7
p003362,fox11online.com,rtb.openx.net,request,2.6-202606,openrtb.field.deprecated,warning,imp[0].video.placement,Section 3.2.7
p003362,fox11online.com,rtb.openx.net,request,2.6-202606,openrtb.field.moved,error,regs.ext.gdpr,Section 3.2.3
p003363,fox11online.com,rtb.openx.net,request,2.6-202606,openrtb.field.moved,error,regs.ext.gdpr,Section 3.2.3
p003364,fox11online.com,rtb.openx.net,request,2.6-202606,openrtb.field.deprecated,warning,imp[0].video.placement,Section 3.2.7
p003367,fox11online.com,rtb.openx.net,request,2.6-202606,openrtb.field.deprecated,warning,imp[0].video.placement,Section 3.2.7
p003368,fox11online.com,rtb.openx.net,request,2.6-202606,openrtb.field.deprecated,warning,imp[0].video.placement,Section 3.2.7
p003368,fox11online.com,rtb.openx.net,request,2.6-202606,openrtb.value.invalid,error,imp[0].video.skip,3.2.7
p003369,fox11online.com,rtb.openx.net,request,2.6-202606,openrtb.field.deprecated,warning,imp[0].video.placement,Section 3.2.7
p003370,fox11online.com,rtb.openx.net,request,2.6-202606,openrtb.field.deprecated,warning,imp[0].video.placement,Section 3.2.7
p003371,fox11online.com,rtb.openx.net,request,2.6-202606,openrtb.field.deprecated,warning,imp[0].video.placement,Section 3.2.7
p003371,fox11online.com,rtb.openx.net,request,2.6-202606,openrtb.value.invalid,error,imp[0].video.skip,3.2.7
p003372,fox11online.com,rtb.openx.net,request,2.6-202606,openrtb.field.deprecated,warning,imp[0].video.placement,Section 3.2.7
p003372,fox11online.com,rtb.openx.net,request,2.6-202606,openrtb.value.invalid,error,imp[0].video.skip,3.2.7
p003373,fox11online.com,rtb.openx.net,request,2.6-202606,openrtb.field.deprecated,warning,imp[0].video.placement,Section 3.2.7
p003374,fox11online.com,rtb.openx.net,request,2.6-202606,openrtb.field.deprecated,warning,imp[0].video.placement,Section 3.2.7
p003374,fox11online.com,rtb.openx.net,request,2.6-202606,openrtb.value.invalid,error,imp[0].video.skip,3.2.7
p003375,fox11online.com,rtb.openx.net,request,2.6-202606,openrtb.field.deprecated,warning,imp[0].video.placement,Section 3.2.7
p003375,fox11online.com,rtb.openx.net,request,2.6-202606,openrtb.value.invalid,error,imp[0].video.skip,3.2.7
p003376,fox11online.com,rtb.openx.net,request,2.6-202606,openrtb.field.deprecated,warning,imp[0].video.placement,Section 3.2.7
p003376,fox11online.com,rtb.openx.net,request,2.6-202606,openrtb.value.invalid,error,imp[0].video.skip,3.2.7
p003377,fox11online.com,rtb.openx.net,request,2.6-202606,openrtb.field.deprecated,warning,imp[0].video.placement,Section 3.2.7
p003378,fox11online.com,rtb.openx.net,request,2.6-202606,openrtb.field.deprecated,warning,imp[0].video.placement,Section 3.2.7
p003378,fox11online.com,rtb.openx.net,request,2.6-202606,openrtb.value.invalid,error,imp[0].video.skip,3.2.7
p003379,fox11online.com,rtb.openx.net,request,2.6-202606,openrtb.field.deprecated,warning,imp[0].video.placement,Section 3.2.7
p003380,fox11online.com,rtb.openx.net,request,2.6-202606,openrtb.field.deprecated,warning,imp[0].video.placement,Section 3.2.7
p003381,fox11online.com,rtb.openx.net,request,2.6-202606,openrtb.field.deprecated,warning,imp[0].video.placement,Section 3.2.7
p003381,fox11online.com,rtb.openx.net,request,2.6-202606,openrtb.value.invalid,error,imp[0].video.skip,3.2.7
p003382,fox11online.com,rtb.openx.net,request,2.6-202606,openrtb.field.deprecated,warning,imp[0].video.placement,Section 3.2.7
p003383,fox11online.com,rtb.openx.net,request,2.6-202606,openrtb.field.deprecated,warning,imp[0].video.placement,Section 3.2.7
p003386,halfbakedharvest.com,rtb.openx.net,request,2.6-202606,openrtb.field.deprecated,warning,imp[0].video.placement,Section 3.2.7
p003386,halfbakedharvest.com,rtb.openx.net,request,2.6-202606,openrtb.value.invalid,error,imp[0].video.skip,3.2.7
p003388,halfbakedharvest.com,rtb.openx.net,request,2.6-202606,openrtb.field.deprecated,warning,imp[0].video.placement,Section 3.2.7
p003388,halfbakedharvest.com,rtb.openx.net,request,2.6-202606,openrtb.value.invalid,error,imp[0].video.skip,3.2.7
p003392,halfbakedharvest.com,rtb.openx.net,request,2.6-202606,openrtb.field.deprecated,warning,imp[0].video.placement,Section 3.2.7
p003392,halfbakedharvest.com,rtb.openx.net,request,2.6-202606,openrtb.value.invalid,error,imp[0].video.skip,3.2.7
p003393,halfbakedharvest.com,rtb.openx.net,request,2.6-202606,openrtb.field.deprecated,warning,imp[0].video.placement,Section 3.2.7
p003393,halfbakedharvest.com,rtb.openx.net,request,2.6-202606,openrtb.value.invalid,error,imp[0].video.skip,3.2.7
p003394,halfbakedharvest.com,rtb.openx.net,request,2.6-202606,openrtb.field.deprecated,warning,imp[0].video.placement,Section 3.2.7
p003394,halfbakedharvest.com,rtb.openx.net,request,2.6-202606,openrtb.value.invalid,error,imp[0].video.skip,3.2.7
p003395,howlongtobeat.com,rtb.openx.net,request,2.6-202606,openrtb.type.mismatch,error,imp[0].tagid,3.2.4
p003395,howlongtobeat.com,rtb.openx.net,request,2.6-202606,openrtb.type.mismatch,error,imp[1].tagid,3.2.4
p003395,howlongtobeat.com,rtb.openx.net,request,2.6-202606,openrtb.type.mismatch,error,imp[2].tagid,3.2.4
p003395,howlongtobeat.com,rtb.openx.net,request,2.6-202606,openrtb.type.mismatch,error,imp[3].tagid,3.2.4
p003396,imore.com,rtb.openx.net,request,2.6-202606,openrtb.field.moved,error,regs.ext.gdpr,Section 3.2.3
p003397,imore.com,rtb.openx.net,request,2.6-202606,openrtb.field.moved,error,regs.ext.gdpr,Section 3.2.3
p003398,imore.com,rtb.openx.net,request,2.6-202606,openrtb.field.moved,error,regs.ext.gdpr,Section 3.2.3
p003399,moly.hu,rtb.openx.net,request,2.6-202606,openrtb.field.moved,error,regs.ext.gdpr,Section 3.2.3
p003400,moly.hu,rtb.openx.net,request,2.6-202606,openrtb.field.moved,error,regs.ext.gdpr,Section 3.2.3
p003401,montgomeryadvertiser.com,rtb.openx.net,request,2.6-202606,openrtb.field.deprecated,warning,imp[0].video.placement,Section 3.2.7
p003401,montgomeryadvertiser.com,rtb.openx.net,request,2.6-202606,openrtb.value.invalid,error,imp[0].video.skip,3.2.7
p003402,montgomeryadvertiser.com,rtb.openx.net,request,2.6-202606,openrtb.field.deprecated,warning,imp[0].video.placement,Section 3.2.7
p003402,montgomeryadvertiser.com,rtb.openx.net,request,2.6-202606,openrtb.value.invalid,error,imp[0].video.skip,3.2.7
p003403,montgomeryadvertiser.com,rtb.openx.net,request,2.6-202606,openrtb.field.undefined,error,device.geo.state,3.2.19
p003403,montgomeryadvertiser.com,rtb.openx.net,request,2.6-202606,openrtb.field.deprecated,warning,imp[0].video.placement,Section 3.2.7
p003403,montgomeryadvertiser.com,rtb.openx.net,request,2.6-202606,openrtb.value.invalid,error,imp[0].video.skip,3.2.7
p003405,montgomeryadvertiser.com,rtb.openx.net,request,2.6-202606,openrtb.field.undefined,error,device.geo.state,3.2.19
p003405,montgomeryadvertiser.com,rtb.openx.net,request,2.6-202606,openrtb.field.deprecated,warning,imp[0].video.placement,Section 3.2.7
p003405,montgomeryadvertiser.com,rtb.openx.net,request,2.6-202606,openrtb.value.invalid,error,imp[0].video.skip,3.2.7
p003411,namemc.com,rtb.openx.net,request,2.6-202606,openrtb.field.moved,error,regs.ext.gdpr,Section 3.2.3
p003412,namemc.com,rtb.openx.net,request,2.6-202606,openrtb.field.deprecated,warning,imp[0].video.placement,Section 3.2.7
p003413,namemc.com,rtb.openx.net,request,2.6-202606,openrtb.field.deprecated,warning,imp[0].video.placement,Section 3.2.7
p003414,myjoyonline.com,rtb.openx.net,request,2.6-202606,openrtb.field.moved,error,regs.ext.gdpr,Section 3.2.3
p003415,nationaltoday.com,rtb.openx.net,request,2.6-202606,openrtb.field.moved,error,regs.ext.gdpr,Section 3.2.3
p003416,nationaltoday.com,rtb.openx.net,request,2.6-202606,openrtb.field.moved,error,regs.ext.gdpr,Section 3.2.3
p003417,namemc.com,rtb.openx.net,request,2.6-202606,openrtb.field.deprecated,warning,imp[0].video.placement,Section 3.2.7
p003422,nationaltoday.com,rtb.openx.net,request,2.6-202606,openrtb.field.moved,error,regs.ext.gdpr,Section 3.2.3
p003423,nationaltoday.com,rtb.openx.net,request,2.6-202606,openrtb.field.deprecated,warning,imp[0].video.placement,Section 3.2.7
p003424,nationaltoday.com,rtb.openx.net,request,2.6-202606,openrtb.field.deprecated,warning,imp[0].video.placement,Section 3.2.7
p003425,nationaltoday.com,rtb.openx.net,request,2.6-202606,openrtb.field.moved,error,regs.ext.gdpr,Section 3.2.3
p003426,nationaltoday.com,rtb.openx.net,request,2.6-202606,openrtb.field.deprecated,warning,imp[0].video.placement,Section 3.2.7
p003427,nationaltoday.com,rtb.openx.net,request,2.6-202606,openrtb.field.deprecated,warning,imp[0].video.placement,Section 3.2.7
p003428,nationaltoday.com,rtb.openx.net,request,2.6-202606,openrtb.field.deprecated,warning,imp[0].video.placement,Section 3.2.7
p003429,nationaltoday.com,rtb.openx.net,request,2.6-202606,openrtb.field.deprecated,warning,imp[0].video.placement,Section 3.2.7
p003435,nesn.com,rtb.openx.net,request,2.6-202606,openrtb.field.deprecated,warning,imp[0].video.placement,Section 3.2.7
p003435,nesn.com,rtb.openx.net,request,2.6-202606,openrtb.value.invalid,error,imp[0].video.skip,3.2.7
p003436,nesn.com,rtb.openx.net,request,2.6-202606,openrtb.field.deprecated,warning,imp[0].video.placement,Section 3.2.7
p003436,nesn.com,rtb.openx.net,request,2.6-202606,openrtb.value.invalid,error,imp[0].video.skip,3.2.7
p003437,nintendoeverything.com,rtb.openx.net,request,2.6-202606,openrtb.field.deprecated,warning,imp[2].video.placement,Section 3.2.7
p003437,nintendoeverything.com,rtb.openx.net,request,2.6-202606,openrtb.value.invalid,error,imp[2].video.skip,3.2.7
p003438,nintendoeverything.com,rtb.openx.net,request,2.6-202606,openrtb.field.deprecated,warning,imp[2].video.placement,Section 3.2.7
p003438,nintendoeverything.com,rtb.openx.net,request,2.6-202606,openrtb.value.invalid,error,imp[2].video.skip,3.2.7
p003438,nintendoeverything.com,rtb.openx.net,request,2.6-202606,openrtb.field.deprecated,warning,imp[4].video.placement,Section 3.2.7
p003438,nintendoeverything.com,rtb.openx.net,request,2.6-202606,openrtb.value.invalid,error,imp[4].video.skip,3.2.7
p003438,nintendoeverything.com,rtb.openx.net,request,2.6-202606,openrtb.field.deprecated,warning,imp[7].video.placement,Section 3.2.7
p003438,nintendoeverything.com,rtb.openx.net,request,2.6-202606,openrtb.value.invalid,error,imp[7].video.skip,3.2.7
p003439,nesn.com,rtb.openx.net,request,2.6-202606,openrtb.field.deprecated,warning,imp[0].video.placement,Section 3.2.7
p003439,nesn.com,rtb.openx.net,request,2.6-202606,openrtb.value.invalid,error,imp[0].video.skip,3.2.7
p003440,nintendoeverything.com,rtb.openx.net,request,2.6-202606,openrtb.field.deprecated,warning,imp[0].video.placement,Section 3.2.7
p003440,nintendoeverything.com,rtb.openx.net,request,2.6-202606,openrtb.value.invalid,error,imp[0].video.skip,3.2.7
p003441,nintendoeverything.com,rtb.openx.net,request,2.6-202606,openrtb.field.deprecated,warning,imp[1].video.placement,Section 3.2.7
p003441,nintendoeverything.com,rtb.openx.net,request,2.6-202606,openrtb.value.invalid,error,imp[1].video.skip,3.2.7
p003442,oneindia.com,rtb.openx.net,request,2.6-202606,openrtb.field.undefined,error,user.interests,3.2.20
p003443,oneindia.com,rtb.openx.net,request,2.6-202606,openrtb.field.undefined,error,user.interests,3.2.20
p003444,nintendoeverything.com,rtb.openx.net,request,2.6-202606,openrtb.field.deprecated,warning,imp[2].video.placement,Section 3.2.7
p003444,nintendoeverything.com,rtb.openx.net,request,2.6-202606,openrtb.value.invalid,error,imp[2].video.skip,3.2.7
p003444,nintendoeverything.com,rtb.openx.net,request,2.6-202606,openrtb.field.deprecated,warning,imp[4].video.placement,Section 3.2.7
p003444,nintendoeverything.com,rtb.openx.net,request,2.6-202606,openrtb.value.invalid,error,imp[4].video.skip,3.2.7
p003445,nintendoeverything.com,rtb.openx.net,request,2.6-202606,openrtb.field.deprecated,warning,imp[1].video.placement,Section 3.2.7
p003445,nintendoeverything.com,rtb.openx.net,request,2.6-202606,openrtb.value.invalid,error,imp[1].video.skip,3.2.7
p003446,nintendoeverything.com,rtb.openx.net,request,2.6-202606,openrtb.field.deprecated,warning,imp[0].video.placement,Section 3.2.7
p003447,nintendoeverything.com,rtb.openx.net,request,2.6-202606,openrtb.field.deprecated,warning,imp[0].video.placement,Section 3.2.7
p003447,nintendoeverything.com,rtb.openx.net,request,2.6-202606,openrtb.value.invalid,error,imp[0].video.skip,3.2.7
p003448,nintendoeverything.com,rtb.openx.net,request,2.6-202606,openrtb.field.deprecated,warning,imp[0].video.placement,Section 3.2.7
p003449,outsideonline.com,rtb.openx.net,request,2.6-202606,openrtb.field.moved,error,regs.ext.gdpr,Section 3.2.3
p003450,outsideonline.com,rtb.openx.net,request,2.6-202606,openrtb.field.moved,error,regs.ext.gdpr,Section 3.2.3
p003451,outsideonline.com,rtb.openx.net,request,2.6-202606,openrtb.field.moved,error,regs.ext.gdpr,Section 3.2.3
p003452,outsideonline.com,rtb.openx.net,request,2.6-202606,openrtb.field.moved,error,regs.ext.gdpr,Section 3.2.3
p003453,outsideonline.com,rtb.openx.net,request,2.6-202606,openrtb.field.moved,error,regs.ext.gdpr,Section 3.2.3
p003454,oneindia.com,rtb.openx.net,request,2.6-202606,openrtb.field.undefined,error,user.interests,3.2.20
p003455,oneindia.com,rtb.openx.net,request,2.6-202606,openrtb.field.undefined,error,user.interests,3.2.20
p003456,outsideonline.com,rtb.openx.net,request,2.6-202606,openrtb.field.moved,error,regs.ext.gdpr,Section 3.2.3
p003457,outsideonline.com,rtb.openx.net,request,2.6-202606,openrtb.field.moved,error,regs.ext.gdpr,Section 3.2.3
p003458,outsideonline.com,rtb.openx.net,request,2.6-202606,openrtb.field.moved,error,regs.ext.gdpr,Section 3.2.3
p003459,outsideonline.com,rtb.openx.net,request,2.6-202606,openrtb.field.moved,error,regs.ext.gdpr,Section 3.2.3
p003460,outsideonline.com,rtb.openx.net,request,2.6-202606,openrtb.field.moved,error,regs.ext.gdpr,Section 3.2.3
p003461,outsideonline.com,rtb.openx.net,request,2.6-202606,openrtb.field.moved,error,regs.ext.gdpr,Section 3.2.3
p003462,outsideonline.com,rtb.openx.net,request,2.6-202606,openrtb.field.moved,error,regs.ext.gdpr,Section 3.2.3
p003464,pilotonline.com,rtb.openx.net,request,2.6-202606,openrtb.field.deprecated,warning,imp[0].video.placement,Section 3.2.7
p003465,pilotonline.com,rtb.openx.net,request,2.6-202606,openrtb.field.deprecated,warning,imp[0].video.placement,Section 3.2.7
p003467,pilotonline.com,rtb.openx.net,request,2.6-202606,openrtb.field.deprecated,warning,imp[0].video.placement,Section 3.2.7
p003468,purposegames.com,rtb.openx.net,request,2.6-202606,openrtb.field.moved,error,regs.ext.gdpr,Section 3.2.3
p003469,purposegames.com,rtb.openx.net,request,2.6-202606,openrtb.field.moved,error,regs.ext.gdpr,Section 3.2.3
p003479,salon.com,rtb.openx.net,request,2.6-202606,openrtb.field.deprecated,warning,imp[0].video.placement,Section 3.2.7
p003479,salon.com,rtb.openx.net,request,2.6-202606,openrtb.value.invalid,error,imp[0].video.skip,3.2.7
p003481,salon.com,rtb.openx.net,request,2.6-202606,openrtb.field.deprecated,warning,imp[0].video.placement,Section 3.2.7
p003481,salon.com,rtb.openx.net,request,2.6-202606,openrtb.value.invalid,error,imp[0].video.skip,3.2.7
p003483,salon.com,rtb.openx.net,request,2.6-202606,openrtb.field.deprecated,warning,imp[0].video.placement,Section 3.2.7
p003483,salon.com,rtb.openx.net,request,2.6-202606,openrtb.value.invalid,error,imp[0].video.skip,3.2.7
p003489,salon.com,rtb.openx.net,request,2.6-202606,openrtb.field.deprecated,warning,imp[0].video.placement,Section 3.2.7
p003489,salon.com,rtb.openx.net,request,2.6-202606,openrtb.value.invalid,error,imp[0].video.skip,3.2.7
p003490,salon.com,rtb.openx.net,request,2.6-202606,openrtb.field.deprecated,warning,imp[0].video.placement,Section 3.2.7
p003490,salon.com,rtb.openx.net,request,2.6-202606,openrtb.value.invalid,error,imp[0].video.skip,3.2.7
p003492,salon.com,rtb.openx.net,request,2.6-202606,openrtb.field.deprecated,warning,imp[0].video.placement,Section 3.2.7
p003492,salon.com,rtb.openx.net,request,2.6-202606,openrtb.value.invalid,error,imp[0].video.skip,3.2.7
p003493,salon.com,rtb.openx.net,request,2.6-202606,openrtb.field.deprecated,warning,imp[0].video.placement,Section 3.2.7
p003493,salon.com,rtb.openx.net,request,2.6-202606,openrtb.value.invalid,error,imp[0].video.skip,3.2.7
p003494,self.com,rtb.openx.net,request,2.6-202606,openrtb.fields.mutually_exclusive,error,site.keywords,3.2.13
p003495,self.com,rtb.openx.net,request,2.6-202606,openrtb.fields.mutually_exclusive,error,site.keywords,3.2.13
p003496,self.com,rtb.openx.net,request,2.6-202606,openrtb.fields.mutually_exclusive,error,site.keywords,3.2.13
p003497,self.com,rtb.openx.net,request,2.6-202606,openrtb.fields.mutually_exclusive,error,site.keywords,3.2.13
p003498,self.com,rtb.openx.net,request,2.6-202606,openrtb.fields.mutually_exclusive,error,site.keywords,3.2.13
p003499,self.com,rtb.openx.net,request,2.6-202606,openrtb.fields.mutually_exclusive,error,site.keywords,3.2.13
p003500,tennessean.com,rtb.openx.net,request,2.6-202606,openrtb.field.deprecated,warning,imp[0].video.placement,Section 3.2.7
p003500,tennessean.com,rtb.openx.net,request,2.6-202606,openrtb.value.invalid,error,imp[0].video.skip,3.2.7
p003503,tio.ch,rtb.openx.net,request,2.6-202606,openrtb.field.deprecated,warning,imp[0].video.placement,Section 3.2.7
p003503,tio.ch,rtb.openx.net,request,2.6-202606,openrtb.value.invalid,error,imp[0].video.skip,3.2.7
p003503,tio.ch,rtb.openx.net,request,2.6-202606,openrtb.field.moved,error,regs.ext.gdpr,Section 3.2.3
p003503,tio.ch,rtb.openx.net,request,2.6-202606,openrtb.field.moved,error,user.ext.consent,Section 3.2.20
p003504,tio.ch,rtb.openx.net,request,2.6-202606,openrtb.field.moved,error,regs.ext.gdpr,Section 3.2.3
p003504,tio.ch,rtb.openx.net,request,2.6-202606,openrtb.field.moved,error,user.ext.consent,Section 3.2.20
p003505,tio.ch,rtb.openx.net,request,2.6-202606,openrtb.field.moved,error,regs.ext.gdpr,Section 3.2.3
p003505,tio.ch,rtb.openx.net,request,2.6-202606,openrtb.field.moved,error,user.ext.consent,Section 3.2.20
p003506,tio.ch,rtb.openx.net,request,2.6-202606,openrtb.field.moved,error,regs.ext.gdpr,Section 3.2.3
p003506,tio.ch,rtb.openx.net,request,2.6-202606,openrtb.field.moved,error,user.ext.consent,Section 3.2.20
p003507,tio.ch,rtb.openx.net,request,2.6-202606,openrtb.field.moved,error,regs.ext.gdpr,Section 3.2.3
p003507,tio.ch,rtb.openx.net,request,2.6-202606,openrtb.field.moved,error,user.ext.consent,Section 3.2.20
p003510,upi.com,rtb.openx.net,request,2.6-202606,openrtb.field.undefined,error,geo,3.2.1
p003510,upi.com,rtb.openx.net,request,2.6-202606,openrtb.field.undefined,error,imp[0].battr,3.2.4
p003510,upi.com,rtb.openx.net,request,2.6-202606,openrtb.field.undefined,error,imp[1].battr,3.2.4
p003510,upi.com,rtb.openx.net,request,2.6-202606,openrtb.field.undefined,error,imp[2].battr,3.2.4
p003510,upi.com,rtb.openx.net,request,2.6-202606,openrtb.field.undefined,error,imp[3].battr,3.2.4
p003510,upi.com,rtb.openx.net,request,2.6-202606,openrtb.field.undefined,error,imp[4].battr,3.2.4
p003510,upi.com,rtb.openx.net,request,2.6-202606,openrtb.field.undefined,error,imp[5].battr,3.2.4
p003510,upi.com,rtb.openx.net,request,2.6-202606,openrtb.field.undefined,error,imp[6].battr,3.2.4
p003511,upi.com,rtb.openx.net,request,2.6-202606,openrtb.field.deprecated,warning,imp[0].video.placement,Section 3.2.7
p003512,upi.com,rtb.openx.net,request,2.6-202606,openrtb.field.undefined,error,geo,3.2.1
p003512,upi.com,rtb.openx.net,request,2.6-202606,openrtb.field.undefined,error,imp[0].battr,3.2.4
p003513,upi.com,rtb.openx.net,request,2.6-202606,openrtb.field.undefined,error,geo,3.2.1
p003513,upi.com,rtb.openx.net,request,2.6-202606,openrtb.field.undefined,error,imp[0].battr,3.2.4
p003514,upi.com,rtb.openx.net,request,2.6-202606,openrtb.field.undefined,error,geo,3.2.1
p003514,upi.com,rtb.openx.net,request,2.6-202606,openrtb.field.undefined,error,imp[0].battr,3.2.4
p003515,upi.com,rtb.openx.net,request,2.6-202606,openrtb.field.deprecated,warning,imp[0].video.placement,Section 3.2.7
p003516,upi.com,rtb.openx.net,request,2.6-202606,openrtb.field.deprecated,warning,imp[0].video.placement,Section 3.2.7
p003517,upi.com,rtb.openx.net,request,2.6-202606,openrtb.field.undefined,error,geo,3.2.1
p003517,upi.com,rtb.openx.net,request,2.6-202606,openrtb.field.undefined,error,imp[0].battr,3.2.4
p003517,upi.com,rtb.openx.net,request,2.6-202606,openrtb.field.undefined,error,imp[1].battr,3.2.4
p003517,upi.com,rtb.openx.net,request,2.6-202606,openrtb.field.undefined,error,imp[2].battr,3.2.4
p003517,upi.com,rtb.openx.net,request,2.6-202606,openrtb.field.undefined,error,imp[3].battr,3.2.4
p003518,upi.com,rtb.openx.net,request,2.6-202606,openrtb.field.deprecated,warning,imp[0].video.placement,Section 3.2.7
p003519,upi.com,rtb.openx.net,request,2.6-202606,openrtb.field.deprecated,warning,imp[0].video.placement,Section 3.2.7
p003522,vivitusuerte.com,rtb.openx.net,request,2.6-202606,openrtb.value.invalid,error,imp[0].video.skip,3.2.7
p003522,vivitusuerte.com,rtb.openx.net,request,2.6-202606,openrtb.field.moved,error,regs.ext.gdpr,Section 3.2.3
p003522,vivitusuerte.com,rtb.openx.net,request,2.6-202606,openrtb.field.moved,error,user.ext.consent,Section 3.2.20
p003523,vivitusuerte.com,rtb.openx.net,request,2.6-202606,openrtb.value.invalid,error,imp[0].video.skip,3.2.7
p003523,vivitusuerte.com,rtb.openx.net,request,2.6-202606,openrtb.field.moved,error,regs.ext.gdpr,Section 3.2.3
p003523,vivitusuerte.com,rtb.openx.net,request,2.6-202606,openrtb.field.moved,error,user.ext.consent,Section 3.2.20
p003524,vivitusuerte.com,rtb.openx.net,request,2.6-202606,openrtb.value.invalid,error,imp[0].video.skip,3.2.7
p003524,vivitusuerte.com,rtb.openx.net,request,2.6-202606,openrtb.field.moved,error,regs.ext.gdpr,Section 3.2.3
p003524,vivitusuerte.com,rtb.openx.net,request,2.6-202606,openrtb.field.moved,error,user.ext.consent,Section 3.2.20
p003525,vivitusuerte.com,rtb.openx.net,request,2.6-202606,openrtb.value.invalid,error,imp[0].video.skip,3.2.7
p003525,vivitusuerte.com,rtb.openx.net,request,2.6-202606,openrtb.field.moved,error,regs.ext.gdpr,Section 3.2.3
p003525,vivitusuerte.com,rtb.openx.net,request,2.6-202606,openrtb.field.moved,error,user.ext.consent,Section 3.2.20
p003526,vivitusuerte.com,rtb.openx.net,request,2.6-202606,openrtb.value.invalid,error,imp[0].video.skip,3.2.7
p003526,vivitusuerte.com,rtb.openx.net,request,2.6-202606,openrtb.field.moved,error,regs.ext.gdpr,Section 3.2.3
p003526,vivitusuerte.com,rtb.openx.net,request,2.6-202606,openrtb.field.moved,error,user.ext.consent,Section 3.2.20
p003527,vivitusuerte.com,rtb.openx.net,request,2.6-202606,openrtb.value.invalid,error,imp[0].video.skip,3.2.7
p003527,vivitusuerte.com,rtb.openx.net,request,2.6-202606,openrtb.field.moved,error,regs.ext.gdpr,Section 3.2.3
p003527,vivitusuerte.com,rtb.openx.net,request,2.6-202606,openrtb.field.moved,error,user.ext.consent,Section 3.2.20
p003533,webdesignerdepot.com,rtb.openx.net,request,2.6-202606,openrtb.field.deprecated,warning,imp[0].video.placement,Section 3.2.7
p003533,webdesignerdepot.com,rtb.openx.net,request,2.6-202606,openrtb.value.invalid,error,imp[0].video.skip,3.2.7
p003535,webdesignerdepot.com,rtb.openx.net,request,2.6-202606,openrtb.field.deprecated,warning,imp[0].video.placement,Section 3.2.7
p003535,webdesignerdepot.com,rtb.openx.net,request,2.6-202606,openrtb.value.invalid,error,imp[0].video.skip,3.2.7
p003537,zeldadungeon.net,rtb.openx.net,request,2.6-202606,openrtb.field.moved,error,regs.ext.gdpr,Section 3.2.3
p003538,webdesignerdepot.com,rtb.openx.net,request,2.6-202606,openrtb.field.deprecated,warning,imp[0].video.placement,Section 3.2.7
p003538,webdesignerdepot.com,rtb.openx.net,request,2.6-202606,openrtb.value.invalid,error,imp[0].video.skip,3.2.7
p003541,webdesignerdepot.com,rtb.openx.net,request,2.6-202606,openrtb.field.deprecated,warning,imp[0].video.placement,Section 3.2.7
p003541,webdesignerdepot.com,rtb.openx.net,request,2.6-202606,openrtb.value.invalid,error,imp[0].video.skip,3.2.7
p003543,webdesignerdepot.com,rtb.openx.net,request,2.6-202606,openrtb.field.deprecated,warning,imp[0].video.placement,Section 3.2.7
p003543,webdesignerdepot.com,rtb.openx.net,request,2.6-202606,openrtb.value.invalid,error,imp[0].video.skip,3.2.7
p003547,webdesignerdepot.com,rtb.openx.net,request,2.6-202606,openrtb.field.deprecated,warning,imp[0].video.placement,Section 3.2.7
p003547,webdesignerdepot.com,rtb.openx.net,request,2.6-202606,openrtb.value.invalid,error,imp[0].video.skip,3.2.7
p003548,webdesignerdepot.com,rtb.openx.net,request,2.6-202606,openrtb.field.deprecated,warning,imp[0].video.placement,Section 3.2.7
p003548,webdesignerdepot.com,rtb.openx.net,request,2.6-202606,openrtb.value.invalid,error,imp[0].video.skip,3.2.7
p003549,webdesignerdepot.com,rtb.openx.net,request,2.6-202606,openrtb.field.deprecated,warning,imp[0].video.placement,Section 3.2.7
p003549,webdesignerdepot.com,rtb.openx.net,request,2.6-202606,openrtb.value.invalid,error,imp[0].video.skip,3.2.7
p003550,webdesignerdepot.com,rtb.openx.net,request,2.6-202606,openrtb.field.deprecated,warning,imp[0].video.placement,Section 3.2.7
p003550,webdesignerdepot.com,rtb.openx.net,request,2.6-202606,openrtb.value.invalid,error,imp[0].video.skip,3.2.7
p003823,socialblade.com,s2s.lngtd.com,request,2.6-202606,openrtb.field.undefined,error,imp[0].battr,3.2.4
p003823,socialblade.com,s2s.lngtd.com,request,2.6-202606,openrtb.field.undefined,error,imp[1].battr,3.2.4
p003823,socialblade.com,s2s.lngtd.com,request,2.6-202606,openrtb.field.undefined,error,imp[2].battr,3.2.4
p003823,socialblade.com,s2s.lngtd.com,request,2.6-202606,openrtb.field.undefined,error,imp[3].battr,3.2.4
p003823,socialblade.com,s2s.lngtd.com,request,2.6-202606,openrtb.field.undefined,error,imp[4].battr,3.2.4
p003823,socialblade.com,s2s.lngtd.com,request,2.6-202606,openrtb.field.undefined,error,imp[5].battr,3.2.4
p003823,socialblade.com,s2s.lngtd.com,request,2.6-202606,openrtb.field.undefined,error,imp[6].battr,3.2.4
p003823,socialblade.com,s2s.lngtd.com,request,2.6-202606,openrtb.field.deprecated,warning,imp[6].video.placement,Section 3.2.7
p003823,socialblade.com,s2s.lngtd.com,request,2.6-202606,openrtb.value.invalid,error,imp[6].video.skip,3.2.7
p003824,vice.com,s2s.lngtd.com,request,2.6-202606,openrtb.field.undefined,error,imp[0].battr,3.2.4
p003824,vice.com,s2s.lngtd.com,request,2.6-202606,openrtb.field.undefined,error,imp[1].battr,3.2.4
p003824,vice.com,s2s.lngtd.com,request,2.6-202606,openrtb.field.undefined,error,imp[2].battr,3.2.4
p003825,vice.com,s2s.lngtd.com,request,2.6-202606,openrtb.field.undefined,error,imp[0].battr,3.2.4
p003825,vice.com,s2s.lngtd.com,request,2.6-202606,openrtb.field.undefined,error,imp[1].battr,3.2.4
p003829,upi.com,s2s.t13.io,request,2.6-202606,openrtb.field.undefined,error,geo,3.2.1
p003829,upi.com,s2s.t13.io,request,2.6-202606,openrtb.field.undefined,error,imp[0].battr,3.2.4
p003829,upi.com,s2s.t13.io,request,2.6-202606,openrtb.field.undefined,error,imp[1].battr,3.2.4
p003829,upi.com,s2s.t13.io,request,2.6-202606,openrtb.field.undefined,error,imp[2].battr,3.2.4
p003829,upi.com,s2s.t13.io,request,2.6-202606,openrtb.field.undefined,error,imp[3].battr,3.2.4
p003829,upi.com,s2s.t13.io,request,2.6-202606,openrtb.field.undefined,error,imp[4].battr,3.2.4
p003829,upi.com,s2s.t13.io,request,2.6-202606,openrtb.field.undefined,error,imp[5].battr,3.2.4
p003829,upi.com,s2s.t13.io,request,2.6-202606,openrtb.field.undefined,error,imp[6].battr,3.2.4
p003830,upi.com,s2s.t13.io,request,2.6-202606,openrtb.field.undefined,error,geo,3.2.1
p003830,upi.com,s2s.t13.io,request,2.6-202606,openrtb.field.undefined,error,imp[0].battr,3.2.4
p003831,upi.com,s2s.t13.io,request,2.6-202606,openrtb.field.undefined,error,geo,3.2.1
p003831,upi.com,s2s.t13.io,request,2.6-202606,openrtb.field.undefined,error,imp[0].battr,3.2.4
p003832,upi.com,s2s.t13.io,request,2.6-202606,openrtb.field.undefined,error,geo,3.2.1
p003832,upi.com,s2s.t13.io,request,2.6-202606,openrtb.field.undefined,error,imp[0].battr,3.2.4
p003833,upi.com,s2s.t13.io,request,2.6-202606,openrtb.field.undefined,error,geo,3.2.1
p003833,upi.com,s2s.t13.io,request,2.6-202606,openrtb.field.undefined,error,imp[0].battr,3.2.4
p003833,upi.com,s2s.t13.io,request,2.6-202606,openrtb.field.undefined,error,imp[1].battr,3.2.4
p003833,upi.com,s2s.t13.io,request,2.6-202606,openrtb.field.undefined,error,imp[2].battr,3.2.4
p003833,upi.com,s2s.t13.io,request,2.6-202606,openrtb.field.undefined,error,imp[3].battr,3.2.4
p003839,vivitusuerte.com,s2s.viralize.tv,request,2.5,openrtb.field.undefined,error,device.sua,3.2.18
p003840,vivitusuerte.com,s2s.viralize.tv,request,2.5,openrtb.field.undefined,error,device.sua,3.2.18
p003841,vivitusuerte.com,s2s.viralize.tv,request,2.5,openrtb.field.undefined,error,device.sua,3.2.18
p003842,vivitusuerte.com,s2s.viralize.tv,request,2.5,openrtb.field.undefined,error,device.sua,3.2.18
p003843,vivitusuerte.com,s2s.viralize.tv,request,2.5,openrtb.field.undefined,error,device.sua,3.2.18
p003844,vivitusuerte.com,s2s.viralize.tv,request,2.5,openrtb.field.undefined,error,device.sua,3.2.18
p003845,nesn.com,server.cpmstar.com,request,2.6-202606,openrtb.field.undefined,error,adUnitCode,3.2.1
p003845,nesn.com,server.cpmstar.com,request,2.6-202606,openrtb.field.undefined,error,banner,3.2.1
p003846,nesn.com,server.cpmstar.com,request,2.6-202606,openrtb.field.undefined,error,adUnitCode,3.2.1
p003846,nesn.com,server.cpmstar.com,request,2.6-202606,openrtb.field.undefined,error,banner,3.2.1
p003847,nesn.com,server.cpmstar.com,request,2.6-202606,openrtb.field.undefined,error,adUnitCode,3.2.1
p003847,nesn.com,server.cpmstar.com,request,2.6-202606,openrtb.field.undefined,error,banner,3.2.1
p003848,nesn.com,server.cpmstar.com,request,2.6-202606,openrtb.field.undefined,error,adUnitCode,3.2.1
p003848,nesn.com,server.cpmstar.com,request,2.6-202606,openrtb.field.undefined,error,banner,3.2.1
p003849,nesn.com,server.cpmstar.com,request,2.6-202606,openrtb.field.undefined,error,adUnitCode,3.2.1
p003849,nesn.com,server.cpmstar.com,request,2.6-202606,openrtb.field.undefined,error,banner,3.2.1
p003850,cityam.com,srv.kntxy.com,request,2.6-202606,openrtb.field.moved,error,regs.ext.gdpr,Section 3.2.3
p003851,cityam.com,srv.kntxy.com,request,2.6-202606,openrtb.field.moved,error,regs.ext.gdpr,Section 3.2.3
p003852,cityam.com,srv.kntxy.com,request,2.6-202606,openrtb.field.moved,error,regs.ext.gdpr,Section 3.2.3
p003853,cityam.com,srv.kntxy.com,request,2.6-202606,openrtb.field.moved,error,regs.ext.gdpr,Section 3.2.3
p003854,cityam.com,srv.kntxy.com,request,2.6-202606,openrtb.field.moved,error,regs.ext.gdpr,Section 3.2.3
p003855,cityam.com,srv.kntxy.com,request,2.6-202606,openrtb.field.moved,error,regs.ext.gdpr,Section 3.2.3
p003856,cityam.com,srv.kntxy.com,request,2.6-202606,openrtb.field.moved,error,regs.ext.gdpr,Section 3.2.3
p003863,cityam.com,srv.kntxy.com,response,2.6-202606,openrtb.bid.mtype_missing,warning,seatbid[0].bid[0].mtype,4.2.3
p003864,cityam.com,srv.kntxy.com,response,2.6-202606,openrtb.bid.mtype_missing,warning,seatbid[0].bid[0].mtype,4.2.3
p003865,barcablaugranes.com,ssb-global.smartadserver.com,request,2.6-202606,openrtb.type.mismatch,error,site.publisher.id,3.2.15
p003866,bibliaon.com,ssb-global.smartadserver.com,request,2.6-202606,openrtb.field.moved,error,regs.ext.gdpr,Section 3.2.3
p003866,bibliaon.com,ssb-global.smartadserver.com,request,2.6-202606,openrtb.type.mismatch,error,site.publisher.id,3.2.15
p003867,barcablaugranes.com,ssb-global.smartadserver.com,request,2.6-202606,openrtb.type.mismatch,error,site.publisher.id,3.2.15
p003868,barcablaugranes.com,ssb-global.smartadserver.com,request,2.6-202606,openrtb.type.mismatch,error,site.publisher.id,3.2.15
p003869,barcablaugranes.com,ssb-global.smartadserver.com,request,2.6-202606,openrtb.type.mismatch,error,site.publisher.id,3.2.15
p003870,barcablaugranes.com,ssb-global.smartadserver.com,request,2.6-202606,openrtb.type.mismatch,error,site.publisher.id,3.2.15
p003871,barcablaugranes.com,ssb-global.smartadserver.com,request,2.6-202606,openrtb.type.mismatch,error,site.publisher.id,3.2.15
p003872,barcablaugranes.com,ssb-global.smartadserver.com,request,2.6-202606,openrtb.type.mismatch,error,site.publisher.id,3.2.15
p003873,barcablaugranes.com,ssb-global.smartadserver.com,request,2.6-202606,openrtb.type.mismatch,error,site.publisher.id,3.2.15
p003874,barcablaugranes.com,ssb-global.smartadserver.com,request,2.6-202606,openrtb.type.mismatch,error,site.publisher.id,3.2.15
p003875,barcablaugranes.com,ssb-global.smartadserver.com,request,2.6-202606,openrtb.type.mismatch,error,site.publisher.id,3.2.15
p003876,barcablaugranes.com,ssb-global.smartadserver.com,request,2.6-202606,openrtb.type.mismatch,error,site.publisher.id,3.2.15
p003877,bibliaon.com,ssb-global.smartadserver.com,request,2.6-202606,openrtb.field.moved,error,regs.ext.gdpr,Section 3.2.3
p003877,bibliaon.com,ssb-global.smartadserver.com,request,2.6-202606,openrtb.type.mismatch,error,site.publisher.id,3.2.15
p003878,barcablaugranes.com,ssb-global.smartadserver.com,request,2.6-202606,openrtb.type.mismatch,error,site.publisher.id,3.2.15
p003879,barcablaugranes.com,ssb-global.smartadserver.com,request,2.6-202606,openrtb.type.mismatch,error,site.publisher.id,3.2.15
p003880,barcablaugranes.com,ssb-global.smartadserver.com,request,2.6-202606,openrtb.type.mismatch,error,site.publisher.id,3.2.15
p003881,cityam.com,ssb-global.smartadserver.com,request,2.6-202606,openrtb.field.moved,error,regs.ext.gdpr,Section 3.2.3
p003881,cityam.com,ssb-global.smartadserver.com,request,2.6-202606,openrtb.type.mismatch,error,site.publisher.id,3.2.15
p003882,cityam.com,ssb-global.smartadserver.com,request,2.6-202606,openrtb.field.moved,error,regs.ext.gdpr,Section 3.2.3
p003882,cityam.com,ssb-global.smartadserver.com,request,2.6-202606,openrtb.type.mismatch,error,site.publisher.id,3.2.15
p003883,cityam.com,ssb-global.smartadserver.com,request,2.6-202606,openrtb.field.moved,error,regs.ext.gdpr,Section 3.2.3
p003883,cityam.com,ssb-global.smartadserver.com,request,2.6-202606,openrtb.type.mismatch,error,site.publisher.id,3.2.15
p003884,cityam.com,ssb-global.smartadserver.com,request,2.6-202606,openrtb.field.moved,error,regs.ext.gdpr,Section 3.2.3
p003884,cityam.com,ssb-global.smartadserver.com,request,2.6-202606,openrtb.type.mismatch,error,site.publisher.id,3.2.15
p003885,cityam.com,ssb-global.smartadserver.com,request,2.6-202606,openrtb.field.moved,error,regs.ext.gdpr,Section 3.2.3
p003885,cityam.com,ssb-global.smartadserver.com,request,2.6-202606,openrtb.type.mismatch,error,site.publisher.id,3.2.15
p003886,cityam.com,ssb-global.smartadserver.com,request,2.6-202606,openrtb.field.moved,error,regs.ext.gdpr,Section 3.2.3
p003886,cityam.com,ssb-global.smartadserver.com,request,2.6-202606,openrtb.type.mismatch,error,site.publisher.id,3.2.15
p003887,cityam.com,ssb-global.smartadserver.com,request,2.6-202606,openrtb.field.moved,error,regs.ext.gdpr,Section 3.2.3
p003887,cityam.com,ssb-global.smartadserver.com,request,2.6-202606,openrtb.type.mismatch,error,site.publisher.id,3.2.15
p003888,cityam.com,ssb-global.smartadserver.com,request,2.6-202606,openrtb.type.mismatch,error,site.publisher.id,3.2.15
p003889,cityam.com,ssb-global.smartadserver.com,request,2.6-202606,openrtb.type.mismatch,error,site.publisher.id,3.2.15
p003890,cityam.com,ssb-global.smartadserver.com,request,2.6-202606,openrtb.type.mismatch,error,site.publisher.id,3.2.15
p003891,cityam.com,ssb-global.smartadserver.com,request,2.6-202606,openrtb.type.mismatch,error,site.publisher.id,3.2.15
p003892,cityam.com,ssb-global.smartadserver.com,request,2.6-202606,openrtb.type.mismatch,error,site.publisher.id,3.2.15
p003893,cityam.com,ssb-global.smartadserver.com,request,2.6-202606,openrtb.type.mismatch,error,site.publisher.id,3.2.15
p003894,cityam.com,ssb-global.smartadserver.com,request,2.6-202606,openrtb.type.mismatch,error,site.publisher.id,3.2.15
p003895,cityam.com,ssb-global.smartadserver.com,request,2.6-202606,openrtb.type.mismatch,error,site.publisher.id,3.2.15
p003896,cityam.com,ssb-global.smartadserver.com,request,2.6-202606,openrtb.type.mismatch,error,site.publisher.id,3.2.15
p003897,cityam.com,ssb-global.smartadserver.com,request,2.6-202606,openrtb.type.mismatch,error,site.publisher.id,3.2.15
p003898,cityam.com,ssb-global.smartadserver.com,request,2.6-202606,openrtb.type.mismatch,error,site.publisher.id,3.2.15
p003899,cityam.com,ssb-global.smartadserver.com,request,2.6-202606,openrtb.type.mismatch,error,site.publisher.id,3.2.15
p003900,cityam.com,ssb-global.smartadserver.com,request,2.6-202606,openrtb.type.mismatch,error,site.publisher.id,3.2.15
p003901,cityam.com,ssb-global.smartadserver.com,request,2.6-202606,openrtb.type.mismatch,error,site.publisher.id,3.2.15
p003902,cityam.com,ssb-global.smartadserver.com,request,2.6-202606,openrtb.type.mismatch,error,site.publisher.id,3.2.15
p003903,cityam.com,ssb-global.smartadserver.com,request,2.6-202606,openrtb.type.mismatch,error,site.publisher.id,3.2.15
p003904,cupofjo.com,ssb-global.smartadserver.com,request,2.6-202606,openrtb.type.mismatch,error,site.publisher.id,3.2.15
p003905,cupofjo.com,ssb-global.smartadserver.com,request,2.6-202606,openrtb.type.mismatch,error,site.publisher.id,3.2.15
p003906,cupofjo.com,ssb-global.smartadserver.com,request,2.6-202606,openrtb.type.mismatch,error,site.publisher.id,3.2.15
p003907,cupofjo.com,ssb-global.smartadserver.com,request,2.6-202606,openrtb.type.mismatch,error,site.publisher.id,3.2.15
p003908,cupofjo.com,ssb-global.smartadserver.com,request,2.6-202606,openrtb.field.deprecated,warning,imp[0].video.placement,Section 3.2.7
p003908,cupofjo.com,ssb-global.smartadserver.com,request,2.6-202606,openrtb.value.invalid,error,imp[0].video.skip,3.2.7
p003908,cupofjo.com,ssb-global.smartadserver.com,request,2.6-202606,openrtb.type.mismatch,error,site.publisher.id,3.2.15
p003909,cupofjo.com,ssb-global.smartadserver.com,request,2.6-202606,openrtb.field.deprecated,warning,imp[0].video.placement,Section 3.2.7
p003909,cupofjo.com,ssb-global.smartadserver.com,request,2.6-202606,openrtb.value.invalid,error,imp[0].video.skip,3.2.7
p003909,cupofjo.com,ssb-global.smartadserver.com,request,2.6-202606,openrtb.type.mismatch,error,site.publisher.id,3.2.15
p003910,elespectador.com,ssb-global.smartadserver.com,request,2.6-202606,openrtb.field.moved,error,regs.ext.gdpr,Section 3.2.3
p003910,elespectador.com,ssb-global.smartadserver.com,request,2.6-202606,openrtb.type.mismatch,error,site.publisher.id,3.2.15
p003910,elespectador.com,ssb-global.smartadserver.com,request,2.6-202606,openrtb.field.moved,error,user.ext.consent,Section 3.2.20
p003911,elespectador.com,ssb-global.smartadserver.com,request,2.6-202606,openrtb.field.moved,error,regs.ext.gdpr,Section 3.2.3
p003911,elespectador.com,ssb-global.smartadserver.com,request,2.6-202606,openrtb.type.mismatch,error,site.publisher.id,3.2.15
p003911,elespectador.com,ssb-global.smartadserver.com,request,2.6-202606,openrtb.field.moved,error,user.ext.consent,Section 3.2.20
p003912,elespectador.com,ssb-global.smartadserver.com,request,2.6-202606,openrtb.field.deprecated,warning,imp[0].video.placement,Section 3.2.7
p003912,elespectador.com,ssb-global.smartadserver.com,request,2.6-202606,openrtb.field.moved,error,regs.ext.gdpr,Section 3.2.3
p003912,elespectador.com,ssb-global.smartadserver.com,request,2.6-202606,openrtb.type.mismatch,error,site.publisher.id,3.2.15
p003912,elespectador.com,ssb-global.smartadserver.com,request,2.6-202606,openrtb.field.moved,error,user.ext.consent,Section 3.2.20
p003913,elespectador.com,ssb-global.smartadserver.com,request,2.6-202606,openrtb.field.deprecated,warning,imp[0].video.placement,Section 3.2.7
p003913,elespectador.com,ssb-global.smartadserver.com,request,2.6-202606,openrtb.field.moved,error,regs.ext.gdpr,Section 3.2.3
p003913,elespectador.com,ssb-global.smartadserver.com,request,2.6-202606,openrtb.type.mismatch,error,site.publisher.id,3.2.15
p003913,elespectador.com,ssb-global.smartadserver.com,request,2.6-202606,openrtb.field.moved,error,user.ext.consent,Section 3.2.20
p003914,elespectador.com,ssb-global.smartadserver.com,request,2.6-202606,openrtb.field.moved,error,regs.ext.gdpr,Section 3.2.3
p003914,elespectador.com,ssb-global.smartadserver.com,request,2.6-202606,openrtb.type.mismatch,error,site.publisher.id,3.2.15
p003914,elespectador.com,ssb-global.smartadserver.com,request,2.6-202606,openrtb.field.moved,error,user.ext.consent,Section 3.2.20
p003915,elespectador.com,ssb-global.smartadserver.com,request,2.6-202606,openrtb.field.moved,error,regs.ext.gdpr,Section 3.2.3
p003915,elespectador.com,ssb-global.smartadserver.com,request,2.6-202606,openrtb.type.mismatch,error,site.publisher.id,3.2.15
p003915,elespectador.com,ssb-global.smartadserver.com,request,2.6-202606,openrtb.field.moved,error,user.ext.consent,Section 3.2.20
p003916,elespectador.com,ssb-global.smartadserver.com,request,2.6-202606,openrtb.field.deprecated,warning,imp[0].video.placement,Section 3.2.7
p003916,elespectador.com,ssb-global.smartadserver.com,request,2.6-202606,openrtb.field.moved,error,regs.ext.gdpr,Section 3.2.3
p003916,elespectador.com,ssb-global.smartadserver.com,request,2.6-202606,openrtb.type.mismatch,error,site.publisher.id,3.2.15
p003916,elespectador.com,ssb-global.smartadserver.com,request,2.6-202606,openrtb.field.moved,error,user.ext.consent,Section 3.2.20
p003917,elespectador.com,ssb-global.smartadserver.com,request,2.6-202606,openrtb.field.deprecated,warning,imp[0].video.placement,Section 3.2.7
p003917,elespectador.com,ssb-global.smartadserver.com,request,2.6-202606,openrtb.field.moved,error,regs.ext.gdpr,Section 3.2.3
p003917,elespectador.com,ssb-global.smartadserver.com,request,2.6-202606,openrtb.type.mismatch,error,site.publisher.id,3.2.15
p003917,elespectador.com,ssb-global.smartadserver.com,request,2.6-202606,openrtb.field.moved,error,user.ext.consent,Section 3.2.20
p003918,elespectador.com,ssb-global.smartadserver.com,request,2.6-202606,openrtb.field.moved,error,regs.ext.gdpr,Section 3.2.3
p003918,elespectador.com,ssb-global.smartadserver.com,request,2.6-202606,openrtb.type.mismatch,error,site.publisher.id,3.2.15
p003918,elespectador.com,ssb-global.smartadserver.com,request,2.6-202606,openrtb.field.moved,error,user.ext.consent,Section 3.2.20
p003919,elespectador.com,ssb-global.smartadserver.com,request,2.6-202606,openrtb.field.moved,error,regs.ext.gdpr,Section 3.2.3
p003919,elespectador.com,ssb-global.smartadserver.com,request,2.6-202606,openrtb.type.mismatch,error,site.publisher.id,3.2.15
p003919,elespectador.com,ssb-global.smartadserver.com,request,2.6-202606,openrtb.field.moved,error,user.ext.consent,Section 3.2.20
p003920,elespectador.com,ssb-global.smartadserver.com,request,2.6-202606,openrtb.field.deprecated,warning,imp[0].video.placement,Section 3.2.7
p003920,elespectador.com,ssb-global.smartadserver.com,request,2.6-202606,openrtb.field.moved,error,regs.ext.gdpr,Section 3.2.3
p003920,elespectador.com,ssb-global.smartadserver.com,request,2.6-202606,openrtb.type.mismatch,error,site.publisher.id,3.2.15
p003920,elespectador.com,ssb-global.smartadserver.com,request,2.6-202606,openrtb.field.moved,error,user.ext.consent,Section 3.2.20
p003921,elespectador.com,ssb-global.smartadserver.com,request,2.6-202606,openrtb.field.deprecated,warning,imp[0].video.placement,Section 3.2.7
p003921,elespectador.com,ssb-global.smartadserver.com,request,2.6-202606,openrtb.field.moved,error,regs.ext.gdpr,Section 3.2.3
p003921,elespectador.com,ssb-global.smartadserver.com,request,2.6-202606,openrtb.type.mismatch,error,site.publisher.id,3.2.15
p003921,elespectador.com,ssb-global.smartadserver.com,request,2.6-202606,openrtb.field.moved,error,user.ext.consent,Section 3.2.20
p003922,haberler.com,ssb-global.smartadserver.com,request,2.6-202606,openrtb.type.mismatch,error,site.publisher.id,3.2.15
p003923,halfbakedharvest.com,ssb-global.smartadserver.com,request,2.6-202606,openrtb.type.mismatch,error,site.publisher.id,3.2.15
p003924,halfbakedharvest.com,ssb-global.smartadserver.com,request,2.6-202606,openrtb.type.mismatch,error,site.publisher.id,3.2.15
p003925,halfbakedharvest.com,ssb-global.smartadserver.com,request,2.6-202606,openrtb.field.deprecated,warning,imp[0].video.placement,Section 3.2.7
p003925,halfbakedharvest.com,ssb-global.smartadserver.com,request,2.6-202606,openrtb.value.invalid,error,imp[0].video.skip,3.2.7
p003925,halfbakedharvest.com,ssb-global.smartadserver.com,request,2.6-202606,openrtb.type.mismatch,error,site.publisher.id,3.2.15
p003926,halfbakedharvest.com,ssb-global.smartadserver.com,request,2.6-202606,openrtb.type.mismatch,error,site.publisher.id,3.2.15
p003927,halfbakedharvest.com,ssb-global.smartadserver.com,request,2.6-202606,openrtb.field.deprecated,warning,imp[0].video.placement,Section 3.2.7
p003927,halfbakedharvest.com,ssb-global.smartadserver.com,request,2.6-202606,openrtb.value.invalid,error,imp[0].video.skip,3.2.7
p003927,halfbakedharvest.com,ssb-global.smartadserver.com,request,2.6-202606,openrtb.type.mismatch,error,site.publisher.id,3.2.15
p003928,halfbakedharvest.com,ssb-global.smartadserver.com,request,2.6-202606,openrtb.type.mismatch,error,site.publisher.id,3.2.15
p003929,haberler.com,ssb-global.smartadserver.com,request,2.6-202606,openrtb.type.mismatch,error,site.publisher.id,3.2.15
p003930,haberler.com,ssb-global.smartadserver.com,request,2.6-202606,openrtb.type.mismatch,error,site.publisher.id,3.2.15
p003931,halfbakedharvest.com,ssb-global.smartadserver.com,request,2.6-202606,openrtb.type.mismatch,error,site.publisher.id,3.2.15
p003932,halfbakedharvest.com,ssb-global.smartadserver.com,request,2.6-202606,openrtb.type.mismatch,error,site.publisher.id,3.2.15
p003933,halfbakedharvest.com,ssb-global.smartadserver.com,request,2.6-202606,openrtb.field.deprecated,warning,imp[0].video.placement,Section 3.2.7
p003933,halfbakedharvest.com,ssb-global.smartadserver.com,request,2.6-202606,openrtb.value.invalid,error,imp[0].video.skip,3.2.7
p003933,halfbakedharvest.com,ssb-global.smartadserver.com,request,2.6-202606,openrtb.type.mismatch,error,site.publisher.id,3.2.15
p003934,haberler.com,ssb-global.smartadserver.com,request,2.6-202606,openrtb.type.mismatch,error,site.publisher.id,3.2.15
p003935,halfbakedharvest.com,ssb-global.smartadserver.com,request,2.6-202606,openrtb.field.deprecated,warning,imp[0].video.placement,Section 3.2.7
p003935,halfbakedharvest.com,ssb-global.smartadserver.com,request,2.6-202606,openrtb.value.invalid,error,imp[0].video.skip,3.2.7
p003935,halfbakedharvest.com,ssb-global.smartadserver.com,request,2.6-202606,openrtb.type.mismatch,error,site.publisher.id,3.2.15
p003936,iheart.com,ssb-global.smartadserver.com,request,2.6-202606,openrtb.type.mismatch,error,site.publisher.id,3.2.15
p003937,iheart.com,ssb-global.smartadserver.com,request,2.6-202606,openrtb.type.mismatch,error,site.publisher.id,3.2.15
p003938,iheart.com,ssb-global.smartadserver.com,request,2.6-202606,openrtb.type.mismatch,error,site.publisher.id,3.2.15
p003939,nesn.com,ssb-global.smartadserver.com,request,2.6-202606,openrtb.type.mismatch,error,site.publisher.id,3.2.15
p003940,nesn.com,ssb-global.smartadserver.com,request,2.6-202606,openrtb.type.mismatch,error,site.publisher.id,3.2.15
p003941,nesn.com,ssb-global.smartadserver.com,request,2.6-202606,openrtb.type.mismatch,error,site.publisher.id,3.2.15
p003942,nesn.com,ssb-global.smartadserver.com,request,2.6-202606,openrtb.type.mismatch,error,site.publisher.id,3.2.15
p003943,nesn.com,ssb-global.smartadserver.com,request,2.6-202606,openrtb.type.mismatch,error,site.publisher.id,3.2.15
p003944,outsideonline.com,ssb-global.smartadserver.com,request,2.6-202606,openrtb.field.moved,error,regs.ext.gdpr,Section 3.2.3
p003944,outsideonline.com,ssb-global.smartadserver.com,request,2.6-202606,openrtb.type.mismatch,error,site.publisher.id,3.2.15
p003945,outsideonline.com,ssb-global.smartadserver.com,request,2.6-202606,openrtb.field.moved,error,regs.ext.gdpr,Section 3.2.3
p003945,outsideonline.com,ssb-global.smartadserver.com,request,2.6-202606,openrtb.type.mismatch,error,site.publisher.id,3.2.15
p003946,outsideonline.com,ssb-global.smartadserver.com,request,2.6-202606,openrtb.field.moved,error,regs.ext.gdpr,Section 3.2.3
p003946,outsideonline.com,ssb-global.smartadserver.com,request,2.6-202606,openrtb.type.mismatch,error,site.publisher.id,3.2.15
p003947,outsideonline.com,ssb-global.smartadserver.com,request,2.6-202606,openrtb.field.moved,error,regs.ext.gdpr,Section 3.2.3
p003947,outsideonline.com,ssb-global.smartadserver.com,request,2.6-202606,openrtb.type.mismatch,error,site.publisher.id,3.2.15
p003948,outsideonline.com,ssb-global.smartadserver.com,request,2.6-202606,openrtb.field.moved,error,regs.ext.gdpr,Section 3.2.3
p003948,outsideonline.com,ssb-global.smartadserver.com,request,2.6-202606,openrtb.type.mismatch,error,site.publisher.id,3.2.15
p003949,outsideonline.com,ssb-global.smartadserver.com,request,2.6-202606,openrtb.field.moved,error,regs.ext.gdpr,Section 3.2.3
p003949,outsideonline.com,ssb-global.smartadserver.com,request,2.6-202606,openrtb.type.mismatch,error,site.publisher.id,3.2.15
p003950,outsideonline.com,ssb-global.smartadserver.com,request,2.6-202606,openrtb.field.moved,error,regs.ext.gdpr,Section 3.2.3
p003950,outsideonline.com,ssb-global.smartadserver.com,request,2.6-202606,openrtb.type.mismatch,error,site.publisher.id,3.2.15
p003951,outsideonline.com,ssb-global.smartadserver.com,request,2.6-202606,openrtb.field.moved,error,regs.ext.gdpr,Section 3.2.3
p003951,outsideonline.com,ssb-global.smartadserver.com,request,2.6-202606,openrtb.type.mismatch,error,site.publisher.id,3.2.15
p003952,outsideonline.com,ssb-global.smartadserver.com,request,2.6-202606,openrtb.field.moved,error,regs.ext.gdpr,Section 3.2.3
p003952,outsideonline.com,ssb-global.smartadserver.com,request,2.6-202606,openrtb.type.mismatch,error,site.publisher.id,3.2.15
p003953,outsideonline.com,ssb-global.smartadserver.com,request,2.6-202606,openrtb.field.moved,error,regs.ext.gdpr,Section 3.2.3
p003953,outsideonline.com,ssb-global.smartadserver.com,request,2.6-202606,openrtb.type.mismatch,error,site.publisher.id,3.2.15
p003954,outsideonline.com,ssb-global.smartadserver.com,request,2.6-202606,openrtb.field.moved,error,regs.ext.gdpr,Section 3.2.3
p003954,outsideonline.com,ssb-global.smartadserver.com,request,2.6-202606,openrtb.type.mismatch,error,site.publisher.id,3.2.15
p003955,outsideonline.com,ssb-global.smartadserver.com,request,2.6-202606,openrtb.field.moved,error,regs.ext.gdpr,Section 3.2.3
p003955,outsideonline.com,ssb-global.smartadserver.com,request,2.6-202606,openrtb.type.mismatch,error,site.publisher.id,3.2.15
p003956,outsideonline.com,ssb-global.smartadserver.com,request,2.6-202606,openrtb.field.moved,error,regs.ext.gdpr,Section 3.2.3
p003956,outsideonline.com,ssb-global.smartadserver.com,request,2.6-202606,openrtb.type.mismatch,error,site.publisher.id,3.2.15
p003957,outsideonline.com,ssb-global.smartadserver.com,request,2.6-202606,openrtb.field.moved,error,regs.ext.gdpr,Section 3.2.3
p003957,outsideonline.com,ssb-global.smartadserver.com,request,2.6-202606,openrtb.type.mismatch,error,site.publisher.id,3.2.15
p003958,outsideonline.com,ssb-global.smartadserver.com,request,2.6-202606,openrtb.field.moved,error,regs.ext.gdpr,Section 3.2.3
p003958,outsideonline.com,ssb-global.smartadserver.com,request,2.6-202606,openrtb.type.mismatch,error,site.publisher.id,3.2.15
p003959,outsideonline.com,ssb-global.smartadserver.com,request,2.6-202606,openrtb.field.moved,error,regs.ext.gdpr,Section 3.2.3
p003959,outsideonline.com,ssb-global.smartadserver.com,request,2.6-202606,openrtb.type.mismatch,error,site.publisher.id,3.2.15
p003960,philstar.com,ssb-global.smartadserver.com,request,2.6-202606,openrtb.type.mismatch,error,site.publisher.id,3.2.15
p003961,philstar.com,ssb-global.smartadserver.com,request,2.6-202606,openrtb.type.mismatch,error,site.publisher.id,3.2.15
p003962,philstar.com,ssb-global.smartadserver.com,request,2.6-202606,openrtb.type.mismatch,error,site.publisher.id,3.2.15
p003963,philstar.com,ssb-global.smartadserver.com,request,2.6-202606,openrtb.type.mismatch,error,site.publisher.id,3.2.15
p003964,philstar.com,ssb-global.smartadserver.com,request,2.6-202606,openrtb.type.mismatch,error,site.publisher.id,3.2.15
p003965,philstar.com,ssb-global.smartadserver.com,request,2.6-202606,openrtb.type.mismatch,error,site.publisher.id,3.2.15
p003966,philstar.com,ssb-global.smartadserver.com,request,2.6-202606,openrtb.type.mismatch,error,site.publisher.id,3.2.15
p003967,philstar.com,ssb-global.smartadserver.com,request,2.6-202606,openrtb.type.mismatch,error,site.publisher.id,3.2.15
p003968,philstar.com,ssb-global.smartadserver.com,request,2.6-202606,openrtb.type.mismatch,error,site.publisher.id,3.2.15
p003969,philstar.com,ssb-global.smartadserver.com,request,2.6-202606,openrtb.type.mismatch,error,site.publisher.id,3.2.15
p003970,prosport.ro,ssb-global.smartadserver.com,request,2.6-202606,openrtb.field.moved,error,regs.ext.gdpr,Section 3.2.3
p003970,prosport.ro,ssb-global.smartadserver.com,request,2.6-202606,openrtb.field.moved,error,user.ext.consent,Section 3.2.20
p003971,prosport.ro,ssb-global.smartadserver.com,request,2.6-202606,openrtb.field.moved,error,regs.ext.gdpr,Section 3.2.3
p003971,prosport.ro,ssb-global.smartadserver.com,request,2.6-202606,openrtb.field.moved,error,user.ext.consent,Section 3.2.20
p003972,prosport.ro,ssb-global.smartadserver.com,request,2.6-202606,openrtb.field.moved,error,regs.ext.gdpr,Section 3.2.3
p003972,prosport.ro,ssb-global.smartadserver.com,request,2.6-202606,openrtb.field.moved,error,user.ext.consent,Section 3.2.20
p003973,prosport.ro,ssb-global.smartadserver.com,request,2.6-202606,openrtb.field.moved,error,regs.ext.gdpr,Section 3.2.3
p003973,prosport.ro,ssb-global.smartadserver.com,request,2.6-202606,openrtb.field.moved,error,user.ext.consent,Section 3.2.20
p003974,prosport.ro,ssb-global.smartadserver.com,request,2.6-202606,openrtb.field.moved,error,regs.ext.gdpr,Section 3.2.3
p003974,prosport.ro,ssb-global.smartadserver.com,request,2.6-202606,openrtb.field.moved,error,user.ext.consent,Section 3.2.20
p003975,prosport.ro,ssb-global.smartadserver.com,request,2.6-202606,openrtb.field.moved,error,regs.ext.gdpr,Section 3.2.3
p003975,prosport.ro,ssb-global.smartadserver.com,request,2.6-202606,openrtb.field.moved,error,user.ext.consent,Section 3.2.20
p003976,prosport.ro,ssb-global.smartadserver.com,request,2.6-202606,openrtb.field.moved,error,regs.ext.gdpr,Section 3.2.3
p003976,prosport.ro,ssb-global.smartadserver.com,request,2.6-202606,openrtb.field.moved,error,user.ext.consent,Section 3.2.20
p003977,prosport.ro,ssb-global.smartadserver.com,request,2.6-202606,openrtb.field.moved,error,regs.ext.gdpr,Section 3.2.3
p003977,prosport.ro,ssb-global.smartadserver.com,request,2.6-202606,openrtb.field.moved,error,user.ext.consent,Section 3.2.20
p003978,prosport.ro,ssb-global.smartadserver.com,request,2.6-202606,openrtb.field.moved,error,regs.ext.gdpr,Section 3.2.3
p003978,prosport.ro,ssb-global.smartadserver.com,request,2.6-202606,openrtb.field.moved,error,user.ext.consent,Section 3.2.20
p003979,prosport.ro,ssb-global.smartadserver.com,request,2.6-202606,openrtb.field.moved,error,regs.ext.gdpr,Section 3.2.3
p003979,prosport.ro,ssb-global.smartadserver.com,request,2.6-202606,openrtb.field.moved,error,user.ext.consent,Section 3.2.20
p003980,prosport.ro,ssb-global.smartadserver.com,request,2.6-202606,openrtb.field.moved,error,regs.ext.gdpr,Section 3.2.3
p003980,prosport.ro,ssb-global.smartadserver.com,request,2.6-202606,openrtb.field.moved,error,user.ext.consent,Section 3.2.20
p003981,prosport.ro,ssb-global.smartadserver.com,request,2.6-202606,openrtb.field.moved,error,regs.ext.gdpr,Section 3.2.3
p003981,prosport.ro,ssb-global.smartadserver.com,request,2.6-202606,openrtb.field.moved,error,user.ext.consent,Section 3.2.20
p003982,ranker.com,ssb-global.smartadserver.com,request,2.6-202606,openrtb.type.mismatch,error,site.publisher.id,3.2.15
p003983,quasarzone.com,ssb-global.smartadserver.com,request,2.6-202606,openrtb.field.deprecated,warning,imp[0].video.placement,Section 3.2.7
p003983,quasarzone.com,ssb-global.smartadserver.com,request,2.6-202606,openrtb.type.mismatch,error,site.publisher.id,3.2.15
p003984,realtimetrains.co.uk,ssb-global.smartadserver.com,request,2.6-202606,openrtb.type.mismatch,error,site.publisher.id,3.2.15
p003985,realtimetrains.co.uk,ssb-global.smartadserver.com,request,2.6-202606,openrtb.type.mismatch,error,site.publisher.id,3.2.15
p003986,realtimetrains.co.uk,ssb-global.smartadserver.com,request,2.6-202606,openrtb.type.mismatch,error,site.publisher.id,3.2.15
p003987,salon.com,ssb-global.smartadserver.com,request,2.6-202606,openrtb.type.mismatch,error,site.publisher.id,3.2.15
p003988,salon.com,ssb-global.smartadserver.com,request,2.6-202606,openrtb.type.mismatch,error,site.publisher.id,3.2.15
p003989,socialblade.com,ssb-global.smartadserver.com,request,2.6-202606,openrtb.field.undefined,error,imp[0].battr,3.2.4
p003989,socialblade.com,ssb-global.smartadserver.com,request,2.6-202606,openrtb.type.mismatch,error,site.publisher.id,3.2.15
p003990,socialblade.com,ssb-global.smartadserver.com,request,2.6-202606,openrtb.field.undefined,error,imp[0].battr,3.2.4
p003990,socialblade.com,ssb-global.smartadserver.com,request,2.6-202606,openrtb.type.mismatch,error,site.publisher.id,3.2.15
p003991,socialblade.com,ssb-global.smartadserver.com,request,2.6-202606,openrtb.field.undefined,error,imp[0].battr,3.2.4
p003991,socialblade.com,ssb-global.smartadserver.com,request,2.6-202606,openrtb.type.mismatch,error,site.publisher.id,3.2.15
p003992,socialblade.com,ssb-global.smartadserver.com,request,2.6-202606,openrtb.field.undefined,error,imp[0].battr,3.2.4
p003992,socialblade.com,ssb-global.smartadserver.com,request,2.6-202606,openrtb.type.mismatch,error,site.publisher.id,3.2.15
p003993,socialblade.com,ssb-global.smartadserver.com,request,2.6-202606,openrtb.field.undefined,error,imp[0].battr,3.2.4
p003993,socialblade.com,ssb-global.smartadserver.com,request,2.6-202606,openrtb.type.mismatch,error,site.publisher.id,3.2.15
p003994,socialblade.com,ssb-global.smartadserver.com,request,2.6-202606,openrtb.field.undefined,error,imp[0].battr,3.2.4
p003994,socialblade.com,ssb-global.smartadserver.com,request,2.6-202606,openrtb.type.mismatch,error,site.publisher.id,3.2.15
p003995,socialblade.com,ssb-global.smartadserver.com,request,2.6-202606,openrtb.field.undefined,error,imp[0].battr,3.2.4
p003995,socialblade.com,ssb-global.smartadserver.com,request,2.6-202606,openrtb.field.deprecated,warning,imp[0].video.placement,Section 3.2.7
p003995,socialblade.com,ssb-global.smartadserver.com,request,2.6-202606,openrtb.value.invalid,error,imp[0].video.skip,3.2.7
p003995,socialblade.com,ssb-global.smartadserver.com,request,2.6-202606,openrtb.type.mismatch,error,site.publisher.id,3.2.15
p003996,salon.com,ssb-global.smartadserver.com,request,2.6-202606,openrtb.type.mismatch,error,site.publisher.id,3.2.15
p003997,salon.com,ssb-global.smartadserver.com,request,2.6-202606,openrtb.type.mismatch,error,site.publisher.id,3.2.15
p003998,salon.com,ssb-global.smartadserver.com,request,2.6-202606,openrtb.type.mismatch,error,site.publisher.id,3.2.15
p003999,salon.com,ssb-global.smartadserver.com,request,2.6-202606,openrtb.field.deprecated,warning,imp[0].video.placement,Section 3.2.7
p003999,salon.com,ssb-global.smartadserver.com,request,2.6-202606,openrtb.value.invalid,error,imp[0].video.skip,3.2.7
p003999,salon.com,ssb-global.smartadserver.com,request,2.6-202606,openrtb.type.mismatch,error,site.publisher.id,3.2.15
p004000,salon.com,ssb-global.smartadserver.com,request,2.6-202606,openrtb.type.mismatch,error,site.publisher.id,3.2.15
p004001,salon.com,ssb-global.smartadserver.com,request,2.6-202606,openrtb.field.deprecated,warning,imp[0].video.placement,Section 3.2.7
p004001,salon.com,ssb-global.smartadserver.com,request,2.6-202606,openrtb.value.invalid,error,imp[0].video.skip,3.2.7
p004001,salon.com,ssb-global.smartadserver.com,request,2.6-202606,openrtb.type.mismatch,error,site.publisher.id,3.2.15
p004002,salon.com,ssb-global.smartadserver.com,request,2.6-202606,openrtb.type.mismatch,error,site.publisher.id,3.2.15
p004003,salon.com,ssb-global.smartadserver.com,request,2.6-202606,openrtb.field.deprecated,warning,imp[0].video.placement,Section 3.2.7
p004003,salon.com,ssb-global.smartadserver.com,request,2.6-202606,openrtb.value.invalid,error,imp[0].video.skip,3.2.7
p004003,salon.com,ssb-global.smartadserver.com,request,2.6-202606,openrtb.type.mismatch,error,site.publisher.id,3.2.15
p004004,salon.com,ssb-global.smartadserver.com,request,2.6-202606,openrtb.type.mismatch,error,site.publisher.id,3.2.15
p004005,salon.com,ssb-global.smartadserver.com,request,2.6-202606,openrtb.type.mismatch,error,site.publisher.id,3.2.15
p004006,salon.com,ssb-global.smartadserver.com,request,2.6-202606,openrtb.type.mismatch,error,site.publisher.id,3.2.15
p004007,salon.com,ssb-global.smartadserver.com,request,2.6-202606,openrtb.type.mismatch,error,site.publisher.id,3.2.15
p004008,salon.com,ssb-global.smartadserver.com,request,2.6-202606,openrtb.type.mismatch,error,site.publisher.id,3.2.15
p004009,salon.com,ssb-global.smartadserver.com,request,2.6-202606,openrtb.field.deprecated,warning,imp[0].video.placement,Section 3.2.7
p004009,salon.com,ssb-global.smartadserver.com,request,2.6-202606,openrtb.value.invalid,error,imp[0].video.skip,3.2.7
p004009,salon.com,ssb-global.smartadserver.com,request,2.6-202606,openrtb.type.mismatch,error,site.publisher.id,3.2.15
p004010,salon.com,ssb-global.smartadserver.com,request,2.6-202606,openrtb.field.deprecated,warning,imp[0].video.placement,Section 3.2.7
p004010,salon.com,ssb-global.smartadserver.com,request,2.6-202606,openrtb.value.invalid,error,imp[0].video.skip,3.2.7
p004010,salon.com,ssb-global.smartadserver.com,request,2.6-202606,openrtb.type.mismatch,error,site.publisher.id,3.2.15
p004011,salon.com,ssb-global.smartadserver.com,request,2.6-202606,openrtb.type.mismatch,error,site.publisher.id,3.2.15
p004012,salon.com,ssb-global.smartadserver.com,request,2.6-202606,openrtb.field.deprecated,warning,imp[0].video.placement,Section 3.2.7
p004012,salon.com,ssb-global.smartadserver.com,request,2.6-202606,openrtb.value.invalid,error,imp[0].video.skip,3.2.7
p004012,salon.com,ssb-global.smartadserver.com,request,2.6-202606,openrtb.type.mismatch,error,site.publisher.id,3.2.15
p004013,salon.com,ssb-global.smartadserver.com,request,2.6-202606,openrtb.field.deprecated,warning,imp[0].video.placement,Section 3.2.7
p004013,salon.com,ssb-global.smartadserver.com,request,2.6-202606,openrtb.value.invalid,error,imp[0].video.skip,3.2.7
p004013,salon.com,ssb-global.smartadserver.com,request,2.6-202606,openrtb.type.mismatch,error,site.publisher.id,3.2.15
p004014,sozcu.com.tr,ssb-global.smartadserver.com,request,2.6-202606,openrtb.field.moved,error,regs.ext.gdpr,Section 3.2.3
p004015,sozcu.com.tr,ssb-global.smartadserver.com,request,2.6-202606,openrtb.field.deprecated,warning,imp[0].video.placement,Section 3.2.7
p004015,sozcu.com.tr,ssb-global.smartadserver.com,request,2.6-202606,openrtb.type.mismatch,error,site.publisher.id,3.2.15
p004016,sozcu.com.tr,ssb-global.smartadserver.com,request,2.6-202606,openrtb.field.moved,error,regs.ext.gdpr,Section 3.2.3
p004017,sozcu.com.tr,ssb-global.smartadserver.com,request,2.6-202606,openrtb.field.deprecated,warning,imp[0].video.placement,Section 3.2.7
p004017,sozcu.com.tr,ssb-global.smartadserver.com,request,2.6-202606,openrtb.field.moved,error,regs.ext.gdpr,Section 3.2.3
p004018,sozcu.com.tr,ssb-global.smartadserver.com,request,2.6-202606,openrtb.field.moved,error,regs.ext.gdpr,Section 3.2.3
p004019,sozcu.com.tr,ssb-global.smartadserver.com,request,2.6-202606,openrtb.field.deprecated,warning,imp[0].video.placement,Section 3.2.7
p004019,sozcu.com.tr,ssb-global.smartadserver.com,request,2.6-202606,openrtb.field.moved,error,regs.ext.gdpr,Section 3.2.3
p004020,sozcu.com.tr,ssb-global.smartadserver.com,request,2.6-202606,openrtb.field.moved,error,regs.ext.gdpr,Section 3.2.3
p004020,sozcu.com.tr,ssb-global.smartadserver.com,request,2.6-202606,openrtb.field.moved,error,user.ext.consent,Section 3.2.20
p004021,sozcu.com.tr,ssb-global.smartadserver.com,request,2.6-202606,openrtb.field.deprecated,warning,imp[0].video.placement,Section 3.2.7
p004021,sozcu.com.tr,ssb-global.smartadserver.com,request,2.6-202606,openrtb.field.moved,error,regs.ext.gdpr,Section 3.2.3
p004021,sozcu.com.tr,ssb-global.smartadserver.com,request,2.6-202606,openrtb.field.moved,error,user.ext.consent,Section 3.2.20
p004022,tio.ch,ssb-global.smartadserver.com,request,2.6-202606,openrtb.field.moved,error,regs.ext.gdpr,Section 3.2.3
p004022,tio.ch,ssb-global.smartadserver.com,request,2.6-202606,openrtb.type.mismatch,error,site.publisher.id,3.2.15
p004022,tio.ch,ssb-global.smartadserver.com,request,2.6-202606,openrtb.field.moved,error,user.ext.consent,Section 3.2.20
p004023,tio.ch,ssb-global.smartadserver.com,request,2.6-202606,openrtb.field.moved,error,regs.ext.gdpr,Section 3.2.3
p004023,tio.ch,ssb-global.smartadserver.com,request,2.6-202606,openrtb.type.mismatch,error,site.publisher.id,3.2.15
p004023,tio.ch,ssb-global.smartadserver.com,request,2.6-202606,openrtb.field.moved,error,user.ext.consent,Section 3.2.20
p004024,tio.ch,ssb-global.smartadserver.com,request,2.6-202606,openrtb.field.moved,error,regs.ext.gdpr,Section 3.2.3
p004024,tio.ch,ssb-global.smartadserver.com,request,2.6-202606,openrtb.type.mismatch,error,site.publisher.id,3.2.15
p004024,tio.ch,ssb-global.smartadserver.com,request,2.6-202606,openrtb.field.moved,error,user.ext.consent,Section 3.2.20
p004025,tio.ch,ssb-global.smartadserver.com,request,2.6-202606,openrtb.field.moved,error,regs.ext.gdpr,Section 3.2.3
p004025,tio.ch,ssb-global.smartadserver.com,request,2.6-202606,openrtb.type.mismatch,error,site.publisher.id,3.2.15
p004025,tio.ch,ssb-global.smartadserver.com,request,2.6-202606,openrtb.field.moved,error,user.ext.consent,Section 3.2.20
p004026,upi.com,ssb-global.smartadserver.com,request,2.6-202606,openrtb.field.undefined,error,geo,3.2.1
p004026,upi.com,ssb-global.smartadserver.com,request,2.6-202606,openrtb.field.undefined,error,imp[0].battr,3.2.4
p004026,upi.com,ssb-global.smartadserver.com,request,2.6-202606,openrtb.type.mismatch,error,site.publisher.id,3.2.15
p004027,upi.com,ssb-global.smartadserver.com,request,2.6-202606,openrtb.field.undefined,error,geo,3.2.1
p004027,upi.com,ssb-global.smartadserver.com,request,2.6-202606,openrtb.field.undefined,error,imp[0].battr,3.2.4
p004027,upi.com,ssb-global.smartadserver.com,request,2.6-202606,openrtb.type.mismatch,error,site.publisher.id,3.2.15
p004028,upi.com,ssb-global.smartadserver.com,request,2.6-202606,openrtb.field.undefined,error,geo,3.2.1
p004028,upi.com,ssb-global.smartadserver.com,request,2.6-202606,openrtb.field.undefined,error,imp[0].battr,3.2.4
p004028,upi.com,ssb-global.smartadserver.com,request,2.6-202606,openrtb.type.mismatch,error,site.publisher.id,3.2.15
p004029,upi.com,ssb-global.smartadserver.com,request,2.6-202606,openrtb.field.undefined,error,geo,3.2.1
p004029,upi.com,ssb-global.smartadserver.com,request,2.6-202606,openrtb.field.undefined,error,imp[0].battr,3.2.4
p004029,upi.com,ssb-global.smartadserver.com,request,2.6-202606,openrtb.type.mismatch,error,site.publisher.id,3.2.15
p004030,upi.com,ssb-global.smartadserver.com,request,2.6-202606,openrtb.field.undefined,error,geo,3.2.1
p004030,upi.com,ssb-global.smartadserver.com,request,2.6-202606,openrtb.field.undefined,error,imp[0].battr,3.2.4
p004030,upi.com,ssb-global.smartadserver.com,request,2.6-202606,openrtb.type.mismatch,error,site.publisher.id,3.2.15
p004031,upi.com,ssb-global.smartadserver.com,request,2.6-202606,openrtb.field.undefined,error,geo,3.2.1
p004031,upi.com,ssb-global.smartadserver.com,request,2.6-202606,openrtb.field.undefined,error,imp[0].battr,3.2.4
p004031,upi.com,ssb-global.smartadserver.com,request,2.6-202606,openrtb.type.mismatch,error,site.publisher.id,3.2.15
p004032,upi.com,ssb-global.smartadserver.com,request,2.6-202606,openrtb.field.undefined,error,geo,3.2.1
p004032,upi.com,ssb-global.smartadserver.com,request,2.6-202606,openrtb.field.undefined,error,imp[0].battr,3.2.4
p004032,upi.com,ssb-global.smartadserver.com,request,2.6-202606,openrtb.type.mismatch,error,site.publisher.id,3.2.15
p004033,upi.com,ssb-global.smartadserver.com,request,2.6-202606,openrtb.field.undefined,error,geo,3.2.1
p004033,upi.com,ssb-global.smartadserver.com,request,2.6-202606,openrtb.field.undefined,error,imp[0].battr,3.2.4
p004033,upi.com,ssb-global.smartadserver.com,request,2.6-202606,openrtb.type.mismatch,error,site.publisher.id,3.2.15
p004034,upi.com,ssb-global.smartadserver.com,request,2.6-202606,openrtb.field.undefined,error,geo,3.2.1
p004034,upi.com,ssb-global.smartadserver.com,request,2.6-202606,openrtb.field.undefined,error,imp[0].battr,3.2.4
p004034,upi.com,ssb-global.smartadserver.com,request,2.6-202606,openrtb.type.mismatch,error,site.publisher.id,3.2.15
p004035,upi.com,ssb-global.smartadserver.com,request,2.6-202606,openrtb.field.undefined,error,geo,3.2.1
p004035,upi.com,ssb-global.smartadserver.com,request,2.6-202606,openrtb.field.undefined,error,imp[0].battr,3.2.4
p004035,upi.com,ssb-global.smartadserver.com,request,2.6-202606,openrtb.type.mismatch,error,site.publisher.id,3.2.15
p004036,upi.com,ssb-global.smartadserver.com,request,2.6-202606,openrtb.field.undefined,error,geo,3.2.1
p004036,upi.com,ssb-global.smartadserver.com,request,2.6-202606,openrtb.field.undefined,error,imp[0].battr,3.2.4
p004036,upi.com,ssb-global.smartadserver.com,request,2.6-202606,openrtb.type.mismatch,error,site.publisher.id,3.2.15
p004037,upi.com,ssb-global.smartadserver.com,request,2.6-202606,openrtb.field.undefined,error,geo,3.2.1
p004037,upi.com,ssb-global.smartadserver.com,request,2.6-202606,openrtb.field.undefined,error,imp[0].battr,3.2.4
p004037,upi.com,ssb-global.smartadserver.com,request,2.6-202606,openrtb.type.mismatch,error,site.publisher.id,3.2.15
p004038,upi.com,ssb-global.smartadserver.com,request,2.6-202606,openrtb.field.undefined,error,geo,3.2.1
p004038,upi.com,ssb-global.smartadserver.com,request,2.6-202606,openrtb.field.undefined,error,imp[0].battr,3.2.4
p004038,upi.com,ssb-global.smartadserver.com,request,2.6-202606,openrtb.type.mismatch,error,site.publisher.id,3.2.15
p004039,upi.com,ssb-global.smartadserver.com,request,2.6-202606,openrtb.field.undefined,error,geo,3.2.1
p004039,upi.com,ssb-global.smartadserver.com,request,2.6-202606,openrtb.field.undefined,error,imp[0].battr,3.2.4
p004039,upi.com,ssb-global.smartadserver.com,request,2.6-202606,openrtb.type.mismatch,error,site.publisher.id,3.2.15
p004040,vice.com,ssb-global.smartadserver.com,request,2.6-202606,openrtb.field.undefined,error,imp[0].battr,3.2.4
p004040,vice.com,ssb-global.smartadserver.com,request,2.6-202606,openrtb.type.mismatch,error,site.publisher.id,3.2.15
p004041,vice.com,ssb-global.smartadserver.com,request,2.6-202606,openrtb.field.undefined,error,imp[0].battr,3.2.4
p004041,vice.com,ssb-global.smartadserver.com,request,2.6-202606,openrtb.type.mismatch,error,site.publisher.id,3.2.15
p004042,vice.com,ssb-global.smartadserver.com,request,2.6-202606,openrtb.field.undefined,error,imp[0].battr,3.2.4
p004042,vice.com,ssb-global.smartadserver.com,request,2.6-202606,openrtb.type.mismatch,error,site.publisher.id,3.2.15
p004043,vice.com,ssb-global.smartadserver.com,request,2.6-202606,openrtb.field.undefined,error,imp[0].battr,3.2.4
p004043,vice.com,ssb-global.smartadserver.com,request,2.6-202606,openrtb.type.mismatch,error,site.publisher.id,3.2.15
p004044,webdesignerdepot.com,ssb-global.smartadserver.com,request,2.6-202606,openrtb.type.mismatch,error,site.publisher.id,3.2.15
p004045,webdesignerdepot.com,ssb-global.smartadserver.com,request,2.6-202606,openrtb.field.deprecated,warning,imp[0].video.placement,Section 3.2.7
p004045,webdesignerdepot.com,ssb-global.smartadserver.com,request,2.6-202606,openrtb.value.invalid,error,imp[0].video.skip,3.2.7
p004045,webdesignerdepot.com,ssb-global.smartadserver.com,request,2.6-202606,openrtb.type.mismatch,error,site.publisher.id,3.2.15
p004046,webdesignerdepot.com,ssb-global.smartadserver.com,request,2.6-202606,openrtb.type.mismatch,error,site.publisher.id,3.2.15
p004047,webdesignerdepot.com,ssb-global.smartadserver.com,request,2.6-202606,openrtb.field.deprecated,warning,imp[0].video.placement,Section 3.2.7
p004047,webdesignerdepot.com,ssb-global.smartadserver.com,request,2.6-202606,openrtb.value.invalid,error,imp[0].video.skip,3.2.7
p004047,webdesignerdepot.com,ssb-global.smartadserver.com,request,2.6-202606,openrtb.type.mismatch,error,site.publisher.id,3.2.15
p004048,webdesignerdepot.com,ssb-global.smartadserver.com,request,2.6-202606,openrtb.type.mismatch,error,site.publisher.id,3.2.15
p004049,webdesignerdepot.com,ssb-global.smartadserver.com,request,2.6-202606,openrtb.field.deprecated,warning,imp[0].video.placement,Section 3.2.7
p004049,webdesignerdepot.com,ssb-global.smartadserver.com,request,2.6-202606,openrtb.value.invalid,error,imp[0].video.skip,3.2.7
p004049,webdesignerdepot.com,ssb-global.smartadserver.com,request,2.6-202606,openrtb.type.mismatch,error,site.publisher.id,3.2.15
p004050,webdesignerdepot.com,ssb-global.smartadserver.com,request,2.6-202606,openrtb.field.deprecated,warning,imp[0].video.placement,Section 3.2.7
p004050,webdesignerdepot.com,ssb-global.smartadserver.com,request,2.6-202606,openrtb.value.invalid,error,imp[0].video.skip,3.2.7
p004050,webdesignerdepot.com,ssb-global.smartadserver.com,request,2.6-202606,openrtb.type.mismatch,error,site.publisher.id,3.2.15
p004051,webdesignerdepot.com,ssb-global.smartadserver.com,request,2.6-202606,openrtb.field.deprecated,warning,imp[0].video.placement,Section 3.2.7
p004051,webdesignerdepot.com,ssb-global.smartadserver.com,request,2.6-202606,openrtb.value.invalid,error,imp[0].video.skip,3.2.7
p004051,webdesignerdepot.com,ssb-global.smartadserver.com,request,2.6-202606,openrtb.type.mismatch,error,site.publisher.id,3.2.15
p004052,webdesignerdepot.com,ssb-global.smartadserver.com,request,2.6-202606,openrtb.field.deprecated,warning,imp[0].video.placement,Section 3.2.7
p004052,webdesignerdepot.com,ssb-global.smartadserver.com,request,2.6-202606,openrtb.value.invalid,error,imp[0].video.skip,3.2.7
p004052,webdesignerdepot.com,ssb-global.smartadserver.com,request,2.6-202606,openrtb.type.mismatch,error,site.publisher.id,3.2.15
p004053,webdesignerdepot.com,ssb-global.smartadserver.com,request,2.6-202606,openrtb.type.mismatch,error,site.publisher.id,3.2.15
p004054,webdesignerdepot.com,ssb-global.smartadserver.com,request,2.6-202606,openrtb.type.mismatch,error,site.publisher.id,3.2.15
p004055,webdesignerdepot.com,ssb-global.smartadserver.com,request,2.6-202606,openrtb.field.deprecated,warning,imp[0].video.placement,Section 3.2.7
p004055,webdesignerdepot.com,ssb-global.smartadserver.com,request,2.6-202606,openrtb.value.invalid,error,imp[0].video.skip,3.2.7
p004055,webdesignerdepot.com,ssb-global.smartadserver.com,request,2.6-202606,openrtb.type.mismatch,error,site.publisher.id,3.2.15
p004056,webdesignerdepot.com,ssb-global.smartadserver.com,request,2.6-202606,openrtb.type.mismatch,error,site.publisher.id,3.2.15
p004057,webdesignerdepot.com,ssb-global.smartadserver.com,request,2.6-202606,openrtb.field.deprecated,warning,imp[0].video.placement,Section 3.2.7
p004057,webdesignerdepot.com,ssb-global.smartadserver.com,request,2.6-202606,openrtb.value.invalid,error,imp[0].video.skip,3.2.7
p004057,webdesignerdepot.com,ssb-global.smartadserver.com,request,2.6-202606,openrtb.type.mismatch,error,site.publisher.id,3.2.15
p004058,webdesignerdepot.com,ssb-global.smartadserver.com,request,2.6-202606,openrtb.type.mismatch,error,site.publisher.id,3.2.15
p004059,webdesignerdepot.com,ssb-global.smartadserver.com,request,2.6-202606,openrtb.type.mismatch,error,site.publisher.id,3.2.15
p004060,webdesignerdepot.com,ssb-global.smartadserver.com,request,2.6-202606,openrtb.type.mismatch,error,site.publisher.id,3.2.15
p004061,webdesignerdepot.com,ssb-global.smartadserver.com,request,2.6-202606,openrtb.field.deprecated,warning,imp[0].video.placement,Section 3.2.7
p004061,webdesignerdepot.com,ssb-global.smartadserver.com,request,2.6-202606,openrtb.value.invalid,error,imp[0].video.skip,3.2.7
p004061,webdesignerdepot.com,ssb-global.smartadserver.com,request,2.6-202606,openrtb.type.mismatch,error,site.publisher.id,3.2.15
p004062,webdesignerdepot.com,ssb-global.smartadserver.com,request,2.6-202606,openrtb.field.deprecated,warning,imp[0].video.placement,Section 3.2.7
p004062,webdesignerdepot.com,ssb-global.smartadserver.com,request,2.6-202606,openrtb.value.invalid,error,imp[0].video.skip,3.2.7
p004062,webdesignerdepot.com,ssb-global.smartadserver.com,request,2.6-202606,openrtb.type.mismatch,error,site.publisher.id,3.2.15
p004063,webdesignerdepot.com,ssb-global.smartadserver.com,request,2.6-202606,openrtb.field.deprecated,warning,imp[0].video.placement,Section 3.2.7
p004063,webdesignerdepot.com,ssb-global.smartadserver.com,request,2.6-202606,openrtb.value.invalid,error,imp[0].video.skip,3.2.7
p004063,webdesignerdepot.com,ssb-global.smartadserver.com,request,2.6-202606,openrtb.type.mismatch,error,site.publisher.id,3.2.15
p004064,webdesignerdepot.com,ssb-global.smartadserver.com,request,2.6-202606,openrtb.field.deprecated,warning,imp[0].video.placement,Section 3.2.7
p004064,webdesignerdepot.com,ssb-global.smartadserver.com,request,2.6-202606,openrtb.value.invalid,error,imp[0].video.skip,3.2.7
p004064,webdesignerdepot.com,ssb-global.smartadserver.com,request,2.6-202606,openrtb.type.mismatch,error,site.publisher.id,3.2.15
p004065,webdesignerdepot.com,ssb-global.smartadserver.com,request,2.6-202606,openrtb.field.deprecated,warning,imp[0].video.placement,Section 3.2.7
p004065,webdesignerdepot.com,ssb-global.smartadserver.com,request,2.6-202606,openrtb.value.invalid,error,imp[0].video.skip,3.2.7
p004065,webdesignerdepot.com,ssb-global.smartadserver.com,request,2.6-202606,openrtb.type.mismatch,error,site.publisher.id,3.2.15
p004066,cycletrader.com,ssc.33across.com,request,2.6-202606,openrtb.field.moved,error,regs.ext.gdpr,Section 3.2.3
p004067,cycletrader.com,ssc.33across.com,request,2.6-202606,openrtb.field.moved,error,regs.ext.gdpr,Section 3.2.3
p004068,cycletrader.com,ssc.33across.com,request,2.6-202606,openrtb.field.moved,error,regs.ext.gdpr,Section 3.2.3
p004069,cycletrader.com,ssc.33across.com,request,2.6-202606,openrtb.field.moved,error,regs.ext.gdpr,Section 3.2.3
p004070,cycletrader.com,ssc.33across.com,request,2.6-202606,openrtb.field.moved,error,regs.ext.gdpr,Section 3.2.3
p004071,cycletrader.com,ssc.33across.com,request,2.6-202606,openrtb.field.moved,error,regs.ext.gdpr,Section 3.2.3
p004072,cycletrader.com,ssc.33across.com,request,2.6-202606,openrtb.field.moved,error,regs.ext.gdpr,Section 3.2.3
p004073,cycletrader.com,ssc.33across.com,request,2.6-202606,openrtb.field.moved,error,regs.ext.gdpr,Section 3.2.3
p004074,cycletrader.com,ssc.33across.com,request,2.6-202606,openrtb.field.moved,error,regs.ext.gdpr,Section 3.2.3
p004075,iheart.com,ssc.33across.com,request,2.6-202606,openrtb.field.deprecated,warning,imp[0].video.placement,Section 3.2.7
p004075,iheart.com,ssc.33across.com,request,2.6-202606,openrtb.value.invalid,error,imp[0].video.skip,3.2.7
p004075,iheart.com,ssc.33across.com,request,2.6-202606,openrtb.type.mismatch,error,site.ref,3.2.13
p004076,iheart.com,ssc.33across.com,request,2.6-202606,openrtb.field.deprecated,warning,imp[0].video.placement,Section 3.2.7
p004076,iheart.com,ssc.33across.com,request,2.6-202606,openrtb.value.invalid,error,imp[0].video.skip,3.2.7
p004076,iheart.com,ssc.33across.com,request,2.6-202606,openrtb.type.mismatch,error,site.ref,3.2.13
p004077,iheart.com,ssc.33across.com,request,2.6-202606,openrtb.type.mismatch,error,site.ref,3.2.13
p004078,nationaltoday.com,ssc.33across.com,request,2.6-202606,openrtb.field.moved,error,regs.ext.gdpr,Section 3.2.3
p004079,nationaltoday.com,ssc.33across.com,request,2.6-202606,openrtb.field.moved,error,regs.ext.gdpr,Section 3.2.3
p004080,nationaltoday.com,ssc.33across.com,request,2.6-202606,openrtb.field.moved,error,regs.ext.gdpr,Section 3.2.3
p004081,nationaltoday.com,ssc.33across.com,request,2.6-202606,openrtb.field.moved,error,regs.ext.gdpr,Section 3.2.3
p004082,nationaltoday.com,ssc.33across.com,request,2.6-202606,openrtb.field.moved,error,regs.ext.gdpr,Section 3.2.3
p004083,nationaltoday.com,ssc.33across.com,request,2.6-202606,openrtb.field.moved,error,regs.ext.gdpr,Section 3.2.3
p004084,nationaltoday.com,ssc.33across.com,request,2.6-202606,openrtb.field.moved,error,regs.ext.gdpr,Section 3.2.3
p004085,nationaltoday.com,ssc.33across.com,request,2.6-202606,openrtb.field.moved,error,regs.ext.gdpr,Section 3.2.3
p004086,zeldadungeon.net,ssc.33across.com,request,2.6-202606,openrtb.field.moved,error,regs.ext.gdpr,Section 3.2.3
p004087,cycletrader.com,ssc.33across.com,response,2.6-202606,openrtb.response.seatbid_or_nbr.required,error,seatbid,4.2.1
p004088,cycletrader.com,ssc.33across.com,response,2.6-202606,openrtb.response.seatbid_or_nbr.required,error,seatbid,4.2.1
p004089,cycletrader.com,ssc.33across.com,response,2.6-202606,openrtb.response.seatbid_or_nbr.required,error,seatbid,4.2.1
p004090,cycletrader.com,ssc.33across.com,response,2.6-202606,openrtb.bid.mtype_missing,warning,seatbid[0].bid[0].mtype,4.2.3
p004091,cycletrader.com,ssc.33across.com,response,2.6-202606,openrtb.response.seatbid_or_nbr.required,error,seatbid,4.2.1
p004092,cycletrader.com,ssc.33across.com,response,2.6-202606,openrtb.response.seatbid_or_nbr.required,error,seatbid,4.2.1
p004093,cycletrader.com,ssc.33across.com,response,2.6-202606,openrtb.bid.mtype_missing,warning,seatbid[0].bid[0].mtype,4.2.3
p004094,cycletrader.com,ssc.33across.com,response,2.6-202606,openrtb.response.seatbid_or_nbr.required,error,seatbid,4.2.1
p004095,cycletrader.com,ssc.33across.com,response,2.6-202606,openrtb.bid.mtype_missing,warning,seatbid[0].bid[0].mtype,4.2.3
p004096,iheart.com,ssc.33across.com,response,2.6-202606,openrtb.response.seatbid_or_nbr.required,error,seatbid,4.2.1
p004097,iheart.com,ssc.33across.com,response,2.6-202606,openrtb.response.seatbid_or_nbr.required,error,seatbid,4.2.1
p004098,iheart.com,ssc.33across.com,response,2.6-202606,openrtb.response.seatbid_or_nbr.required,error,seatbid,4.2.1
p004099,nationaltoday.com,ssc.33across.com,response,2.6-202606,openrtb.response.seatbid_or_nbr.required,error,seatbid,4.2.1
p004100,nationaltoday.com,ssc.33across.com,response,2.6-202606,openrtb.response.seatbid_or_nbr.required,error,seatbid,4.2.1
p004102,nationaltoday.com,ssc.33across.com,response,2.6-202606,openrtb.response.seatbid_or_nbr.required,error,seatbid,4.2.1
p004103,nationaltoday.com,ssc.33across.com,response,2.6-202606,openrtb.response.seatbid_or_nbr.required,error,seatbid,4.2.1
p004104,nationaltoday.com,ssc.33across.com,response,2.6-202606,openrtb.response.seatbid_or_nbr.required,error,seatbid,4.2.1
p004105,nationaltoday.com,ssc.33across.com,response,2.6-202606,openrtb.response.seatbid_or_nbr.required,error,seatbid,4.2.1
p004106,nationaltoday.com,ssc.33across.com,response,2.6-202606,openrtb.response.seatbid_or_nbr.required,error,seatbid,4.2.1
p004107,zeldadungeon.net,ssc.33across.com,response,2.6-202606,openrtb.response.seatbid_or_nbr.required,error,seatbid,4.2.1
p004108,csfd.cz,ssp.seznam.cz,request,2.6-202606,openrtb.type.mismatch,error,imp[0].tagid,3.2.4
p004108,csfd.cz,ssp.seznam.cz,request,2.6-202606,openrtb.field.moved,error,regs.ext.gdpr,Section 3.2.3
p004108,csfd.cz,ssp.seznam.cz,request,2.6-202606,openrtb.field.moved,error,user.ext.consent,Section 3.2.20
p004109,csfd.cz,ssp.seznam.cz,request,2.6-202606,openrtb.type.mismatch,error,imp[0].tagid,3.2.4
p004109,csfd.cz,ssp.seznam.cz,request,2.6-202606,openrtb.type.mismatch,error,imp[1].tagid,3.2.4
p004109,csfd.cz,ssp.seznam.cz,request,2.6-202606,openrtb.field.moved,error,regs.ext.gdpr,Section 3.2.3
p004109,csfd.cz,ssp.seznam.cz,request,2.6-202606,openrtb.field.moved,error,user.ext.consent,Section 3.2.20
p004110,csfd.cz,ssp.seznam.cz,response,2.6-202606,openrtb.bid.mtype_missing,warning,seatbid[0].bid[0].mtype,4.2.3
p004111,chicagotribune.com,ssp.wknd.ai,request,2.6-202606,openrtb.type.mismatch,error,device.geo.metro,3.2.19
p004111,chicagotribune.com,ssp.wknd.ai,request,2.6-202606,openrtb.field.deprecated,warning,imp[0].video.placement,Section 3.2.7
p004111,chicagotribune.com,ssp.wknd.ai,request,2.6-202606,openrtb.field.moved,error,regs.ext.gdpr,Section 3.2.3
p004111,chicagotribune.com,ssp.wknd.ai,request,2.6-202606,openrtb.field.moved,error,user.ext.consent,Section 3.2.20
p004112,chicagotribune.com,ssp.wknd.ai,request,2.6-202606,openrtb.type.mismatch,error,device.geo.metro,3.2.19
p004112,chicagotribune.com,ssp.wknd.ai,request,2.6-202606,openrtb.field.moved,error,regs.ext.gdpr,Section 3.2.3
p004112,chicagotribune.com,ssp.wknd.ai,request,2.6-202606,openrtb.field.moved,error,user.ext.consent,Section 3.2.20
p004113,chicagotribune.com,ssp.wknd.ai,request,2.6-202606,openrtb.type.mismatch,error,device.geo.metro,3.2.19
p004113,chicagotribune.com,ssp.wknd.ai,request,2.6-202606,openrtb.field.moved,error,regs.ext.gdpr,Section 3.2.3
p004113,chicagotribune.com,ssp.wknd.ai,request,2.6-202606,openrtb.field.moved,error,user.ext.consent,Section 3.2.20
p004114,chicagotribune.com,ssp.wknd.ai,request,2.6-202606,openrtb.type.mismatch,error,device.geo.metro,3.2.19
p004114,chicagotribune.com,ssp.wknd.ai,request,2.6-202606,openrtb.field.moved,error,regs.ext.gdpr,Section 3.2.3
p004114,chicagotribune.com,ssp.wknd.ai,request,2.6-202606,openrtb.field.moved,error,user.ext.consent,Section 3.2.20
p004115,chicagotribune.com,ssp.wknd.ai,request,2.6-202606,openrtb.type.mismatch,error,device.geo.metro,3.2.19
p004115,chicagotribune.com,ssp.wknd.ai,request,2.6-202606,openrtb.field.deprecated,warning,imp[0].video.placement,Section 3.2.7
p004115,chicagotribune.com,ssp.wknd.ai,request,2.6-202606,openrtb.field.moved,error,regs.ext.gdpr,Section 3.2.3
p004115,chicagotribune.com,ssp.wknd.ai,request,2.6-202606,openrtb.field.moved,error,user.ext.consent,Section 3.2.20
p004116,chicagotribune.com,ssp.wknd.ai,request,2.6-202606,openrtb.type.mismatch,error,device.geo.metro,3.2.19
p004116,chicagotribune.com,ssp.wknd.ai,request,2.6-202606,openrtb.field.moved,error,regs.ext.gdpr,Section 3.2.3
p004116,chicagotribune.com,ssp.wknd.ai,request,2.6-202606,openrtb.field.moved,error,user.ext.consent,Section 3.2.20
p004117,cityam.com,ssp.wknd.ai,request,2.6-202606,openrtb.type.mismatch,error,device.geo.metro,3.2.19
p004117,cityam.com,ssp.wknd.ai,request,2.6-202606,openrtb.field.deprecated,warning,imp[0].video.placement,Section 3.2.7
p004117,cityam.com,ssp.wknd.ai,request,2.6-202606,openrtb.field.moved,error,regs.ext.gdpr,Section 3.2.3
p004117,cityam.com,ssp.wknd.ai,request,2.6-202606,openrtb.field.moved,error,user.ext.consent,Section 3.2.20
p004118,cityam.com,ssp.wknd.ai,request,2.6-202606,openrtb.type.mismatch,error,device.geo.metro,3.2.19
p004118,cityam.com,ssp.wknd.ai,request,2.6-202606,openrtb.field.moved,error,regs.ext.gdpr,Section 3.2.3
p004118,cityam.com,ssp.wknd.ai,request,2.6-202606,openrtb.field.moved,error,user.ext.consent,Section 3.2.20
p004119,cityam.com,ssp.wknd.ai,request,2.6-202606,openrtb.type.mismatch,error,device.geo.metro,3.2.19
p004119,cityam.com,ssp.wknd.ai,request,2.6-202606,openrtb.field.deprecated,warning,imp[0].video.placement,Section 3.2.7
p004119,cityam.com,ssp.wknd.ai,request,2.6-202606,openrtb.field.moved,error,regs.ext.gdpr,Section 3.2.3
p004119,cityam.com,ssp.wknd.ai,request,2.6-202606,openrtb.field.moved,error,user.ext.consent,Section 3.2.20
p004120,cityam.com,ssp.wknd.ai,request,2.6-202606,openrtb.type.mismatch,error,device.geo.metro,3.2.19
p004120,cityam.com,ssp.wknd.ai,request,2.6-202606,openrtb.field.moved,error,regs.ext.gdpr,Section 3.2.3
p004120,cityam.com,ssp.wknd.ai,request,2.6-202606,openrtb.field.moved,error,user.ext.consent,Section 3.2.20
p004121,pilotonline.com,ssp.wknd.ai,request,2.6-202606,openrtb.type.mismatch,error,device.geo.metro,3.2.19
p004121,pilotonline.com,ssp.wknd.ai,request,2.6-202606,openrtb.field.deprecated,warning,imp[0].video.placement,Section 3.2.7
p004121,pilotonline.com,ssp.wknd.ai,request,2.6-202606,openrtb.field.moved,error,regs.ext.gdpr,Section 3.2.3
p004121,pilotonline.com,ssp.wknd.ai,request,2.6-202606,openrtb.field.moved,error,user.ext.consent,Section 3.2.20
p004122,pilotonline.com,ssp.wknd.ai,request,2.6-202606,openrtb.type.mismatch,error,device.geo.metro,3.2.19
p004122,pilotonline.com,ssp.wknd.ai,request,2.6-202606,openrtb.field.moved,error,regs.ext.gdpr,Section 3.2.3
p004122,pilotonline.com,ssp.wknd.ai,request,2.6-202606,openrtb.field.moved,error,user.ext.consent,Section 3.2.20
p004123,pilotonline.com,ssp.wknd.ai,request,2.6-202606,openrtb.type.mismatch,error,device.geo.metro,3.2.19
p004123,pilotonline.com,ssp.wknd.ai,request,2.6-202606,openrtb.field.moved,error,regs.ext.gdpr,Section 3.2.3
p004123,pilotonline.com,ssp.wknd.ai,request,2.6-202606,openrtb.field.moved,error,user.ext.consent,Section 3.2.20
p004124,pilotonline.com,ssp.wknd.ai,request,2.6-202606,openrtb.type.mismatch,error,device.geo.metro,3.2.19
p004124,pilotonline.com,ssp.wknd.ai,request,2.6-202606,openrtb.field.moved,error,regs.ext.gdpr,Section 3.2.3
p004124,pilotonline.com,ssp.wknd.ai,request,2.6-202606,openrtb.field.moved,error,user.ext.consent,Section 3.2.20
p004125,pilotonline.com,ssp.wknd.ai,request,2.6-202606,openrtb.type.mismatch,error,device.geo.metro,3.2.19
p004125,pilotonline.com,ssp.wknd.ai,request,2.6-202606,openrtb.field.deprecated,warning,imp[0].video.placement,Section 3.2.7
p004125,pilotonline.com,ssp.wknd.ai,request,2.6-202606,openrtb.field.moved,error,regs.ext.gdpr,Section 3.2.3
p004125,pilotonline.com,ssp.wknd.ai,request,2.6-202606,openrtb.field.moved,error,user.ext.consent,Section 3.2.20
p004126,pilotonline.com,ssp.wknd.ai,request,2.6-202606,openrtb.type.mismatch,error,device.geo.metro,3.2.19
p004126,pilotonline.com,ssp.wknd.ai,request,2.6-202606,openrtb.field.moved,error,regs.ext.gdpr,Section 3.2.3
p004126,pilotonline.com,ssp.wknd.ai,request,2.6-202606,openrtb.field.moved,error,user.ext.consent,Section 3.2.20
p004127,pilotonline.com,ssp.wknd.ai,request,2.6-202606,openrtb.type.mismatch,error,device.geo.metro,3.2.19
p004127,pilotonline.com,ssp.wknd.ai,request,2.6-202606,openrtb.field.moved,error,regs.ext.gdpr,Section 3.2.3
p004127,pilotonline.com,ssp.wknd.ai,request,2.6-202606,openrtb.field.moved,error,user.ext.consent,Section 3.2.20
p004128,pilotonline.com,ssp.wknd.ai,request,2.6-202606,openrtb.type.mismatch,error,device.geo.metro,3.2.19
p004128,pilotonline.com,ssp.wknd.ai,request,2.6-202606,openrtb.field.moved,error,regs.ext.gdpr,Section 3.2.3
p004128,pilotonline.com,ssp.wknd.ai,request,2.6-202606,openrtb.field.moved,error,user.ext.consent,Section 3.2.20
p004129,rawstory.com,ssp.wknd.ai,request,2.6-202606,openrtb.type.mismatch,error,device.geo.metro,3.2.19
p004129,rawstory.com,ssp.wknd.ai,request,2.6-202606,openrtb.field.moved,error,regs.ext.gdpr,Section 3.2.3
p004129,rawstory.com,ssp.wknd.ai,request,2.6-202606,openrtb.field.moved,error,user.ext.consent,Section 3.2.20
p004130,rawstory.com,ssp.wknd.ai,request,2.6-202606,openrtb.type.mismatch,error,device.geo.metro,3.2.19
p004130,rawstory.com,ssp.wknd.ai,request,2.6-202606,openrtb.field.moved,error,regs.ext.gdpr,Section 3.2.3
p004130,rawstory.com,ssp.wknd.ai,request,2.6-202606,openrtb.field.moved,error,user.ext.consent,Section 3.2.20
p004131,rawstory.com,ssp.wknd.ai,request,2.6-202606,openrtb.type.mismatch,error,device.geo.metro,3.2.19
p004131,rawstory.com,ssp.wknd.ai,request,2.6-202606,openrtb.field.moved,error,regs.ext.gdpr,Section 3.2.3
p004131,rawstory.com,ssp.wknd.ai,request,2.6-202606,openrtb.field.moved,error,user.ext.consent,Section 3.2.20
p004132,rawstory.com,ssp.wknd.ai,request,2.6-202606,openrtb.type.mismatch,error,device.geo.metro,3.2.19
p004132,rawstory.com,ssp.wknd.ai,request,2.6-202606,openrtb.field.moved,error,regs.ext.gdpr,Section 3.2.3
p004132,rawstory.com,ssp.wknd.ai,request,2.6-202606,openrtb.field.moved,error,user.ext.consent,Section 3.2.20
p004133,rawstory.com,ssp.wknd.ai,request,2.6-202606,openrtb.type.mismatch,error,device.geo.metro,3.2.19
p004133,rawstory.com,ssp.wknd.ai,request,2.6-202606,openrtb.field.moved,error,regs.ext.gdpr,Section 3.2.3
p004133,rawstory.com,ssp.wknd.ai,request,2.6-202606,openrtb.field.moved,error,user.ext.consent,Section 3.2.20
p004134,rawstory.com,ssp.wknd.ai,request,2.6-202606,openrtb.type.mismatch,error,device.geo.metro,3.2.19
p004134,rawstory.com,ssp.wknd.ai,request,2.6-202606,openrtb.field.moved,error,regs.ext.gdpr,Section 3.2.3
p004134,rawstory.com,ssp.wknd.ai,request,2.6-202606,openrtb.field.moved,error,user.ext.consent,Section 3.2.20
p004135,rawstory.com,ssp.wknd.ai,request,2.6-202606,openrtb.type.mismatch,error,device.geo.metro,3.2.19
p004135,rawstory.com,ssp.wknd.ai,request,2.6-202606,openrtb.field.moved,error,regs.ext.gdpr,Section 3.2.3
p004135,rawstory.com,ssp.wknd.ai,request,2.6-202606,openrtb.field.moved,error,user.ext.consent,Section 3.2.20
p004136,rawstory.com,ssp.wknd.ai,request,2.6-202606,openrtb.type.mismatch,error,device.geo.metro,3.2.19
p004136,rawstory.com,ssp.wknd.ai,request,2.6-202606,openrtb.field.moved,error,regs.ext.gdpr,Section 3.2.3
p004136,rawstory.com,ssp.wknd.ai,request,2.6-202606,openrtb.field.moved,error,user.ext.consent,Section 3.2.20
p004137,rawstory.com,ssp.wknd.ai,request,2.6-202606,openrtb.type.mismatch,error,device.geo.metro,3.2.19
p004137,rawstory.com,ssp.wknd.ai,request,2.6-202606,openrtb.field.moved,error,regs.ext.gdpr,Section 3.2.3
p004137,rawstory.com,ssp.wknd.ai,request,2.6-202606,openrtb.field.moved,error,user.ext.consent,Section 3.2.20
p004138,rawstory.com,ssp.wknd.ai,request,2.6-202606,openrtb.type.mismatch,error,device.geo.metro,3.2.19
p004138,rawstory.com,ssp.wknd.ai,request,2.6-202606,openrtb.field.moved,error,regs.ext.gdpr,Section 3.2.3
p004138,rawstory.com,ssp.wknd.ai,request,2.6-202606,openrtb.field.moved,error,user.ext.consent,Section 3.2.20
p004139,rawstory.com,ssp.wknd.ai,request,2.6-202606,openrtb.type.mismatch,error,device.geo.metro,3.2.19
p004139,rawstory.com,ssp.wknd.ai,request,2.6-202606,openrtb.field.moved,error,regs.ext.gdpr,Section 3.2.3
p004139,rawstory.com,ssp.wknd.ai,request,2.6-202606,openrtb.field.moved,error,user.ext.consent,Section 3.2.20
p004140,thesun.ie,ssp.wknd.ai,request,2.6-202606,openrtb.type.mismatch,error,device.geo.metro,3.2.19
p004140,thesun.ie,ssp.wknd.ai,request,2.6-202606,openrtb.field.deprecated,warning,imp[0].video.placement,Section 3.2.7
p004140,thesun.ie,ssp.wknd.ai,request,2.6-202606,openrtb.field.moved,error,regs.ext.gdpr,Section 3.2.3
p004140,thesun.ie,ssp.wknd.ai,request,2.6-202606,openrtb.field.moved,error,user.ext.consent,Section 3.2.20
p004141,thesun.ie,ssp.wknd.ai,request,2.6-202606,openrtb.type.mismatch,error,device.geo.metro,3.2.19
p004141,thesun.ie,ssp.wknd.ai,request,2.6-202606,openrtb.field.moved,error,regs.ext.gdpr,Section 3.2.3
p004141,thesun.ie,ssp.wknd.ai,request,2.6-202606,openrtb.field.moved,error,user.ext.consent,Section 3.2.20
p004142,csfd.cz,ssp.wp.pl,request,2.6-202606,openrtb.field.moved,error,regs.ext.gdpr,Section 3.2.3
p004142,csfd.cz,ssp.wp.pl,request,2.6-202606,openrtb.type.mismatch,error,site.ref,3.2.13
p004143,csfd.cz,ssp.wp.pl,request,2.6-202606,openrtb.field.moved,error,regs.ext.gdpr,Section 3.2.3
p004143,csfd.cz,ssp.wp.pl,request,2.6-202606,openrtb.type.mismatch,error,site.ref,3.2.13
p004144,falstaff.com,ssp.wp.pl,request,2.6-202606,openrtb.field.moved,error,regs.ext.gdpr,Section 3.2.3
p004144,falstaff.com,ssp.wp.pl,request,2.6-202606,openrtb.type.mismatch,error,site.ref,3.2.13
p004145,prosport.ro,ssp.wp.pl,request,2.6-202606,openrtb.field.moved,error,regs.ext.gdpr,Section 3.2.3
p004145,prosport.ro,ssp.wp.pl,request,2.6-202606,openrtb.type.mismatch,error,site.ref,3.2.13
p004146,prosport.ro,ssp.wp.pl,request,2.6-202606,openrtb.field.moved,error,regs.ext.gdpr,Section 3.2.3
p004146,prosport.ro,ssp.wp.pl,request,2.6-202606,openrtb.type.mismatch,error,site.ref,3.2.13
p004147,falstaff.com,t.visx.net,request,2.6-202606,openrtb.field.moved,error,regs.ext.gdpr,Section 3.2.3
p004152,cupofjo.com,web.ads.aps.amazon-adsystem.com,request,2.6-202606,openrtb.field.deprecated,warning,imp[0].video.placement,Section 3.2.7
p004152,cupofjo.com,web.ads.aps.amazon-adsystem.com,request,2.6-202606,openrtb.value.invalid,error,imp[0].video.skip,3.2.7
p004153,cupofjo.com,web.ads.aps.amazon-adsystem.com,request,2.6-202606,openrtb.field.deprecated,warning,imp[0].video.placement,Section 3.2.7
p004153,cupofjo.com,web.ads.aps.amazon-adsystem.com,request,2.6-202606,openrtb.value.invalid,error,imp[0].video.skip,3.2.7
p004155,giantfreakinrobot.com,web.ads.aps.amazon-adsystem.com,request,2.6-202606,openrtb.field.deprecated,warning,imp[1].video.placement,Section 3.2.7
p004155,giantfreakinrobot.com,web.ads.aps.amazon-adsystem.com,request,2.6-202606,openrtb.value.invalid,error,imp[1].video.skip,3.2.7
p004160,halfbakedharvest.com,web.ads.aps.amazon-adsystem.com,request,2.6-202606,openrtb.field.deprecated,warning,imp[0].video.placement,Section 3.2.7
p004160,halfbakedharvest.com,web.ads.aps.amazon-adsystem.com,request,2.6-202606,openrtb.value.invalid,error,imp[0].video.skip,3.2.7
p004161,halfbakedharvest.com,web.ads.aps.amazon-adsystem.com,request,2.6-202606,openrtb.field.deprecated,warning,imp[1].video.placement,Section 3.2.7
p004161,halfbakedharvest.com,web.ads.aps.amazon-adsystem.com,request,2.6-202606,openrtb.value.invalid,error,imp[1].video.skip,3.2.7
p004163,haberler.com,web.ads.aps.amazon-adsystem.com,request,2.6-202606,openrtb.field.undefined,error,imp[0].data,3.2.4
p004163,haberler.com,web.ads.aps.amazon-adsystem.com,request,2.6-202606,openrtb.field.undefined,error,imp[1].data,3.2.4
p004163,haberler.com,web.ads.aps.amazon-adsystem.com,request,2.6-202606,openrtb.field.deprecated,warning,imp[1].video.placement,Section 3.2.7
p004163,haberler.com,web.ads.aps.amazon-adsystem.com,request,2.6-202606,openrtb.value.invalid,error,imp[1].video.skip,3.2.7
p004163,haberler.com,web.ads.aps.amazon-adsystem.com,request,2.6-202606,openrtb.field.undefined,error,keywords,3.2.1
p004163,haberler.com,web.ads.aps.amazon-adsystem.com,request,2.6-202606,openrtb.field.moved,error,regs.ext.gdpr,Section 3.2.3
p004166,halfbakedharvest.com,web.ads.aps.amazon-adsystem.com,request,2.6-202606,openrtb.field.deprecated,warning,imp[0].video.placement,Section 3.2.7
p004166,halfbakedharvest.com,web.ads.aps.amazon-adsystem.com,request,2.6-202606,openrtb.value.invalid,error,imp[0].video.skip,3.2.7
p004167,halfbakedharvest.com,web.ads.aps.amazon-adsystem.com,request,2.6-202606,openrtb.field.deprecated,warning,imp[0].video.placement,Section 3.2.7
p004167,halfbakedharvest.com,web.ads.aps.amazon-adsystem.com,request,2.6-202606,openrtb.value.invalid,error,imp[0].video.skip,3.2.7
p004168,nintendoeverything.com,web.ads.aps.amazon-adsystem.com,request,2.6-202606,openrtb.field.deprecated,warning,imp[2].video.placement,Section 3.2.7
p004168,nintendoeverything.com,web.ads.aps.amazon-adsystem.com,request,2.6-202606,openrtb.value.invalid,error,imp[2].video.skip,3.2.7
p004169,nintendoeverything.com,web.ads.aps.amazon-adsystem.com,request,2.6-202606,openrtb.field.deprecated,warning,imp[3].video.placement,Section 3.2.7
p004169,nintendoeverything.com,web.ads.aps.amazon-adsystem.com,request,2.6-202606,openrtb.value.invalid,error,imp[3].video.skip,3.2.7
p004169,nintendoeverything.com,web.ads.aps.amazon-adsystem.com,request,2.6-202606,openrtb.field.deprecated,warning,imp[6].video.placement,Section 3.2.7
p004169,nintendoeverything.com,web.ads.aps.amazon-adsystem.com,request,2.6-202606,openrtb.value.invalid,error,imp[6].video.skip,3.2.7
p004169,nintendoeverything.com,web.ads.aps.amazon-adsystem.com,request,2.6-202606,openrtb.field.deprecated,warning,imp[10].video.placement,Section 3.2.7
p004169,nintendoeverything.com,web.ads.aps.amazon-adsystem.com,request,2.6-202606,openrtb.value.invalid,error,imp[10].video.skip,3.2.7
p004170,nintendoeverything.com,web.ads.aps.amazon-adsystem.com,request,2.6-202606,openrtb.field.deprecated,warning,imp[1].video.placement,Section 3.2.7
p004170,nintendoeverything.com,web.ads.aps.amazon-adsystem.com,request,2.6-202606,openrtb.value.invalid,error,imp[1].video.skip,3.2.7
p004171,nintendoeverything.com,web.ads.aps.amazon-adsystem.com,request,2.6-202606,openrtb.field.deprecated,warning,imp[1].video.placement,Section 3.2.7
p004171,nintendoeverything.com,web.ads.aps.amazon-adsystem.com,request,2.6-202606,openrtb.value.invalid,error,imp[1].video.skip,3.2.7
p004172,nintendoeverything.com,web.ads.aps.amazon-adsystem.com,request,2.6-202606,openrtb.field.deprecated,warning,imp[3].video.placement,Section 3.2.7
p004172,nintendoeverything.com,web.ads.aps.amazon-adsystem.com,request,2.6-202606,openrtb.value.invalid,error,imp[3].video.skip,3.2.7
p004172,nintendoeverything.com,web.ads.aps.amazon-adsystem.com,request,2.6-202606,openrtb.field.deprecated,warning,imp[6].video.placement,Section 3.2.7
p004172,nintendoeverything.com,web.ads.aps.amazon-adsystem.com,request,2.6-202606,openrtb.value.invalid,error,imp[6].video.skip,3.2.7
p004173,nintendoeverything.com,web.ads.aps.amazon-adsystem.com,request,2.6-202606,openrtb.field.deprecated,warning,imp[2].video.placement,Section 3.2.7
p004173,nintendoeverything.com,web.ads.aps.amazon-adsystem.com,request,2.6-202606,openrtb.value.invalid,error,imp[2].video.skip,3.2.7
p004174,nintendoeverything.com,web.ads.aps.amazon-adsystem.com,request,2.6-202606,openrtb.field.deprecated,warning,imp[0].video.placement,Section 3.2.7
p004175,nintendoeverything.com,web.ads.aps.amazon-adsystem.com,request,2.6-202606,openrtb.field.deprecated,warning,imp[1].video.placement,Section 3.2.7
p004175,nintendoeverything.com,web.ads.aps.amazon-adsystem.com,request,2.6-202606,openrtb.value.invalid,error,imp[1].video.skip,3.2.7
p004176,nintendoeverything.com,web.ads.aps.amazon-adsystem.com,request,2.6-202606,openrtb.field.deprecated,warning,imp[0].video.placement,Section 3.2.7
p004180,socialblade.com,web.ads.aps.amazon-adsystem.com,request,2.6-202606,openrtb.field.undefined,error,imp[0].battr,3.2.4
p004180,socialblade.com,web.ads.aps.amazon-adsystem.com,request,2.6-202606,openrtb.field.undefined,error,imp[1].battr,3.2.4
p004180,socialblade.com,web.ads.aps.amazon-adsystem.com,request,2.6-202606,openrtb.field.undefined,error,imp[2].battr,3.2.4
p004180,socialblade.com,web.ads.aps.amazon-adsystem.com,request,2.6-202606,openrtb.field.undefined,error,imp[3].battr,3.2.4
p004180,socialblade.com,web.ads.aps.amazon-adsystem.com,request,2.6-202606,openrtb.field.undefined,error,imp[4].battr,3.2.4
p004180,socialblade.com,web.ads.aps.amazon-adsystem.com,request,2.6-202606,openrtb.field.undefined,error,imp[5].battr,3.2.4
p004180,socialblade.com,web.ads.aps.amazon-adsystem.com,request,2.6-202606,openrtb.field.undefined,error,imp[6].battr,3.2.4
p004180,socialblade.com,web.ads.aps.amazon-adsystem.com,request,2.6-202606,openrtb.field.deprecated,warning,imp[6].video.placement,Section 3.2.7
p004180,socialblade.com,web.ads.aps.amazon-adsystem.com,request,2.6-202606,openrtb.value.invalid,error,imp[6].video.skip,3.2.7
p004184,salon.com,web.ads.aps.amazon-adsystem.com,request,2.6-202606,openrtb.field.deprecated,warning,imp[0].video.placement,Section 3.2.7
p004184,salon.com,web.ads.aps.amazon-adsystem.com,request,2.6-202606,openrtb.value.invalid,error,imp[0].video.skip,3.2.7
p004186,salon.com,web.ads.aps.amazon-adsystem.com,request,2.6-202606,openrtb.field.deprecated,warning,imp[0].video.placement,Section 3.2.7
p004186,salon.com,web.ads.aps.amazon-adsystem.com,request,2.6-202606,openrtb.value.invalid,error,imp[0].video.skip,3.2.7
p004187,salon.com,web.ads.aps.amazon-adsystem.com,request,2.6-202606,openrtb.field.deprecated,warning,imp[1].video.placement,Section 3.2.7
p004187,salon.com,web.ads.aps.amazon-adsystem.com,request,2.6-202606,openrtb.value.invalid,error,imp[1].video.skip,3.2.7
p004193,salon.com,web.ads.aps.amazon-adsystem.com,request,2.6-202606,openrtb.field.deprecated,warning,imp[0].video.placement,Section 3.2.7
p004193,salon.com,web.ads.aps.amazon-adsystem.com,request,2.6-202606,openrtb.value.invalid,error,imp[0].video.skip,3.2.7
p004194,salon.com,web.ads.aps.amazon-adsystem.com,request,2.6-202606,openrtb.field.deprecated,warning,imp[0].video.placement,Section 3.2.7
p004194,salon.com,web.ads.aps.amazon-adsystem.com,request,2.6-202606,openrtb.value.invalid,error,imp[0].video.skip,3.2.7
p004196,salon.com,web.ads.aps.amazon-adsystem.com,request,2.6-202606,openrtb.field.deprecated,warning,imp[0].video.placement,Section 3.2.7
p004196,salon.com,web.ads.aps.amazon-adsystem.com,request,2.6-202606,openrtb.value.invalid,error,imp[0].video.skip,3.2.7
p004197,salon.com,web.ads.aps.amazon-adsystem.com,request,2.6-202606,openrtb.field.deprecated,warning,imp[0].video.placement,Section 3.2.7
p004197,salon.com,web.ads.aps.amazon-adsystem.com,request,2.6-202606,openrtb.value.invalid,error,imp[0].video.skip,3.2.7
p004198,vice.com,web.ads.aps.amazon-adsystem.com,request,2.6-202606,openrtb.field.undefined,error,imp[0].battr,3.2.4
p004198,vice.com,web.ads.aps.amazon-adsystem.com,request,2.6-202606,openrtb.field.undefined,error,imp[1].battr,3.2.4
p004198,vice.com,web.ads.aps.amazon-adsystem.com,request,2.6-202606,openrtb.field.undefined,error,imp[2].battr,3.2.4
p004199,vice.com,web.ads.aps.amazon-adsystem.com,request,2.6-202606,openrtb.field.undefined,error,imp[0].battr,3.2.4
p004199,vice.com,web.ads.aps.amazon-adsystem.com,request,2.6-202606,openrtb.field.undefined,error,imp[1].battr,3.2.4
p004201,webdesignerdepot.com,web.ads.aps.amazon-adsystem.com,request,2.6-202606,openrtb.field.deprecated,warning,imp[0].video.placement,Section 3.2.7
p004201,webdesignerdepot.com,web.ads.aps.amazon-adsystem.com,request,2.6-202606,openrtb.value.invalid,error,imp[0].video.skip,3.2.7
p004202,webdesignerdepot.com,web.ads.aps.amazon-adsystem.com,request,2.6-202606,openrtb.field.deprecated,warning,imp[1].video.placement,Section 3.2.7
p004202,webdesignerdepot.com,web.ads.aps.amazon-adsystem.com,request,2.6-202606,openrtb.value.invalid,error,imp[1].video.skip,3.2.7
p004204,webdesignerdepot.com,web.ads.aps.amazon-adsystem.com,request,2.6-202606,openrtb.field.deprecated,warning,imp[0].video.placement,Section 3.2.7
p004204,webdesignerdepot.com,web.ads.aps.amazon-adsystem.com,request,2.6-202606,openrtb.value.invalid,error,imp[0].video.skip,3.2.7
p004205,webdesignerdepot.com,web.ads.aps.amazon-adsystem.com,request,2.6-202606,openrtb.field.deprecated,warning,imp[0].video.placement,Section 3.2.7
p004205,webdesignerdepot.com,web.ads.aps.amazon-adsystem.com,request,2.6-202606,openrtb.value.invalid,error,imp[0].video.skip,3.2.7
p004206,webdesignerdepot.com,web.ads.aps.amazon-adsystem.com,request,2.6-202606,openrtb.field.deprecated,warning,imp[0].video.placement,Section 3.2.7
p004206,webdesignerdepot.com,web.ads.aps.amazon-adsystem.com,request,2.6-202606,openrtb.value.invalid,error,imp[0].video.skip,3.2.7
p004207,webdesignerdepot.com,web.ads.aps.amazon-adsystem.com,request,2.6-202606,openrtb.field.deprecated,warning,imp[0].video.placement,Section 3.2.7
p004207,webdesignerdepot.com,web.ads.aps.amazon-adsystem.com,request,2.6-202606,openrtb.value.invalid,error,imp[0].video.skip,3.2.7
p004210,webdesignerdepot.com,web.ads.aps.amazon-adsystem.com,request,2.6-202606,openrtb.field.deprecated,warning,imp[0].video.placement,Section 3.2.7
p004210,webdesignerdepot.com,web.ads.aps.amazon-adsystem.com,request,2.6-202606,openrtb.value.invalid,error,imp[0].video.skip,3.2.7
p004211,webdesignerdepot.com,web.ads.aps.amazon-adsystem.com,request,2.6-202606,openrtb.field.deprecated,warning,imp[1].video.placement,Section 3.2.7
p004211,webdesignerdepot.com,web.ads.aps.amazon-adsystem.com,request,2.6-202606,openrtb.value.invalid,error,imp[1].video.skip,3.2.7
p004214,webdesignerdepot.com,web.ads.aps.amazon-adsystem.com,request,2.6-202606,openrtb.field.deprecated,warning,imp[1].video.placement,Section 3.2.7
p004214,webdesignerdepot.com,web.ads.aps.amazon-adsystem.com,request,2.6-202606,openrtb.value.invalid,error,imp[1].video.skip,3.2.7
p004215,webdesignerdepot.com,web.ads.aps.amazon-adsystem.com,request,2.6-202606,openrtb.field.deprecated,warning,imp[0].video.placement,Section 3.2.7
p004215,webdesignerdepot.com,web.ads.aps.amazon-adsystem.com,request,2.6-202606,openrtb.value.invalid,error,imp[0].video.skip,3.2.7
p004216,webdesignerdepot.com,web.ads.aps.amazon-adsystem.com,request,2.6-202606,openrtb.field.deprecated,warning,imp[0].video.placement,Section 3.2.7
p004216,webdesignerdepot.com,web.ads.aps.amazon-adsystem.com,request,2.6-202606,openrtb.value.invalid,error,imp[0].video.skip,3.2.7
p004217,webdesignerdepot.com,web.ads.aps.amazon-adsystem.com,request,2.6-202606,openrtb.field.deprecated,warning,imp[0].video.placement,Section 3.2.7
p004217,webdesignerdepot.com,web.ads.aps.amazon-adsystem.com,request,2.6-202606,openrtb.value.invalid,error,imp[0].video.skip,3.2.7
p004218,webdesignerdepot.com,web.ads.aps.amazon-adsystem.com,request,2.6-202606,openrtb.field.deprecated,warning,imp[0].video.placement,Section 3.2.7
p004218,webdesignerdepot.com,web.ads.aps.amazon-adsystem.com,request,2.6-202606,openrtb.value.invalid,error,imp[0].video.skip,3.2.7
p004220,nintendoeverything.com,web.ads.aps.amazon-adsystem.com,response,2.6-202606,openrtb.bid.adm.not_markup,warning,seatbid[0].bid[0].adm,4.2.3
p004221,nintendoeverything.com,web.ads.aps.amazon-adsystem.com,response,2.6-202606,openrtb.bid.adm.not_markup,warning,seatbid[0].bid[0].adm,4.2.3
p004222,autoguide.com,web.hb.ad.cpe.dotomi.com,request,2.6-202606,openrtb.field.moved,error,regs.ext.gdpr,Section 3.2.3
p004223,autoguide.com,web.hb.ad.cpe.dotomi.com,request,2.6-202606,openrtb.field.moved,error,regs.ext.gdpr,Section 3.2.3
p004224,autoguide.com,web.hb.ad.cpe.dotomi.com,request,2.6-202606,openrtb.field.moved,error,regs.ext.gdpr,Section 3.2.3
p004225,autoguide.com,web.hb.ad.cpe.dotomi.com,request,2.6-202606,openrtb.field.moved,error,regs.ext.gdpr,Section 3.2.3
p004226,autoguide.com,web.hb.ad.cpe.dotomi.com,request,2.6-202606,openrtb.field.moved,error,regs.ext.gdpr,Section 3.2.3
p004227,autoguide.com,web.hb.ad.cpe.dotomi.com,request,2.6-202606,openrtb.field.moved,error,regs.ext.gdpr,Section 3.2.3
p004228,autoguide.com,web.hb.ad.cpe.dotomi.com,request,2.6-202606,openrtb.field.moved,error,regs.ext.gdpr,Section 3.2.3
p004229,autoguide.com,web.hb.ad.cpe.dotomi.com,request,2.6-202606,openrtb.field.moved,error,regs.ext.gdpr,Section 3.2.3
p004230,autoguide.com,web.hb.ad.cpe.dotomi.com,request,2.6-202606,openrtb.field.moved,error,regs.ext.gdpr,Section 3.2.3
p004231,autoguide.com,web.hb.ad.cpe.dotomi.com,request,2.6-202606,openrtb.field.moved,error,regs.ext.gdpr,Section 3.2.3
p004232,autoguide.com,web.hb.ad.cpe.dotomi.com,request,2.6-202606,openrtb.field.moved,error,regs.ext.gdpr,Section 3.2.3
p004233,autoguide.com,web.hb.ad.cpe.dotomi.com,request,2.6-202606,openrtb.field.moved,error,regs.ext.gdpr,Section 3.2.3
p004234,autoguide.com,web.hb.ad.cpe.dotomi.com,request,2.6-202606,openrtb.field.moved,error,regs.ext.gdpr,Section 3.2.3
p004235,autoguide.com,web.hb.ad.cpe.dotomi.com,request,2.6-202606,openrtb.field.moved,error,regs.ext.gdpr,Section 3.2.3
p004236,autoguide.com,web.hb.ad.cpe.dotomi.com,request,2.6-202606,openrtb.field.moved,error,regs.ext.gdpr,Section 3.2.3
p004237,oneindia.com,web.hb.ad.cpe.dotomi.com,request,2.6-202606,openrtb.field.undefined,error,user.interests,3.2.20
p004238,oneindia.com,web.hb.ad.cpe.dotomi.com,request,2.6-202606,openrtb.field.undefined,error,user.interests,3.2.20
p004239,oneindia.com,web.hb.ad.cpe.dotomi.com,request,2.6-202606,openrtb.field.undefined,error,user.interests,3.2.20
p004240,oneindia.com,web.hb.ad.cpe.dotomi.com,request,2.6-202606,openrtb.field.undefined,error,user.interests,3.2.20
p004247,montgomeryadvertiser.com,www.montgomeryadvertiser.com,response,2.6-202606,openrtb.bid.mtype_missing,warning,seatbid[0].bid[0].mtype,4.2.3
p004247,montgomeryadvertiser.com,www.montgomeryadvertiser.com,response,2.6-202606,openrtb.bid.mtype_missing,warning,seatbid[1].bid[0].mtype,4.2.3
p004248,montgomeryadvertiser.com,www.montgomeryadvertiser.com,response,2.6-202606,openrtb.bid.mtype_missing,warning,seatbid[0].bid[0].mtype,4.2.3
p004251,tennessean.com,www.tennessean.com,response,2.6-202606,openrtb.bid.mtype_missing,warning,seatbid[0].bid[0].mtype,4.2.3
p004251,tennessean.com,www.tennessean.com,response,2.6-202606,openrtb.bid.mtype_missing,warning,seatbid[0].bid[1].mtype,4.2.3
p004253,haberler.com,yandex.com,request,2.6-202606,openrtb.type.mismatch,error,imp[0].id,3.2.4
p004254,haberler.com,yandex.com,request,2.6-202606,openrtb.type.mismatch,error,imp[0].id,3.2.4
p004255,haberler.com,yandex.com,request,2.6-202606,openrtb.type.mismatch,error,imp[0].id,3.2.4
p004256,haberler.com,yandex.com,request,2.6-202606,openrtb.type.mismatch,error,imp[0].id,3.2.4
p004257,haberler.com,yandex.com,request,2.6-202606,openrtb.type.mismatch,error,imp[0].id,3.2.4
p004258,haberler.com,yandex.com,request,2.6-202606,openrtb.type.mismatch,error,imp[0].id,3.2.4
p004259,haberler.com,yandex.com,request,2.6-202606,openrtb.type.mismatch,error,imp[0].id,3.2.4
p004260,haberler.com,yandex.com,request,2.6-202606,openrtb.type.mismatch,error,imp[0].id,3.2.4
p004261,haberler.com,yandex.com,request,2.6-202606,openrtb.type.mismatch,error,imp[0].id,3.2.4
p004262,haberler.com,yandex.com,request,2.6-202606,openrtb.type.mismatch,error,imp[0].id,3.2.4
p004263,haberler.com,yandex.com,request,2.6-202606,openrtb.type.mismatch,error,imp[0].id,3.2.4
p004280,sozcu.com.tr,yandex.com,request,2.6-202606,openrtb.field.moved,error,user.ext.consent,Section 3.2.20
p004281,futbol-11.com,zz43159sni.pub.tappx.com,request,2.6-202606,openrtb.field.undefined,error,bidder,3.2.1
p004281,futbol-11.com,zz43159sni.pub.tappx.com,request,2.6-202606,openrtb.type.mismatch,error,imp[0].banner.api,3.2.6
p004281,futbol-11.com,zz43159sni.pub.tappx.com,request,2.6-202606,openrtb.type.mismatch,error,imp[0].banner.format,3.2.6
p004281,futbol-11.com,zz43159sni.pub.tappx.com,request,2.6-202606,openrtb.type.mismatch,error,regs.gdpr,3.2.3
