payload_id,site,endpoint,side,best_fit_version,valid,n_issues,n_errors,n_warnings
p000001,tio.ch,20minuten-pbs.relevant-digital.com,request,2.5,False,1,1,0
p000002,tio.ch,20minuten-pbs.relevant-digital.com,request,2.5,False,1,1,0
p000003,tio.ch,20minuten-pbs.relevant-digital.com,request,2.5,False,1,1,0
p000004,tio.ch,20minuten-pbs.relevant-digital.com,request,2.5,False,1,1,0
p000005,zerohedge.com,a.ads.rmbl.ws,request,2.6-202606,True,0,0,0
p000006,zerohedge.com,a.ads.rmbl.ws,request,2.6-202606,True,0,0,0
p000007,zerohedge.com,a.ads.rmbl.ws,request,2.6-202606,True,0,0,0
p000008,zerohedge.com,a.ads.rmbl.ws,request,2.6-202606,True,0,0,0
p000009,zerohedge.com,a.ads.rmbl.ws,request,2.6-202606,True,0,0,0
p000010,zerohedge.com,a.ads.rmbl.ws,request,2.6-202606,True,0,0,0
p000011,zerohedge.com,a.ads.rmbl.ws,request,2.6-202606,True,0,0,0
p000012,chl.ca,a.bids.ws,request,2.5,False,1,1,0
p000013,chl.ca,a.bids.ws,request,2.5,False,1,1,0
p000014,futbol-11.com,a.bids.ws,request,2.5,False,2,2,0
p000015,namemc.com,a.bids.ws,request,2.5,False,2,2,0
p000016,psychcentral.com,a.bids.ws,request,2.5,False,1,1,0
p000017,purposegames.com,a.bids.ws,request,2.5,False,2,2,0
p000018,psychcentral.com,a.bids.ws,request,2.5,False,1,1,0
p000019,psychcentral.com,a.bids.ws,request,2.5,False,1,1,0
p000020,psychcentral.com,a.bids.ws,request,2.5,False,1,1,0
p000021,psychcentral.com,a.bids.ws,request,2.5,False,1,1,0
p000022,psychcentral.com,a.bids.ws,request,2.5,False,1,1,0
p000023,psychcentral.com,a.bids.ws,request,2.5,False,1,1,0
p000024,purposegames.com,a.bids.ws,request,2.5,False,2,2,0
p000025,chl.ca,a.bids.ws,response,2.6-202606,True,0,0,0
p000026,chl.ca,a.bids.ws,response,2.6-202606,True,0,0,0
p000027,futbol-11.com,a.bids.ws,response,2.6-202606,True,0,0,0
p000028,namemc.com,a.bids.ws,response,2.6-202606,True,1,0,1
p000029,psychcentral.com,a.bids.ws,response,2.6-202606,True,0,0,0
p000030,purposegames.com,a.bids.ws,response,2.6-202606,True,1,0,1
p000031,psychcentral.com,a.bids.ws,response,2.6-202606,True,0,0,0
p000032,psychcentral.com,a.bids.ws,response,2.6-202606,True,0,0,0
p000033,psychcentral.com,a.bids.ws,response,2.6-202606,True,0,0,0
p000034,psychcentral.com,a.bids.ws,response,2.6-202606,True,0,0,0
p000035,psychcentral.com,a.bids.ws,response,2.6-202606,True,0,0,0
p000036,psychcentral.com,a.bids.ws,response,2.6-202606,True,0,0,0
p000037,purposegames.com,a.bids.ws,response,2.6-202606,True,0,0,0
p000038,cornucopia.se,ad.360yield.com,request,2.6-202606,False,1,1,0
p000039,cornucopia.se,ad.360yield.com,request,2.6-202606,False,1,1,0
p000040,cornucopia.se,ad.360yield.com,request,2.6-202606,False,1,1,0
p000041,barcablaugranes.com,ads.trustx.org,request,2.6-202606,False,2,1,1
p000042,barcablaugranes.com,ads.trustx.org,request,2.6-202606,False,2,1,1
p000043,barcablaugranes.com,ads.trustx.org,request,2.6-202606,False,2,1,1
p000044,eonline.com,ads.trustx.org,request,2.6-202606,True,0,0,0
p000045,eonline.com,ads.trustx.org,request,2.6-202606,True,0,0,0
p000046,eonline.com,ads.trustx.org,request,2.6-202606,True,0,0,0
p000047,eonline.com,ads.trustx.org,request,2.6-202606,True,0,0,0
p000048,eonline.com,ads.trustx.org,request,2.6-202606,True,0,0,0
p000049,eonline.com,ads.trustx.org,request,2.6-202606,True,0,0,0
p000050,eonline.com,ads.trustx.org,request,2.6-202606,True,0,0,0
p000051,eonline.com,ads.trustx.org,request,2.6-202606,True,0,0,0
p000052,nbcconnecticut.com,ads.trustx.org,request,2.6-202606,True,0,0,0
p000053,nbcconnecticut.com,ads.trustx.org,request,2.6-202606,True,0,0,0
p000054,nbcconnecticut.com,ads.trustx.org,request,2.6-202606,True,0,0,0
p000055,nbcconnecticut.com,ads.trustx.org,request,2.6-202606,True,0,0,0
p000056,nbcconnecticut.com,ads.trustx.org,request,2.6-202606,True,0,0,0
p000057,nbcconnecticut.com,ads.trustx.org,request,2.6-202606,True,0,0,0
p000058,nbcconnecticut.com,ads.trustx.org,request,2.6-202606,True,0,0,0
p000059,nbcconnecticut.com,ads.trustx.org,request,2.6-202606,True,0,0,0
p000060,nbcconnecticut.com,ads.trustx.org,request,2.6-202606,True,0,0,0
p000061,chicagotribune.com,ads.yieldmo.com,request,2.6-202606,False,3,2,1
p000062,chicagotribune.com,ads.yieldmo.com,request,2.6-202606,False,3,2,1
p000063,nesn.com,ads.yieldmo.com,request,2.6-202606,False,5,4,1
p000064,nesn.com,ads.yieldmo.com,request,2.6-202606,False,5,4,1
p000065,nesn.com,ads.yieldmo.com,request,2.6-202606,False,5,4,1
p000066,upi.com,ads.yieldmo.com,request,2.6-202606,False,5,4,1
p000067,upi.com,ads.yieldmo.com,request,2.6-202606,False,5,4,1
p000068,upi.com,ads.yieldmo.com,request,2.6-202606,False,5,4,1
p000069,mthai.com,adserver.maximus.mobkoi.com,request,2.6-202606,False,1,1,0
p000070,mthai.com,adserver.maximus.mobkoi.com,request,2.6-202606,False,1,1,0
p000071,vietstock.vn,adserver.maximus.mobkoi.com,request,2.6-202606,False,1,1,0
p000072,vietstock.vn,adserver.maximus.mobkoi.com,request,2.6-202606,False,1,1,0
p000073,cityam.com,adx.adform.net,request,2.6-202606,False,15,15,0
p000074,cityam.com,adx.adform.net,request,2.6-202606,False,12,12,0
p000075,cornucopia.se,adx.adform.net,request,2.6-202606,False,7,7,0
p000076,cornucopia.se,adx.adform.net,request,2.6-202606,False,5,5,0
p000077,cornucopia.se,adx.adform.net,request,2.6-202606,False,3,3,0
p000078,cornucopia.se,adx.adform.net,request,2.6-202606,False,3,3,0
p000079,csfd.cz,adx.adform.net,request,2.6-202606,False,2,2,0
p000080,csfd.cz,adx.adform.net,request,2.6-202606,False,2,2,0
p000081,csfd.cz,adx.adform.net,request,2.6-202606,False,8,8,0
p000082,csfd.cz,adx.adform.net,request,2.6-202606,False,8,8,0
p000083,csfd.cz,adx.adform.net,request,2.6-202606,False,8,8,0
p000084,cornucopia.se,adx.adform.net,request,2.6-202606,False,3,3,0
p000085,csfd.cz,adx.adform.net,request,2.6-202606,False,2,2,0
p000086,csfd.cz,adx.adform.net,request,2.6-202606,False,2,2,0
p000087,csfd.cz,adx.adform.net,request,2.6-202606,False,8,8,0
p000088,csfd.cz,adx.adform.net,request,2.6-202606,False,8,8,0
p000089,csfd.cz,adx.adform.net,request,2.6-202606,False,8,8,0
p000090,epravda.com.ua,adx.adform.net,request,2.6-202606,False,2,2,0
p000091,epravda.com.ua,adx.adform.net,request,2.6-202606,False,2,2,0
p000092,falstaff.com,adx.adform.net,request,2.6-202606,False,3,3,0
p000093,haberler.com,adx.adform.net,request,2.6-202606,False,2,2,0
p000094,haberler.com,adx.adform.net,request,2.6-202606,False,2,2,0
p000095,haberler.com,adx.adform.net,request,2.6-202606,False,2,2,0
p000096,haberler.com,adx.adform.net,request,2.6-202606,False,2,2,0
p000097,haberler.com,adx.adform.net,request,2.6-202606,False,2,2,0
p000098,haberler.com,adx.adform.net,request,2.6-202606,False,2,2,0
p000099,haberler.com,adx.adform.net,request,2.6-202606,False,2,2,0
p000100,haberler.com,adx.adform.net,request,2.6-202606,False,2,2,0
p000101,haberler.com,adx.adform.net,request,2.6-202606,False,2,2,0
p000102,haberler.com,adx.adform.net,request,2.6-202606,False,2,2,0
p000103,haberler.com,adx.adform.net,request,2.6-202606,False,2,2,0
p000104,mthai.com,adx.adform.net,request,2.6-202606,False,5,4,1
p000105,mthai.com,adx.adform.net,request,2.6-202606,False,6,5,1
p000106,mthai.com,adx.adform.net,request,2.6-202606,False,1,1,0
p000107,mthai.com,adx.adform.net,request,2.6-202606,False,2,2,0
p000108,mthai.com,adx.adform.net,request,2.6-202606,False,1,1,0
p000109,mthai.com,adx.adform.net,request,2.6-202606,False,1,1,0
p000110,mthai.com,adx.adform.net,request,2.6-202606,False,1,1,0
p000111,mthai.com,adx.adform.net,request,2.6-202606,False,1,1,0
p000112,prosport.ro,adx.adform.net,request,2.6-202606,False,11,11,0
p000113,prosport.ro,adx.adform.net,request,2.6-202606,False,5,5,0
p000114,sozcu.com.tr,adx.adform.net,request,2.6-202606,False,8,8,0
p000115,sozcu.com.tr,adx.adform.net,request,2.6-202606,False,1,1,0
p000116,sozcu.com.tr,adx.adform.net,request,2.6-202606,False,2,2,0
p000117,sozcu.com.tr,adx.adform.net,request,2.6-202606,False,2,2,0
p000118,sozcu.com.tr,adx.adform.net,request,2.6-202606,False,2,2,0
p000119,sozcu.com.tr,adx.adform.net,request,2.6-202606,False,5,4,1
p000120,sozcu.com.tr,adx.adform.net,request,2.6-202606,False,8,8,0
p000121,sozcu.com.tr,adx.adform.net,request,2.6-202606,False,2,2,0
p000122,sozcu.com.tr,adx.adform.net,request,2.6-202606,False,2,2,0
p000123,sozcu.com.tr,adx.adform.net,request,2.6-202606,False,2,1,1
p000124,sozcu.com.tr,adx.adform.net,request,2.6-202606,False,2,1,1
p000125,sozcu.com.tr,adx.adform.net,request,2.6-202606,False,3,2,1
p000126,tio.ch,adx.adform.net,request,2.6-202606,False,4,3,1
p000127,tio.ch,adx.adform.net,request,2.6-202606,False,4,3,1
p000128,tio.ch,adx.adform.net,request,2.6-202606,False,2,2,0
p000129,tio.ch,adx.adform.net,request,2.6-202606,False,2,2,0
p000130,tio.ch,adx.adform.net,request,2.6-202606,False,2,2,0
p000131,tio.ch,adx.adform.net,request,2.6-202606,False,2,2,0
p000132,tio.ch,adx.adform.net,request,2.6-202606,False,2,2,0
p000133,tio.ch,adx.adform.net,request,2.6-202606,False,2,2,0
p000134,tio.ch,adx.adform.net,request,2.6-202606,False,2,2,0
p000135,tio.ch,adx.adform.net,request,2.6-202606,False,2,2,0
p000136,tio.ch,adx.adform.net,request,2.6-202606,False,2,2,0
p000137,tio.ch,adx.adform.net,request,2.6-202606,False,2,2,0
p000138,tio.ch,adx.adform.net,request,2.6-202606,False,2,2,0
p000139,tio.ch,adx.adform.net,request,2.6-202606,False,2,2,0
p000140,cornucopia.se,adx.adform.net,response,2.6-202606,True,1,0,1
p000141,cornucopia.se,adx.adform.net,response,2.6-202606,True,1,0,1
p000142,elespectador.com,adx2.adform.net,request,2.6-202606,False,4,2,2
p000143,elespectador.com,adx2.adform.net,request,2.6-202606,False,4,2,2
p000144,elespectador.com,adx2.adform.net,request,2.6-202606,False,4,2,2
p000145,nesn.com,amspbs.com,request,2.6-202606,True,0,0,0
p000146,nesn.com,amspbs.com,request,2.6-202606,True,0,0,0
p000147,nesn.com,amspbs.com,request,2.6-202606,True,0,0,0
p000148,cityam.com,ap.lijit.com,request,2.6-202606,False,1,1,0
p000149,cityam.com,ap.lijit.com,request,2.6-202606,False,1,1,0
p000150,cityam.com,ap.lijit.com,request,2.6-202606,False,1,1,0
p000151,cityam.com,ap.lijit.com,request,2.6-202606,False,1,1,0
p000152,cityam.com,ap.lijit.com,request,2.6-202606,False,1,1,0
p000153,cityam.com,ap.lijit.com,request,2.6-202606,False,1,1,0
p000154,cityam.com,ap.lijit.com,request,2.6-202606,False,1,1,0
p000155,cityam.com,ap.lijit.com,request,2.6-202606,False,1,1,0
p000156,cityam.com,ap.lijit.com,request,2.6-202606,False,1,1,0
p000157,cityam.com,ap.lijit.com,request,2.6-202606,False,1,1,0
p000158,cycletrader.com,ap.lijit.com,request,2.6-202606,False,4,4,0
p000159,cycletrader.com,ap.lijit.com,request,2.6-202606,False,3,3,0
p000160,cycletrader.com,ap.lijit.com,request,2.6-202606,False,4,4,0
p000161,cycletrader.com,ap.lijit.com,request,2.6-202606,False,4,4,0
p000162,cycletrader.com,ap.lijit.com,request,2.6-202606,False,14,14,0
p000163,elespectador.com,ap.lijit.com,request,2.6-202606,False,8,6,2
p000164,elespectador.com,ap.lijit.com,request,2.6-202606,False,4,4,0
p000165,elespectador.com,ap.lijit.com,request,2.6-202606,False,3,3,0
p000166,elespectador.com,ap.lijit.com,request,2.6-202606,False,3,3,0
p000167,elespectador.com,ap.lijit.com,request,2.6-202606,False,4,4,0
p000168,elespectador.com,ap.lijit.com,request,2.6-202606,False,3,3,0
p000169,elespectador.com,ap.lijit.com,request,2.6-202606,False,8,6,2
p000170,elespectador.com,ap.lijit.com,request,2.6-202606,False,3,3,0
p000171,elespectador.com,ap.lijit.com,request,2.6-202606,False,3,3,0
p000172,elespectador.com,ap.lijit.com,request,2.6-202606,False,8,6,2
p000173,elespectador.com,ap.lijit.com,request,2.6-202606,False,3,3,0
p000174,elespectador.com,ap.lijit.com,request,2.6-202606,False,4,4,0
p000175,epravda.com.ua,ap.lijit.com,request,2.6-202606,False,1,1,0
p000176,epravda.com.ua,ap.lijit.com,request,2.6-202606,False,1,1,0
p000177,fox11online.com,ap.lijit.com,request,2.6-202606,False,1,1,0
p000178,fox11online.com,ap.lijit.com,request,2.6-202606,False,1,1,0
p000179,fox11online.com,ap.lijit.com,request,2.6-202606,False,1,1,0
p000180,fox11online.com,ap.lijit.com,request,2.6-202606,False,1,1,0
p000181,fox11online.com,ap.lijit.com,request,2.6-202606,False,1,1,0
p000182,fox11online.com,ap.lijit.com,request,2.6-202606,False,1,1,0
p000183,fox11online.com,ap.lijit.com,request,2.6-202606,False,1,1,0
p000184,fox11online.com,ap.lijit.com,request,2.6-202606,False,1,1,0
p000185,fox11online.com,ap.lijit.com,request,2.6-202606,False,10,5,5
p000186,fox11online.com,ap.lijit.com,request,2.6-202606,False,12,12,0
p000187,fox11online.com,ap.lijit.com,request,2.6-202606,False,6,6,0
p000188,fox11online.com,ap.lijit.com,request,2.6-202606,False,10,5,5
p000189,fox11online.com,ap.lijit.com,request,2.6-202606,False,10,5,5
p000190,fox11online.com,ap.lijit.com,request,2.6-202606,False,10,5,5
p000191,haberler.com,ap.lijit.com,request,2.6-202606,False,1,1,0
p000192,haberler.com,ap.lijit.com,request,2.6-202606,False,1,1,0
p000193,haberler.com,ap.lijit.com,request,2.6-202606,False,1,1,0
p000194,haberler.com,ap.lijit.com,request,2.6-202606,False,1,1,0
p000195,howlongtobeat.com,ap.lijit.com,request,2.6-202606,False,4,4,0
p000196,moly.hu,ap.lijit.com,request,2.6-202606,False,11,11,0
p000197,moly.hu,ap.lijit.com,request,2.6-202606,False,8,8,0
p000198,mthai.com,ap.lijit.com,request,2.6-202606,False,1,1,0
p000199,mthai.com,ap.lijit.com,request,2.6-202606,False,1,1,0
p000200,mthai.com,ap.lijit.com,request,2.6-202606,False,1,1,0
p000201,mthai.com,ap.lijit.com,request,2.6-202606,False,1,1,0
p000202,myjoyonline.com,ap.lijit.com,request,2.6-202606,False,2,2,0
p000203,nationaltoday.com,ap.lijit.com,request,2.6-202606,False,14,14,0
p000204,nationaltoday.com,ap.lijit.com,request,2.6-202606,False,4,4,0
p000205,nationaltoday.com,ap.lijit.com,request,2.6-202606,False,11,11,0
p000206,nationaltoday.com,ap.lijit.com,request,2.6-202606,False,4,4,0
p000207,nesn.com,ap.lijit.com,request,2.6-202606,False,1,1,0
p000208,nesn.com,ap.lijit.com,request,2.6-202606,False,1,1,0
p000209,nesn.com,ap.lijit.com,request,2.6-202606,False,3,3,0
p000210,sozcu.com.tr,ap.lijit.com,request,2.6-202606,False,2,1,1
p000211,teletica.com,ap.lijit.com,request,2.6-202606,False,3,3,0
p000212,teletica.com,ap.lijit.com,request,2.6-202606,False,3,3,0
p000213,teletica.com,ap.lijit.com,request,2.6-202606,False,3,3,0
p000214,teletica.com,ap.lijit.com,request,2.6-202606,False,3,3,0
p000215,upi.com,ap.lijit.com,request,2.6-202606,False,7,7,0
p000216,upi.com,ap.lijit.com,request,2.6-202606,False,1,1,0
p000217,upi.com,ap.lijit.com,request,2.6-202606,False,1,1,0
p000218,upi.com,ap.lijit.com,request,2.6-202606,False,1,1,0
p000219,urbandictionary.com,ap.lijit.com,request,2.6-202606,False,3,3,0
p000220,urbandictionary.com,ap.lijit.com,request,2.6-202606,False,1,1,0
p000221,urbandictionary.com,ap.lijit.com,request,2.6-202606,False,1,1,0
p000222,upi.com,ap.lijit.com,request,2.6-202606,False,4,4,0
p000223,zeldadungeon.net,ap.lijit.com,request,2.6-202606,False,2,2,0
p000224,epravda.com.ua,ap.lijit.com,response,2.6-202606,True,0,0,0
p000225,cityam.com,api.w.inmobi.com,request,2.6-202606,True,0,0,0
p000226,cityam.com,api.w.inmobi.com,request,2.6-202606,True,0,0,0
p000227,cityam.com,api.w.inmobi.com,request,2.6-202606,True,0,0,0
p000228,cityam.com,api.w.inmobi.com,request,2.6-202606,True,0,0,0
p000229,cityam.com,api.w.inmobi.com,request,2.6-202606,True,0,0,0
p000230,cityam.com,api.w.inmobi.com,request,2.6-202606,True,0,0,0
p000231,cityam.com,api.w.inmobi.com,request,2.6-202606,True,0,0,0
p000232,cityam.com,api.w.inmobi.com,request,2.6-202606,True,0,0,0
p000233,cityam.com,api.w.inmobi.com,request,2.6-202606,True,0,0,0
p000234,cityam.com,api.w.inmobi.com,request,2.6-202606,True,0,0,0
p000235,mthai.com,api.w.inmobi.com,request,2.6-202606,True,0,0,0
p000236,mthai.com,api.w.inmobi.com,request,2.6-202606,True,0,0,0
p000237,mthai.com,api.w.inmobi.com,request,2.6-202606,True,0,0,0
p000238,mthai.com,api.w.inmobi.com,request,2.6-202606,True,0,0,0
p000239,oneindia.com,api.w.inmobi.com,request,2.6-202606,False,1,1,0
p000240,oneindia.com,api.w.inmobi.com,request,2.6-202606,False,1,1,0
p000241,oneindia.com,api.w.inmobi.com,request,2.6-202606,False,1,1,0
p000242,oneindia.com,api.w.inmobi.com,request,2.6-202606,False,1,1,0
p000243,philstar.com,api.w.inmobi.com,request,2.6-202606,True,0,0,0
p000244,philstar.com,api.w.inmobi.com,request,2.6-202606,True,0,0,0
p000245,realtimetrains.co.uk,api.w.inmobi.com,request,2.6-202606,True,0,0,0
p000246,realtimetrains.co.uk,api.w.inmobi.com,request,2.6-202606,True,0,0,0
p000247,socialblade.com,api.w.inmobi.com,request,2.6-202606,False,9,8,1
p000248,urbandictionary.com,api.w.inmobi.com,request,2.6-202606,True,0,0,0
p000249,urbandictionary.com,api.w.inmobi.com,request,2.6-202606,True,0,0,0
p000250,urbandictionary.com,api.w.inmobi.com,request,2.6-202606,True,0,0,0
p000251,vice.com,api.w.inmobi.com,request,2.6-202606,False,3,3,0
p000252,vice.com,api.w.inmobi.com,request,2.6-202606,False,2,2,0
p000253,vietstock.vn,api.w.inmobi.com,request,2.6-202606,True,0,0,0
p000254,vietstock.vn,api.w.inmobi.com,request,2.6-202606,True,0,0,0
p000255,mthai.com,api.w.inmobi.com,response,2.6-202606,True,0,0,0
p000256,tio.ch,app.readpeak.com,request,2.5,False,1,1,0
p000257,tio.ch,app.readpeak.com,request,2.5,False,1,1,0
p000258,tio.ch,app.readpeak.com,request,2.5,False,1,1,0
p000259,tio.ch,app.readpeak.com,request,2.5,False,1,1,0
p000260,vivitusuerte.com,b1-euc1.outbrain.com,request,2.6-202606,True,0,0,0
p000261,thesun.ie,b1h.outbrain.com,request,2.6-202606,True,0,0,0
p000262,thesun.ie,b1h.outbrain.com,request,2.6-202606,True,0,0,0
p000263,thesun.ie,b1h.outbrain.com,request,2.6-202606,True,0,0,0
p000264,thesun.ie,b1h.outbrain.com,request,2.6-202606,True,0,0,0
p000265,thesun.ie,b1h.outbrain.com,request,2.6-202606,True,0,0,0
p000266,thesun.ie,b1h.outbrain.com,request,2.6-202606,True,0,0,0
p000267,thesun.ie,b1h.outbrain.com,request,2.6-202606,True,0,0,0
p000268,montgomeryadvertiser.com,bid.contextweb.com,request,2.6-202606,False,2,1,1
p000269,montgomeryadvertiser.com,bid.contextweb.com,request,2.6-202606,False,2,1,1
p000270,nesn.com,bid.contextweb.com,request,2.6-202606,False,2,1,1
p000271,nesn.com,bid.contextweb.com,request,2.6-202606,False,2,1,1
p000272,nesn.com,bid.contextweb.com,request,2.6-202606,False,2,1,1
p000273,chl.ca,bid.sparteo.com,request,2.6-202606,True,0,0,0
p000274,chl.ca,bid.sparteo.com,request,2.6-202606,True,0,0,0
p000275,cityam.com,bid.sparteo.com,request,2.6-202606,True,0,0,0
p000276,cityam.com,bid.sparteo.com,request,2.6-202606,True,0,0,0
p000277,cityam.com,bid.sparteo.com,request,2.6-202606,True,0,0,0
p000278,cityam.com,bid.sparteo.com,request,2.6-202606,True,0,0,0
p000279,cityam.com,bid.sparteo.com,request,2.6-202606,True,0,0,0
p000280,cityam.com,bid.sparteo.com,request,2.6-202606,True,0,0,0
p000281,cityam.com,bid.sparteo.com,request,2.6-202606,True,0,0,0
p000282,cityam.com,bid.sparteo.com,request,2.6-202606,True,0,0,0
p000283,cityam.com,bid.sparteo.com,request,2.6-202606,True,0,0,0
p000284,cityam.com,bid.sparteo.com,request,2.6-202606,True,0,0,0
p000285,cornucopia.se,bid.sparteo.com,request,2.6-202606,False,1,1,0
p000286,cornucopia.se,bid.sparteo.com,request,2.6-202606,False,1,1,0
p000287,falstaff.com,bid.sparteo.com,request,2.6-202606,False,1,1,0
p000288,haberler.com,bid.sparteo.com,request,2.6-202606,True,0,0,0
p000289,haberler.com,bid.sparteo.com,request,2.6-202606,True,0,0,0
p000290,haberler.com,bid.sparteo.com,request,2.6-202606,True,0,0,0
p000291,haberler.com,bid.sparteo.com,request,2.6-202606,True,0,0,0
p000292,mthai.com,bid.sparteo.com,request,2.6-202606,True,0,0,0
p000293,mthai.com,bid.sparteo.com,request,2.6-202606,True,0,0,0
p000294,philstar.com,bid.sparteo.com,request,2.6-202606,True,0,0,0
p000295,philstar.com,bid.sparteo.com,request,2.6-202606,True,0,0,0
p000296,realtimetrains.co.uk,bid.sparteo.com,request,2.6-202606,True,0,0,0
p000297,realtimetrains.co.uk,bid.sparteo.com,request,2.6-202606,True,0,0,0
p000298,rediff.com,bid.sparteo.com,request,2.6-202606,True,0,0,0
p000299,rediff.com,bid.sparteo.com,request,2.6-202606,True,0,0,0
p000300,vietstock.vn,bid.sparteo.com,request,2.6-202606,True,0,0,0
p000301,vietstock.vn,bid.sparteo.com,request,2.6-202606,True,0,0,0
p000302,vivitusuerte.com,bid.sparteo.com,request,2.6-202606,True,0,0,0
p000303,vivitusuerte.com,bid.sparteo.com,request,2.6-202606,False,1,1,0
p000304,vivitusuerte.com,bid.sparteo.com,request,2.6-202606,True,0,0,0
p000305,chl.ca,bid.sparteo.com,response,2.6-202606,False,1,1,0
p000306,chl.ca,bid.sparteo.com,response,2.6-202606,False,1,1,0
p000307,cityam.com,bid.sparteo.com,response,2.6-202606,False,1,1,0
p000308,cityam.com,bid.sparteo.com,response,2.6-202606,False,1,1,0
p000309,cityam.com,bid.sparteo.com,response,2.6-202606,False,1,1,0
p000310,cityam.com,bid.sparteo.com,response,2.6-202606,False,1,1,0
p000311,cityam.com,bid.sparteo.com,response,2.6-202606,False,1,1,0
p000312,cityam.com,bid.sparteo.com,response,2.6-202606,False,1,1,0
p000313,cityam.com,bid.sparteo.com,response,2.6-202606,False,1,1,0
p000314,cityam.com,bid.sparteo.com,response,2.6-202606,False,1,1,0
p000315,cityam.com,bid.sparteo.com,response,2.6-202606,False,1,1,0
p000316,cityam.com,bid.sparteo.com,response,2.6-202606,False,1,1,0
p000317,cornucopia.se,bid.sparteo.com,response,2.6-202606,False,1,1,0
p000318,cornucopia.se,bid.sparteo.com,response,2.6-202606,False,1,1,0
p000319,falstaff.com,bid.sparteo.com,response,2.6-202606,True,1,0,1
p000320,haberler.com,bid.sparteo.com,response,2.6-202606,False,1,1,0
p000321,haberler.com,bid.sparteo.com,response,2.6-202606,False,1,1,0
p000322,mthai.com,bid.sparteo.com,response,2.6-202606,False,1,1,0
p000323,mthai.com,bid.sparteo.com,response,2.6-202606,False,1,1,0
p000324,philstar.com,bid.sparteo.com,response,2.6-202606,False,1,1,0
p000325,philstar.com,bid.sparteo.com,response,2.6-202606,False,1,1,0
p000326,realtimetrains.co.uk,bid.sparteo.com,response,2.6-202606,False,1,1,0
p000327,realtimetrains.co.uk,bid.sparteo.com,response,2.6-202606,False,1,1,0
p000328,rediff.com,bid.sparteo.com,response,2.6-202606,False,1,1,0
p000329,rediff.com,bid.sparteo.com,response,2.6-202606,False,1,1,0
p000330,vietstock.vn,bid.sparteo.com,response,2.6-202606,False,1,1,0
p000331,vietstock.vn,bid.sparteo.com,response,2.6-202606,False,1,1,0
p000332,vivitusuerte.com,bid.sparteo.com,response,2.6-202606,False,1,1,0
p000333,vivitusuerte.com,bid.sparteo.com,response,2.6-202606,False,1,1,0
p000334,vivitusuerte.com,bid.sparteo.com,response,2.6-202606,False,1,1,0
p000335,barcablaugranes.com,btlr.sharethrough.com,request,2.6-202606,False,1,1,0
p000336,barcablaugranes.com,btlr.sharethrough.com,request,2.6-202606,False,1,1,0
p000337,barcablaugranes.com,btlr.sharethrough.com,request,2.6-202606,False,1,1,0
p000338,barcablaugranes.com,btlr.sharethrough.com,request,2.6-202606,False,1,1,0
p000339,barcablaugranes.com,btlr.sharethrough.com,request,2.6-202606,False,1,1,0
p000340,barcablaugranes.com,btlr.sharethrough.com,request,2.6-202606,False,1,1,0
p000341,barcablaugranes.com,btlr.sharethrough.com,request,2.6-202606,False,1,1,0
p000342,barcablaugranes.com,btlr.sharethrough.com,request,2.6-202606,False,1,1,0
p000343,barcablaugranes.com,btlr.sharethrough.com,request,2.6-202606,False,1,1,0
p000344,barcablaugranes.com,btlr.sharethrough.com,request,2.6-202606,False,1,1,0
p000345,barcablaugranes.com,btlr.sharethrough.com,request,2.6-202606,False,1,1,0
p000346,barcablaugranes.com,btlr.sharethrough.com,request,2.6-202606,False,1,1,0
p000347,barcablaugranes.com,btlr.sharethrough.com,request,2.6-202606,False,1,1,0
p000348,barcablaugranes.com,btlr.sharethrough.com,request,2.6-202606,False,1,1,0
p000349,coindesk.com,btlr.sharethrough.com,request,2.6-202606,False,1,1,0
p000350,coindesk.com,btlr.sharethrough.com,request,2.6-202606,False,1,1,0
p000351,coindesk.com,btlr.sharethrough.com,request,2.6-202606,False,1,1,0
p000352,coindesk.com,btlr.sharethrough.com,request,2.6-202606,False,1,1,0
p000353,coindesk.com,btlr.sharethrough.com,request,2.6-202606,False,1,1,0
p000354,coindesk.com,btlr.sharethrough.com,request,2.6-202606,False,1,1,0
p000355,coindesk.com,btlr.sharethrough.com,request,2.6-202606,False,1,1,0
p000356,coindesk.com,btlr.sharethrough.com,request,2.6-202606,False,1,1,0
p000357,coindesk.com,btlr.sharethrough.com,request,2.6-202606,False,1,1,0
p000358,coindesk.com,btlr.sharethrough.com,request,2.6-202606,False,1,1,0
p000359,cupofjo.com,btlr.sharethrough.com,request,2.6-202606,False,1,1,0
p000360,cupofjo.com,btlr.sharethrough.com,request,2.6-202606,False,1,1,0
p000361,cupofjo.com,btlr.sharethrough.com,request,2.6-202606,False,1,1,0
p000362,cupofjo.com,btlr.sharethrough.com,request,2.6-202606,False,1,1,0
p000363,cupofjo.com,btlr.sharethrough.com,request,2.6-202606,False,3,2,1
p000364,cupofjo.com,btlr.sharethrough.com,request,2.6-202606,False,3,2,1
p000365,dailykos.com,btlr.sharethrough.com,request,2.6-202606,False,1,1,0
p000366,dailykos.com,btlr.sharethrough.com,request,2.6-202606,False,1,1,0
p000367,dailykos.com,btlr.sharethrough.com,request,2.6-202606,False,1,1,0
p000368,dailykos.com,btlr.sharethrough.com,request,2.6-202606,False,1,1,0
p000369,dailykos.com,btlr.sharethrough.com,request,2.6-202606,False,1,1,0
p000370,dailykos.com,btlr.sharethrough.com,request,2.6-202606,False,1,1,0
p000371,dailykos.com,btlr.sharethrough.com,request,2.6-202606,False,1,1,0
p000372,dailykos.com,btlr.sharethrough.com,request,2.6-202606,False,1,1,0
p000373,dailykos.com,btlr.sharethrough.com,request,2.6-202606,False,1,1,0
p000374,dailykos.com,btlr.sharethrough.com,request,2.6-202606,False,1,1,0
p000375,dailykos.com,btlr.sharethrough.com,request,2.6-202606,False,1,1,0
p000376,dailykos.com,btlr.sharethrough.com,request,2.6-202606,False,1,1,0
p000377,dailykos.com,btlr.sharethrough.com,request,2.6-202606,False,1,1,0
p000378,dailykos.com,btlr.sharethrough.com,request,2.6-202606,False,1,1,0
p000379,elespectador.com,btlr.sharethrough.com,request,2.6-202606,False,3,3,0
p000380,elespectador.com,btlr.sharethrough.com,request,2.6-202606,False,5,4,1
p000381,elespectador.com,btlr.sharethrough.com,request,2.6-202606,False,5,4,1
p000382,elespectador.com,btlr.sharethrough.com,request,2.6-202606,False,3,3,0
p000383,elespectador.com,btlr.sharethrough.com,request,2.6-202606,False,5,4,1
p000384,elespectador.com,btlr.sharethrough.com,request,2.6-202606,False,5,4,1
p000385,elespectador.com,btlr.sharethrough.com,request,2.6-202606,False,3,3,0
p000386,elespectador.com,btlr.sharethrough.com,request,2.6-202606,False,5,4,1
p000387,elespectador.com,btlr.sharethrough.com,request,2.6-202606,False,5,4,1
p000388,fox11online.com,btlr.sharethrough.com,request,2.6-202606,False,4,3,1
p000389,fox11online.com,btlr.sharethrough.com,request,2.6-202606,False,2,2,0
p000390,fox11online.com,btlr.sharethrough.com,request,2.6-202606,False,2,2,0
p000391,fox11online.com,btlr.sharethrough.com,request,2.6-202606,False,2,2,0
p000392,fox11online.com,btlr.sharethrough.com,request,2.6-202606,False,2,2,0
p000393,fox11online.com,btlr.sharethrough.com,request,2.6-202606,False,2,2,0
p000394,fox11online.com,btlr.sharethrough.com,request,2.6-202606,False,2,2,0
p000395,fox11online.com,btlr.sharethrough.com,request,2.6-202606,False,2,2,0
p000396,fox11online.com,btlr.sharethrough.com,request,2.6-202606,False,2,2,0
p000397,fox11online.com,btlr.sharethrough.com,request,2.6-202606,False,4,3,1
p000398,fox11online.com,btlr.sharethrough.com,request,2.6-202606,False,2,2,0
p000399,fox11online.com,btlr.sharethrough.com,request,2.6-202606,False,2,2,0
p000400,fox11online.com,btlr.sharethrough.com,request,2.6-202606,False,2,2,0
p000401,fox11online.com,btlr.sharethrough.com,request,2.6-202606,False,1,1,0
p000402,fox11online.com,btlr.sharethrough.com,request,2.6-202606,False,1,1,0
p000403,fox11online.com,btlr.sharethrough.com,request,2.6-202606,False,1,1,0
p000404,halfbakedharvest.com,btlr.sharethrough.com,request,2.6-202606,False,1,1,0
p000405,halfbakedharvest.com,btlr.sharethrough.com,request,2.6-202606,False,1,1,0
p000406,halfbakedharvest.com,btlr.sharethrough.com,request,2.6-202606,False,3,2,1
p000407,halfbakedharvest.com,btlr.sharethrough.com,request,2.6-202606,False,1,1,0
p000408,halfbakedharvest.com,btlr.sharethrough.com,request,2.6-202606,False,3,2,1
p000409,halfbakedharvest.com,btlr.sharethrough.com,request,2.6-202606,False,1,1,0
p000410,halfbakedharvest.com,btlr.sharethrough.com,request,2.6-202606,False,1,1,0
p000411,halfbakedharvest.com,btlr.sharethrough.com,request,2.6-202606,False,1,1,0
p000412,halfbakedharvest.com,btlr.sharethrough.com,request,2.6-202606,False,3,2,1
p000413,halfbakedharvest.com,btlr.sharethrough.com,request,2.6-202606,False,3,2,1
p000414,iheart.com,btlr.sharethrough.com,request,2.6-202606,False,1,1,0
p000415,iheart.com,btlr.sharethrough.com,request,2.6-202606,False,3,2,1
p000416,iheart.com,btlr.sharethrough.com,request,2.6-202606,False,1,1,0
p000417,iheart.com,btlr.sharethrough.com,request,2.6-202606,False,3,2,1
p000418,iheart.com,btlr.sharethrough.com,request,2.6-202606,False,1,1,0
p000419,mthai.com,btlr.sharethrough.com,request,2.6-202606,False,1,1,0
p000420,mthai.com,btlr.sharethrough.com,request,2.6-202606,False,1,1,0
p000421,mthai.com,btlr.sharethrough.com,request,2.6-202606,False,1,1,0
p000422,mthai.com,btlr.sharethrough.com,request,2.6-202606,False,1,1,0
p000423,nesn.com,btlr.sharethrough.com,request,2.6-202606,False,2,2,0
p000424,nesn.com,btlr.sharethrough.com,request,2.6-202606,False,1,1,0
p000425,nesn.com,btlr.sharethrough.com,request,2.6-202606,False,1,1,0
p000426,nesn.com,btlr.sharethrough.com,request,2.6-202606,False,2,2,0
p000427,ranker.com,btlr.sharethrough.com,request,2.6-202606,False,1,1,0
p000428,salon.com,btlr.sharethrough.com,request,2.6-202606,False,1,1,0
p000429,salon.com,btlr.sharethrough.com,request,2.6-202606,False,1,1,0
p000430,socialblade.com,btlr.sharethrough.com,request,2.6-202606,False,1,1,0
p000431,socialblade.com,btlr.sharethrough.com,request,2.6-202606,False,1,1,0
p000432,socialblade.com,btlr.sharethrough.com,request,2.6-202606,False,1,1,0
p000433,socialblade.com,btlr.sharethrough.com,request,2.6-202606,False,1,1,0
p000434,socialblade.com,btlr.sharethrough.com,request,2.6-202606,False,1,1,0
p000435,socialblade.com,btlr.sharethrough.com,request,2.6-202606,False,1,1,0
p000436,socialblade.com,btlr.sharethrough.com,request,2.6-202606,False,3,2,1
p000437,salon.com,btlr.sharethrough.com,request,2.6-202606,False,1,1,0
p000438,salon.com,btlr.sharethrough.com,request,2.6-202606,False,1,1,0
p000439,salon.com,btlr.sharethrough.com,request,2.6-202606,False,1,1,0
p000440,salon.com,btlr.sharethrough.com,request,2.6-202606,False,3,2,1
p000441,salon.com,btlr.sharethrough.com,request,2.6-202606,False,1,1,0
p000442,salon.com,btlr.sharethrough.com,request,2.6-202606,False,3,2,1
p000443,salon.com,btlr.sharethrough.com,request,2.6-202606,False,1,1,0
p000444,salon.com,btlr.sharethrough.com,request,2.6-202606,False,3,2,1
p000445,salon.com,btlr.sharethrough.com,request,2.6-202606,False,1,1,0
p000446,salon.com,btlr.sharethrough.com,request,2.6-202606,False,1,1,0
p000447,salon.com,btlr.sharethrough.com,request,2.6-202606,False,1,1,0
p000448,salon.com,btlr.sharethrough.com,request,2.6-202606,False,1,1,0
p000449,salon.com,btlr.sharethrough.com,request,2.6-202606,False,1,1,0
p000450,salon.com,btlr.sharethrough.com,request,2.6-202606,False,3,2,1
p000451,salon.com,btlr.sharethrough.com,request,2.6-202606,False,1,1,0
p000452,salon.com,btlr.sharethrough.com,request,2.6-202606,False,3,2,1
p000453,salon.com,btlr.sharethrough.com,request,2.6-202606,False,3,2,1
p000454,upi.com,btlr.sharethrough.com,request,2.6-202606,True,0,0,0
p000455,upi.com,btlr.sharethrough.com,request,2.6-202606,True,0,0,0
p000456,upi.com,btlr.sharethrough.com,request,2.6-202606,True,0,0,0
p000457,upi.com,btlr.sharethrough.com,request,2.6-202606,True,0,0,0
p000458,upi.com,btlr.sharethrough.com,request,2.6-202606,True,0,0,0
p000459,upi.com,btlr.sharethrough.com,request,2.6-202606,True,0,0,0
p000460,upi.com,btlr.sharethrough.com,request,2.6-202606,True,0,0,0
p000461,upi.com,btlr.sharethrough.com,request,2.6-202606,True,0,0,0
p000462,upi.com,btlr.sharethrough.com,request,2.6-202606,True,0,0,0
p000463,upi.com,btlr.sharethrough.com,request,2.6-202606,True,0,0,0
p000464,urbandictionary.com,btlr.sharethrough.com,request,2.6-202606,False,1,1,0
p000465,urbandictionary.com,btlr.sharethrough.com,request,2.6-202606,False,1,1,0
p000466,urbandictionary.com,btlr.sharethrough.com,request,2.6-202606,False,1,1,0
p000467,urbandictionary.com,btlr.sharethrough.com,request,2.6-202606,False,1,1,0
p000468,urbandictionary.com,btlr.sharethrough.com,request,2.6-202606,False,1,1,0
p000469,upi.com,btlr.sharethrough.com,request,2.6-202606,True,0,0,0
p000470,upi.com,btlr.sharethrough.com,request,2.6-202606,True,0,0,0
p000471,upi.com,btlr.sharethrough.com,request,2.6-202606,True,0,0,0
p000472,upi.com,btlr.sharethrough.com,request,2.6-202606,True,0,0,0
p000473,vice.com,btlr.sharethrough.com,request,2.6-202606,True,0,0,0
p000474,vice.com,btlr.sharethrough.com,request,2.6-202606,True,0,0,0
p000475,vice.com,btlr.sharethrough.com,request,2.6-202606,True,0,0,0
p000476,vice.com,btlr.sharethrough.com,request,2.6-202606,True,0,0,0
p000477,webdesignerdepot.com,btlr.sharethrough.com,request,2.6-202606,False,1,1,0
p000478,webdesignerdepot.com,btlr.sharethrough.com,request,2.6-202606,False,3,2,1
p000479,webdesignerdepot.com,btlr.sharethrough.com,request,2.6-202606,False,1,1,0
p000480,webdesignerdepot.com,btlr.sharethrough.com,request,2.6-202606,False,3,2,1
p000481,webdesignerdepot.com,btlr.sharethrough.com,request,2.6-202606,False,1,1,0
p000482,webdesignerdepot.com,btlr.sharethrough.com,request,2.6-202606,False,3,2,1
p000483,webdesignerdepot.com,btlr.sharethrough.com,request,2.6-202606,False,1,1,0
p000484,webdesignerdepot.com,btlr.sharethrough.com,request,2.6-202606,False,1,1,0
p000485,webdesignerdepot.com,btlr.sharethrough.com,request,2.6-202606,False,3,2,1
p000486,webdesignerdepot.com,btlr.sharethrough.com,request,2.6-202606,False,1,1,0
p000487,webdesignerdepot.com,btlr.sharethrough.com,request,2.6-202606,False,3,2,1
p000488,webdesignerdepot.com,btlr.sharethrough.com,request,2.6-202606,False,1,1,0
p000489,webdesignerdepot.com,btlr.sharethrough.com,request,2.6-202606,False,1,1,0
p000490,webdesignerdepot.com,btlr.sharethrough.com,request,2.6-202606,False,1,1,0
p000491,webdesignerdepot.com,btlr.sharethrough.com,request,2.6-202606,False,3,2,1
p000492,webdesignerdepot.com,btlr.sharethrough.com,request,2.6-202606,False,3,2,1
p000493,webdesignerdepot.com,btlr.sharethrough.com,request,2.6-202606,False,3,2,1
p000494,webdesignerdepot.com,btlr.sharethrough.com,request,2.6-202606,False,3,2,1
p000495,autoguide.com,c2shb.pubgw.yahoo.com,request,2.6-202606,False,1,1,0
p000496,autoguide.com,c2shb.pubgw.yahoo.com,request,2.6-202606,False,1,1,0
p000497,autoguide.com,c2shb.pubgw.yahoo.com,request,2.6-202606,False,1,1,0
p000498,autoguide.com,c2shb.pubgw.yahoo.com,request,2.6-202606,False,1,1,0
p000499,autoguide.com,c2shb.pubgw.yahoo.com,request,2.6-202606,False,1,1,0
p000500,autoguide.com,c2shb.pubgw.yahoo.com,request,2.6-202606,False,1,1,0
p000501,autoguide.com,c2shb.pubgw.yahoo.com,request,2.6-202606,False,1,1,0
p000502,autoguide.com,c2shb.pubgw.yahoo.com,request,2.6-202606,False,1,1,0
p000503,autoguide.com,c2shb.pubgw.yahoo.com,request,2.6-202606,False,1,1,0
p000504,autoguide.com,c2shb.pubgw.yahoo.com,request,2.6-202606,False,1,1,0
p000505,autoguide.com,c2shb.pubgw.yahoo.com,request,2.6-202606,False,1,1,0
p000506,autoguide.com,c2shb.pubgw.yahoo.com,request,2.6-202606,False,1,1,0
p000507,autoguide.com,c2shb.pubgw.yahoo.com,request,2.6-202606,False,1,1,0
p000508,autoguide.com,c2shb.pubgw.yahoo.com,request,2.6-202606,False,1,1,0
p000509,autoguide.com,c2shb.pubgw.yahoo.com,request,2.6-202606,False,1,1,0
p000510,autoguide.com,c2shb.pubgw.yahoo.com,request,2.6-202606,False,1,1,0
p000511,autoguide.com,c2shb.pubgw.yahoo.com,request,2.6-202606,False,1,1,0
p000512,autoguide.com,c2shb.pubgw.yahoo.com,request,2.6-202606,False,1,1,0
p000513,autoguide.com,c2shb.pubgw.yahoo.com,request,2.6-202606,False,1,1,0
p000514,autoguide.com,c2shb.pubgw.yahoo.com,request,2.6-202606,False,1,1,0
p000515,autoguide.com,c2shb.pubgw.yahoo.com,request,2.6-202606,False,1,1,0
p000516,autoguide.com,c2shb.pubgw.yahoo.com,request,2.6-202606,False,1,1,0
p000517,autoguide.com,c2shb.pubgw.yahoo.com,request,2.6-202606,False,1,1,0
p000518,autoguide.com,c2shb.pubgw.yahoo.com,request,2.6-202606,False,1,1,0
p000519,autoguide.com,c2shb.pubgw.yahoo.com,request,2.6-202606,False,1,1,0
p000520,autoguide.com,c2shb.pubgw.yahoo.com,request,2.6-202606,False,1,1,0
p000521,autoguide.com,c2shb.pubgw.yahoo.com,request,2.6-202606,False,1,1,0
p000522,autoguide.com,c2shb.pubgw.yahoo.com,request,2.6-202606,False,1,1,0
p000523,autoguide.com,c2shb.pubgw.yahoo.com,request,2.6-202606,False,1,1,0
p000524,autoguide.com,c2shb.pubgw.yahoo.com,request,2.6-202606,False,1,1,0
p000525,autoguide.com,c2shb.pubgw.yahoo.com,request,2.6-202606,False,1,1,0
p000526,autoguide.com,c2shb.pubgw.yahoo.com,request,2.6-202606,False,1,1,0
p000527,autoguide.com,c2shb.pubgw.yahoo.com,request,2.6-202606,False,1,1,0
p000528,autoguide.com,c2shb.pubgw.yahoo.com,request,2.6-202606,False,1,1,0
p000529,autoguide.com,c2shb.pubgw.yahoo.com,request,2.6-202606,False,1,1,0
p000530,autoguide.com,c2shb.pubgw.yahoo.com,request,2.6-202606,False,1,1,0
p000531,autoguide.com,c2shb.pubgw.yahoo.com,request,2.6-202606,False,1,1,0
p000532,autoguide.com,c2shb.pubgw.yahoo.com,request,2.6-202606,False,1,1,0
p000533,autoguide.com,c2shb.pubgw.yahoo.com,request,2.6-202606,False,1,1,0
p000534,autoguide.com,c2shb.pubgw.yahoo.com,request,2.6-202606,False,1,1,0
p000535,autoguide.com,c2shb.pubgw.yahoo.com,request,2.6-202606,False,1,1,0
p000536,autoguide.com,c2shb.pubgw.yahoo.com,request,2.6-202606,False,1,1,0
p000537,barcablaugranes.com,c2shb.pubgw.yahoo.com,request,2.6-202606,False,2,2,0
p000538,barcablaugranes.com,c2shb.pubgw.yahoo.com,request,2.6-202606,False,2,2,0
p000539,barcablaugranes.com,c2shb.pubgw.yahoo.com,request,2.6-202606,False,2,2,0
p000540,barcablaugranes.com,c2shb.pubgw.yahoo.com,request,2.6-202606,False,2,2,0
p000541,barcablaugranes.com,c2shb.pubgw.yahoo.com,request,2.6-202606,False,2,2,0
p000542,barcablaugranes.com,c2shb.pubgw.yahoo.com,request,2.6-202606,False,2,2,0
p000543,barcablaugranes.com,c2shb.pubgw.yahoo.com,request,2.6-202606,False,2,2,0
p000544,barcablaugranes.com,c2shb.pubgw.yahoo.com,request,2.6-202606,False,2,2,0
p000545,barcablaugranes.com,c2shb.pubgw.yahoo.com,request,2.6-202606,False,2,2,0
p000546,barcablaugranes.com,c2shb.pubgw.yahoo.com,request,2.6-202606,False,2,2,0
p000547,barcablaugranes.com,c2shb.pubgw.yahoo.com,request,2.6-202606,False,2,2,0
p000548,barcablaugranes.com,c2shb.pubgw.yahoo.com,request,2.6-202606,False,2,2,0
p000549,barcablaugranes.com,c2shb.pubgw.yahoo.com,request,2.6-202606,False,2,2,0
p000550,barcablaugranes.com,c2shb.pubgw.yahoo.com,request,2.6-202606,False,2,2,0
p000551,chicagotribune.com,c2shb.pubgw.yahoo.com,request,2.6-202606,False,3,2,1
p000552,chicagotribune.com,c2shb.pubgw.yahoo.com,request,2.6-202606,False,3,2,1
p000553,chicagotribune.com,c2shb.pubgw.yahoo.com,request,2.6-202606,False,3,2,1
p000554,chicagotribune.com,c2shb.pubgw.yahoo.com,request,2.6-202606,False,3,2,1
p000555,chicagotribune.com,c2shb.pubgw.yahoo.com,request,2.6-202606,False,3,2,1
p000556,cupofjo.com,c2shb.pubgw.yahoo.com,request,2.6-202606,False,2,2,0
p000557,cupofjo.com,c2shb.pubgw.yahoo.com,request,2.6-202606,False,2,2,0
p000558,cupofjo.com,c2shb.pubgw.yahoo.com,request,2.6-202606,False,2,2,0
p000559,cupofjo.com,c2shb.pubgw.yahoo.com,request,2.6-202606,False,2,2,0
p000560,cupofjo.com,c2shb.pubgw.yahoo.com,request,2.6-202606,False,3,2,1
p000561,cupofjo.com,c2shb.pubgw.yahoo.com,request,2.6-202606,False,3,2,1
p000562,fncstatic.com,c2shb.pubgw.yahoo.com,request,2.6-202606,False,2,2,0
p000563,fncstatic.com,c2shb.pubgw.yahoo.com,request,2.6-202606,False,2,2,0
p000564,fncstatic.com,c2shb.pubgw.yahoo.com,request,2.6-202606,False,2,2,0
p000565,fncstatic.com,c2shb.pubgw.yahoo.com,request,2.6-202606,False,2,2,0
p000566,fncstatic.com,c2shb.pubgw.yahoo.com,request,2.6-202606,False,2,2,0
p000567,nesn.com,c2shb.pubgw.yahoo.com,request,2.6-202606,False,3,2,1
p000568,nesn.com,c2shb.pubgw.yahoo.com,request,2.6-202606,False,3,2,1
p000569,nesn.com,c2shb.pubgw.yahoo.com,request,2.6-202606,False,3,2,1
p000570,salon.com,c2shb.pubgw.yahoo.com,request,2.6-202606,False,2,2,0
p000571,salon.com,c2shb.pubgw.yahoo.com,request,2.6-202606,False,2,2,0
p000572,self.com,c2shb.pubgw.yahoo.com,request,2.6-202606,False,2,2,0
p000573,self.com,c2shb.pubgw.yahoo.com,request,2.6-202606,False,2,2,0
p000574,self.com,c2shb.pubgw.yahoo.com,request,2.6-202606,False,2,2,0
p000575,socialblade.com,c2shb.pubgw.yahoo.com,request,2.6-202606,False,1,1,0
p000576,socialblade.com,c2shb.pubgw.yahoo.com,request,2.6-202606,False,1,1,0
p000577,socialblade.com,c2shb.pubgw.yahoo.com,request,2.6-202606,False,1,1,0
p000578,socialblade.com,c2shb.pubgw.yahoo.com,request,2.6-202606,False,1,1,0
p000579,socialblade.com,c2shb.pubgw.yahoo.com,request,2.6-202606,False,1,1,0
p000580,socialblade.com,c2shb.pubgw.yahoo.com,request,2.6-202606,False,1,1,0
p000581,socialblade.com,c2shb.pubgw.yahoo.com,request,2.6-202606,False,2,1,1
p000582,salon.com,c2shb.pubgw.yahoo.com,request,2.6-202606,False,2,2,0
p000583,salon.com,c2shb.pubgw.yahoo.com,request,2.6-202606,False,2,2,0
p000584,salon.com,c2shb.pubgw.yahoo.com,request,2.6-202606,False,2,2,0
p000585,salon.com,c2shb.pubgw.yahoo.com,request,2.6-202606,False,3,2,1
p000586,salon.com,c2shb.pubgw.yahoo.com,request,2.6-202606,False,2,2,0
p000587,salon.com,c2shb.pubgw.yahoo.com,request,2.6-202606,False,3,2,1
p000588,salon.com,c2shb.pubgw.yahoo.com,request,2.6-202606,False,2,2,0
p000589,salon.com,c2shb.pubgw.yahoo.com,request,2.6-202606,False,3,2,1
p000590,salon.com,c2shb.pubgw.yahoo.com,request,2.6-202606,False,2,2,0
p000591,salon.com,c2shb.pubgw.yahoo.com,request,2.6-202606,False,2,2,0
p000592,salon.com,c2shb.pubgw.yahoo.com,request,2.6-202606,False,2,2,0
p000593,salon.com,c2shb.pubgw.yahoo.com,request,2.6-202606,False,2,2,0
p000594,salon.com,c2shb.pubgw.yahoo.com,request,2.6-202606,False,2,2,0
p000595,salon.com,c2shb.pubgw.yahoo.com,request,2.6-202606,False,3,2,1
p000596,salon.com,c2shb.pubgw.yahoo.com,request,2.6-202606,False,3,2,1
p000597,salon.com,c2shb.pubgw.yahoo.com,request,2.6-202606,False,2,2,0
p000598,salon.com,c2shb.pubgw.yahoo.com,request,2.6-202606,False,3,2,1
p000599,salon.com,c2shb.pubgw.yahoo.com,request,2.6-202606,False,3,2,1
p000600,self.com,c2shb.pubgw.yahoo.com,request,2.6-202606,False,2,2,0
p000601,self.com,c2shb.pubgw.yahoo.com,request,2.6-202606,False,2,2,0
p000602,self.com,c2shb.pubgw.yahoo.com,request,2.6-202606,False,2,2,0
p000603,self.com,c2shb.pubgw.yahoo.com,request,2.6-202606,False,2,2,0
p000604,self.com,c2shb.pubgw.yahoo.com,request,2.6-202606,False,2,2,0
p000605,self.com,c2shb.pubgw.yahoo.com,request,2.6-202606,False,2,2,0
p000606,upi.com,c2shb.pubgw.yahoo.com,request,2.6-202606,False,2,2,0
p000607,upi.com,c2shb.pubgw.yahoo.com,request,2.6-202606,False,2,2,0
p000608,upi.com,c2shb.pubgw.yahoo.com,request,2.6-202606,False,2,2,0
p000609,upi.com,c2shb.pubgw.yahoo.com,request,2.6-202606,False,2,2,0
p000610,upi.com,c2shb.pubgw.yahoo.com,request,2.6-202606,False,2,2,0
p000611,upi.com,c2shb.pubgw.yahoo.com,request,2.6-202606,False,2,2,0
p000612,upi.com,c2shb.pubgw.yahoo.com,request,2.6-202606,False,2,2,0
p000613,upi.com,c2shb.pubgw.yahoo.com,request,2.6-202606,False,2,2,0
p000614,upi.com,c2shb.pubgw.yahoo.com,request,2.6-202606,False,2,2,0
p000615,upi.com,c2shb.pubgw.yahoo.com,request,2.6-202606,False,2,2,0
p000616,upi.com,c2shb.pubgw.yahoo.com,request,2.6-202606,False,2,2,0
p000617,upi.com,c2shb.pubgw.yahoo.com,request,2.6-202606,False,2,2,0
p000618,upi.com,c2shb.pubgw.yahoo.com,request,2.6-202606,False,2,2,0
p000619,upi.com,c2shb.pubgw.yahoo.com,request,2.6-202606,False,2,2,0
p000620,upi.com,c2shb.pubgw.yahoo.com,request,2.6-202606,False,2,2,0
p000621,upi.com,c2shb.pubgw.yahoo.com,request,2.6-202606,False,2,2,0
p000622,upi.com,c2shb.pubgw.yahoo.com,request,2.6-202606,False,2,2,0
p000623,upi.com,c2shb.pubgw.yahoo.com,request,2.6-202606,False,2,2,0
p000624,upi.com,c2shb.pubgw.yahoo.com,request,2.6-202606,False,2,2,0
p000625,upi.com,c2shb.pubgw.yahoo.com,request,2.6-202606,False,2,2,0
p000626,upi.com,c2shb.pubgw.yahoo.com,request,2.6-202606,False,2,2,0
p000627,upi.com,c2shb.pubgw.yahoo.com,request,2.6-202606,False,2,2,0
p000628,upi.com,c2shb.pubgw.yahoo.com,request,2.6-202606,False,2,2,0
p000629,upi.com,c2shb.pubgw.yahoo.com,request,2.6-202606,False,1,1,0
p000630,upi.com,c2shb.pubgw.yahoo.com,request,2.6-202606,False,1,1,0
p000631,upi.com,c2shb.pubgw.yahoo.com,request,2.6-202606,False,1,1,0
p000632,upi.com,c2shb.pubgw.yahoo.com,request,2.6-202606,False,1,1,0
p000633,upi.com,c2shb.pubgw.yahoo.com,request,2.6-202606,False,1,1,0
p000634,upi.com,c2shb.pubgw.yahoo.com,request,2.6-202606,False,1,1,0
p000635,upi.com,c2shb.pubgw.yahoo.com,request,2.6-202606,False,1,1,0
p000636,upi.com,c2shb.pubgw.yahoo.com,request,2.6-202606,False,1,1,0
p000637,upi.com,c2shb.pubgw.yahoo.com,request,2.6-202606,False,1,1,0
p000638,upi.com,c2shb.pubgw.yahoo.com,request,2.6-202606,False,1,1,0
p000639,upi.com,c2shb.pubgw.yahoo.com,request,2.6-202606,False,1,1,0
p000640,upi.com,c2shb.pubgw.yahoo.com,request,2.6-202606,False,1,1,0
p000641,upi.com,c2shb.pubgw.yahoo.com,request,2.6-202606,False,1,1,0
p000642,upi.com,c2shb.pubgw.yahoo.com,request,2.6-202606,False,1,1,0
p000643,upi.com,c2shb.pubgw.yahoo.com,request,2.6-202606,False,1,1,0
p000644,upi.com,c2shb.pubgw.yahoo.com,request,2.6-202606,False,1,1,0
p000645,upi.com,c2shb.pubgw.yahoo.com,request,2.6-202606,False,1,1,0
p000646,autoguide.com,c2shb.pubgw.yahoo.com,response,2.6-202606,True,1,0,1
p000647,autoguide.com,c2shb.pubgw.yahoo.com,response,2.6-202606,True,0,0,0
p000648,autoguide.com,c2shb.pubgw.yahoo.com,response,2.6-202606,True,1,0,1
p000649,autoguide.com,c2shb.pubgw.yahoo.com,response,2.6-202606,True,1,0,1
p000650,autoguide.com,c2shb.pubgw.yahoo.com,response,2.6-202606,True,0,0,0
p000651,autoguide.com,c2shb.pubgw.yahoo.com,response,2.6-202606,True,0,0,0
p000652,autoguide.com,c2shb.pubgw.yahoo.com,response,2.6-202606,True,0,0,0
p000653,autoguide.com,c2shb.pubgw.yahoo.com,response,2.6-202606,True,1,0,1
p000654,autoguide.com,c2shb.pubgw.yahoo.com,response,2.6-202606,True,0,0,0
p000655,autoguide.com,c2shb.pubgw.yahoo.com,response,2.6-202606,True,0,0,0
p000656,autoguide.com,c2shb.pubgw.yahoo.com,response,2.6-202606,True,0,0,0
p000657,autoguide.com,c2shb.pubgw.yahoo.com,response,2.6-202606,True,0,0,0
p000658,autoguide.com,c2shb.pubgw.yahoo.com,response,2.6-202606,True,0,0,0
p000659,autoguide.com,c2shb.pubgw.yahoo.com,response,2.6-202606,True,0,0,0
p000660,autoguide.com,c2shb.pubgw.yahoo.com,response,2.6-202606,True,0,0,0
p000661,autoguide.com,c2shb.pubgw.yahoo.com,response,2.6-202606,True,0,0,0
p000662,autoguide.com,c2shb.pubgw.yahoo.com,response,2.6-202606,True,0,0,0
p000663,autoguide.com,c2shb.pubgw.yahoo.com,response,2.6-202606,True,0,0,0
p000664,autoguide.com,c2shb.pubgw.yahoo.com,response,2.6-202606,True,0,0,0
p000665,autoguide.com,c2shb.pubgw.yahoo.com,response,2.6-202606,True,1,0,1
p000666,autoguide.com,c2shb.pubgw.yahoo.com,response,2.6-202606,True,0,0,0
p000667,autoguide.com,c2shb.pubgw.yahoo.com,response,2.6-202606,True,0,0,0
p000668,autoguide.com,c2shb.pubgw.yahoo.com,response,2.6-202606,True,1,0,1
p000669,autoguide.com,c2shb.pubgw.yahoo.com,response,2.6-202606,True,0,0,0
p000670,autoguide.com,c2shb.pubgw.yahoo.com,response,2.6-202606,True,0,0,0
p000671,autoguide.com,c2shb.pubgw.yahoo.com,response,2.6-202606,True,0,0,0
p000672,autoguide.com,c2shb.pubgw.yahoo.com,response,2.6-202606,True,0,0,0
p000673,autoguide.com,c2shb.pubgw.yahoo.com,response,2.6-202606,True,0,0,0
p000674,autoguide.com,c2shb.pubgw.yahoo.com,response,2.6-202606,True,0,0,0
p000675,autoguide.com,c2shb.pubgw.yahoo.com,response,2.6-202606,True,0,0,0
p000676,autoguide.com,c2shb.pubgw.yahoo.com,response,2.6-202606,True,0,0,0
p000677,autoguide.com,c2shb.pubgw.yahoo.com,response,2.6-202606,True,0,0,0
p000678,autoguide.com,c2shb.pubgw.yahoo.com,response,2.6-202606,True,0,0,0
p000679,autoguide.com,c2shb.pubgw.yahoo.com,response,2.6-202606,True,0,0,0
p000680,autoguide.com,c2shb.pubgw.yahoo.com,response,2.6-202606,True,0,0,0
p000681,autoguide.com,c2shb.pubgw.yahoo.com,response,2.6-202606,True,0,0,0
p000682,autoguide.com,c2shb.pubgw.yahoo.com,response,2.6-202606,True,0,0,0
p000683,autoguide.com,c2shb.pubgw.yahoo.com,response,2.6-202606,True,0,0,0
p000684,autoguide.com,c2shb.pubgw.yahoo.com,response,2.6-202606,True,0,0,0
p000685,autoguide.com,c2shb.pubgw.yahoo.com,response,2.6-202606,True,0,0,0
p000686,autoguide.com,c2shb.pubgw.yahoo.com,response,2.6-202606,True,0,0,0
p000687,autoguide.com,c2shb.pubgw.yahoo.com,response,2.6-202606,True,0,0,0
p000688,barcablaugranes.com,c2shb.pubgw.yahoo.com,response,2.6-202606,True,1,0,1
p000689,barcablaugranes.com,c2shb.pubgw.yahoo.com,response,2.6-202606,True,0,0,0
p000690,barcablaugranes.com,c2shb.pubgw.yahoo.com,response,2.6-202606,True,1,0,1
p000691,barcablaugranes.com,c2shb.pubgw.yahoo.com,response,2.6-202606,True,0,0,0
p000692,barcablaugranes.com,c2shb.pubgw.yahoo.com,response,2.6-202606,True,0,0,0
p000693,barcablaugranes.com,c2shb.pubgw.yahoo.com,response,2.6-202606,True,0,0,0
p000694,barcablaugranes.com,c2shb.pubgw.yahoo.com,response,2.6-202606,True,1,0,1
p000695,barcablaugranes.com,c2shb.pubgw.yahoo.com,response,2.6-202606,True,1,0,1
p000696,barcablaugranes.com,c2shb.pubgw.yahoo.com,response,2.6-202606,True,1,0,1
p000697,barcablaugranes.com,c2shb.pubgw.yahoo.com,response,2.6-202606,True,1,0,1
p000698,barcablaugranes.com,c2shb.pubgw.yahoo.com,response,2.6-202606,True,1,0,1
p000699,barcablaugranes.com,c2shb.pubgw.yahoo.com,response,2.6-202606,True,1,0,1
p000700,barcablaugranes.com,c2shb.pubgw.yahoo.com,response,2.6-202606,True,1,0,1
p000701,barcablaugranes.com,c2shb.pubgw.yahoo.com,response,2.6-202606,True,1,0,1
p000702,chicagotribune.com,c2shb.pubgw.yahoo.com,response,2.6-202606,True,0,0,0
p000703,chicagotribune.com,c2shb.pubgw.yahoo.com,response,2.6-202606,True,0,0,0
p000704,chicagotribune.com,c2shb.pubgw.yahoo.com,response,2.6-202606,True,0,0,0
p000705,chicagotribune.com,c2shb.pubgw.yahoo.com,response,2.6-202606,True,0,0,0
p000706,chicagotribune.com,c2shb.pubgw.yahoo.com,response,2.6-202606,True,0,0,0
p000707,cupofjo.com,c2shb.pubgw.yahoo.com,response,2.6-202606,True,0,0,0
p000708,cupofjo.com,c2shb.pubgw.yahoo.com,response,2.6-202606,True,1,0,1
p000709,cupofjo.com,c2shb.pubgw.yahoo.com,response,2.6-202606,True,0,0,0
p000710,cupofjo.com,c2shb.pubgw.yahoo.com,response,2.6-202606,True,0,0,0
p000711,cupofjo.com,c2shb.pubgw.yahoo.com,response,2.6-202606,True,0,0,0
p000712,cupofjo.com,c2shb.pubgw.yahoo.com,response,2.6-202606,True,0,0,0
p000713,fncstatic.com,c2shb.pubgw.yahoo.com,response,2.6-202606,True,0,0,0
p000714,fncstatic.com,c2shb.pubgw.yahoo.com,response,2.6-202606,True,1,0,1
p000715,fncstatic.com,c2shb.pubgw.yahoo.com,response,2.6-202606,True,1,0,1
p000716,fncstatic.com,c2shb.pubgw.yahoo.com,response,2.6-202606,True,1,0,1
p000717,fncstatic.com,c2shb.pubgw.yahoo.com,response,2.6-202606,True,1,0,1
p000718,nesn.com,c2shb.pubgw.yahoo.com,response,2.6-202606,True,1,0,1
p000719,nesn.com,c2shb.pubgw.yahoo.com,response,2.6-202606,True,0,0,0
p000720,nesn.com,c2shb.pubgw.yahoo.com,response,2.6-202606,True,1,0,1
p000721,salon.com,c2shb.pubgw.yahoo.com,response,2.6-202606,True,0,0,0
p000722,salon.com,c2shb.pubgw.yahoo.com,response,2.6-202606,True,0,0,0
p000723,self.com,c2shb.pubgw.yahoo.com,response,2.6-202606,True,1,0,1
p000724,self.com,c2shb.pubgw.yahoo.com,response,2.6-202606,True,1,0,1
p000725,self.com,c2shb.pubgw.yahoo.com,response,2.6-202606,True,1,0,1
p000726,socialblade.com,c2shb.pubgw.yahoo.com,response,2.6-202606,True,0,0,0
p000727,socialblade.com,c2shb.pubgw.yahoo.com,response,2.6-202606,True,0,0,0
p000728,socialblade.com,c2shb.pubgw.yahoo.com,response,2.6-202606,True,0,0,0
p000729,socialblade.com,c2shb.pubgw.yahoo.com,response,2.6-202606,True,0,0,0
p000730,socialblade.com,c2shb.pubgw.yahoo.com,response,2.6-202606,True,0,0,0
p000731,socialblade.com,c2shb.pubgw.yahoo.com,response,2.6-202606,True,0,0,0
p000732,socialblade.com,c2shb.pubgw.yahoo.com,response,2.6-202606,True,0,0,0
p000733,salon.com,c2shb.pubgw.yahoo.com,response,2.6-202606,True,0,0,0
p000734,salon.com,c2shb.pubgw.yahoo.com,response,2.6-202606,True,1,0,1
p000735,salon.com,c2shb.pubgw.yahoo.com,response,2.6-202606,True,1,0,1
p000736,salon.com,c2shb.pubgw.yahoo.com,response,2.6-202606,True,0,0,0
p000737,salon.com,c2shb.pubgw.yahoo.com,response,2.6-202606,True,0,0,0
p000738,salon.com,c2shb.pubgw.yahoo.com,response,2.6-202606,True,0,0,0
p000739,salon.com,c2shb.pubgw.yahoo.com,response,2.6-202606,True,0,0,0
p000740,salon.com,c2shb.pubgw.yahoo.com,response,2.6-202606,True,0,0,0
p000741,salon.com,c2shb.pubgw.yahoo.com,response,2.6-202606,True,0,0,0
p000742,salon.com,c2shb.pubgw.yahoo.com,response,2.6-202606,True,0,0,0
p000743,salon.com,c2shb.pubgw.yahoo.com,response,2.6-202606,True,0,0,0
p000744,salon.com,c2shb.pubgw.yahoo.com,response,2.6-202606,True,0,0,0
p000745,salon.com,c2shb.pubgw.yahoo.com,response,2.6-202606,True,0,0,0
p000746,salon.com,c2shb.pubgw.yahoo.com,response,2.6-202606,True,0,0,0
p000747,salon.com,c2shb.pubgw.yahoo.com,response,2.6-202606,True,0,0,0
p000748,salon.com,c2shb.pubgw.yahoo.com,response,2.6-202606,True,0,0,0
p000749,salon.com,c2shb.pubgw.yahoo.com,response,2.6-202606,True,0,0,0
p000750,salon.com,c2shb.pubgw.yahoo.com,response,2.6-202606,True,0,0,0
p000751,self.com,c2shb.pubgw.yahoo.com,response,2.6-202606,True,1,0,1
p000752,self.com,c2shb.pubgw.yahoo.com,response,2.6-202606,True,1,0,1
p000753,self.com,c2shb.pubgw.yahoo.com,response,2.6-202606,True,1,0,1
p000754,self.com,c2shb.pubgw.yahoo.com,response,2.6-202606,True,1,0,1
p000755,self.com,c2shb.pubgw.yahoo.com,response,2.6-202606,True,1,0,1
p000756,self.com,c2shb.pubgw.yahoo.com,response,2.6-202606,True,1,0,1
p000757,upi.com,c2shb.pubgw.yahoo.com,response,2.6-202606,True,0,0,0
p000758,upi.com,c2shb.pubgw.yahoo.com,response,2.6-202606,True,0,0,0
p000759,upi.com,c2shb.pubgw.yahoo.com,response,2.6-202606,True,0,0,0
p000760,upi.com,c2shb.pubgw.yahoo.com,response,2.6-202606,True,0,0,0
p000761,upi.com,c2shb.pubgw.yahoo.com,response,2.6-202606,True,0,0,0
p000762,upi.com,c2shb.pubgw.yahoo.com,response,2.6-202606,True,0,0,0
p000763,upi.com,c2shb.pubgw.yahoo.com,response,2.6-202606,True,0,0,0
p000764,upi.com,c2shb.pubgw.yahoo.com,response,2.6-202606,True,0,0,0
p000765,upi.com,c2shb.pubgw.yahoo.com,response,2.6-202606,True,0,0,0
p000766,upi.com,c2shb.pubgw.yahoo.com,response,2.6-202606,True,0,0,0
p000767,upi.com,c2shb.pubgw.yahoo.com,response,2.6-202606,True,0,0,0
p000768,upi.com,c2shb.pubgw.yahoo.com,response,2.6-202606,True,0,0,0
p000769,upi.com,c2shb.pubgw.yahoo.com,response,2.6-202606,True,0,0,0
p000770,upi.com,c2shb.pubgw.yahoo.com,response,2.6-202606,True,0,0,0
p000771,upi.com,c2shb.pubgw.yahoo.com,response,2.6-202606,True,0,0,0
p000772,upi.com,c2shb.pubgw.yahoo.com,response,2.6-202606,True,0,0,0
p000773,upi.com,c2shb.pubgw.yahoo.com,response,2.6-202606,True,0,0,0
p000774,upi.com,c2shb.pubgw.yahoo.com,response,2.6-202606,True,0,0,0
p000775,upi.com,c2shb.pubgw.yahoo.com,response,2.6-202606,True,0,0,0
p000776,upi.com,c2shb.pubgw.yahoo.com,response,2.6-202606,True,0,0,0
p000777,upi.com,c2shb.pubgw.yahoo.com,response,2.6-202606,True,0,0,0
p000778,upi.com,c2shb.pubgw.yahoo.com,response,2.6-202606,True,0,0,0
p000779,upi.com,c2shb.pubgw.yahoo.com,response,2.6-202606,True,0,0,0
p000780,upi.com,c2shb.pubgw.yahoo.com,response,2.6-202606,True,0,0,0
p000781,upi.com,c2shb.pubgw.yahoo.com,response,2.6-202606,True,0,0,0
p000782,upi.com,c2shb.pubgw.yahoo.com,response,2.6-202606,True,0,0,0
p000783,upi.com,c2shb.pubgw.yahoo.com,response,2.6-202606,True,0,0,0
p000784,upi.com,c2shb.pubgw.yahoo.com,response,2.6-202606,True,0,0,0
p000785,upi.com,c2shb.pubgw.yahoo.com,response,2.6-202606,True,0,0,0
p000786,upi.com,c2shb.pubgw.yahoo.com,response,2.6-202606,True,0,0,0
p000787,upi.com,c2shb.pubgw.yahoo.com,response,2.6-202606,True,0,0,0
p000788,upi.com,c2shb.pubgw.yahoo.com,response,2.6-202606,True,0,0,0
p000789,upi.com,c2shb.pubgw.yahoo.com,response,2.6-202606,True,0,0,0
p000790,upi.com,c2shb.pubgw.yahoo.com,response,2.6-202606,True,0,0,0
p000791,upi.com,c2shb.pubgw.yahoo.com,response,2.6-202606,True,0,0,0
p000792,upi.com,c2shb.pubgw.yahoo.com,response,2.6-202606,True,0,0,0
p000793,upi.com,c2shb.pubgw.yahoo.com,response,2.6-202606,True,0,0,0
p000794,upi.com,c2shb.pubgw.yahoo.com,response,2.6-202606,True,0,0,0
p000795,upi.com,c2shb.pubgw.yahoo.com,response,2.6-202606,True,0,0,0
p000796,upi.com,c2shb.pubgw.yahoo.com,response,2.6-202606,True,0,0,0
p000797,myjoyonline.com,cpm.vuukle.net,request,2.6-202606,False,1,1,0
p000798,myjoyonline.com,cpm.vuukle.net,response,2.6-202606,True,0,0,0
p000799,csfd.cz,dale.performax.cz,request,2.6-202606,False,2,2,0
p000800,csfd.cz,dale.performax.cz,request,2.6-202606,False,2,2,0
p000801,businessinsider.com,direct.adsrvr.org,request,2.6-202606,False,1,1,0
p000802,businessinsider.com,direct.adsrvr.org,request,2.6-202606,False,1,1,0
p000803,businessinsider.com,direct.adsrvr.org,request,2.6-202606,False,1,1,0
p000804,businessinsider.com,direct.adsrvr.org,request,2.6-202606,False,1,1,0
p000805,chl.ca,direct.adsrvr.org,request,2.6-202606,False,1,1,0
p000806,chicagotribune.com,direct.adsrvr.org,request,2.6-202606,False,1,1,0
p000807,chicagotribune.com,direct.adsrvr.org,request,2.6-202606,False,1,1,0
p000808,chicagotribune.com,direct.adsrvr.org,request,2.6-202606,False,1,1,0
p000809,chicagotribune.com,direct.adsrvr.org,request,2.6-202606,False,1,1,0
p000810,chicagotribune.com,direct.adsrvr.org,request,2.6-202606,False,1,1,0
p000811,chl.ca,direct.adsrvr.org,request,2.6-202606,False,1,1,0
p000812,chicagotribune.com,direct.adsrvr.org,request,2.6-202606,False,1,1,0
p000813,chicagotribune.com,direct.adsrvr.org,request,2.6-202606,False,4,3,1
p000814,chicagotribune.com,direct.adsrvr.org,request,2.6-202606,False,3,3,0
p000815,chicagotribune.com,direct.adsrvr.org,request,2.6-202606,False,3,3,0
p000816,chicagotribune.com,direct.adsrvr.org,request,2.6-202606,False,4,3,1
p000817,coindesk.com,direct.adsrvr.org,request,2.6-202606,False,1,1,0
p000818,coindesk.com,direct.adsrvr.org,request,2.6-202606,False,1,1,0
p000819,cupofjo.com,direct.adsrvr.org,request,2.6-202606,False,1,1,0
p000820,cupofjo.com,direct.adsrvr.org,request,2.6-202606,False,1,1,0
p000821,cupofjo.com,direct.adsrvr.org,request,2.6-202606,False,1,1,0
p000822,cupofjo.com,direct.adsrvr.org,request,2.6-202606,False,1,1,0
p000823,cupofjo.com,direct.adsrvr.org,request,2.6-202606,False,3,2,1
p000824,cupofjo.com,direct.adsrvr.org,request,2.6-202606,False,3,2,1
p000825,dailykos.com,direct.adsrvr.org,request,2.6-202606,False,1,1,0
p000826,dailykos.com,direct.adsrvr.org,request,2.6-202606,False,1,1,0
p000827,dailykos.com,direct.adsrvr.org,request,2.6-202606,False,1,1,0
p000828,dailykos.com,direct.adsrvr.org,request,2.6-202606,False,1,1,0
p000829,dailykos.com,direct.adsrvr.org,request,2.6-202606,False,1,1,0
p000830,dailykos.com,direct.adsrvr.org,request,2.6-202606,False,1,1,0
p000831,dailykos.com,direct.adsrvr.org,request,2.6-202606,False,1,1,0
p000832,fncstatic.com,direct.adsrvr.org,request,2.6-202606,False,2,2,0
p000833,fncstatic.com,direct.adsrvr.org,request,2.6-202606,False,2,2,0
p000834,fncstatic.com,direct.adsrvr.org,request,2.6-202606,False,2,2,0
p000835,fncstatic.com,direct.adsrvr.org,request,2.6-202606,False,2,2,0
p000836,fncstatic.com,direct.adsrvr.org,request,2.6-202606,False,2,2,0
p000837,fncstatic.com,direct.adsrvr.org,request,2.6-202606,False,2,2,0
p000838,fncstatic.com,direct.adsrvr.org,request,2.6-202606,False,2,2,0
p000839,fox11online.com,direct.adsrvr.org,request,2.6-202606,False,3,2,1
p000840,fox11online.com,direct.adsrvr.org,request,2.6-202606,False,2,2,0
p000841,fox11online.com,direct.adsrvr.org,request,2.6-202606,False,3,2,1
p000842,fox11online.com,direct.adsrvr.org,request,2.6-202606,False,2,2,0
p000843,fox11online.com,direct.adsrvr.org,request,2.6-202606,False,2,1,1
p000844,fox11online.com,direct.adsrvr.org,request,2.6-202606,False,2,1,1
p000845,fox11online.com,direct.adsrvr.org,request,2.6-202606,False,2,1,1
p000846,giantfreakinrobot.com,direct.adsrvr.org,request,2.6-202606,True,0,0,0
p000847,giantfreakinrobot.com,direct.adsrvr.org,request,2.6-202606,True,0,0,0
p000848,giantfreakinrobot.com,direct.adsrvr.org,request,2.6-202606,True,0,0,0
p000849,giantfreakinrobot.com,direct.adsrvr.org,request,2.6-202606,True,0,0,0
p000850,giantfreakinrobot.com,direct.adsrvr.org,request,2.6-202606,False,2,1,1
p000851,giantfreakinrobot.com,direct.adsrvr.org,request,2.6-202606,True,0,0,0
p000852,giantfreakinrobot.com,direct.adsrvr.org,request,2.6-202606,True,0,0,0
p000853,giantfreakinrobot.com,direct.adsrvr.org,request,2.6-202606,True,0,0,0
p000854,halfbakedharvest.com,direct.adsrvr.org,request,2.6-202606,False,1,1,0
p000855,halfbakedharvest.com,direct.adsrvr.org,request,2.6-202606,False,1,1,0
p000856,halfbakedharvest.com,direct.adsrvr.org,request,2.6-202606,False,3,2,1
p000857,halfbakedharvest.com,direct.adsrvr.org,request,2.6-202606,False,3,2,1
p000858,halfbakedharvest.com,direct.adsrvr.org,request,2.6-202606,False,1,1,0
p000859,halfbakedharvest.com,direct.adsrvr.org,request,2.6-202606,False,1,1,0
p000860,halfbakedharvest.com,direct.adsrvr.org,request,2.6-202606,False,1,1,0
p000861,halfbakedharvest.com,direct.adsrvr.org,request,2.6-202606,False,3,2,1
p000862,halfbakedharvest.com,direct.adsrvr.org,request,2.6-202606,False,3,2,1
p000863,howlongtobeat.com,direct.adsrvr.org,request,2.6-202606,False,1,1,0
p000864,imore.com,direct.adsrvr.org,request,2.6-202606,False,2,2,0
p000865,imore.com,direct.adsrvr.org,request,2.6-202606,False,2,2,0
p000866,iheart.com,direct.adsrvr.org,request,2.6-202606,False,3,2,1
p000867,imore.com,direct.adsrvr.org,request,2.6-202606,False,2,2,0
p000868,iheart.com,direct.adsrvr.org,request,2.6-202606,False,3,2,1
p000869,kptv.com,direct.adsrvr.org,request,2.6-202606,False,1,1,0
p000870,kptv.com,direct.adsrvr.org,request,2.6-202606,False,1,1,0
p000871,kptv.com,direct.adsrvr.org,request,2.6-202606,False,1,1,0
p000872,kptv.com,direct.adsrvr.org,request,2.6-202606,False,1,1,0
p000873,kptv.com,direct.adsrvr.org,request,2.6-202606,False,1,1,0
p000874,kptv.com,direct.adsrvr.org,request,2.6-202606,False,1,1,0
p000875,kptv.com,direct.adsrvr.org,request,2.6-202606,False,1,1,0
p000876,kptv.com,direct.adsrvr.org,request,2.6-202606,False,1,1,0
p000877,kptv.com,direct.adsrvr.org,request,2.6-202606,False,1,1,0
p000878,kptv.com,direct.adsrvr.org,request,2.6-202606,False,1,1,0
p000879,kptv.com,direct.adsrvr.org,request,2.6-202606,False,1,1,0
p000880,kptv.com,direct.adsrvr.org,request,2.6-202606,False,1,1,0
p000881,kptv.com,direct.adsrvr.org,request,2.6-202606,False,1,1,0
p000882,moly.hu,direct.adsrvr.org,request,2.6-202606,False,1,1,0
p000883,moly.hu,direct.adsrvr.org,request,2.6-202606,False,1,1,0
p000884,namemc.com,direct.adsrvr.org,request,2.6-202606,False,2,2,0
p000885,namemc.com,direct.adsrvr.org,request,2.6-202606,False,2,1,1
p000886,nationaltoday.com,direct.adsrvr.org,request,2.6-202606,False,1,1,0
p000887,nationaltoday.com,direct.adsrvr.org,request,2.6-202606,False,1,1,0
p000888,namemc.com,direct.adsrvr.org,request,2.6-202606,False,2,1,1
p000889,nationaltoday.com,direct.adsrvr.org,request,2.6-202606,False,1,1,0
p000890,nationaltoday.com,direct.adsrvr.org,request,2.6-202606,False,2,1,1
p000891,nationaltoday.com,direct.adsrvr.org,request,2.6-202606,False,1,1,0
p000892,nationaltoday.com,direct.adsrvr.org,request,2.6-202606,False,2,1,1
p000893,nesn.com,direct.adsrvr.org,request,2.6-202606,False,1,1,0
p000894,nationaltoday.com,direct.adsrvr.org,request,2.6-202606,False,2,1,1
p000895,nesn.com,direct.adsrvr.org,request,2.6-202606,False,1,1,0
p000896,nesn.com,direct.adsrvr.org,request,2.6-202606,False,2,1,1
p000897,nesn.com,direct.adsrvr.org,request,2.6-202606,False,1,1,0
p000898,nesn.com,direct.adsrvr.org,request,2.6-202606,False,2,1,1
p000899,outsideonline.com,direct.adsrvr.org,request,2.6-202606,False,2,2,0
p000900,outsideonline.com,direct.adsrvr.org,request,2.6-202606,False,2,2,0
p000901,outsideonline.com,direct.adsrvr.org,request,2.6-202606,False,2,2,0
p000902,outsideonline.com,direct.adsrvr.org,request,2.6-202606,False,2,2,0
p000903,outsideonline.com,direct.adsrvr.org,request,2.6-202606,False,2,2,0
p000904,outsideonline.com,direct.adsrvr.org,request,2.6-202606,False,2,2,0
p000905,outsideonline.com,direct.adsrvr.org,request,2.6-202606,False,2,2,0
p000906,outsideonline.com,direct.adsrvr.org,request,2.6-202606,False,2,2,0
p000907,outsideonline.com,direct.adsrvr.org,request,2.6-202606,False,2,2,0
p000908,outsideonline.com,direct.adsrvr.org,request,2.6-202606,False,2,2,0
p000909,outsideonline.com,direct.adsrvr.org,request,2.6-202606,False,2,2,0
p000910,outsideonline.com,direct.adsrvr.org,request,2.6-202606,False,2,2,0
p000911,outsideonline.com,direct.adsrvr.org,request,2.6-202606,False,2,2,0
p000912,outsideonline.com,direct.adsrvr.org,request,2.6-202606,False,2,2,0
p000913,outsideonline.com,direct.adsrvr.org,request,2.6-202606,False,2,2,0
p000914,outsideonline.com,direct.adsrvr.org,request,2.6-202606,False,2,2,0
p000915,pilotonline.com,direct.adsrvr.org,request,2.6-202606,False,1,1,0
p000916,pilotonline.com,direct.adsrvr.org,request,2.6-202606,False,1,1,0
p000917,pilotonline.com,direct.adsrvr.org,request,2.6-202606,False,1,1,0
p000918,pilotonline.com,direct.adsrvr.org,request,2.6-202606,False,1,1,0
p000919,pilotonline.com,direct.adsrvr.org,request,2.6-202606,False,1,1,0
p000920,pilotonline.com,direct.adsrvr.org,request,2.6-202606,False,1,1,0
p000921,pilotonline.com,direct.adsrvr.org,request,2.6-202606,False,1,1,0
p000922,pilotonline.com,direct.adsrvr.org,request,2.6-202606,False,4,3,1
p000923,pilotonline.com,direct.adsrvr.org,request,2.6-202606,False,3,3,0
p000924,pilotonline.com,direct.adsrvr.org,request,2.6-202606,False,3,3,0
p000925,pilotonline.com,direct.adsrvr.org,request,2.6-202606,False,4,3,1
p000926,pilotonline.com,direct.adsrvr.org,request,2.6-202606,False,3,3,0
p000927,psychcentral.com,direct.adsrvr.org,request,2.6-202606,False,3,2,1
p000928,ranker.com,direct.adsrvr.org,request,2.6-202606,False,1,1,0
p000929,rawstory.com,direct.adsrvr.org,request,2.6-202606,False,3,3,0
p000930,rawstory.com,direct.adsrvr.org,request,2.6-202606,False,3,3,0
p000931,rawstory.com,direct.adsrvr.org,request,2.6-202606,False,3,3,0
p000932,rawstory.com,direct.adsrvr.org,request,2.6-202606,False,3,3,0
p000933,realtimetrains.co.uk,direct.adsrvr.org,request,2.6-202606,False,1,1,0
p000934,realtimetrains.co.uk,direct.adsrvr.org,request,2.6-202606,False,1,1,0
p000935,rawstory.com,direct.adsrvr.org,request,2.6-202606,False,3,3,0
p000936,rawstory.com,direct.adsrvr.org,request,2.6-202606,False,3,3,0
p000937,rawstory.com,direct.adsrvr.org,request,2.6-202606,False,3,3,0
p000938,rawstory.com,direct.adsrvr.org,request,2.6-202606,False,3,3,0
p000939,salon.com,direct.adsrvr.org,request,2.6-202606,False,1,1,0
p000940,salon.com,direct.adsrvr.org,request,2.6-202606,False,1,1,0
p000941,self.com,direct.adsrvr.org,request,2.6-202606,True,0,0,0
p000942,self.com,direct.adsrvr.org,request,2.6-202606,True,0,0,0
p000943,self.com,direct.adsrvr.org,request,2.6-202606,True,0,0,0
p000944,salon.com,direct.adsrvr.org,request,2.6-202606,False,1,1,0
p000945,salon.com,direct.adsrvr.org,request,2.6-202606,False,1,1,0
p000946,salon.com,direct.adsrvr.org,request,2.6-202606,False,1,1,0
p000947,salon.com,direct.adsrvr.org,request,2.6-202606,False,3,2,1
p000948,salon.com,direct.adsrvr.org,request,2.6-202606,False,1,1,0
p000949,salon.com,direct.adsrvr.org,request,2.6-202606,False,3,2,1
p000950,salon.com,direct.adsrvr.org,request,2.6-202606,False,3,2,1
p000951,salon.com,direct.adsrvr.org,request,2.6-202606,False,1,1,0
p000952,salon.com,direct.adsrvr.org,request,2.6-202606,False,1,1,0
p000953,salon.com,direct.adsrvr.org,request,2.6-202606,False,1,1,0
p000954,salon.com,direct.adsrvr.org,request,2.6-202606,False,1,1,0
p000955,salon.com,direct.adsrvr.org,request,2.6-202606,False,1,1,0
p000956,salon.com,direct.adsrvr.org,request,2.6-202606,False,3,2,1
p000957,salon.com,direct.adsrvr.org,request,2.6-202606,False,3,2,1
p000958,salon.com,direct.adsrvr.org,request,2.6-202606,False,1,1,0
p000959,salon.com,direct.adsrvr.org,request,2.6-202606,False,3,2,1
p000960,salon.com,direct.adsrvr.org,request,2.6-202606,False,3,2,1
p000961,self.com,direct.adsrvr.org,request,2.6-202606,False,1,1,0
p000962,self.com,direct.adsrvr.org,request,2.6-202606,False,1,1,0
p000963,self.com,direct.adsrvr.org,request,2.6-202606,False,1,1,0
p000964,self.com,direct.adsrvr.org,request,2.6-202606,False,1,1,0
p000965,self.com,direct.adsrvr.org,request,2.6-202606,False,1,1,0
p000966,self.com,direct.adsrvr.org,request,2.6-202606,False,1,1,0
p000967,thesun.ie,direct.adsrvr.org,request,2.6-202606,False,2,2,0
p000968,thesun.ie,direct.adsrvr.org,request,2.6-202606,False,2,2,0
p000969,thesun.ie,direct.adsrvr.org,request,2.6-202606,False,2,2,0
p000970,thesun.ie,direct.adsrvr.org,request,2.6-202606,False,2,2,0
p000971,thesun.ie,direct.adsrvr.org,request,2.6-202606,False,2,2,0
p000972,thesun.ie,direct.adsrvr.org,request,2.6-202606,False,2,2,0
p000973,thesun.ie,direct.adsrvr.org,request,2.6-202606,False,2,2,0
p000974,thesun.ie,direct.adsrvr.org,request,2.6-202606,False,3,2,1
p000975,tio.ch,direct.adsrvr.org,request,2.6-202606,False,5,4,1
p000976,tio.ch,direct.adsrvr.org,request,2.6-202606,False,3,3,0
p000977,tio.ch,direct.adsrvr.org,request,2.6-202606,False,3,3,0
p000978,tio.ch,direct.adsrvr.org,request,2.6-202606,False,3,3,0
p000979,tio.ch,direct.adsrvr.org,request,2.6-202606,False,3,3,0
p000980,treehugger.com,direct.adsrvr.org,request,2.6-202606,False,1,1,0
p000981,treehugger.com,direct.adsrvr.org,request,2.6-202606,False,1,1,0
p000982,upi.com,direct.adsrvr.org,request,2.6-202606,False,8,8,0
p000983,upi.com,direct.adsrvr.org,request,2.6-202606,False,2,2,0
p000984,upi.com,direct.adsrvr.org,request,2.6-202606,False,2,2,0
p000985,upi.com,direct.adsrvr.org,request,2.6-202606,False,2,2,0
p000986,urbandictionary.com,direct.adsrvr.org,request,2.6-202606,False,1,1,0
p000987,urbandictionary.com,direct.adsrvr.org,request,2.6-202606,False,1,1,0
p000988,urbandictionary.com,direct.adsrvr.org,request,2.6-202606,False,1,1,0
p000989,upi.com,direct.adsrvr.org,request,2.6-202606,False,5,5,0
p000990,vice.com,direct.adsrvr.org,request,2.6-202606,False,3,3,0
p000991,vice.com,direct.adsrvr.org,request,2.6-202606,False,2,2,0
p000992,webdesignerdepot.com,direct.adsrvr.org,request,2.6-202606,False,1,1,0
p000993,webdesignerdepot.com,direct.adsrvr.org,request,2.6-202606,False,3,2,1
p000994,webdesignerdepot.com,direct.adsrvr.org,request,2.6-202606,False,3,2,1
p000995,webdesignerdepot.com,direct.adsrvr.org,request,2.6-202606,False,1,1,0
p000996,zeldadungeon.net,direct.adsrvr.org,request,2.6-202606,False,1,1,0
p000997,webdesignerdepot.com,direct.adsrvr.org,request,2.6-202606,False,3,2,1
p000998,webdesignerdepot.com,direct.adsrvr.org,request,2.6-202606,False,1,1,0
p000999,webdesignerdepot.com,direct.adsrvr.org,request,2.6-202606,False,1,1,0
p001000,webdesignerdepot.com,direct.adsrvr.org,request,2.6-202606,False,3,2,1
p001001,webdesignerdepot.com,direct.adsrvr.org,request,2.6-202606,False,3,2,1
p001002,webdesignerdepot.com,direct.adsrvr.org,request,2.6-202606,False,1,1,0
p001003,webdesignerdepot.com,direct.adsrvr.org,request,2.6-202606,False,1,1,0
p001004,webdesignerdepot.com,direct.adsrvr.org,request,2.6-202606,False,3,2,1
p001005,webdesignerdepot.com,direct.adsrvr.org,request,2.6-202606,False,3,2,1
p001006,webdesignerdepot.com,direct.adsrvr.org,request,2.6-202606,False,3,2,1
p001007,webdesignerdepot.com,direct.adsrvr.org,request,2.6-202606,False,3,2,1
p001008,giantfreakinrobot.com,direct.adsrvr.org,response,2.6-202606,True,0,0,0
p001009,giantfreakinrobot.com,direct.adsrvr.org,response,2.6-202606,True,0,0,0
p001010,giantfreakinrobot.com,direct.adsrvr.org,response,2.6-202606,True,0,0,0
p001011,giantfreakinrobot.com,direct.adsrvr.org,response,2.6-202606,True,0,0,0
p001012,giantfreakinrobot.com,direct.adsrvr.org,response,2.6-202606,True,0,0,0
p001013,giantfreakinrobot.com,direct.adsrvr.org,response,2.6-202606,True,0,0,0
p001014,giantfreakinrobot.com,direct.adsrvr.org,response,2.6-202606,True,0,0,0
p001015,giantfreakinrobot.com,direct.adsrvr.org,response,2.6-202606,True,0,0,0
p001016,iheart.com,direct.adsrvr.org,response,2.6-202606,True,0,0,0
p001017,kptv.com,direct.adsrvr.org,response,2.6-202606,True,0,0,0
p001018,em.com.br,display.bidder.taboola.com,request,2.6-202606,False,15,15,0
p001019,em.com.br,display.bidder.taboola.com,request,2.6-202606,False,1,1,0
p001020,em.com.br,display.bidder.taboola.com,request,2.6-202606,False,1,1,0
p001021,em.com.br,display.bidder.taboola.com,request,2.6-202606,False,1,1,0
p001022,em.com.br,display.bidder.taboola.com,request,2.6-202606,False,15,15,0
p001023,fox11online.com,display.bidder.taboola.com,request,2.6-202606,False,1,1,0
p001024,fox11online.com,display.bidder.taboola.com,request,2.6-202606,False,1,1,0
p001025,loksatta.com,display.bidder.taboola.com,request,2.6-202606,False,8,8,0
p001026,montgomeryadvertiser.com,display.bidder.taboola.com,request,2.6-202606,True,0,0,0
p001027,montgomeryadvertiser.com,display.bidder.taboola.com,request,2.6-202606,True,0,0,0
p001028,montgomeryadvertiser.com,display.bidder.taboola.com,request,2.6-202606,True,0,0,0
p001029,montgomeryadvertiser.com,display.bidder.taboola.com,request,2.6-202606,True,0,0,0
p001030,montgomeryadvertiser.com,display.bidder.taboola.com,request,2.6-202606,True,0,0,0
p001031,montgomeryadvertiser.com,display.bidder.taboola.com,request,2.6-202606,True,0,0,0
p001032,nbcconnecticut.com,display.bidder.taboola.com,request,2.6-202606,False,2,2,0
p001033,nbcconnecticut.com,display.bidder.taboola.com,request,2.6-202606,False,2,2,0
p001034,nbcconnecticut.com,display.bidder.taboola.com,request,2.6-202606,False,2,2,0
p001035,nbcconnecticut.com,display.bidder.taboola.com,request,2.6-202606,False,2,2,0
p001036,nbcconnecticut.com,display.bidder.taboola.com,request,2.6-202606,False,2,2,0
p001037,nbcconnecticut.com,display.bidder.taboola.com,request,2.6-202606,False,2,2,0
p001038,nbcconnecticut.com,display.bidder.taboola.com,request,2.6-202606,False,2,2,0
p001039,nbcconnecticut.com,display.bidder.taboola.com,request,2.6-202606,False,2,2,0
p001040,nbcconnecticut.com,display.bidder.taboola.com,request,2.6-202606,False,2,2,0
p001041,rawstory.com,display.bidder.taboola.com,request,2.6-202606,False,2,2,0
p001042,rawstory.com,display.bidder.taboola.com,request,2.6-202606,False,2,2,0
p001043,rawstory.com,display.bidder.taboola.com,request,2.6-202606,False,2,2,0
p001044,rawstory.com,display.bidder.taboola.com,request,2.6-202606,False,2,2,0
p001045,sozcu.com.tr,display.bidder.taboola.com,request,2.6-202606,False,8,8,0
p001046,sozcu.com.tr,display.bidder.taboola.com,request,2.6-202606,False,4,4,0
p001047,sozcu.com.tr,display.bidder.taboola.com,request,2.6-202606,False,4,4,0
p001048,sozcu.com.tr,display.bidder.taboola.com,request,2.6-202606,False,4,4,0
p001049,sozcu.com.tr,display.bidder.taboola.com,request,2.6-202606,False,7,7,0
p001050,sozcu.com.tr,display.bidder.taboola.com,request,2.6-202606,False,4,4,0
p001051,sozcu.com.tr,display.bidder.taboola.com,request,2.6-202606,False,4,4,0
p001052,tennessean.com,display.bidder.taboola.com,request,2.6-202606,True,0,0,0
p001053,tennessean.com,display.bidder.taboola.com,request,2.6-202606,True,0,0,0
p001054,em.com.br,display.bidder.taboola.com,response,2.6-202606,True,11,0,11
p001055,em.com.br,display.bidder.taboola.com,response,2.6-202606,True,1,0,1
p001056,em.com.br,display.bidder.taboola.com,response,2.6-202606,True,1,0,1
p001057,em.com.br,display.bidder.taboola.com,response,2.6-202606,True,1,0,1
p001058,em.com.br,display.bidder.taboola.com,response,2.6-202606,True,5,0,5
p001059,fox11online.com,display.bidder.taboola.com,response,2.6-202606,True,1,0,1
p001060,montgomeryadvertiser.com,display.bidder.taboola.com,response,2.6-202606,True,1,0,1
p001061,tennessean.com,display.bidder.taboola.com,response,2.6-202606,True,2,0,2
p001062,autoexpress.co.uk,elb.the-ozone-project.com,request,2.5,False,1,1,0
p001063,autoexpress.co.uk,elb.the-ozone-project.com,request,2.5,False,1,1,0
p001064,autoexpress.co.uk,elb.the-ozone-project.com,request,2.5,False,1,1,0
p001065,autoexpress.co.uk,elb.the-ozone-project.com,request,2.5,False,1,1,0
p001066,autoexpress.co.uk,elb.the-ozone-project.com,request,2.5,False,1,1,0
p001067,autoexpress.co.uk,elb.the-ozone-project.com,request,2.5,False,1,1,0
p001068,autoexpress.co.uk,elb.the-ozone-project.com,request,2.5,False,1,1,0
p001069,autoexpress.co.uk,elb.the-ozone-project.com,request,2.5,False,1,1,0
p001070,businessinsider.com,elb.the-ozone-project.com,request,2.5,False,2,2,0
p001071,businessinsider.com,elb.the-ozone-project.com,request,2.5,False,2,2,0
p001072,businessinsider.com,elb.the-ozone-project.com,request,2.5,False,1,1,0
p001073,businessinsider.com,elb.the-ozone-project.com,request,2.5,False,1,1,0
p001074,giantfreakinrobot.com,elb.the-ozone-project.com,request,2.5,False,1,1,0
p001075,giantfreakinrobot.com,elb.the-ozone-project.com,request,2.5,False,3,3,0
p001076,giantfreakinrobot.com,elb.the-ozone-project.com,request,2.5,False,1,1,0
p001077,giantfreakinrobot.com,elb.the-ozone-project.com,request,2.5,False,1,1,0
p001078,howlongtobeat.com,elb.the-ozone-project.com,request,2.5,False,4,4,0
p001079,nesn.com,elb.the-ozone-project.com,request,2.5,False,2,2,0
p001080,nesn.com,elb.the-ozone-project.com,request,2.5,False,2,2,0
p001081,nesn.com,elb.the-ozone-project.com,request,2.5,False,4,4,0
p001082,nintendoeverything.com,elb.the-ozone-project.com,request,2.5,False,4,4,0
p001083,nintendoeverything.com,elb.the-ozone-project.com,request,2.5,False,12,12,0
p001084,nintendoeverything.com,elb.the-ozone-project.com,request,2.5,False,3,3,0
p001085,nintendoeverything.com,elb.the-ozone-project.com,request,2.5,False,3,3,0
p001086,nintendoeverything.com,elb.the-ozone-project.com,request,2.5,False,8,8,0
p001087,nintendoeverything.com,elb.the-ozone-project.com,request,2.5,False,4,4,0
p001088,nintendoeverything.com,elb.the-ozone-project.com,request,2.5,False,2,2,0
p001089,nintendoeverything.com,elb.the-ozone-project.com,request,2.5,False,3,3,0
p001090,nintendoeverything.com,elb.the-ozone-project.com,request,2.5,False,2,2,0
p001091,thesun.ie,elb.the-ozone-project.com,request,2.5,False,20,20,0
p001092,thesun.ie,elb.the-ozone-project.com,request,2.5,False,4,4,0
p001093,thesun.ie,elb.the-ozone-project.com,request,2.5,False,4,4,0
p001094,thesun.ie,elb.the-ozone-project.com,request,2.5,False,18,18,0
p001095,thesun.ie,elb.the-ozone-project.com,request,2.5,False,4,4,0
p001096,thesun.ie,elb.the-ozone-project.com,request,2.5,False,4,4,0
p001097,thesun.ie,elb.the-ozone-project.com,request,2.5,False,4,4,0
p001098,thesun.ie,elb.the-ozone-project.com,request,2.5,False,3,3,0
p001099,autoexpress.co.uk,elb.the-ozone-project.com,response,2.6-202606,True,1,0,1
p001100,autoexpress.co.uk,elb.the-ozone-project.com,response,2.6-202606,True,1,0,1
p001101,autoexpress.co.uk,elb.the-ozone-project.com,response,2.6-202606,True,1,0,1
p001102,autoexpress.co.uk,elb.the-ozone-project.com,response,2.6-202606,True,1,0,1
p001103,autoexpress.co.uk,elb.the-ozone-project.com,response,2.6-202606,True,1,0,1
p001104,autoexpress.co.uk,elb.the-ozone-project.com,response,2.6-202606,True,1,0,1
p001105,businessinsider.com,elb.the-ozone-project.com,response,2.6-202606,True,1,0,1
p001106,businessinsider.com,elb.the-ozone-project.com,response,2.6-202606,True,1,0,1
p001107,businessinsider.com,elb.the-ozone-project.com,response,2.6-202606,True,1,0,1
p001108,businessinsider.com,elb.the-ozone-project.com,response,2.6-202606,True,1,0,1
p001109,giantfreakinrobot.com,elb.the-ozone-project.com,response,2.6-202606,True,0,0,0
p001110,giantfreakinrobot.com,elb.the-ozone-project.com,response,2.6-202606,True,0,0,0
p001111,giantfreakinrobot.com,elb.the-ozone-project.com,response,2.6-202606,True,0,0,0
p001112,giantfreakinrobot.com,elb.the-ozone-project.com,response,2.6-202606,True,0,0,0
p001113,howlongtobeat.com,elb.the-ozone-project.com,response,2.6-202606,True,3,0,3
p001114,nesn.com,elb.the-ozone-project.com,response,2.6-202606,True,1,0,1
p001115,nesn.com,elb.the-ozone-project.com,response,2.6-202606,True,1,0,1
p001116,nesn.com,elb.the-ozone-project.com,response,2.6-202606,True,0,0,0
p001117,nintendoeverything.com,elb.the-ozone-project.com,response,2.6-202606,True,0,0,0
p001118,nintendoeverything.com,elb.the-ozone-project.com,response,2.6-202606,True,0,0,0
p001119,nintendoeverything.com,elb.the-ozone-project.com,response,2.6-202606,True,0,0,0
p001120,nintendoeverything.com,elb.the-ozone-project.com,response,2.6-202606,True,0,0,0
p001121,nintendoeverything.com,elb.the-ozone-project.com,response,2.6-202606,True,0,0,0
p001122,nintendoeverything.com,elb.the-ozone-project.com,response,2.6-202606,True,0,0,0
p001123,nintendoeverything.com,elb.the-ozone-project.com,response,2.6-202606,True,0,0,0
p001124,nintendoeverything.com,elb.the-ozone-project.com,response,2.6-202606,True,0,0,0
p001125,nintendoeverything.com,elb.the-ozone-project.com,response,2.6-202606,True,0,0,0
p001126,thesun.ie,elb.the-ozone-project.com,response,2.6-202606,True,1,0,1
p001127,thesun.ie,elb.the-ozone-project.com,response,2.6-202606,True,1,0,1
p001128,nationaltoday.com,ex.ingage.tech,request,2.6-202606,False,2,2,0
p001129,nationaltoday.com,ex.ingage.tech,request,2.6-202606,False,2,2,0
p001130,nationaltoday.com,ex.ingage.tech,request,2.6-202606,False,2,2,0
p001131,nationaltoday.com,ex.ingage.tech,request,2.6-202606,False,2,2,0
p001132,upi.com,ex.ingage.tech,request,2.6-202606,False,1,1,0
p001133,upi.com,ex.ingage.tech,request,2.6-202606,False,1,1,0
p001134,upi.com,ex.ingage.tech,request,2.6-202606,False,1,1,0
p001135,upi.com,ex.ingage.tech,request,2.6-202606,False,1,1,0
p001136,upi.com,ex.ingage.tech,request,2.6-202606,False,1,1,0
p001137,zeldadungeon.net,ex.ingage.tech,request,2.6-202606,False,2,2,0
p001138,chl.ca,exchange.postrelease.com,request,2.6-202606,True,0,0,0
p001139,chl.ca,exchange.postrelease.com,request,2.6-202606,True,0,0,0
p001140,cupofjo.com,exchange.postrelease.com,request,2.6-202606,True,0,0,0
p001141,cupofjo.com,exchange.postrelease.com,request,2.6-202606,True,0,0,0
p001142,fox11online.com,exchange.postrelease.com,request,2.6-202606,True,1,0,1
p001143,fox11online.com,exchange.postrelease.com,request,2.6-202606,True,1,0,1
p001144,fox11online.com,exchange.postrelease.com,request,2.6-202606,True,1,0,1
p001145,fox11online.com,exchange.postrelease.com,request,2.6-202606,True,1,0,1
p001146,halfbakedharvest.com,exchange.postrelease.com,request,2.6-202606,True,0,0,0
p001147,halfbakedharvest.com,exchange.postrelease.com,request,2.6-202606,True,0,0,0
p001148,halfbakedharvest.com,exchange.postrelease.com,request,2.6-202606,True,0,0,0
p001149,halfbakedharvest.com,exchange.postrelease.com,request,2.6-202606,True,0,0,0
p001150,halfbakedharvest.com,exchange.postrelease.com,request,2.6-202606,True,0,0,0
p001151,halfbakedharvest.com,exchange.postrelease.com,request,2.6-202606,True,0,0,0
p001152,ranker.com,exchange.postrelease.com,request,2.6-202606,True,0,0,0
p001153,salon.com,exchange.postrelease.com,request,2.6-202606,True,0,0,0
p001154,salon.com,exchange.postrelease.com,request,2.6-202606,True,0,0,0
p001155,salon.com,exchange.postrelease.com,request,2.6-202606,True,0,0,0
p001156,salon.com,exchange.postrelease.com,request,2.6-202606,True,0,0,0
p001157,salon.com,exchange.postrelease.com,request,2.6-202606,True,0,0,0
p001158,salon.com,exchange.postrelease.com,request,2.6-202606,True,0,0,0
p001159,salon.com,exchange.postrelease.com,request,2.6-202606,True,0,0,0
p001160,salon.com,exchange.postrelease.com,request,2.6-202606,True,0,0,0
p001161,salon.com,exchange.postrelease.com,request,2.6-202606,True,0,0,0
p001162,salon.com,exchange.postrelease.com,request,2.6-202606,True,0,0,0
p001163,salon.com,exchange.postrelease.com,request,2.6-202606,True,0,0,0
p001164,salon.com,exchange.postrelease.com,request,2.6-202606,True,0,0,0
p001165,urbandictionary.com,exchange.postrelease.com,request,2.6-202606,True,0,0,0
p001166,urbandictionary.com,exchange.postrelease.com,request,2.6-202606,True,0,0,0
p001167,urbandictionary.com,exchange.postrelease.com,request,2.6-202606,True,0,0,0
p001168,webdesignerdepot.com,exchange.postrelease.com,request,2.6-202606,True,0,0,0
p001169,webdesignerdepot.com,exchange.postrelease.com,request,2.6-202606,True,0,0,0
p001170,webdesignerdepot.com,exchange.postrelease.com,request,2.6-202606,True,0,0,0
p001171,webdesignerdepot.com,exchange.postrelease.com,request,2.6-202606,True,0,0,0
p001172,webdesignerdepot.com,exchange.postrelease.com,request,2.6-202606,True,0,0,0
p001173,webdesignerdepot.com,exchange.postrelease.com,request,2.6-202606,True,0,0,0
p001174,webdesignerdepot.com,exchange.postrelease.com,request,2.6-202606,True,0,0,0
p001175,webdesignerdepot.com,exchange.postrelease.com,request,2.6-202606,False,2,1,1
p001176,zerohedge.com,exchange.postrelease.com,request,2.6-202606,True,0,0,0
p001177,zerohedge.com,exchange.postrelease.com,request,2.6-202606,True,0,0,0
p001178,zerohedge.com,exchange.postrelease.com,request,2.6-202606,True,0,0,0
p001179,zerohedge.com,exchange.postrelease.com,request,2.6-202606,True,0,0,0
p001180,zerohedge.com,exchange.postrelease.com,request,2.6-202606,True,0,0,0
p001181,elespectador.com,fast.nexx360.io,request,2.5,True,0,0,0
p001182,elespectador.com,fast.nexx360.io,request,2.5,True,0,0,0
p001183,elespectador.com,fast.nexx360.io,request,2.5,True,0,0,0
p001184,elespectador.com,fast.nexx360.io,request,2.5,True,0,0,0
p001185,elespectador.com,fast.nexx360.io,request,2.5,True,0,0,0
p001186,elespectador.com,fast.nexx360.io,request,2.5,True,0,0,0
p001187,nationaltoday.com,fast.nexx360.io,request,2.5,False,3,3,0
p001188,nationaltoday.com,fast.nexx360.io,request,2.5,False,3,3,0
p001189,nationaltoday.com,fast.nexx360.io,request,2.5,False,3,3,0
p001190,nationaltoday.com,fast.nexx360.io,request,2.5,False,3,3,0
p001191,philstar.com,fast.nexx360.io,request,2.5,True,0,0,0
p001192,tio.ch,fast.nexx360.io,request,2.5,False,2,2,0
p001193,tio.ch,fast.nexx360.io,request,2.5,False,2,2,0
p001194,tio.ch,fast.nexx360.io,request,2.5,False,1,1,0
p001195,tio.ch,fast.nexx360.io,request,2.5,False,1,1,0
p001196,tio.ch,fast.nexx360.io,request,2.5,False,1,1,0
p001197,tio.ch,fast.nexx360.io,request,2.5,False,1,1,0
p001198,tio.ch,fast.nexx360.io,request,2.5,False,1,1,0
p001199,tio.ch,fast.nexx360.io,request,2.5,False,1,1,0
p001200,tio.ch,fast.nexx360.io,request,2.5,False,1,1,0
p001201,tio.ch,fast.nexx360.io,request,2.5,False,1,1,0
p001202,tio.ch,fast.nexx360.io,request,2.5,False,1,1,0
p001203,tio.ch,fast.nexx360.io,request,2.5,False,1,1,0
p001204,tio.ch,fast.nexx360.io,request,2.5,False,1,1,0
p001205,vivitusuerte.com,fast.nexx360.io,request,2.5,False,1,1,0
p001206,zeldadungeon.net,fast.nexx360.io,request,2.5,False,1,1,0
p001207,elespectador.com,fast.nexx360.io,response,2.6-202606,False,1,1,0
p001208,elespectador.com,fast.nexx360.io,response,2.6-202606,False,1,1,0
p001209,elespectador.com,fast.nexx360.io,response,2.6-202606,False,1,1,0
p001210,elespectador.com,fast.nexx360.io,response,2.6-202606,False,1,1,0
p001211,elespectador.com,fast.nexx360.io,response,2.6-202606,False,1,1,0
p001212,nationaltoday.com,fast.nexx360.io,response,2.6-202606,False,1,1,0
p001213,nationaltoday.com,fast.nexx360.io,response,2.6-202606,False,1,1,0
p001214,nationaltoday.com,fast.nexx360.io,response,2.6-202606,False,1,1,0
p001215,nationaltoday.com,fast.nexx360.io,response,2.6-202606,False,1,1,0
p001216,tio.ch,fast.nexx360.io,response,2.6-202606,False,1,1,0
p001217,tio.ch,fast.nexx360.io,response,2.6-202606,False,1,1,0
p001218,tio.ch,fast.nexx360.io,response,2.6-202606,False,1,1,0
p001219,tio.ch,fast.nexx360.io,response,2.6-202606,False,1,1,0
p001220,tio.ch,fast.nexx360.io,response,2.6-202606,False,1,1,0
p001221,tio.ch,fast.nexx360.io,response,2.6-202606,False,1,1,0
p001222,tio.ch,fast.nexx360.io,response,2.6-202606,False,1,1,0
p001223,tio.ch,fast.nexx360.io,response,2.6-202606,False,1,1,0
p001224,tio.ch,fast.nexx360.io,response,2.6-202606,False,1,1,0
p001225,tio.ch,fast.nexx360.io,response,2.6-202606,False,1,1,0
p001226,tio.ch,fast.nexx360.io,response,2.6-202606,False,1,1,0
p001227,vivitusuerte.com,fast.nexx360.io,response,2.6-202606,False,1,1,0
p001228,barcablaugranes.com,fastlane.rubiconproject.com,request,2.6-202606,True,0,0,0
p001229,barcablaugranes.com,fastlane.rubiconproject.com,request,2.6-202606,True,0,0,0
p001230,businessinsider.com,fastlane.rubiconproject.com,request,2.6-202606,True,0,0,0
p001231,barcablaugranes.com,fastlane.rubiconproject.com,request,2.6-202606,True,0,0,0
p001232,barcablaugranes.com,fastlane.rubiconproject.com,request,2.6-202606,True,0,0,0
p001233,barcablaugranes.com,fastlane.rubiconproject.com,request,2.6-202606,True,0,0,0
p001234,barcablaugranes.com,fastlane.rubiconproject.com,request,2.6-202606,True,0,0,0
p001235,barcablaugranes.com,fastlane.rubiconproject.com,request,2.6-202606,True,0,0,0
p001236,barcablaugranes.com,fastlane.rubiconproject.com,request,2.6-202606,True,0,0,0
p001237,barcablaugranes.com,fastlane.rubiconproject.com,request,2.6-202606,True,0,0,0
p001238,businessinsider.com,fastlane.rubiconproject.com,request,2.6-202606,True,0,0,0
p001239,barcablaugranes.com,fastlane.rubiconproject.com,request,2.6-202606,True,0,0,0
p001240,barcablaugranes.com,fastlane.rubiconproject.com,request,2.6-202606,True,0,0,0
p001241,businessinsider.com,fastlane.rubiconproject.com,request,2.6-202606,True,0,0,0
p001242,businessinsider.com,fastlane.rubiconproject.com,request,2.6-202606,True,0,0,0
p001243,barcablaugranes.com,fastlane.rubiconproject.com,request,2.6-202606,True,0,0,0
p001244,barcablaugranes.com,fastlane.rubiconproject.com,request,2.6-202606,True,0,0,0
p001245,barcablaugranes.com,fastlane.rubiconproject.com,request,2.6-202606,True,0,0,0
p001246,barcablaugranes.com,fastlane.rubiconproject.com,request,2.6-202606,True,0,0,0
p001247,barcablaugranes.com,fastlane.rubiconproject.com,request,2.6-202606,True,0,0,0
p001248,barcablaugranes.com,fastlane.rubiconproject.com,request,2.6-202606,True,0,0,0
p001249,barcablaugranes.com,fastlane.rubiconproject.com,request,2.6-202606,True,0,0,0
p001250,barcablaugranes.com,fastlane.rubiconproject.com,request,2.6-202606,True,0,0,0
p001251,barcablaugranes.com,fastlane.rubiconproject.com,request,2.6-202606,True,0,0,0
p001252,cityam.com,fastlane.rubiconproject.com,request,2.6-202606,False,1,1,0
p001253,cityam.com,fastlane.rubiconproject.com,request,2.6-202606,False,1,1,0
p001254,cityam.com,fastlane.rubiconproject.com,request,2.6-202606,True,0,0,0
p001255,cityam.com,fastlane.rubiconproject.com,request,2.6-202606,True,0,0,0
p001256,elespectador.com,fastlane.rubiconproject.com,request,2.6-202606,False,2,2,0
p001257,elespectador.com,fastlane.rubiconproject.com,request,2.6-202606,False,4,2,2
p001258,elespectador.com,fastlane.rubiconproject.com,request,2.6-202606,False,2,2,0
p001259,elespectador.com,fastlane.rubiconproject.com,request,2.6-202606,False,4,2,2
p001260,eonline.com,fastlane.rubiconproject.com,request,2.6-202606,True,0,0,0
p001261,eonline.com,fastlane.rubiconproject.com,request,2.6-202606,True,0,0,0
p001262,elespectador.com,fastlane.rubiconproject.com,request,2.6-202606,False,2,2,0
p001263,elespectador.com,fastlane.rubiconproject.com,request,2.6-202606,False,4,2,2
p001264,eonline.com,fastlane.rubiconproject.com,request,2.6-202606,True,0,0,0
p001265,eonline.com,fastlane.rubiconproject.com,request,2.6-202606,True,0,0,0
p001266,eonline.com,fastlane.rubiconproject.com,request,2.6-202606,True,0,0,0
p001267,eonline.com,fastlane.rubiconproject.com,request,2.6-202606,True,0,0,0
p001268,eonline.com,fastlane.rubiconproject.com,request,2.6-202606,True,0,0,0
p001269,eonline.com,fastlane.rubiconproject.com,request,2.6-202606,True,0,0,0
p001270,falstaff.com,fastlane.rubiconproject.com,request,2.6-202606,False,1,1,0
p001271,fox11online.com,fastlane.rubiconproject.com,request,2.6-202606,False,2,1,1
p001272,fox11online.com,fastlane.rubiconproject.com,request,2.6-202606,False,1,1,0
p001273,fox11online.com,fastlane.rubiconproject.com,request,2.6-202606,True,0,0,0
p001274,fox11online.com,fastlane.rubiconproject.com,request,2.6-202606,True,0,0,0
p001275,fox11online.com,fastlane.rubiconproject.com,request,2.6-202606,True,0,0,0
p001276,fox11online.com,fastlane.rubiconproject.com,request,2.6-202606,True,0,0,0
p001277,fox11online.com,fastlane.rubiconproject.com,request,2.6-202606,True,0,0,0
p001278,fox11online.com,fastlane.rubiconproject.com,request,2.6-202606,True,0,0,0
p001279,fox11online.com,fastlane.rubiconproject.com,request,2.6-202606,True,0,0,0
p001280,fox11online.com,fastlane.rubiconproject.com,request,2.6-202606,True,0,0,0
p001281,fox11online.com,fastlane.rubiconproject.com,request,2.6-202606,False,2,1,1
p001282,fox11online.com,fastlane.rubiconproject.com,request,2.6-202606,False,1,1,0
p001283,iheart.com,fastlane.rubiconproject.com,request,2.6-202606,True,0,0,0
p001284,iheart.com,fastlane.rubiconproject.com,request,2.6-202606,False,2,1,1
p001285,iheart.com,fastlane.rubiconproject.com,request,2.6-202606,True,0,0,0
p001286,iheart.com,fastlane.rubiconproject.com,request,2.6-202606,False,2,1,1
p001287,mthai.com,fastlane.rubiconproject.com,request,2.6-202606,True,0,0,0
p001288,mthai.com,fastlane.rubiconproject.com,request,2.6-202606,True,0,0,0
p001289,mthai.com,fastlane.rubiconproject.com,request,2.6-202606,True,0,0,0
p001290,mthai.com,fastlane.rubiconproject.com,request,2.6-202606,True,0,0,0
p001291,nbcconnecticut.com,fastlane.rubiconproject.com,request,2.6-202606,True,0,0,0
p001292,nbcconnecticut.com,fastlane.rubiconproject.com,request,2.6-202606,True,0,0,0
p001293,nbcconnecticut.com,fastlane.rubiconproject.com,request,2.6-202606,True,0,0,0
p001294,nbcconnecticut.com,fastlane.rubiconproject.com,request,2.6-202606,True,0,0,0
p001295,nbcconnecticut.com,fastlane.rubiconproject.com,request,2.6-202606,True,0,0,0
p001296,nbcconnecticut.com,fastlane.rubiconproject.com,request,2.6-202606,True,0,0,0
p001297,nbcconnecticut.com,fastlane.rubiconproject.com,request,2.6-202606,True,0,0,0
p001298,nbcconnecticut.com,fastlane.rubiconproject.com,request,2.6-202606,True,0,0,0
p001299,nbcconnecticut.com,fastlane.rubiconproject.com,request,2.6-202606,True,0,0,0
p001300,outsideonline.com,fastlane.rubiconproject.com,request,2.6-202606,False,1,1,0
p001301,outsideonline.com,fastlane.rubiconproject.com,request,2.6-202606,False,1,1,0
p001302,outsideonline.com,fastlane.rubiconproject.com,request,2.6-202606,False,1,1,0
p001303,outsideonline.com,fastlane.rubiconproject.com,request,2.6-202606,False,1,1,0
p001304,outsideonline.com,fastlane.rubiconproject.com,request,2.6-202606,False,1,1,0
p001305,outsideonline.com,fastlane.rubiconproject.com,request,2.6-202606,False,1,1,0
p001306,outsideonline.com,fastlane.rubiconproject.com,request,2.6-202606,False,1,1,0
p001307,outsideonline.com,fastlane.rubiconproject.com,request,2.6-202606,False,1,1,0
p001308,outsideonline.com,fastlane.rubiconproject.com,request,2.6-202606,False,1,1,0
p001309,outsideonline.com,fastlane.rubiconproject.com,request,2.6-202606,False,1,1,0
p001310,outsideonline.com,fastlane.rubiconproject.com,request,2.6-202606,False,1,1,0
p001311,outsideonline.com,fastlane.rubiconproject.com,request,2.6-202606,False,1,1,0
p001312,outsideonline.com,fastlane.rubiconproject.com,request,2.6-202606,False,1,1,0
p001313,outsideonline.com,fastlane.rubiconproject.com,request,2.6-202606,False,1,1,0
p001314,outsideonline.com,fastlane.rubiconproject.com,request,2.6-202606,False,1,1,0
p001315,outsideonline.com,fastlane.rubiconproject.com,request,2.6-202606,False,1,1,0
p001316,rawstory.com,fastlane.rubiconproject.com,request,2.6-202606,False,2,2,0
p001317,rawstory.com,fastlane.rubiconproject.com,request,2.6-202606,False,2,2,0
p001318,rawstory.com,fastlane.rubiconproject.com,request,2.6-202606,False,2,2,0
p001319,rawstory.com,fastlane.rubiconproject.com,request,2.6-202606,False,2,2,0
p001320,thestar.com,fastlane.rubiconproject.com,request,2.6-202606,True,0,0,0
p001321,thestar.com,fastlane.rubiconproject.com,request,2.6-202606,True,0,0,0
p001322,barcablaugranes.com,fastlane.rubiconproject.com,response,2.6-202606,False,1,1,0
p001323,barcablaugranes.com,fastlane.rubiconproject.com,response,2.6-202606,False,1,1,0
p001324,businessinsider.com,fastlane.rubiconproject.com,response,2.6-202606,False,1,1,0
p001325,barcablaugranes.com,fastlane.rubiconproject.com,response,2.6-202606,False,1,1,0
p001326,barcablaugranes.com,fastlane.rubiconproject.com,response,2.6-202606,False,1,1,0
p001327,barcablaugranes.com,fastlane.rubiconproject.com,response,2.6-202606,False,1,1,0
p001328,barcablaugranes.com,fastlane.rubiconproject.com,response,2.6-202606,False,1,1,0
p001329,barcablaugranes.com,fastlane.rubiconproject.com,response,2.6-202606,False,1,1,0
p001330,barcablaugranes.com,fastlane.rubiconproject.com,response,2.6-202606,False,1,1,0
p001331,barcablaugranes.com,fastlane.rubiconproject.com,response,2.6-202606,False,1,1,0
p001332,businessinsider.com,fastlane.rubiconproject.com,response,2.6-202606,False,1,1,0
p001333,barcablaugranes.com,fastlane.rubiconproject.com,response,2.6-202606,False,1,1,0
p001334,barcablaugranes.com,fastlane.rubiconproject.com,response,2.6-202606,False,1,1,0
p001335,businessinsider.com,fastlane.rubiconproject.com,response,2.6-202606,False,1,1,0
p001336,businessinsider.com,fastlane.rubiconproject.com,response,2.6-202606,True,0,0,0
p001337,barcablaugranes.com,fastlane.rubiconproject.com,response,2.6-202606,False,1,1,0
p001338,barcablaugranes.com,fastlane.rubiconproject.com,response,2.6-202606,False,1,1,0
p001339,barcablaugranes.com,fastlane.rubiconproject.com,response,2.6-202606,False,1,1,0
p001340,barcablaugranes.com,fastlane.rubiconproject.com,response,2.6-202606,False,1,1,0
p001341,barcablaugranes.com,fastlane.rubiconproject.com,response,2.6-202606,False,1,1,0
p001342,barcablaugranes.com,fastlane.rubiconproject.com,response,2.6-202606,False,1,1,0
p001343,barcablaugranes.com,fastlane.rubiconproject.com,response,2.6-202606,False,1,1,0
p001344,barcablaugranes.com,fastlane.rubiconproject.com,response,2.6-202606,False,1,1,0
p001345,barcablaugranes.com,fastlane.rubiconproject.com,response,2.6-202606,False,1,1,0
p001346,cityam.com,fastlane.rubiconproject.com,response,2.6-202606,False,1,1,0
p001347,cityam.com,fastlane.rubiconproject.com,response,2.6-202606,False,1,1,0
p001348,cityam.com,fastlane.rubiconproject.com,response,2.6-202606,False,1,1,0
p001349,cityam.com,fastlane.rubiconproject.com,response,2.6-202606,False,1,1,0
p001350,elespectador.com,fastlane.rubiconproject.com,response,2.6-202606,False,1,1,0
p001351,elespectador.com,fastlane.rubiconproject.com,response,2.6-202606,False,1,1,0
p001352,elespectador.com,fastlane.rubiconproject.com,response,2.6-202606,False,1,1,0
p001353,elespectador.com,fastlane.rubiconproject.com,response,2.6-202606,False,1,1,0
p001354,eonline.com,fastlane.rubiconproject.com,response,2.6-202606,False,1,1,0
p001355,eonline.com,fastlane.rubiconproject.com,response,2.6-202606,False,1,1,0
p001356,eonline.com,fastlane.rubiconproject.com,response,2.6-202606,False,1,1,0
p001357,eonline.com,fastlane.rubiconproject.com,response,2.6-202606,False,1,1,0
p001358,eonline.com,fastlane.rubiconproject.com,response,2.6-202606,False,1,1,0
p001359,eonline.com,fastlane.rubiconproject.com,response,2.6-202606,False,1,1,0
p001360,eonline.com,fastlane.rubiconproject.com,response,2.6-202606,False,1,1,0
p001361,eonline.com,fastlane.rubiconproject.com,response,2.6-202606,False,1,1,0
p001362,falstaff.com,fastlane.rubiconproject.com,response,2.6-202606,False,1,1,0
p001363,fox11online.com,fastlane.rubiconproject.com,response,2.6-202606,False,1,1,0
p001364,fox11online.com,fastlane.rubiconproject.com,response,2.6-202606,False,1,1,0
p001365,fox11online.com,fastlane.rubiconproject.com,response,2.6-202606,False,1,1,0
p001366,fox11online.com,fastlane.rubiconproject.com,response,2.6-202606,False,1,1,0
p001367,fox11online.com,fastlane.rubiconproject.com,response,2.6-202606,False,1,1,0
p001368,fox11online.com,fastlane.rubiconproject.com,response,2.6-202606,False,1,1,0
p001369,fox11online.com,fastlane.rubiconproject.com,response,2.6-202606,False,1,1,0
p001370,fox11online.com,fastlane.rubiconproject.com,response,2.6-202606,False,1,1,0
p001371,fox11online.com,fastlane.rubiconproject.com,response,2.6-202606,False,1,1,0
p001372,fox11online.com,fastlane.rubiconproject.com,response,2.6-202606,False,1,1,0
p001373,fox11online.com,fastlane.rubiconproject.com,response,2.6-202606,False,1,1,0
p001374,fox11online.com,fastlane.rubiconproject.com,response,2.6-202606,False,1,1,0
p001375,iheart.com,fastlane.rubiconproject.com,response,2.6-202606,False,1,1,0
p001376,iheart.com,fastlane.rubiconproject.com,response,2.6-202606,False,1,1,0
p001377,iheart.com,fastlane.rubiconproject.com,response,2.6-202606,False,1,1,0
p001378,iheart.com,fastlane.rubiconproject.com,response,2.6-202606,False,1,1,0
p001379,mthai.com,fastlane.rubiconproject.com,response,2.6-202606,False,1,1,0
p001380,mthai.com,fastlane.rubiconproject.com,response,2.6-202606,False,1,1,0
p001381,mthai.com,fastlane.rubiconproject.com,response,2.6-202606,False,1,1,0
p001382,mthai.com,fastlane.rubiconproject.com,response,2.6-202606,False,1,1,0
p001383,nbcconnecticut.com,fastlane.rubiconproject.com,response,2.6-202606,False,1,1,0
p001384,nbcconnecticut.com,fastlane.rubiconproject.com,response,2.6-202606,False,1,1,0
p001385,nbcconnecticut.com,fastlane.rubiconproject.com,response,2.6-202606,False,1,1,0
p001386,nbcconnecticut.com,fastlane.rubiconproject.com,response,2.6-202606,False,1,1,0
p001387,nbcconnecticut.com,fastlane.rubiconproject.com,response,2.6-202606,False,1,1,0
p001388,nbcconnecticut.com,fastlane.rubiconproject.com,response,2.6-202606,False,1,1,0
p001389,nbcconnecticut.com,fastlane.rubiconproject.com,response,2.6-202606,False,1,1,0
p001390,nbcconnecticut.com,fastlane.rubiconproject.com,response,2.6-202606,False,1,1,0
p001391,nbcconnecticut.com,fastlane.rubiconproject.com,response,2.6-202606,False,1,1,0
p001392,outsideonline.com,fastlane.rubiconproject.com,response,2.6-202606,False,1,1,0
p001393,outsideonline.com,fastlane.rubiconproject.com,response,2.6-202606,False,1,1,0
p001394,outsideonline.com,fastlane.rubiconproject.com,response,2.6-202606,False,1,1,0
p001395,outsideonline.com,fastlane.rubiconproject.com,response,2.6-202606,False,1,1,0
p001396,outsideonline.com,fastlane.rubiconproject.com,response,2.6-202606,False,1,1,0
p001397,outsideonline.com,fastlane.rubiconproject.com,response,2.6-202606,False,1,1,0
p001398,outsideonline.com,fastlane.rubiconproject.com,response,2.6-202606,False,1,1,0
p001399,outsideonline.com,fastlane.rubiconproject.com,response,2.6-202606,False,1,1,0
p001400,outsideonline.com,fastlane.rubiconproject.com,response,2.6-202606,False,1,1,0
p001401,outsideonline.com,fastlane.rubiconproject.com,response,2.6-202606,False,1,1,0
p001402,outsideonline.com,fastlane.rubiconproject.com,response,2.6-202606,False,1,1,0
p001403,outsideonline.com,fastlane.rubiconproject.com,response,2.6-202606,False,1,1,0
p001404,outsideonline.com,fastlane.rubiconproject.com,response,2.6-202606,False,1,1,0
p001405,outsideonline.com,fastlane.rubiconproject.com,response,2.6-202606,False,1,1,0
p001406,outsideonline.com,fastlane.rubiconproject.com,response,2.6-202606,False,1,1,0
p001407,outsideonline.com,fastlane.rubiconproject.com,response,2.6-202606,False,1,1,0
p001408,rawstory.com,fastlane.rubiconproject.com,response,2.6-202606,False,1,1,0
p001409,rawstory.com,fastlane.rubiconproject.com,response,2.6-202606,False,1,1,0
p001410,rawstory.com,fastlane.rubiconproject.com,response,2.6-202606,False,1,1,0
p001411,rawstory.com,fastlane.rubiconproject.com,response,2.6-202606,False,1,1,0
p001412,thestar.com,fastlane.rubiconproject.com,response,2.6-202606,False,1,1,0
p001413,thestar.com,fastlane.rubiconproject.com,response,2.6-202606,False,1,1,0
p001414,tio.ch,goldlayer-api.prod.gbads.net,request,2.5,False,2,2,0
p001415,tio.ch,goldlayer-api.prod.gbads.net,request,2.5,False,1,1,0
p001416,tio.ch,goldlayer-api.prod.gbads.net,request,2.5,False,1,1,0
p001417,tio.ch,goldlayer-api.prod.gbads.net,request,2.5,False,1,1,0
p001418,tio.ch,goldlayer-api.prod.gbads.net,request,2.5,False,1,1,0
p001419,tio.ch,goldlayer-api.prod.gbads.net,response,2.6-202606,False,1,1,0
p001420,tio.ch,goldlayer-api.prod.gbads.net,response,2.6-202606,False,1,1,0
p001421,tio.ch,goldlayer-api.prod.gbads.net,response,2.6-202606,False,1,1,0
p001422,tio.ch,goldlayer-api.prod.gbads.net,response,2.6-202606,False,1,1,0
p001423,tio.ch,goldlayer-api.prod.gbads.net,response,2.6-202606,False,1,1,0
p001424,chicagotribune.com,grid-bidder.criteo.com,request,2.6-202606,True,1,0,1
p001425,chicagotribune.com,grid-bidder.criteo.com,request,2.6-202606,True,1,0,1
p001426,cupofjo.com,grid-bidder.criteo.com,request,2.6-202606,True,0,0,0
p001427,cupofjo.com,grid-bidder.criteo.com,request,2.6-202606,True,0,0,0
p001428,csfd.cz,grid-bidder.criteo.com,request,2.6-202606,False,2,2,0
p001429,cupofjo.com,grid-bidder.criteo.com,request,2.6-202606,True,0,0,0
p001430,cupofjo.com,grid-bidder.criteo.com,request,2.6-202606,True,0,0,0
p001431,cupofjo.com,grid-bidder.criteo.com,request,2.6-202606,False,2,1,1
p001432,csfd.cz,grid-bidder.criteo.com,request,2.6-202606,False,2,2,0
p001433,cupofjo.com,grid-bidder.criteo.com,request,2.6-202606,False,2,1,1
p001434,cycletrader.com,grid-bidder.criteo.com,request,2.6-202606,True,0,0,0
p001435,cycletrader.com,grid-bidder.criteo.com,request,2.6-202606,True,0,0,0
p001436,cycletrader.com,grid-bidder.criteo.com,request,2.6-202606,True,0,0,0
p001437,cycletrader.com,grid-bidder.criteo.com,request,2.6-202606,True,0,0,0
p001438,cycletrader.com,grid-bidder.criteo.com,request,2.6-202606,True,0,0,0
p001439,fox11online.com,grid-bidder.criteo.com,request,2.6-202606,True,0,0,0
p001440,futbol-11.com,grid-bidder.criteo.com,request,2.6-202606,False,1,1,0
p001441,halfbakedharvest.com,grid-bidder.criteo.com,request,2.6-202606,True,0,0,0
p001442,halfbakedharvest.com,grid-bidder.criteo.com,request,2.6-202606,True,0,0,0
p001443,halfbakedharvest.com,grid-bidder.criteo.com,request,2.6-202606,False,2,1,1
p001444,halfbakedharvest.com,grid-bidder.criteo.com,request,2.6-202606,False,5,4,1
p001445,halfbakedharvest.com,grid-bidder.criteo.com,request,2.6-202606,False,3,3,0
p001446,halfbakedharvest.com,grid-bidder.criteo.com,request,2.6-202606,True,0,0,0
p001447,halfbakedharvest.com,grid-bidder.criteo.com,request,2.6-202606,True,0,0,0
p001448,halfbakedharvest.com,grid-bidder.criteo.com,request,2.6-202606,False,2,1,1
p001449,halfbakedharvest.com,grid-bidder.criteo.com,request,2.6-202606,False,2,1,1
p001450,moly.hu,grid-bidder.criteo.com,request,2.6-202606,False,1,1,0
p001451,moly.hu,grid-bidder.criteo.com,request,2.6-202606,False,1,1,0
p001452,mthai.com,grid-bidder.criteo.com,request,2.6-202606,True,0,0,0
p001453,mthai.com,grid-bidder.criteo.com,request,2.6-202606,True,0,0,0
p001454,namemc.com,grid-bidder.criteo.com,request,2.6-202606,False,1,1,0
p001455,purposegames.com,grid-bidder.criteo.com,request,2.6-202606,False,1,1,0
p001456,purposegames.com,grid-bidder.criteo.com,request,2.6-202606,False,1,1,0
p001457,ranker.com,grid-bidder.criteo.com,request,2.6-202606,True,0,0,0
p001458,salon.com,grid-bidder.criteo.com,request,2.6-202606,True,0,0,0
p001459,salon.com,grid-bidder.criteo.com,request,2.6-202606,True,0,0,0
p001460,salon.com,grid-bidder.criteo.com,request,2.6-202606,True,0,0,0
p001461,salon.com,grid-bidder.criteo.com,request,2.6-202606,True,0,0,0
p001462,salon.com,grid-bidder.criteo.com,request,2.6-202606,True,0,0,0
p001463,salon.com,grid-bidder.criteo.com,request,2.6-202606,False,2,1,1
p001464,salon.com,grid-bidder.criteo.com,request,2.6-202606,False,3,3,0
p001465,salon.com,grid-bidder.criteo.com,request,2.6-202606,False,2,1,1
p001466,salon.com,grid-bidder.criteo.com,request,2.6-202606,False,5,4,1
p001467,salon.com,grid-bidder.criteo.com,request,2.6-202606,False,3,3,0
p001468,salon.com,grid-bidder.criteo.com,request,2.6-202606,False,3,3,0
p001469,salon.com,grid-bidder.criteo.com,request,2.6-202606,False,3,3,0
p001470,salon.com,grid-bidder.criteo.com,request,2.6-202606,False,3,3,0
p001471,salon.com,grid-bidder.criteo.com,request,2.6-202606,False,3,3,0
p001472,salon.com,grid-bidder.criteo.com,request,2.6-202606,False,2,1,1
p001473,salon.com,grid-bidder.criteo.com,request,2.6-202606,False,2,1,1
p001474,salon.com,grid-bidder.criteo.com,request,2.6-202606,False,3,3,0
p001475,salon.com,grid-bidder.criteo.com,request,2.6-202606,False,2,1,1
p001476,salon.com,grid-bidder.criteo.com,request,2.6-202606,False,2,1,1
p001477,vietstock.vn,grid-bidder.criteo.com,request,2.6-202606,True,0,0,0
p001478,vietstock.vn,grid-bidder.criteo.com,request,2.6-202606,True,0,0,0
p001479,webdesignerdepot.com,grid-bidder.criteo.com,request,2.6-202606,True,0,0,0
p001480,webdesignerdepot.com,grid-bidder.criteo.com,request,2.6-202606,False,2,1,1
p001481,webdesignerdepot.com,grid-bidder.criteo.com,request,2.6-202606,False,5,4,1
p001482,webdesignerdepot.com,grid-bidder.criteo.com,request,2.6-202606,False,3,3,0
p001483,webdesignerdepot.com,grid-bidder.criteo.com,request,2.6-202606,False,2,1,1
p001484,webdesignerdepot.com,grid-bidder.criteo.com,request,2.6-202606,False,2,1,1
p001485,zeldadungeon.net,grid-bidder.criteo.com,request,2.6-202606,False,1,1,0
p001486,webdesignerdepot.com,grid-bidder.criteo.com,request,2.6-202606,False,2,1,1
p001487,webdesignerdepot.com,grid-bidder.criteo.com,request,2.6-202606,False,2,1,1
p001488,webdesignerdepot.com,grid-bidder.criteo.com,request,2.6-202606,True,0,0,0
p001489,webdesignerdepot.com,grid-bidder.criteo.com,request,2.6-202606,True,0,0,0
p001490,webdesignerdepot.com,grid-bidder.criteo.com,request,2.6-202606,False,2,1,1
p001491,webdesignerdepot.com,grid-bidder.criteo.com,request,2.6-202606,False,5,4,1
p001492,webdesignerdepot.com,grid-bidder.criteo.com,request,2.6-202606,False,3,3,0
p001493,webdesignerdepot.com,grid-bidder.criteo.com,request,2.6-202606,False,3,3,0
p001494,webdesignerdepot.com,grid-bidder.criteo.com,request,2.6-202606,False,3,2,1
p001495,webdesignerdepot.com,grid-bidder.criteo.com,request,2.6-202606,False,2,1,1
p001496,webdesignerdepot.com,grid-bidder.criteo.com,request,2.6-202606,False,2,1,1
p001497,webdesignerdepot.com,grid-bidder.criteo.com,request,2.6-202606,False,2,1,1
p001498,webdesignerdepot.com,grid-bidder.criteo.com,request,2.6-202606,False,2,1,1
p001499,cupofjo.com,grid-bidder.criteo.com,response,2.6-202606,False,3,2,1
p001500,eonline.com,hb.emxdgt.com,request,2.6-202606,False,8,7,1
p001501,eonline.com,hb.emxdgt.com,request,2.6-202606,False,8,7,1
p001502,eonline.com,hb.emxdgt.com,request,2.6-202606,False,8,7,1
p001503,eonline.com,hb.emxdgt.com,request,2.6-202606,False,8,7,1
p001504,eonline.com,hb.emxdgt.com,request,2.6-202606,False,8,7,1
p001505,eonline.com,hb.emxdgt.com,request,2.6-202606,False,8,7,1
p001506,eonline.com,hb.emxdgt.com,request,2.6-202606,False,8,7,1
p001507,eonline.com,hb.emxdgt.com,request,2.6-202606,False,8,7,1
p001508,nesn.com,hb.emxdgt.com,request,2.6-202606,False,8,7,1
p001509,nesn.com,hb.emxdgt.com,request,2.6-202606,False,8,7,1
p001510,nesn.com,hb.emxdgt.com,request,2.6-202606,False,8,7,1
p001511,chicagotribune.com,hbopenbid.pubmatic.com,request,2.6-202606,False,5,3,2
p001512,cityam.com,hbopenbid.pubmatic.com,request,2.6-202606,False,4,3,1
p001513,cityam.com,hbopenbid.pubmatic.com,request,2.6-202606,False,4,3,1
p001514,cornucopia.se,hbopenbid.pubmatic.com,request,2.6-202606,False,1,1,0
p001515,cornucopia.se,hbopenbid.pubmatic.com,request,2.6-202606,False,1,1,0
p001516,cornucopia.se,hbopenbid.pubmatic.com,request,2.6-202606,False,1,1,0
p001517,cornucopia.se,hbopenbid.pubmatic.com,request,2.6-202606,False,1,1,0
p001518,cornucopia.se,hbopenbid.pubmatic.com,request,2.6-202606,False,1,1,0
p001519,cupofjo.com,hbopenbid.pubmatic.com,request,2.6-202606,True,0,0,0
p001520,cupofjo.com,hbopenbid.pubmatic.com,request,2.6-202606,True,0,0,0
p001521,cupofjo.com,hbopenbid.pubmatic.com,request,2.6-202606,False,2,1,1
p001522,cupofjo.com,hbopenbid.pubmatic.com,request,2.6-202606,False,2,1,1
p001523,cupofjo.com,hbopenbid.pubmatic.com,request,2.6-202606,False,2,1,1
p001524,eonline.com,hbopenbid.pubmatic.com,request,2.6-202606,False,2,1,1
p001525,eonline.com,hbopenbid.pubmatic.com,request,2.6-202606,False,2,1,1
p001526,eonline.com,hbopenbid.pubmatic.com,request,2.6-202606,False,2,1,1
p001527,eonline.com,hbopenbid.pubmatic.com,request,2.6-202606,False,2,1,1
p001528,eonline.com,hbopenbid.pubmatic.com,request,2.6-202606,False,2,1,1
p001529,eonline.com,hbopenbid.pubmatic.com,request,2.6-202606,False,2,1,1
p001530,eonline.com,hbopenbid.pubmatic.com,request,2.6-202606,False,2,1,1
p001531,eonline.com,hbopenbid.pubmatic.com,request,2.6-202606,False,2,1,1
p001532,fncstatic.com,hbopenbid.pubmatic.com,request,2.6-202606,True,1,0,1
p001533,fncstatic.com,hbopenbid.pubmatic.com,request,2.6-202606,True,0,0,0
p001534,fncstatic.com,hbopenbid.pubmatic.com,request,2.6-202606,True,1,0,1
p001535,fncstatic.com,hbopenbid.pubmatic.com,request,2.6-202606,True,0,0,0
p001536,fncstatic.com,hbopenbid.pubmatic.com,request,2.6-202606,True,0,0,0
p001537,fncstatic.com,hbopenbid.pubmatic.com,request,2.6-202606,True,0,0,0
p001538,fncstatic.com,hbopenbid.pubmatic.com,request,2.6-202606,True,0,0,0
p001539,fox11online.com,hbopenbid.pubmatic.com,request,2.6-202606,False,2,1,1
p001540,fox11online.com,hbopenbid.pubmatic.com,request,2.6-202606,False,2,1,1
p001541,fox11online.com,hbopenbid.pubmatic.com,request,2.6-202606,False,2,1,1
p001542,fox11online.com,hbopenbid.pubmatic.com,request,2.6-202606,False,2,1,1
p001543,fox11online.com,hbopenbid.pubmatic.com,request,2.6-202606,False,2,1,1
p001544,fox11online.com,hbopenbid.pubmatic.com,request,2.6-202606,True,0,0,0
p001545,fox11online.com,hbopenbid.pubmatic.com,request,2.6-202606,True,1,0,1
p001546,fox11online.com,hbopenbid.pubmatic.com,request,2.6-202606,True,1,0,1
p001547,fox11online.com,hbopenbid.pubmatic.com,request,2.6-202606,False,2,1,1
p001548,fox11online.com,hbopenbid.pubmatic.com,request,2.6-202606,False,2,1,1
p001549,fox11online.com,hbopenbid.pubmatic.com,request,2.6-202606,False,2,1,1
p001550,fox11online.com,hbopenbid.pubmatic.com,request,2.6-202606,False,2,1,1
p001551,fox11online.com,hbopenbid.pubmatic.com,request,2.6-202606,False,2,1,1
p001552,fox11online.com,hbopenbid.pubmatic.com,request,2.6-202606,False,2,1,1
p001553,fox11online.com,hbopenbid.pubmatic.com,request,2.6-202606,True,1,0,1
p001554,fox11online.com,hbopenbid.pubmatic.com,request,2.6-202606,True,1,0,1
p001555,futbol-11.com,hbopenbid.pubmatic.com,request,2.6-202606,False,1,1,0
p001556,fox11online.com,hbopenbid.pubmatic.com,request,2.6-202606,True,1,0,1
p001557,fox11online.com,hbopenbid.pubmatic.com,request,2.6-202606,True,1,0,1
p001558,halfbakedharvest.com,hbopenbid.pubmatic.com,request,2.6-202606,True,0,0,0
p001559,halfbakedharvest.com,hbopenbid.pubmatic.com,request,2.6-202606,True,0,0,0
p001560,halfbakedharvest.com,hbopenbid.pubmatic.com,request,2.6-202606,False,2,1,1
p001561,halfbakedharvest.com,hbopenbid.pubmatic.com,request,2.6-202606,False,2,1,1
p001562,halfbakedharvest.com,hbopenbid.pubmatic.com,request,2.6-202606,True,0,0,0
p001563,halfbakedharvest.com,hbopenbid.pubmatic.com,request,2.6-202606,True,0,0,0
p001564,halfbakedharvest.com,hbopenbid.pubmatic.com,request,2.6-202606,True,0,0,0
p001565,halfbakedharvest.com,hbopenbid.pubmatic.com,request,2.6-202606,False,2,1,1
p001566,halfbakedharvest.com,hbopenbid.pubmatic.com,request,2.6-202606,False,2,1,1
p001567,halfbakedharvest.com,hbopenbid.pubmatic.com,request,2.6-202606,False,2,1,1
p001568,loksatta.com,hbopenbid.pubmatic.com,request,2.6-202606,True,0,0,0
p001569,mthai.com,hbopenbid.pubmatic.com,request,2.6-202606,True,0,0,0
p001570,mthai.com,hbopenbid.pubmatic.com,request,2.6-202606,True,0,0,0
p001571,mthai.com,hbopenbid.pubmatic.com,request,2.6-202606,True,0,0,0
p001572,mthai.com,hbopenbid.pubmatic.com,request,2.6-202606,True,0,0,0
p001573,mthai.com,hbopenbid.pubmatic.com,request,2.6-202606,True,0,0,0
p001574,mthai.com,hbopenbid.pubmatic.com,request,2.6-202606,True,0,0,0
p001575,mthai.com,hbopenbid.pubmatic.com,request,2.6-202606,True,0,0,0
p001576,mthai.com,hbopenbid.pubmatic.com,request,2.6-202606,True,0,0,0
p001577,mthai.com,hbopenbid.pubmatic.com,request,2.6-202606,True,0,0,0
p001578,mthai.com,hbopenbid.pubmatic.com,request,2.6-202606,True,0,0,0
p001579,mthai.com,hbopenbid.pubmatic.com,request,2.6-202606,True,0,0,0
p001580,mthai.com,hbopenbid.pubmatic.com,request,2.6-202606,True,0,0,0
p001581,mthai.com,hbopenbid.pubmatic.com,request,2.6-202606,True,0,0,0
p001582,mthai.com,hbopenbid.pubmatic.com,request,2.6-202606,True,0,0,0
p001583,mthai.com,hbopenbid.pubmatic.com,request,2.6-202606,True,0,0,0
p001584,namemc.com,hbopenbid.pubmatic.com,request,2.6-202606,False,1,1,0
p001585,myjoyonline.com,hbopenbid.pubmatic.com,request,2.6-202606,False,1,1,0
p001586,nesn.com,hbopenbid.pubmatic.com,request,2.6-202606,False,2,1,1
p001587,nesn.com,hbopenbid.pubmatic.com,request,2.6-202606,False,2,1,1
p001588,nesn.com,hbopenbid.pubmatic.com,request,2.6-202606,False,2,1,1
p001589,philstar.com,hbopenbid.pubmatic.com,request,2.6-202606,False,1,1,0
p001590,pilotonline.com,hbopenbid.pubmatic.com,request,2.6-202606,False,5,3,2
p001591,purposegames.com,hbopenbid.pubmatic.com,request,2.6-202606,False,1,1,0
p001592,purposegames.com,hbopenbid.pubmatic.com,request,2.6-202606,False,1,1,0
p001593,ranker.com,hbopenbid.pubmatic.com,request,2.6-202606,True,0,0,0
p001594,rawstory.com,hbopenbid.pubmatic.com,request,2.6-202606,False,3,3,0
p001595,rawstory.com,hbopenbid.pubmatic.com,request,2.6-202606,False,3,3,0
p001596,salon.com,hbopenbid.pubmatic.com,request,2.6-202606,True,0,0,0
p001597,salon.com,hbopenbid.pubmatic.com,request,2.6-202606,True,0,0,0
p001598,salon.com,hbopenbid.pubmatic.com,request,2.6-202606,True,0,0,0
p001599,salon.com,hbopenbid.pubmatic.com,request,2.6-202606,True,0,0,0
p001600,salon.com,hbopenbid.pubmatic.com,request,2.6-202606,True,0,0,0
p001601,salon.com,hbopenbid.pubmatic.com,request,2.6-202606,False,2,1,1
p001602,salon.com,hbopenbid.pubmatic.com,request,2.6-202606,True,0,0,0
p001603,salon.com,hbopenbid.pubmatic.com,request,2.6-202606,False,2,1,1
p001604,salon.com,hbopenbid.pubmatic.com,request,2.6-202606,False,2,1,1
p001605,salon.com,hbopenbid.pubmatic.com,request,2.6-202606,True,0,0,0
p001606,salon.com,hbopenbid.pubmatic.com,request,2.6-202606,True,0,0,0
p001607,salon.com,hbopenbid.pubmatic.com,request,2.6-202606,True,0,0,0
p001608,salon.com,hbopenbid.pubmatic.com,request,2.6-202606,True,0,0,0
p001609,salon.com,hbopenbid.pubmatic.com,request,2.6-202606,True,0,0,0
p001610,salon.com,hbopenbid.pubmatic.com,request,2.6-202606,False,2,1,1
p001611,salon.com,hbopenbid.pubmatic.com,request,2.6-202606,False,2,1,1
p001612,salon.com,hbopenbid.pubmatic.com,request,2.6-202606,True,0,0,0
p001613,salon.com,hbopenbid.pubmatic.com,request,2.6-202606,False,2,1,1
p001614,salon.com,hbopenbid.pubmatic.com,request,2.6-202606,False,2,1,1
p001615,thesun.ie,hbopenbid.pubmatic.com,request,2.6-202606,False,4,3,1
p001616,upi.com,hbopenbid.pubmatic.com,request,2.6-202606,True,1,0,1
p001617,upi.com,hbopenbid.pubmatic.com,request,2.6-202606,True,1,0,1
p001618,upi.com,hbopenbid.pubmatic.com,request,2.6-202606,True,1,0,1
p001619,upi.com,hbopenbid.pubmatic.com,request,2.6-202606,True,1,0,1
p001620,upi.com,hbopenbid.pubmatic.com,request,2.6-202606,True,1,0,1
p001621,webdesignerdepot.com,hbopenbid.pubmatic.com,request,2.6-202606,True,0,0,0
p001622,webdesignerdepot.com,hbopenbid.pubmatic.com,request,2.6-202606,False,2,1,1
p001623,webdesignerdepot.com,hbopenbid.pubmatic.com,request,2.6-202606,False,2,1,1
p001624,webdesignerdepot.com,hbopenbid.pubmatic.com,request,2.6-202606,True,0,0,0
p001625,webdesignerdepot.com,hbopenbid.pubmatic.com,request,2.6-202606,False,2,1,1
p001626,webdesignerdepot.com,hbopenbid.pubmatic.com,request,2.6-202606,True,0,0,0
p001627,webdesignerdepot.com,hbopenbid.pubmatic.com,request,2.6-202606,True,0,0,0
p001628,webdesignerdepot.com,hbopenbid.pubmatic.com,request,2.6-202606,False,2,1,1
p001629,webdesignerdepot.com,hbopenbid.pubmatic.com,request,2.6-202606,False,2,1,1
p001630,webdesignerdepot.com,hbopenbid.pubmatic.com,request,2.6-202606,True,0,0,0
p001631,webdesignerdepot.com,hbopenbid.pubmatic.com,request,2.6-202606,True,0,0,0
p001632,webdesignerdepot.com,hbopenbid.pubmatic.com,request,2.6-202606,False,2,1,1
p001633,webdesignerdepot.com,hbopenbid.pubmatic.com,request,2.6-202606,False,2,1,1
p001634,webdesignerdepot.com,hbopenbid.pubmatic.com,request,2.6-202606,False,2,1,1
p001635,webdesignerdepot.com,hbopenbid.pubmatic.com,request,2.6-202606,False,2,1,1
p001636,chicagotribune.com,hbopenbid.pubmatic.com,response,2.6-202606,True,0,0,0
p001637,cityam.com,hbopenbid.pubmatic.com,response,2.6-202606,True,0,0,0
p001638,cityam.com,hbopenbid.pubmatic.com,response,2.6-202606,True,0,0,0
p001639,pilotonline.com,hbopenbid.pubmatic.com,response,2.6-202606,True,0,0,0
p001640,rawstory.com,hbopenbid.pubmatic.com,response,2.6-202606,True,0,0,0
p001641,rawstory.com,hbopenbid.pubmatic.com,response,2.6-202606,True,0,0,0
p001642,thesun.ie,hbopenbid.pubmatic.com,response,2.6-202606,True,0,0,0
p001643,autoguide.com,htlb.casalemedia.com,request,2.6-202606,False,1,1,0
p001644,autoguide.com,htlb.casalemedia.com,request,2.6-202606,False,1,1,0
p001645,autoguide.com,htlb.casalemedia.com,request,2.6-202606,False,1,1,0
p001646,autoguide.com,htlb.casalemedia.com,request,2.6-202606,False,1,1,0
p001647,autoguide.com,htlb.casalemedia.com,request,2.6-202606,False,1,1,0
p001648,autoguide.com,htlb.casalemedia.com,request,2.6-202606,False,1,1,0
p001649,autoguide.com,htlb.casalemedia.com,request,2.6-202606,False,1,1,0
p001650,autoguide.com,htlb.casalemedia.com,request,2.6-202606,False,1,1,0
p001651,autoguide.com,htlb.casalemedia.com,request,2.6-202606,False,1,1,0
p001652,autoguide.com,htlb.casalemedia.com,request,2.6-202606,False,1,1,0
p001653,autoguide.com,htlb.casalemedia.com,request,2.6-202606,False,1,1,0
p001654,autoguide.com,htlb.casalemedia.com,request,2.6-202606,False,1,1,0
p001655,autoguide.com,htlb.casalemedia.com,request,2.6-202606,False,1,1,0
p001656,autoguide.com,htlb.casalemedia.com,request,2.6-202606,False,1,1,0
p001657,autoguide.com,htlb.casalemedia.com,request,2.6-202606,False,1,1,0
p001658,barcablaugranes.com,htlb.casalemedia.com,request,2.6-202606,True,0,0,0
p001659,businessinsider.com,htlb.casalemedia.com,request,2.6-202606,True,0,0,0
p001660,barcablaugranes.com,htlb.casalemedia.com,request,2.6-202606,True,0,0,0
p001661,barcablaugranes.com,htlb.casalemedia.com,request,2.6-202606,True,0,0,0
p001662,barcablaugranes.com,htlb.casalemedia.com,request,2.6-202606,True,0,0,0
p001663,businessinsider.com,htlb.casalemedia.com,request,2.6-202606,True,0,0,0
p001664,barcablaugranes.com,htlb.casalemedia.com,request,2.6-202606,True,0,0,0
p001665,businessinsider.com,htlb.casalemedia.com,request,2.6-202606,True,0,0,0
p001666,businessinsider.com,htlb.casalemedia.com,request,2.6-202606,True,0,0,0
p001667,barcablaugranes.com,htlb.casalemedia.com,request,2.6-202606,True,0,0,0
p001668,barcablaugranes.com,htlb.casalemedia.com,request,2.6-202606,True,0,0,0
p001669,barcablaugranes.com,htlb.casalemedia.com,request,2.6-202606,True,0,0,0
p001670,barcablaugranes.com,htlb.casalemedia.com,request,2.6-202606,True,0,0,0
p001671,chl.ca,htlb.casalemedia.com,request,2.6-202606,False,1,1,0
p001672,chicagotribune.com,htlb.casalemedia.com,request,2.6-202606,True,0,0,0
p001673,chicagotribune.com,htlb.casalemedia.com,request,2.6-202606,False,2,1,1
p001674,chicagotribune.com,htlb.casalemedia.com,request,2.6-202606,False,2,1,1
p001675,chicagotribune.com,htlb.casalemedia.com,request,2.6-202606,True,0,0,0
p001676,chicagotribune.com,htlb.casalemedia.com,request,2.6-202606,True,0,0,0
p001677,chicagotribune.com,htlb.casalemedia.com,request,2.6-202606,False,2,1,1
p001678,chicagotribune.com,htlb.casalemedia.com,request,2.6-202606,True,0,0,0
p001679,chicagotribune.com,htlb.casalemedia.com,request,2.6-202606,True,0,0,0
p001680,chl.ca,htlb.casalemedia.com,request,2.6-202606,False,1,1,0
p001681,chicagotribune.com,htlb.casalemedia.com,request,2.6-202606,False,2,1,1
p001682,chicagotribune.com,htlb.casalemedia.com,request,2.6-202606,True,0,0,0
p001683,chicagotribune.com,htlb.casalemedia.com,request,2.6-202606,False,2,1,1
p001684,cityam.com,htlb.casalemedia.com,request,2.6-202606,False,1,1,0
p001685,coindesk.com,htlb.casalemedia.com,request,2.6-202606,True,0,0,0
p001686,coindesk.com,htlb.casalemedia.com,request,2.6-202606,False,1,1,0
p001687,cityam.com,htlb.casalemedia.com,request,2.6-202606,True,0,0,0
p001688,cornucopia.se,htlb.casalemedia.com,request,2.6-202606,False,1,1,0
p001689,cornucopia.se,htlb.casalemedia.com,request,2.6-202606,False,1,1,0
p001690,cupofjo.com,htlb.casalemedia.com,request,2.6-202606,True,0,0,0
p001691,cupofjo.com,htlb.casalemedia.com,request,2.6-202606,True,0,0,0
p001692,csfd.cz,htlb.casalemedia.com,request,2.6-202606,False,2,2,0
p001693,cupofjo.com,htlb.casalemedia.com,request,2.6-202606,True,0,0,0
p001694,cupofjo.com,htlb.casalemedia.com,request,2.6-202606,True,0,0,0
p001695,cupofjo.com,htlb.casalemedia.com,request,2.6-202606,False,3,2,1
p001696,csfd.cz,htlb.casalemedia.com,request,2.6-202606,False,2,2,0
p001697,cupofjo.com,htlb.casalemedia.com,request,2.6-202606,False,3,2,1
p001698,cupofjo.com,htlb.casalemedia.com,request,2.6-202606,False,3,2,1
p001699,cycletrader.com,htlb.casalemedia.com,request,2.6-202606,True,0,0,0
p001700,cycletrader.com,htlb.casalemedia.com,request,2.6-202606,True,0,0,0
p001701,cycletrader.com,htlb.casalemedia.com,request,2.6-202606,True,0,0,0
p001702,dailykos.com,htlb.casalemedia.com,request,2.6-202606,True,0,0,0
p001703,cycletrader.com,htlb.casalemedia.com,request,2.6-202606,True,0,0,0
p001704,cycletrader.com,htlb.casalemedia.com,request,2.6-202606,True,0,0,0
p001705,dailykos.com,htlb.casalemedia.com,request,2.6-202606,True,0,0,0
p001706,dailykos.com,htlb.casalemedia.com,request,2.6-202606,False,1,1,0
p001707,dailykos.com,htlb.casalemedia.com,request,2.6-202606,False,1,1,0
p001708,dailykos.com,htlb.casalemedia.com,request,2.6-202606,True,0,0,0
p001709,dailykos.com,htlb.casalemedia.com,request,2.6-202606,True,0,0,0
p001710,dailykos.com,htlb.casalemedia.com,request,2.6-202606,False,1,1,0
p001711,elespectador.com,htlb.casalemedia.com,request,2.6-202606,False,1,1,0
p001712,elespectador.com,htlb.casalemedia.com,request,2.6-202606,False,1,1,0
p001713,elespectador.com,htlb.casalemedia.com,request,2.6-202606,False,1,1,0
p001714,elespectador.com,htlb.casalemedia.com,request,2.6-202606,False,1,1,0
p001715,elespectador.com,htlb.casalemedia.com,request,2.6-202606,False,1,1,0
p001716,elespectador.com,htlb.casalemedia.com,request,2.6-202606,False,1,1,0
p001717,eonline.com,htlb.casalemedia.com,request,2.6-202606,True,0,0,0
p001718,eonline.com,htlb.casalemedia.com,request,2.6-202606,True,0,0,0
p001719,eonline.com,htlb.casalemedia.com,request,2.6-202606,True,0,0,0
p001720,eonline.com,htlb.casalemedia.com,request,2.6-202606,True,0,0,0
p001721,eonline.com,htlb.casalemedia.com,request,2.6-202606,True,0,0,0
p001722,eonline.com,htlb.casalemedia.com,request,2.6-202606,True,0,0,0
p001723,eonline.com,htlb.casalemedia.com,request,2.6-202606,True,0,0,0
p001724,eonline.com,htlb.casalemedia.com,request,2.6-202606,True,0,0,0
p001725,fncstatic.com,htlb.casalemedia.com,request,2.6-202606,True,0,0,0
p001726,fncstatic.com,htlb.casalemedia.com,request,2.6-202606,False,2,1,1
p001727,fncstatic.com,htlb.casalemedia.com,request,2.6-202606,True,0,0,0
p001728,fncstatic.com,htlb.casalemedia.com,request,2.6-202606,False,2,1,1
p001729,fncstatic.com,htlb.casalemedia.com,request,2.6-202606,True,0,0,0
p001730,fncstatic.com,htlb.casalemedia.com,request,2.6-202606,True,0,0,0
p001731,fncstatic.com,htlb.casalemedia.com,request,2.6-202606,True,0,0,0
p001732,fncstatic.com,htlb.casalemedia.com,request,2.6-202606,True,0,0,0
p001733,fox11online.com,htlb.casalemedia.com,request,2.6-202606,False,3,2,1
p001734,fox11online.com,htlb.casalemedia.com,request,2.6-202606,False,1,1,0
p001735,fox11online.com,htlb.casalemedia.com,request,2.6-202606,False,3,2,1
p001736,fox11online.com,htlb.casalemedia.com,request,2.6-202606,False,1,1,0
p001737,fox11online.com,htlb.casalemedia.com,request,2.6-202606,False,2,1,1
p001738,fox11online.com,htlb.casalemedia.com,request,2.6-202606,True,0,0,0
p001739,fox11online.com,htlb.casalemedia.com,request,2.6-202606,True,0,0,0
p001740,fox11online.com,htlb.casalemedia.com,request,2.6-202606,False,2,1,1
p001741,fox11online.com,htlb.casalemedia.com,request,2.6-202606,False,2,1,1
p001742,fox11online.com,htlb.casalemedia.com,request,2.6-202606,False,2,1,1
p001743,fox11online.com,htlb.casalemedia.com,request,2.6-202606,False,2,1,1
p001744,fox11online.com,htlb.casalemedia.com,request,2.6-202606,False,2,1,1
p001745,fox11online.com,htlb.casalemedia.com,request,2.6-202606,False,2,1,1
p001746,giantfreakinrobot.com,htlb.casalemedia.com,request,2.6-202606,False,1,1,0
p001747,giantfreakinrobot.com,htlb.casalemedia.com,request,2.6-202606,False,4,3,1
p001748,giantfreakinrobot.com,htlb.casalemedia.com,request,2.6-202606,False,1,1,0
p001749,giantfreakinrobot.com,htlb.casalemedia.com,request,2.6-202606,False,1,1,0
p001750,halfbakedharvest.com,htlb.casalemedia.com,request,2.6-202606,True,0,0,0
p001751,halfbakedharvest.com,htlb.casalemedia.com,request,2.6-202606,True,0,0,0
p001752,halfbakedharvest.com,htlb.casalemedia.com,request,2.6-202606,False,3,2,1
p001753,halfbakedharvest.com,htlb.casalemedia.com,request,2.6-202606,False,3,2,1
p001754,halfbakedharvest.com,htlb.casalemedia.com,request,2.6-202606,True,0,0,0
p001755,hokkaido-np.co.jp,htlb.casalemedia.com,request,2.6-202606,True,0,0,0
p001756,halfbakedharvest.com,htlb.casalemedia.com,request,2.6-202606,True,0,0,0
p001757,halfbakedharvest.com,htlb.casalemedia.com,request,2.6-202606,True,0,0,0
p001758,halfbakedharvest.com,htlb.casalemedia.com,request,2.6-202606,False,3,2,1
p001759,halfbakedharvest.com,htlb.casalemedia.com,request,2.6-202606,False,3,2,1
p001760,halfbakedharvest.com,htlb.casalemedia.com,request,2.6-202606,False,3,2,1
p001761,hokkaido-np.co.jp,htlb.casalemedia.com,request,2.6-202606,True,0,0,0
p001762,howlongtobeat.com,htlb.casalemedia.com,request,2.6-202606,True,0,0,0
p001763,imore.com,htlb.casalemedia.com,request,2.6-202606,False,1,1,0
p001764,imore.com,htlb.casalemedia.com,request,2.6-202606,False,1,1,0
p001765,iheart.com,htlb.casalemedia.com,request,2.6-202606,False,3,2,1
p001766,imore.com,htlb.casalemedia.com,request,2.6-202606,False,1,1,0
p001767,iheart.com,htlb.casalemedia.com,request,2.6-202606,False,3,2,1
p001768,kptv.com,htlb.casalemedia.com,request,2.6-202606,True,0,0,0
p001769,kptv.com,htlb.casalemedia.com,request,2.6-202606,True,0,0,0
p001770,kptv.com,htlb.casalemedia.com,request,2.6-202606,True,0,0,0
p001771,kptv.com,htlb.casalemedia.com,request,2.6-202606,True,0,0,0
p001772,kptv.com,htlb.casalemedia.com,request,2.6-202606,True,0,0,0
p001773,kptv.com,htlb.casalemedia.com,request,2.6-202606,True,0,0,0
p001774,kptv.com,htlb.casalemedia.com,request,2.6-202606,True,0,0,0
p001775,kptv.com,htlb.casalemedia.com,request,2.6-202606,True,0,0,0
p001776,kptv.com,htlb.casalemedia.com,request,2.6-202606,True,0,0,0
p001777,kptv.com,htlb.casalemedia.com,request,2.6-202606,True,0,0,0
p001778,kptv.com,htlb.casalemedia.com,request,2.6-202606,True,0,0,0
p001779,kptv.com,htlb.casalemedia.com,request,2.6-202606,True,0,0,0
p001780,kptv.com,htlb.casalemedia.com,request,2.6-202606,True,0,0,0
p001781,loksatta.com,htlb.casalemedia.com,request,2.6-202606,True,0,0,0
p001782,moly.hu,htlb.casalemedia.com,request,2.6-202606,False,1,1,0
p001783,moly.hu,htlb.casalemedia.com,request,2.6-202606,False,1,1,0
p001784,montgomeryadvertiser.com,htlb.casalemedia.com,request,2.6-202606,False,4,3,1
p001785,mthai.com,htlb.casalemedia.com,request,2.6-202606,True,0,0,0
p001786,montgomeryadvertiser.com,htlb.casalemedia.com,request,2.6-202606,False,4,3,1
p001787,mthai.com,htlb.casalemedia.com,request,2.6-202606,True,0,0,0
p001788,namemc.com,htlb.casalemedia.com,request,2.6-202606,False,1,1,0
p001789,namemc.com,htlb.casalemedia.com,request,2.6-202606,False,2,1,1
p001790,namemc.com,htlb.casalemedia.com,request,2.6-202606,False,2,1,1
p001791,namemc.com,htlb.casalemedia.com,request,2.6-202606,False,2,1,1
p001792,namemc.com,htlb.casalemedia.com,request,2.6-202606,False,2,1,1
p001793,namemc.com,htlb.casalemedia.com,request,2.6-202606,False,2,1,1
p001794,namemc.com,htlb.casalemedia.com,request,2.6-202606,False,2,1,1
p001795,nbcconnecticut.com,htlb.casalemedia.com,request,2.6-202606,True,0,0,0
p001796,nbcconnecticut.com,htlb.casalemedia.com,request,2.6-202606,True,0,0,0
p001797,nbcconnecticut.com,htlb.casalemedia.com,request,2.6-202606,True,0,0,0
p001798,nbcconnecticut.com,htlb.casalemedia.com,request,2.6-202606,True,0,0,0
p001799,nbcconnecticut.com,htlb.casalemedia.com,request,2.6-202606,True,0,0,0
p001800,nbcconnecticut.com,htlb.casalemedia.com,request,2.6-202606,True,0,0,0
p001801,nbcconnecticut.com,htlb.casalemedia.com,request,2.6-202606,True,0,0,0
p001802,nbcconnecticut.com,htlb.casalemedia.com,request,2.6-202606,True,0,0,0
p001803,nbcconnecticut.com,htlb.casalemedia.com,request,2.6-202606,True,0,0,0
p001804,nbcconnecticut.com,htlb.casalemedia.com,request,2.6-202606,True,0,0,0
p001805,nbcconnecticut.com,htlb.casalemedia.com,request,2.6-202606,True,0,0,0
p001806,nbcconnecticut.com,htlb.casalemedia.com,request,2.6-202606,True,0,0,0
p001807,nbcconnecticut.com,htlb.casalemedia.com,request,2.6-202606,True,0,0,0
p001808,nbcconnecticut.com,htlb.casalemedia.com,request,2.6-202606,True,0,0,0
p001809,nesn.com,htlb.casalemedia.com,request,2.6-202606,True,0,0,0
p001810,nesn.com,htlb.casalemedia.com,request,2.6-202606,True,0,0,0
p001811,nbcconnecticut.com,htlb.casalemedia.com,request,2.6-202606,True,0,0,0
p001812,nbcconnecticut.com,htlb.casalemedia.com,request,2.6-202606,True,0,0,0
p001813,nbcconnecticut.com,htlb.casalemedia.com,request,2.6-202606,True,0,0,0
p001814,nbcconnecticut.com,htlb.casalemedia.com,request,2.6-202606,True,0,0,0
p001815,nbcconnecticut.com,htlb.casalemedia.com,request,2.6-202606,True,0,0,0
p001816,nesn.com,htlb.casalemedia.com,request,2.6-202606,True,0,0,0
p001817,nintendoeverything.com,htlb.casalemedia.com,request,2.6-202606,False,4,3,1
p001818,nintendoeverything.com,htlb.casalemedia.com,request,2.6-202606,False,10,7,3
p001819,nintendoeverything.com,htlb.casalemedia.com,request,2.6-202606,False,4,3,1
p001820,nintendoeverything.com,htlb.casalemedia.com,request,2.6-202606,False,4,3,1
p001821,oneindia.com,htlb.casalemedia.com,request,2.6-202606,True,0,0,0
p001822,oneindia.com,htlb.casalemedia.com,request,2.6-202606,True,0,0,0
p001823,nintendoeverything.com,htlb.casalemedia.com,request,2.6-202606,False,7,5,2
p001824,nintendoeverything.com,htlb.casalemedia.com,request,2.6-202606,False,4,3,1
p001825,nintendoeverything.com,htlb.casalemedia.com,request,2.6-202606,False,3,2,1
p001826,nintendoeverything.com,htlb.casalemedia.com,request,2.6-202606,False,4,3,1
p001827,nintendoeverything.com,htlb.casalemedia.com,request,2.6-202606,False,3,2,1
p001828,outsideonline.com,htlb.casalemedia.com,request,2.6-202606,False,1,1,0
p001829,outsideonline.com,htlb.casalemedia.com,request,2.6-202606,False,1,1,0
p001830,outsideonline.com,htlb.casalemedia.com,request,2.6-202606,False,1,1,0
p001831,outsideonline.com,htlb.casalemedia.com,request,2.6-202606,False,1,1,0
p001832,outsideonline.com,htlb.casalemedia.com,request,2.6-202606,False,1,1,0
p001833,oneindia.com,htlb.casalemedia.com,request,2.6-202606,True,0,0,0
p001834,oneindia.com,htlb.casalemedia.com,request,2.6-202606,True,0,0,0
p001835,outsideonline.com,htlb.casalemedia.com,request,2.6-202606,False,1,1,0
p001836,outsideonline.com,htlb.casalemedia.com,request,2.6-202606,False,1,1,0
p001837,outsideonline.com,htlb.casalemedia.com,request,2.6-202606,False,1,1,0
p001838,outsideonline.com,htlb.casalemedia.com,request,2.6-202606,False,1,1,0
p001839,outsideonline.com,htlb.casalemedia.com,request,2.6-202606,False,1,1,0
p001840,outsideonline.com,htlb.casalemedia.com,request,2.6-202606,False,1,1,0
p001841,outsideonline.com,htlb.casalemedia.com,request,2.6-202606,False,1,1,0
p001842,pilotonline.com,htlb.casalemedia.com,request,2.6-202606,True,0,0,0
p001843,pilotonline.com,htlb.casalemedia.com,request,2.6-202606,False,2,1,1
p001844,pilotonline.com,htlb.casalemedia.com,request,2.6-202606,True,0,0,0
p001845,pilotonline.com,htlb.casalemedia.com,request,2.6-202606,False,2,1,1
p001846,pilotonline.com,htlb.casalemedia.com,request,2.6-202606,True,0,0,0
p001847,pilotonline.com,htlb.casalemedia.com,request,2.6-202606,True,0,0,0
p001848,pilotonline.com,htlb.casalemedia.com,request,2.6-202606,True,0,0,0
p001849,philstar.com,htlb.casalemedia.com,request,2.6-202606,False,1,1,0
p001850,pilotonline.com,htlb.casalemedia.com,request,2.6-202606,False,2,1,1
p001851,pilotonline.com,htlb.casalemedia.com,request,2.6-202606,True,0,0,0
p001852,pilotonline.com,htlb.casalemedia.com,request,2.6-202606,True,0,0,0
p001853,purposegames.com,htlb.casalemedia.com,request,2.6-202606,False,1,1,0
p001854,psychcentral.com,htlb.casalemedia.com,request,2.6-202606,False,2,1,1
p001855,purposegames.com,htlb.casalemedia.com,request,2.6-202606,False,1,1,0
p001856,ranker.com,htlb.casalemedia.com,request,2.6-202606,True,0,0,0
p001857,rawstory.com,htlb.casalemedia.com,request,2.6-202606,False,2,2,0
p001858,rawstory.com,htlb.casalemedia.com,request,2.6-202606,False,2,2,0
p001859,rawstory.com,htlb.casalemedia.com,request,2.6-202606,False,2,2,0
p001860,rawstory.com,htlb.casalemedia.com,request,2.6-202606,False,2,2,0
p001861,salon.com,htlb.casalemedia.com,request,2.6-202606,True,0,0,0
p001862,salon.com,htlb.casalemedia.com,request,2.6-202606,True,0,0,0
p001863,self.com,htlb.casalemedia.com,request,2.6-202606,False,4,3,1
p001864,self.com,htlb.casalemedia.com,request,2.6-202606,True,0,0,0
p001865,self.com,htlb.casalemedia.com,request,2.6-202606,True,0,0,0
p001866,self.com,htlb.casalemedia.com,request,2.6-202606,True,0,0,0
p001867,socialblade.com,htlb.casalemedia.com,request,2.6-202606,False,3,2,1
p001868,salon.com,htlb.casalemedia.com,request,2.6-202606,True,0,0,0
p001869,salon.com,htlb.casalemedia.com,request,2.6-202606,True,0,0,0
p001870,salon.com,htlb.casalemedia.com,request,2.6-202606,True,0,0,0
p001871,salon.com,htlb.casalemedia.com,request,2.6-202606,False,3,2,1
p001872,salon.com,htlb.casalemedia.com,request,2.6-202606,True,0,0,0
p001873,salon.com,htlb.casalemedia.com,request,2.6-202606,False,3,2,1
p001874,salon.com,htlb.casalemedia.com,request,2.6-202606,False,3,2,1
p001875,salon.com,htlb.casalemedia.com,request,2.6-202606,True,0,0,0
p001876,salon.com,htlb.casalemedia.com,request,2.6-202606,True,0,0,0
p001877,salon.com,htlb.casalemedia.com,request,2.6-202606,True,0,0,0
p001878,salon.com,htlb.casalemedia.com,request,2.6-202606,True,0,0,0
p001879,salon.com,htlb.casalemedia.com,request,2.6-202606,True,0,0,0
p001880,salon.com,htlb.casalemedia.com,request,2.6-202606,False,3,2,1
p001881,salon.com,htlb.casalemedia.com,request,2.6-202606,False,3,2,1
p001882,salon.com,htlb.casalemedia.com,request,2.6-202606,True,0,0,0
p001883,salon.com,htlb.casalemedia.com,request,2.6-202606,False,3,2,1
p001884,salon.com,htlb.casalemedia.com,request,2.6-202606,False,3,2,1
p001885,self.com,htlb.casalemedia.com,request,2.6-202606,False,4,3,1
p001886,self.com,htlb.casalemedia.com,request,2.6-202606,True,0,0,0
p001887,self.com,htlb.casalemedia.com,request,2.6-202606,True,0,0,0
p001888,self.com,htlb.casalemedia.com,request,2.6-202606,True,0,0,0
p001889,self.com,htlb.casalemedia.com,request,2.6-202606,True,0,0,0
p001890,self.com,htlb.casalemedia.com,request,2.6-202606,True,0,0,0
p001891,self.com,htlb.casalemedia.com,request,2.6-202606,True,0,0,0
p001892,teletica.com,htlb.casalemedia.com,request,2.6-202606,False,2,2,0
p001893,teletica.com,htlb.casalemedia.com,request,2.6-202606,False,2,2,0
p001894,teletica.com,htlb.casalemedia.com,request,2.6-202606,False,2,2,0
p001895,tennessean.com,htlb.casalemedia.com,request,2.6-202606,False,4,3,1
p001896,thestar.com,htlb.casalemedia.com,request,2.6-202606,True,0,0,0
p001897,thestar.com,htlb.casalemedia.com,request,2.6-202606,True,0,0,0
p001898,thesun.ie,htlb.casalemedia.com,request,2.6-202606,False,2,2,0
p001899,thesun.ie,htlb.casalemedia.com,request,2.6-202606,False,1,1,0
p001900,thesun.ie,htlb.casalemedia.com,request,2.6-202606,False,1,1,0
p001901,thesun.ie,htlb.casalemedia.com,request,2.6-202606,False,2,2,0
p001902,thesun.ie,htlb.casalemedia.com,request,2.6-202606,False,1,1,0
p001903,thesun.ie,htlb.casalemedia.com,request,2.6-202606,False,1,1,0
p001904,thesun.ie,htlb.casalemedia.com,request,2.6-202606,False,1,1,0
p001905,thesun.ie,htlb.casalemedia.com,request,2.6-202606,False,3,2,1
p001906,tio.ch,htlb.casalemedia.com,request,2.6-202606,False,6,5,1
p001907,tio.ch,htlb.casalemedia.com,request,2.6-202606,False,2,2,0
p001908,tio.ch,htlb.casalemedia.com,request,2.6-202606,False,2,2,0
p001909,tio.ch,htlb.casalemedia.com,request,2.6-202606,False,2,2,0
p001910,tio.ch,htlb.casalemedia.com,request,2.6-202606,False,2,2,0
p001911,treehugger.com,htlb.casalemedia.com,request,2.6-202606,False,1,1,0
p001912,treehugger.com,htlb.casalemedia.com,request,2.6-202606,False,1,1,0
p001913,upi.com,htlb.casalemedia.com,request,2.6-202606,False,1,1,0
p001914,upi.com,htlb.casalemedia.com,request,2.6-202606,False,1,1,0
p001915,upi.com,htlb.casalemedia.com,request,2.6-202606,True,0,0,0
p001916,upi.com,htlb.casalemedia.com,request,2.6-202606,True,0,0,0
p001917,urbandictionary.com,htlb.casalemedia.com,request,2.6-202606,True,0,0,0
p001918,urbandictionary.com,htlb.casalemedia.com,request,2.6-202606,True,0,0,0
p001919,urbandictionary.com,htlb.casalemedia.com,request,2.6-202606,True,0,0,0
p001920,upi.com,htlb.casalemedia.com,request,2.6-202606,False,1,1,0
p001921,vice.com,htlb.casalemedia.com,request,2.6-202606,True,0,0,0
p001922,vice.com,htlb.casalemedia.com,request,2.6-202606,True,0,0,0
p001923,vietstock.vn,htlb.casalemedia.com,request,2.6-202606,True,0,0,0
p001924,vietstock.vn,htlb.casalemedia.com,request,2.6-202606,True,0,0,0
p001925,webdesignerdepot.com,htlb.casalemedia.com,request,2.6-202606,True,0,0,0
p001926,webdesignerdepot.com,htlb.casalemedia.com,request,2.6-202606,False,3,2,1
p001927,webdesignerdepot.com,htlb.casalemedia.com,request,2.6-202606,False,3,2,1
p001928,webdesignerdepot.com,htlb.casalemedia.com,request,2.6-202606,True,0,0,0
p001929,zeldadungeon.net,htlb.casalemedia.com,request,2.6-202606,False,1,1,0
p001930,webdesignerdepot.com,htlb.casalemedia.com,request,2.6-202606,False,3,2,1
p001931,webdesignerdepot.com,htlb.casalemedia.com,request,2.6-202606,True,0,0,0
p001932,webdesignerdepot.com,htlb.casalemedia.com,request,2.6-202606,True,0,0,0
p001933,webdesignerdepot.com,htlb.casalemedia.com,request,2.6-202606,False,3,2,1
p001934,webdesignerdepot.com,htlb.casalemedia.com,request,2.6-202606,False,3,2,1
p001935,webdesignerdepot.com,htlb.casalemedia.com,request,2.6-202606,True,0,0,0
p001936,webdesignerdepot.com,htlb.casalemedia.com,request,2.6-202606,True,0,0,0
p001937,webdesignerdepot.com,htlb.casalemedia.com,request,2.6-202606,True,0,0,0
p001938,webdesignerdepot.com,htlb.casalemedia.com,request,2.6-202606,False,3,2,1
p001939,webdesignerdepot.com,htlb.casalemedia.com,request,2.6-202606,False,3,2,1
p001940,webdesignerdepot.com,htlb.casalemedia.com,request,2.6-202606,False,3,2,1
p001941,autoguide.com,htlb.casalemedia.com,response,2.6-202606,False,1,1,0
p001942,autoguide.com,htlb.casalemedia.com,response,2.6-202606,False,1,1,0
p001943,autoguide.com,htlb.casalemedia.com,response,2.6-202606,False,1,1,0
p001944,autoguide.com,htlb.casalemedia.com,response,2.6-202606,False,1,1,0
p001945,autoguide.com,htlb.casalemedia.com,response,2.6-202606,False,1,1,0
p001946,autoguide.com,htlb.casalemedia.com,response,2.6-202606,False,1,1,0
p001947,autoguide.com,htlb.casalemedia.com,response,2.6-202606,False,1,1,0
p001948,autoguide.com,htlb.casalemedia.com,response,2.6-202606,False,1,1,0
p001949,autoguide.com,htlb.casalemedia.com,response,2.6-202606,False,1,1,0
p001950,autoguide.com,htlb.casalemedia.com,response,2.6-202606,False,1,1,0
p001951,autoguide.com,htlb.casalemedia.com,response,2.6-202606,False,1,1,0
p001952,autoguide.com,htlb.casalemedia.com,response,2.6-202606,False,1,1,0
p001953,autoguide.com,htlb.casalemedia.com,response,2.6-202606,False,1,1,0
p001954,autoguide.com,htlb.casalemedia.com,response,2.6-202606,False,1,1,0
p001955,autoguide.com,htlb.casalemedia.com,response,2.6-202606,False,1,1,0
p001956,barcablaugranes.com,htlb.casalemedia.com,response,2.6-202606,False,1,1,0
p001957,businessinsider.com,htlb.casalemedia.com,response,2.6-202606,False,1,1,0
p001958,barcablaugranes.com,htlb.casalemedia.com,response,2.6-202606,False,1,1,0
p001959,barcablaugranes.com,htlb.casalemedia.com,response,2.6-202606,False,1,1,0
p001960,barcablaugranes.com,htlb.casalemedia.com,response,2.6-202606,False,1,1,0
p001961,businessinsider.com,htlb.casalemedia.com,response,2.6-202606,False,1,1,0
p001962,barcablaugranes.com,htlb.casalemedia.com,response,2.6-202606,False,1,1,0
p001963,businessinsider.com,htlb.casalemedia.com,response,2.6-202606,False,1,1,0
p001964,businessinsider.com,htlb.casalemedia.com,response,2.6-202606,False,1,1,0
p001965,barcablaugranes.com,htlb.casalemedia.com,response,2.6-202606,False,1,1,0
p001966,barcablaugranes.com,htlb.casalemedia.com,response,2.6-202606,False,1,1,0
p001967,barcablaugranes.com,htlb.casalemedia.com,response,2.6-202606,False,1,1,0
p001968,barcablaugranes.com,htlb.casalemedia.com,response,2.6-202606,False,1,1,0
p001969,chl.ca,htlb.casalemedia.com,response,2.6-202606,False,1,1,0
p001970,chl.ca,htlb.casalemedia.com,response,2.6-202606,False,1,1,0
p001971,cityam.com,htlb.casalemedia.com,response,2.6-202606,False,1,1,0
p001972,coindesk.com,htlb.casalemedia.com,response,2.6-202606,False,1,1,0
p001973,coindesk.com,htlb.casalemedia.com,response,2.6-202606,False,1,1,0
p001974,cityam.com,htlb.casalemedia.com,response,2.6-202606,False,1,1,0
p001975,cupofjo.com,htlb.casalemedia.com,response,2.6-202606,False,1,1,0
p001976,cupofjo.com,htlb.casalemedia.com,response,2.6-202606,False,1,1,0
p001977,cupofjo.com,htlb.casalemedia.com,response,2.6-202606,False,1,1,0
p001978,cupofjo.com,htlb.casalemedia.com,response,2.6-202606,False,1,1,0
p001979,cupofjo.com,htlb.casalemedia.com,response,2.6-202606,False,1,1,0
p001980,cupofjo.com,htlb.casalemedia.com,response,2.6-202606,False,1,1,0
p001981,cupofjo.com,htlb.casalemedia.com,response,2.6-202606,False,1,1,0
p001982,dailykos.com,htlb.casalemedia.com,response,2.6-202606,False,1,1,0
p001983,dailykos.com,htlb.casalemedia.com,response,2.6-202606,False,1,1,0
p001984,dailykos.com,htlb.casalemedia.com,response,2.6-202606,False,1,1,0
p001985,dailykos.com,htlb.casalemedia.com,response,2.6-202606,False,1,1,0
p001986,dailykos.com,htlb.casalemedia.com,response,2.6-202606,False,1,1,0
p001987,dailykos.com,htlb.casalemedia.com,response,2.6-202606,False,1,1,0
p001988,dailykos.com,htlb.casalemedia.com,response,2.6-202606,False,1,1,0
p001989,eonline.com,htlb.casalemedia.com,response,2.6-202606,False,1,1,0
p001990,eonline.com,htlb.casalemedia.com,response,2.6-202606,False,1,1,0
p001991,eonline.com,htlb.casalemedia.com,response,2.6-202606,False,1,1,0
p001992,eonline.com,htlb.casalemedia.com,response,2.6-202606,False,1,1,0
p001993,eonline.com,htlb.casalemedia.com,response,2.6-202606,False,1,1,0
p001994,eonline.com,htlb.casalemedia.com,response,2.6-202606,False,1,1,0
p001995,eonline.com,htlb.casalemedia.com,response,2.6-202606,False,1,1,0
p001996,eonline.com,htlb.casalemedia.com,response,2.6-202606,False,1,1,0
p001997,fox11online.com,htlb.casalemedia.com,response,2.6-202606,False,1,1,0
p001998,fox11online.com,htlb.casalemedia.com,response,2.6-202606,False,1,1,0
p001999,fox11online.com,htlb.casalemedia.com,response,2.6-202606,False,1,1,0
p002000,fox11online.com,htlb.casalemedia.com,response,2.6-202606,False,1,1,0
p002001,fox11online.com,htlb.casalemedia.com,response,2.6-202606,False,1,1,0
p002002,fox11online.com,htlb.casalemedia.com,response,2.6-202606,False,1,1,0
p002003,fox11online.com,htlb.casalemedia.com,response,2.6-202606,False,1,1,0
p002004,giantfreakinrobot.com,htlb.casalemedia.com,response,2.6-202606,False,1,1,0
p002005,giantfreakinrobot.com,htlb.casalemedia.com,response,2.6-202606,False,1,1,0
p002006,giantfreakinrobot.com,htlb.casalemedia.com,response,2.6-202606,False,1,1,0
p002007,giantfreakinrobot.com,htlb.casalemedia.com,response,2.6-202606,False,1,1,0
p002008,halfbakedharvest.com,htlb.casalemedia.com,response,2.6-202606,False,1,1,0
p002009,halfbakedharvest.com,htlb.casalemedia.com,response,2.6-202606,False,1,1,0
p002010,halfbakedharvest.com,htlb.casalemedia.com,response,2.6-202606,False,1,1,0
p002011,halfbakedharvest.com,htlb.casalemedia.com,response,2.6-202606,False,1,1,0
p002012,halfbakedharvest.com,htlb.casalemedia.com,response,2.6-202606,False,1,1,0
p002013,hokkaido-np.co.jp,htlb.casalemedia.com,response,2.6-202606,False,1,1,0
p002014,halfbakedharvest.com,htlb.casalemedia.com,response,2.6-202606,False,1,1,0
p002015,halfbakedharvest.com,htlb.casalemedia.com,response,2.6-202606,False,1,1,0
p002016,halfbakedharvest.com,htlb.casalemedia.com,response,2.6-202606,False,1,1,0
p002017,halfbakedharvest.com,htlb.casalemedia.com,response,2.6-202606,False,1,1,0
p002018,halfbakedharvest.com,htlb.casalemedia.com,response,2.6-202606,False,1,1,0
p002019,hokkaido-np.co.jp,htlb.casalemedia.com,response,2.6-202606,False,1,1,0
p002020,howlongtobeat.com,htlb.casalemedia.com,response,2.6-202606,False,1,1,0
p002021,imore.com,htlb.casalemedia.com,response,2.6-202606,False,1,1,0
p002022,imore.com,htlb.casalemedia.com,response,2.6-202606,False,1,1,0
p002023,iheart.com,htlb.casalemedia.com,response,2.6-202606,False,1,1,0
p002024,imore.com,htlb.casalemedia.com,response,2.6-202606,False,1,1,0
p002025,iheart.com,htlb.casalemedia.com,response,2.6-202606,False,1,1,0
p002026,montgomeryadvertiser.com,htlb.casalemedia.com,response,2.6-202606,False,1,1,0
p002027,montgomeryadvertiser.com,htlb.casalemedia.com,response,2.6-202606,False,1,1,0
p002028,namemc.com,htlb.casalemedia.com,response,2.6-202606,False,1,1,0
p002029,namemc.com,htlb.casalemedia.com,response,2.6-202606,False,1,1,0
p002030,namemc.com,htlb.casalemedia.com,response,2.6-202606,False,1,1,0
p002031,namemc.com,htlb.casalemedia.com,response,2.6-202606,False,1,1,0
p002032,namemc.com,htlb.casalemedia.com,response,2.6-202606,False,1,1,0
p002033,namemc.com,htlb.casalemedia.com,response,2.6-202606,False,1,1,0
p002034,nbcconnecticut.com,htlb.casalemedia.com,response,2.6-202606,False,1,1,0
p002035,nbcconnecticut.com,htlb.casalemedia.com,response,2.6-202606,False,1,1,0
p002036,nbcconnecticut.com,htlb.casalemedia.com,response,2.6-202606,False,1,1,0
p002037,nbcconnecticut.com,htlb.casalemedia.com,response,2.6-202606,False,1,1,0
p002038,nbcconnecticut.com,htlb.casalemedia.com,response,2.6-202606,False,1,1,0
p002039,nbcconnecticut.com,htlb.casalemedia.com,response,2.6-202606,False,1,1,0
p002040,nbcconnecticut.com,htlb.casalemedia.com,response,2.6-202606,False,1,1,0
p002041,nbcconnecticut.com,htlb.casalemedia.com,response,2.6-202606,False,1,1,0
p002042,nbcconnecticut.com,htlb.casalemedia.com,response,2.6-202606,False,1,1,0
p002043,nbcconnecticut.com,htlb.casalemedia.com,response,2.6-202606,False,1,1,0
p002044,nbcconnecticut.com,htlb.casalemedia.com,response,2.6-202606,False,1,1,0
p002045,nbcconnecticut.com,htlb.casalemedia.com,response,2.6-202606,False,1,1,0
p002046,nbcconnecticut.com,htlb.casalemedia.com,response,2.6-202606,False,1,1,0
p002047,nbcconnecticut.com,htlb.casalemedia.com,response,2.6-202606,True,0,0,0
p002048,nbcconnecticut.com,htlb.casalemedia.com,response,2.6-202606,False,1,1,0
p002049,nbcconnecticut.com,htlb.casalemedia.com,response,2.6-202606,False,1,1,0
p002050,nbcconnecticut.com,htlb.casalemedia.com,response,2.6-202606,False,1,1,0
p002051,nbcconnecticut.com,htlb.casalemedia.com,response,2.6-202606,False,1,1,0
p002052,nbcconnecticut.com,htlb.casalemedia.com,response,2.6-202606,False,1,1,0
p002053,nintendoeverything.com,htlb.casalemedia.com,response,2.6-202606,False,1,1,0
p002054,nintendoeverything.com,htlb.casalemedia.com,response,2.6-202606,False,1,1,0
p002055,nintendoeverything.com,htlb.casalemedia.com,response,2.6-202606,False,1,1,0
p002056,nintendoeverything.com,htlb.casalemedia.com,response,2.6-202606,False,1,1,0
p002057,oneindia.com,htlb.casalemedia.com,response,2.6-202606,False,1,1,0
p002058,oneindia.com,htlb.casalemedia.com,response,2.6-202606,False,1,1,0
p002059,nintendoeverything.com,htlb.casalemedia.com,response,2.6-202606,False,1,1,0
p002060,nintendoeverything.com,htlb.casalemedia.com,response,2.6-202606,False,1,1,0
p002061,nintendoeverything.com,htlb.casalemedia.com,response,2.6-202606,False,1,1,0
p002062,nintendoeverything.com,htlb.casalemedia.com,response,2.6-202606,False,1,1,0
p002063,nintendoeverything.com,htlb.casalemedia.com,response,2.6-202606,False,1,1,0
p002064,outsideonline.com,htlb.casalemedia.com,response,2.6-202606,False,1,1,0
p002065,outsideonline.com,htlb.casalemedia.com,response,2.6-202606,False,1,1,0
p002066,outsideonline.com,htlb.casalemedia.com,response,2.6-202606,False,1,1,0
p002067,outsideonline.com,htlb.casalemedia.com,response,2.6-202606,False,1,1,0
p002068,outsideonline.com,htlb.casalemedia.com,response,2.6-202606,False,1,1,0
p002069,oneindia.com,htlb.casalemedia.com,response,2.6-202606,False,1,1,0
p002070,oneindia.com,htlb.casalemedia.com,response,2.6-202606,False,1,1,0
p002071,outsideonline.com,htlb.casalemedia.com,response,2.6-202606,False,1,1,0
p002072,outsideonline.com,htlb.casalemedia.com,response,2.6-202606,False,1,1,0
p002073,outsideonline.com,htlb.casalemedia.com,response,2.6-202606,False,1,1,0
p002074,outsideonline.com,htlb.casalemedia.com,response,2.6-202606,False,1,1,0
p002075,outsideonline.com,htlb.casalemedia.com,response,2.6-202606,False,1,1,0
p002076,outsideonline.com,htlb.casalemedia.com,response,2.6-202606,False,1,1,0
p002077,outsideonline.com,htlb.casalemedia.com,response,2.6-202606,False,1,1,0
p002078,ranker.com,htlb.casalemedia.com,response,2.6-202606,False,1,1,0
p002079,rawstory.com,htlb.casalemedia.com,response,2.6-202606,False,1,1,0
p002080,rawstory.com,htlb.casalemedia.com,response,2.6-202606,False,1,1,0
p002081,rawstory.com,htlb.casalemedia.com,response,2.6-202606,False,1,1,0
p002082,rawstory.com,htlb.casalemedia.com,response,2.6-202606,False,1,1,0
p002083,salon.com,htlb.casalemedia.com,response,2.6-202606,False,1,1,0
p002084,salon.com,htlb.casalemedia.com,response,2.6-202606,False,1,1,0
p002085,self.com,htlb.casalemedia.com,response,2.6-202606,False,1,1,0
p002086,self.com,htlb.casalemedia.com,response,2.6-202606,False,1,1,0
p002087,self.com,htlb.casalemedia.com,response,2.6-202606,False,1,1,0
p002088,self.com,htlb.casalemedia.com,response,2.6-202606,True,0,0,0
p002089,socialblade.com,htlb.casalemedia.com,response,2.6-202606,False,1,1,0
p002090,salon.com,htlb.casalemedia.com,response,2.6-202606,False,1,1,0
p002091,salon.com,htlb.casalemedia.com,response,2.6-202606,False,1,1,0
p002092,salon.com,htlb.casalemedia.com,response,2.6-202606,False,1,1,0
p002093,salon.com,htlb.casalemedia.com,response,2.6-202606,False,1,1,0
p002094,salon.com,htlb.casalemedia.com,response,2.6-202606,False,1,1,0
p002095,salon.com,htlb.casalemedia.com,response,2.6-202606,False,1,1,0
p002096,salon.com,htlb.casalemedia.com,response,2.6-202606,False,1,1,0
p002097,salon.com,htlb.casalemedia.com,response,2.6-202606,False,1,1,0
p002098,salon.com,htlb.casalemedia.com,response,2.6-202606,False,1,1,0
p002099,salon.com,htlb.casalemedia.com,response,2.6-202606,False,1,1,0
p002100,salon.com,htlb.casalemedia.com,response,2.6-202606,False,1,1,0
p002101,salon.com,htlb.casalemedia.com,response,2.6-202606,False,1,1,0
p002102,salon.com,htlb.casalemedia.com,response,2.6-202606,False,1,1,0
p002103,salon.com,htlb.casalemedia.com,response,2.6-202606,False,1,1,0
p002104,salon.com,htlb.casalemedia.com,response,2.6-202606,False,1,1,0
p002105,salon.com,htlb.casalemedia.com,response,2.6-202606,False,1,1,0
p002106,salon.com,htlb.casalemedia.com,response,2.6-202606,False,1,1,0
p002107,self.com,htlb.casalemedia.com,response,2.6-202606,False,1,1,0
p002108,self.com,htlb.casalemedia.com,response,2.6-202606,False,1,1,0
p002109,self.com,htlb.casalemedia.com,response,2.6-202606,False,1,1,0
p002110,self.com,htlb.casalemedia.com,response,2.6-202606,False,1,1,0
p002111,self.com,htlb.casalemedia.com,response,2.6-202606,False,1,1,0
p002112,self.com,htlb.casalemedia.com,response,2.6-202606,False,1,1,0
p002113,self.com,htlb.casalemedia.com,response,2.6-202606,False,1,1,0
p002114,teletica.com,htlb.casalemedia.com,response,2.6-202606,False,1,1,0
p002115,teletica.com,htlb.casalemedia.com,response,2.6-202606,False,1,1,0
p002116,teletica.com,htlb.casalemedia.com,response,2.6-202606,False,1,1,0
p002117,tennessean.com,htlb.casalemedia.com,response,2.6-202606,False,1,1,0
p002118,thestar.com,htlb.casalemedia.com,response,2.6-202606,False,1,1,0
p002119,thestar.com,htlb.casalemedia.com,response,2.6-202606,False,1,1,0
p002120,thesun.ie,htlb.casalemedia.com,response,2.6-202606,False,1,1,0
p002121,thesun.ie,htlb.casalemedia.com,response,2.6-202606,False,1,1,0
p002122,thesun.ie,htlb.casalemedia.com,response,2.6-202606,False,1,1,0
p002123,thesun.ie,htlb.casalemedia.com,response,2.6-202606,False,1,1,0
p002124,thesun.ie,htlb.casalemedia.com,response,2.6-202606,False,1,1,0
p002125,thesun.ie,htlb.casalemedia.com,response,2.6-202606,False,1,1,0
p002126,thesun.ie,htlb.casalemedia.com,response,2.6-202606,False,1,1,0
p002127,thesun.ie,htlb.casalemedia.com,response,2.6-202606,False,1,1,0
p002128,tio.ch,htlb.casalemedia.com,response,2.6-202606,False,1,1,0
p002129,tio.ch,htlb.casalemedia.com,response,2.6-202606,False,1,1,0
p002130,tio.ch,htlb.casalemedia.com,response,2.6-202606,False,1,1,0
p002131,tio.ch,htlb.casalemedia.com,response,2.6-202606,False,1,1,0
p002132,tio.ch,htlb.casalemedia.com,response,2.6-202606,False,1,1,0
p002133,treehugger.com,htlb.casalemedia.com,response,2.6-202606,False,1,1,0
p002134,treehugger.com,htlb.casalemedia.com,response,2.6-202606,False,1,1,0
p002135,upi.com,htlb.casalemedia.com,response,2.6-202606,False,1,1,0
p002136,upi.com,htlb.casalemedia.com,response,2.6-202606,False,1,1,0
p002137,upi.com,htlb.casalemedia.com,response,2.6-202606,False,1,1,0
p002138,upi.com,htlb.casalemedia.com,response,2.6-202606,False,1,1,0
p002139,urbandictionary.com,htlb.casalemedia.com,response,2.6-202606,False,1,1,0
p002140,urbandictionary.com,htlb.casalemedia.com,response,2.6-202606,False,1,1,0
p002141,urbandictionary.com,htlb.casalemedia.com,response,2.6-202606,False,1,1,0
p002142,upi.com,htlb.casalemedia.com,response,2.6-202606,False,1,1,0
p002143,vice.com,htlb.casalemedia.com,response,2.6-202606,False,1,1,0
p002144,vice.com,htlb.casalemedia.com,response,2.6-202606,False,1,1,0
p002145,webdesignerdepot.com,htlb.casalemedia.com,response,2.6-202606,False,1,1,0
p002146,webdesignerdepot.com,htlb.casalemedia.com,response,2.6-202606,False,1,1,0
p002147,webdesignerdepot.com,htlb.casalemedia.com,response,2.6-202606,False,1,1,0
p002148,webdesignerdepot.com,htlb.casalemedia.com,response,2.6-202606,False,1,1,0
p002149,webdesignerdepot.com,htlb.casalemedia.com,response,2.6-202606,False,1,1,0
p002150,webdesignerdepot.com,htlb.casalemedia.com,response,2.6-202606,False,1,1,0
p002151,webdesignerdepot.com,htlb.casalemedia.com,response,2.6-202606,False,1,1,0
p002152,webdesignerdepot.com,htlb.casalemedia.com,response,2.6-202606,False,1,1,0
p002153,webdesignerdepot.com,htlb.casalemedia.com,response,2.6-202606,False,1,1,0
p002154,webdesignerdepot.com,htlb.casalemedia.com,response,2.6-202606,False,1,1,0
p002155,webdesignerdepot.com,htlb.casalemedia.com,response,2.6-202606,False,1,1,0
p002156,webdesignerdepot.com,htlb.casalemedia.com,response,2.6-202606,False,1,1,0
p002157,webdesignerdepot.com,htlb.casalemedia.com,response,2.6-202606,False,1,1,0
p002158,webdesignerdepot.com,htlb.casalemedia.com,response,2.6-202606,False,1,1,0
p002159,webdesignerdepot.com,htlb.casalemedia.com,response,2.6-202606,False,1,1,0
p002160,tio.ch,i.connectad.io,request,2.5,False,1,1,0
p002161,tio.ch,i.connectad.io,request,2.5,False,1,1,0
p002162,tio.ch,i.connectad.io,request,2.5,False,1,1,0
p002163,tio.ch,i.connectad.io,request,2.5,False,1,1,0
p002164,dhnet.be,ib.adnxs-simple.com,request,2.5,False,1,1,0
p002165,dhnet.be,ib.adnxs-simple.com,request,2.5,False,1,1,0
p002166,dhnet.be,ib.adnxs-simple.com,request,2.5,False,1,1,0
p002167,dhnet.be,ib.adnxs-simple.com,request,2.5,False,1,1,0
p002168,chl.ca,ib.adnxs.com,request,2.6-202606,True,0,0,0
p002169,chl.ca,ib.adnxs.com,request,2.6-202606,True,0,0,0
p002170,cifraclub.com,ib.adnxs.com,request,2.6-202606,False,1,1,0
p002171,cityam.com,ib.adnxs.com,request,2.6-202606,False,1,1,0
p002172,coindesk.com,ib.adnxs.com,request,2.6-202606,True,0,0,0
p002173,cityam.com,ib.adnxs.com,request,2.6-202606,True,0,0,0
p002174,cityam.com,ib.adnxs.com,request,2.6-202606,True,0,0,0
p002175,cityam.com,ib.adnxs.com,request,2.6-202606,True,0,0,0
p002176,cityam.com,ib.adnxs.com,request,2.6-202606,True,0,0,0
p002177,cityam.com,ib.adnxs.com,request,2.6-202606,True,0,0,0
p002178,cityam.com,ib.adnxs.com,request,2.6-202606,True,0,0,0
p002179,cityam.com,ib.adnxs.com,request,2.6-202606,True,0,0,0
p002180,cityam.com,ib.adnxs.com,request,2.6-202606,True,0,0,0
p002181,cityam.com,ib.adnxs.com,request,2.6-202606,True,0,0,0
p002182,cityam.com,ib.adnxs.com,request,2.6-202606,True,0,0,0
p002183,cifraclub.com,ib.adnxs.com,request,2.6-202606,False,1,1,0
p002184,coindesk.com,ib.adnxs.com,request,2.6-202606,True,0,0,0
p002185,cityam.com,ib.adnxs.com,request,2.6-202606,True,0,0,0
p002186,dailykos.com,ib.adnxs.com,request,2.6-202606,True,0,0,0
p002187,dailykos.com,ib.adnxs.com,request,2.6-202606,True,0,0,0
p002188,dailykos.com,ib.adnxs.com,request,2.6-202606,True,0,0,0
p002189,dailykos.com,ib.adnxs.com,request,2.6-202606,True,0,0,0
p002190,dailykos.com,ib.adnxs.com,request,2.6-202606,True,0,0,0
p002191,dailykos.com,ib.adnxs.com,request,2.6-202606,True,0,0,0
p002192,dailykos.com,ib.adnxs.com,request,2.6-202606,True,0,0,0
p002193,fox11online.com,ib.adnxs.com,request,2.6-202606,True,0,0,0
p002194,fox11online.com,ib.adnxs.com,request,2.6-202606,True,0,0,0
p002195,fox11online.com,ib.adnxs.com,request,2.6-202606,True,0,0,0
p002196,fox11online.com,ib.adnxs.com,request,2.6-202606,True,0,0,0
p002197,fox11online.com,ib.adnxs.com,request,2.6-202606,True,0,0,0
p002198,fox11online.com,ib.adnxs.com,request,2.6-202606,True,0,0,0
p002199,fox11online.com,ib.adnxs.com,request,2.6-202606,True,0,0,0
p002200,fox11online.com,ib.adnxs.com,request,2.6-202606,True,0,0,0
p002201,mthai.com,ib.adnxs.com,request,2.6-202606,True,0,0,0
p002202,mthai.com,ib.adnxs.com,request,2.6-202606,True,0,0,0
p002203,mthai.com,ib.adnxs.com,request,2.6-202606,True,0,0,0
p002204,mthai.com,ib.adnxs.com,request,2.6-202606,True,0,0,0
p002205,mthai.com,ib.adnxs.com,request,2.6-202606,True,0,0,0
p002206,mthai.com,ib.adnxs.com,request,2.6-202606,True,0,0,0
p002207,thesun.ie,ib.adnxs.com,request,2.6-202606,False,1,1,0
p002208,thesun.ie,ib.adnxs.com,request,2.6-202606,False,1,1,0
p002209,thesun.ie,ib.adnxs.com,request,2.6-202606,False,1,1,0
p002210,thesun.ie,ib.adnxs.com,request,2.6-202606,False,1,1,0
p002211,thesun.ie,ib.adnxs.com,request,2.6-202606,False,1,1,0
p002212,thesun.ie,ib.adnxs.com,request,2.6-202606,False,1,1,0
p002213,thesun.ie,ib.adnxs.com,request,2.6-202606,False,1,1,0
p002214,thesun.ie,ib.adnxs.com,request,2.6-202606,False,2,1,1
p002215,treehugger.com,ib.adnxs.com,request,2.6-202606,True,0,0,0
p002216,treehugger.com,ib.adnxs.com,request,2.6-202606,True,0,0,0
p002217,upi.com,ib.adnxs.com,request,2.6-202606,False,8,8,0
p002218,upi.com,ib.adnxs.com,request,2.6-202606,False,2,2,0
p002219,upi.com,ib.adnxs.com,request,2.6-202606,False,2,2,0
p002220,upi.com,ib.adnxs.com,request,2.6-202606,False,2,2,0
p002221,upi.com,ib.adnxs.com,request,2.6-202606,False,5,5,0
p002222,vivitusuerte.com,ib.adnxs.com,request,2.6-202606,False,3,3,0
p002223,vivitusuerte.com,ib.adnxs.com,request,2.6-202606,False,3,3,0
p002224,vivitusuerte.com,ib.adnxs.com,request,2.6-202606,False,3,3,0
p002225,vivitusuerte.com,ib.adnxs.com,request,2.6-202606,False,3,3,0
p002226,vivitusuerte.com,ib.adnxs.com,request,2.6-202606,False,3,3,0
p002227,vivitusuerte.com,ib.adnxs.com,request,2.6-202606,False,3,3,0
p002228,vivitusuerte.com,ib.adnxs.com,request,2.6-202606,False,3,3,0
p002229,vivitusuerte.com,ib.adnxs.com,request,2.6-202606,False,3,3,0
p002230,vivitusuerte.com,ib.adnxs.com,request,2.6-202606,False,3,3,0
p002231,vivitusuerte.com,ib.adnxs.com,request,2.6-202606,False,3,3,0
p002232,vivitusuerte.com,ib.adnxs.com,request,2.6-202606,False,3,3,0
p002233,vivitusuerte.com,ib.adnxs.com,request,2.6-202606,False,3,3,0
p002234,csfd.cz,ice.360yield-basic.com,request,2.5,False,1,1,0
p002235,csfd.cz,ice.360yield-basic.com,request,2.5,False,1,1,0
p002236,falstaff.com,ittr-us-e.eskimi.com,request,2.6-202606,False,1,1,0
p002237,chl.ca,mweb-hb.presage.io,request,2.6-202606,True,0,0,0
p002238,chl.ca,mweb-hb.presage.io,request,2.6-202606,True,0,0,0
p002239,imore.com,mweb-hb.presage.io,request,2.6-202606,False,1,1,0
p002240,imore.com,mweb-hb.presage.io,request,2.6-202606,False,1,1,0
p002241,iheart.com,mweb-hb.presage.io,request,2.6-202606,True,0,0,0
p002242,imore.com,mweb-hb.presage.io,request,2.6-202606,False,1,1,0
p002243,iheart.com,mweb-hb.presage.io,request,2.6-202606,True,0,0,0
p002244,nationaltoday.com,mweb-hb.presage.io,request,2.6-202606,False,1,1,0
p002245,nationaltoday.com,mweb-hb.presage.io,request,2.6-202606,False,1,1,0
p002246,nationaltoday.com,mweb-hb.presage.io,request,2.6-202606,False,1,1,0
p002247,nationaltoday.com,mweb-hb.presage.io,request,2.6-202606,False,1,1,0
p002248,nesn.com,mweb-hb.presage.io,request,2.6-202606,True,0,0,0
p002249,nesn.com,mweb-hb.presage.io,request,2.6-202606,True,0,0,0
p002250,nesn.com,mweb-hb.presage.io,request,2.6-202606,True,0,0,0
p002251,philstar.com,mweb-hb.presage.io,request,2.6-202606,False,2,2,0
p002252,socialblade.com,mweb-hb.presage.io,request,2.6-202606,False,3,3,0
p002253,tio.ch,mweb-hb.presage.io,request,2.6-202606,False,2,2,0
p002254,tio.ch,mweb-hb.presage.io,request,2.6-202606,False,2,2,0
p002255,tio.ch,mweb-hb.presage.io,request,2.6-202606,False,2,2,0
p002256,tio.ch,mweb-hb.presage.io,request,2.6-202606,False,2,2,0
p002257,urbandictionary.com,mweb-hb.presage.io,request,2.6-202606,True,0,0,0
p002258,urbandictionary.com,mweb-hb.presage.io,request,2.6-202606,True,0,0,0
p002259,urbandictionary.com,mweb-hb.presage.io,request,2.6-202606,True,0,0,0
p002260,vietstock.vn,mweb-hb.presage.io,request,2.6-202606,True,0,0,0
p002261,vietstock.vn,mweb-hb.presage.io,request,2.6-202606,True,0,0,0
p002262,chicagotribune.com,npid.amspbs.com,request,2.6-202606,True,0,0,0
p002263,chicagotribune.com,npid.amspbs.com,request,2.6-202606,True,0,0,0
p002264,chicagotribune.com,npid.amspbs.com,request,2.6-202606,True,0,0,0
p002265,chicagotribune.com,npid.amspbs.com,request,2.6-202606,True,0,0,0
p002266,chicagotribune.com,npid.amspbs.com,request,2.6-202606,True,0,0,0
p002267,chicagotribune.com,npid.amspbs.com,request,2.6-202606,True,0,0,0
p002268,pilotonline.com,npid.amspbs.com,request,2.6-202606,True,0,0,0
p002269,pilotonline.com,npid.amspbs.com,request,2.6-202606,True,0,0,0
p002270,pilotonline.com,npid.amspbs.com,request,2.6-202606,True,0,0,0
p002271,pilotonline.com,npid.amspbs.com,request,2.6-202606,True,0,0,0
p002272,pilotonline.com,npid.amspbs.com,request,2.6-202606,True,0,0,0
p002273,pilotonline.com,npid.amspbs.com,request,2.6-202606,True,0,0,0
p002274,pilotonline.com,npid.amspbs.com,request,2.6-202606,True,0,0,0
p002275,chicagotribune.com,npid.amspbs.com,response,2.6-202606,False,1,1,0
p002276,chicagotribune.com,npid.amspbs.com,response,2.6-202606,False,1,1,0
p002277,chicagotribune.com,npid.amspbs.com,response,2.6-202606,True,0,0,0
p002278,chicagotribune.com,npid.amspbs.com,response,2.6-202606,False,1,1,0
p002279,chicagotribune.com,npid.amspbs.com,response,2.6-202606,False,1,1,0
p002280,chicagotribune.com,npid.amspbs.com,response,2.6-202606,False,1,1,0
p002281,pilotonline.com,npid.amspbs.com,response,2.6-202606,False,1,1,0
p002282,pilotonline.com,npid.amspbs.com,response,2.6-202606,False,1,1,0
p002283,pilotonline.com,npid.amspbs.com,response,2.6-202606,False,1,1,0
p002284,pilotonline.com,npid.amspbs.com,response,2.6-202606,False,1,1,0
p002285,pilotonline.com,npid.amspbs.com,response,2.6-202606,True,0,0,0
p002286,pilotonline.com,npid.amspbs.com,response,2.6-202606,False,1,1,0
p002287,pilotonline.com,npid.amspbs.com,response,2.6-202606,False,1,1,0
p002288,oneindia.com,o.clickiocdn.com,request,2.6-202606,False,1,1,0
p002289,oneindia.com,o.clickiocdn.com,request,2.6-202606,False,1,1,0
p002290,oneindia.com,o.clickiocdn.com,request,2.6-202606,False,1,1,0
p002291,oneindia.com,o.clickiocdn.com,request,2.6-202606,False,1,1,0
p002292,ew.com,openads.adsrvr.org,request,2.6-202606,True,0,0,0
p002293,ew.com,openads.adsrvr.org,request,2.6-202606,True,0,0,0
p002294,ew.com,openads.adsrvr.org,request,2.6-202606,True,0,0,0
p002295,howlongtobeat.com,openads.adsrvr.org,request,2.6-202606,True,0,0,0
p002296,instyle.com,openads.adsrvr.org,request,2.6-202606,True,0,0,0
p002297,instyle.com,openads.adsrvr.org,request,2.6-202606,True,0,0,0
p002298,instyle.com,openads.adsrvr.org,request,2.6-202606,True,0,0,0
p002299,instyle.com,openads.adsrvr.org,request,2.6-202606,True,0,0,0
p002300,instyle.com,openads.adsrvr.org,request,2.6-202606,True,0,0,0
p002301,treehugger.com,openads.adsrvr.org,request,2.6-202606,True,0,0,0
p002302,treehugger.com,openads.adsrvr.org,request,2.6-202606,True,0,0,0
p002303,urbandictionary.com,opentrade2.bydata.com,request,2.6-202606,True,0,0,0
p002304,urbandictionary.com,opentrade2.bydata.com,request,2.6-202606,True,0,0,0
p002305,urbandictionary.com,opentrade2.bydata.com,request,2.6-202606,True,0,0,0
p002306,liveinternet.ru,pb.adriver.ru,request,2.6-202606,False,1,1,0
p002307,liveinternet.ru,pb.adriver.ru,request,2.6-202606,False,1,1,0
p002308,nationaltoday.com,pbs-publift-us.ay.delivery,request,2.6-202606,False,1,1,0
p002309,nationaltoday.com,pbs-publift-us.ay.delivery,request,2.6-202606,False,1,1,0
p002310,nationaltoday.com,pbs-publift-us.ay.delivery,response,2.6-202606,True,0,0,0
p002311,cupofjo.com,pbs-raptive-us.ay.delivery,request,2.6-202606,True,0,0,0
p002312,cupofjo.com,pbs-raptive-us.ay.delivery,request,2.6-202606,True,0,0,0
p002313,cupofjo.com,pbs-raptive-us.ay.delivery,request,2.6-202606,True,0,0,0
p002314,cupofjo.com,pbs-raptive-us.ay.delivery,request,2.6-202606,True,0,0,0
p002315,cupofjo.com,pbs-raptive-us.ay.delivery,request,2.6-202606,False,2,1,1
p002316,cupofjo.com,pbs-raptive-us.ay.delivery,request,2.6-202606,False,2,1,1
p002317,halfbakedharvest.com,pbs-raptive-us.ay.delivery,request,2.6-202606,True,0,0,0
p002318,halfbakedharvest.com,pbs-raptive-us.ay.delivery,request,2.6-202606,True,0,0,0
p002319,halfbakedharvest.com,pbs-raptive-us.ay.delivery,request,2.6-202606,False,2,1,1
p002320,halfbakedharvest.com,pbs-raptive-us.ay.delivery,request,2.6-202606,False,6,3,3
p002321,halfbakedharvest.com,pbs-raptive-us.ay.delivery,request,2.6-202606,True,0,0,0
p002322,halfbakedharvest.com,pbs-raptive-us.ay.delivery,request,2.6-202606,True,0,0,0
p002323,halfbakedharvest.com,pbs-raptive-us.ay.delivery,request,2.6-202606,True,0,0,0
p002324,halfbakedharvest.com,pbs-raptive-us.ay.delivery,request,2.6-202606,False,2,1,1
p002325,halfbakedharvest.com,pbs-raptive-us.ay.delivery,request,2.6-202606,False,2,1,1
p002326,ranker.com,pbs-raptive-us.ay.delivery,request,2.6-202606,True,0,0,0
p002327,salon.com,pbs-raptive-us.ay.delivery,request,2.6-202606,True,0,0,0
p002328,salon.com,pbs-raptive-us.ay.delivery,request,2.6-202606,True,0,0,0
p002329,salon.com,pbs-raptive-us.ay.delivery,request,2.6-202606,True,0,0,0
p002330,salon.com,pbs-raptive-us.ay.delivery,request,2.6-202606,True,0,0,0
p002331,salon.com,pbs-raptive-us.ay.delivery,request,2.6-202606,True,0,0,0
p002332,salon.com,pbs-raptive-us.ay.delivery,request,2.6-202606,False,2,1,1
p002333,salon.com,pbs-raptive-us.ay.delivery,request,2.6-202606,True,0,0,0
p002334,salon.com,pbs-raptive-us.ay.delivery,request,2.6-202606,False,2,1,1
p002335,salon.com,pbs-raptive-us.ay.delivery,request,2.6-202606,False,6,3,3
p002336,salon.com,pbs-raptive-us.ay.delivery,request,2.6-202606,True,0,0,0
p002337,salon.com,pbs-raptive-us.ay.delivery,request,2.6-202606,True,0,0,0
p002338,salon.com,pbs-raptive-us.ay.delivery,request,2.6-202606,True,0,0,0
p002339,salon.com,pbs-raptive-us.ay.delivery,request,2.6-202606,True,0,0,0
p002340,salon.com,pbs-raptive-us.ay.delivery,request,2.6-202606,True,0,0,0
p002341,salon.com,pbs-raptive-us.ay.delivery,request,2.6-202606,False,2,1,1
p002342,salon.com,pbs-raptive-us.ay.delivery,request,2.6-202606,False,2,1,1
p002343,salon.com,pbs-raptive-us.ay.delivery,request,2.6-202606,True,0,0,0
p002344,salon.com,pbs-raptive-us.ay.delivery,request,2.6-202606,False,2,1,1
p002345,salon.com,pbs-raptive-us.ay.delivery,request,2.6-202606,False,2,1,1
p002346,webdesignerdepot.com,pbs-raptive-us.ay.delivery,request,2.6-202606,True,0,0,0
p002347,webdesignerdepot.com,pbs-raptive-us.ay.delivery,request,2.6-202606,False,2,1,1
p002348,webdesignerdepot.com,pbs-raptive-us.ay.delivery,request,2.6-202606,False,6,3,3
p002349,webdesignerdepot.com,pbs-raptive-us.ay.delivery,request,2.6-202606,True,0,0,0
p002350,webdesignerdepot.com,pbs-raptive-us.ay.delivery,request,2.6-202606,False,2,1,1
p002351,webdesignerdepot.com,pbs-raptive-us.ay.delivery,request,2.6-202606,False,2,1,1
p002352,webdesignerdepot.com,pbs-raptive-us.ay.delivery,request,2.6-202606,False,2,1,1
p002353,webdesignerdepot.com,pbs-raptive-us.ay.delivery,request,2.6-202606,False,2,1,1
p002354,webdesignerdepot.com,pbs-raptive-us.ay.delivery,request,2.6-202606,True,0,0,0
p002355,webdesignerdepot.com,pbs-raptive-us.ay.delivery,request,2.6-202606,True,0,0,0
p002356,webdesignerdepot.com,pbs-raptive-us.ay.delivery,request,2.6-202606,False,2,1,1
p002357,webdesignerdepot.com,pbs-raptive-us.ay.delivery,request,2.6-202606,False,6,3,3
p002358,webdesignerdepot.com,pbs-raptive-us.ay.delivery,request,2.6-202606,True,0,0,0
p002359,webdesignerdepot.com,pbs-raptive-us.ay.delivery,request,2.6-202606,True,0,0,0
p002360,webdesignerdepot.com,pbs-raptive-us.ay.delivery,request,2.6-202606,False,4,2,2
p002361,webdesignerdepot.com,pbs-raptive-us.ay.delivery,request,2.6-202606,False,2,1,1
p002362,webdesignerdepot.com,pbs-raptive-us.ay.delivery,request,2.6-202606,False,2,1,1
p002363,webdesignerdepot.com,pbs-raptive-us.ay.delivery,request,2.6-202606,False,2,1,1
p002364,webdesignerdepot.com,pbs-raptive-us.ay.delivery,request,2.6-202606,False,2,1,1
p002365,cupofjo.com,pbs-raptive-us.ay.delivery,response,2.6-202606,True,1,0,1
p002366,cupofjo.com,pbs-raptive-us.ay.delivery,response,2.6-202606,True,1,0,1
p002367,cupofjo.com,pbs-raptive-us.ay.delivery,response,2.6-202606,True,1,0,1
p002368,halfbakedharvest.com,pbs-raptive-us.ay.delivery,response,2.6-202606,True,0,0,0
p002369,halfbakedharvest.com,pbs-raptive-us.ay.delivery,response,2.6-202606,True,0,0,0
p002370,halfbakedharvest.com,pbs-raptive-us.ay.delivery,response,2.6-202606,True,1,0,1
p002371,webdesignerdepot.com,pbs-raptive-us.ay.delivery,response,2.6-202606,True,0,0,0
p002372,webdesignerdepot.com,pbs-raptive-us.ay.delivery,response,2.6-202606,True,0,0,0
p002373,autoguide.com,pbs-us-east.ay.delivery,request,2.6-202606,False,1,1,0
p002374,autoguide.com,pbs-us-east.ay.delivery,request,2.6-202606,False,1,1,0
p002375,autoguide.com,pbs-us-east.ay.delivery,request,2.6-202606,False,1,1,0
p002376,autoguide.com,pbs-us-east.ay.delivery,request,2.6-202606,False,1,1,0
p002377,autoguide.com,pbs-us-east.ay.delivery,request,2.6-202606,False,1,1,0
p002378,autoguide.com,pbs-us-east.ay.delivery,request,2.6-202606,False,1,1,0
p002379,autoguide.com,pbs-us-east.ay.delivery,request,2.6-202606,False,1,1,0
p002380,autoguide.com,pbs-us-east.ay.delivery,request,2.6-202606,False,1,1,0
p002381,autoguide.com,pbs-us-east.ay.delivery,request,2.6-202606,False,1,1,0
p002382,autoguide.com,pbs-us-east.ay.delivery,request,2.6-202606,False,1,1,0
p002383,autoguide.com,pbs-us-east.ay.delivery,request,2.6-202606,False,1,1,0
p002384,autoguide.com,pbs-us-east.ay.delivery,request,2.6-202606,False,1,1,0
p002385,autoguide.com,pbs-us-east.ay.delivery,request,2.6-202606,False,1,1,0
p002386,autoguide.com,pbs-us-east.ay.delivery,request,2.6-202606,False,1,1,0
p002387,autoguide.com,pbs-us-east.ay.delivery,request,2.6-202606,False,1,1,0
p002388,treehugger.com,pbs-us-east.ay.delivery,request,2.6-202606,True,0,0,0
p002389,treehugger.com,pbs-us-east.ay.delivery,request,2.6-202606,True,0,0,0
p002390,autoguide.com,pbs-us-east.ay.delivery,response,2.6-202606,True,1,0,1
p002391,autoguide.com,pbs-us-east.ay.delivery,response,2.6-202606,True,1,0,1
p002392,vivitusuerte.com,pbs.360yield.com,request,2.6-202606,False,1,1,0
p002393,vivitusuerte.com,pbs.360yield.com,response,2.6-202606,True,0,0,0
p002394,futbol-11.com,pbs.anyadx.live,request,2.6-202606,True,2,0,2
p002395,futbol-11.com,pbs.anyadx.live,request,2.6-202606,True,0,0,0
p002396,coindesk.com,pbs.intergient.com,request,2.6-202606,True,0,0,0
p002397,coindesk.com,pbs.intergient.com,request,2.6-202606,True,0,0,0
p002398,dailykos.com,pbs.intergient.com,request,2.6-202606,True,0,0,0
p002399,dailykos.com,pbs.intergient.com,request,2.6-202606,True,0,0,0
p002400,dailykos.com,pbs.intergient.com,request,2.6-202606,True,0,0,0
p002401,dailykos.com,pbs.intergient.com,request,2.6-202606,True,0,0,0
p002402,dailykos.com,pbs.intergient.com,request,2.6-202606,True,0,0,0
p002403,dailykos.com,pbs.intergient.com,request,2.6-202606,True,0,0,0
p002404,dailykos.com,pbs.intergient.com,request,2.6-202606,True,0,0,0
p002405,dailykos.com,pbs.intergient.com,response,2.6-202606,True,0,0,0
p002406,dailykos.com,pbs.intergient.com,response,2.6-202606,True,0,0,0
p002407,dailykos.com,pbs.intergient.com,response,2.6-202606,True,0,0,0
p002408,dailykos.com,pbs.intergient.com,response,2.6-202606,True,0,0,0
p002409,andhrajyothy.com,pbs.nextmillmedia.com,request,2.6-202606,False,1,1,0
p002410,andhrajyothy.com,pbs.nextmillmedia.com,request,2.6-202606,False,1,1,0
p002411,fox11online.com,pbs.nextmillmedia.com,request,2.6-202606,False,2,1,1
p002412,fox11online.com,pbs.nextmillmedia.com,request,2.6-202606,False,1,1,0
p002413,fox11online.com,pbs.nextmillmedia.com,request,2.6-202606,False,2,1,1
p002414,fox11online.com,pbs.nextmillmedia.com,request,2.6-202606,False,1,1,0
p002415,rediff.com,pbs.nextmillmedia.com,request,2.6-202606,False,1,1,0
p002416,rediff.com,pbs.nextmillmedia.com,request,2.6-202606,False,1,1,0
p002417,fox11online.com,pbs.nextmillmedia.com,response,2.6-202606,True,0,0,0
p002418,fox11online.com,pbs.nextmillmedia.com,response,2.6-202606,True,0,0,0
p002419,psychcentral.com,pbs2418030.adspsp.com,request,2.5,False,1,1,0
p002420,psychcentral.com,pbs2418030.adspsp.com,request,2.5,False,1,1,0
p002421,psychcentral.com,pbs2418030.adspsp.com,request,2.5,False,1,1,0
p002422,psychcentral.com,pbs2418030.adspsp.com,request,2.5,False,1,1,0
p002423,psychcentral.com,pbs2418030.adspsp.com,request,2.5,False,1,1,0
p002424,psychcentral.com,pbs2418030.adspsp.com,request,2.5,False,1,1,0
p002425,psychcentral.com,pbs2418030.adspsp.com,request,2.5,False,1,1,0
p002426,psychcentral.com,pbs2418030.adspsp.com,response,2.6-202606,True,0,0,0
p002427,psychcentral.com,pbs2418030.adspsp.com,response,2.6-202606,True,0,0,0
p002428,psychcentral.com,pbs2418030.adspsp.com,response,2.6-202606,True,0,0,0
p002429,psychcentral.com,pbs2418030.adspsp.com,response,2.6-202606,True,0,0,0
p002430,psychcentral.com,pbs2418030.adspsp.com,response,2.6-202606,True,0,0,0
p002431,hokkaido-np.co.jp,prebid-asia.creativecdn.com,request,2.6-202606,True,0,0,0
p002432,hokkaido-np.co.jp,prebid-asia.creativecdn.com,request,2.6-202606,True,0,0,0
p002433,csfd.cz,prebid-eu.creativecdn.com,request,2.6-202606,False,2,2,0
p002434,csfd.cz,prebid-eu.creativecdn.com,request,2.6-202606,False,2,2,0
p002435,csfd.cz,prebid-eu.creativecdn.com,request,2.6-202606,False,8,8,0
p002436,csfd.cz,prebid-eu.creativecdn.com,request,2.6-202606,False,2,2,0
p002437,elespectador.com,prebid-eu.creativecdn.com,request,2.6-202606,False,1,1,0
p002438,elespectador.com,prebid-eu.creativecdn.com,request,2.6-202606,False,1,1,0
p002439,elespectador.com,prebid-eu.creativecdn.com,request,2.6-202606,False,1,1,0
p002440,falstaff.com,prebid-eu.creativecdn.com,request,2.6-202606,True,0,0,0
p002441,haberler.com,prebid-eu.creativecdn.com,request,2.6-202606,True,0,0,0
p002442,haberler.com,prebid-eu.creativecdn.com,request,2.6-202606,True,0,0,0
p002443,haberler.com,prebid-eu.creativecdn.com,request,2.6-202606,True,0,0,0
p002444,haberler.com,prebid-eu.creativecdn.com,request,2.6-202606,True,0,0,0
p002445,haberler.com,prebid-eu.creativecdn.com,request,2.6-202606,False,1,1,0
p002446,haberler.com,prebid-eu.creativecdn.com,request,2.6-202606,False,1,1,0
p002447,haberler.com,prebid-eu.creativecdn.com,request,2.6-202606,True,0,0,0
p002448,haberler.com,prebid-eu.creativecdn.com,request,2.6-202606,True,0,0,0
p002449,haberler.com,prebid-eu.creativecdn.com,request,2.6-202606,True,0,0,0
p002450,haberler.com,prebid-eu.creativecdn.com,request,2.6-202606,True,0,0,0
p002451,haberler.com,prebid-eu.creativecdn.com,request,2.6-202606,True,0,0,0
p002452,haberler.com,prebid-eu.creativecdn.com,request,2.6-202606,True,0,0,0
p002453,haberler.com,prebid-eu.creativecdn.com,request,2.6-202606,True,0,0,0
p002454,mthai.com,prebid-eu.creativecdn.com,request,2.6-202606,True,0,0,0
p002455,mthai.com,prebid-eu.creativecdn.com,request,2.6-202606,True,0,0,0
p002456,prosport.ro,prebid-eu.creativecdn.com,request,2.6-202606,False,2,2,0
p002457,prosport.ro,prebid-eu.creativecdn.com,request,2.6-202606,False,2,2,0
p002458,sozcu.com.tr,prebid-eu.creativecdn.com,request,2.6-202606,True,0,0,0
p002459,sozcu.com.tr,prebid-eu.creativecdn.com,request,2.6-202606,True,0,0,0
p002460,sozcu.com.tr,prebid-eu.creativecdn.com,request,2.6-202606,True,0,0,0
p002461,sozcu.com.tr,prebid-eu.creativecdn.com,request,2.6-202606,False,2,2,0
p002462,thesun.ie,prebid-eu.creativecdn.com,request,2.6-202606,True,0,0,0
p002463,thesun.ie,prebid-eu.creativecdn.com,request,2.6-202606,True,0,0,0
p002464,thesun.ie,prebid-eu.creativecdn.com,request,2.6-202606,True,0,0,0
p002465,thesun.ie,prebid-eu.creativecdn.com,request,2.6-202606,True,0,0,0
p002466,thesun.ie,prebid-eu.creativecdn.com,request,2.6-202606,True,0,0,0
p002467,thesun.ie,prebid-eu.creativecdn.com,request,2.6-202606,True,0,0,0
p002468,thesun.ie,prebid-eu.creativecdn.com,request,2.6-202606,True,0,0,0
p002469,philstar.com,prebid-server.pbstck.com,request,2.6-202606,True,0,0,0
p002470,philstar.com,prebid-server.pbstck.com,request,2.6-202606,True,0,0,0
p002471,vivitusuerte.com,prebid-server.pbstck.com,request,2.6-202606,False,1,1,0
p002472,philstar.com,prebid-server.pbstck.com,response,2.6-202606,False,4,4,0
p002473,vivitusuerte.com,prebid-server.pbstck.com,response,2.6-202606,False,4,4,0
p002474,barcablaugranes.com,prebid-server.rubiconproject.com,request,2.6-202606,False,1,1,0
p002475,businessinsider.com,prebid-server.rubiconproject.com,request,2.6-202606,False,1,1,0
p002476,barcablaugranes.com,prebid-server.rubiconproject.com,request,2.6-202606,False,1,1,0
p002477,barcablaugranes.com,prebid-server.rubiconproject.com,request,2.6-202606,False,1,1,0
p002478,barcablaugranes.com,prebid-server.rubiconproject.com,request,2.6-202606,False,1,1,0
p002479,businessinsider.com,prebid-server.rubiconproject.com,request,2.6-202606,False,1,1,0
p002480,barcablaugranes.com,prebid-server.rubiconproject.com,request,2.6-202606,False,1,1,0
p002481,businessinsider.com,prebid-server.rubiconproject.com,request,2.6-202606,False,1,1,0
p002482,businessinsider.com,prebid-server.rubiconproject.com,request,2.6-202606,False,1,1,0
p002483,barcablaugranes.com,prebid-server.rubiconproject.com,request,2.6-202606,False,1,1,0
p002484,barcablaugranes.com,prebid-server.rubiconproject.com,request,2.6-202606,False,1,1,0
p002485,barcablaugranes.com,prebid-server.rubiconproject.com,request,2.6-202606,False,1,1,0
p002486,barcablaugranes.com,prebid-server.rubiconproject.com,request,2.6-202606,False,1,1,0
p002487,chicagotribune.com,prebid-server.rubiconproject.com,request,2.6-202606,True,1,0,1
p002488,chicagotribune.com,prebid-server.rubiconproject.com,request,2.6-202606,True,1,0,1
p002489,chicagotribune.com,prebid-server.rubiconproject.com,request,2.6-202606,True,1,0,1
p002490,chicagotribune.com,prebid-server.rubiconproject.com,request,2.6-202606,True,1,0,1
p002491,chicagotribune.com,prebid-server.rubiconproject.com,request,2.6-202606,True,1,0,1
p002492,cityam.com,prebid-server.rubiconproject.com,request,2.6-202606,False,2,2,0
p002493,cityam.com,prebid-server.rubiconproject.com,request,2.6-202606,False,1,1,0
p002494,cupofjo.com,prebid-server.rubiconproject.com,request,2.6-202606,False,2,1,1
p002495,cupofjo.com,prebid-server.rubiconproject.com,request,2.6-202606,False,2,1,1
p002496,cupofjo.com,prebid-server.rubiconproject.com,request,2.6-202606,False,2,1,1
p002497,dhnet.be,prebid-server.rubiconproject.com,request,2.6-202606,False,2,2,0
p002498,dhnet.be,prebid-server.rubiconproject.com,request,2.6-202606,False,2,2,0
p002499,eonline.com,prebid-server.rubiconproject.com,request,2.6-202606,False,2,1,1
p002500,eonline.com,prebid-server.rubiconproject.com,request,2.6-202606,False,2,1,1
p002501,eonline.com,prebid-server.rubiconproject.com,request,2.6-202606,False,2,1,1
p002502,eonline.com,prebid-server.rubiconproject.com,request,2.6-202606,False,2,1,1
p002503,eonline.com,prebid-server.rubiconproject.com,request,2.6-202606,False,2,1,1
p002504,eonline.com,prebid-server.rubiconproject.com,request,2.6-202606,False,2,1,1
p002505,eonline.com,prebid-server.rubiconproject.com,request,2.6-202606,False,2,1,1
p002506,fncstatic.com,prebid-server.rubiconproject.com,request,2.6-202606,False,2,1,1
p002507,fncstatic.com,prebid-server.rubiconproject.com,request,2.6-202606,False,2,1,1
p002508,fox11online.com,prebid-server.rubiconproject.com,request,2.6-202606,False,2,1,1
p002509,fox11online.com,prebid-server.rubiconproject.com,request,2.6-202606,False,2,1,1
p002510,fox11online.com,prebid-server.rubiconproject.com,request,2.6-202606,False,2,1,1
p002511,fox11online.com,prebid-server.rubiconproject.com,request,2.6-202606,False,2,1,1
p002512,fox11online.com,prebid-server.rubiconproject.com,request,2.6-202606,False,2,1,1
p002513,fox11online.com,prebid-server.rubiconproject.com,request,2.6-202606,False,2,1,1
p002514,fox11online.com,prebid-server.rubiconproject.com,request,2.6-202606,False,2,1,1
p002515,fox11online.com,prebid-server.rubiconproject.com,request,2.6-202606,False,3,2,1
p002516,fox11online.com,prebid-server.rubiconproject.com,request,2.6-202606,False,3,2,1
p002517,fox11online.com,prebid-server.rubiconproject.com,request,2.6-202606,False,3,2,1
p002518,fox11online.com,prebid-server.rubiconproject.com,request,2.6-202606,False,2,1,1
p002519,fox11online.com,prebid-server.rubiconproject.com,request,2.6-202606,False,2,1,1
p002520,fox11online.com,prebid-server.rubiconproject.com,request,2.6-202606,False,2,1,1
p002521,fox11online.com,prebid-server.rubiconproject.com,request,2.6-202606,False,2,1,1
p002522,fox11online.com,prebid-server.rubiconproject.com,request,2.6-202606,False,2,1,1
p002523,fox11online.com,prebid-server.rubiconproject.com,request,2.6-202606,False,2,1,1
p002524,fox11online.com,prebid-server.rubiconproject.com,request,2.6-202606,False,3,2,1
p002525,fox11online.com,prebid-server.rubiconproject.com,request,2.6-202606,False,3,2,1
p002526,fox11online.com,prebid-server.rubiconproject.com,request,2.6-202606,False,3,2,1
p002527,fox11online.com,prebid-server.rubiconproject.com,request,2.6-202606,False,2,1,1
p002528,fox11online.com,prebid-server.rubiconproject.com,request,2.6-202606,False,3,2,1
p002529,fox11online.com,prebid-server.rubiconproject.com,request,2.6-202606,False,3,2,1
p002530,fox11online.com,prebid-server.rubiconproject.com,request,2.6-202606,False,3,2,1
p002531,giantfreakinrobot.com,prebid-server.rubiconproject.com,request,2.6-202606,False,2,1,1
p002532,halfbakedharvest.com,prebid-server.rubiconproject.com,request,2.6-202606,False,2,1,1
p002533,halfbakedharvest.com,prebid-server.rubiconproject.com,request,2.6-202606,True,0,0,0
p002534,halfbakedharvest.com,prebid-server.rubiconproject.com,request,2.6-202606,True,0,0,0
p002535,haberler.com,prebid-server.rubiconproject.com,request,2.6-202606,False,5,4,1
p002536,halfbakedharvest.com,prebid-server.rubiconproject.com,request,2.6-202606,False,2,1,1
p002537,halfbakedharvest.com,prebid-server.rubiconproject.com,request,2.6-202606,False,2,1,1
p002538,halfbakedharvest.com,prebid-server.rubiconproject.com,request,2.6-202606,False,2,1,1
p002539,howlongtobeat.com,prebid-server.rubiconproject.com,request,2.6-202606,True,0,0,0
p002540,montgomeryadvertiser.com,prebid-server.rubiconproject.com,request,2.6-202606,False,2,1,1
p002541,montgomeryadvertiser.com,prebid-server.rubiconproject.com,request,2.6-202606,False,2,1,1
p002542,namemc.com,prebid-server.rubiconproject.com,request,2.6-202606,False,3,2,1
p002543,namemc.com,prebid-server.rubiconproject.com,request,2.6-202606,False,3,2,1
p002544,namemc.com,prebid-server.rubiconproject.com,request,2.6-202606,False,3,2,1
p002545,namemc.com,prebid-server.rubiconproject.com,request,2.6-202606,False,3,2,1
p002546,myjoyonline.com,prebid-server.rubiconproject.com,request,2.6-202606,True,1,0,1
p002547,myjoyonline.com,prebid-server.rubiconproject.com,request,2.6-202606,True,1,0,1
p002548,namemc.com,prebid-server.rubiconproject.com,request,2.6-202606,False,3,2,1
p002549,namemc.com,prebid-server.rubiconproject.com,request,2.6-202606,False,3,2,1
p002550,namemc.com,prebid-server.rubiconproject.com,request,2.6-202606,False,3,2,1
p002551,myjoyonline.com,prebid-server.rubiconproject.com,request,2.6-202606,True,1,0,1
p002552,nationaltoday.com,prebid-server.rubiconproject.com,request,2.6-202606,False,3,2,1
p002553,nationaltoday.com,prebid-server.rubiconproject.com,request,2.6-202606,False,3,2,1
p002554,nationaltoday.com,prebid-server.rubiconproject.com,request,2.6-202606,False,3,2,1
p002555,nationaltoday.com,prebid-server.rubiconproject.com,request,2.6-202606,False,3,2,1
p002556,nationaltoday.com,prebid-server.rubiconproject.com,request,2.6-202606,False,3,2,1
p002557,nationaltoday.com,prebid-server.rubiconproject.com,request,2.6-202606,False,3,2,1
p002558,nesn.com,prebid-server.rubiconproject.com,request,2.6-202606,True,2,0,2
p002559,nesn.com,prebid-server.rubiconproject.com,request,2.6-202606,True,1,0,1
p002560,nesn.com,prebid-server.rubiconproject.com,request,2.6-202606,True,1,0,1
p002561,nintendoeverything.com,prebid-server.rubiconproject.com,request,2.6-202606,False,2,1,1
p002562,nintendoeverything.com,prebid-server.rubiconproject.com,request,2.6-202606,False,6,3,3
p002563,nintendoeverything.com,prebid-server.rubiconproject.com,request,2.6-202606,False,2,1,1
p002564,nesn.com,prebid-server.rubiconproject.com,request,2.6-202606,True,2,0,2
p002565,nesn.com,prebid-server.rubiconproject.com,request,2.6-202606,True,1,0,1
p002566,nintendoeverything.com,prebid-server.rubiconproject.com,request,2.6-202606,False,2,1,1
p002567,nintendoeverything.com,prebid-server.rubiconproject.com,request,2.6-202606,False,4,2,2
p002568,nintendoeverything.com,prebid-server.rubiconproject.com,request,2.6-202606,False,2,1,1
p002569,nintendoeverything.com,prebid-server.rubiconproject.com,request,2.6-202606,True,1,0,1
p002570,nintendoeverything.com,prebid-server.rubiconproject.com,request,2.6-202606,False,2,1,1
p002571,nintendoeverything.com,prebid-server.rubiconproject.com,request,2.6-202606,True,1,0,1
p002572,outsideonline.com,prebid-server.rubiconproject.com,request,2.6-202606,False,2,2,0
p002573,outsideonline.com,prebid-server.rubiconproject.com,request,2.6-202606,False,2,2,0
p002574,outsideonline.com,prebid-server.rubiconproject.com,request,2.6-202606,False,2,2,0
p002575,outsideonline.com,prebid-server.rubiconproject.com,request,2.6-202606,False,2,2,0
p002576,outsideonline.com,prebid-server.rubiconproject.com,request,2.6-202606,False,2,2,0
p002577,outsideonline.com,prebid-server.rubiconproject.com,request,2.6-202606,False,2,2,0
p002578,outsideonline.com,prebid-server.rubiconproject.com,request,2.6-202606,False,2,2,0
p002579,outsideonline.com,prebid-server.rubiconproject.com,request,2.6-202606,False,2,2,0
p002580,outsideonline.com,prebid-server.rubiconproject.com,request,2.6-202606,False,2,2,0
p002581,outsideonline.com,prebid-server.rubiconproject.com,request,2.6-202606,False,2,2,0
p002582,outsideonline.com,prebid-server.rubiconproject.com,request,2.6-202606,False,2,2,0
p002583,outsideonline.com,prebid-server.rubiconproject.com,request,2.6-202606,False,2,2,0
p002584,outsideonline.com,prebid-server.rubiconproject.com,request,2.6-202606,False,2,2,0
p002585,outsideonline.com,prebid-server.rubiconproject.com,request,2.6-202606,False,2,2,0
p002586,outsideonline.com,prebid-server.rubiconproject.com,request,2.6-202606,False,2,2,0
p002587,outsideonline.com,prebid-server.rubiconproject.com,request,2.6-202606,False,2,2,0
p002588,pilotonline.com,prebid-server.rubiconproject.com,request,2.6-202606,True,1,0,1
p002589,pilotonline.com,prebid-server.rubiconproject.com,request,2.6-202606,True,1,0,1
p002590,pilotonline.com,prebid-server.rubiconproject.com,request,2.6-202606,True,1,0,1
p002591,psychcentral.com,prebid-server.rubiconproject.com,request,2.6-202606,True,1,0,1
p002592,quasarzone.com,prebid-server.rubiconproject.com,request,2.6-202606,True,1,0,1
p002593,self.com,prebid-server.rubiconproject.com,request,2.6-202606,False,2,1,1
p002594,socialblade.com,prebid-server.rubiconproject.com,request,2.6-202606,False,3,2,1
p002595,salon.com,prebid-server.rubiconproject.com,request,2.6-202606,False,2,1,1
p002596,salon.com,prebid-server.rubiconproject.com,request,2.6-202606,True,0,0,0
p002597,salon.com,prebid-server.rubiconproject.com,request,2.6-202606,False,2,1,1
p002598,salon.com,prebid-server.rubiconproject.com,request,2.6-202606,True,0,0,0
p002599,salon.com,prebid-server.rubiconproject.com,request,2.6-202606,True,0,0,0
p002600,salon.com,prebid-server.rubiconproject.com,request,2.6-202606,True,0,0,0
p002601,salon.com,prebid-server.rubiconproject.com,request,2.6-202606,True,0,0,0
p002602,salon.com,prebid-server.rubiconproject.com,request,2.6-202606,True,0,0,0
p002603,salon.com,prebid-server.rubiconproject.com,request,2.6-202606,True,0,0,0
p002604,salon.com,prebid-server.rubiconproject.com,request,2.6-202606,False,2,1,1
p002605,salon.com,prebid-server.rubiconproject.com,request,2.6-202606,False,2,1,1
p002606,salon.com,prebid-server.rubiconproject.com,request,2.6-202606,True,0,0,0
p002607,salon.com,prebid-server.rubiconproject.com,request,2.6-202606,False,2,1,1
p002608,salon.com,prebid-server.rubiconproject.com,request,2.6-202606,False,2,1,1
p002609,self.com,prebid-server.rubiconproject.com,request,2.6-202606,False,2,1,1
p002610,sozcu.com.tr,prebid-server.rubiconproject.com,request,2.6-202606,True,1,0,1
p002611,sozcu.com.tr,prebid-server.rubiconproject.com,request,2.6-202606,False,2,1,1
p002612,sozcu.com.tr,prebid-server.rubiconproject.com,request,2.6-202606,False,2,1,1
p002613,sozcu.com.tr,prebid-server.rubiconproject.com,request,2.6-202606,False,3,2,1
p002614,tennessean.com,prebid-server.rubiconproject.com,request,2.6-202606,False,2,1,1
p002615,thesun.ie,prebid-server.rubiconproject.com,request,2.6-202606,False,2,2,0
p002616,thesun.ie,prebid-server.rubiconproject.com,request,2.6-202606,False,2,2,0
p002617,thesun.ie,prebid-server.rubiconproject.com,request,2.6-202606,False,2,2,0
p002618,thesun.ie,prebid-server.rubiconproject.com,request,2.6-202606,False,2,2,0
p002619,thesun.ie,prebid-server.rubiconproject.com,request,2.6-202606,False,2,2,0
p002620,thesun.ie,prebid-server.rubiconproject.com,request,2.6-202606,False,2,2,0
p002621,thesun.ie,prebid-server.rubiconproject.com,request,2.6-202606,False,2,2,0
p002622,thesun.ie,prebid-server.rubiconproject.com,request,2.6-202606,False,2,1,1
p002623,tio.ch,prebid-server.rubiconproject.com,request,2.6-202606,False,4,3,1
p002624,upi.com,prebid-server.rubiconproject.com,request,2.6-202606,False,2,1,1
p002625,upi.com,prebid-server.rubiconproject.com,request,2.6-202606,False,2,1,1
p002626,upi.com,prebid-server.rubiconproject.com,request,2.6-202606,False,2,1,1
p002627,upi.com,prebid-server.rubiconproject.com,request,2.6-202606,False,2,1,1
p002628,upi.com,prebid-server.rubiconproject.com,request,2.6-202606,False,2,1,1
p002629,upi.com,prebid-server.rubiconproject.com,request,2.6-202606,False,2,1,1
p002630,upi.com,prebid-server.rubiconproject.com,request,2.6-202606,False,2,1,1
p002631,upi.com,prebid-server.rubiconproject.com,request,2.6-202606,False,2,1,1
p002632,upi.com,prebid-server.rubiconproject.com,request,2.6-202606,False,2,1,1
p002633,upi.com,prebid-server.rubiconproject.com,request,2.6-202606,False,2,1,1
p002634,vivitusuerte.com,prebid-server.rubiconproject.com,request,2.6-202606,False,3,3,0
p002635,vivitusuerte.com,prebid-server.rubiconproject.com,request,2.6-202606,False,3,3,0
p002636,vivitusuerte.com,prebid-server.rubiconproject.com,request,2.6-202606,False,3,3,0
p002637,vivitusuerte.com,prebid-server.rubiconproject.com,request,2.6-202606,False,3,3,0
p002638,vivitusuerte.com,prebid-server.rubiconproject.com,request,2.6-202606,False,3,3,0
p002639,vivitusuerte.com,prebid-server.rubiconproject.com,request,2.6-202606,False,3,3,0
p002640,webdesignerdepot.com,prebid-server.rubiconproject.com,request,2.6-202606,False,2,1,1
p002641,webdesignerdepot.com,prebid-server.rubiconproject.com,request,2.6-202606,True,0,0,0
p002642,webdesignerdepot.com,prebid-server.rubiconproject.com,request,2.6-202606,True,0,0,0
p002643,webdesignerdepot.com,prebid-server.rubiconproject.com,request,2.6-202606,False,2,1,1
p002644,webdesignerdepot.com,prebid-server.rubiconproject.com,request,2.6-202606,False,2,1,1
p002645,webdesignerdepot.com,prebid-server.rubiconproject.com,request,2.6-202606,True,0,0,0
p002646,webdesignerdepot.com,prebid-server.rubiconproject.com,request,2.6-202606,True,0,0,0
p002647,webdesignerdepot.com,prebid-server.rubiconproject.com,request,2.6-202606,True,0,0,0
p002648,webdesignerdepot.com,prebid-server.rubiconproject.com,request,2.6-202606,False,2,1,1
p002649,webdesignerdepot.com,prebid-server.rubiconproject.com,request,2.6-202606,False,2,1,1
p002650,webdesignerdepot.com,prebid-server.rubiconproject.com,request,2.6-202606,False,2,1,1
p002651,barcablaugranes.com,prebid-server.rubiconproject.com,response,2.6-202606,True,0,0,0
p002652,businessinsider.com,prebid-server.rubiconproject.com,response,2.6-202606,True,0,0,0
p002653,barcablaugranes.com,prebid-server.rubiconproject.com,response,2.6-202606,True,0,0,0
p002654,barcablaugranes.com,prebid-server.rubiconproject.com,response,2.6-202606,True,0,0,0
p002655,barcablaugranes.com,prebid-server.rubiconproject.com,response,2.6-202606,True,0,0,0
p002656,businessinsider.com,prebid-server.rubiconproject.com,response,2.6-202606,True,0,0,0
p002657,barcablaugranes.com,prebid-server.rubiconproject.com,response,2.6-202606,True,0,0,0
p002658,businessinsider.com,prebid-server.rubiconproject.com,response,2.6-202606,True,0,0,0
p002659,businessinsider.com,prebid-server.rubiconproject.com,response,2.6-202606,True,0,0,0
p002660,barcablaugranes.com,prebid-server.rubiconproject.com,response,2.6-202606,True,0,0,0
p002661,barcablaugranes.com,prebid-server.rubiconproject.com,response,2.6-202606,True,0,0,0
p002662,barcablaugranes.com,prebid-server.rubiconproject.com,response,2.6-202606,True,0,0,0
p002663,barcablaugranes.com,prebid-server.rubiconproject.com,response,2.6-202606,True,0,0,0
p002664,chicagotribune.com,prebid-server.rubiconproject.com,response,2.6-202606,True,0,0,0
p002665,chicagotribune.com,prebid-server.rubiconproject.com,response,2.6-202606,True,0,0,0
p002666,chicagotribune.com,prebid-server.rubiconproject.com,response,2.6-202606,True,0,0,0
p002667,chicagotribune.com,prebid-server.rubiconproject.com,response,2.6-202606,True,0,0,0
p002668,chicagotribune.com,prebid-server.rubiconproject.com,response,2.6-202606,True,0,0,0
p002669,cityam.com,prebid-server.rubiconproject.com,response,2.6-202606,True,0,0,0
p002670,cityam.com,prebid-server.rubiconproject.com,response,2.6-202606,True,0,0,0
p002671,cupofjo.com,prebid-server.rubiconproject.com,response,2.6-202606,True,0,0,0
p002672,cupofjo.com,prebid-server.rubiconproject.com,response,2.6-202606,True,0,0,0
p002673,cupofjo.com,prebid-server.rubiconproject.com,response,2.6-202606,True,0,0,0
p002674,dhnet.be,prebid-server.rubiconproject.com,response,2.6-202606,True,0,0,0
p002675,dhnet.be,prebid-server.rubiconproject.com,response,2.6-202606,True,0,0,0
p002676,eonline.com,prebid-server.rubiconproject.com,response,2.6-202606,True,0,0,0
p002677,eonline.com,prebid-server.rubiconproject.com,response,2.6-202606,True,0,0,0
p002678,eonline.com,prebid-server.rubiconproject.com,response,2.6-202606,True,0,0,0
p002679,eonline.com,prebid-server.rubiconproject.com,response,2.6-202606,True,0,0,0
p002680,eonline.com,prebid-server.rubiconproject.com,response,2.6-202606,True,0,0,0
p002681,eonline.com,prebid-server.rubiconproject.com,response,2.6-202606,True,0,0,0
p002682,eonline.com,prebid-server.rubiconproject.com,response,2.6-202606,True,0,0,0
p002683,fncstatic.com,prebid-server.rubiconproject.com,response,2.6-202606,True,0,0,0
p002684,fncstatic.com,prebid-server.rubiconproject.com,response,2.6-202606,True,0,0,0
p002685,fox11online.com,prebid-server.rubiconproject.com,response,2.6-202606,True,0,0,0
p002686,fox11online.com,prebid-server.rubiconproject.com,response,2.6-202606,True,0,0,0
p002687,fox11online.com,prebid-server.rubiconproject.com,response,2.6-202606,True,0,0,0
p002688,fox11online.com,prebid-server.rubiconproject.com,response,2.6-202606,True,0,0,0
p002689,fox11online.com,prebid-server.rubiconproject.com,response,2.6-202606,True,0,0,0
p002690,fox11online.com,prebid-server.rubiconproject.com,response,2.6-202606,True,0,0,0
p002691,fox11online.com,prebid-server.rubiconproject.com,response,2.6-202606,True,0,0,0
p002692,fox11online.com,prebid-server.rubiconproject.com,response,2.6-202606,True,0,0,0
p002693,fox11online.com,prebid-server.rubiconproject.com,response,2.6-202606,True,0,0,0
p002694,fox11online.com,prebid-server.rubiconproject.com,response,2.6-202606,True,0,0,0
p002695,fox11online.com,prebid-server.rubiconproject.com,response,2.6-202606,True,0,0,0
p002696,fox11online.com,prebid-server.rubiconproject.com,response,2.6-202606,True,0,0,0
p002697,fox11online.com,prebid-server.rubiconproject.com,response,2.6-202606,True,0,0,0
p002698,fox11online.com,prebid-server.rubiconproject.com,response,2.6-202606,True,0,0,0
p002699,fox11online.com,prebid-server.rubiconproject.com,response,2.6-202606,True,0,0,0
p002700,fox11online.com,prebid-server.rubiconproject.com,response,2.6-202606,True,0,0,0
p002701,fox11online.com,prebid-server.rubiconproject.com,response,2.6-202606,True,0,0,0
p002702,fox11online.com,prebid-server.rubiconproject.com,response,2.6-202606,True,0,0,0
p002703,fox11online.com,prebid-server.rubiconproject.com,response,2.6-202606,True,0,0,0
p002704,fox11online.com,prebid-server.rubiconproject.com,response,2.6-202606,True,0,0,0
p002705,fox11online.com,prebid-server.rubiconproject.com,response,2.6-202606,True,0,0,0
p002706,fox11online.com,prebid-server.rubiconproject.com,response,2.6-202606,True,0,0,0
p002707,fox11online.com,prebid-server.rubiconproject.com,response,2.6-202606,True,0,0,0
p002708,giantfreakinrobot.com,prebid-server.rubiconproject.com,response,2.6-202606,True,0,0,0
p002709,halfbakedharvest.com,prebid-server.rubiconproject.com,response,2.6-202606,True,0,0,0
p002710,halfbakedharvest.com,prebid-server.rubiconproject.com,response,2.6-202606,True,0,0,0
p002711,halfbakedharvest.com,prebid-server.rubiconproject.com,response,2.6-202606,True,0,0,0
p002712,haberler.com,prebid-server.rubiconproject.com,response,2.6-202606,True,0,0,0
p002713,halfbakedharvest.com,prebid-server.rubiconproject.com,response,2.6-202606,True,0,0,0
p002714,halfbakedharvest.com,prebid-server.rubiconproject.com,response,2.6-202606,True,0,0,0
p002715,halfbakedharvest.com,prebid-server.rubiconproject.com,response,2.6-202606,True,0,0,0
p002716,howlongtobeat.com,prebid-server.rubiconproject.com,response,2.6-202606,True,3,0,3
p002717,montgomeryadvertiser.com,prebid-server.rubiconproject.com,response,2.6-202606,True,0,0,0
p002718,montgomeryadvertiser.com,prebid-server.rubiconproject.com,response,2.6-202606,True,0,0,0
p002719,namemc.com,prebid-server.rubiconproject.com,response,2.6-202606,True,0,0,0
p002720,namemc.com,prebid-server.rubiconproject.com,response,2.6-202606,True,0,0,0
p002721,namemc.com,prebid-server.rubiconproject.com,response,2.6-202606,True,0,0,0
p002722,namemc.com,prebid-server.rubiconproject.com,response,2.6-202606,True,0,0,0
p002723,myjoyonline.com,prebid-server.rubiconproject.com,response,2.6-202606,True,0,0,0
p002724,myjoyonline.com,prebid-server.rubiconproject.com,response,2.6-202606,True,0,0,0
p002725,namemc.com,prebid-server.rubiconproject.com,response,2.6-202606,True,0,0,0
p002726,namemc.com,prebid-server.rubiconproject.com,response,2.6-202606,True,0,0,0
p002727,namemc.com,prebid-server.rubiconproject.com,response,2.6-202606,True,0,0,0
p002728,myjoyonline.com,prebid-server.rubiconproject.com,response,2.6-202606,True,0,0,0
p002729,nationaltoday.com,prebid-server.rubiconproject.com,response,2.6-202606,True,0,0,0
p002730,nationaltoday.com,prebid-server.rubiconproject.com,response,2.6-202606,True,0,0,0
p002731,nationaltoday.com,prebid-server.rubiconproject.com,response,2.6-202606,True,0,0,0
p002732,nationaltoday.com,prebid-server.rubiconproject.com,response,2.6-202606,True,0,0,0
p002733,nationaltoday.com,prebid-server.rubiconproject.com,response,2.6-202606,True,0,0,0
p002734,nationaltoday.com,prebid-server.rubiconproject.com,response,2.6-202606,True,0,0,0
p002735,nesn.com,prebid-server.rubiconproject.com,response,2.6-202606,True,0,0,0
p002736,nesn.com,prebid-server.rubiconproject.com,response,2.6-202606,True,0,0,0
p002737,nesn.com,prebid-server.rubiconproject.com,response,2.6-202606,True,0,0,0
p002738,nintendoeverything.com,prebid-server.rubiconproject.com,response,2.6-202606,True,0,0,0
p002739,nintendoeverything.com,prebid-server.rubiconproject.com,response,2.6-202606,True,0,0,0
p002740,nintendoeverything.com,prebid-server.rubiconproject.com,response,2.6-202606,True,0,0,0
p002741,nesn.com,prebid-server.rubiconproject.com,response,2.6-202606,True,0,0,0
p002742,nesn.com,prebid-server.rubiconproject.com,response,2.6-202606,True,0,0,0
p002743,nintendoeverything.com,prebid-server.rubiconproject.com,response,2.6-202606,True,0,0,0
p002744,nintendoeverything.com,prebid-server.rubiconproject.com,response,2.6-202606,True,0,0,0
p002745,nintendoeverything.com,prebid-server.rubiconproject.com,response,2.6-202606,True,0,0,0
p002746,nintendoeverything.com,prebid-server.rubiconproject.com,response,2.6-202606,True,0,0,0
p002747,nintendoeverything.com,prebid-server.rubiconproject.com,response,2.6-202606,True,0,0,0
p002748,nintendoeverything.com,prebid-server.rubiconproject.com,response,2.6-202606,True,0,0,0
p002749,outsideonline.com,prebid-server.rubiconproject.com,response,2.6-202606,True,0,0,0
p002750,outsideonline.com,prebid-server.rubiconproject.com,response,2.6-202606,True,0,0,0
p002751,outsideonline.com,prebid-server.rubiconproject.com,response,2.6-202606,True,1,0,1
p002752,outsideonline.com,prebid-server.rubiconproject.com,response,2.6-202606,True,1,0,1
p002753,outsideonline.com,prebid-server.rubiconproject.com,response,2.6-202606,True,0,0,0
p002754,outsideonline.com,prebid-server.rubiconproject.com,response,2.6-202606,True,0,0,0
p002755,outsideonline.com,prebid-server.rubiconproject.com,response,2.6-202606,True,0,0,0
p002756,outsideonline.com,prebid-server.rubiconproject.com,response,2.6-202606,True,0,0,0
p002757,outsideonline.com,prebid-server.rubiconproject.com,response,2.6-202606,True,0,0,0
p002758,outsideonline.com,prebid-server.rubiconproject.com,response,2.6-202606,True,0,0,0
p002759,outsideonline.com,prebid-server.rubiconproject.com,response,2.6-202606,True,1,0,1
p002760,outsideonline.com,prebid-server.rubiconproject.com,response,2.6-202606,True,0,0,0
p002761,outsideonline.com,prebid-server.rubiconproject.com,response,2.6-202606,True,0,0,0
p002762,outsideonline.com,prebid-server.rubiconproject.com,response,2.6-202606,True,0,0,0
p002763,outsideonline.com,prebid-server.rubiconproject.com,response,2.6-202606,True,0,0,0
p002764,outsideonline.com,prebid-server.rubiconproject.com,response,2.6-202606,True,1,0,1
p002765,pilotonline.com,prebid-server.rubiconproject.com,response,2.6-202606,True,0,0,0
p002766,pilotonline.com,prebid-server.rubiconproject.com,response,2.6-202606,True,0,0,0
p002767,pilotonline.com,prebid-server.rubiconproject.com,response,2.6-202606,True,0,0,0
p002768,psychcentral.com,prebid-server.rubiconproject.com,response,2.6-202606,True,0,0,0
p002769,quasarzone.com,prebid-server.rubiconproject.com,response,2.6-202606,True,0,0,0
p002770,self.com,prebid-server.rubiconproject.com,response,2.6-202606,True,0,0,0
p002771,socialblade.com,prebid-server.rubiconproject.com,response,2.6-202606,True,0,0,0
p002772,salon.com,prebid-server.rubiconproject.com,response,2.6-202606,True,0,0,0
p002773,salon.com,prebid-server.rubiconproject.com,response,2.6-202606,True,0,0,0
p002774,salon.com,prebid-server.rubiconproject.com,response,2.6-202606,True,0,0,0
p002775,salon.com,prebid-server.rubiconproject.com,response,2.6-202606,True,0,0,0
p002776,salon.com,prebid-server.rubiconproject.com,response,2.6-202606,True,0,0,0
p002777,salon.com,prebid-server.rubiconproject.com,response,2.6-202606,True,0,0,0
p002778,salon.com,prebid-server.rubiconproject.com,response,2.6-202606,True,0,0,0
p002779,salon.com,prebid-server.rubiconproject.com,response,2.6-202606,True,0,0,0
p002780,salon.com,prebid-server.rubiconproject.com,response,2.6-202606,True,0,0,0
p002781,salon.com,prebid-server.rubiconproject.com,response,2.6-202606,True,0,0,0
p002782,salon.com,prebid-server.rubiconproject.com,response,2.6-202606,True,0,0,0
p002783,salon.com,prebid-server.rubiconproject.com,response,2.6-202606,True,0,0,0
p002784,salon.com,prebid-server.rubiconproject.com,response,2.6-202606,True,0,0,0
p002785,salon.com,prebid-server.rubiconproject.com,response,2.6-202606,True,0,0,0
p002786,self.com,prebid-server.rubiconproject.com,response,2.6-202606,True,0,0,0
p002787,sozcu.com.tr,prebid-server.rubiconproject.com,response,2.6-202606,True,0,0,0
p002788,sozcu.com.tr,prebid-server.rubiconproject.com,response,2.6-202606,True,0,0,0
p002789,sozcu.com.tr,prebid-server.rubiconproject.com,response,2.6-202606,True,0,0,0
p002790,sozcu.com.tr,prebid-server.rubiconproject.com,response,2.6-202606,True,0,0,0
p002791,tennessean.com,prebid-server.rubiconproject.com,response,2.6-202606,True,0,0,0
p002792,thesun.ie,prebid-server.rubiconproject.com,response,2.6-202606,True,0,0,0
p002793,thesun.ie,prebid-server.rubiconproject.com,response,2.6-202606,True,0,0,0
p002794,thesun.ie,prebid-server.rubiconproject.com,response,2.6-202606,True,0,0,0
p002795,thesun.ie,prebid-server.rubiconproject.com,response,2.6-202606,True,0,0,0
p002796,thesun.ie,prebid-server.rubiconproject.com,response,2.6-202606,True,0,0,0
p002797,thesun.ie,prebid-server.rubiconproject.com,response,2.6-202606,True,0,0,0
p002798,thesun.ie,prebid-server.rubiconproject.com,response,2.6-202606,True,0,0,0
p002799,tio.ch,prebid-server.rubiconproject.com,response,2.6-202606,True,0,0,0
p002800,upi.com,prebid-server.rubiconproject.com,response,2.6-202606,True,0,0,0
p002801,upi.com,prebid-server.rubiconproject.com,response,2.6-202606,True,0,0,0
p002802,upi.com,prebid-server.rubiconproject.com,response,2.6-202606,True,0,0,0
p002803,upi.com,prebid-server.rubiconproject.com,response,2.6-202606,True,0,0,0
p002804,upi.com,prebid-server.rubiconproject.com,response,2.6-202606,True,0,0,0
p002805,upi.com,prebid-server.rubiconproject.com,response,2.6-202606,True,0,0,0
p002806,upi.com,prebid-server.rubiconproject.com,response,2.6-202606,True,0,0,0
p002807,upi.com,prebid-server.rubiconproject.com,response,2.6-202606,True,0,0,0
p002808,upi.com,prebid-server.rubiconproject.com,response,2.6-202606,True,0,0,0
p002809,upi.com,prebid-server.rubiconproject.com,response,2.6-202606,True,0,0,0
p002810,vivitusuerte.com,prebid-server.rubiconproject.com,response,2.6-202606,True,0,0,0
p002811,vivitusuerte.com,prebid-server.rubiconproject.com,response,2.6-202606,True,0,0,0
p002812,vivitusuerte.com,prebid-server.rubiconproject.com,response,2.6-202606,True,0,0,0
p002813,vivitusuerte.com,prebid-server.rubiconproject.com,response,2.6-202606,True,0,0,0
p002814,vivitusuerte.com,prebid-server.rubiconproject.com,response,2.6-202606,True,0,0,0
p002815,vivitusuerte.com,prebid-server.rubiconproject.com,response,2.6-202606,True,0,0,0
p002816,webdesignerdepot.com,prebid-server.rubiconproject.com,response,2.6-202606,True,0,0,0
p002817,webdesignerdepot.com,prebid-server.rubiconproject.com,response,2.6-202606,True,0,0,0
p002818,webdesignerdepot.com,prebid-server.rubiconproject.com,response,2.6-202606,True,0,0,0
p002819,webdesignerdepot.com,prebid-server.rubiconproject.com,response,2.6-202606,True,0,0,0
p002820,webdesignerdepot.com,prebid-server.rubiconproject.com,response,2.6-202606,True,0,0,0
p002821,webdesignerdepot.com,prebid-server.rubiconproject.com,response,2.6-202606,True,0,0,0
p002822,webdesignerdepot.com,prebid-server.rubiconproject.com,response,2.6-202606,True,0,0,0
p002823,webdesignerdepot.com,prebid-server.rubiconproject.com,response,2.6-202606,True,0,0,0
p002824,webdesignerdepot.com,prebid-server.rubiconproject.com,response,2.6-202606,True,0,0,0
p002825,webdesignerdepot.com,prebid-server.rubiconproject.com,response,2.6-202606,True,0,0,0
p002826,webdesignerdepot.com,prebid-server.rubiconproject.com,response,2.6-202606,True,0,0,0
p002827,em.com.br,prebid-us.creativecdn.com,request,2.6-202606,False,4,4,0
p002828,em.com.br,prebid-us.creativecdn.com,request,2.6-202606,True,0,0,0
p002829,em.com.br,prebid-us.creativecdn.com,request,2.6-202606,True,0,0,0
p002830,em.com.br,prebid-us.creativecdn.com,request,2.6-202606,True,0,0,0
p002831,em.com.br,prebid-us.creativecdn.com,request,2.6-202606,False,4,4,0
p002832,voz.vn,prebid-us.creativecdn.com,request,2.6-202606,True,0,0,0
p002833,voz.vn,prebid-us.creativecdn.com,request,2.6-202606,True,0,0,0
p002834,voz.vn,prebid-us.creativecdn.com,request,2.6-202606,True,0,0,0
p002835,voz.vn,prebid-us.creativecdn.com,request,2.6-202606,True,0,0,0
p002836,voz.vn,prebid-us.creativecdn.com,request,2.6-202606,True,0,0,0
p002837,mthai.com,prebid.ad.smaato.net,request,2.6-202606,False,2,2,0
p002838,mthai.com,prebid.ad.smaato.net,request,2.6-202606,False,2,2,0
p002839,mthai.com,prebid.ad.smaato.net,request,2.6-202606,False,2,2,0
p002840,mthai.com,prebid.ad.smaato.net,request,2.6-202606,False,1,1,0
p002841,mthai.com,prebid.ad.smaato.net,request,2.6-202606,False,1,1,0
p002842,mthai.com,prebid.ad.smaato.net,request,2.6-202606,False,1,1,0
p002843,mthai.com,prebid.ad.smaato.net,request,2.6-202606,False,1,1,0
p002844,tennessean.com,prebid.ad.smaato.net,request,2.6-202606,False,3,2,1
p002845,nationaltoday.com,prebid.dblks.net,request,2.6-202606,False,14,14,0
p002846,nationaltoday.com,prebid.dblks.net,request,2.6-202606,False,6,6,0
p002847,nationaltoday.com,prebid.dblks.net,request,2.6-202606,False,14,14,0
p002848,nationaltoday.com,prebid.dblks.net,request,2.6-202606,False,6,6,0
p002849,nationaltoday.com,prebid.dblks.net,response,2.6-202606,False,1,1,0
p002850,nationaltoday.com,prebid.dblks.net,response,2.6-202606,False,1,1,0
p002851,nationaltoday.com,prebid.dblks.net,response,2.6-202606,False,1,1,0
p002852,nationaltoday.com,prebid.dblks.net,response,2.6-202606,False,1,1,0
p002853,fox11online.com,prebid.deepintent.com,request,2.6-202606,True,0,0,0
p002854,fox11online.com,prebid.deepintent.com,request,2.6-202606,True,0,0,0
p002855,fox11online.com,prebid.deepintent.com,request,2.6-202606,True,0,0,0
p002856,fox11online.com,prebid.deepintent.com,request,2.6-202606,True,0,0,0
p002857,carsdirect.com,prebid.media.net,request,2.6-202606,False,13,13,0
p002858,carsdirect.com,prebid.media.net,request,2.6-202606,False,9,9,0
p002859,carsdirect.com,prebid.media.net,request,2.6-202606,False,9,9,0
p002860,chl.ca,prebid.media.net,request,2.6-202606,False,24,24,0
p002861,chicagotribune.com,prebid.media.net,request,2.6-202606,False,25,22,3
p002862,chicagotribune.com,prebid.media.net,request,2.6-202606,False,25,22,3
p002863,carsdirect.com,prebid.media.net,request,2.6-202606,False,17,17,0
p002864,carsdirect.com,prebid.media.net,request,2.6-202606,False,8,8,0
p002865,carsdirect.com,prebid.media.net,request,2.6-202606,False,9,9,0
p002866,carsdirect.com,prebid.media.net,request,2.6-202606,False,9,9,0
p002867,carsdirect.com,prebid.media.net,request,2.6-202606,False,9,9,0
p002868,chl.ca,prebid.media.net,request,2.6-202606,False,29,29,0
p002869,chicagotribune.com,prebid.media.net,request,2.6-202606,False,25,22,3
p002870,chicagotribune.com,prebid.media.net,request,2.6-202606,False,25,22,3
p002871,cityam.com,prebid.media.net,request,2.6-202606,False,32,32,0
p002872,cityam.com,prebid.media.net,request,2.6-202606,False,28,28,0
p002873,cycletrader.com,prebid.media.net,request,2.6-202606,False,12,12,0
p002874,cycletrader.com,prebid.media.net,request,2.6-202606,False,8,8,0
p002875,cycletrader.com,prebid.media.net,request,2.6-202606,False,8,8,0
p002876,dailykos.com,prebid.media.net,request,2.6-202606,False,9,9,0
p002877,cycletrader.com,prebid.media.net,request,2.6-202606,False,12,12,0
p002878,cycletrader.com,prebid.media.net,request,2.6-202606,False,16,16,0
p002879,dailykos.com,prebid.media.net,request,2.6-202606,False,24,24,0
p002880,dailykos.com,prebid.media.net,request,2.6-202606,False,9,9,0
p002881,dailykos.com,prebid.media.net,request,2.6-202606,False,14,14,0
p002882,dailykos.com,prebid.media.net,request,2.6-202606,False,24,24,0
p002883,dailykos.com,prebid.media.net,request,2.6-202606,False,9,9,0
p002884,dailykos.com,prebid.media.net,request,2.6-202606,False,9,9,0
p002885,elespectador.com,prebid.media.net,request,2.6-202606,False,8,8,0
p002886,elespectador.com,prebid.media.net,request,2.6-202606,False,8,8,0
p002887,elespectador.com,prebid.media.net,request,2.6-202606,False,8,8,0
p002888,elespectador.com,prebid.media.net,request,2.6-202606,False,8,8,0
p002889,elespectador.com,prebid.media.net,request,2.6-202606,False,8,8,0
p002890,elespectador.com,prebid.media.net,request,2.6-202606,False,8,8,0
p002891,eonline.com,prebid.media.net,request,2.6-202606,False,13,12,1
p002892,eonline.com,prebid.media.net,request,2.6-202606,False,13,12,1
p002893,eonline.com,prebid.media.net,request,2.6-202606,False,14,13,1
p002894,eonline.com,prebid.media.net,request,2.6-202606,False,14,13,1
p002895,eonline.com,prebid.media.net,request,2.6-202606,False,14,13,1
p002896,eonline.com,prebid.media.net,request,2.6-202606,False,14,13,1
p002897,eonline.com,prebid.media.net,request,2.6-202606,False,14,13,1
p002898,eonline.com,prebid.media.net,request,2.6-202606,False,14,13,1
p002899,eonline.com,prebid.media.net,request,2.6-202606,False,14,13,1
p002900,fox11online.com,prebid.media.net,request,2.6-202606,False,11,10,1
p002901,fox11online.com,prebid.media.net,request,2.6-202606,False,44,44,0
p002902,fox11online.com,prebid.media.net,request,2.6-202606,False,13,12,1
p002903,fox11online.com,prebid.media.net,request,2.6-202606,False,11,10,1
p002904,fox11online.com,prebid.media.net,request,2.6-202606,False,19,19,0
p002905,futbol-11.com,prebid.media.net,request,2.6-202606,False,8,8,0
p002906,moly.hu,prebid.media.net,request,2.6-202606,False,16,16,0
p002907,moly.hu,prebid.media.net,request,2.6-202606,False,12,12,0
p002908,montgomeryadvertiser.com,prebid.media.net,request,2.6-202606,False,13,12,1
p002909,montgomeryadvertiser.com,prebid.media.net,request,2.6-202606,False,13,12,1
p002910,namemc.com,prebid.media.net,request,2.6-202606,False,37,37,0
p002911,nationaltoday.com,prebid.media.net,request,2.6-202606,False,16,16,0
p002912,nationaltoday.com,prebid.media.net,request,2.6-202606,False,8,8,0
p002913,nationaltoday.com,prebid.media.net,request,2.6-202606,False,16,16,0
p002914,nationaltoday.com,prebid.media.net,request,2.6-202606,False,10,9,1
p002915,nationaltoday.com,prebid.media.net,request,2.6-202606,False,8,8,0
p002916,nationaltoday.com,prebid.media.net,request,2.6-202606,False,10,9,1
p002917,nesn.com,prebid.media.net,request,2.6-202606,False,10,10,0
p002918,nationaltoday.com,prebid.media.net,request,2.6-202606,False,10,9,1
p002919,nesn.com,prebid.media.net,request,2.6-202606,False,10,10,0
p002920,nesn.com,prebid.media.net,request,2.6-202606,False,25,22,3
p002921,nesn.com,prebid.media.net,request,2.6-202606,False,74,64,10
p002922,nesn.com,prebid.media.net,request,2.6-202606,False,18,18,0
p002923,nesn.com,prebid.media.net,request,2.6-202606,False,11,10,1
p002924,nesn.com,prebid.media.net,request,2.6-202606,False,74,64,10
p002925,nesn.com,prebid.media.net,request,2.6-202606,False,18,16,2
p002926,philstar.com,prebid.media.net,request,2.6-202606,False,24,24,0
p002927,pilotonline.com,prebid.media.net,request,2.6-202606,False,11,10,1
p002928,pilotonline.com,prebid.media.net,request,2.6-202606,False,11,10,1
p002929,philstar.com,prebid.media.net,request,2.6-202606,False,24,24,0
p002930,philstar.com,prebid.media.net,request,2.6-202606,False,9,9,0
p002931,pilotonline.com,prebid.media.net,request,2.6-202606,False,11,10,1
p002932,psychcentral.com,prebid.media.net,request,2.6-202606,False,11,10,1
p002933,self.com,prebid.media.net,request,2.6-202606,False,8,8,0
p002934,self.com,prebid.media.net,request,2.6-202606,False,8,8,0
p002935,self.com,prebid.media.net,request,2.6-202606,False,8,8,0
p002936,socialblade.com,prebid.media.net,request,2.6-202606,False,42,41,1
p002937,self.com,prebid.media.net,request,2.6-202606,False,8,8,0
p002938,self.com,prebid.media.net,request,2.6-202606,False,8,8,0
p002939,self.com,prebid.media.net,request,2.6-202606,False,8,8,0
p002940,self.com,prebid.media.net,request,2.6-202606,False,8,8,0
p002941,self.com,prebid.media.net,request,2.6-202606,False,8,8,0
p002942,self.com,prebid.media.net,request,2.6-202606,False,8,8,0
p002943,teletica.com,prebid.media.net,request,2.6-202606,False,9,9,0
p002944,teletica.com,prebid.media.net,request,2.6-202606,False,9,9,0
p002945,teletica.com,prebid.media.net,request,2.6-202606,False,9,9,0
p002946,teletica.com,prebid.media.net,request,2.6-202606,False,9,9,0
p002947,thesun.ie,prebid.media.net,request,2.6-202606,False,45,45,0
p002948,thesun.ie,prebid.media.net,request,2.6-202606,False,13,13,0
p002949,thesun.ie,prebid.media.net,request,2.6-202606,False,13,13,0
p002950,thesun.ie,prebid.media.net,request,2.6-202606,False,41,41,0
p002951,thesun.ie,prebid.media.net,request,2.6-202606,False,13,13,0
p002952,thesun.ie,prebid.media.net,request,2.6-202606,False,13,13,0
p002953,thesun.ie,prebid.media.net,request,2.6-202606,False,13,13,0
p002954,thesun.ie,prebid.media.net,request,2.6-202606,False,11,10,1
p002955,tio.ch,prebid.media.net,request,2.6-202606,False,13,12,1
p002956,tio.ch,prebid.media.net,request,2.6-202606,False,9,9,0
p002957,tio.ch,prebid.media.net,request,2.6-202606,False,9,9,0
p002958,tio.ch,prebid.media.net,request,2.6-202606,False,9,9,0
p002959,tio.ch,prebid.media.net,request,2.6-202606,False,9,9,0
p002960,tio.ch,prebid.media.net,request,2.6-202606,False,9,9,0
p002961,upi.com,prebid.media.net,request,2.6-202606,False,31,31,0
p002962,upi.com,prebid.media.net,request,2.6-202606,False,7,7,0
p002963,upi.com,prebid.media.net,request,2.6-202606,False,7,7,0
p002964,upi.com,prebid.media.net,request,2.6-202606,False,7,7,0
p002965,urbandictionary.com,prebid.media.net,request,2.6-202606,False,16,16,0
p002966,urbandictionary.com,prebid.media.net,request,2.6-202606,False,8,8,0
p002967,urbandictionary.com,prebid.media.net,request,2.6-202606,False,8,8,0
p002968,upi.com,prebid.media.net,request,2.6-202606,False,19,19,0
p002969,vice.com,prebid.media.net,request,2.6-202606,False,19,19,0
p002970,vice.com,prebid.media.net,request,2.6-202606,False,14,14,0
p002971,cupofjo.com,prebid.production.adthrive.com,request,2.6-202606,True,0,0,0
p002972,cupofjo.com,prebid.production.adthrive.com,request,2.6-202606,True,0,0,0
p002973,cupofjo.com,prebid.production.adthrive.com,request,2.6-202606,True,0,0,0
p002974,cupofjo.com,prebid.production.adthrive.com,request,2.6-202606,True,0,0,0
p002975,cupofjo.com,prebid.production.adthrive.com,request,2.6-202606,False,2,1,1
p002976,cupofjo.com,prebid.production.adthrive.com,request,2.6-202606,False,2,1,1
p002977,halfbakedharvest.com,prebid.production.adthrive.com,request,2.6-202606,True,0,0,0
p002978,halfbakedharvest.com,prebid.production.adthrive.com,request,2.6-202606,True,0,0,0
p002979,halfbakedharvest.com,prebid.production.adthrive.com,request,2.6-202606,False,2,1,1
p002980,halfbakedharvest.com,prebid.production.adthrive.com,request,2.6-202606,False,4,2,2
p002981,halfbakedharvest.com,prebid.production.adthrive.com,request,2.6-202606,True,0,0,0
p002982,halfbakedharvest.com,prebid.production.adthrive.com,request,2.6-202606,True,0,0,0
p002983,halfbakedharvest.com,prebid.production.adthrive.com,request,2.6-202606,True,0,0,0
p002984,halfbakedharvest.com,prebid.production.adthrive.com,request,2.6-202606,False,2,1,1
p002985,halfbakedharvest.com,prebid.production.adthrive.com,request,2.6-202606,False,2,1,1
p002986,ranker.com,prebid.production.adthrive.com,request,2.6-202606,True,0,0,0
p002987,salon.com,prebid.production.adthrive.com,request,2.6-202606,True,0,0,0
p002988,salon.com,prebid.production.adthrive.com,request,2.6-202606,True,0,0,0
p002989,salon.com,prebid.production.adthrive.com,request,2.6-202606,True,0,0,0
p002990,salon.com,prebid.production.adthrive.com,request,2.6-202606,True,0,0,0
p002991,salon.com,prebid.production.adthrive.com,request,2.6-202606,True,0,0,0
p002992,salon.com,prebid.production.adthrive.com,request,2.6-202606,False,2,1,1
p002993,salon.com,prebid.production.adthrive.com,request,2.6-202606,True,0,0,0
p002994,salon.com,prebid.production.adthrive.com,request,2.6-202606,False,2,1,1
p002995,salon.com,prebid.production.adthrive.com,request,2.6-202606,False,4,2,2
p002996,salon.com,prebid.production.adthrive.com,request,2.6-202606,True,0,0,0
p002997,salon.com,prebid.production.adthrive.com,request,2.6-202606,True,0,0,0
p002998,salon.com,prebid.production.adthrive.com,request,2.6-202606,True,0,0,0
p002999,salon.com,prebid.production.adthrive.com,request,2.6-202606,True,0,0,0
p003000,salon.com,prebid.production.adthrive.com,request,2.6-202606,True,0,0,0
p003001,salon.com,prebid.production.adthrive.com,request,2.6-202606,False,2,1,1
p003002,salon.com,prebid.production.adthrive.com,request,2.6-202606,False,2,1,1
p003003,salon.com,prebid.production.adthrive.com,request,2.6-202606,True,0,0,0
p003004,salon.com,prebid.production.adthrive.com,request,2.6-202606,False,2,1,1
p003005,salon.com,prebid.production.adthrive.com,request,2.6-202606,False,2,1,1
p003006,webdesignerdepot.com,prebid.production.adthrive.com,request,2.6-202606,True,0,0,0
p003007,webdesignerdepot.com,prebid.production.adthrive.com,request,2.6-202606,False,2,1,1
p003008,webdesignerdepot.com,prebid.production.adthrive.com,request,2.6-202606,False,2,1,1
p003009,webdesignerdepot.com,prebid.production.adthrive.com,request,2.6-202606,True,0,0,0
p003010,webdesignerdepot.com,prebid.production.adthrive.com,request,2.6-202606,False,2,1,1
p003011,webdesignerdepot.com,prebid.production.adthrive.com,request,2.6-202606,False,2,1,1
p003012,webdesignerdepot.com,prebid.production.adthrive.com,request,2.6-202606,False,2,1,1
p003013,webdesignerdepot.com,prebid.production.adthrive.com,request,2.6-202606,False,2,1,1
p003014,webdesignerdepot.com,prebid.production.adthrive.com,request,2.6-202606,True,0,0,0
p003015,webdesignerdepot.com,prebid.production.adthrive.com,request,2.6-202606,True,0,0,0
p003016,webdesignerdepot.com,prebid.production.adthrive.com,request,2.6-202606,False,2,1,1
p003017,webdesignerdepot.com,prebid.production.adthrive.com,request,2.6-202606,False,2,1,1
p003018,webdesignerdepot.com,prebid.production.adthrive.com,request,2.6-202606,True,0,0,0
p003019,webdesignerdepot.com,prebid.production.adthrive.com,request,2.6-202606,True,0,0,0
p003020,webdesignerdepot.com,prebid.production.adthrive.com,request,2.6-202606,False,2,1,1
p003021,webdesignerdepot.com,prebid.production.adthrive.com,request,2.6-202606,False,2,1,1
p003022,webdesignerdepot.com,prebid.production.adthrive.com,request,2.6-202606,False,2,1,1
p003023,webdesignerdepot.com,prebid.production.adthrive.com,request,2.6-202606,False,2,1,1
p003024,webdesignerdepot.com,prebid.production.adthrive.com,request,2.6-202606,False,2,1,1
p003025,cupofjo.com,prebid.production.adthrive.com,response,2.6-202606,True,1,0,1
p003026,cupofjo.com,prebid.production.adthrive.com,response,2.6-202606,True,0,0,0
p003027,cupofjo.com,prebid.production.adthrive.com,response,2.6-202606,True,0,0,0
p003028,cupofjo.com,prebid.production.adthrive.com,response,2.6-202606,True,1,0,1
p003029,cupofjo.com,prebid.production.adthrive.com,response,2.6-202606,True,1,0,1
p003030,cupofjo.com,prebid.production.adthrive.com,response,2.6-202606,True,0,0,0
p003031,halfbakedharvest.com,prebid.production.adthrive.com,response,2.6-202606,True,1,0,1
p003032,halfbakedharvest.com,prebid.production.adthrive.com,response,2.6-202606,True,0,0,0
p003033,halfbakedharvest.com,prebid.production.adthrive.com,response,2.6-202606,True,0,0,0
p003034,halfbakedharvest.com,prebid.production.adthrive.com,response,2.6-202606,True,0,0,0
p003035,halfbakedharvest.com,prebid.production.adthrive.com,response,2.6-202606,True,0,0,0
p003036,halfbakedharvest.com,prebid.production.adthrive.com,response,2.6-202606,True,0,0,0
p003037,halfbakedharvest.com,prebid.production.adthrive.com,response,2.6-202606,True,0,0,0
p003038,halfbakedharvest.com,prebid.production.adthrive.com,response,2.6-202606,True,1,0,1
p003039,halfbakedharvest.com,prebid.production.adthrive.com,response,2.6-202606,True,1,0,1
p003040,ranker.com,prebid.production.adthrive.com,response,2.6-202606,True,0,0,0
p003041,salon.com,prebid.production.adthrive.com,response,2.6-202606,True,0,0,0
p003042,salon.com,prebid.production.adthrive.com,response,2.6-202606,True,0,0,0
p003043,salon.com,prebid.production.adthrive.com,response,2.6-202606,True,0,0,0
p003044,salon.com,prebid.production.adthrive.com,response,2.6-202606,True,0,0,0
p003045,salon.com,prebid.production.adthrive.com,response,2.6-202606,True,0,0,0
p003046,salon.com,prebid.production.adthrive.com,response,2.6-202606,True,0,0,0
p003047,salon.com,prebid.production.adthrive.com,response,2.6-202606,True,0,0,0
p003048,salon.com,prebid.production.adthrive.com,response,2.6-202606,True,0,0,0
p003049,salon.com,prebid.production.adthrive.com,response,2.6-202606,True,0,0,0
p003050,salon.com,prebid.production.adthrive.com,response,2.6-202606,True,0,0,0
p003051,salon.com,prebid.production.adthrive.com,response,2.6-202606,True,0,0,0
p003052,salon.com,prebid.production.adthrive.com,response,2.6-202606,True,0,0,0
p003053,salon.com,prebid.production.adthrive.com,response,2.6-202606,True,0,0,0
p003054,salon.com,prebid.production.adthrive.com,response,2.6-202606,True,0,0,0
p003055,salon.com,prebid.production.adthrive.com,response,2.6-202606,True,0,0,0
p003056,salon.com,prebid.production.adthrive.com,response,2.6-202606,True,0,0,0
p003057,salon.com,prebid.production.adthrive.com,response,2.6-202606,True,0,0,0
p003058,salon.com,prebid.production.adthrive.com,response,2.6-202606,True,0,0,0
p003059,salon.com,prebid.production.adthrive.com,response,2.6-202606,True,0,0,0
p003060,webdesignerdepot.com,prebid.production.adthrive.com,response,2.6-202606,True,0,0,0
p003061,webdesignerdepot.com,prebid.production.adthrive.com,response,2.6-202606,True,0,0,0
p003062,webdesignerdepot.com,prebid.production.adthrive.com,response,2.6-202606,True,0,0,0
p003063,webdesignerdepot.com,prebid.production.adthrive.com,response,2.6-202606,True,0,0,0
p003064,webdesignerdepot.com,prebid.production.adthrive.com,response,2.6-202606,True,0,0,0
p003065,webdesignerdepot.com,prebid.production.adthrive.com,response,2.6-202606,True,0,0,0
p003066,webdesignerdepot.com,prebid.production.adthrive.com,response,2.6-202606,True,0,0,0
p003067,webdesignerdepot.com,prebid.production.adthrive.com,response,2.6-202606,True,0,0,0
p003068,webdesignerdepot.com,prebid.production.adthrive.com,response,2.6-202606,True,0,0,0
p003069,webdesignerdepot.com,prebid.production.adthrive.com,response,2.6-202606,True,1,0,1
p003070,webdesignerdepot.com,prebid.production.adthrive.com,response,2.6-202606,True,0,0,0
p003071,webdesignerdepot.com,prebid.production.adthrive.com,response,2.6-202606,True,0,0,0
p003072,webdesignerdepot.com,prebid.production.adthrive.com,response,2.6-202606,True,0,0,0
p003073,webdesignerdepot.com,prebid.production.adthrive.com,response,2.6-202606,True,0,0,0
p003074,webdesignerdepot.com,prebid.production.adthrive.com,response,2.6-202606,True,0,0,0
p003075,webdesignerdepot.com,prebid.production.adthrive.com,response,2.6-202606,True,0,0,0
p003076,webdesignerdepot.com,prebid.production.adthrive.com,response,2.6-202606,True,0,0,0
p003077,webdesignerdepot.com,prebid.production.adthrive.com,response,2.6-202606,True,0,0,0
p003078,webdesignerdepot.com,prebid.production.adthrive.com,response,2.6-202606,True,0,0,0
p003079,liga.net,prebid.setupad.io,request,2.6-202606,False,1,1,0
p003080,chl.ca,prebid.tpdads.com,request,2.6-202606,True,0,0,0
p003081,chl.ca,prebid.tpdads.com,request,2.6-202606,True,0,0,0
p003082,urbandictionary.com,prebid.trustedstack.com,request,2.6-202606,False,16,16,0
p003083,urbandictionary.com,prebid.trustedstack.com,request,2.6-202606,False,8,8,0
p003084,urbandictionary.com,prebid.trustedstack.com,request,2.6-202606,False,8,8,0
p003085,vivitusuerte.com,prebid.trustedstack.com,request,2.6-202606,False,7,7,0
p003086,cupofjo.com,prebid2.production.adthrive.com,request,2.6-202606,True,0,0,0
p003087,cupofjo.com,prebid2.production.adthrive.com,request,2.6-202606,True,0,0,0
p003088,cupofjo.com,prebid2.production.adthrive.com,request,2.6-202606,True,0,0,0
p003089,cupofjo.com,prebid2.production.adthrive.com,request,2.6-202606,True,0,0,0
p003090,cupofjo.com,prebid2.production.adthrive.com,request,2.6-202606,False,2,1,1
p003091,cupofjo.com,prebid2.production.adthrive.com,request,2.6-202606,False,2,1,1
p003092,halfbakedharvest.com,prebid2.production.adthrive.com,request,2.6-202606,True,0,0,0
p003093,halfbakedharvest.com,prebid2.production.adthrive.com,request,2.6-202606,True,0,0,0
p003094,halfbakedharvest.com,prebid2.production.adthrive.com,request,2.6-202606,False,2,1,1
p003095,halfbakedharvest.com,prebid2.production.adthrive.com,request,2.6-202606,False,6,3,3
p003096,halfbakedharvest.com,prebid2.production.adthrive.com,request,2.6-202606,True,0,0,0
p003097,halfbakedharvest.com,prebid2.production.adthrive.com,request,2.6-202606,True,0,0,0
p003098,halfbakedharvest.com,prebid2.production.adthrive.com,request,2.6-202606,True,0,0,0
p003099,halfbakedharvest.com,prebid2.production.adthrive.com,request,2.6-202606,False,2,1,1
p003100,halfbakedharvest.com,prebid2.production.adthrive.com,request,2.6-202606,False,2,1,1
p003101,ranker.com,prebid2.production.adthrive.com,request,2.6-202606,True,0,0,0
p003102,salon.com,prebid2.production.adthrive.com,request,2.6-202606,True,0,0,0
p003103,salon.com,prebid2.production.adthrive.com,request,2.6-202606,True,0,0,0
p003104,salon.com,prebid2.production.adthrive.com,request,2.6-202606,True,0,0,0
p003105,salon.com,prebid2.production.adthrive.com,request,2.6-202606,True,0,0,0
p003106,salon.com,prebid2.production.adthrive.com,request,2.6-202606,True,0,0,0
p003107,salon.com,prebid2.production.adthrive.com,request,2.6-202606,False,2,1,1
p003108,salon.com,prebid2.production.adthrive.com,request,2.6-202606,True,0,0,0
p003109,salon.com,prebid2.production.adthrive.com,request,2.6-202606,False,2,1,1
p003110,salon.com,prebid2.production.adthrive.com,request,2.6-202606,False,6,3,3
p003111,salon.com,prebid2.production.adthrive.com,request,2.6-202606,True,0,0,0
p003112,salon.com,prebid2.production.adthrive.com,request,2.6-202606,True,0,0,0
p003113,salon.com,prebid2.production.adthrive.com,request,2.6-202606,True,0,0,0
p003114,salon.com,prebid2.production.adthrive.com,request,2.6-202606,True,0,0,0
p003115,salon.com,prebid2.production.adthrive.com,request,2.6-202606,True,0,0,0
p003116,salon.com,prebid2.production.adthrive.com,request,2.6-202606,False,2,1,1
p003117,salon.com,prebid2.production.adthrive.com,request,2.6-202606,False,2,1,1
p003118,salon.com,prebid2.production.adthrive.com,request,2.6-202606,True,0,0,0
p003119,salon.com,prebid2.production.adthrive.com,request,2.6-202606,False,2,1,1
p003120,salon.com,prebid2.production.adthrive.com,request,2.6-202606,False,2,1,1
p003121,webdesignerdepot.com,prebid2.production.adthrive.com,request,2.6-202606,True,0,0,0
p003122,webdesignerdepot.com,prebid2.production.adthrive.com,request,2.6-202606,False,2,1,1
p003123,webdesignerdepot.com,prebid2.production.adthrive.com,request,2.6-202606,False,4,2,2
p003124,webdesignerdepot.com,prebid2.production.adthrive.com,request,2.6-202606,True,0,0,0
p003125,webdesignerdepot.com,prebid2.production.adthrive.com,request,2.6-202606,False,2,1,1
p003126,webdesignerdepot.com,prebid2.production.adthrive.com,request,2.6-202606,False,2,1,1
p003127,webdesignerdepot.com,prebid2.production.adthrive.com,request,2.6-202606,False,2,1,1
p003128,webdesignerdepot.com,prebid2.production.adthrive.com,request,2.6-202606,False,2,1,1
p003129,webdesignerdepot.com,prebid2.production.adthrive.com,request,2.6-202606,True,0,0,0
p003130,webdesignerdepot.com,prebid2.production.adthrive.com,request,2.6-202606,True,0,0,0
p003131,webdesignerdepot.com,prebid2.production.adthrive.com,request,2.6-202606,False,2,1,1
p003132,webdesignerdepot.com,prebid2.production.adthrive.com,request,2.6-202606,False,2,1,1
p003133,webdesignerdepot.com,prebid2.production.adthrive.com,request,2.6-202606,True,0,0,0
p003134,webdesignerdepot.com,prebid2.production.adthrive.com,request,2.6-202606,True,0,0,0
p003135,webdesignerdepot.com,prebid2.production.adthrive.com,request,2.6-202606,False,4,2,2
p003136,webdesignerdepot.com,prebid2.production.adthrive.com,request,2.6-202606,False,2,1,1
p003137,webdesignerdepot.com,prebid2.production.adthrive.com,request,2.6-202606,False,2,1,1
p003138,webdesignerdepot.com,prebid2.production.adthrive.com,request,2.6-202606,False,2,1,1
p003139,webdesignerdepot.com,prebid2.production.adthrive.com,request,2.6-202606,False,2,1,1
p003140,cupofjo.com,prebid2.production.adthrive.com,response,2.6-202606,True,0,0,0
p003141,cupofjo.com,prebid2.production.adthrive.com,response,2.6-202606,True,0,0,0
p003142,cupofjo.com,prebid2.production.adthrive.com,response,2.6-202606,True,0,0,0
p003143,cupofjo.com,prebid2.production.adthrive.com,response,2.6-202606,True,0,0,0
p003144,cupofjo.com,prebid2.production.adthrive.com,response,2.6-202606,True,0,0,0
p003145,cupofjo.com,prebid2.production.adthrive.com,response,2.6-202606,True,0,0,0
p003146,halfbakedharvest.com,prebid2.production.adthrive.com,response,2.6-202606,True,0,0,0
p003147,halfbakedharvest.com,prebid2.production.adthrive.com,response,2.6-202606,True,0,0,0
p003148,halfbakedharvest.com,prebid2.production.adthrive.com,response,2.6-202606,True,0,0,0
p003149,halfbakedharvest.com,prebid2.production.adthrive.com,response,2.6-202606,True,0,0,0
p003150,halfbakedharvest.com,prebid2.production.adthrive.com,response,2.6-202606,True,0,0,0
p003151,halfbakedharvest.com,prebid2.production.adthrive.com,response,2.6-202606,True,0,0,0
p003152,halfbakedharvest.com,prebid2.production.adthrive.com,response,2.6-202606,True,0,0,0
p003153,halfbakedharvest.com,prebid2.production.adthrive.com,response,2.6-202606,True,0,0,0
p003154,halfbakedharvest.com,prebid2.production.adthrive.com,response,2.6-202606,True,0,0,0
p003155,ranker.com,prebid2.production.adthrive.com,response,2.6-202606,True,0,0,0
p003156,salon.com,prebid2.production.adthrive.com,response,2.6-202606,True,0,0,0
p003157,salon.com,prebid2.production.adthrive.com,response,2.6-202606,True,0,0,0
p003158,salon.com,prebid2.production.adthrive.com,response,2.6-202606,True,0,0,0
p003159,salon.com,prebid2.production.adthrive.com,response,2.6-202606,True,0,0,0
p003160,salon.com,prebid2.production.adthrive.com,response,2.6-202606,True,0,0,0
p003161,salon.com,prebid2.production.adthrive.com,response,2.6-202606,True,0,0,0
p003162,salon.com,prebid2.production.adthrive.com,response,2.6-202606,True,0,0,0
p003163,salon.com,prebid2.production.adthrive.com,response,2.6-202606,True,0,0,0
p003164,salon.com,prebid2.production.adthrive.com,response,2.6-202606,True,0,0,0
p003165,salon.com,prebid2.production.adthrive.com,response,2.6-202606,True,0,0,0
p003166,salon.com,prebid2.production.adthrive.com,response,2.6-202606,True,0,0,0
p003167,salon.com,prebid2.production.adthrive.com,response,2.6-202606,True,0,0,0
p003168,salon.com,prebid2.production.adthrive.com,response,2.6-202606,True,0,0,0
p003169,salon.com,prebid2.production.adthrive.com,response,2.6-202606,True,0,0,0
p003170,salon.com,prebid2.production.adthrive.com,response,2.6-202606,True,0,0,0
p003171,salon.com,prebid2.production.adthrive.com,response,2.6-202606,True,0,0,0
p003172,salon.com,prebid2.production.adthrive.com,response,2.6-202606,True,0,0,0
p003173,salon.com,prebid2.production.adthrive.com,response,2.6-202606,True,0,0,0
p003174,salon.com,prebid2.production.adthrive.com,response,2.6-202606,True,0,0,0
p003175,webdesignerdepot.com,prebid2.production.adthrive.com,response,2.6-202606,True,0,0,0
p003176,webdesignerdepot.com,prebid2.production.adthrive.com,response,2.6-202606,True,0,0,0
p003177,webdesignerdepot.com,prebid2.production.adthrive.com,response,2.6-202606,True,0,0,0
p003178,webdesignerdepot.com,prebid2.production.adthrive.com,response,2.6-202606,True,0,0,0
p003179,webdesignerdepot.com,prebid2.production.adthrive.com,response,2.6-202606,True,0,0,0
p003180,webdesignerdepot.com,prebid2.production.adthrive.com,response,2.6-202606,True,0,0,0
p003181,webdesignerdepot.com,prebid2.production.adthrive.com,response,2.6-202606,True,0,0,0
p003182,webdesignerdepot.com,prebid2.production.adthrive.com,response,2.6-202606,True,0,0,0
p003183,webdesignerdepot.com,prebid2.production.adthrive.com,response,2.6-202606,True,0,0,0
p003184,webdesignerdepot.com,prebid2.production.adthrive.com,response,2.6-202606,True,0,0,0
p003185,webdesignerdepot.com,prebid2.production.adthrive.com,response,2.6-202606,True,0,0,0
p003186,webdesignerdepot.com,prebid2.production.adthrive.com,response,2.6-202606,True,0,0,0
p003187,webdesignerdepot.com,prebid2.production.adthrive.com,response,2.6-202606,True,0,0,0
p003188,webdesignerdepot.com,prebid2.production.adthrive.com,response,2.6-202606,True,0,0,0
p003189,webdesignerdepot.com,prebid2.production.adthrive.com,response,2.6-202606,True,0,0,0
p003190,webdesignerdepot.com,prebid2.production.adthrive.com,response,2.6-202606,True,0,0,0
p003191,webdesignerdepot.com,prebid2.production.adthrive.com,response,2.6-202606,True,0,0,0
p003192,webdesignerdepot.com,prebid2.production.adthrive.com,response,2.6-202606,True,0,0,0
p003193,webdesignerdepot.com,prebid2.production.adthrive.com,response,2.6-202606,True,0,0,0
p003194,montgomeryadvertiser.com,ps.ex.co,request,2.6-202606,False,10,4,6
p003195,montgomeryadvertiser.com,ps.ex.co,request,2.6-202606,False,10,4,6
p003196,tennessean.com,ps.ex.co,request,2.6-202606,False,14,6,8
p003197,eonline.com,reachms.bfmio.com,request,2.6-202606,False,9,8,1
p003198,eonline.com,reachms.bfmio.com,request,2.6-202606,False,9,8,1
p003199,eonline.com,reachms.bfmio.com,request,2.6-202606,False,9,8,1
p003200,eonline.com,reachms.bfmio.com,request,2.6-202606,False,9,8,1
p003201,eonline.com,reachms.bfmio.com,request,2.6-202606,False,9,8,1
p003202,eonline.com,reachms.bfmio.com,request,2.6-202606,False,9,8,1
p003203,eonline.com,reachms.bfmio.com,request,2.6-202606,False,9,8,1
p003204,cityam.com,rt.marphezis.com,request,2.6-202606,False,1,1,0
p003205,cityam.com,rt.marphezis.com,request,2.6-202606,False,1,1,0
p003206,cycletrader.com,rt.marphezis.com,request,2.6-202606,True,0,0,0
p003207,cycletrader.com,rt.marphezis.com,request,2.6-202606,True,0,0,0
p003208,cycletrader.com,rt.marphezis.com,request,2.6-202606,True,0,0,0
p003209,cycletrader.com,rt.marphezis.com,request,2.6-202606,True,0,0,0
p003210,cycletrader.com,rt.marphezis.com,request,2.6-202606,True,0,0,0
p003211,falstaff.com,rt.marphezis.com,request,2.6-202606,False,1,1,0
p003212,fox11online.com,rt.marphezis.com,request,2.6-202606,False,1,1,0
p003213,fox11online.com,rt.marphezis.com,request,2.6-202606,False,1,1,0
p003214,fox11online.com,rt.marphezis.com,request,2.6-202606,False,1,1,0
p003215,fox11online.com,rt.marphezis.com,request,2.6-202606,False,1,1,0
p003216,fox11online.com,rt.marphezis.com,request,2.6-202606,False,1,1,0
p003217,fox11online.com,rt.marphezis.com,request,2.6-202606,False,1,1,0
p003218,fox11online.com,rt.marphezis.com,request,2.6-202606,False,1,1,0
p003219,fox11online.com,rt.marphezis.com,request,2.6-202606,False,1,1,0
p003220,loksatta.com,rt.marphezis.com,request,2.6-202606,True,0,0,0
p003221,moly.hu,rt.marphezis.com,request,2.6-202606,False,1,1,0
p003222,moly.hu,rt.marphezis.com,request,2.6-202606,False,1,1,0
p003223,nationaltoday.com,rt.marphezis.com,request,2.6-202606,False,1,1,0
p003224,nationaltoday.com,rt.marphezis.com,request,2.6-202606,False,1,1,0
p003225,nationaltoday.com,rt.marphezis.com,request,2.6-202606,False,1,1,0
p003226,nationaltoday.com,rt.marphezis.com,request,2.6-202606,False,1,1,0
p003227,psychcentral.com,rt.marphezis.com,request,2.6-202606,False,2,2,0
p003228,psychcentral.com,rt.marphezis.com,request,2.6-202606,False,2,2,0
p003229,psychcentral.com,rt.marphezis.com,request,2.6-202606,False,2,2,0
p003230,psychcentral.com,rt.marphezis.com,request,2.6-202606,False,2,2,0
p003231,psychcentral.com,rt.marphezis.com,request,2.6-202606,False,2,2,0
p003232,psychcentral.com,rt.marphezis.com,request,2.6-202606,False,2,2,0
p003233,psychcentral.com,rt.marphezis.com,request,2.6-202606,False,2,2,0
p003234,urbandictionary.com,rt.marphezis.com,request,2.6-202606,False,1,1,0
p003235,urbandictionary.com,rt.marphezis.com,request,2.6-202606,False,1,1,0
p003236,urbandictionary.com,rt.marphezis.com,request,2.6-202606,False,1,1,0
p003237,zeldadungeon.net,rt.marphezis.com,request,2.6-202606,False,1,1,0
p003238,oneindia.com,rtb.aniview.com,request,2.6-202606,True,0,0,0
p003239,oneindia.com,rtb.aniview.com,request,2.6-202606,True,0,0,0
p003240,oneindia.com,rtb.aniview.com,request,2.6-202606,True,0,0,0
p003241,oneindia.com,rtb.aniview.com,request,2.6-202606,True,0,0,0
p003242,oneindia.com,rtb.aniview.com,request,2.6-202606,True,0,0,0
p003243,oneindia.com,rtb.aniview.com,request,2.6-202606,True,0,0,0
p003244,oneindia.com,rtb.aniview.com,request,2.6-202606,True,0,0,0
p003245,oneindia.com,rtb.aniview.com,request,2.6-202606,True,0,0,0
p003246,oneindia.com,rtb.aniview.com,request,2.6-202606,True,0,0,0
p003247,oneindia.com,rtb.aniview.com,request,2.6-202606,True,0,0,0
p003248,oneindia.com,rtb.aniview.com,request,2.6-202606,True,0,0,0
p003249,oneindia.com,rtb.aniview.com,request,2.6-202606,True,0,0,0
p003250,oneindia.com,rtb.aniview.com,request,2.6-202606,True,0,0,0
p003251,oneindia.com,rtb.aniview.com,request,2.6-202606,True,0,0,0
p003252,oneindia.com,rtb.aniview.com,request,2.6-202606,True,0,0,0
p003253,oneindia.com,rtb.aniview.com,request,2.6-202606,True,0,0,0
p003254,oneindia.com,rtb.aniview.com,request,2.6-202606,True,0,0,0
p003255,oneindia.com,rtb.aniview.com,request,2.6-202606,True,0,0,0
p003256,oneindia.com,rtb.aniview.com,request,2.6-202606,True,0,0,0
p003257,oneindia.com,rtb.aniview.com,request,2.6-202606,True,0,0,0
p003258,oneindia.com,rtb.aniview.com,request,2.6-202606,True,0,0,0
p003259,oneindia.com,rtb.aniview.com,request,2.6-202606,True,0,0,0
p003260,oneindia.com,rtb.aniview.com,request,2.6-202606,True,0,0,0
p003261,oneindia.com,rtb.aniview.com,request,2.6-202606,True,0,0,0
p003262,oneindia.com,rtb.aniview.com,request,2.6-202606,True,0,0,0
p003263,oneindia.com,rtb.aniview.com,request,2.6-202606,True,0,0,0
p003264,oneindia.com,rtb.aniview.com,request,2.6-202606,True,0,0,0
p003265,oneindia.com,rtb.aniview.com,request,2.6-202606,True,0,0,0
p003266,oneindia.com,rtb.aniview.com,request,2.6-202606,True,0,0,0
p003267,oneindia.com,rtb.aniview.com,request,2.6-202606,True,0,0,0
p003268,tennessean.com,rtb.ex.co,request,2.6-202606,False,3,1,2
p003269,oneindia.com,rtb.nexverse.ai,request,2.5,False,2,2,0
p003270,oneindia.com,rtb.nexverse.ai,request,2.5,False,2,2,0
p003271,oneindia.com,rtb.nexverse.ai,request,2.5,False,2,2,0
p003272,oneindia.com,rtb.nexverse.ai,request,2.5,False,2,2,0
p003273,oneindia.com,rtb.nexverse.ai,request,2.5,False,2,2,0
p003274,oneindia.com,rtb.nexverse.ai,request,2.5,False,2,2,0
p003275,oneindia.com,rtb.nexverse.ai,request,2.5,False,2,2,0
p003276,oneindia.com,rtb.nexverse.ai,request,2.5,False,2,2,0
p003277,oneindia.com,rtb.nexverse.ai,request,2.5,False,2,2,0
p003278,oneindia.com,rtb.nexverse.ai,request,2.5,False,2,2,0
p003279,oneindia.com,rtb.nexverse.ai,request,2.5,False,2,2,0
p003280,oneindia.com,rtb.nexverse.ai,request,2.5,False,2,2,0
p003281,oneindia.com,rtb.nexverse.ai,request,2.5,False,2,2,0
p003282,oneindia.com,rtb.nexverse.ai,request,2.5,False,2,2,0
p003283,autoguide.com,rtb.openx.net,request,2.6-202606,False,1,1,0
p003284,autoguide.com,rtb.openx.net,request,2.6-202606,False,1,1,0
p003285,autoguide.com,rtb.openx.net,request,2.6-202606,False,1,1,0
p003286,autoguide.com,rtb.openx.net,request,2.6-202606,False,1,1,0
p003287,autoguide.com,rtb.openx.net,request,2.6-202606,False,1,1,0
p003288,autoguide.com,rtb.openx.net,request,2.6-202606,False,1,1,0
p003289,autoguide.com,rtb.openx.net,request,2.6-202606,False,1,1,0
p003290,autoguide.com,rtb.openx.net,request,2.6-202606,False,1,1,0
p003291,autoguide.com,rtb.openx.net,request,2.6-202606,False,1,1,0
p003292,autoguide.com,rtb.openx.net,request,2.6-202606,False,1,1,0
p003293,autoguide.com,rtb.openx.net,request,2.6-202606,False,1,1,0
p003294,autoguide.com,rtb.openx.net,request,2.6-202606,False,1,1,0
p003295,autoguide.com,rtb.openx.net,request,2.6-202606,False,1,1,0
p003296,autoguide.com,rtb.openx.net,request,2.6-202606,False,1,1,0
p003297,autoguide.com,rtb.openx.net,request,2.6-202606,False,1,1,0
p003298,businessinsider.com,rtb.openx.net,request,2.6-202606,True,0,0,0
p003299,businessinsider.com,rtb.openx.net,request,2.6-202606,True,0,0,0
p003300,businessinsider.com,rtb.openx.net,request,2.6-202606,True,0,0,0
p003301,businessinsider.com,rtb.openx.net,request,2.6-202606,True,0,0,0
p003302,carsdirect.com,rtb.openx.net,request,2.6-202606,True,0,0,0
p003303,carsdirect.com,rtb.openx.net,request,2.6-202606,True,0,0,0
p003304,carsdirect.com,rtb.openx.net,request,2.6-202606,True,0,0,0
p003305,carsdirect.com,rtb.openx.net,request,2.6-202606,True,0,0,0
p003306,carsdirect.com,rtb.openx.net,request,2.6-202606,True,0,0,0
p003307,carsdirect.com,rtb.openx.net,request,2.6-202606,True,0,0,0
p003308,carsdirect.com,rtb.openx.net,request,2.6-202606,True,0,0,0
p003309,carsdirect.com,rtb.openx.net,request,2.6-202606,True,0,0,0
p003310,chicagotribune.com,rtb.openx.net,request,2.6-202606,True,1,0,1
p003311,chicagotribune.com,rtb.openx.net,request,2.6-202606,True,1,0,1
p003312,coindesk.com,rtb.openx.net,request,2.6-202606,True,0,0,0
p003313,coindesk.com,rtb.openx.net,request,2.6-202606,True,0,0,0
p003314,cupofjo.com,rtb.openx.net,request,2.6-202606,True,0,0,0
p003315,cupofjo.com,rtb.openx.net,request,2.6-202606,True,0,0,0
p003316,cupofjo.com,rtb.openx.net,request,2.6-202606,True,0,0,0
p003317,cupofjo.com,rtb.openx.net,request,2.6-202606,True,0,0,0
p003318,cupofjo.com,rtb.openx.net,request,2.6-202606,False,2,1,1
p003319,cupofjo.com,rtb.openx.net,request,2.6-202606,False,2,1,1
p003320,cupofjo.com,rtb.openx.net,request,2.6-202606,False,2,1,1
p003321,cycletrader.com,rtb.openx.net,request,2.6-202606,True,0,0,0
p003322,cycletrader.com,rtb.openx.net,request,2.6-202606,True,0,0,0
p003323,cycletrader.com,rtb.openx.net,request,2.6-202606,True,0,0,0
p003324,dailykos.com,rtb.openx.net,request,2.6-202606,True,0,0,0
p003325,cycletrader.com,rtb.openx.net,request,2.6-202606,True,0,0,0
p003326,cycletrader.com,rtb.openx.net,request,2.6-202606,True,0,0,0
p003327,dailykos.com,rtb.openx.net,request,2.6-202606,True,0,0,0
p003328,dailykos.com,rtb.openx.net,request,2.6-202606,True,0,0,0
p003329,dailykos.com,rtb.openx.net,request,2.6-202606,True,0,0,0
p003330,dailykos.com,rtb.openx.net,request,2.6-202606,True,0,0,0
p003331,dailykos.com,rtb.openx.net,request,2.6-202606,True,0,0,0
p003332,dailykos.com,rtb.openx.net,request,2.6-202606,True,0,0,0
p003333,elespectador.com,rtb.openx.net,request,2.6-202606,False,1,1,0
p003334,elespectador.com,rtb.openx.net,request,2.6-202606,False,1,1,0
p003335,elespectador.com,rtb.openx.net,request,2.6-202606,False,1,1,0
p003336,elespectador.com,rtb.openx.net,request,2.6-202606,False,1,1,0
p003337,elespectador.com,rtb.openx.net,request,2.6-202606,False,1,1,0
p003338,elespectador.com,rtb.openx.net,request,2.6-202606,False,1,1,0
p003339,eonline.com,rtb.openx.net,request,2.6-202606,True,0,0,0
p003340,eonline.com,rtb.openx.net,request,2.6-202606,True,0,0,0
p003341,eonline.com,rtb.openx.net,request,2.6-202606,True,0,0,0
p003342,eonline.com,rtb.openx.net,request,2.6-202606,True,0,0,0
p003343,eonline.com,rtb.openx.net,request,2.6-202606,True,0,0,0
p003344,eonline.com,rtb.openx.net,request,2.6-202606,True,0,0,0
p003345,eonline.com,rtb.openx.net,request,2.6-202606,True,0,0,0
p003346,eonline.com,rtb.openx.net,request,2.6-202606,True,0,0,0
p003347,fncstatic.com,rtb.openx.net,request,2.6-202606,True,0,0,0
p003348,fncstatic.com,rtb.openx.net,request,2.6-202606,True,0,0,0
p003349,fncstatic.com,rtb.openx.net,request,2.6-202606,True,0,0,0
p003350,fncstatic.com,rtb.openx.net,request,2.6-202606,True,0,0,0
p003351,fncstatic.com,rtb.openx.net,request,2.6-202606,True,0,0,0
p003352,fncstatic.com,rtb.openx.net,request,2.6-202606,True,0,0,0
p003353,fncstatic.com,rtb.openx.net,request,2.6-202606,True,0,0,0
p003354,fox11online.com,rtb.openx.net,request,2.6-202606,False,2,1,1
p003355,fox11online.com,rtb.openx.net,request,2.6-202606,False,1,1,0
p003356,fox11online.com,rtb.openx.net,request,2.6-202606,False,2,1,1
p003357,fox11online.com,rtb.openx.net,request,2.6-202606,False,2,1,1
p003358,fox11online.com,rtb.openx.net,request,2.6-202606,False,2,1,1
p003359,fox11online.com,rtb.openx.net,request,2.6-202606,False,2,1,1
p003360,fox11online.com,rtb.openx.net,request,2.6-202606,False,2,1,1
p003361,fox11online.com,rtb.openx.net,request,2.6-202606,False,2,1,1
p003362,fox11online.com,rtb.openx.net,request,2.6-202606,False,2,1,1
p003363,fox11online.com,rtb.openx.net,request,2.6-202606,False,1,1,0
p003364,fox11online.com,rtb.openx.net,request,2.6-202606,True,1,0,1
p003365,fox11online.com,rtb.openx.net,request,2.6-202606,True,0,0,0
p003366,fox11online.com,rtb.openx.net,request,2.6-202606,True,0,0,0
p003367,fox11online.com,rtb.openx.net,request,2.6-202606,True,1,0,1
p003368,fox11online.com,rtb.openx.net,request,2.6-202606,False,2,1,1
p003369,fox11online.com,rtb.openx.net,request,2.6-202606,True,1,0,1
p003370,fox11online.com,rtb.openx.net,request,2.6-202606,True,1,0,1
p003371,fox11online.com,rtb.openx.net,request,2.6-202606,False,2,1,1
p003372,fox11online.com,rtb.openx.net,request,2.6-202606,False,2,1,1
p003373,fox11online.com,rtb.openx.net,request,2.6-202606,True,1,0,1
p003374,fox11online.com,rtb.openx.net,request,2.6-202606,False,2,1,1
p003375,fox11online.com,rtb.openx.net,request,2.6-202606,False,2,1,1
p003376,fox11online.com,rtb.openx.net,request,2.6-202606,False,2,1,1
p003377,fox11online.com,rtb.openx.net,request,2.6-202606,True,1,0,1
p003378,fox11online.com,rtb.openx.net,request,2.6-202606,False,2,1,1
p003379,fox11online.com,rtb.openx.net,request,2.6-202606,True,1,0,1
p003380,fox11online.com,rtb.openx.net,request,2.6-202606,True,1,0,1
p003381,fox11online.com,rtb.openx.net,request,2.6-202606,False,2,1,1
p003382,fox11online.com,rtb.openx.net,request,2.6-202606,True,1,0,1
p003383,fox11online.com,rtb.openx.net,request,2.6-202606,True,1,0,1
p003384,halfbakedharvest.com,rtb.openx.net,request,2.6-202606,True,0,0,0
p003385,halfbakedharvest.com,rtb.openx.net,request,2.6-202606,True,0,0,0
p003386,halfbakedharvest.com,rtb.openx.net,request,2.6-202606,False,2,1,1
p003387,halfbakedharvest.com,rtb.openx.net,request,2.6-202606,True,0,0,0
p003388,halfbakedharvest.com,rtb.openx.net,request,2.6-202606,False,2,1,1
p003389,halfbakedharvest.com,rtb.openx.net,request,2.6-202606,True,0,0,0
p003390,halfbakedharvest.com,rtb.openx.net,request,2.6-202606,True,0,0,0
p003391,halfbakedharvest.com,rtb.openx.net,request,2.6-202606,True,0,0,0
p003392,halfbakedharvest.com,rtb.openx.net,request,2.6-202606,False,2,1,1
p003393,halfbakedharvest.com,rtb.openx.net,request,2.6-202606,False,2,1,1
p003394,halfbakedharvest.com,rtb.openx.net,request,2.6-202606,False,2,1,1
p003395,howlongtobeat.com,rtb.openx.net,request,2.6-202606,False,4,4,0
p003396,imore.com,rtb.openx.net,request,2.6-202606,False,1,1,0
p003397,imore.com,rtb.openx.net,request,2.6-202606,False,1,1,0
p003398,imore.com,rtb.openx.net,request,2.6-202606,False,1,1,0
p003399,moly.hu,rtb.openx.net,request,2.6-202606,False,1,1,0
p003400,moly.hu,rtb.openx.net,request,2.6-202606,False,1,1,0
p003401,montgomeryadvertiser.com,rtb.openx.net,request,2.6-202606,False,2,1,1
p003402,montgomeryadvertiser.com,rtb.openx.net,request,2.6-202606,False,2,1,1
p003403,montgomeryadvertiser.com,rtb.openx.net,request,2.6-202606,False,3,2,1
p003404,mthai.com,rtb.openx.net,request,2.6-202606,True,0,0,0
p003405,montgomeryadvertiser.com,rtb.openx.net,request,2.6-202606,False,3,2,1
p003406,mthai.com,rtb.openx.net,request,2.6-202606,True,0,0,0
p003407,mthai.com,rtb.openx.net,request,2.6-202606,True,0,0,0
p003408,mthai.com,rtb.openx.net,request,2.6-202606,True,0,0,0
p003409,mthai.com,rtb.openx.net,request,2.6-202606,True,0,0,0
p003410,mthai.com,rtb.openx.net,request,2.6-202606,True,0,0,0
p003411,namemc.com,rtb.openx.net,request,2.6-202606,False,1,1,0
p003412,namemc.com,rtb.openx.net,request,2.6-202606,True,1,0,1
p003413,namemc.com,rtb.openx.net,request,2.6-202606,True,1,0,1
p003414,myjoyonline.com,rtb.openx.net,request,2.6-202606,False,1,1,0
p003415,nationaltoday.com,rtb.openx.net,request,2.6-202606,False,1,1,0
p003416,nationaltoday.com,rtb.openx.net,request,2.6-202606,False,1,1,0
p003417,namemc.com,rtb.openx.net,request,2.6-202606,True,1,0,1
p003418,nbcconnecticut.com,rtb.openx.net,request,2.6-202606,True,0,0,0
p003419,nbcconnecticut.com,rtb.openx.net,request,2.6-202606,True,0,0,0
p003420,nbcconnecticut.com,rtb.openx.net,request,2.6-202606,True,0,0,0
p003421,nbcconnecticut.com,rtb.openx.net,request,2.6-202606,True,0,0,0
p003422,nationaltoday.com,rtb.openx.net,request,2.6-202606,False,1,1,0
p003423,nationaltoday.com,rtb.openx.net,request,2.6-202606,True,1,0,1
p003424,nationaltoday.com,rtb.openx.net,request,2.6-202606,True,1,0,1
p003425,nationaltoday.com,rtb.openx.net,request,2.6-202606,False,1,1,0
p003426,nationaltoday.com,rtb.openx.net,request,2.6-202606,True,1,0,1
p003427,nationaltoday.com,rtb.openx.net,request,2.6-202606,True,1,0,1
p003428,nationaltoday.com,rtb.openx.net,request,2.6-202606,True,1,0,1
p003429,nationaltoday.com,rtb.openx.net,request,2.6-202606,True,1,0,1
p003430,nbcconnecticut.com,rtb.openx.net,request,2.6-202606,True,0,0,0
p003431,nbcconnecticut.com,rtb.openx.net,request,2.6-202606,True,0,0,0
p003432,nbcconnecticut.com,rtb.openx.net,request,2.6-202606,True,0,0,0
p003433,nbcconnecticut.com,rtb.openx.net,request,2.6-202606,True,0,0,0
p003434,nbcconnecticut.com,rtb.openx.net,request,2.6-202606,True,0,0,0
p003435,nesn.com,rtb.openx.net,request,2.6-202606,False,2,1,1
p003436,nesn.com,rtb.openx.net,request,2.6-202606,False,2,1,1
p003437,nintendoeverything.com,rtb.openx.net,request,2.6-202606,False,2,1,1
p003438,nintendoeverything.com,rtb.openx.net,request,2.6-202606,False,6,3,3
p003439,nesn.com,rtb.openx.net,request,2.6-202606,False,2,1,1
p003440,nintendoeverything.com,rtb.openx.net,request,2.6-202606,False,2,1,1
p003441,nintendoeverything.com,rtb.openx.net,request,2.6-202606,False,2,1,1
p003442,oneindia.com,rtb.openx.net,request,2.6-202606,False,1,1,0
p003443,oneindia.com,rtb.openx.net,request,2.6-202606,False,1,1,0
p003444,nintendoeverything.com,rtb.openx.net,request,2.6-202606,False,4,2,2
p003445,nintendoeverything.com,rtb.openx.net,request,2.6-202606,False,2,1,1
p003446,nintendoeverything.com,rtb.openx.net,request,2.6-202606,True,1,0,1
p003447,nintendoeverything.com,rtb.openx.net,request,2.6-202606,False,2,1,1
p003448,nintendoeverything.com,rtb.openx.net,request,2.6-202606,True,1,0,1
p003449,outsideonline.com,rtb.openx.net,request,2.6-202606,False,1,1,0
p003450,outsideonline.com,rtb.openx.net,request,2.6-202606,False,1,1,0
p003451,outsideonline.com,rtb.openx.net,request,2.6-202606,False,1,1,0
p003452,outsideonline.com,rtb.openx.net,request,2.6-202606,False,1,1,0
p003453,outsideonline.com,rtb.openx.net,request,2.6-202606,False,1,1,0
p003454,oneindia.com,rtb.openx.net,request,2.6-202606,False,1,1,0
p003455,oneindia.com,rtb.openx.net,request,2.6-202606,False,1,1,0
p003456,outsideonline.com,rtb.openx.net,request,2.6-202606,False,1,1,0
p003457,outsideonline.com,rtb.openx.net,request,2.6-202606,False,1,1,0
p003458,outsideonline.com,rtb.openx.net,request,2.6-202606,False,1,1,0
p003459,outsideonline.com,rtb.openx.net,request,2.6-202606,False,1,1,0
p003460,outsideonline.com,rtb.openx.net,request,2.6-202606,False,1,1,0
p003461,outsideonline.com,rtb.openx.net,request,2.6-202606,False,1,1,0
p003462,outsideonline.com,rtb.openx.net,request,2.6-202606,False,1,1,0
p003463,philstar.com,rtb.openx.net,request,2.6-202606,True,0,0,0
p003464,pilotonline.com,rtb.openx.net,request,2.6-202606,True,1,0,1
p003465,pilotonline.com,rtb.openx.net,request,2.6-202606,True,1,0,1
p003466,philstar.com,rtb.openx.net,request,2.6-202606,True,0,0,0
p003467,pilotonline.com,rtb.openx.net,request,2.6-202606,True,1,0,1
p003468,purposegames.com,rtb.openx.net,request,2.6-202606,False,1,1,0
p003469,purposegames.com,rtb.openx.net,request,2.6-202606,False,1,1,0
p003470,ranker.com,rtb.openx.net,request,2.6-202606,True,0,0,0
p003471,salon.com,rtb.openx.net,request,2.6-202606,True,0,0,0
p003472,salon.com,rtb.openx.net,request,2.6-202606,True,0,0,0
p003473,self.com,rtb.openx.net,request,2.6-202606,True,0,0,0
p003474,self.com,rtb.openx.net,request,2.6-202606,True,0,0,0
p003475,self.com,rtb.openx.net,request,2.6-202606,True,0,0,0
p003476,salon.com,rtb.openx.net,request,2.6-202606,True,0,0,0
p003477,salon.com,rtb.openx.net,request,2.6-202606,True,0,0,0
p003478,salon.com,rtb.openx.net,request,2.6-202606,True,0,0,0
p003479,salon.com,rtb.openx.net,request,2.6-202606,False,2,1,1
p003480,salon.com,rtb.openx.net,request,2.6-202606,True,0,0,0
p003481,salon.com,rtb.openx.net,request,2.6-202606,False,2,1,1
p003482,salon.com,rtb.openx.net,request,2.6-202606,True,0,0,0
p003483,salon.com,rtb.openx.net,request,2.6-202606,False,2,1,1
p003484,salon.com,rtb.openx.net,request,2.6-202606,True,0,0,0
p003485,salon.com,rtb.openx.net,request,2.6-202606,True,0,0,0
p003486,salon.com,rtb.openx.net,request,2.6-202606,True,0,0,0
p003487,salon.com,rtb.openx.net,request,2.6-202606,True,0,0,0
p003488,salon.com,rtb.openx.net,request,2.6-202606,True,0,0,0
p003489,salon.com,rtb.openx.net,request,2.6-202606,False,2,1,1
p003490,salon.com,rtb.openx.net,request,2.6-202606,False,2,1,1
p003491,salon.com,rtb.openx.net,request,2.6-202606,True,0,0,0
p003492,salon.com,rtb.openx.net,request,2.6-202606,False,2,1,1
p003493,salon.com,rtb.openx.net,request,2.6-202606,False,2,1,1
p003494,self.com,rtb.openx.net,request,2.6-202606,False,1,1,0
p003495,self.com,rtb.openx.net,request,2.6-202606,False,1,1,0
p003496,self.com,rtb.openx.net,request,2.6-202606,False,1,1,0
p003497,self.com,rtb.openx.net,request,2.6-202606,False,1,1,0
p003498,self.com,rtb.openx.net,request,2.6-202606,False,1,1,0
p003499,self.com,rtb.openx.net,request,2.6-202606,False,1,1,0
p003500,tennessean.com,rtb.openx.net,request,2.6-202606,False,2,1,1
p003501,thestar.com,rtb.openx.net,request,2.6-202606,True,0,0,0
p003502,thestar.com,rtb.openx.net,request,2.6-202606,True,0,0,0
p003503,tio.ch,rtb.openx.net,request,2.6-202606,False,4,3,1
p003504,tio.ch,rtb.openx.net,request,2.6-202606,False,2,2,0
p003505,tio.ch,rtb.openx.net,request,2.6-202606,False,2,2,0
p003506,tio.ch,rtb.openx.net,request,2.6-202606,False,2,2,0
p003507,tio.ch,rtb.openx.net,request,2.6-202606,False,2,2,0
p003508,treehugger.com,rtb.openx.net,request,2.6-202606,True,0,0,0
p003509,treehugger.com,rtb.openx.net,request,2.6-202606,True,0,0,0
p003510,upi.com,rtb.openx.net,request,2.6-202606,False,8,8,0
p003511,upi.com,rtb.openx.net,request,2.6-202606,True,1,0,1
p003512,upi.com,rtb.openx.net,request,2.6-202606,False,2,2,0
p003513,upi.com,rtb.openx.net,request,2.6-202606,False,2,2,0
p003514,upi.com,rtb.openx.net,request,2.6-202606,False,2,2,0
p003515,upi.com,rtb.openx.net,request,2.6-202606,True,1,0,1
p003516,upi.com,rtb.openx.net,request,2.6-202606,True,1,0,1
p003517,upi.com,rtb.openx.net,request,2.6-202606,False,5,5,0
p003518,upi.com,rtb.openx.net,request,2.6-202606,True,1,0,1
p003519,upi.com,rtb.openx.net,request,2.6-202606,True,1,0,1
p003520,vietstock.vn,rtb.openx.net,request,2.6-202606,True,0,0,0
p003521,vietstock.vn,rtb.openx.net,request,2.6-202606,True,0,0,0
p003522,vivitusuerte.com,rtb.openx.net,request,2.6-202606,False,3,3,0
p003523,vivitusuerte.com,rtb.openx.net,request,2.6-202606,False,3,3,0
p003524,vivitusuerte.com,rtb.openx.net,request,2.6-202606,False,3,3,0
p003525,vivitusuerte.com,rtb.openx.net,request,2.6-202606,False,3,3,0
p003526,vivitusuerte.com,rtb.openx.net,request,2.6-202606,False,3,3,0
p003527,vivitusuerte.com,rtb.openx.net,request,2.6-202606,False,3,3,0
p003528,voz.vn,rtb.openx.net,request,2.6-202606,True,0,0,0
p003529,voz.vn,rtb.openx.net,request,2.6-202606,True,0,0,0
p003530,voz.vn,rtb.openx.net,request,2.6-202606,True,0,0,0
p003531,voz.vn,rtb.openx.net,request,2.6-202606,True,0,0,0
p003532,webdesignerdepot.com,rtb.openx.net,request,2.6-202606,True,0,0,0
p003533,webdesignerdepot.com,rtb.openx.net,request,2.6-202606,False,2,1,1
p003534,webdesignerdepot.com,rtb.openx.net,request,2.6-202606,True,0,0,0
p003535,webdesignerdepot.com,rtb.openx.net,request,2.6-202606,False,2,1,1
p003536,webdesignerdepot.com,rtb.openx.net,request,2.6-202606,True,0,0,0
p003537,zeldadungeon.net,rtb.openx.net,request,2.6-202606,False,1,1,0
p003538,webdesignerdepot.com,rtb.openx.net,request,2.6-202606,False,2,1,1
p003539,webdesignerdepot.com,rtb.openx.net,request,2.6-202606,True,0,0,0
p003540,webdesignerdepot.com,rtb.openx.net,request,2.6-202606,True,0,0,0
p003541,webdesignerdepot.com,rtb.openx.net,request,2.6-202606,False,2,1,1
p003542,webdesignerdepot.com,rtb.openx.net,request,2.6-202606,True,0,0,0
p003543,webdesignerdepot.com,rtb.openx.net,request,2.6-202606,False,2,1,1
p003544,webdesignerdepot.com,rtb.openx.net,request,2.6-202606,True,0,0,0
p003545,webdesignerdepot.com,rtb.openx.net,request,2.6-202606,True,0,0,0
p003546,webdesignerdepot.com,rtb.openx.net,request,2.6-202606,True,0,0,0
p003547,webdesignerdepot.com,rtb.openx.net,request,2.6-202606,False,2,1,1
p003548,webdesignerdepot.com,rtb.openx.net,request,2.6-202606,False,2,1,1
p003549,webdesignerdepot.com,rtb.openx.net,request,2.6-202606,False,2,1,1
p003550,webdesignerdepot.com,rtb.openx.net,request,2.6-202606,False,2,1,1
p003551,autoguide.com,rtb.openx.net,response,2.6-202606,True,0,0,0
p003552,autoguide.com,rtb.openx.net,response,2.6-202606,True,0,0,0
p003553,autoguide.com,rtb.openx.net,response,2.6-202606,True,0,0,0
p003554,autoguide.com,rtb.openx.net,response,2.6-202606,True,0,0,0
p003555,autoguide.com,rtb.openx.net,response,2.6-202606,True,0,0,0
p003556,autoguide.com,rtb.openx.net,response,2.6-202606,True,0,0,0
p003557,autoguide.com,rtb.openx.net,response,2.6-202606,True,0,0,0
p003558,autoguide.com,rtb.openx.net,response,2.6-202606,True,0,0,0
p003559,autoguide.com,rtb.openx.net,response,2.6-202606,True,0,0,0
p003560,autoguide.com,rtb.openx.net,response,2.6-202606,True,0,0,0
p003561,autoguide.com,rtb.openx.net,response,2.6-202606,True,0,0,0
p003562,autoguide.com,rtb.openx.net,response,2.6-202606,True,0,0,0
p003563,autoguide.com,rtb.openx.net,response,2.6-202606,True,0,0,0
p003564,autoguide.com,rtb.openx.net,response,2.6-202606,True,0,0,0
p003565,autoguide.com,rtb.openx.net,response,2.6-202606,True,0,0,0
p003566,businessinsider.com,rtb.openx.net,response,2.6-202606,True,0,0,0
p003567,businessinsider.com,rtb.openx.net,response,2.6-202606,True,0,0,0
p003568,businessinsider.com,rtb.openx.net,response,2.6-202606,True,0,0,0
p003569,businessinsider.com,rtb.openx.net,response,2.6-202606,True,0,0,0
p003570,carsdirect.com,rtb.openx.net,response,2.6-202606,True,0,0,0
p003571,carsdirect.com,rtb.openx.net,response,2.6-202606,True,0,0,0
p003572,carsdirect.com,rtb.openx.net,response,2.6-202606,True,0,0,0
p003573,carsdirect.com,rtb.openx.net,response,2.6-202606,True,0,0,0
p003574,carsdirect.com,rtb.openx.net,response,2.6-202606,True,0,0,0
p003575,carsdirect.com,rtb.openx.net,response,2.6-202606,True,0,0,0
p003576,carsdirect.com,rtb.openx.net,response,2.6-202606,True,0,0,0
p003577,carsdirect.com,rtb.openx.net,response,2.6-202606,True,0,0,0
p003578,chicagotribune.com,rtb.openx.net,response,2.6-202606,True,0,0,0
p003579,chicagotribune.com,rtb.openx.net,response,2.6-202606,True,0,0,0
p003580,coindesk.com,rtb.openx.net,response,2.6-202606,True,0,0,0
p003581,coindesk.com,rtb.openx.net,response,2.6-202606,True,0,0,0
p003582,cupofjo.com,rtb.openx.net,response,2.6-202606,True,0,0,0
p003583,cupofjo.com,rtb.openx.net,response,2.6-202606,True,0,0,0
p003584,cupofjo.com,rtb.openx.net,response,2.6-202606,True,0,0,0
p003585,cupofjo.com,rtb.openx.net,response,2.6-202606,True,0,0,0
p003586,cupofjo.com,rtb.openx.net,response,2.6-202606,True,0,0,0
p003587,cupofjo.com,rtb.openx.net,response,2.6-202606,True,0,0,0
p003588,cupofjo.com,rtb.openx.net,response,2.6-202606,True,0,0,0
p003589,cycletrader.com,rtb.openx.net,response,2.6-202606,True,0,0,0
p003590,cycletrader.com,rtb.openx.net,response,2.6-202606,True,0,0,0
p003591,cycletrader.com,rtb.openx.net,response,2.6-202606,True,0,0,0
p003592,dailykos.com,rtb.openx.net,response,2.6-202606,True,0,0,0
p003593,cycletrader.com,rtb.openx.net,response,2.6-202606,True,0,0,0
p003594,cycletrader.com,rtb.openx.net,response,2.6-202606,True,0,0,0
p003595,dailykos.com,rtb.openx.net,response,2.6-202606,True,0,0,0
p003596,dailykos.com,rtb.openx.net,response,2.6-202606,True,0,0,0
p003597,dailykos.com,rtb.openx.net,response,2.6-202606,True,0,0,0
p003598,dailykos.com,rtb.openx.net,response,2.6-202606,True,0,0,0
p003599,dailykos.com,rtb.openx.net,response,2.6-202606,True,0,0,0
p003600,dailykos.com,rtb.openx.net,response,2.6-202606,True,0,0,0
p003601,elespectador.com,rtb.openx.net,response,2.6-202606,True,0,0,0
p003602,elespectador.com,rtb.openx.net,response,2.6-202606,True,0,0,0
p003603,elespectador.com,rtb.openx.net,response,2.6-202606,True,0,0,0
p003604,elespectador.com,rtb.openx.net,response,2.6-202606,True,0,0,0
p003605,elespectador.com,rtb.openx.net,response,2.6-202606,True,0,0,0
p003606,elespectador.com,rtb.openx.net,response,2.6-202606,True,0,0,0
p003607,eonline.com,rtb.openx.net,response,2.6-202606,True,0,0,0
p003608,eonline.com,rtb.openx.net,response,2.6-202606,True,0,0,0
p003609,eonline.com,rtb.openx.net,response,2.6-202606,True,0,0,0
p003610,eonline.com,rtb.openx.net,response,2.6-202606,True,0,0,0
p003611,eonline.com,rtb.openx.net,response,2.6-202606,True,0,0,0
p003612,eonline.com,rtb.openx.net,response,2.6-202606,True,0,0,0
p003613,eonline.com,rtb.openx.net,response,2.6-202606,True,0,0,0
p003614,eonline.com,rtb.openx.net,response,2.6-202606,True,0,0,0
p003615,fncstatic.com,rtb.openx.net,response,2.6-202606,True,0,0,0
p003616,fncstatic.com,rtb.openx.net,response,2.6-202606,True,0,0,0
p003617,fncstatic.com,rtb.openx.net,response,2.6-202606,True,0,0,0
p003618,fncstatic.com,rtb.openx.net,response,2.6-202606,True,0,0,0
p003619,fncstatic.com,rtb.openx.net,response,2.6-202606,True,0,0,0
p003620,fncstatic.com,rtb.openx.net,response,2.6-202606,True,0,0,0
p003621,fncstatic.com,rtb.openx.net,response,2.6-202606,True,0,0,0
p003622,fox11online.com,rtb.openx.net,response,2.6-202606,True,0,0,0
p003623,fox11online.com,rtb.openx.net,response,2.6-202606,True,0,0,0
p003624,fox11online.com,rtb.openx.net,response,2.6-202606,True,0,0,0
p003625,fox11online.com,rtb.openx.net,response,2.6-202606,True,0,0,0
p003626,fox11online.com,rtb.openx.net,response,2.6-202606,True,0,0,0
p003627,fox11online.com,rtb.openx.net,response,2.6-202606,True,0,0,0
p003628,fox11online.com,rtb.openx.net,response,2.6-202606,True,0,0,0
p003629,fox11online.com,rtb.openx.net,response,2.6-202606,True,0,0,0
p003630,fox11online.com,rtb.openx.net,response,2.6-202606,True,0,0,0
p003631,fox11online.com,rtb.openx.net,response,2.6-202606,True,0,0,0
p003632,fox11online.com,rtb.openx.net,response,2.6-202606,True,0,0,0
p003633,fox11online.com,rtb.openx.net,response,2.6-202606,True,0,0,0
p003634,fox11online.com,rtb.openx.net,response,2.6-202606,True,0,0,0
p003635,fox11online.com,rtb.openx.net,response,2.6-202606,True,0,0,0
p003636,fox11online.com,rtb.openx.net,response,2.6-202606,True,0,0,0
p003637,fox11online.com,rtb.openx.net,response,2.6-202606,True,0,0,0
p003638,fox11online.com,rtb.openx.net,response,2.6-202606,True,0,0,0
p003639,fox11online.com,rtb.openx.net,response,2.6-202606,True,0,0,0
p003640,fox11online.com,rtb.openx.net,response,2.6-202606,True,0,0,0
p003641,fox11online.com,rtb.openx.net,response,2.6-202606,True,0,0,0
p003642,fox11online.com,rtb.openx.net,response,2.6-202606,True,0,0,0
p003643,fox11online.com,rtb.openx.net,response,2.6-202606,True,0,0,0
p003644,fox11online.com,rtb.openx.net,response,2.6-202606,True,0,0,0
p003645,fox11online.com,rtb.openx.net,response,2.6-202606,True,0,0,0
p003646,fox11online.com,rtb.openx.net,response,2.6-202606,True,0,0,0
p003647,fox11online.com,rtb.openx.net,response,2.6-202606,True,0,0,0
p003648,fox11online.com,rtb.openx.net,response,2.6-202606,True,0,0,0
p003649,fox11online.com,rtb.openx.net,response,2.6-202606,True,0,0,0
p003650,fox11online.com,rtb.openx.net,response,2.6-202606,True,0,0,0
p003651,fox11online.com,rtb.openx.net,response,2.6-202606,True,0,0,0
p003652,halfbakedharvest.com,rtb.openx.net,response,2.6-202606,True,0,0,0
p003653,halfbakedharvest.com,rtb.openx.net,response,2.6-202606,True,0,0,0
p003654,halfbakedharvest.com,rtb.openx.net,response,2.6-202606,True,0,0,0
p003655,halfbakedharvest.com,rtb.openx.net,response,2.6-202606,True,0,0,0
p003656,halfbakedharvest.com,rtb.openx.net,response,2.6-202606,True,0,0,0
p003657,halfbakedharvest.com,rtb.openx.net,response,2.6-202606,True,0,0,0
p003658,halfbakedharvest.com,rtb.openx.net,response,2.6-202606,True,0,0,0
p003659,halfbakedharvest.com,rtb.openx.net,response,2.6-202606,True,0,0,0
p003660,halfbakedharvest.com,rtb.openx.net,response,2.6-202606,True,0,0,0
p003661,halfbakedharvest.com,rtb.openx.net,response,2.6-202606,True,0,0,0
p003662,halfbakedharvest.com,rtb.openx.net,response,2.6-202606,True,0,0,0
p003663,howlongtobeat.com,rtb.openx.net,response,2.6-202606,True,0,0,0
p003664,imore.com,rtb.openx.net,response,2.6-202606,True,0,0,0
p003665,imore.com,rtb.openx.net,response,2.6-202606,True,0,0,0
p003666,imore.com,rtb.openx.net,response,2.6-202606,True,0,0,0
p003667,moly.hu,rtb.openx.net,response,2.6-202606,True,0,0,0
p003668,montgomeryadvertiser.com,rtb.openx.net,response,2.6-202606,True,0,0,0
p003669,montgomeryadvertiser.com,rtb.openx.net,response,2.6-202606,True,0,0,0
p003670,moly.hu,rtb.openx.net,response,2.6-202606,True,0,0,0
p003671,montgomeryadvertiser.com,rtb.openx.net,response,2.6-202606,True,0,0,0
p003672,mthai.com,rtb.openx.net,response,2.6-202606,True,0,0,0
p003673,montgomeryadvertiser.com,rtb.openx.net,response,2.6-202606,True,0,0,0
p003674,mthai.com,rtb.openx.net,response,2.6-202606,True,0,0,0
p003675,mthai.com,rtb.openx.net,response,2.6-202606,True,0,0,0
p003676,mthai.com,rtb.openx.net,response,2.6-202606,True,0,0,0
p003677,mthai.com,rtb.openx.net,response,2.6-202606,True,0,0,0
p003678,mthai.com,rtb.openx.net,response,2.6-202606,True,0,0,0
p003679,namemc.com,rtb.openx.net,response,2.6-202606,True,0,0,0
p003680,namemc.com,rtb.openx.net,response,2.6-202606,True,0,0,0
p003681,namemc.com,rtb.openx.net,response,2.6-202606,True,0,0,0
p003682,myjoyonline.com,rtb.openx.net,response,2.6-202606,True,0,0,0
p003683,nationaltoday.com,rtb.openx.net,response,2.6-202606,True,0,0,0
p003684,nationaltoday.com,rtb.openx.net,response,2.6-202606,True,0,0,0
p003685,namemc.com,rtb.openx.net,response,2.6-202606,True,0,0,0
p003686,nbcconnecticut.com,rtb.openx.net,response,2.6-202606,True,0,0,0
p003687,nbcconnecticut.com,rtb.openx.net,response,2.6-202606,True,0,0,0
p003688,nbcconnecticut.com,rtb.openx.net,response,2.6-202606,True,0,0,0
p003689,nbcconnecticut.com,rtb.openx.net,response,2.6-202606,True,0,0,0
p003690,nationaltoday.com,rtb.openx.net,response,2.6-202606,True,0,0,0
p003691,nationaltoday.com,rtb.openx.net,response,2.6-202606,True,0,0,0
p003692,nationaltoday.com,rtb.openx.net,response,2.6-202606,True,0,0,0
p003693,nationaltoday.com,rtb.openx.net,response,2.6-202606,True,0,0,0
p003694,nationaltoday.com,rtb.openx.net,response,2.6-202606,True,0,0,0
p003695,nationaltoday.com,rtb.openx.net,response,2.6-202606,True,0,0,0
p003696,nationaltoday.com,rtb.openx.net,response,2.6-202606,True,0,0,0
p003697,nationaltoday.com,rtb.openx.net,response,2.6-202606,True,0,0,0
p003698,nbcconnecticut.com,rtb.openx.net,response,2.6-202606,True,0,0,0
p003699,nbcconnecticut.com,rtb.openx.net,response,2.6-202606,True,0,0,0
p003700,nbcconnecticut.com,rtb.openx.net,response,2.6-202606,True,0,0,0
p003701,nbcconnecticut.com,rtb.openx.net,response,2.6-202606,True,0,0,0
p003702,nbcconnecticut.com,rtb.openx.net,response,2.6-202606,True,0,0,0
p003703,nesn.com,rtb.openx.net,response,2.6-202606,True,0,0,0
p003704,nesn.com,rtb.openx.net,response,2.6-202606,True,0,0,0
p003705,nintendoeverything.com,rtb.openx.net,response,2.6-202606,True,0,0,0
p003706,nintendoeverything.com,rtb.openx.net,response,2.6-202606,True,0,0,0
p003707,nesn.com,rtb.openx.net,response,2.6-202606,True,0,0,0
p003708,nintendoeverything.com,rtb.openx.net,response,2.6-202606,True,0,0,0
p003709,nintendoeverything.com,rtb.openx.net,response,2.6-202606,True,0,0,0
p003710,oneindia.com,rtb.openx.net,response,2.6-202606,True,0,0,0
p003711,oneindia.com,rtb.openx.net,response,2.6-202606,True,0,0,0
p003712,nintendoeverything.com,rtb.openx.net,response,2.6-202606,True,0,0,0
p003713,nintendoeverything.com,rtb.openx.net,response,2.6-202606,True,0,0,0
p003714,nintendoeverything.com,rtb.openx.net,response,2.6-202606,True,0,0,0
p003715,nintendoeverything.com,rtb.openx.net,response,2.6-202606,True,0,0,0
p003716,nintendoeverything.com,rtb.openx.net,response,2.6-202606,True,0,0,0
p003717,outsideonline.com,rtb.openx.net,response,2.6-202606,True,0,0,0
p003718,outsideonline.com,rtb.openx.net,response,2.6-202606,True,0,0,0
p003719,outsideonline.com,rtb.openx.net,response,2.6-202606,True,0,0,0
p003720,outsideonline.com,rtb.openx.net,response,2.6-202606,True,0,0,0
p003721,outsideonline.com,rtb.openx.net,response,2.6-202606,True,0,0,0
p003722,oneindia.com,rtb.openx.net,response,2.6-202606,True,0,0,0
p003723,oneindia.com,rtb.openx.net,response,2.6-202606,True,0,0,0
p003724,outsideonline.com,rtb.openx.net,response,2.6-202606,True,0,0,0
p003725,outsideonline.com,rtb.openx.net,response,2.6-202606,True,0,0,0
p003726,outsideonline.com,rtb.openx.net,response,2.6-202606,True,0,0,0
p003727,outsideonline.com,rtb.openx.net,response,2.6-202606,True,0,0,0
p003728,outsideonline.com,rtb.openx.net,response,2.6-202606,True,0,0,0
p003729,outsideonline.com,rtb.openx.net,response,2.6-202606,True,0,0,0
p003730,outsideonline.com,rtb.openx.net,response,2.6-202606,True,0,0,0
p003731,philstar.com,rtb.openx.net,response,2.6-202606,True,0,0,0
p003732,pilotonline.com,rtb.openx.net,response,2.6-202606,True,0,0,0
p003733,pilotonline.com,rtb.openx.net,response,2.6-202606,True,0,0,0
p003734,philstar.com,rtb.openx.net,response,2.6-202606,True,0,0,0
p003735,pilotonline.com,rtb.openx.net,response,2.6-202606,True,0,0,0
p003736,purposegames.com,rtb.openx.net,response,2.6-202606,True,0,0,0
p003737,purposegames.com,rtb.openx.net,response,2.6-202606,True,0,0,0
p003738,ranker.com,rtb.openx.net,response,2.6-202606,True,0,0,0
p003739,salon.com,rtb.openx.net,response,2.6-202606,True,0,0,0
p003740,salon.com,rtb.openx.net,response,2.6-202606,True,0,0,0
p003741,self.com,rtb.openx.net,response,2.6-202606,True,0,0,0
p003742,self.com,rtb.openx.net,response,2.6-202606,True,0,0,0
p003743,self.com,rtb.openx.net,response,2.6-202606,True,0,0,0
p003744,salon.com,rtb.openx.net,response,2.6-202606,True,0,0,0
p003745,salon.com,rtb.openx.net,response,2.6-202606,True,0,0,0
p003746,salon.com,rtb.openx.net,response,2.6-202606,True,0,0,0
p003747,salon.com,rtb.openx.net,response,2.6-202606,True,0,0,0
p003748,salon.com,rtb.openx.net,response,2.6-202606,True,0,0,0
p003749,salon.com,rtb.openx.net,response,2.6-202606,True,0,0,0
p003750,salon.com,rtb.openx.net,response,2.6-202606,True,0,0,0
p003751,salon.com,rtb.openx.net,response,2.6-202606,True,0,0,0
p003752,salon.com,rtb.openx.net,response,2.6-202606,True,0,0,0
p003753,salon.com,rtb.openx.net,response,2.6-202606,True,0,0,0
p003754,salon.com,rtb.openx.net,response,2.6-202606,True,0,0,0
p003755,salon.com,rtb.openx.net,response,2.6-202606,True,0,0,0
p003756,salon.com,rtb.openx.net,response,2.6-202606,True,0,0,0
p003757,salon.com,rtb.openx.net,response,2.6-202606,True,0,0,0
p003758,salon.com,rtb.openx.net,response,2.6-202606,True,0,0,0
p003759,salon.com,rtb.openx.net,response,2.6-202606,True,0,0,0
p003760,salon.com,rtb.openx.net,response,2.6-202606,True,0,0,0
p003761,salon.com,rtb.openx.net,response,2.6-202606,True,0,0,0
p003762,self.com,rtb.openx.net,response,2.6-202606,True,0,0,0
p003763,self.com,rtb.openx.net,response,2.6-202606,True,0,0,0
p003764,self.com,rtb.openx.net,response,2.6-202606,True,0,0,0
p003765,self.com,rtb.openx.net,response,2.6-202606,True,0,0,0
p003766,self.com,rtb.openx.net,response,2.6-202606,True,0,0,0
p003767,self.com,rtb.openx.net,response,2.6-202606,True,0,0,0
p003768,tennessean.com,rtb.openx.net,response,2.6-202606,True,0,0,0
p003769,thestar.com,rtb.openx.net,response,2.6-202606,True,0,0,0
p003770,thestar.com,rtb.openx.net,response,2.6-202606,True,0,0,0
p003771,tio.ch,rtb.openx.net,response,2.6-202606,True,0,0,0
p003772,tio.ch,rtb.openx.net,response,2.6-202606,True,0,0,0
p003773,tio.ch,rtb.openx.net,response,2.6-202606,True,0,0,0
p003774,tio.ch,rtb.openx.net,response,2.6-202606,True,0,0,0
p003775,tio.ch,rtb.openx.net,response,2.6-202606,True,0,0,0
p003776,treehugger.com,rtb.openx.net,response,2.6-202606,True,0,0,0
p003777,treehugger.com,rtb.openx.net,response,2.6-202606,True,0,0,0
p003778,upi.com,rtb.openx.net,response,2.6-202606,True,0,0,0
p003779,upi.com,rtb.openx.net,response,2.6-202606,True,0,0,0
p003780,upi.com,rtb.openx.net,response,2.6-202606,True,0,0,0
p003781,upi.com,rtb.openx.net,response,2.6-202606,True,0,0,0
p003782,upi.com,rtb.openx.net,response,2.6-202606,True,0,0,0
p003783,upi.com,rtb.openx.net,response,2.6-202606,True,0,0,0
p003784,upi.com,rtb.openx.net,response,2.6-202606,True,0,0,0
p003785,upi.com,rtb.openx.net,response,2.6-202606,True,0,0,0
p003786,upi.com,rtb.openx.net,response,2.6-202606,True,0,0,0
p003787,upi.com,rtb.openx.net,response,2.6-202606,True,0,0,0
p003788,vietstock.vn,rtb.openx.net,response,2.6-202606,True,0,0,0
p003789,vietstock.vn,rtb.openx.net,response,2.6-202606,True,0,0,0
p003790,vivitusuerte.com,rtb.openx.net,response,2.6-202606,True,0,0,0
p003791,vivitusuerte.com,rtb.openx.net,response,2.6-202606,True,0,0,0
p003792,vivitusuerte.com,rtb.openx.net,response,2.6-202606,True,0,0,0
p003793,vivitusuerte.com,rtb.openx.net,response,2.6-202606,True,0,0,0
p003794,vivitusuerte.com,rtb.openx.net,response,2.6-202606,True,0,0,0
p003795,vivitusuerte.com,rtb.openx.net,response,2.6-202606,True,0,0,0
p003796,voz.vn,rtb.openx.net,response,2.6-202606,True,0,0,0
p003797,voz.vn,rtb.openx.net,response,2.6-202606,True,0,0,0
p003798,voz.vn,rtb.openx.net,response,2.6-202606,True,0,0,0
p003799,voz.vn,rtb.openx.net,response,2.6-202606,True,0,0,0
p003800,webdesignerdepot.com,rtb.openx.net,response,2.6-202606,True,0,0,0
p003801,webdesignerdepot.com,rtb.openx.net,response,2.6-202606,True,0,0,0
p003802,webdesignerdepot.com,rtb.openx.net,response,2.6-202606,True,0,0,0
p003803,webdesignerdepot.com,rtb.openx.net,response,2.6-202606,True,0,0,0
p003804,webdesignerdepot.com,rtb.openx.net,response,2.6-202606,True,0,0,0
p003805,zeldadungeon.net,rtb.openx.net,response,2.6-202606,True,0,0,0
p003806,webdesignerdepot.com,rtb.openx.net,response,2.6-202606,True,0,0,0
p003807,webdesignerdepot.com,rtb.openx.net,response,2.6-202606,True,0,0,0
p003808,webdesignerdepot.com,rtb.openx.net,response,2.6-202606,True,0,0,0
p003809,webdesignerdepot.com,rtb.openx.net,response,2.6-202606,True,0,0,0
p003810,webdesignerdepot.com,rtb.openx.net,response,2.6-202606,True,0,0,0
p003811,webdesignerdepot.com,rtb.openx.net,response,2.6-202606,True,0,0,0
p003812,webdesignerdepot.com,rtb.openx.net,response,2.6-202606,True,0,0,0
p003813,webdesignerdepot.com,rtb.openx.net,response,2.6-202606,True,0,0,0
p003814,webdesignerdepot.com,rtb.openx.net,response,2.6-202606,True,0,0,0
p003815,webdesignerdepot.com,rtb.openx.net,response,2.6-202606,True,0,0,0
p003816,webdesignerdepot.com,rtb.openx.net,response,2.6-202606,True,0,0,0
p003817,webdesignerdepot.com,rtb.openx.net,response,2.6-202606,True,0,0,0
p003818,webdesignerdepot.com,rtb.openx.net,response,2.6-202606,True,0,0,0
p003819,myjoyonline.com,rtb.prod.carbonatixaudio.com,request,2.5,True,0,0,0
p003820,myjoyonline.com,rtb.prod.carbonatixaudio.com,request,2.5,True,0,0,0
p003821,myjoyonline.com,rtb.prod.carbonatixaudio.com,request,2.5,True,0,0,0
p003822,myjoyonline.com,rtb.prod.carbonatixaudio.com,request,2.5,True,0,0,0
p003823,socialblade.com,s2s.lngtd.com,request,2.6-202606,False,9,8,1
p003824,vice.com,s2s.lngtd.com,request,2.6-202606,False,3,3,0
p003825,vice.com,s2s.lngtd.com,request,2.6-202606,False,2,2,0
p003826,socialblade.com,s2s.lngtd.com,response,2.6-202606,True,0,0,0
p003827,vice.com,s2s.lngtd.com,response,2.6-202606,True,0,0,0
p003828,vice.com,s2s.lngtd.com,response,2.6-202606,True,0,0,0
p003829,upi.com,s2s.t13.io,request,2.6-202606,False,8,8,0
p003830,upi.com,s2s.t13.io,request,2.6-202606,False,2,2,0
p003831,upi.com,s2s.t13.io,request,2.6-202606,False,2,2,0
p003832,upi.com,s2s.t13.io,request,2.6-202606,False,2,2,0
p003833,upi.com,s2s.t13.io,request,2.6-202606,False,5,5,0
p003834,upi.com,s2s.t13.io,response,2.6-202606,True,0,0,0
p003835,upi.com,s2s.t13.io,response,2.6-202606,True,0,0,0
p003836,upi.com,s2s.t13.io,response,2.6-202606,True,0,0,0
p003837,upi.com,s2s.t13.io,response,2.6-202606,True,0,0,0
p003838,upi.com,s2s.t13.io,response,2.6-202606,True,0,0,0
p003839,vivitusuerte.com,s2s.viralize.tv,request,2.5,False,1,1,0
p003840,vivitusuerte.com,s2s.viralize.tv,request,2.5,False,1,1,0
p003841,vivitusuerte.com,s2s.viralize.tv,request,2.5,False,1,1,0
p003842,vivitusuerte.com,s2s.viralize.tv,request,2.5,False,1,1,0
p003843,vivitusuerte.com,s2s.viralize.tv,request,2.5,False,1,1,0
p003844,vivitusuerte.com,s2s.viralize.tv,request,2.5,False,1,1,0
p003845,nesn.com,server.cpmstar.com,request,2.6-202606,False,2,2,0
p003846,nesn.com,server.cpmstar.com,request,2.6-202606,False,2,2,0
p003847,nesn.com,server.cpmstar.com,request,2.6-202606,False,2,2,0
p003848,nesn.com,server.cpmstar.com,request,2.6-202606,False,2,2,0
p003849,nesn.com,server.cpmstar.com,request,2.6-202606,False,2,2,0
p003850,cityam.com,srv.kntxy.com,request,2.6-202606,False,1,1,0
p003851,cityam.com,srv.kntxy.com,request,2.6-202606,False,1,1,0
p003852,cityam.com,srv.kntxy.com,request,2.6-202606,False,1,1,0
p003853,cityam.com,srv.kntxy.com,request,2.6-202606,False,1,1,0
p003854,cityam.com,srv.kntxy.com,request,2.6-202606,False,1,1,0
p003855,cityam.com,srv.kntxy.com,request,2.6-202606,False,1,1,0
p003856,cityam.com,srv.kntxy.com,request,2.6-202606,False,1,1,0
p003857,cityam.com,srv.kntxy.com,request,2.6-202606,True,0,0,0
p003858,cityam.com,srv.kntxy.com,request,2.6-202606,True,0,0,0
p003859,cityam.com,srv.kntxy.com,request,2.6-202606,True,0,0,0
p003860,cityam.com,srv.kntxy.com,request,2.6-202606,True,0,0,0
p003861,cityam.com,srv.kntxy.com,request,2.6-202606,True,0,0,0
p003862,cityam.com,srv.kntxy.com,request,2.6-202606,True,0,0,0
p003863,cityam.com,srv.kntxy.com,response,2.6-202606,True,1,0,1
p003864,cityam.com,srv.kntxy.com,response,2.6-202606,True,1,0,1
p003865,barcablaugranes.com,ssb-global.smartadserver.com,request,2.6-202606,False,1,1,0
p003866,bibliaon.com,ssb-global.smartadserver.com,request,2.6-202606,False,2,2,0
p003867,barcablaugranes.com,ssb-global.smartadserver.com,request,2.6-202606,False,1,1,0
p003868,barcablaugranes.com,ssb-global.smartadserver.com,request,2.6-202606,False,1,1,0
p003869,barcablaugranes.com,ssb-global.smartadserver.com,request,2.6-202606,False,1,1,0
p003870,barcablaugranes.com,ssb-global.smartadserver.com,request,2.6-202606,False,1,1,0
p003871,barcablaugranes.com,ssb-global.smartadserver.com,request,2.6-202606,False,1,1,0
p003872,barcablaugranes.com,ssb-global.smartadserver.com,request,2.6-202606,False,1,1,0
p003873,barcablaugranes.com,ssb-global.smartadserver.com,request,2.6-202606,False,1,1,0
p003874,barcablaugranes.com,ssb-global.smartadserver.com,request,2.6-202606,False,1,1,0
p003875,barcablaugranes.com,ssb-global.smartadserver.com,request,2.6-202606,False,1,1,0
p003876,barcablaugranes.com,ssb-global.smartadserver.com,request,2.6-202606,False,1,1,0
p003877,bibliaon.com,ssb-global.smartadserver.com,request,2.6-202606,False,2,2,0
p003878,barcablaugranes.com,ssb-global.smartadserver.com,request,2.6-202606,False,1,1,0
p003879,barcablaugranes.com,ssb-global.smartadserver.com,request,2.6-202606,False,1,1,0
p003880,barcablaugranes.com,ssb-global.smartadserver.com,request,2.6-202606,False,1,1,0
p003881,cityam.com,ssb-global.smartadserver.com,request,2.6-202606,False,2,2,0
p003882,cityam.com,ssb-global.smartadserver.com,request,2.6-202606,False,2,2,0
p003883,cityam.com,ssb-global.smartadserver.com,request,2.6-202606,False,2,2,0
p003884,cityam.com,ssb-global.smartadserver.com,request,2.6-202606,False,2,2,0
p003885,cityam.com,ssb-global.smartadserver.com,request,2.6-202606,False,2,2,0
p003886,cityam.com,ssb-global.smartadserver.com,request,2.6-202606,False,2,2,0
p003887,cityam.com,ssb-global.smartadserver.com,request,2.6-202606,False,2,2,0
p003888,cityam.com,ssb-global.smartadserver.com,request,2.6-202606,False,1,1,0
p003889,cityam.com,ssb-global.smartadserver.com,request,2.6-202606,False,1,1,0
p003890,cityam.com,ssb-global.smartadserver.com,request,2.6-202606,False,1,1,0
p003891,cityam.com,ssb-global.smartadserver.com,request,2.6-202606,False,1,1,0
p003892,cityam.com,ssb-global.smartadserver.com,request,2.6-202606,False,1,1,0
p003893,cityam.com,ssb-global.smartadserver.com,request,2.6-202606,False,1,1,0
p003894,cityam.com,ssb-global.smartadserver.com,request,2.6-202606,False,1,1,0
p003895,cityam.com,ssb-global.smartadserver.com,request,2.6-202606,False,1,1,0
p003896,cityam.com,ssb-global.smartadserver.com,request,2.6-202606,False,1,1,0
p003897,cityam.com,ssb-global.smartadserver.com,request,2.6-202606,False,1,1,0
p003898,cityam.com,ssb-global.smartadserver.com,request,2.6-202606,False,1,1,0
p003899,cityam.com,ssb-global.smartadserver.com,request,2.6-202606,False,1,1,0
p003900,cityam.com,ssb-global.smartadserver.com,request,2.6-202606,False,1,1,0
p003901,cityam.com,ssb-global.smartadserver.com,request,2.6-202606,False,1,1,0
p003902,cityam.com,ssb-global.smartadserver.com,request,2.6-202606,False,1,1,0
p003903,cityam.com,ssb-global.smartadserver.com,request,2.6-202606,False,1,1,0
p003904,cupofjo.com,ssb-global.smartadserver.com,request,2.6-202606,False,1,1,0
p003905,cupofjo.com,ssb-global.smartadserver.com,request,2.6-202606,False,1,1,0
p003906,cupofjo.com,ssb-global.smartadserver.com,request,2.6-202606,False,1,1,0
p003907,cupofjo.com,ssb-global.smartadserver.com,request,2.6-202606,False,1,1,0
p003908,cupofjo.com,ssb-global.smartadserver.com,request,2.6-202606,False,3,2,1
p003909,cupofjo.com,ssb-global.smartadserver.com,request,2.6-202606,False,3,2,1
p003910,elespectador.com,ssb-global.smartadserver.com,request,2.6-202606,False,3,3,0
p003911,elespectador.com,ssb-global.smartadserver.com,request,2.6-202606,False,3,3,0
p003912,elespectador.com,ssb-global.smartadserver.com,request,2.6-202606,False,4,3,1
p003913,elespectador.com,ssb-global.smartadserver.com,request,2.6-202606,False,4,3,1
p003914,elespectador.com,ssb-global.smartadserver.com,request,2.6-202606,False,3,3,0
p003915,elespectador.com,ssb-global.smartadserver.com,request,2.6-202606,False,3,3,0
p003916,elespectador.com,ssb-global.smartadserver.com,request,2.6-202606,False,4,3,1
p003917,elespectador.com,ssb-global.smartadserver.com,request,2.6-202606,False,4,3,1
p003918,elespectador.com,ssb-global.smartadserver.com,request,2.6-202606,False,3,3,0
p003919,elespectador.com,ssb-global.smartadserver.com,request,2.6-202606,False,3,3,0
p003920,elespectador.com,ssb-global.smartadserver.com,request,2.6-202606,False,4,3,1
p003921,elespectador.com,ssb-global.smartadserver.com,request,2.6-202606,False,4,3,1
p003922,haberler.com,ssb-global.smartadserver.com,request,2.6-202606,False,1,1,0
p003923,halfbakedharvest.com,ssb-global.smartadserver.com,request,2.6-202606,False,1,1,0
p003924,halfbakedharvest.com,ssb-global.smartadserver.com,request,2.6-202606,False,1,1,0
p003925,halfbakedharvest.com,ssb-global.smartadserver.com,request,2.6-202606,False,3,2,1
p003926,halfbakedharvest.com,ssb-global.smartadserver.com,request,2.6-202606,False,1,1,0
p003927,halfbakedharvest.com,ssb-global.smartadserver.com,request,2.6-202606,False,3,2,1
p003928,halfbakedharvest.com,ssb-global.smartadserver.com,request,2.6-202606,False,1,1,0
p003929,haberler.com,ssb-global.smartadserver.com,request,2.6-202606,False,1,1,0
p003930,haberler.com,ssb-global.smartadserver.com,request,2.6-202606,False,1,1,0
p003931,halfbakedharvest.com,ssb-global.smartadserver.com,request,2.6-202606,False,1,1,0
p003932,halfbakedharvest.com,ssb-global.smartadserver.com,request,2.6-202606,False,1,1,0
p003933,halfbakedharvest.com,ssb-global.smartadserver.com,request,2.6-202606,False,3,2,1
p003934,haberler.com,ssb-global.smartadserver.com,request,2.6-202606,False,1,1,0
p003935,halfbakedharvest.com,ssb-global.smartadserver.com,request,2.6-202606,False,3,2,1
p003936,iheart.com,ssb-global.smartadserver.com,request,2.6-202606,False,1,1,0
p003937,iheart.com,ssb-global.smartadserver.com,request,2.6-202606,False,1,1,0
p003938,iheart.com,ssb-global.smartadserver.com,request,2.6-202606,False,1,1,0
p003939,nesn.com,ssb-global.smartadserver.com,request,2.6-202606,False,1,1,0
p003940,nesn.com,ssb-global.smartadserver.com,request,2.6-202606,False,1,1,0
p003941,nesn.com,ssb-global.smartadserver.com,request,2.6-202606,False,1,1,0
p003942,nesn.com,ssb-global.smartadserver.com,request,2.6-202606,False,1,1,0
p003943,nesn.com,ssb-global.smartadserver.com,request,2.6-202606,False,1,1,0
p003944,outsideonline.com,ssb-global.smartadserver.com,request,2.6-202606,False,2,2,0
p003945,outsideonline.com,ssb-global.smartadserver.com,request,2.6-202606,False,2,2,0
p003946,outsideonline.com,ssb-global.smartadserver.com,request,2.6-202606,False,2,2,0
p003947,outsideonline.com,ssb-global.smartadserver.com,request,2.6-202606,False,2,2,0
p003948,outsideonline.com,ssb-global.smartadserver.com,request,2.6-202606,False,2,2,0
p003949,outsideonline.com,ssb-global.smartadserver.com,request,2.6-202606,False,2,2,0
p003950,outsideonline.com,ssb-global.smartadserver.com,request,2.6-202606,False,2,2,0
p003951,outsideonline.com,ssb-global.smartadserver.com,request,2.6-202606,False,2,2,0
p003952,outsideonline.com,ssb-global.smartadserver.com,request,2.6-202606,False,2,2,0
p003953,outsideonline.com,ssb-global.smartadserver.com,request,2.6-202606,False,2,2,0
p003954,outsideonline.com,ssb-global.smartadserver.com,request,2.6-202606,False,2,2,0
p003955,outsideonline.com,ssb-global.smartadserver.com,request,2.6-202606,False,2,2,0
p003956,outsideonline.com,ssb-global.smartadserver.com,request,2.6-202606,False,2,2,0
p003957,outsideonline.com,ssb-global.smartadserver.com,request,2.6-202606,False,2,2,0
p003958,outsideonline.com,ssb-global.smartadserver.com,request,2.6-202606,False,2,2,0
p003959,outsideonline.com,ssb-global.smartadserver.com,request,2.6-202606,False,2,2,0
p003960,philstar.com,ssb-global.smartadserver.com,request,2.6-202606,False,1,1,0
p003961,philstar.com,ssb-global.smartadserver.com,request,2.6-202606,False,1,1,0
p003962,philstar.com,ssb-global.smartadserver.com,request,2.6-202606,False,1,1,0
p003963,philstar.com,ssb-global.smartadserver.com,request,2.6-202606,False,1,1,0
p003964,philstar.com,ssb-global.smartadserver.com,request,2.6-202606,False,1,1,0
p003965,philstar.com,ssb-global.smartadserver.com,request,2.6-202606,False,1,1,0
p003966,philstar.com,ssb-global.smartadserver.com,request,2.6-202606,False,1,1,0
p003967,philstar.com,ssb-global.smartadserver.com,request,2.6-202606,False,1,1,0
p003968,philstar.com,ssb-global.smartadserver.com,request,2.6-202606,False,1,1,0
p003969,philstar.com,ssb-global.smartadserver.com,request,2.6-202606,False,1,1,0
p003970,prosport.ro,ssb-global.smartadserver.com,request,2.6-202606,False,2,2,0
p003971,prosport.ro,ssb-global.smartadserver.com,request,2.6-202606,False,2,2,0
p003972,prosport.ro,ssb-global.smartadserver.com,request,2.6-202606,False,2,2,0
p003973,prosport.ro,ssb-global.smartadserver.com,request,2.6-202606,False,2,2,0
p003974,prosport.ro,ssb-global.smartadserver.com,request,2.6-202606,False,2,2,0
p003975,prosport.ro,ssb-global.smartadserver.com,request,2.6-202606,False,2,2,0
p003976,prosport.ro,ssb-global.smartadserver.com,request,2.6-202606,False,2,2,0
p003977,prosport.ro,ssb-global.smartadserver.com,request,2.6-202606,False,2,2,0
p003978,prosport.ro,ssb-global.smartadserver.com,request,2.6-202606,False,2,2,0
p003979,prosport.ro,ssb-global.smartadserver.com,request,2.6-202606,False,2,2,0
p003980,prosport.ro,ssb-global.smartadserver.com,request,2.6-202606,False,2,2,0
p003981,prosport.ro,ssb-global.smartadserver.com,request,2.6-202606,False,2,2,0
p003982,ranker.com,ssb-global.smartadserver.com,request,2.6-202606,False,1,1,0
p003983,quasarzone.com,ssb-global.smartadserver.com,request,2.6-202606,False,2,1,1
p003984,realtimetrains.co.uk,ssb-global.smartadserver.com,request,2.6-202606,False,1,1,0
p003985,realtimetrains.co.uk,ssb-global.smartadserver.com,request,2.6-202606,False,1,1,0
p003986,realtimetrains.co.uk,ssb-global.smartadserver.com,request,2.6-202606,False,1,1,0
p003987,salon.com,ssb-global.smartadserver.com,request,2.6-202606,False,1,1,0
p003988,salon.com,ssb-global.smartadserver.com,request,2.6-202606,False,1,1,0
p003989,socialblade.com,ssb-global.smartadserver.com,request,2.6-202606,False,2,2,0
p003990,socialblade.com,ssb-global.smartadserver.com,request,2.6-202606,False,2,2,0
p003991,socialblade.com,ssb-global.smartadserver.com,request,2.6-202606,False,2,2,0
p003992,socialblade.com,ssb-global.smartadserver.com,request,2.6-202606,False,2,2,0
p003993,socialblade.com,ssb-global.smartadserver.com,request,2.6-202606,False,2,2,0
p003994,socialblade.com,ssb-global.smartadserver.com,request,2.6-202606,False,2,2,0
p003995,socialblade.com,ssb-global.smartadserver.com,request,2.6-202606,False,4,3,1
p003996,salon.com,ssb-global.smartadserver.com,request,2.6-202606,False,1,1,0
p003997,salon.com,ssb-global.smartadserver.com,request,2.6-202606,False,1,1,0
p003998,salon.com,ssb-global.smartadserver.com,request,2.6-202606,False,1,1,0
p003999,salon.com,ssb-global.smartadserver.com,request,2.6-202606,False,3,2,1
p004000,salon.com,ssb-global.smartadserver.com,request,2.6-202606,False,1,1,0
p004001,salon.com,ssb-global.smartadserver.com,request,2.6-202606,False,3,2,1
p004002,salon.com,ssb-global.smartadserver.com,request,2.6-202606,False,1,1,0
p004003,salon.com,ssb-global.smartadserver.com,request,2.6-202606,False,3,2,1
p004004,salon.com,ssb-global.smartadserver.com,request,2.6-202606,False,1,1,0
p004005,salon.com,ssb-global.smartadserver.com,request,2.6-202606,False,1,1,0
p004006,salon.com,ssb-global.smartadserver.com,request,2.6-202606,False,1,1,0
p004007,salon.com,ssb-global.smartadserver.com,request,2.6-202606,False,1,1,0
p004008,salon.com,ssb-global.smartadserver.com,request,2.6-202606,False,1,1,0
p004009,salon.com,ssb-global.smartadserver.com,request,2.6-202606,False,3,2,1
p004010,salon.com,ssb-global.smartadserver.com,request,2.6-202606,False,3,2,1
p004011,salon.com,ssb-global.smartadserver.com,request,2.6-202606,False,1,1,0
p004012,salon.com,ssb-global.smartadserver.com,request,2.6-202606,False,3,2,1
p004013,salon.com,ssb-global.smartadserver.com,request,2.6-202606,False,3,2,1
p004014,sozcu.com.tr,ssb-global.smartadserver.com,request,2.6-202606,False,1,1,0
p004015,sozcu.com.tr,ssb-global.smartadserver.com,request,2.6-202606,False,2,1,1
p004016,sozcu.com.tr,ssb-global.smartadserver.com,request,2.6-202606,False,1,1,0
p004017,sozcu.com.tr,ssb-global.smartadserver.com,request,2.6-202606,False,2,1,1
p004018,sozcu.com.tr,ssb-global.smartadserver.com,request,2.6-202606,False,1,1,0
p004019,sozcu.com.tr,ssb-global.smartadserver.com,request,2.6-202606,False,2,1,1
p004020,sozcu.com.tr,ssb-global.smartadserver.com,request,2.6-202606,False,2,2,0
p004021,sozcu.com.tr,ssb-global.smartadserver.com,request,2.6-202606,False,3,2,1
p004022,tio.ch,ssb-global.smartadserver.com,request,2.6-202606,False,3,3,0
p004023,tio.ch,ssb-global.smartadserver.com,request,2.6-202606,False,3,3,0
p004024,tio.ch,ssb-global.smartadserver.com,request,2.6-202606,False,3,3,0
p004025,tio.ch,ssb-global.smartadserver.com,request,2.6-202606,False,3,3,0
p004026,upi.com,ssb-global.smartadserver.com,request,2.6-202606,False,3,3,0
p004027,upi.com,ssb-global.smartadserver.com,request,2.6-202606,False,3,3,0
p004028,upi.com,ssb-global.smartadserver.com,request,2.6-202606,False,3,3,0
p004029,upi.com,ssb-global.smartadserver.com,request,2.6-202606,False,3,3,0
p004030,upi.com,ssb-global.smartadserver.com,request,2.6-202606,False,3,3,0
p004031,upi.com,ssb-global.smartadserver.com,request,2.6-202606,False,3,3,0
p004032,upi.com,ssb-global.smartadserver.com,request,2.6-202606,False,3,3,0
p004033,upi.com,ssb-global.smartadserver.com,request,2.6-202606,False,3,3,0
p004034,upi.com,ssb-global.smartadserver.com,request,2.6-202606,False,3,3,0
p004035,upi.com,ssb-global.smartadserver.com,request,2.6-202606,False,3,3,0
p004036,upi.com,ssb-global.smartadserver.com,request,2.6-202606,False,3,3,0
p004037,upi.com,ssb-global.smartadserver.com,request,2.6-202606,False,3,3,0
p004038,upi.com,ssb-global.smartadserver.com,request,2.6-202606,False,3,3,0
p004039,upi.com,ssb-global.smartadserver.com,request,2.6-202606,False,3,3,0
p004040,vice.com,ssb-global.smartadserver.com,request,2.6-202606,False,2,2,0
p004041,vice.com,ssb-global.smartadserver.com,request,2.6-202606,False,2,2,0
p004042,vice.com,ssb-global.smartadserver.com,request,2.6-202606,False,2,2,0
p004043,vice.com,ssb-global.smartadserver.com,request,2.6-202606,False,2,2,0
p004044,webdesignerdepot.com,ssb-global.smartadserver.com,request,2.6-202606,False,1,1,0
p004045,webdesignerdepot.com,ssb-global.smartadserver.com,request,2.6-202606,False,3,2,1
p004046,webdesignerdepot.com,ssb-global.smartadserver.com,request,2.6-202606,False,1,1,0
p004047,webdesignerdepot.com,ssb-global.smartadserver.com,request,2.6-202606,False,3,2,1
p004048,webdesignerdepot.com,ssb-global.smartadserver.com,request,2.6-202606,False,1,1,0
p004049,webdesignerdepot.com,ssb-global.smartadserver.com,request,2.6-202606,False,3,2,1
p004050,webdesignerdepot.com,ssb-global.smartadserver.com,request,2.6-202606,False,3,2,1
p004051,webdesignerdepot.com,ssb-global.smartadserver.com,request,2.6-202606,False,3,2,1
p004052,webdesignerdepot.com,ssb-global.smartadserver.com,request,2.6-202606,False,3,2,1
p004053,webdesignerdepot.com,ssb-global.smartadserver.com,request,2.6-202606,False,1,1,0
p004054,webdesignerdepot.com,ssb-global.smartadserver.com,request,2.6-202606,False,1,1,0
p004055,webdesignerdepot.com,ssb-global.smartadserver.com,request,2.6-202606,False,3,2,1
p004056,webdesignerdepot.com,ssb-global.smartadserver.com,request,2.6-202606,False,1,1,0
p004057,webdesignerdepot.com,ssb-global.smartadserver.com,request,2.6-202606,False,3,2,1
p004058,webdesignerdepot.com,ssb-global.smartadserver.com,request,2.6-202606,False,1,1,0
p004059,webdesignerdepot.com,ssb-global.smartadserver.com,request,2.6-202606,False,1,1,0
p004060,webdesignerdepot.com,ssb-global.smartadserver.com,request,2.6-202606,False,1,1,0
p004061,webdesignerdepot.com,ssb-global.smartadserver.com,request,2.6-202606,False,3,2,1
p004062,webdesignerdepot.com,ssb-global.smartadserver.com,request,2.6-202606,False,3,2,1
p004063,webdesignerdepot.com,ssb-global.smartadserver.com,request,2.6-202606,False,3,2,1
p004064,webdesignerdepot.com,ssb-global.smartadserver.com,request,2.6-202606,False,3,2,1
p004065,webdesignerdepot.com,ssb-global.smartadserver.com,request,2.6-202606,False,3,2,1
p004066,cycletrader.com,ssc.33across.com,request,2.6-202606,False,1,1,0
p004067,cycletrader.com,ssc.33across.com,request,2.6-202606,False,1,1,0
p004068,cycletrader.com,ssc.33across.com,request,2.6-202606,False,1,1,0
p004069,cycletrader.com,ssc.33across.com,request,2.6-202606,False,1,1,0
p004070,cycletrader.com,ssc.33across.com,request,2.6-202606,False,1,1,0
p004071,cycletrader.com,ssc.33across.com,request,2.6-202606,False,1,1,0
p004072,cycletrader.com,ssc.33across.com,request,2.6-202606,False,1,1,0
p004073,cycletrader.com,ssc.33across.com,request,2.6-202606,False,1,1,0
p004074,cycletrader.com,ssc.33across.com,request,2.6-202606,False,1,1,0
p004075,iheart.com,ssc.33across.com,request,2.6-202606,False,3,2,1
p004076,iheart.com,ssc.33across.com,request,2.6-202606,False,3,2,1
p004077,iheart.com,ssc.33across.com,request,2.6-202606,False,1,1,0
p004078,nationaltoday.com,ssc.33across.com,request,2.6-202606,False,1,1,0
p004079,nationaltoday.com,ssc.33across.com,request,2.6-202606,False,1,1,0
p004080,nationaltoday.com,ssc.33across.com,request,2.6-202606,False,1,1,0
p004081,nationaltoday.com,ssc.33across.com,request,2.6-202606,False,1,1,0
p004082,nationaltoday.com,ssc.33across.com,request,2.6-202606,False,1,1,0
p004083,nationaltoday.com,ssc.33across.com,request,2.6-202606,False,1,1,0
p004084,nationaltoday.com,ssc.33across.com,request,2.6-202606,False,1,1,0
p004085,nationaltoday.com,ssc.33across.com,request,2.6-202606,False,1,1,0
p004086,zeldadungeon.net,ssc.33across.com,request,2.6-202606,False,1,1,0
p004087,cycletrader.com,ssc.33across.com,response,2.6-202606,False,1,1,0
p004088,cycletrader.com,ssc.33across.com,response,2.6-202606,False,1,1,0
p004089,cycletrader.com,ssc.33across.com,response,2.6-202606,False,1,1,0
p004090,cycletrader.com,ssc.33across.com,response,2.6-202606,True,1,0,1
p004091,cycletrader.com,ssc.33across.com,response,2.6-202606,False,1,1,0
p004092,cycletrader.com,ssc.33across.com,response,2.6-202606,False,1,1,0
p004093,cycletrader.com,ssc.33across.com,response,2.6-202606,True,1,0,1
p004094,cycletrader.com,ssc.33across.com,response,2.6-202606,False,1,1,0
p004095,cycletrader.com,ssc.33across.com,response,2.6-202606,True,1,0,1
p004096,iheart.com,ssc.33across.com,response,2.6-202606,False,1,1,0
p004097,iheart.com,ssc.33across.com,response,2.6-202606,False,1,1,0
p004098,iheart.com,ssc.33across.com,response,2.6-202606,False,1,1,0
p004099,nationaltoday.com,ssc.33across.com,response,2.6-202606,False,1,1,0
p004100,nationaltoday.com,ssc.33across.com,response,2.6-202606,False,1,1,0
p004101,nationaltoday.com,ssc.33across.com,response,2.6-202606,True,0,0,0
p004102,nationaltoday.com,ssc.33across.com,response,2.6-202606,False,1,1,0
p004103,nationaltoday.com,ssc.33across.com,response,2.6-202606,False,1,1,0
p004104,nationaltoday.com,ssc.33across.com,response,2.6-202606,False,1,1,0
p004105,nationaltoday.com,ssc.33across.com,response,2.6-202606,False,1,1,0
p004106,nationaltoday.com,ssc.33across.com,response,2.6-202606,False,1,1,0
p004107,zeldadungeon.net,ssc.33across.com,response,2.6-202606,False,1,1,0
p004108,csfd.cz,ssp.seznam.cz,request,2.6-202606,False,3,3,0
p004109,csfd.cz,ssp.seznam.cz,request,2.6-202606,False,4,4,0
p004110,csfd.cz,ssp.seznam.cz,response,2.6-202606,True,1,0,1
p004111,chicagotribune.com,ssp.wknd.ai,request,2.6-202606,False,4,3,1
p004112,chicagotribune.com,ssp.wknd.ai,request,2.6-202606,False,3,3,0
p004113,chicagotribune.com,ssp.wknd.ai,request,2.6-202606,False,3,3,0
p004114,chicagotribune.com,ssp.wknd.ai,request,2.6-202606,False,3,3,0
p004115,chicagotribune.com,ssp.wknd.ai,request,2.6-202606,False,4,3,1
p004116,chicagotribune.com,ssp.wknd.ai,request,2.6-202606,False,3,3,0
p004117,cityam.com,ssp.wknd.ai,request,2.6-202606,False,4,3,1
p004118,cityam.com,ssp.wknd.ai,request,2.6-202606,False,3,3,0
p004119,cityam.com,ssp.wknd.ai,request,2.6-202606,False,4,3,1
p004120,cityam.com,ssp.wknd.ai,request,2.6-202606,False,3,3,0
p004121,pilotonline.com,ssp.wknd.ai,request,2.6-202606,False,4,3,1
p004122,pilotonline.com,ssp.wknd.ai,request,2.6-202606,False,3,3,0
p004123,pilotonline.com,ssp.wknd.ai,request,2.6-202606,False,3,3,0
p004124,pilotonline.com,ssp.wknd.ai,request,2.6-202606,False,3,3,0
p004125,pilotonline.com,ssp.wknd.ai,request,2.6-202606,False,4,3,1
p004126,pilotonline.com,ssp.wknd.ai,request,2.6-202606,False,3,3,0
p004127,pilotonline.com,ssp.wknd.ai,request,2.6-202606,False,3,3,0
p004128,pilotonline.com,ssp.wknd.ai,request,2.6-202606,False,3,3,0
p004129,rawstory.com,ssp.wknd.ai,request,2.6-202606,False,3,3,0
p004130,rawstory.com,ssp.wknd.ai,request,2.6-202606,False,3,3,0
p004131,rawstory.com,ssp.wknd.ai,request,2.6-202606,False,3,3,0
p004132,rawstory.com,ssp.wknd.ai,request,2.6-202606,False,3,3,0
p004133,rawstory.com,ssp.wknd.ai,request,2.6-202606,False,3,3,0
p004134,rawstory.com,ssp.wknd.ai,request,2.6-202606,False,3,3,0
p004135,rawstory.com,ssp.wknd.ai,request,2.6-202606,False,3,3,0
p004136,rawstory.com,ssp.wknd.ai,request,2.6-202606,False,3,3,0
p004137,rawstory.com,ssp.wknd.ai,request,2.6-202606,False,3,3,0
p004138,rawstory.com,ssp.wknd.ai,request,2.6-202606,False,3,3,0
p004139,rawstory.com,ssp.wknd.ai,request,2.6-202606,False,3,3,0
p004140,thesun.ie,ssp.wknd.ai,request,2.6-202606,False,4,3,1
p004141,thesun.ie,ssp.wknd.ai,request,2.6-202606,False,3,3,0
p004142,csfd.cz,ssp.wp.pl,request,2.6-202606,False,2,2,0
p004143,csfd.cz,ssp.wp.pl,request,2.6-202606,False,2,2,0
p004144,falstaff.com,ssp.wp.pl,request,2.6-202606,False,2,2,0
p004145,prosport.ro,ssp.wp.pl,request,2.6-202606,False,2,2,0
p004146,prosport.ro,ssp.wp.pl,request,2.6-202606,False,2,2,0
p004147,falstaff.com,t.visx.net,request,2.6-202606,False,1,1,0
p004148,cupofjo.com,web.ads.aps.amazon-adsystem.com,request,2.6-202606,True,0,0,0
p004149,cupofjo.com,web.ads.aps.amazon-adsystem.com,request,2.6-202606,True,0,0,0
p004150,cupofjo.com,web.ads.aps.amazon-adsystem.com,request,2.6-202606,True,0,0,0
p004151,cupofjo.com,web.ads.aps.amazon-adsystem.com,request,2.6-202606,True,0,0,0
p004152,cupofjo.com,web.ads.aps.amazon-adsystem.com,request,2.6-202606,False,2,1,1
p004153,cupofjo.com,web.ads.aps.amazon-adsystem.com,request,2.6-202606,False,2,1,1
p004154,giantfreakinrobot.com,web.ads.aps.amazon-adsystem.com,request,2.6-202606,True,0,0,0
p004155,giantfreakinrobot.com,web.ads.aps.amazon-adsystem.com,request,2.6-202606,False,2,1,1
p004156,giantfreakinrobot.com,web.ads.aps.amazon-adsystem.com,request,2.6-202606,True,0,0,0
p004157,giantfreakinrobot.com,web.ads.aps.amazon-adsystem.com,request,2.6-202606,True,0,0,0
p004158,halfbakedharvest.com,web.ads.aps.amazon-adsystem.com,request,2.6-202606,True,0,0,0
p004159,halfbakedharvest.com,web.ads.aps.amazon-adsystem.com,request,2.6-202606,True,0,0,0
p004160,halfbakedharvest.com,web.ads.aps.amazon-adsystem.com,request,2.6-202606,False,2,1,1
p004161,halfbakedharvest.com,web.ads.aps.amazon-adsystem.com,request,2.6-202606,False,2,1,1
p004162,halfbakedharvest.com,web.ads.aps.amazon-adsystem.com,request,2.6-202606,True,0,0,0
p004163,haberler.com,web.ads.aps.amazon-adsystem.com,request,2.6-202606,False,6,5,1
p004164,halfbakedharvest.com,web.ads.aps.amazon-adsystem.com,request,2.6-202606,True,0,0,0
p004165,halfbakedharvest.com,web.ads.aps.amazon-adsystem.com,request,2.6-202606,True,0,0,0
p004166,halfbakedharvest.com,web.ads.aps.amazon-adsystem.com,request,2.6-202606,False,2,1,1
p004167,halfbakedharvest.com,web.ads.aps.amazon-adsystem.com,request,2.6-202606,False,2,1,1
p004168,nintendoeverything.com,web.ads.aps.amazon-adsystem.com,request,2.6-202606,False,2,1,1
p004169,nintendoeverything.com,web.ads.aps.amazon-adsystem.com,request,2.6-202606,False,6,3,3
p004170,nintendoeverything.com,web.ads.aps.amazon-adsystem.com,request,2.6-202606,False,2,1,1
p004171,nintendoeverything.com,web.ads.aps.amazon-adsystem.com,request,2.6-202606,False,2,1,1
p004172,nintendoeverything.com,web.ads.aps.amazon-adsystem.com,request,2.6-202606,False,4,2,2
p004173,nintendoeverything.com,web.ads.aps.amazon-adsystem.com,request,2.6-202606,False,2,1,1
p004174,nintendoeverything.com,web.ads.aps.amazon-adsystem.com,request,2.6-202606,True,1,0,1
p004175,nintendoeverything.com,web.ads.aps.amazon-adsystem.com,request,2.6-202606,False,2,1,1
p004176,nintendoeverything.com,web.ads.aps.amazon-adsystem.com,request,2.6-202606,True,1,0,1
p004177,realtimetrains.co.uk,web.ads.aps.amazon-adsystem.com,request,2.6-202606,True,0,0,0
p004178,salon.com,web.ads.aps.amazon-adsystem.com,request,2.6-202606,True,0,0,0
p004179,salon.com,web.ads.aps.amazon-adsystem.com,request,2.6-202606,True,0,0,0
p004180,socialblade.com,web.ads.aps.amazon-adsystem.com,request,2.6-202606,False,9,8,1
p004181,salon.com,web.ads.aps.amazon-adsystem.com,request,2.6-202606,True,0,0,0
p004182,salon.com,web.ads.aps.amazon-adsystem.com,request,2.6-202606,True,0,0,0
p004183,salon.com,web.ads.aps.amazon-adsystem.com,request,2.6-202606,True,0,0,0
p004184,salon.com,web.ads.aps.amazon-adsystem.com,request,2.6-202606,False,2,1,1
p004185,salon.com,web.ads.aps.amazon-adsystem.com,request,2.6-202606,True,0,0,0
p004186,salon.com,web.ads.aps.amazon-adsystem.com,request,2.6-202606,False,2,1,1
p004187,salon.com,web.ads.aps.amazon-adsystem.com,request,2.6-202606,False,2,1,1
p004188,salon.com,web.ads.aps.amazon-adsystem.com,request,2.6-202606,True,0,0,0
p004189,salon.com,web.ads.aps.amazon-adsystem.com,request,2.6-202606,True,0,0,0
p004190,salon.com,web.ads.aps.amazon-adsystem.com,request,2.6-202606,True,0,0,0
p004191,salon.com,web.ads.aps.amazon-adsystem.com,request,2.6-202606,True,0,0,0
p004192,salon.com,web.ads.aps.amazon-adsystem.com,request,2.6-202606,True,0,0,0
p004193,salon.com,web.ads.aps.amazon-adsystem.com,request,2.6-202606,False,2,1,1
p004194,salon.com,web.ads.aps.amazon-adsystem.com,request,2.6-202606,False,2,1,1
p004195,salon.com,web.ads.aps.amazon-adsystem.com,request,2.6-202606,True,0,0,0
p004196,salon.com,web.ads.aps.amazon-adsystem.com,request,2.6-202606,False,2,1,1
p004197,salon.com,web.ads.aps.amazon-adsystem.com,request,2.6-202606,False,2,1,1
p004198,vice.com,web.ads.aps.amazon-adsystem.com,request,2.6-202606,False,3,3,0
p004199,vice.com,web.ads.aps.amazon-adsystem.com,request,2.6-202606,False,2,2,0
p004200,webdesignerdepot.com,web.ads.aps.amazon-adsystem.com,request,2.6-202606,True,0,0,0
p004201,webdesignerdepot.com,web.ads.aps.amazon-adsystem.com,request,2.6-202606,False,2,1,1
p004202,webdesignerdepot.com,web.ads.aps.amazon-adsystem.com,request,2.6-202606,False,2,1,1
p004203,webdesignerdepot.com,web.ads.aps.amazon-adsystem.com,request,2.6-202606,True,0,0,0
p004204,webdesignerdepot.com,web.ads.aps.amazon-adsystem.com,request,2.6-202606,False,2,1,1
p004205,webdesignerdepot.com,web.ads.aps.amazon-adsystem.com,request,2.6-202606,False,2,1,1
p004206,webdesignerdepot.com,web.ads.aps.amazon-adsystem.com,request,2.6-202606,False,2,1,1
p004207,webdesignerdepot.com,web.ads.aps.amazon-adsystem.com,request,2.6-202606,False,2,1,1
p004208,webdesignerdepot.com,web.ads.aps.amazon-adsystem.com,request,2.6-202606,True,0,0,0
p004209,webdesignerdepot.com,web.ads.aps.amazon-adsystem.com,request,2.6-202606,True,0,0,0
p004210,webdesignerdepot.com,web.ads.aps.amazon-adsystem.com,request,2.6-202606,False,2,1,1
p004211,webdesignerdepot.com,web.ads.aps.amazon-adsystem.com,request,2.6-202606,False,2,1,1
p004212,webdesignerdepot.com,web.ads.aps.amazon-adsystem.com,request,2.6-202606,True,0,0,0
p004213,webdesignerdepot.com,web.ads.aps.amazon-adsystem.com,request,2.6-202606,True,0,0,0
p004214,webdesignerdepot.com,web.ads.aps.amazon-adsystem.com,request,2.6-202606,False,2,1,1
p004215,webdesignerdepot.com,web.ads.aps.amazon-adsystem.com,request,2.6-202606,False,2,1,1
p004216,webdesignerdepot.com,web.ads.aps.amazon-adsystem.com,request,2.6-202606,False,2,1,1
p004217,webdesignerdepot.com,web.ads.aps.amazon-adsystem.com,request,2.6-202606,False,2,1,1
p004218,webdesignerdepot.com,web.ads.aps.amazon-adsystem.com,request,2.6-202606,False,2,1,1
p004219,cupofjo.com,web.ads.aps.amazon-adsystem.com,response,2.6-202606,True,0,0,0
p004220,nintendoeverything.com,web.ads.aps.amazon-adsystem.com,response,2.6-202606,True,1,0,1
p004221,nintendoeverything.com,web.ads.aps.amazon-adsystem.com,response,2.6-202606,True,1,0,1
p004222,autoguide.com,web.hb.ad.cpe.dotomi.com,request,2.6-202606,False,1,1,0
p004223,autoguide.com,web.hb.ad.cpe.dotomi.com,request,2.6-202606,False,1,1,0
p004224,autoguide.com,web.hb.ad.cpe.dotomi.com,request,2.6-202606,False,1,1,0
p004225,autoguide.com,web.hb.ad.cpe.dotomi.com,request,2.6-202606,False,1,1,0
p004226,autoguide.com,web.hb.ad.cpe.dotomi.com,request,2.6-202606,False,1,1,0
p004227,autoguide.com,web.hb.ad.cpe.dotomi.com,request,2.6-202606,False,1,1,0
p004228,autoguide.com,web.hb.ad.cpe.dotomi.com,request,2.6-202606,False,1,1,0
p004229,autoguide.com,web.hb.ad.cpe.dotomi.com,request,2.6-202606,False,1,1,0
p004230,autoguide.com,web.hb.ad.cpe.dotomi.com,request,2.6-202606,False,1,1,0
p004231,autoguide.com,web.hb.ad.cpe.dotomi.com,request,2.6-202606,False,1,1,0
p004232,autoguide.com,web.hb.ad.cpe.dotomi.com,request,2.6-202606,False,1,1,0
p004233,autoguide.com,web.hb.ad.cpe.dotomi.com,request,2.6-202606,False,1,1,0
p004234,autoguide.com,web.hb.ad.cpe.dotomi.com,request,2.6-202606,False,1,1,0
p004235,autoguide.com,web.hb.ad.cpe.dotomi.com,request,2.6-202606,False,1,1,0
p004236,autoguide.com,web.hb.ad.cpe.dotomi.com,request,2.6-202606,False,1,1,0
p004237,oneindia.com,web.hb.ad.cpe.dotomi.com,request,2.6-202606,False,1,1,0
p004238,oneindia.com,web.hb.ad.cpe.dotomi.com,request,2.6-202606,False,1,1,0
p004239,oneindia.com,web.hb.ad.cpe.dotomi.com,request,2.6-202606,False,1,1,0
p004240,oneindia.com,web.hb.ad.cpe.dotomi.com,request,2.6-202606,False,1,1,0
p004241,montgomeryadvertiser.com,www.montgomeryadvertiser.com,request,2.6-202606,True,0,0,0
p004242,montgomeryadvertiser.com,www.montgomeryadvertiser.com,request,2.6-202606,True,0,0,0
p004243,montgomeryadvertiser.com,www.montgomeryadvertiser.com,request,2.6-202606,True,0,0,0
p004244,montgomeryadvertiser.com,www.montgomeryadvertiser.com,request,2.6-202606,True,0,0,0
p004245,montgomeryadvertiser.com,www.montgomeryadvertiser.com,request,2.6-202606,True,0,0,0
p004246,montgomeryadvertiser.com,www.montgomeryadvertiser.com,request,2.6-202606,True,0,0,0
p004247,montgomeryadvertiser.com,www.montgomeryadvertiser.com,response,2.6-202606,True,2,0,2
p004248,montgomeryadvertiser.com,www.montgomeryadvertiser.com,response,2.6-202606,True,1,0,1
p004249,tennessean.com,www.tennessean.com,request,2.6-202606,True,0,0,0
p004250,tennessean.com,www.tennessean.com,request,2.6-202606,True,0,0,0
p004251,tennessean.com,www.tennessean.com,response,2.6-202606,True,2,0,2
p004252,tennessean.com,www.tennessean.com,response,2.6-202606,True,0,0,0
p004253,haberler.com,yandex.com,request,2.6-202606,False,1,1,0
p004254,haberler.com,yandex.com,request,2.6-202606,False,1,1,0
p004255,haberler.com,yandex.com,request,2.6-202606,False,1,1,0
p004256,haberler.com,yandex.com,request,2.6-202606,False,1,1,0
p004257,haberler.com,yandex.com,request,2.6-202606,False,1,1,0
p004258,haberler.com,yandex.com,request,2.6-202606,False,1,1,0
p004259,haberler.com,yandex.com,request,2.6-202606,False,1,1,0
p004260,haberler.com,yandex.com,request,2.6-202606,False,1,1,0
p004261,haberler.com,yandex.com,request,2.6-202606,False,1,1,0
p004262,haberler.com,yandex.com,request,2.6-202606,False,1,1,0
p004263,haberler.com,yandex.com,request,2.6-202606,False,1,1,0
p004264,sozcu.com.tr,yandex.com,request,2.6-202606,True,0,0,0
p004265,sozcu.com.tr,yandex.com,request,2.6-202606,True,0,0,0
p004266,sozcu.com.tr,yandex.com,request,2.6-202606,True,0,0,0
p004267,sozcu.com.tr,yandex.com,request,2.6-202606,True,0,0,0
p004268,sozcu.com.tr,yandex.com,request,2.6-202606,True,0,0,0
p004269,sozcu.com.tr,yandex.com,request,2.6-202606,True,0,0,0
p004270,sozcu.com.tr,yandex.com,request,2.6-202606,True,0,0,0
p004271,sozcu.com.tr,yandex.com,request,2.6-202606,True,0,0,0
p004272,sozcu.com.tr,yandex.com,request,2.6-202606,True,0,0,0
p004273,sozcu.com.tr,yandex.com,request,2.6-202606,True,0,0,0
p004274,sozcu.com.tr,yandex.com,request,2.6-202606,True,0,0,0
p004275,sozcu.com.tr,yandex.com,request,2.6-202606,True,0,0,0
p004276,sozcu.com.tr,yandex.com,request,2.6-202606,True,0,0,0
p004277,sozcu.com.tr,yandex.com,request,2.6-202606,True,0,0,0
p004278,sozcu.com.tr,yandex.com,request,2.6-202606,True,0,0,0
p004279,sozcu.com.tr,yandex.com,request,2.6-202606,True,0,0,0
p004280,sozcu.com.tr,yandex.com,request,2.6-202606,False,1,1,0
p004281,futbol-11.com,zz43159sni.pub.tappx.com,request,2.6-202606,False,4,4,0
